percentage_overlap	tp	gs_count	pp	target	grn	net	n_top	dataset	method	xai_method	hidden_layer_size	n_hidden_layers	dropout	model	background	raw
0.0	0	154	69	on_target	net_84_10865	0	0.001	net_84_10865_net_88_10937_net_90_11013	GradientShap_64_1_0.1_NegativeBinomialAutoencoder_zeros_False	GradientShap	64	1	0.1	NegativeBinomialAutoencoder	zeros	False
0.0129870129870129	2	154	686	on_target	net_84_10865	0	0.01	net_84_10865_net_88_10937_net_90_11013	GradientShap_64_1_0.1_NegativeBinomialAutoencoder_zeros_False	GradientShap	64	1	0.1	NegativeBinomialAutoencoder	zeros	False
0.0909090909090909	14	154	3432	on_target	net_84_10865	0	0.05	net_84_10865_net_88_10937_net_90_11013	GradientShap_64_1_0.1_NegativeBinomialAutoencoder_zeros_False	GradientShap	64	1	0.1	NegativeBinomialAutoencoder	zeros	False
0.1493506493506493	23	154	6864	on_target	net_84_10865	0	0.1	net_84_10865_net_88_10937_net_90_11013	GradientShap_64_1_0.1_NegativeBinomialAutoencoder_zeros_False	GradientShap	64	1	0.1	NegativeBinomialAutoencoder	zeros	False
0.3766233766233766	58	154	13729	on_target	net_84_10865	0	0.2	net_84_10865_net_88_10937_net_90_11013	GradientShap_64_1_0.1_NegativeBinomialAutoencoder_zeros_False	GradientShap	64	1	0.1	NegativeBinomialAutoencoder	zeros	False
0.461038961038961	71	154	17161	on_target	net_84_10865	0	0.25	net_84_10865_net_88_10937_net_90_11013	GradientShap_64_1_0.1_NegativeBinomialAutoencoder_zeros_False	GradientShap	64	1	0.1	NegativeBinomialAutoencoder	zeros	False
0.7792207792207793	120	154	34322	on_target	net_84_10865	0	0.5	net_84_10865_net_88_10937_net_90_11013	GradientShap_64_1_0.1_NegativeBinomialAutoencoder_zeros_False	GradientShap	64	1	0.1	NegativeBinomialAutoencoder	zeros	False
0.8896103896103896	137	154	51483	on_target	net_84_10865	0	0.75	net_84_10865_net_88_10937_net_90_11013	GradientShap_64_1_0.1_NegativeBinomialAutoencoder_zeros_False	GradientShap	64	1	0.1	NegativeBinomialAutoencoder	zeros	False
1.0	154	154	68644	on_target	net_84_10865	0	1.0	net_84_10865_net_88_10937_net_90_11013	GradientShap_64_1_0.1_NegativeBinomialAutoencoder_zeros_False	GradientShap	64	1	0.1	NegativeBinomialAutoencoder	zeros	False
0.0	0	154	69	off_target	net_84_10865	1	0.001	net_84_10865_net_88_10937_net_90_11013	GradientShap_64_1_0.1_NegativeBinomialAutoencoder_zeros_False	GradientShap	64	1	0.1	NegativeBinomialAutoencoder	zeros	False
0.0	0	154	686	off_target	net_84_10865	1	0.01	net_84_10865_net_88_10937_net_90_11013	GradientShap_64_1_0.1_NegativeBinomialAutoencoder_zeros_False	GradientShap	64	1	0.1	NegativeBinomialAutoencoder	zeros	False
0.0064935064935064	1	154	3432	off_target	net_84_10865	1	0.05	net_84_10865_net_88_10937_net_90_11013	GradientShap_64_1_0.1_NegativeBinomialAutoencoder_zeros_False	GradientShap	64	1	0.1	NegativeBinomialAutoencoder	zeros	False
0.0129870129870129	2	154	6864	off_target	net_84_10865	1	0.1	net_84_10865_net_88_10937_net_90_11013	GradientShap_64_1_0.1_NegativeBinomialAutoencoder_zeros_False	GradientShap	64	1	0.1	NegativeBinomialAutoencoder	zeros	False
0.0519480519480519	8	154	13729	off_target	net_84_10865	1	0.2	net_84_10865_net_88_10937_net_90_11013	GradientShap_64_1_0.1_NegativeBinomialAutoencoder_zeros_False	GradientShap	64	1	0.1	NegativeBinomialAutoencoder	zeros	False
0.0909090909090909	14	154	17161	off_target	net_84_10865	1	0.25	net_84_10865_net_88_10937_net_90_11013	GradientShap_64_1_0.1_NegativeBinomialAutoencoder_zeros_False	GradientShap	64	1	0.1	NegativeBinomialAutoencoder	zeros	False
0.448051948051948	69	154	34322	off_target	net_84_10865	1	0.5	net_84_10865_net_88_10937_net_90_11013	GradientShap_64_1_0.1_NegativeBinomialAutoencoder_zeros_False	GradientShap	64	1	0.1	NegativeBinomialAutoencoder	zeros	False
0.8961038961038961	138	154	51483	off_target	net_84_10865	1	0.75	net_84_10865_net_88_10937_net_90_11013	GradientShap_64_1_0.1_NegativeBinomialAutoencoder_zeros_False	GradientShap	64	1	0.1	NegativeBinomialAutoencoder	zeros	False
1.0	154	154	68644	off_target	net_84_10865	1	1.0	net_84_10865_net_88_10937_net_90_11013	GradientShap_64_1_0.1_NegativeBinomialAutoencoder_zeros_False	GradientShap	64	1	0.1	NegativeBinomialAutoencoder	zeros	False
0.0	0	184	69	off_target	net_88_10937	0	0.001	net_84_10865_net_88_10937_net_90_11013	GradientShap_64_1_0.1_NegativeBinomialAutoencoder_zeros_False	GradientShap	64	1	0.1	NegativeBinomialAutoencoder	zeros	False
0.0	0	184	686	off_target	net_88_10937	0	0.01	net_84_10865_net_88_10937_net_90_11013	GradientShap_64_1_0.1_NegativeBinomialAutoencoder_zeros_False	GradientShap	64	1	0.1	NegativeBinomialAutoencoder	zeros	False
0.0	0	184	3432	off_target	net_88_10937	0	0.05	net_84_10865_net_88_10937_net_90_11013	GradientShap_64_1_0.1_NegativeBinomialAutoencoder_zeros_False	GradientShap	64	1	0.1	NegativeBinomialAutoencoder	zeros	False
0.0217391304347826	4	184	6864	off_target	net_88_10937	0	0.1	net_84_10865_net_88_10937_net_90_11013	GradientShap_64_1_0.1_NegativeBinomialAutoencoder_zeros_False	GradientShap	64	1	0.1	NegativeBinomialAutoencoder	zeros	False
0.1032608695652173	19	184	13729	off_target	net_88_10937	0	0.2	net_84_10865_net_88_10937_net_90_11013	GradientShap_64_1_0.1_NegativeBinomialAutoencoder_zeros_False	GradientShap	64	1	0.1	NegativeBinomialAutoencoder	zeros	False
0.1847826086956521	34	184	17161	off_target	net_88_10937	0	0.25	net_84_10865_net_88_10937_net_90_11013	GradientShap_64_1_0.1_NegativeBinomialAutoencoder_zeros_False	GradientShap	64	1	0.1	NegativeBinomialAutoencoder	zeros	False
0.532608695652174	98	184	34322	off_target	net_88_10937	0	0.5	net_84_10865_net_88_10937_net_90_11013	GradientShap_64_1_0.1_NegativeBinomialAutoencoder_zeros_False	GradientShap	64	1	0.1	NegativeBinomialAutoencoder	zeros	False
0.8152173913043478	150	184	51483	off_target	net_88_10937	0	0.75	net_84_10865_net_88_10937_net_90_11013	GradientShap_64_1_0.1_NegativeBinomialAutoencoder_zeros_False	GradientShap	64	1	0.1	NegativeBinomialAutoencoder	zeros	False
1.0	184	184	68644	off_target	net_88_10937	0	1.0	net_84_10865_net_88_10937_net_90_11013	GradientShap_64_1_0.1_NegativeBinomialAutoencoder_zeros_False	GradientShap	64	1	0.1	NegativeBinomialAutoencoder	zeros	False
0.0217391304347826	4	184	69	on_target	net_88_10937	1	0.001	net_84_10865_net_88_10937_net_90_11013	GradientShap_64_1_0.1_NegativeBinomialAutoencoder_zeros_False	GradientShap	64	1	0.1	NegativeBinomialAutoencoder	zeros	False
0.0652173913043478	12	184	686	on_target	net_88_10937	1	0.01	net_84_10865_net_88_10937_net_90_11013	GradientShap_64_1_0.1_NegativeBinomialAutoencoder_zeros_False	GradientShap	64	1	0.1	NegativeBinomialAutoencoder	zeros	False
0.1521739130434782	28	184	3432	on_target	net_88_10937	1	0.05	net_84_10865_net_88_10937_net_90_11013	GradientShap_64_1_0.1_NegativeBinomialAutoencoder_zeros_False	GradientShap	64	1	0.1	NegativeBinomialAutoencoder	zeros	False
0.2445652173913043	45	184	6864	on_target	net_88_10937	1	0.1	net_84_10865_net_88_10937_net_90_11013	GradientShap_64_1_0.1_NegativeBinomialAutoencoder_zeros_False	GradientShap	64	1	0.1	NegativeBinomialAutoencoder	zeros	False
0.358695652173913	66	184	13729	on_target	net_88_10937	1	0.2	net_84_10865_net_88_10937_net_90_11013	GradientShap_64_1_0.1_NegativeBinomialAutoencoder_zeros_False	GradientShap	64	1	0.1	NegativeBinomialAutoencoder	zeros	False
0.4076086956521739	75	184	17161	on_target	net_88_10937	1	0.25	net_84_10865_net_88_10937_net_90_11013	GradientShap_64_1_0.1_NegativeBinomialAutoencoder_zeros_False	GradientShap	64	1	0.1	NegativeBinomialAutoencoder	zeros	False
0.6793478260869565	125	184	34322	on_target	net_88_10937	1	0.5	net_84_10865_net_88_10937_net_90_11013	GradientShap_64_1_0.1_NegativeBinomialAutoencoder_zeros_False	GradientShap	64	1	0.1	NegativeBinomialAutoencoder	zeros	False
0.8369565217391305	154	184	51483	on_target	net_88_10937	1	0.75	net_84_10865_net_88_10937_net_90_11013	GradientShap_64_1_0.1_NegativeBinomialAutoencoder_zeros_False	GradientShap	64	1	0.1	NegativeBinomialAutoencoder	zeros	False
1.0	184	184	68644	on_target	net_88_10937	1	1.0	net_84_10865_net_88_10937_net_90_11013	GradientShap_64_1_0.1_NegativeBinomialAutoencoder_zeros_False	GradientShap	64	1	0.1	NegativeBinomialAutoencoder	zeros	False
0.0	0	201	82	on_target	net_133_10773	0	0.001	net_133_10773_net_82_10152_net_72_10551	GradientShap_64_1_0.1_NegativeBinomialAutoencoder_zeros_False	GradientShap	64	1	0.1	NegativeBinomialAutoencoder	zeros	False
0.0	0	201	824	on_target	net_133_10773	0	0.01	net_133_10773_net_82_10152_net_72_10551	GradientShap_64_1_0.1_NegativeBinomialAutoencoder_zeros_False	GradientShap	64	1	0.1	NegativeBinomialAutoencoder	zeros	False
0.0646766169154228	13	201	4118	on_target	net_133_10773	0	0.05	net_133_10773_net_82_10152_net_72_10551	GradientShap_64_1_0.1_NegativeBinomialAutoencoder_zeros_False	GradientShap	64	1	0.1	NegativeBinomialAutoencoder	zeros	False
0.1840796019900497	37	201	8237	on_target	net_133_10773	0	0.1	net_133_10773_net_82_10152_net_72_10551	GradientShap_64_1_0.1_NegativeBinomialAutoencoder_zeros_False	GradientShap	64	1	0.1	NegativeBinomialAutoencoder	zeros	False
0.3880597014925373	78	201	16474	on_target	net_133_10773	0	0.2	net_133_10773_net_82_10152_net_72_10551	GradientShap_64_1_0.1_NegativeBinomialAutoencoder_zeros_False	GradientShap	64	1	0.1	NegativeBinomialAutoencoder	zeros	False
0.4825870646766169	97	201	20592	on_target	net_133_10773	0	0.25	net_133_10773_net_82_10152_net_72_10551	GradientShap_64_1_0.1_NegativeBinomialAutoencoder_zeros_False	GradientShap	64	1	0.1	NegativeBinomialAutoencoder	zeros	False
0.681592039800995	137	201	41184	on_target	net_133_10773	0	0.5	net_133_10773_net_82_10152_net_72_10551	GradientShap_64_1_0.1_NegativeBinomialAutoencoder_zeros_False	GradientShap	64	1	0.1	NegativeBinomialAutoencoder	zeros	False
0.8258706467661692	166	201	61777	on_target	net_133_10773	0	0.75	net_133_10773_net_82_10152_net_72_10551	GradientShap_64_1_0.1_NegativeBinomialAutoencoder_zeros_False	GradientShap	64	1	0.1	NegativeBinomialAutoencoder	zeros	False
1.0	201	201	82369	on_target	net_133_10773	0	1.0	net_133_10773_net_82_10152_net_72_10551	GradientShap_64_1_0.1_NegativeBinomialAutoencoder_zeros_False	GradientShap	64	1	0.1	NegativeBinomialAutoencoder	zeros	False
0.0	0	201	82	off_target	net_133_10773	1	0.001	net_133_10773_net_82_10152_net_72_10551	GradientShap_64_1_0.1_NegativeBinomialAutoencoder_zeros_False	GradientShap	64	1	0.1	NegativeBinomialAutoencoder	zeros	False
0.0	0	201	824	off_target	net_133_10773	1	0.01	net_133_10773_net_82_10152_net_72_10551	GradientShap_64_1_0.1_NegativeBinomialAutoencoder_zeros_False	GradientShap	64	1	0.1	NegativeBinomialAutoencoder	zeros	False
0.0049751243781094	1	201	4118	off_target	net_133_10773	1	0.05	net_133_10773_net_82_10152_net_72_10551	GradientShap_64_1_0.1_NegativeBinomialAutoencoder_zeros_False	GradientShap	64	1	0.1	NegativeBinomialAutoencoder	zeros	False
0.0149253731343283	3	201	8237	off_target	net_133_10773	1	0.1	net_133_10773_net_82_10152_net_72_10551	GradientShap_64_1_0.1_NegativeBinomialAutoencoder_zeros_False	GradientShap	64	1	0.1	NegativeBinomialAutoencoder	zeros	False
0.0248756218905472	5	201	16474	off_target	net_133_10773	1	0.2	net_133_10773_net_82_10152_net_72_10551	GradientShap_64_1_0.1_NegativeBinomialAutoencoder_zeros_False	GradientShap	64	1	0.1	NegativeBinomialAutoencoder	zeros	False
0.0497512437810945	10	201	20592	off_target	net_133_10773	1	0.25	net_133_10773_net_82_10152_net_72_10551	GradientShap_64_1_0.1_NegativeBinomialAutoencoder_zeros_False	GradientShap	64	1	0.1	NegativeBinomialAutoencoder	zeros	False
0.4427860696517413	89	201	41184	off_target	net_133_10773	1	0.5	net_133_10773_net_82_10152_net_72_10551	GradientShap_64_1_0.1_NegativeBinomialAutoencoder_zeros_False	GradientShap	64	1	0.1	NegativeBinomialAutoencoder	zeros	False
0.8706467661691543	175	201	61777	off_target	net_133_10773	1	0.75	net_133_10773_net_82_10152_net_72_10551	GradientShap_64_1_0.1_NegativeBinomialAutoencoder_zeros_False	GradientShap	64	1	0.1	NegativeBinomialAutoencoder	zeros	False
1.0	201	201	82369	off_target	net_133_10773	1	1.0	net_133_10773_net_82_10152_net_72_10551	GradientShap_64_1_0.1_NegativeBinomialAutoencoder_zeros_False	GradientShap	64	1	0.1	NegativeBinomialAutoencoder	zeros	False
0.0	0	164	82	off_target	net_82_10152	0	0.001	net_133_10773_net_82_10152_net_72_10551	GradientShap_64_1_0.1_NegativeBinomialAutoencoder_zeros_False	GradientShap	64	1	0.1	NegativeBinomialAutoencoder	zeros	False
0.0	0	164	824	off_target	net_82_10152	0	0.01	net_133_10773_net_82_10152_net_72_10551	GradientShap_64_1_0.1_NegativeBinomialAutoencoder_zeros_False	GradientShap	64	1	0.1	NegativeBinomialAutoencoder	zeros	False
0.0	0	164	4118	off_target	net_82_10152	0	0.05	net_133_10773_net_82_10152_net_72_10551	GradientShap_64_1_0.1_NegativeBinomialAutoencoder_zeros_False	GradientShap	64	1	0.1	NegativeBinomialAutoencoder	zeros	False
0.0	0	164	8237	off_target	net_82_10152	0	0.1	net_133_10773_net_82_10152_net_72_10551	GradientShap_64_1_0.1_NegativeBinomialAutoencoder_zeros_False	GradientShap	64	1	0.1	NegativeBinomialAutoencoder	zeros	False
0.0121951219512195	2	164	16474	off_target	net_82_10152	0	0.2	net_133_10773_net_82_10152_net_72_10551	GradientShap_64_1_0.1_NegativeBinomialAutoencoder_zeros_False	GradientShap	64	1	0.1	NegativeBinomialAutoencoder	zeros	False
0.0304878048780487	5	164	20592	off_target	net_82_10152	0	0.25	net_133_10773_net_82_10152_net_72_10551	GradientShap_64_1_0.1_NegativeBinomialAutoencoder_zeros_False	GradientShap	64	1	0.1	NegativeBinomialAutoencoder	zeros	False
0.4573170731707317	75	164	41184	off_target	net_82_10152	0	0.5	net_133_10773_net_82_10152_net_72_10551	GradientShap_64_1_0.1_NegativeBinomialAutoencoder_zeros_False	GradientShap	64	1	0.1	NegativeBinomialAutoencoder	zeros	False
0.823170731707317	135	164	61777	off_target	net_82_10152	0	0.75	net_133_10773_net_82_10152_net_72_10551	GradientShap_64_1_0.1_NegativeBinomialAutoencoder_zeros_False	GradientShap	64	1	0.1	NegativeBinomialAutoencoder	zeros	False
1.0	164	164	82369	off_target	net_82_10152	0	1.0	net_133_10773_net_82_10152_net_72_10551	GradientShap_64_1_0.1_NegativeBinomialAutoencoder_zeros_False	GradientShap	64	1	0.1	NegativeBinomialAutoencoder	zeros	False
0.0060975609756097	1	164	82	on_target	net_82_10152	1	0.001	net_133_10773_net_82_10152_net_72_10551	GradientShap_64_1_0.1_NegativeBinomialAutoencoder_zeros_False	GradientShap	64	1	0.1	NegativeBinomialAutoencoder	zeros	False
0.048780487804878	8	164	824	on_target	net_82_10152	1	0.01	net_133_10773_net_82_10152_net_72_10551	GradientShap_64_1_0.1_NegativeBinomialAutoencoder_zeros_False	GradientShap	64	1	0.1	NegativeBinomialAutoencoder	zeros	False
0.1707317073170731	28	164	4118	on_target	net_82_10152	1	0.05	net_133_10773_net_82_10152_net_72_10551	GradientShap_64_1_0.1_NegativeBinomialAutoencoder_zeros_False	GradientShap	64	1	0.1	NegativeBinomialAutoencoder	zeros	False
0.2560975609756097	42	164	8237	on_target	net_82_10152	1	0.1	net_133_10773_net_82_10152_net_72_10551	GradientShap_64_1_0.1_NegativeBinomialAutoencoder_zeros_False	GradientShap	64	1	0.1	NegativeBinomialAutoencoder	zeros	False
0.4207317073170731	69	164	16474	on_target	net_82_10152	1	0.2	net_133_10773_net_82_10152_net_72_10551	GradientShap_64_1_0.1_NegativeBinomialAutoencoder_zeros_False	GradientShap	64	1	0.1	NegativeBinomialAutoencoder	zeros	False
0.4878048780487805	80	164	20592	on_target	net_82_10152	1	0.25	net_133_10773_net_82_10152_net_72_10551	GradientShap_64_1_0.1_NegativeBinomialAutoencoder_zeros_False	GradientShap	64	1	0.1	NegativeBinomialAutoencoder	zeros	False
0.7317073170731707	120	164	41184	on_target	net_82_10152	1	0.5	net_133_10773_net_82_10152_net_72_10551	GradientShap_64_1_0.1_NegativeBinomialAutoencoder_zeros_False	GradientShap	64	1	0.1	NegativeBinomialAutoencoder	zeros	False
0.8353658536585366	137	164	61777	on_target	net_82_10152	1	0.75	net_133_10773_net_82_10152_net_72_10551	GradientShap_64_1_0.1_NegativeBinomialAutoencoder_zeros_False	GradientShap	64	1	0.1	NegativeBinomialAutoencoder	zeros	False
1.0	164	164	82369	on_target	net_82_10152	1	1.0	net_133_10773_net_82_10152_net_72_10551	GradientShap_64_1_0.1_NegativeBinomialAutoencoder_zeros_False	GradientShap	64	1	0.1	NegativeBinomialAutoencoder	zeros	False
0.0	0	78	43	on_target	net_53_11196	0	0.001	net_53_11196_net_70_11431_net_84_9903	GradientShap_64_1_0.1_NegativeBinomialAutoencoder_zeros_False	GradientShap	64	1	0.1	NegativeBinomialAutoencoder	zeros	False
0.0128205128205128	1	78	428	on_target	net_53_11196	0	0.01	net_53_11196_net_70_11431_net_84_9903	GradientShap_64_1_0.1_NegativeBinomialAutoencoder_zeros_False	GradientShap	64	1	0.1	NegativeBinomialAutoencoder	zeros	False
0.0512820512820512	4	78	2142	on_target	net_53_11196	0	0.05	net_53_11196_net_70_11431_net_84_9903	GradientShap_64_1_0.1_NegativeBinomialAutoencoder_zeros_False	GradientShap	64	1	0.1	NegativeBinomialAutoencoder	zeros	False
0.1153846153846153	9	78	4285	on_target	net_53_11196	0	0.1	net_53_11196_net_70_11431_net_84_9903	GradientShap_64_1_0.1_NegativeBinomialAutoencoder_zeros_False	GradientShap	64	1	0.1	NegativeBinomialAutoencoder	zeros	False
0.1538461538461538	12	78	8570	on_target	net_53_11196	0	0.2	net_53_11196_net_70_11431_net_84_9903	GradientShap_64_1_0.1_NegativeBinomialAutoencoder_zeros_False	GradientShap	64	1	0.1	NegativeBinomialAutoencoder	zeros	False
0.2307692307692307	18	78	10712	on_target	net_53_11196	0	0.25	net_53_11196_net_70_11431_net_84_9903	GradientShap_64_1_0.1_NegativeBinomialAutoencoder_zeros_False	GradientShap	64	1	0.1	NegativeBinomialAutoencoder	zeros	False
0.7692307692307693	60	78	21424	on_target	net_53_11196	0	0.5	net_53_11196_net_70_11431_net_84_9903	GradientShap_64_1_0.1_NegativeBinomialAutoencoder_zeros_False	GradientShap	64	1	0.1	NegativeBinomialAutoencoder	zeros	False
1.0	78	78	32137	on_target	net_53_11196	0	0.75	net_53_11196_net_70_11431_net_84_9903	GradientShap_64_1_0.1_NegativeBinomialAutoencoder_zeros_False	GradientShap	64	1	0.1	NegativeBinomialAutoencoder	zeros	False
1.0	78	78	42849	on_target	net_53_11196	0	1.0	net_53_11196_net_70_11431_net_84_9903	GradientShap_64_1_0.1_NegativeBinomialAutoencoder_zeros_False	GradientShap	64	1	0.1	NegativeBinomialAutoencoder	zeros	False
0.0	0	78	43	off_target	net_53_11196	1	0.001	net_53_11196_net_70_11431_net_84_9903	GradientShap_64_1_0.1_NegativeBinomialAutoencoder_zeros_False	GradientShap	64	1	0.1	NegativeBinomialAutoencoder	zeros	False
0.0	0	78	428	off_target	net_53_11196	1	0.01	net_53_11196_net_70_11431_net_84_9903	GradientShap_64_1_0.1_NegativeBinomialAutoencoder_zeros_False	GradientShap	64	1	0.1	NegativeBinomialAutoencoder	zeros	False
0.0256410256410256	2	78	2142	off_target	net_53_11196	1	0.05	net_53_11196_net_70_11431_net_84_9903	GradientShap_64_1_0.1_NegativeBinomialAutoencoder_zeros_False	GradientShap	64	1	0.1	NegativeBinomialAutoencoder	zeros	False
0.1025641025641025	8	78	4285	off_target	net_53_11196	1	0.1	net_53_11196_net_70_11431_net_84_9903	GradientShap_64_1_0.1_NegativeBinomialAutoencoder_zeros_False	GradientShap	64	1	0.1	NegativeBinomialAutoencoder	zeros	False
0.1538461538461538	12	78	8570	off_target	net_53_11196	1	0.2	net_53_11196_net_70_11431_net_84_9903	GradientShap_64_1_0.1_NegativeBinomialAutoencoder_zeros_False	GradientShap	64	1	0.1	NegativeBinomialAutoencoder	zeros	False
0.2051282051282051	16	78	10712	off_target	net_53_11196	1	0.25	net_53_11196_net_70_11431_net_84_9903	GradientShap_64_1_0.1_NegativeBinomialAutoencoder_zeros_False	GradientShap	64	1	0.1	NegativeBinomialAutoencoder	zeros	False
0.7307692307692307	57	78	21424	off_target	net_53_11196	1	0.5	net_53_11196_net_70_11431_net_84_9903	GradientShap_64_1_0.1_NegativeBinomialAutoencoder_zeros_False	GradientShap	64	1	0.1	NegativeBinomialAutoencoder	zeros	False
0.9871794871794872	77	78	32137	off_target	net_53_11196	1	0.75	net_53_11196_net_70_11431_net_84_9903	GradientShap_64_1_0.1_NegativeBinomialAutoencoder_zeros_False	GradientShap	64	1	0.1	NegativeBinomialAutoencoder	zeros	False
1.0	78	78	42849	off_target	net_53_11196	1	1.0	net_53_11196_net_70_11431_net_84_9903	GradientShap_64_1_0.1_NegativeBinomialAutoencoder_zeros_False	GradientShap	64	1	0.1	NegativeBinomialAutoencoder	zeros	False
0.0	0	88	43	off_target	net_70_11431	0	0.001	net_53_11196_net_70_11431_net_84_9903	GradientShap_64_1_0.1_NegativeBinomialAutoencoder_zeros_False	GradientShap	64	1	0.1	NegativeBinomialAutoencoder	zeros	False
0.0	0	88	428	off_target	net_70_11431	0	0.01	net_53_11196_net_70_11431_net_84_9903	GradientShap_64_1_0.1_NegativeBinomialAutoencoder_zeros_False	GradientShap	64	1	0.1	NegativeBinomialAutoencoder	zeros	False
0.034090909090909	3	88	2142	off_target	net_70_11431	0	0.05	net_53_11196_net_70_11431_net_84_9903	GradientShap_64_1_0.1_NegativeBinomialAutoencoder_zeros_False	GradientShap	64	1	0.1	NegativeBinomialAutoencoder	zeros	False
0.0568181818181818	5	88	4285	off_target	net_70_11431	0	0.1	net_53_11196_net_70_11431_net_84_9903	GradientShap_64_1_0.1_NegativeBinomialAutoencoder_zeros_False	GradientShap	64	1	0.1	NegativeBinomialAutoencoder	zeros	False
0.2045454545454545	18	88	8570	off_target	net_70_11431	0	0.2	net_53_11196_net_70_11431_net_84_9903	GradientShap_64_1_0.1_NegativeBinomialAutoencoder_zeros_False	GradientShap	64	1	0.1	NegativeBinomialAutoencoder	zeros	False
0.2159090909090909	19	88	10712	off_target	net_70_11431	0	0.25	net_53_11196_net_70_11431_net_84_9903	GradientShap_64_1_0.1_NegativeBinomialAutoencoder_zeros_False	GradientShap	64	1	0.1	NegativeBinomialAutoencoder	zeros	False
0.4090909090909091	36	88	21424	off_target	net_70_11431	0	0.5	net_53_11196_net_70_11431_net_84_9903	GradientShap_64_1_0.1_NegativeBinomialAutoencoder_zeros_False	GradientShap	64	1	0.1	NegativeBinomialAutoencoder	zeros	False
0.8181818181818182	72	88	32137	off_target	net_70_11431	0	0.75	net_53_11196_net_70_11431_net_84_9903	GradientShap_64_1_0.1_NegativeBinomialAutoencoder_zeros_False	GradientShap	64	1	0.1	NegativeBinomialAutoencoder	zeros	False
1.0	88	88	42849	off_target	net_70_11431	0	1.0	net_53_11196_net_70_11431_net_84_9903	GradientShap_64_1_0.1_NegativeBinomialAutoencoder_zeros_False	GradientShap	64	1	0.1	NegativeBinomialAutoencoder	zeros	False
0.0	0	88	43	on_target	net_70_11431	1	0.001	net_53_11196_net_70_11431_net_84_9903	GradientShap_64_1_0.1_NegativeBinomialAutoencoder_zeros_False	GradientShap	64	1	0.1	NegativeBinomialAutoencoder	zeros	False
0.0454545454545454	4	88	428	on_target	net_70_11431	1	0.01	net_53_11196_net_70_11431_net_84_9903	GradientShap_64_1_0.1_NegativeBinomialAutoencoder_zeros_False	GradientShap	64	1	0.1	NegativeBinomialAutoencoder	zeros	False
0.0681818181818181	6	88	2142	on_target	net_70_11431	1	0.05	net_53_11196_net_70_11431_net_84_9903	GradientShap_64_1_0.1_NegativeBinomialAutoencoder_zeros_False	GradientShap	64	1	0.1	NegativeBinomialAutoencoder	zeros	False
0.0909090909090909	8	88	4285	on_target	net_70_11431	1	0.1	net_53_11196_net_70_11431_net_84_9903	GradientShap_64_1_0.1_NegativeBinomialAutoencoder_zeros_False	GradientShap	64	1	0.1	NegativeBinomialAutoencoder	zeros	False
0.1818181818181818	16	88	8570	on_target	net_70_11431	1	0.2	net_53_11196_net_70_11431_net_84_9903	GradientShap_64_1_0.1_NegativeBinomialAutoencoder_zeros_False	GradientShap	64	1	0.1	NegativeBinomialAutoencoder	zeros	False
0.2613636363636363	23	88	10712	on_target	net_70_11431	1	0.25	net_53_11196_net_70_11431_net_84_9903	GradientShap_64_1_0.1_NegativeBinomialAutoencoder_zeros_False	GradientShap	64	1	0.1	NegativeBinomialAutoencoder	zeros	False
0.6363636363636364	56	88	21424	on_target	net_70_11431	1	0.5	net_53_11196_net_70_11431_net_84_9903	GradientShap_64_1_0.1_NegativeBinomialAutoencoder_zeros_False	GradientShap	64	1	0.1	NegativeBinomialAutoencoder	zeros	False
0.8863636363636364	78	88	32137	on_target	net_70_11431	1	0.75	net_53_11196_net_70_11431_net_84_9903	GradientShap_64_1_0.1_NegativeBinomialAutoencoder_zeros_False	GradientShap	64	1	0.1	NegativeBinomialAutoencoder	zeros	False
1.0	88	88	42849	on_target	net_70_11431	1	1.0	net_53_11196_net_70_11431_net_84_9903	GradientShap_64_1_0.1_NegativeBinomialAutoencoder_zeros_False	GradientShap	64	1	0.1	NegativeBinomialAutoencoder	zeros	False
0.0	0	104	43	on_target	net_60_10082	0	0.001	net_60_10082_net_64_11307_net_84_11226	GradientShap_64_1_0.1_NegativeBinomialAutoencoder_zeros_False	GradientShap	64	1	0.1	NegativeBinomialAutoencoder	zeros	False
0.0288461538461538	3	104	433	on_target	net_60_10082	0	0.01	net_60_10082_net_64_11307_net_84_11226	GradientShap_64_1_0.1_NegativeBinomialAutoencoder_zeros_False	GradientShap	64	1	0.1	NegativeBinomialAutoencoder	zeros	False
0.0961538461538461	10	104	2163	on_target	net_60_10082	0	0.05	net_60_10082_net_64_11307_net_84_11226	GradientShap_64_1_0.1_NegativeBinomialAutoencoder_zeros_False	GradientShap	64	1	0.1	NegativeBinomialAutoencoder	zeros	False
0.1538461538461538	16	104	4326	on_target	net_60_10082	0	0.1	net_60_10082_net_64_11307_net_84_11226	GradientShap_64_1_0.1_NegativeBinomialAutoencoder_zeros_False	GradientShap	64	1	0.1	NegativeBinomialAutoencoder	zeros	False
0.2692307692307692	28	104	8653	on_target	net_60_10082	0	0.2	net_60_10082_net_64_11307_net_84_11226	GradientShap_64_1_0.1_NegativeBinomialAutoencoder_zeros_False	GradientShap	64	1	0.1	NegativeBinomialAutoencoder	zeros	False
0.2980769230769231	31	104	10816	on_target	net_60_10082	0	0.25	net_60_10082_net_64_11307_net_84_11226	GradientShap_64_1_0.1_NegativeBinomialAutoencoder_zeros_False	GradientShap	64	1	0.1	NegativeBinomialAutoencoder	zeros	False
0.5384615384615384	56	104	21632	on_target	net_60_10082	0	0.5	net_60_10082_net_64_11307_net_84_11226	GradientShap_64_1_0.1_NegativeBinomialAutoencoder_zeros_False	GradientShap	64	1	0.1	NegativeBinomialAutoencoder	zeros	False
0.75	78	104	32448	on_target	net_60_10082	0	0.75	net_60_10082_net_64_11307_net_84_11226	GradientShap_64_1_0.1_NegativeBinomialAutoencoder_zeros_False	GradientShap	64	1	0.1	NegativeBinomialAutoencoder	zeros	False
1.0	104	104	43264	on_target	net_60_10082	0	1.0	net_60_10082_net_64_11307_net_84_11226	GradientShap_64_1_0.1_NegativeBinomialAutoencoder_zeros_False	GradientShap	64	1	0.1	NegativeBinomialAutoencoder	zeros	False
0.0	0	104	43	off_target	net_60_10082	1	0.001	net_60_10082_net_64_11307_net_84_11226	GradientShap_64_1_0.1_NegativeBinomialAutoencoder_zeros_False	GradientShap	64	1	0.1	NegativeBinomialAutoencoder	zeros	False
0.0	0	104	433	off_target	net_60_10082	1	0.01	net_60_10082_net_64_11307_net_84_11226	GradientShap_64_1_0.1_NegativeBinomialAutoencoder_zeros_False	GradientShap	64	1	0.1	NegativeBinomialAutoencoder	zeros	False
0.0	0	104	2163	off_target	net_60_10082	1	0.05	net_60_10082_net_64_11307_net_84_11226	GradientShap_64_1_0.1_NegativeBinomialAutoencoder_zeros_False	GradientShap	64	1	0.1	NegativeBinomialAutoencoder	zeros	False
0.0	0	104	4326	off_target	net_60_10082	1	0.1	net_60_10082_net_64_11307_net_84_11226	GradientShap_64_1_0.1_NegativeBinomialAutoencoder_zeros_False	GradientShap	64	1	0.1	NegativeBinomialAutoencoder	zeros	False
0.0576923076923076	6	104	8653	off_target	net_60_10082	1	0.2	net_60_10082_net_64_11307_net_84_11226	GradientShap_64_1_0.1_NegativeBinomialAutoencoder_zeros_False	GradientShap	64	1	0.1	NegativeBinomialAutoencoder	zeros	False
0.1826923076923076	19	104	10816	off_target	net_60_10082	1	0.25	net_60_10082_net_64_11307_net_84_11226	GradientShap_64_1_0.1_NegativeBinomialAutoencoder_zeros_False	GradientShap	64	1	0.1	NegativeBinomialAutoencoder	zeros	False
0.5192307692307693	54	104	21632	off_target	net_60_10082	1	0.5	net_60_10082_net_64_11307_net_84_11226	GradientShap_64_1_0.1_NegativeBinomialAutoencoder_zeros_False	GradientShap	64	1	0.1	NegativeBinomialAutoencoder	zeros	False
0.75	78	104	32448	off_target	net_60_10082	1	0.75	net_60_10082_net_64_11307_net_84_11226	GradientShap_64_1_0.1_NegativeBinomialAutoencoder_zeros_False	GradientShap	64	1	0.1	NegativeBinomialAutoencoder	zeros	False
1.0	104	104	43264	off_target	net_60_10082	1	1.0	net_60_10082_net_64_11307_net_84_11226	GradientShap_64_1_0.1_NegativeBinomialAutoencoder_zeros_False	GradientShap	64	1	0.1	NegativeBinomialAutoencoder	zeros	False
0.0	0	71	43	off_target	net_64_11307	0	0.001	net_60_10082_net_64_11307_net_84_11226	GradientShap_64_1_0.1_NegativeBinomialAutoencoder_zeros_False	GradientShap	64	1	0.1	NegativeBinomialAutoencoder	zeros	False
0.0	0	71	433	off_target	net_64_11307	0	0.01	net_60_10082_net_64_11307_net_84_11226	GradientShap_64_1_0.1_NegativeBinomialAutoencoder_zeros_False	GradientShap	64	1	0.1	NegativeBinomialAutoencoder	zeros	False
0.0	0	71	2163	off_target	net_64_11307	0	0.05	net_60_10082_net_64_11307_net_84_11226	GradientShap_64_1_0.1_NegativeBinomialAutoencoder_zeros_False	GradientShap	64	1	0.1	NegativeBinomialAutoencoder	zeros	False
0.0	0	71	4326	off_target	net_64_11307	0	0.1	net_60_10082_net_64_11307_net_84_11226	GradientShap_64_1_0.1_NegativeBinomialAutoencoder_zeros_False	GradientShap	64	1	0.1	NegativeBinomialAutoencoder	zeros	False
0.028169014084507	2	71	8653	off_target	net_64_11307	0	0.2	net_60_10082_net_64_11307_net_84_11226	GradientShap_64_1_0.1_NegativeBinomialAutoencoder_zeros_False	GradientShap	64	1	0.1	NegativeBinomialAutoencoder	zeros	False
0.028169014084507	2	71	10816	off_target	net_64_11307	0	0.25	net_60_10082_net_64_11307_net_84_11226	GradientShap_64_1_0.1_NegativeBinomialAutoencoder_zeros_False	GradientShap	64	1	0.1	NegativeBinomialAutoencoder	zeros	False
0.676056338028169	48	71	21632	off_target	net_64_11307	0	0.5	net_60_10082_net_64_11307_net_84_11226	GradientShap_64_1_0.1_NegativeBinomialAutoencoder_zeros_False	GradientShap	64	1	0.1	NegativeBinomialAutoencoder	zeros	False
0.971830985915493	69	71	32448	off_target	net_64_11307	0	0.75	net_60_10082_net_64_11307_net_84_11226	GradientShap_64_1_0.1_NegativeBinomialAutoencoder_zeros_False	GradientShap	64	1	0.1	NegativeBinomialAutoencoder	zeros	False
1.0	71	71	43264	off_target	net_64_11307	0	1.0	net_60_10082_net_64_11307_net_84_11226	GradientShap_64_1_0.1_NegativeBinomialAutoencoder_zeros_False	GradientShap	64	1	0.1	NegativeBinomialAutoencoder	zeros	False
0.0	0	71	43	on_target	net_64_11307	1	0.001	net_60_10082_net_64_11307_net_84_11226	GradientShap_64_1_0.1_NegativeBinomialAutoencoder_zeros_False	GradientShap	64	1	0.1	NegativeBinomialAutoencoder	zeros	False
0.0	0	71	433	on_target	net_64_11307	1	0.01	net_60_10082_net_64_11307_net_84_11226	GradientShap_64_1_0.1_NegativeBinomialAutoencoder_zeros_False	GradientShap	64	1	0.1	NegativeBinomialAutoencoder	zeros	False
0.0	0	71	2163	on_target	net_64_11307	1	0.05	net_60_10082_net_64_11307_net_84_11226	GradientShap_64_1_0.1_NegativeBinomialAutoencoder_zeros_False	GradientShap	64	1	0.1	NegativeBinomialAutoencoder	zeros	False
0.0985915492957746	7	71	4326	on_target	net_64_11307	1	0.1	net_60_10082_net_64_11307_net_84_11226	GradientShap_64_1_0.1_NegativeBinomialAutoencoder_zeros_False	GradientShap	64	1	0.1	NegativeBinomialAutoencoder	zeros	False
0.2535211267605634	18	71	8653	on_target	net_64_11307	1	0.2	net_60_10082_net_64_11307_net_84_11226	GradientShap_64_1_0.1_NegativeBinomialAutoencoder_zeros_False	GradientShap	64	1	0.1	NegativeBinomialAutoencoder	zeros	False
0.3380281690140845	24	71	10816	on_target	net_64_11307	1	0.25	net_60_10082_net_64_11307_net_84_11226	GradientShap_64_1_0.1_NegativeBinomialAutoencoder_zeros_False	GradientShap	64	1	0.1	NegativeBinomialAutoencoder	zeros	False
0.6338028169014085	45	71	21632	on_target	net_64_11307	1	0.5	net_60_10082_net_64_11307_net_84_11226	GradientShap_64_1_0.1_NegativeBinomialAutoencoder_zeros_False	GradientShap	64	1	0.1	NegativeBinomialAutoencoder	zeros	False
0.8169014084507042	58	71	32448	on_target	net_64_11307	1	0.75	net_60_10082_net_64_11307_net_84_11226	GradientShap_64_1_0.1_NegativeBinomialAutoencoder_zeros_False	GradientShap	64	1	0.1	NegativeBinomialAutoencoder	zeros	False
1.0	71	71	43264	on_target	net_64_11307	1	1.0	net_60_10082_net_64_11307_net_84_11226	GradientShap_64_1_0.1_NegativeBinomialAutoencoder_zeros_False	GradientShap	64	1	0.1	NegativeBinomialAutoencoder	zeros	False
0.0113636363636363	1	88	70	on_target	net_70_11431	0	0.001	net_70_11431_net_60_10082_net_135_11054	GradientShap_64_1_0.1_NegativeBinomialAutoencoder_zeros_False	GradientShap	64	1	0.1	NegativeBinomialAutoencoder	zeros	False
0.0113636363636363	1	88	702	on_target	net_70_11431	0	0.01	net_70_11431_net_60_10082_net_135_11054	GradientShap_64_1_0.1_NegativeBinomialAutoencoder_zeros_False	GradientShap	64	1	0.1	NegativeBinomialAutoencoder	zeros	False
0.0909090909090909	8	88	3511	on_target	net_70_11431	0	0.05	net_70_11431_net_60_10082_net_135_11054	GradientShap_64_1_0.1_NegativeBinomialAutoencoder_zeros_False	GradientShap	64	1	0.1	NegativeBinomialAutoencoder	zeros	False
0.1477272727272727	13	88	7022	on_target	net_70_11431	0	0.1	net_70_11431_net_60_10082_net_135_11054	GradientShap_64_1_0.1_NegativeBinomialAutoencoder_zeros_False	GradientShap	64	1	0.1	NegativeBinomialAutoencoder	zeros	False
0.2613636363636363	23	88	14045	on_target	net_70_11431	0	0.2	net_70_11431_net_60_10082_net_135_11054	GradientShap_64_1_0.1_NegativeBinomialAutoencoder_zeros_False	GradientShap	64	1	0.1	NegativeBinomialAutoencoder	zeros	False
0.2613636363636363	23	88	17556	on_target	net_70_11431	0	0.25	net_70_11431_net_60_10082_net_135_11054	GradientShap_64_1_0.1_NegativeBinomialAutoencoder_zeros_False	GradientShap	64	1	0.1	NegativeBinomialAutoencoder	zeros	False
0.3409090909090909	30	88	35112	on_target	net_70_11431	0	0.5	net_70_11431_net_60_10082_net_135_11054	GradientShap_64_1_0.1_NegativeBinomialAutoencoder_zeros_False	GradientShap	64	1	0.1	NegativeBinomialAutoencoder	zeros	False
0.3977272727272727	35	88	52669	on_target	net_70_11431	0	0.75	net_70_11431_net_60_10082_net_135_11054	GradientShap_64_1_0.1_NegativeBinomialAutoencoder_zeros_False	GradientShap	64	1	0.1	NegativeBinomialAutoencoder	zeros	False
1.0	88	88	70225	on_target	net_70_11431	0	1.0	net_70_11431_net_60_10082_net_135_11054	GradientShap_64_1_0.1_NegativeBinomialAutoencoder_zeros_False	GradientShap	64	1	0.1	NegativeBinomialAutoencoder	zeros	False
0.0	0	88	70	off_target	net_70_11431	1	0.001	net_70_11431_net_60_10082_net_135_11054	GradientShap_64_1_0.1_NegativeBinomialAutoencoder_zeros_False	GradientShap	64	1	0.1	NegativeBinomialAutoencoder	zeros	False
0.0	0	88	702	off_target	net_70_11431	1	0.01	net_70_11431_net_60_10082_net_135_11054	GradientShap_64_1_0.1_NegativeBinomialAutoencoder_zeros_False	GradientShap	64	1	0.1	NegativeBinomialAutoencoder	zeros	False
0.0113636363636363	1	88	3511	off_target	net_70_11431	1	0.05	net_70_11431_net_60_10082_net_135_11054	GradientShap_64_1_0.1_NegativeBinomialAutoencoder_zeros_False	GradientShap	64	1	0.1	NegativeBinomialAutoencoder	zeros	False
0.0454545454545454	4	88	7022	off_target	net_70_11431	1	0.1	net_70_11431_net_60_10082_net_135_11054	GradientShap_64_1_0.1_NegativeBinomialAutoencoder_zeros_False	GradientShap	64	1	0.1	NegativeBinomialAutoencoder	zeros	False
0.0909090909090909	8	88	14045	off_target	net_70_11431	1	0.2	net_70_11431_net_60_10082_net_135_11054	GradientShap_64_1_0.1_NegativeBinomialAutoencoder_zeros_False	GradientShap	64	1	0.1	NegativeBinomialAutoencoder	zeros	False
0.1477272727272727	13	88	17556	off_target	net_70_11431	1	0.25	net_70_11431_net_60_10082_net_135_11054	GradientShap_64_1_0.1_NegativeBinomialAutoencoder_zeros_False	GradientShap	64	1	0.1	NegativeBinomialAutoencoder	zeros	False
0.4204545454545454	37	88	35112	off_target	net_70_11431	1	0.5	net_70_11431_net_60_10082_net_135_11054	GradientShap_64_1_0.1_NegativeBinomialAutoencoder_zeros_False	GradientShap	64	1	0.1	NegativeBinomialAutoencoder	zeros	False
0.6363636363636364	56	88	52669	off_target	net_70_11431	1	0.75	net_70_11431_net_60_10082_net_135_11054	GradientShap_64_1_0.1_NegativeBinomialAutoencoder_zeros_False	GradientShap	64	1	0.1	NegativeBinomialAutoencoder	zeros	False
1.0	88	88	70225	off_target	net_70_11431	1	1.0	net_70_11431_net_60_10082_net_135_11054	GradientShap_64_1_0.1_NegativeBinomialAutoencoder_zeros_False	GradientShap	64	1	0.1	NegativeBinomialAutoencoder	zeros	False
0.0	0	104	70	off_target	net_60_10082	0	0.001	net_70_11431_net_60_10082_net_135_11054	GradientShap_64_1_0.1_NegativeBinomialAutoencoder_zeros_False	GradientShap	64	1	0.1	NegativeBinomialAutoencoder	zeros	False
0.0	0	104	702	off_target	net_60_10082	0	0.01	net_70_11431_net_60_10082_net_135_11054	GradientShap_64_1_0.1_NegativeBinomialAutoencoder_zeros_False	GradientShap	64	1	0.1	NegativeBinomialAutoencoder	zeros	False
0.0	0	104	3511	off_target	net_60_10082	0	0.05	net_70_11431_net_60_10082_net_135_11054	GradientShap_64_1_0.1_NegativeBinomialAutoencoder_zeros_False	GradientShap	64	1	0.1	NegativeBinomialAutoencoder	zeros	False
0.0096153846153846	1	104	7022	off_target	net_60_10082	0	0.1	net_70_11431_net_60_10082_net_135_11054	GradientShap_64_1_0.1_NegativeBinomialAutoencoder_zeros_False	GradientShap	64	1	0.1	NegativeBinomialAutoencoder	zeros	False
0.0673076923076923	7	104	14045	off_target	net_60_10082	0	0.2	net_70_11431_net_60_10082_net_135_11054	GradientShap_64_1_0.1_NegativeBinomialAutoencoder_zeros_False	GradientShap	64	1	0.1	NegativeBinomialAutoencoder	zeros	False
0.0865384615384615	9	104	17556	off_target	net_60_10082	0	0.25	net_70_11431_net_60_10082_net_135_11054	GradientShap_64_1_0.1_NegativeBinomialAutoencoder_zeros_False	GradientShap	64	1	0.1	NegativeBinomialAutoencoder	zeros	False
0.3942307692307692	41	104	35112	off_target	net_60_10082	0	0.5	net_70_11431_net_60_10082_net_135_11054	GradientShap_64_1_0.1_NegativeBinomialAutoencoder_zeros_False	GradientShap	64	1	0.1	NegativeBinomialAutoencoder	zeros	False
0.8173076923076923	85	104	52669	off_target	net_60_10082	0	0.75	net_70_11431_net_60_10082_net_135_11054	GradientShap_64_1_0.1_NegativeBinomialAutoencoder_zeros_False	GradientShap	64	1	0.1	NegativeBinomialAutoencoder	zeros	False
1.0	104	104	70225	off_target	net_60_10082	0	1.0	net_70_11431_net_60_10082_net_135_11054	GradientShap_64_1_0.1_NegativeBinomialAutoencoder_zeros_False	GradientShap	64	1	0.1	NegativeBinomialAutoencoder	zeros	False
0.0	0	104	70	on_target	net_60_10082	1	0.001	net_70_11431_net_60_10082_net_135_11054	GradientShap_64_1_0.1_NegativeBinomialAutoencoder_zeros_False	GradientShap	64	1	0.1	NegativeBinomialAutoencoder	zeros	False
0.0	0	104	702	on_target	net_60_10082	1	0.01	net_70_11431_net_60_10082_net_135_11054	GradientShap_64_1_0.1_NegativeBinomialAutoencoder_zeros_False	GradientShap	64	1	0.1	NegativeBinomialAutoencoder	zeros	False
0.0	0	104	3511	on_target	net_60_10082	1	0.05	net_70_11431_net_60_10082_net_135_11054	GradientShap_64_1_0.1_NegativeBinomialAutoencoder_zeros_False	GradientShap	64	1	0.1	NegativeBinomialAutoencoder	zeros	False
0.0096153846153846	1	104	7022	on_target	net_60_10082	1	0.1	net_70_11431_net_60_10082_net_135_11054	GradientShap_64_1_0.1_NegativeBinomialAutoencoder_zeros_False	GradientShap	64	1	0.1	NegativeBinomialAutoencoder	zeros	False
0.048076923076923	5	104	14045	on_target	net_60_10082	1	0.2	net_70_11431_net_60_10082_net_135_11054	GradientShap_64_1_0.1_NegativeBinomialAutoencoder_zeros_False	GradientShap	64	1	0.1	NegativeBinomialAutoencoder	zeros	False
0.0961538461538461	10	104	17556	on_target	net_60_10082	1	0.25	net_70_11431_net_60_10082_net_135_11054	GradientShap_64_1_0.1_NegativeBinomialAutoencoder_zeros_False	GradientShap	64	1	0.1	NegativeBinomialAutoencoder	zeros	False
0.3173076923076923	33	104	35112	on_target	net_60_10082	1	0.5	net_70_11431_net_60_10082_net_135_11054	GradientShap_64_1_0.1_NegativeBinomialAutoencoder_zeros_False	GradientShap	64	1	0.1	NegativeBinomialAutoencoder	zeros	False
0.7692307692307693	80	104	52669	on_target	net_60_10082	1	0.75	net_70_11431_net_60_10082_net_135_11054	GradientShap_64_1_0.1_NegativeBinomialAutoencoder_zeros_False	GradientShap	64	1	0.1	NegativeBinomialAutoencoder	zeros	False
1.0	104	104	70225	on_target	net_60_10082	1	1.0	net_70_11431_net_60_10082_net_135_11054	GradientShap_64_1_0.1_NegativeBinomialAutoencoder_zeros_False	GradientShap	64	1	0.1	NegativeBinomialAutoencoder	zeros	False
0.0046296296296296	1	216	59	on_target	net_90_11013	0	0.001	net_90_11013_net_75_10306_net_77_11506	GradientShap_64_1_0.1_NegativeBinomialAutoencoder_zeros_False	GradientShap	64	1	0.1	NegativeBinomialAutoencoder	zeros	False
0.0185185185185185	4	216	586	on_target	net_90_11013	0	0.01	net_90_11013_net_75_10306_net_77_11506	GradientShap_64_1_0.1_NegativeBinomialAutoencoder_zeros_False	GradientShap	64	1	0.1	NegativeBinomialAutoencoder	zeros	False
0.0694444444444444	15	216	2928	on_target	net_90_11013	0	0.05	net_90_11013_net_75_10306_net_77_11506	GradientShap_64_1_0.1_NegativeBinomialAutoencoder_zeros_False	GradientShap	64	1	0.1	NegativeBinomialAutoencoder	zeros	False
0.199074074074074	43	216	5856	on_target	net_90_11013	0	0.1	net_90_11013_net_75_10306_net_77_11506	GradientShap_64_1_0.1_NegativeBinomialAutoencoder_zeros_False	GradientShap	64	1	0.1	NegativeBinomialAutoencoder	zeros	False
0.3611111111111111	78	216	11713	on_target	net_90_11013	0	0.2	net_90_11013_net_75_10306_net_77_11506	GradientShap_64_1_0.1_NegativeBinomialAutoencoder_zeros_False	GradientShap	64	1	0.1	NegativeBinomialAutoencoder	zeros	False
0.4259259259259259	92	216	14641	on_target	net_90_11013	0	0.25	net_90_11013_net_75_10306_net_77_11506	GradientShap_64_1_0.1_NegativeBinomialAutoencoder_zeros_False	GradientShap	64	1	0.1	NegativeBinomialAutoencoder	zeros	False
0.6527777777777778	141	216	29282	on_target	net_90_11013	0	0.5	net_90_11013_net_75_10306_net_77_11506	GradientShap_64_1_0.1_NegativeBinomialAutoencoder_zeros_False	GradientShap	64	1	0.1	NegativeBinomialAutoencoder	zeros	False
0.875	189	216	43923	on_target	net_90_11013	0	0.75	net_90_11013_net_75_10306_net_77_11506	GradientShap_64_1_0.1_NegativeBinomialAutoencoder_zeros_False	GradientShap	64	1	0.1	NegativeBinomialAutoencoder	zeros	False
1.0	216	216	58564	on_target	net_90_11013	0	1.0	net_90_11013_net_75_10306_net_77_11506	GradientShap_64_1_0.1_NegativeBinomialAutoencoder_zeros_False	GradientShap	64	1	0.1	NegativeBinomialAutoencoder	zeros	False
0.0	0	216	59	off_target	net_90_11013	1	0.001	net_90_11013_net_75_10306_net_77_11506	GradientShap_64_1_0.1_NegativeBinomialAutoencoder_zeros_False	GradientShap	64	1	0.1	NegativeBinomialAutoencoder	zeros	False
0.0231481481481481	5	216	586	off_target	net_90_11013	1	0.01	net_90_11013_net_75_10306_net_77_11506	GradientShap_64_1_0.1_NegativeBinomialAutoencoder_zeros_False	GradientShap	64	1	0.1	NegativeBinomialAutoencoder	zeros	False
0.037037037037037	8	216	2928	off_target	net_90_11013	1	0.05	net_90_11013_net_75_10306_net_77_11506	GradientShap_64_1_0.1_NegativeBinomialAutoencoder_zeros_False	GradientShap	64	1	0.1	NegativeBinomialAutoencoder	zeros	False
0.0648148148148148	14	216	5856	off_target	net_90_11013	1	0.1	net_90_11013_net_75_10306_net_77_11506	GradientShap_64_1_0.1_NegativeBinomialAutoencoder_zeros_False	GradientShap	64	1	0.1	NegativeBinomialAutoencoder	zeros	False
0.125	27	216	11713	off_target	net_90_11013	1	0.2	net_90_11013_net_75_10306_net_77_11506	GradientShap_64_1_0.1_NegativeBinomialAutoencoder_zeros_False	GradientShap	64	1	0.1	NegativeBinomialAutoencoder	zeros	False
0.1805555555555555	39	216	14641	off_target	net_90_11013	1	0.25	net_90_11013_net_75_10306_net_77_11506	GradientShap_64_1_0.1_NegativeBinomialAutoencoder_zeros_False	GradientShap	64	1	0.1	NegativeBinomialAutoencoder	zeros	False
0.5416666666666666	117	216	29282	off_target	net_90_11013	1	0.5	net_90_11013_net_75_10306_net_77_11506	GradientShap_64_1_0.1_NegativeBinomialAutoencoder_zeros_False	GradientShap	64	1	0.1	NegativeBinomialAutoencoder	zeros	False
0.8703703703703703	188	216	43923	off_target	net_90_11013	1	0.75	net_90_11013_net_75_10306_net_77_11506	GradientShap_64_1_0.1_NegativeBinomialAutoencoder_zeros_False	GradientShap	64	1	0.1	NegativeBinomialAutoencoder	zeros	False
1.0	216	216	58564	off_target	net_90_11013	1	1.0	net_90_11013_net_75_10306_net_77_11506	GradientShap_64_1_0.1_NegativeBinomialAutoencoder_zeros_False	GradientShap	64	1	0.1	NegativeBinomialAutoencoder	zeros	False
0.0	0	175	59	off_target	net_75_10306	0	0.001	net_90_11013_net_75_10306_net_77_11506	GradientShap_64_1_0.1_NegativeBinomialAutoencoder_zeros_False	GradientShap	64	1	0.1	NegativeBinomialAutoencoder	zeros	False
0.0	0	175	586	off_target	net_75_10306	0	0.01	net_90_11013_net_75_10306_net_77_11506	GradientShap_64_1_0.1_NegativeBinomialAutoencoder_zeros_False	GradientShap	64	1	0.1	NegativeBinomialAutoencoder	zeros	False
0.0	0	175	2928	off_target	net_75_10306	0	0.05	net_90_11013_net_75_10306_net_77_11506	GradientShap_64_1_0.1_NegativeBinomialAutoencoder_zeros_False	GradientShap	64	1	0.1	NegativeBinomialAutoencoder	zeros	False
0.0057142857142857	1	175	5856	off_target	net_75_10306	0	0.1	net_90_11013_net_75_10306_net_77_11506	GradientShap_64_1_0.1_NegativeBinomialAutoencoder_zeros_False	GradientShap	64	1	0.1	NegativeBinomialAutoencoder	zeros	False
0.0514285714285714	9	175	11713	off_target	net_75_10306	0	0.2	net_90_11013_net_75_10306_net_77_11506	GradientShap_64_1_0.1_NegativeBinomialAutoencoder_zeros_False	GradientShap	64	1	0.1	NegativeBinomialAutoencoder	zeros	False
0.0857142857142857	15	175	14641	off_target	net_75_10306	0	0.25	net_90_11013_net_75_10306_net_77_11506	GradientShap_64_1_0.1_NegativeBinomialAutoencoder_zeros_False	GradientShap	64	1	0.1	NegativeBinomialAutoencoder	zeros	False
0.4685714285714286	82	175	29282	off_target	net_75_10306	0	0.5	net_90_11013_net_75_10306_net_77_11506	GradientShap_64_1_0.1_NegativeBinomialAutoencoder_zeros_False	GradientShap	64	1	0.1	NegativeBinomialAutoencoder	zeros	False
0.7657142857142857	134	175	43923	off_target	net_75_10306	0	0.75	net_90_11013_net_75_10306_net_77_11506	GradientShap_64_1_0.1_NegativeBinomialAutoencoder_zeros_False	GradientShap	64	1	0.1	NegativeBinomialAutoencoder	zeros	False
1.0	175	175	58564	off_target	net_75_10306	0	1.0	net_90_11013_net_75_10306_net_77_11506	GradientShap_64_1_0.1_NegativeBinomialAutoencoder_zeros_False	GradientShap	64	1	0.1	NegativeBinomialAutoencoder	zeros	False
0.0	0	175	59	on_target	net_75_10306	1	0.001	net_90_11013_net_75_10306_net_77_11506	GradientShap_64_1_0.1_NegativeBinomialAutoencoder_zeros_False	GradientShap	64	1	0.1	NegativeBinomialAutoencoder	zeros	False
0.0285714285714285	5	175	586	on_target	net_75_10306	1	0.01	net_90_11013_net_75_10306_net_77_11506	GradientShap_64_1_0.1_NegativeBinomialAutoencoder_zeros_False	GradientShap	64	1	0.1	NegativeBinomialAutoencoder	zeros	False
0.1371428571428571	24	175	2928	on_target	net_75_10306	1	0.05	net_90_11013_net_75_10306_net_77_11506	GradientShap_64_1_0.1_NegativeBinomialAutoencoder_zeros_False	GradientShap	64	1	0.1	NegativeBinomialAutoencoder	zeros	False
0.2114285714285714	37	175	5856	on_target	net_75_10306	1	0.1	net_90_11013_net_75_10306_net_77_11506	GradientShap_64_1_0.1_NegativeBinomialAutoencoder_zeros_False	GradientShap	64	1	0.1	NegativeBinomialAutoencoder	zeros	False
0.3371428571428571	59	175	11713	on_target	net_75_10306	1	0.2	net_90_11013_net_75_10306_net_77_11506	GradientShap_64_1_0.1_NegativeBinomialAutoencoder_zeros_False	GradientShap	64	1	0.1	NegativeBinomialAutoencoder	zeros	False
0.3771428571428571	66	175	14641	on_target	net_75_10306	1	0.25	net_90_11013_net_75_10306_net_77_11506	GradientShap_64_1_0.1_NegativeBinomialAutoencoder_zeros_False	GradientShap	64	1	0.1	NegativeBinomialAutoencoder	zeros	False
0.6	105	175	29282	on_target	net_75_10306	1	0.5	net_90_11013_net_75_10306_net_77_11506	GradientShap_64_1_0.1_NegativeBinomialAutoencoder_zeros_False	GradientShap	64	1	0.1	NegativeBinomialAutoencoder	zeros	False
0.7885714285714286	138	175	43923	on_target	net_75_10306	1	0.75	net_90_11013_net_75_10306_net_77_11506	GradientShap_64_1_0.1_NegativeBinomialAutoencoder_zeros_False	GradientShap	64	1	0.1	NegativeBinomialAutoencoder	zeros	False
1.0	175	175	58564	on_target	net_75_10306	1	1.0	net_90_11013_net_75_10306_net_77_11506	GradientShap_64_1_0.1_NegativeBinomialAutoencoder_zeros_False	GradientShap	64	1	0.1	NegativeBinomialAutoencoder	zeros	False
0.0	0	239	114	on_target	net_172_10626	0	0.001	net_172_10626_net_89_11634_net_76_10367	GradientShap_64_1_0.1_NegativeBinomialAutoencoder_zeros_False	GradientShap	64	1	0.1	NegativeBinomialAutoencoder	zeros	False
0.0	0	239	1136	on_target	net_172_10626	0	0.01	net_172_10626_net_89_11634_net_76_10367	GradientShap_64_1_0.1_NegativeBinomialAutoencoder_zeros_False	GradientShap	64	1	0.1	NegativeBinomialAutoencoder	zeros	False
0.0209205020920502	5	239	5678	on_target	net_172_10626	0	0.05	net_172_10626_net_89_11634_net_76_10367	GradientShap_64_1_0.1_NegativeBinomialAutoencoder_zeros_False	GradientShap	64	1	0.1	NegativeBinomialAutoencoder	zeros	False
0.0669456066945606	16	239	11357	on_target	net_172_10626	0	0.1	net_172_10626_net_89_11634_net_76_10367	GradientShap_64_1_0.1_NegativeBinomialAutoencoder_zeros_False	GradientShap	64	1	0.1	NegativeBinomialAutoencoder	zeros	False
0.1757322175732217	42	239	22714	on_target	net_172_10626	0	0.2	net_172_10626_net_89_11634_net_76_10367	GradientShap_64_1_0.1_NegativeBinomialAutoencoder_zeros_False	GradientShap	64	1	0.1	NegativeBinomialAutoencoder	zeros	False
0.2217573221757322	53	239	28392	on_target	net_172_10626	0	0.25	net_172_10626_net_89_11634_net_76_10367	GradientShap_64_1_0.1_NegativeBinomialAutoencoder_zeros_False	GradientShap	64	1	0.1	NegativeBinomialAutoencoder	zeros	False
0.4560669456066946	109	239	56784	on_target	net_172_10626	0	0.5	net_172_10626_net_89_11634_net_76_10367	GradientShap_64_1_0.1_NegativeBinomialAutoencoder_zeros_False	GradientShap	64	1	0.1	NegativeBinomialAutoencoder	zeros	False
0.7531380753138075	180	239	85177	on_target	net_172_10626	0	0.75	net_172_10626_net_89_11634_net_76_10367	GradientShap_64_1_0.1_NegativeBinomialAutoencoder_zeros_False	GradientShap	64	1	0.1	NegativeBinomialAutoencoder	zeros	False
1.0	239	239	113569	on_target	net_172_10626	0	1.0	net_172_10626_net_89_11634_net_76_10367	GradientShap_64_1_0.1_NegativeBinomialAutoencoder_zeros_False	GradientShap	64	1	0.1	NegativeBinomialAutoencoder	zeros	False
0.0	0	239	114	off_target	net_172_10626	1	0.001	net_172_10626_net_89_11634_net_76_10367	GradientShap_64_1_0.1_NegativeBinomialAutoencoder_zeros_False	GradientShap	64	1	0.1	NegativeBinomialAutoencoder	zeros	False
0.0	0	239	1136	off_target	net_172_10626	1	0.01	net_172_10626_net_89_11634_net_76_10367	GradientShap_64_1_0.1_NegativeBinomialAutoencoder_zeros_False	GradientShap	64	1	0.1	NegativeBinomialAutoencoder	zeros	False
0.0251046025104602	6	239	5678	off_target	net_172_10626	1	0.05	net_172_10626_net_89_11634_net_76_10367	GradientShap_64_1_0.1_NegativeBinomialAutoencoder_zeros_False	GradientShap	64	1	0.1	NegativeBinomialAutoencoder	zeros	False
0.0585774058577405	14	239	11357	off_target	net_172_10626	1	0.1	net_172_10626_net_89_11634_net_76_10367	GradientShap_64_1_0.1_NegativeBinomialAutoencoder_zeros_False	GradientShap	64	1	0.1	NegativeBinomialAutoencoder	zeros	False
0.1464435146443514	35	239	22714	off_target	net_172_10626	1	0.2	net_172_10626_net_89_11634_net_76_10367	GradientShap_64_1_0.1_NegativeBinomialAutoencoder_zeros_False	GradientShap	64	1	0.1	NegativeBinomialAutoencoder	zeros	False
0.1841004184100418	44	239	28392	off_target	net_172_10626	1	0.25	net_172_10626_net_89_11634_net_76_10367	GradientShap_64_1_0.1_NegativeBinomialAutoencoder_zeros_False	GradientShap	64	1	0.1	NegativeBinomialAutoencoder	zeros	False
0.5439330543933054	130	239	56784	off_target	net_172_10626	1	0.5	net_172_10626_net_89_11634_net_76_10367	GradientShap_64_1_0.1_NegativeBinomialAutoencoder_zeros_False	GradientShap	64	1	0.1	NegativeBinomialAutoencoder	zeros	False
0.8744769874476988	209	239	85177	off_target	net_172_10626	1	0.75	net_172_10626_net_89_11634_net_76_10367	GradientShap_64_1_0.1_NegativeBinomialAutoencoder_zeros_False	GradientShap	64	1	0.1	NegativeBinomialAutoencoder	zeros	False
1.0	239	239	113569	off_target	net_172_10626	1	1.0	net_172_10626_net_89_11634_net_76_10367	GradientShap_64_1_0.1_NegativeBinomialAutoencoder_zeros_False	GradientShap	64	1	0.1	NegativeBinomialAutoencoder	zeros	False
0.0	0	98	114	off_target	net_89_11634	0	0.001	net_172_10626_net_89_11634_net_76_10367	GradientShap_64_1_0.1_NegativeBinomialAutoencoder_zeros_False	GradientShap	64	1	0.1	NegativeBinomialAutoencoder	zeros	False
0.0	0	98	1136	off_target	net_89_11634	0	0.01	net_172_10626_net_89_11634_net_76_10367	GradientShap_64_1_0.1_NegativeBinomialAutoencoder_zeros_False	GradientShap	64	1	0.1	NegativeBinomialAutoencoder	zeros	False
0.0	0	98	5678	off_target	net_89_11634	0	0.05	net_172_10626_net_89_11634_net_76_10367	GradientShap_64_1_0.1_NegativeBinomialAutoencoder_zeros_False	GradientShap	64	1	0.1	NegativeBinomialAutoencoder	zeros	False
0.0408163265306122	4	98	11357	off_target	net_89_11634	0	0.1	net_172_10626_net_89_11634_net_76_10367	GradientShap_64_1_0.1_NegativeBinomialAutoencoder_zeros_False	GradientShap	64	1	0.1	NegativeBinomialAutoencoder	zeros	False
0.1224489795918367	12	98	22714	off_target	net_89_11634	0	0.2	net_172_10626_net_89_11634_net_76_10367	GradientShap_64_1_0.1_NegativeBinomialAutoencoder_zeros_False	GradientShap	64	1	0.1	NegativeBinomialAutoencoder	zeros	False
0.1326530612244898	13	98	28392	off_target	net_89_11634	0	0.25	net_172_10626_net_89_11634_net_76_10367	GradientShap_64_1_0.1_NegativeBinomialAutoencoder_zeros_False	GradientShap	64	1	0.1	NegativeBinomialAutoencoder	zeros	False
0.3673469387755102	36	98	56784	off_target	net_89_11634	0	0.5	net_172_10626_net_89_11634_net_76_10367	GradientShap_64_1_0.1_NegativeBinomialAutoencoder_zeros_False	GradientShap	64	1	0.1	NegativeBinomialAutoencoder	zeros	False
0.5714285714285714	56	98	85177	off_target	net_89_11634	0	0.75	net_172_10626_net_89_11634_net_76_10367	GradientShap_64_1_0.1_NegativeBinomialAutoencoder_zeros_False	GradientShap	64	1	0.1	NegativeBinomialAutoencoder	zeros	False
1.0	98	98	113569	off_target	net_89_11634	0	1.0	net_172_10626_net_89_11634_net_76_10367	GradientShap_64_1_0.1_NegativeBinomialAutoencoder_zeros_False	GradientShap	64	1	0.1	NegativeBinomialAutoencoder	zeros	False
0.0	0	98	114	on_target	net_89_11634	1	0.001	net_172_10626_net_89_11634_net_76_10367	GradientShap_64_1_0.1_NegativeBinomialAutoencoder_zeros_False	GradientShap	64	1	0.1	NegativeBinomialAutoencoder	zeros	False
0.0	0	98	1136	on_target	net_89_11634	1	0.01	net_172_10626_net_89_11634_net_76_10367	GradientShap_64_1_0.1_NegativeBinomialAutoencoder_zeros_False	GradientShap	64	1	0.1	NegativeBinomialAutoencoder	zeros	False
0.0408163265306122	4	98	5678	on_target	net_89_11634	1	0.05	net_172_10626_net_89_11634_net_76_10367	GradientShap_64_1_0.1_NegativeBinomialAutoencoder_zeros_False	GradientShap	64	1	0.1	NegativeBinomialAutoencoder	zeros	False
0.0612244897959183	6	98	11357	on_target	net_89_11634	1	0.1	net_172_10626_net_89_11634_net_76_10367	GradientShap_64_1_0.1_NegativeBinomialAutoencoder_zeros_False	GradientShap	64	1	0.1	NegativeBinomialAutoencoder	zeros	False
0.0816326530612244	8	98	22714	on_target	net_89_11634	1	0.2	net_172_10626_net_89_11634_net_76_10367	GradientShap_64_1_0.1_NegativeBinomialAutoencoder_zeros_False	GradientShap	64	1	0.1	NegativeBinomialAutoencoder	zeros	False
0.1020408163265306	10	98	28392	on_target	net_89_11634	1	0.25	net_172_10626_net_89_11634_net_76_10367	GradientShap_64_1_0.1_NegativeBinomialAutoencoder_zeros_False	GradientShap	64	1	0.1	NegativeBinomialAutoencoder	zeros	False
0.173469387755102	17	98	56784	on_target	net_89_11634	1	0.5	net_172_10626_net_89_11634_net_76_10367	GradientShap_64_1_0.1_NegativeBinomialAutoencoder_zeros_False	GradientShap	64	1	0.1	NegativeBinomialAutoencoder	zeros	False
0.3469387755102041	34	98	85177	on_target	net_89_11634	1	0.75	net_172_10626_net_89_11634_net_76_10367	GradientShap_64_1_0.1_NegativeBinomialAutoencoder_zeros_False	GradientShap	64	1	0.1	NegativeBinomialAutoencoder	zeros	False
1.0	98	98	113569	on_target	net_89_11634	1	1.0	net_172_10626_net_89_11634_net_76_10367	GradientShap_64_1_0.1_NegativeBinomialAutoencoder_zeros_False	GradientShap	64	1	0.1	NegativeBinomialAutoencoder	zeros	False
0.0	0	87	67	on_target	net_59_10488	0	0.001	net_59_10488_net_115_11153_net_84_11226	GradientShap_64_1_0.1_NegativeBinomialAutoencoder_zeros_False	GradientShap	64	1	0.1	NegativeBinomialAutoencoder	zeros	False
0.0114942528735632	1	87	666	on_target	net_59_10488	0	0.01	net_59_10488_net_115_11153_net_84_11226	GradientShap_64_1_0.1_NegativeBinomialAutoencoder_zeros_False	GradientShap	64	1	0.1	NegativeBinomialAutoencoder	zeros	False
0.1149425287356321	10	87	3328	on_target	net_59_10488	0	0.05	net_59_10488_net_115_11153_net_84_11226	GradientShap_64_1_0.1_NegativeBinomialAutoencoder_zeros_False	GradientShap	64	1	0.1	NegativeBinomialAutoencoder	zeros	False
0.2068965517241379	18	87	6656	on_target	net_59_10488	0	0.1	net_59_10488_net_115_11153_net_84_11226	GradientShap_64_1_0.1_NegativeBinomialAutoencoder_zeros_False	GradientShap	64	1	0.1	NegativeBinomialAutoencoder	zeros	False
0.367816091954023	32	87	13313	on_target	net_59_10488	0	0.2	net_59_10488_net_115_11153_net_84_11226	GradientShap_64_1_0.1_NegativeBinomialAutoencoder_zeros_False	GradientShap	64	1	0.1	NegativeBinomialAutoencoder	zeros	False
0.4482758620689655	39	87	16641	on_target	net_59_10488	0	0.25	net_59_10488_net_115_11153_net_84_11226	GradientShap_64_1_0.1_NegativeBinomialAutoencoder_zeros_False	GradientShap	64	1	0.1	NegativeBinomialAutoencoder	zeros	False
0.7471264367816092	65	87	33282	on_target	net_59_10488	0	0.5	net_59_10488_net_115_11153_net_84_11226	GradientShap_64_1_0.1_NegativeBinomialAutoencoder_zeros_False	GradientShap	64	1	0.1	NegativeBinomialAutoencoder	zeros	False
0.896551724137931	78	87	49923	on_target	net_59_10488	0	0.75	net_59_10488_net_115_11153_net_84_11226	GradientShap_64_1_0.1_NegativeBinomialAutoencoder_zeros_False	GradientShap	64	1	0.1	NegativeBinomialAutoencoder	zeros	False
1.0	87	87	66564	on_target	net_59_10488	0	1.0	net_59_10488_net_115_11153_net_84_11226	GradientShap_64_1_0.1_NegativeBinomialAutoencoder_zeros_False	GradientShap	64	1	0.1	NegativeBinomialAutoencoder	zeros	False
0.0	0	87	67	off_target	net_59_10488	1	0.001	net_59_10488_net_115_11153_net_84_11226	GradientShap_64_1_0.1_NegativeBinomialAutoencoder_zeros_False	GradientShap	64	1	0.1	NegativeBinomialAutoencoder	zeros	False
0.0	0	87	666	off_target	net_59_10488	1	0.01	net_59_10488_net_115_11153_net_84_11226	GradientShap_64_1_0.1_NegativeBinomialAutoencoder_zeros_False	GradientShap	64	1	0.1	NegativeBinomialAutoencoder	zeros	False
0.0	0	87	3328	off_target	net_59_10488	1	0.05	net_59_10488_net_115_11153_net_84_11226	GradientShap_64_1_0.1_NegativeBinomialAutoencoder_zeros_False	GradientShap	64	1	0.1	NegativeBinomialAutoencoder	zeros	False
0.0	0	87	6656	off_target	net_59_10488	1	0.1	net_59_10488_net_115_11153_net_84_11226	GradientShap_64_1_0.1_NegativeBinomialAutoencoder_zeros_False	GradientShap	64	1	0.1	NegativeBinomialAutoencoder	zeros	False
0.0114942528735632	1	87	13313	off_target	net_59_10488	1	0.2	net_59_10488_net_115_11153_net_84_11226	GradientShap_64_1_0.1_NegativeBinomialAutoencoder_zeros_False	GradientShap	64	1	0.1	NegativeBinomialAutoencoder	zeros	False
0.0344827586206896	3	87	16641	off_target	net_59_10488	1	0.25	net_59_10488_net_115_11153_net_84_11226	GradientShap_64_1_0.1_NegativeBinomialAutoencoder_zeros_False	GradientShap	64	1	0.1	NegativeBinomialAutoencoder	zeros	False
0.3563218390804598	31	87	33282	off_target	net_59_10488	1	0.5	net_59_10488_net_115_11153_net_84_11226	GradientShap_64_1_0.1_NegativeBinomialAutoencoder_zeros_False	GradientShap	64	1	0.1	NegativeBinomialAutoencoder	zeros	False
0.7126436781609196	62	87	49923	off_target	net_59_10488	1	0.75	net_59_10488_net_115_11153_net_84_11226	GradientShap_64_1_0.1_NegativeBinomialAutoencoder_zeros_False	GradientShap	64	1	0.1	NegativeBinomialAutoencoder	zeros	False
1.0	87	87	66564	off_target	net_59_10488	1	1.0	net_59_10488_net_115_11153_net_84_11226	GradientShap_64_1_0.1_NegativeBinomialAutoencoder_zeros_False	GradientShap	64	1	0.1	NegativeBinomialAutoencoder	zeros	False
0.0	0	117	67	off_target	net_115_11153	0	0.001	net_59_10488_net_115_11153_net_84_11226	GradientShap_64_1_0.1_NegativeBinomialAutoencoder_zeros_False	GradientShap	64	1	0.1	NegativeBinomialAutoencoder	zeros	False
0.0	0	117	666	off_target	net_115_11153	0	0.01	net_59_10488_net_115_11153_net_84_11226	GradientShap_64_1_0.1_NegativeBinomialAutoencoder_zeros_False	GradientShap	64	1	0.1	NegativeBinomialAutoencoder	zeros	False
0.1538461538461538	18	117	3328	off_target	net_115_11153	0	0.05	net_59_10488_net_115_11153_net_84_11226	GradientShap_64_1_0.1_NegativeBinomialAutoencoder_zeros_False	GradientShap	64	1	0.1	NegativeBinomialAutoencoder	zeros	False
0.3675213675213675	43	117	6656	off_target	net_115_11153	0	0.1	net_59_10488_net_115_11153_net_84_11226	GradientShap_64_1_0.1_NegativeBinomialAutoencoder_zeros_False	GradientShap	64	1	0.1	NegativeBinomialAutoencoder	zeros	False
0.5042735042735043	59	117	13313	off_target	net_115_11153	0	0.2	net_59_10488_net_115_11153_net_84_11226	GradientShap_64_1_0.1_NegativeBinomialAutoencoder_zeros_False	GradientShap	64	1	0.1	NegativeBinomialAutoencoder	zeros	False
0.5982905982905983	70	117	16641	off_target	net_115_11153	0	0.25	net_59_10488_net_115_11153_net_84_11226	GradientShap_64_1_0.1_NegativeBinomialAutoencoder_zeros_False	GradientShap	64	1	0.1	NegativeBinomialAutoencoder	zeros	False
0.7435897435897436	87	117	33282	off_target	net_115_11153	0	0.5	net_59_10488_net_115_11153_net_84_11226	GradientShap_64_1_0.1_NegativeBinomialAutoencoder_zeros_False	GradientShap	64	1	0.1	NegativeBinomialAutoencoder	zeros	False
0.8974358974358975	105	117	49923	off_target	net_115_11153	0	0.75	net_59_10488_net_115_11153_net_84_11226	GradientShap_64_1_0.1_NegativeBinomialAutoencoder_zeros_False	GradientShap	64	1	0.1	NegativeBinomialAutoencoder	zeros	False
1.0	117	117	66564	off_target	net_115_11153	0	1.0	net_59_10488_net_115_11153_net_84_11226	GradientShap_64_1_0.1_NegativeBinomialAutoencoder_zeros_False	GradientShap	64	1	0.1	NegativeBinomialAutoencoder	zeros	False
0.0	0	117	67	on_target	net_115_11153	1	0.001	net_59_10488_net_115_11153_net_84_11226	GradientShap_64_1_0.1_NegativeBinomialAutoencoder_zeros_False	GradientShap	64	1	0.1	NegativeBinomialAutoencoder	zeros	False
0.0	0	117	666	on_target	net_115_11153	1	0.01	net_59_10488_net_115_11153_net_84_11226	GradientShap_64_1_0.1_NegativeBinomialAutoencoder_zeros_False	GradientShap	64	1	0.1	NegativeBinomialAutoencoder	zeros	False
0.0	0	117	3328	on_target	net_115_11153	1	0.05	net_59_10488_net_115_11153_net_84_11226	GradientShap_64_1_0.1_NegativeBinomialAutoencoder_zeros_False	GradientShap	64	1	0.1	NegativeBinomialAutoencoder	zeros	False
0.0	0	117	6656	on_target	net_115_11153	1	0.1	net_59_10488_net_115_11153_net_84_11226	GradientShap_64_1_0.1_NegativeBinomialAutoencoder_zeros_False	GradientShap	64	1	0.1	NegativeBinomialAutoencoder	zeros	False
0.017094017094017	2	117	13313	on_target	net_115_11153	1	0.2	net_59_10488_net_115_11153_net_84_11226	GradientShap_64_1_0.1_NegativeBinomialAutoencoder_zeros_False	GradientShap	64	1	0.1	NegativeBinomialAutoencoder	zeros	False
0.0512820512820512	6	117	16641	on_target	net_115_11153	1	0.25	net_59_10488_net_115_11153_net_84_11226	GradientShap_64_1_0.1_NegativeBinomialAutoencoder_zeros_False	GradientShap	64	1	0.1	NegativeBinomialAutoencoder	zeros	False
0.3076923076923077	36	117	33282	on_target	net_115_11153	1	0.5	net_59_10488_net_115_11153_net_84_11226	GradientShap_64_1_0.1_NegativeBinomialAutoencoder_zeros_False	GradientShap	64	1	0.1	NegativeBinomialAutoencoder	zeros	False
0.5470085470085471	64	117	49923	on_target	net_115_11153	1	0.75	net_59_10488_net_115_11153_net_84_11226	GradientShap_64_1_0.1_NegativeBinomialAutoencoder_zeros_False	GradientShap	64	1	0.1	NegativeBinomialAutoencoder	zeros	False
1.0	117	117	66564	on_target	net_115_11153	1	1.0	net_59_10488_net_115_11153_net_84_11226	GradientShap_64_1_0.1_NegativeBinomialAutoencoder_zeros_False	GradientShap	64	1	0.1	NegativeBinomialAutoencoder	zeros	False
0.0326086956521739	3	92	80	on_target	net_60_10703	0	0.001	net_60_10703_net_141_11706_net_81_10586	GradientShap_64_1_0.1_NegativeBinomialAutoencoder_zeros_False	GradientShap	64	1	0.1	NegativeBinomialAutoencoder	zeros	False
0.1739130434782608	16	92	795	on_target	net_60_10703	0	0.01	net_60_10703_net_141_11706_net_81_10586	GradientShap_64_1_0.1_NegativeBinomialAutoencoder_zeros_False	GradientShap	64	1	0.1	NegativeBinomialAutoencoder	zeros	False
0.3043478260869565	28	92	3976	on_target	net_60_10703	0	0.05	net_60_10703_net_141_11706_net_81_10586	GradientShap_64_1_0.1_NegativeBinomialAutoencoder_zeros_False	GradientShap	64	1	0.1	NegativeBinomialAutoencoder	zeros	False
0.391304347826087	36	92	7952	on_target	net_60_10703	0	0.1	net_60_10703_net_141_11706_net_81_10586	GradientShap_64_1_0.1_NegativeBinomialAutoencoder_zeros_False	GradientShap	64	1	0.1	NegativeBinomialAutoencoder	zeros	False
0.4782608695652174	44	92	15905	on_target	net_60_10703	0	0.2	net_60_10703_net_141_11706_net_81_10586	GradientShap_64_1_0.1_NegativeBinomialAutoencoder_zeros_False	GradientShap	64	1	0.1	NegativeBinomialAutoencoder	zeros	False
0.5217391304347826	48	92	19881	on_target	net_60_10703	0	0.25	net_60_10703_net_141_11706_net_81_10586	GradientShap_64_1_0.1_NegativeBinomialAutoencoder_zeros_False	GradientShap	64	1	0.1	NegativeBinomialAutoencoder	zeros	False
0.8586956521739131	79	92	39762	on_target	net_60_10703	0	0.5	net_60_10703_net_141_11706_net_81_10586	GradientShap_64_1_0.1_NegativeBinomialAutoencoder_zeros_False	GradientShap	64	1	0.1	NegativeBinomialAutoencoder	zeros	False
0.9565217391304348	88	92	59643	on_target	net_60_10703	0	0.75	net_60_10703_net_141_11706_net_81_10586	GradientShap_64_1_0.1_NegativeBinomialAutoencoder_zeros_False	GradientShap	64	1	0.1	NegativeBinomialAutoencoder	zeros	False
1.0	92	92	79524	on_target	net_60_10703	0	1.0	net_60_10703_net_141_11706_net_81_10586	GradientShap_64_1_0.1_NegativeBinomialAutoencoder_zeros_False	GradientShap	64	1	0.1	NegativeBinomialAutoencoder	zeros	False
0.0	0	92	80	off_target	net_60_10703	1	0.001	net_60_10703_net_141_11706_net_81_10586	GradientShap_64_1_0.1_NegativeBinomialAutoencoder_zeros_False	GradientShap	64	1	0.1	NegativeBinomialAutoencoder	zeros	False
0.0	0	92	795	off_target	net_60_10703	1	0.01	net_60_10703_net_141_11706_net_81_10586	GradientShap_64_1_0.1_NegativeBinomialAutoencoder_zeros_False	GradientShap	64	1	0.1	NegativeBinomialAutoencoder	zeros	False
0.0	0	92	3976	off_target	net_60_10703	1	0.05	net_60_10703_net_141_11706_net_81_10586	GradientShap_64_1_0.1_NegativeBinomialAutoencoder_zeros_False	GradientShap	64	1	0.1	NegativeBinomialAutoencoder	zeros	False
0.0434782608695652	4	92	7952	off_target	net_60_10703	1	0.1	net_60_10703_net_141_11706_net_81_10586	GradientShap_64_1_0.1_NegativeBinomialAutoencoder_zeros_False	GradientShap	64	1	0.1	NegativeBinomialAutoencoder	zeros	False
0.1521739130434782	14	92	15905	off_target	net_60_10703	1	0.2	net_60_10703_net_141_11706_net_81_10586	GradientShap_64_1_0.1_NegativeBinomialAutoencoder_zeros_False	GradientShap	64	1	0.1	NegativeBinomialAutoencoder	zeros	False
0.2608695652173913	24	92	19881	off_target	net_60_10703	1	0.25	net_60_10703_net_141_11706_net_81_10586	GradientShap_64_1_0.1_NegativeBinomialAutoencoder_zeros_False	GradientShap	64	1	0.1	NegativeBinomialAutoencoder	zeros	False
0.6630434782608695	61	92	39762	off_target	net_60_10703	1	0.5	net_60_10703_net_141_11706_net_81_10586	GradientShap_64_1_0.1_NegativeBinomialAutoencoder_zeros_False	GradientShap	64	1	0.1	NegativeBinomialAutoencoder	zeros	False
0.9347826086956522	86	92	59643	off_target	net_60_10703	1	0.75	net_60_10703_net_141_11706_net_81_10586	GradientShap_64_1_0.1_NegativeBinomialAutoencoder_zeros_False	GradientShap	64	1	0.1	NegativeBinomialAutoencoder	zeros	False
1.0	92	92	79524	off_target	net_60_10703	1	1.0	net_60_10703_net_141_11706_net_81_10586	GradientShap_64_1_0.1_NegativeBinomialAutoencoder_zeros_False	GradientShap	64	1	0.1	NegativeBinomialAutoencoder	zeros	False
0.0	0	175	80	off_target	net_141_11706	0	0.001	net_60_10703_net_141_11706_net_81_10586	GradientShap_64_1_0.1_NegativeBinomialAutoencoder_zeros_False	GradientShap	64	1	0.1	NegativeBinomialAutoencoder	zeros	False
0.0	0	175	795	off_target	net_141_11706	0	0.01	net_60_10703_net_141_11706_net_81_10586	GradientShap_64_1_0.1_NegativeBinomialAutoencoder_zeros_False	GradientShap	64	1	0.1	NegativeBinomialAutoencoder	zeros	False
0.0057142857142857	1	175	3976	off_target	net_141_11706	0	0.05	net_60_10703_net_141_11706_net_81_10586	GradientShap_64_1_0.1_NegativeBinomialAutoencoder_zeros_False	GradientShap	64	1	0.1	NegativeBinomialAutoencoder	zeros	False
0.0114285714285714	2	175	7952	off_target	net_141_11706	0	0.1	net_60_10703_net_141_11706_net_81_10586	GradientShap_64_1_0.1_NegativeBinomialAutoencoder_zeros_False	GradientShap	64	1	0.1	NegativeBinomialAutoencoder	zeros	False
0.0228571428571428	4	175	15905	off_target	net_141_11706	0	0.2	net_60_10703_net_141_11706_net_81_10586	GradientShap_64_1_0.1_NegativeBinomialAutoencoder_zeros_False	GradientShap	64	1	0.1	NegativeBinomialAutoencoder	zeros	False
0.04	7	175	19881	off_target	net_141_11706	0	0.25	net_60_10703_net_141_11706_net_81_10586	GradientShap_64_1_0.1_NegativeBinomialAutoencoder_zeros_False	GradientShap	64	1	0.1	NegativeBinomialAutoencoder	zeros	False
0.4857142857142857	85	175	39762	off_target	net_141_11706	0	0.5	net_60_10703_net_141_11706_net_81_10586	GradientShap_64_1_0.1_NegativeBinomialAutoencoder_zeros_False	GradientShap	64	1	0.1	NegativeBinomialAutoencoder	zeros	False
0.8057142857142857	141	175	59643	off_target	net_141_11706	0	0.75	net_60_10703_net_141_11706_net_81_10586	GradientShap_64_1_0.1_NegativeBinomialAutoencoder_zeros_False	GradientShap	64	1	0.1	NegativeBinomialAutoencoder	zeros	False
1.0	175	175	79524	off_target	net_141_11706	0	1.0	net_60_10703_net_141_11706_net_81_10586	GradientShap_64_1_0.1_NegativeBinomialAutoencoder_zeros_False	GradientShap	64	1	0.1	NegativeBinomialAutoencoder	zeros	False
0.0	0	175	80	on_target	net_141_11706	1	0.001	net_60_10703_net_141_11706_net_81_10586	GradientShap_64_1_0.1_NegativeBinomialAutoencoder_zeros_False	GradientShap	64	1	0.1	NegativeBinomialAutoencoder	zeros	False
0.0	0	175	795	on_target	net_141_11706	1	0.01	net_60_10703_net_141_11706_net_81_10586	GradientShap_64_1_0.1_NegativeBinomialAutoencoder_zeros_False	GradientShap	64	1	0.1	NegativeBinomialAutoencoder	zeros	False
0.0228571428571428	4	175	3976	on_target	net_141_11706	1	0.05	net_60_10703_net_141_11706_net_81_10586	GradientShap_64_1_0.1_NegativeBinomialAutoencoder_zeros_False	GradientShap	64	1	0.1	NegativeBinomialAutoencoder	zeros	False
0.1428571428571428	25	175	7952	on_target	net_141_11706	1	0.1	net_60_10703_net_141_11706_net_81_10586	GradientShap_64_1_0.1_NegativeBinomialAutoencoder_zeros_False	GradientShap	64	1	0.1	NegativeBinomialAutoencoder	zeros	False
0.3371428571428571	59	175	15905	on_target	net_141_11706	1	0.2	net_60_10703_net_141_11706_net_81_10586	GradientShap_64_1_0.1_NegativeBinomialAutoencoder_zeros_False	GradientShap	64	1	0.1	NegativeBinomialAutoencoder	zeros	False
0.4228571428571429	74	175	19881	on_target	net_141_11706	1	0.25	net_60_10703_net_141_11706_net_81_10586	GradientShap_64_1_0.1_NegativeBinomialAutoencoder_zeros_False	GradientShap	64	1	0.1	NegativeBinomialAutoencoder	zeros	False
0.68	119	175	39762	on_target	net_141_11706	1	0.5	net_60_10703_net_141_11706_net_81_10586	GradientShap_64_1_0.1_NegativeBinomialAutoencoder_zeros_False	GradientShap	64	1	0.1	NegativeBinomialAutoencoder	zeros	False
0.8571428571428571	150	175	59643	on_target	net_141_11706	1	0.75	net_60_10703_net_141_11706_net_81_10586	GradientShap_64_1_0.1_NegativeBinomialAutoencoder_zeros_False	GradientShap	64	1	0.1	NegativeBinomialAutoencoder	zeros	False
1.0	175	175	79524	on_target	net_141_11706	1	1.0	net_60_10703_net_141_11706_net_81_10586	GradientShap_64_1_0.1_NegativeBinomialAutoencoder_zeros_False	GradientShap	64	1	0.1	NegativeBinomialAutoencoder	zeros	False
0.0	0	105	44	on_target	net_98_11932	0	0.001	net_98_11932_net_51_10906_net_60_10082	GradientShap_64_1_0.1_NegativeBinomialAutoencoder_zeros_False	GradientShap	64	1	0.1	NegativeBinomialAutoencoder	zeros	False
0.0	0	105	437	on_target	net_98_11932	0	0.01	net_98_11932_net_51_10906_net_60_10082	GradientShap_64_1_0.1_NegativeBinomialAutoencoder_zeros_False	GradientShap	64	1	0.1	NegativeBinomialAutoencoder	zeros	False
0.0	0	105	2184	on_target	net_98_11932	0	0.05	net_98_11932_net_51_10906_net_60_10082	GradientShap_64_1_0.1_NegativeBinomialAutoencoder_zeros_False	GradientShap	64	1	0.1	NegativeBinomialAutoencoder	zeros	False
0.019047619047619	2	105	4368	on_target	net_98_11932	0	0.1	net_98_11932_net_51_10906_net_60_10082	GradientShap_64_1_0.1_NegativeBinomialAutoencoder_zeros_False	GradientShap	64	1	0.1	NegativeBinomialAutoencoder	zeros	False
0.0476190476190476	5	105	8736	on_target	net_98_11932	0	0.2	net_98_11932_net_51_10906_net_60_10082	GradientShap_64_1_0.1_NegativeBinomialAutoencoder_zeros_False	GradientShap	64	1	0.1	NegativeBinomialAutoencoder	zeros	False
0.0761904761904762	8	105	10920	on_target	net_98_11932	0	0.25	net_98_11932_net_51_10906_net_60_10082	GradientShap_64_1_0.1_NegativeBinomialAutoencoder_zeros_False	GradientShap	64	1	0.1	NegativeBinomialAutoencoder	zeros	False
0.3428571428571428	36	105	21840	on_target	net_98_11932	0	0.5	net_98_11932_net_51_10906_net_60_10082	GradientShap_64_1_0.1_NegativeBinomialAutoencoder_zeros_False	GradientShap	64	1	0.1	NegativeBinomialAutoencoder	zeros	False
0.7428571428571429	78	105	32761	on_target	net_98_11932	0	0.75	net_98_11932_net_51_10906_net_60_10082	GradientShap_64_1_0.1_NegativeBinomialAutoencoder_zeros_False	GradientShap	64	1	0.1	NegativeBinomialAutoencoder	zeros	False
1.0	105	105	43681	on_target	net_98_11932	0	1.0	net_98_11932_net_51_10906_net_60_10082	GradientShap_64_1_0.1_NegativeBinomialAutoencoder_zeros_False	GradientShap	64	1	0.1	NegativeBinomialAutoencoder	zeros	False
0.0	0	105	44	off_target	net_98_11932	1	0.001	net_98_11932_net_51_10906_net_60_10082	GradientShap_64_1_0.1_NegativeBinomialAutoencoder_zeros_False	GradientShap	64	1	0.1	NegativeBinomialAutoencoder	zeros	False
0.0	0	105	437	off_target	net_98_11932	1	0.01	net_98_11932_net_51_10906_net_60_10082	GradientShap_64_1_0.1_NegativeBinomialAutoencoder_zeros_False	GradientShap	64	1	0.1	NegativeBinomialAutoencoder	zeros	False
0.0285714285714285	3	105	2184	off_target	net_98_11932	1	0.05	net_98_11932_net_51_10906_net_60_10082	GradientShap_64_1_0.1_NegativeBinomialAutoencoder_zeros_False	GradientShap	64	1	0.1	NegativeBinomialAutoencoder	zeros	False
0.0571428571428571	6	105	4368	off_target	net_98_11932	1	0.1	net_98_11932_net_51_10906_net_60_10082	GradientShap_64_1_0.1_NegativeBinomialAutoencoder_zeros_False	GradientShap	64	1	0.1	NegativeBinomialAutoencoder	zeros	False
0.0761904761904762	8	105	8736	off_target	net_98_11932	1	0.2	net_98_11932_net_51_10906_net_60_10082	GradientShap_64_1_0.1_NegativeBinomialAutoencoder_zeros_False	GradientShap	64	1	0.1	NegativeBinomialAutoencoder	zeros	False
0.0952380952380952	10	105	10920	off_target	net_98_11932	1	0.25	net_98_11932_net_51_10906_net_60_10082	GradientShap_64_1_0.1_NegativeBinomialAutoencoder_zeros_False	GradientShap	64	1	0.1	NegativeBinomialAutoencoder	zeros	False
0.1904761904761904	20	105	21840	off_target	net_98_11932	1	0.5	net_98_11932_net_51_10906_net_60_10082	GradientShap_64_1_0.1_NegativeBinomialAutoencoder_zeros_False	GradientShap	64	1	0.1	NegativeBinomialAutoencoder	zeros	False
0.8095238095238095	85	105	32761	off_target	net_98_11932	1	0.75	net_98_11932_net_51_10906_net_60_10082	GradientShap_64_1_0.1_NegativeBinomialAutoencoder_zeros_False	GradientShap	64	1	0.1	NegativeBinomialAutoencoder	zeros	False
1.0	105	105	43681	off_target	net_98_11932	1	1.0	net_98_11932_net_51_10906_net_60_10082	GradientShap_64_1_0.1_NegativeBinomialAutoencoder_zeros_False	GradientShap	64	1	0.1	NegativeBinomialAutoencoder	zeros	False
0.0	0	90	44	off_target	net_51_10906	0	0.001	net_98_11932_net_51_10906_net_60_10082	GradientShap_64_1_0.1_NegativeBinomialAutoencoder_zeros_False	GradientShap	64	1	0.1	NegativeBinomialAutoencoder	zeros	False
0.0	0	90	437	off_target	net_51_10906	0	0.01	net_98_11932_net_51_10906_net_60_10082	GradientShap_64_1_0.1_NegativeBinomialAutoencoder_zeros_False	GradientShap	64	1	0.1	NegativeBinomialAutoencoder	zeros	False
0.0	0	90	2184	off_target	net_51_10906	0	0.05	net_98_11932_net_51_10906_net_60_10082	GradientShap_64_1_0.1_NegativeBinomialAutoencoder_zeros_False	GradientShap	64	1	0.1	NegativeBinomialAutoencoder	zeros	False
0.0111111111111111	1	90	4368	off_target	net_51_10906	0	0.1	net_98_11932_net_51_10906_net_60_10082	GradientShap_64_1_0.1_NegativeBinomialAutoencoder_zeros_False	GradientShap	64	1	0.1	NegativeBinomialAutoencoder	zeros	False
0.1222222222222222	11	90	8736	off_target	net_51_10906	0	0.2	net_98_11932_net_51_10906_net_60_10082	GradientShap_64_1_0.1_NegativeBinomialAutoencoder_zeros_False	GradientShap	64	1	0.1	NegativeBinomialAutoencoder	zeros	False
0.1666666666666666	15	90	10920	off_target	net_51_10906	0	0.25	net_98_11932_net_51_10906_net_60_10082	GradientShap_64_1_0.1_NegativeBinomialAutoencoder_zeros_False	GradientShap	64	1	0.1	NegativeBinomialAutoencoder	zeros	False
0.5777777777777777	52	90	21840	off_target	net_51_10906	0	0.5	net_98_11932_net_51_10906_net_60_10082	GradientShap_64_1_0.1_NegativeBinomialAutoencoder_zeros_False	GradientShap	64	1	0.1	NegativeBinomialAutoencoder	zeros	False
0.9666666666666668	87	90	32761	off_target	net_51_10906	0	0.75	net_98_11932_net_51_10906_net_60_10082	GradientShap_64_1_0.1_NegativeBinomialAutoencoder_zeros_False	GradientShap	64	1	0.1	NegativeBinomialAutoencoder	zeros	False
1.0	90	90	43681	off_target	net_51_10906	0	1.0	net_98_11932_net_51_10906_net_60_10082	GradientShap_64_1_0.1_NegativeBinomialAutoencoder_zeros_False	GradientShap	64	1	0.1	NegativeBinomialAutoencoder	zeros	False
0.0111111111111111	1	90	44	on_target	net_51_10906	1	0.001	net_98_11932_net_51_10906_net_60_10082	GradientShap_64_1_0.1_NegativeBinomialAutoencoder_zeros_False	GradientShap	64	1	0.1	NegativeBinomialAutoencoder	zeros	False
0.1111111111111111	10	90	437	on_target	net_51_10906	1	0.01	net_98_11932_net_51_10906_net_60_10082	GradientShap_64_1_0.1_NegativeBinomialAutoencoder_zeros_False	GradientShap	64	1	0.1	NegativeBinomialAutoencoder	zeros	False
0.3111111111111111	28	90	2184	on_target	net_51_10906	1	0.05	net_98_11932_net_51_10906_net_60_10082	GradientShap_64_1_0.1_NegativeBinomialAutoencoder_zeros_False	GradientShap	64	1	0.1	NegativeBinomialAutoencoder	zeros	False
0.6111111111111112	55	90	4368	on_target	net_51_10906	1	0.1	net_98_11932_net_51_10906_net_60_10082	GradientShap_64_1_0.1_NegativeBinomialAutoencoder_zeros_False	GradientShap	64	1	0.1	NegativeBinomialAutoencoder	zeros	False
0.7777777777777778	70	90	8736	on_target	net_51_10906	1	0.2	net_98_11932_net_51_10906_net_60_10082	GradientShap_64_1_0.1_NegativeBinomialAutoencoder_zeros_False	GradientShap	64	1	0.1	NegativeBinomialAutoencoder	zeros	False
0.8222222222222222	74	90	10920	on_target	net_51_10906	1	0.25	net_98_11932_net_51_10906_net_60_10082	GradientShap_64_1_0.1_NegativeBinomialAutoencoder_zeros_False	GradientShap	64	1	0.1	NegativeBinomialAutoencoder	zeros	False
0.9666666666666668	87	90	21840	on_target	net_51_10906	1	0.5	net_98_11932_net_51_10906_net_60_10082	GradientShap_64_1_0.1_NegativeBinomialAutoencoder_zeros_False	GradientShap	64	1	0.1	NegativeBinomialAutoencoder	zeros	False
1.0	90	90	32761	on_target	net_51_10906	1	0.75	net_98_11932_net_51_10906_net_60_10082	GradientShap_64_1_0.1_NegativeBinomialAutoencoder_zeros_False	GradientShap	64	1	0.1	NegativeBinomialAutoencoder	zeros	False
1.0	90	90	43681	on_target	net_51_10906	1	1.0	net_98_11932_net_51_10906_net_60_10082	GradientShap_64_1_0.1_NegativeBinomialAutoencoder_zeros_False	GradientShap	64	1	0.1	NegativeBinomialAutoencoder	zeros	False
0.0	0	175	156	on_target	net_141_11706	0	0.001	net_141_11706_net_61_10737_net_70_11670_net_51_10906	GradientShap_64_1_0.1_NegativeBinomialAutoencoder_zeros_False	GradientShap	64	1	0.1	NegativeBinomialAutoencoder	zeros	False
0.0	0	175	1565	on_target	net_141_11706	0	0.01	net_141_11706_net_61_10737_net_70_11670_net_51_10906	GradientShap_64_1_0.1_NegativeBinomialAutoencoder_zeros_False	GradientShap	64	1	0.1	NegativeBinomialAutoencoder	zeros	False
0.0571428571428571	10	175	7825	on_target	net_141_11706	0	0.05	net_141_11706_net_61_10737_net_70_11670_net_51_10906	GradientShap_64_1_0.1_NegativeBinomialAutoencoder_zeros_False	GradientShap	64	1	0.1	NegativeBinomialAutoencoder	zeros	False
0.24	42	175	15649	on_target	net_141_11706	0	0.1	net_141_11706_net_61_10737_net_70_11670_net_51_10906	GradientShap_64_1_0.1_NegativeBinomialAutoencoder_zeros_False	GradientShap	64	1	0.1	NegativeBinomialAutoencoder	zeros	False
0.5257142857142857	92	175	31299	on_target	net_141_11706	0	0.2	net_141_11706_net_61_10737_net_70_11670_net_51_10906	GradientShap_64_1_0.1_NegativeBinomialAutoencoder_zeros_False	GradientShap	64	1	0.1	NegativeBinomialAutoencoder	zeros	False
0.5942857142857143	104	175	39123	on_target	net_141_11706	0	0.25	net_141_11706_net_61_10737_net_70_11670_net_51_10906	GradientShap_64_1_0.1_NegativeBinomialAutoencoder_zeros_False	GradientShap	64	1	0.1	NegativeBinomialAutoencoder	zeros	False
0.92	161	175	78247	on_target	net_141_11706	0	0.5	net_141_11706_net_61_10737_net_70_11670_net_51_10906	GradientShap_64_1_0.1_NegativeBinomialAutoencoder_zeros_False	GradientShap	64	1	0.1	NegativeBinomialAutoencoder	zeros	False
1.0	175	175	104329	on_target	net_141_11706	0	0.75	net_141_11706_net_61_10737_net_70_11670_net_51_10906	GradientShap_64_1_0.1_NegativeBinomialAutoencoder_zeros_False	GradientShap	64	1	0.1	NegativeBinomialAutoencoder	zeros	False
1.0	175	175	104329	on_target	net_141_11706	0	1.0	net_141_11706_net_61_10737_net_70_11670_net_51_10906	GradientShap_64_1_0.1_NegativeBinomialAutoencoder_zeros_False	GradientShap	64	1	0.1	NegativeBinomialAutoencoder	zeros	False
0.0	0	175	156	off_target	net_141_11706	1	0.001	net_141_11706_net_61_10737_net_70_11670_net_51_10906	GradientShap_64_1_0.1_NegativeBinomialAutoencoder_zeros_False	GradientShap	64	1	0.1	NegativeBinomialAutoencoder	zeros	False
0.0	0	175	1565	off_target	net_141_11706	1	0.01	net_141_11706_net_61_10737_net_70_11670_net_51_10906	GradientShap_64_1_0.1_NegativeBinomialAutoencoder_zeros_False	GradientShap	64	1	0.1	NegativeBinomialAutoencoder	zeros	False
0.0114285714285714	2	175	7825	off_target	net_141_11706	1	0.05	net_141_11706_net_61_10737_net_70_11670_net_51_10906	GradientShap_64_1_0.1_NegativeBinomialAutoencoder_zeros_False	GradientShap	64	1	0.1	NegativeBinomialAutoencoder	zeros	False
0.0457142857142857	8	175	15649	off_target	net_141_11706	1	0.1	net_141_11706_net_61_10737_net_70_11670_net_51_10906	GradientShap_64_1_0.1_NegativeBinomialAutoencoder_zeros_False	GradientShap	64	1	0.1	NegativeBinomialAutoencoder	zeros	False
0.2571428571428571	45	175	31299	off_target	net_141_11706	1	0.2	net_141_11706_net_61_10737_net_70_11670_net_51_10906	GradientShap_64_1_0.1_NegativeBinomialAutoencoder_zeros_False	GradientShap	64	1	0.1	NegativeBinomialAutoencoder	zeros	False
0.3371428571428571	59	175	39123	off_target	net_141_11706	1	0.25	net_141_11706_net_61_10737_net_70_11670_net_51_10906	GradientShap_64_1_0.1_NegativeBinomialAutoencoder_zeros_False	GradientShap	64	1	0.1	NegativeBinomialAutoencoder	zeros	False
0.96	168	175	78247	off_target	net_141_11706	1	0.5	net_141_11706_net_61_10737_net_70_11670_net_51_10906	GradientShap_64_1_0.1_NegativeBinomialAutoencoder_zeros_False	GradientShap	64	1	0.1	NegativeBinomialAutoencoder	zeros	False
1.0	175	175	104329	off_target	net_141_11706	1	0.75	net_141_11706_net_61_10737_net_70_11670_net_51_10906	GradientShap_64_1_0.1_NegativeBinomialAutoencoder_zeros_False	GradientShap	64	1	0.1	NegativeBinomialAutoencoder	zeros	False
1.0	175	175	104329	off_target	net_141_11706	1	1.0	net_141_11706_net_61_10737_net_70_11670_net_51_10906	GradientShap_64_1_0.1_NegativeBinomialAutoencoder_zeros_False	GradientShap	64	1	0.1	NegativeBinomialAutoencoder	zeros	False
0.0	0	175	156	off_target	net_141_11706	2	0.001	net_141_11706_net_61_10737_net_70_11670_net_51_10906	GradientShap_64_1_0.1_NegativeBinomialAutoencoder_zeros_False	GradientShap	64	1	0.1	NegativeBinomialAutoencoder	zeros	False
0.0	0	175	1565	off_target	net_141_11706	2	0.01	net_141_11706_net_61_10737_net_70_11670_net_51_10906	GradientShap_64_1_0.1_NegativeBinomialAutoencoder_zeros_False	GradientShap	64	1	0.1	NegativeBinomialAutoencoder	zeros	False
0.0114285714285714	2	175	7825	off_target	net_141_11706	2	0.05	net_141_11706_net_61_10737_net_70_11670_net_51_10906	GradientShap_64_1_0.1_NegativeBinomialAutoencoder_zeros_False	GradientShap	64	1	0.1	NegativeBinomialAutoencoder	zeros	False
0.1371428571428571	24	175	15649	off_target	net_141_11706	2	0.1	net_141_11706_net_61_10737_net_70_11670_net_51_10906	GradientShap_64_1_0.1_NegativeBinomialAutoencoder_zeros_False	GradientShap	64	1	0.1	NegativeBinomialAutoencoder	zeros	False
0.4	70	175	31299	off_target	net_141_11706	2	0.2	net_141_11706_net_61_10737_net_70_11670_net_51_10906	GradientShap_64_1_0.1_NegativeBinomialAutoencoder_zeros_False	GradientShap	64	1	0.1	NegativeBinomialAutoencoder	zeros	False
0.5257142857142857	92	175	39123	off_target	net_141_11706	2	0.25	net_141_11706_net_61_10737_net_70_11670_net_51_10906	GradientShap_64_1_0.1_NegativeBinomialAutoencoder_zeros_False	GradientShap	64	1	0.1	NegativeBinomialAutoencoder	zeros	False
0.8857142857142857	155	175	78247	off_target	net_141_11706	2	0.5	net_141_11706_net_61_10737_net_70_11670_net_51_10906	GradientShap_64_1_0.1_NegativeBinomialAutoencoder_zeros_False	GradientShap	64	1	0.1	NegativeBinomialAutoencoder	zeros	False
1.0	175	175	104329	off_target	net_141_11706	2	0.75	net_141_11706_net_61_10737_net_70_11670_net_51_10906	GradientShap_64_1_0.1_NegativeBinomialAutoencoder_zeros_False	GradientShap	64	1	0.1	NegativeBinomialAutoencoder	zeros	False
1.0	175	175	104329	off_target	net_141_11706	2	1.0	net_141_11706_net_61_10737_net_70_11670_net_51_10906	GradientShap_64_1_0.1_NegativeBinomialAutoencoder_zeros_False	GradientShap	64	1	0.1	NegativeBinomialAutoencoder	zeros	False
0.0	0	132	156	off_target	net_61_10737	0	0.001	net_141_11706_net_61_10737_net_70_11670_net_51_10906	GradientShap_64_1_0.1_NegativeBinomialAutoencoder_zeros_False	GradientShap	64	1	0.1	NegativeBinomialAutoencoder	zeros	False
0.0	0	132	1565	off_target	net_61_10737	0	0.01	net_141_11706_net_61_10737_net_70_11670_net_51_10906	GradientShap_64_1_0.1_NegativeBinomialAutoencoder_zeros_False	GradientShap	64	1	0.1	NegativeBinomialAutoencoder	zeros	False
0.0	0	132	7825	off_target	net_61_10737	0	0.05	net_141_11706_net_61_10737_net_70_11670_net_51_10906	GradientShap_64_1_0.1_NegativeBinomialAutoencoder_zeros_False	GradientShap	64	1	0.1	NegativeBinomialAutoencoder	zeros	False
0.0075757575757575	1	132	15649	off_target	net_61_10737	0	0.1	net_141_11706_net_61_10737_net_70_11670_net_51_10906	GradientShap_64_1_0.1_NegativeBinomialAutoencoder_zeros_False	GradientShap	64	1	0.1	NegativeBinomialAutoencoder	zeros	False
0.1363636363636363	18	132	31299	off_target	net_61_10737	0	0.2	net_141_11706_net_61_10737_net_70_11670_net_51_10906	GradientShap_64_1_0.1_NegativeBinomialAutoencoder_zeros_False	GradientShap	64	1	0.1	NegativeBinomialAutoencoder	zeros	False
0.2575757575757575	34	132	39123	off_target	net_61_10737	0	0.25	net_141_11706_net_61_10737_net_70_11670_net_51_10906	GradientShap_64_1_0.1_NegativeBinomialAutoencoder_zeros_False	GradientShap	64	1	0.1	NegativeBinomialAutoencoder	zeros	False
0.7878787878787878	104	132	78247	off_target	net_61_10737	0	0.5	net_141_11706_net_61_10737_net_70_11670_net_51_10906	GradientShap_64_1_0.1_NegativeBinomialAutoencoder_zeros_False	GradientShap	64	1	0.1	NegativeBinomialAutoencoder	zeros	False
1.0	132	132	104329	off_target	net_61_10737	0	0.75	net_141_11706_net_61_10737_net_70_11670_net_51_10906	GradientShap_64_1_0.1_NegativeBinomialAutoencoder_zeros_False	GradientShap	64	1	0.1	NegativeBinomialAutoencoder	zeros	False
1.0	132	132	104329	off_target	net_61_10737	0	1.0	net_141_11706_net_61_10737_net_70_11670_net_51_10906	GradientShap_64_1_0.1_NegativeBinomialAutoencoder_zeros_False	GradientShap	64	1	0.1	NegativeBinomialAutoencoder	zeros	False
0.0	0	132	156	on_target	net_61_10737	1	0.001	net_141_11706_net_61_10737_net_70_11670_net_51_10906	GradientShap_64_1_0.1_NegativeBinomialAutoencoder_zeros_False	GradientShap	64	1	0.1	NegativeBinomialAutoencoder	zeros	False
0.0303030303030303	4	132	1565	on_target	net_61_10737	1	0.01	net_141_11706_net_61_10737_net_70_11670_net_51_10906	GradientShap_64_1_0.1_NegativeBinomialAutoencoder_zeros_False	GradientShap	64	1	0.1	NegativeBinomialAutoencoder	zeros	False
0.2651515151515151	35	132	7825	on_target	net_61_10737	1	0.05	net_141_11706_net_61_10737_net_70_11670_net_51_10906	GradientShap_64_1_0.1_NegativeBinomialAutoencoder_zeros_False	GradientShap	64	1	0.1	NegativeBinomialAutoencoder	zeros	False
0.4242424242424242	56	132	15649	on_target	net_61_10737	1	0.1	net_141_11706_net_61_10737_net_70_11670_net_51_10906	GradientShap_64_1_0.1_NegativeBinomialAutoencoder_zeros_False	GradientShap	64	1	0.1	NegativeBinomialAutoencoder	zeros	False
0.5984848484848485	79	132	31299	on_target	net_61_10737	1	0.2	net_141_11706_net_61_10737_net_70_11670_net_51_10906	GradientShap_64_1_0.1_NegativeBinomialAutoencoder_zeros_False	GradientShap	64	1	0.1	NegativeBinomialAutoencoder	zeros	False
0.6363636363636364	84	132	39123	on_target	net_61_10737	1	0.25	net_141_11706_net_61_10737_net_70_11670_net_51_10906	GradientShap_64_1_0.1_NegativeBinomialAutoencoder_zeros_False	GradientShap	64	1	0.1	NegativeBinomialAutoencoder	zeros	False
0.8333333333333334	110	132	78247	on_target	net_61_10737	1	0.5	net_141_11706_net_61_10737_net_70_11670_net_51_10906	GradientShap_64_1_0.1_NegativeBinomialAutoencoder_zeros_False	GradientShap	64	1	0.1	NegativeBinomialAutoencoder	zeros	False
1.0	132	132	104329	on_target	net_61_10737	1	0.75	net_141_11706_net_61_10737_net_70_11670_net_51_10906	GradientShap_64_1_0.1_NegativeBinomialAutoencoder_zeros_False	GradientShap	64	1	0.1	NegativeBinomialAutoencoder	zeros	False
1.0	132	132	104329	on_target	net_61_10737	1	1.0	net_141_11706_net_61_10737_net_70_11670_net_51_10906	GradientShap_64_1_0.1_NegativeBinomialAutoencoder_zeros_False	GradientShap	64	1	0.1	NegativeBinomialAutoencoder	zeros	False
0.0	0	132	156	off_target	net_61_10737	2	0.001	net_141_11706_net_61_10737_net_70_11670_net_51_10906	GradientShap_64_1_0.1_NegativeBinomialAutoencoder_zeros_False	GradientShap	64	1	0.1	NegativeBinomialAutoencoder	zeros	False
0.0	0	132	1565	off_target	net_61_10737	2	0.01	net_141_11706_net_61_10737_net_70_11670_net_51_10906	GradientShap_64_1_0.1_NegativeBinomialAutoencoder_zeros_False	GradientShap	64	1	0.1	NegativeBinomialAutoencoder	zeros	False
0.0075757575757575	1	132	7825	off_target	net_61_10737	2	0.05	net_141_11706_net_61_10737_net_70_11670_net_51_10906	GradientShap_64_1_0.1_NegativeBinomialAutoencoder_zeros_False	GradientShap	64	1	0.1	NegativeBinomialAutoencoder	zeros	False
0.0757575757575757	10	132	15649	off_target	net_61_10737	2	0.1	net_141_11706_net_61_10737_net_70_11670_net_51_10906	GradientShap_64_1_0.1_NegativeBinomialAutoencoder_zeros_False	GradientShap	64	1	0.1	NegativeBinomialAutoencoder	zeros	False
0.2575757575757575	34	132	31299	off_target	net_61_10737	2	0.2	net_141_11706_net_61_10737_net_70_11670_net_51_10906	GradientShap_64_1_0.1_NegativeBinomialAutoencoder_zeros_False	GradientShap	64	1	0.1	NegativeBinomialAutoencoder	zeros	False
0.3636363636363636	48	132	39123	off_target	net_61_10737	2	0.25	net_141_11706_net_61_10737_net_70_11670_net_51_10906	GradientShap_64_1_0.1_NegativeBinomialAutoencoder_zeros_False	GradientShap	64	1	0.1	NegativeBinomialAutoencoder	zeros	False
0.8106060606060606	107	132	78247	off_target	net_61_10737	2	0.5	net_141_11706_net_61_10737_net_70_11670_net_51_10906	GradientShap_64_1_0.1_NegativeBinomialAutoencoder_zeros_False	GradientShap	64	1	0.1	NegativeBinomialAutoencoder	zeros	False
1.0	132	132	104329	off_target	net_61_10737	2	0.75	net_141_11706_net_61_10737_net_70_11670_net_51_10906	GradientShap_64_1_0.1_NegativeBinomialAutoencoder_zeros_False	GradientShap	64	1	0.1	NegativeBinomialAutoencoder	zeros	False
1.0	132	132	104329	off_target	net_61_10737	2	1.0	net_141_11706_net_61_10737_net_70_11670_net_51_10906	GradientShap_64_1_0.1_NegativeBinomialAutoencoder_zeros_False	GradientShap	64	1	0.1	NegativeBinomialAutoencoder	zeros	False
0.0	0	80	156	off_target	net_70_11670	0	0.001	net_141_11706_net_61_10737_net_70_11670_net_51_10906	GradientShap_64_1_0.1_NegativeBinomialAutoencoder_zeros_False	GradientShap	64	1	0.1	NegativeBinomialAutoencoder	zeros	False
0.0125	1	80	1565	off_target	net_70_11670	0	0.01	net_141_11706_net_61_10737_net_70_11670_net_51_10906	GradientShap_64_1_0.1_NegativeBinomialAutoencoder_zeros_False	GradientShap	64	1	0.1	NegativeBinomialAutoencoder	zeros	False
0.1125	9	80	7825	off_target	net_70_11670	0	0.05	net_141_11706_net_61_10737_net_70_11670_net_51_10906	GradientShap_64_1_0.1_NegativeBinomialAutoencoder_zeros_False	GradientShap	64	1	0.1	NegativeBinomialAutoencoder	zeros	False
0.2	16	80	15649	off_target	net_70_11670	0	0.1	net_141_11706_net_61_10737_net_70_11670_net_51_10906	GradientShap_64_1_0.1_NegativeBinomialAutoencoder_zeros_False	GradientShap	64	1	0.1	NegativeBinomialAutoencoder	zeros	False
0.35	28	80	31299	off_target	net_70_11670	0	0.2	net_141_11706_net_61_10737_net_70_11670_net_51_10906	GradientShap_64_1_0.1_NegativeBinomialAutoencoder_zeros_False	GradientShap	64	1	0.1	NegativeBinomialAutoencoder	zeros	False
0.4375	35	80	39123	off_target	net_70_11670	0	0.25	net_141_11706_net_61_10737_net_70_11670_net_51_10906	GradientShap_64_1_0.1_NegativeBinomialAutoencoder_zeros_False	GradientShap	64	1	0.1	NegativeBinomialAutoencoder	zeros	False
0.7875	63	80	78247	off_target	net_70_11670	0	0.5	net_141_11706_net_61_10737_net_70_11670_net_51_10906	GradientShap_64_1_0.1_NegativeBinomialAutoencoder_zeros_False	GradientShap	64	1	0.1	NegativeBinomialAutoencoder	zeros	False
1.0	80	80	104329	off_target	net_70_11670	0	0.75	net_141_11706_net_61_10737_net_70_11670_net_51_10906	GradientShap_64_1_0.1_NegativeBinomialAutoencoder_zeros_False	GradientShap	64	1	0.1	NegativeBinomialAutoencoder	zeros	False
1.0	80	80	104329	off_target	net_70_11670	0	1.0	net_141_11706_net_61_10737_net_70_11670_net_51_10906	GradientShap_64_1_0.1_NegativeBinomialAutoencoder_zeros_False	GradientShap	64	1	0.1	NegativeBinomialAutoencoder	zeros	False
0.0	0	80	156	off_target	net_70_11670	1	0.001	net_141_11706_net_61_10737_net_70_11670_net_51_10906	GradientShap_64_1_0.1_NegativeBinomialAutoencoder_zeros_False	GradientShap	64	1	0.1	NegativeBinomialAutoencoder	zeros	False
0.0125	1	80	1565	off_target	net_70_11670	1	0.01	net_141_11706_net_61_10737_net_70_11670_net_51_10906	GradientShap_64_1_0.1_NegativeBinomialAutoencoder_zeros_False	GradientShap	64	1	0.1	NegativeBinomialAutoencoder	zeros	False
0.0625	5	80	7825	off_target	net_70_11670	1	0.05	net_141_11706_net_61_10737_net_70_11670_net_51_10906	GradientShap_64_1_0.1_NegativeBinomialAutoencoder_zeros_False	GradientShap	64	1	0.1	NegativeBinomialAutoencoder	zeros	False
0.0875	7	80	15649	off_target	net_70_11670	1	0.1	net_141_11706_net_61_10737_net_70_11670_net_51_10906	GradientShap_64_1_0.1_NegativeBinomialAutoencoder_zeros_False	GradientShap	64	1	0.1	NegativeBinomialAutoencoder	zeros	False
0.2375	19	80	31299	off_target	net_70_11670	1	0.2	net_141_11706_net_61_10737_net_70_11670_net_51_10906	GradientShap_64_1_0.1_NegativeBinomialAutoencoder_zeros_False	GradientShap	64	1	0.1	NegativeBinomialAutoencoder	zeros	False
0.3125	25	80	39123	off_target	net_70_11670	1	0.25	net_141_11706_net_61_10737_net_70_11670_net_51_10906	GradientShap_64_1_0.1_NegativeBinomialAutoencoder_zeros_False	GradientShap	64	1	0.1	NegativeBinomialAutoencoder	zeros	False
0.725	58	80	78247	off_target	net_70_11670	1	0.5	net_141_11706_net_61_10737_net_70_11670_net_51_10906	GradientShap_64_1_0.1_NegativeBinomialAutoencoder_zeros_False	GradientShap	64	1	0.1	NegativeBinomialAutoencoder	zeros	False
1.0	80	80	104329	off_target	net_70_11670	1	0.75	net_141_11706_net_61_10737_net_70_11670_net_51_10906	GradientShap_64_1_0.1_NegativeBinomialAutoencoder_zeros_False	GradientShap	64	1	0.1	NegativeBinomialAutoencoder	zeros	False
1.0	80	80	104329	off_target	net_70_11670	1	1.0	net_141_11706_net_61_10737_net_70_11670_net_51_10906	GradientShap_64_1_0.1_NegativeBinomialAutoencoder_zeros_False	GradientShap	64	1	0.1	NegativeBinomialAutoencoder	zeros	False
0.0	0	80	156	on_target	net_70_11670	2	0.001	net_141_11706_net_61_10737_net_70_11670_net_51_10906	GradientShap_64_1_0.1_NegativeBinomialAutoencoder_zeros_False	GradientShap	64	1	0.1	NegativeBinomialAutoencoder	zeros	False
0.05	4	80	1565	on_target	net_70_11670	2	0.01	net_141_11706_net_61_10737_net_70_11670_net_51_10906	GradientShap_64_1_0.1_NegativeBinomialAutoencoder_zeros_False	GradientShap	64	1	0.1	NegativeBinomialAutoencoder	zeros	False
0.15	12	80	7825	on_target	net_70_11670	2	0.05	net_141_11706_net_61_10737_net_70_11670_net_51_10906	GradientShap_64_1_0.1_NegativeBinomialAutoencoder_zeros_False	GradientShap	64	1	0.1	NegativeBinomialAutoencoder	zeros	False
0.3	24	80	15649	on_target	net_70_11670	2	0.1	net_141_11706_net_61_10737_net_70_11670_net_51_10906	GradientShap_64_1_0.1_NegativeBinomialAutoencoder_zeros_False	GradientShap	64	1	0.1	NegativeBinomialAutoencoder	zeros	False
0.475	38	80	31299	on_target	net_70_11670	2	0.2	net_141_11706_net_61_10737_net_70_11670_net_51_10906	GradientShap_64_1_0.1_NegativeBinomialAutoencoder_zeros_False	GradientShap	64	1	0.1	NegativeBinomialAutoencoder	zeros	False
0.5125	41	80	39123	on_target	net_70_11670	2	0.25	net_141_11706_net_61_10737_net_70_11670_net_51_10906	GradientShap_64_1_0.1_NegativeBinomialAutoencoder_zeros_False	GradientShap	64	1	0.1	NegativeBinomialAutoencoder	zeros	False
0.65	52	80	78247	on_target	net_70_11670	2	0.5	net_141_11706_net_61_10737_net_70_11670_net_51_10906	GradientShap_64_1_0.1_NegativeBinomialAutoencoder_zeros_False	GradientShap	64	1	0.1	NegativeBinomialAutoencoder	zeros	False
1.0	80	80	104329	on_target	net_70_11670	2	0.75	net_141_11706_net_61_10737_net_70_11670_net_51_10906	GradientShap_64_1_0.1_NegativeBinomialAutoencoder_zeros_False	GradientShap	64	1	0.1	NegativeBinomialAutoencoder	zeros	False
1.0	80	80	104329	on_target	net_70_11670	2	1.0	net_141_11706_net_61_10737_net_70_11670_net_51_10906	GradientShap_64_1_0.1_NegativeBinomialAutoencoder_zeros_False	GradientShap	64	1	0.1	NegativeBinomialAutoencoder	zeros	False
0.0	0	175	233	on_target	net_141_11706	0	0.001	net_141_11706_net_81_10586_net_115_11153_net_57_10409	GradientShap_64_1_0.1_NegativeBinomialAutoencoder_zeros_False	GradientShap	64	1	0.1	NegativeBinomialAutoencoder	zeros	False
0.0	0	175	2329	on_target	net_141_11706	0	0.01	net_141_11706_net_81_10586_net_115_11153_net_57_10409	GradientShap_64_1_0.1_NegativeBinomialAutoencoder_zeros_False	GradientShap	64	1	0.1	NegativeBinomialAutoencoder	zeros	False
0.0628571428571428	11	175	11643	on_target	net_141_11706	0	0.05	net_141_11706_net_81_10586_net_115_11153_net_57_10409	GradientShap_64_1_0.1_NegativeBinomialAutoencoder_zeros_False	GradientShap	64	1	0.1	NegativeBinomialAutoencoder	zeros	False
0.1142857142857142	20	175	23285	on_target	net_141_11706	0	0.1	net_141_11706_net_81_10586_net_115_11153_net_57_10409	GradientShap_64_1_0.1_NegativeBinomialAutoencoder_zeros_False	GradientShap	64	1	0.1	NegativeBinomialAutoencoder	zeros	False
0.3885714285714285	68	175	46571	on_target	net_141_11706	0	0.2	net_141_11706_net_81_10586_net_115_11153_net_57_10409	GradientShap_64_1_0.1_NegativeBinomialAutoencoder_zeros_False	GradientShap	64	1	0.1	NegativeBinomialAutoencoder	zeros	False
0.5257142857142857	92	175	58214	on_target	net_141_11706	0	0.25	net_141_11706_net_81_10586_net_115_11153_net_57_10409	GradientShap_64_1_0.1_NegativeBinomialAutoencoder_zeros_False	GradientShap	64	1	0.1	NegativeBinomialAutoencoder	zeros	False
0.8285714285714286	145	175	116427	on_target	net_141_11706	0	0.5	net_141_11706_net_81_10586_net_115_11153_net_57_10409	GradientShap_64_1_0.1_NegativeBinomialAutoencoder_zeros_False	GradientShap	64	1	0.1	NegativeBinomialAutoencoder	zeros	False
1.0	175	175	155236	on_target	net_141_11706	0	0.75	net_141_11706_net_81_10586_net_115_11153_net_57_10409	GradientShap_64_1_0.1_NegativeBinomialAutoencoder_zeros_False	GradientShap	64	1	0.1	NegativeBinomialAutoencoder	zeros	False
1.0	175	175	155236	on_target	net_141_11706	0	1.0	net_141_11706_net_81_10586_net_115_11153_net_57_10409	GradientShap_64_1_0.1_NegativeBinomialAutoencoder_zeros_False	GradientShap	64	1	0.1	NegativeBinomialAutoencoder	zeros	False
0.0	0	175	233	off_target	net_141_11706	1	0.001	net_141_11706_net_81_10586_net_115_11153_net_57_10409	GradientShap_64_1_0.1_NegativeBinomialAutoencoder_zeros_False	GradientShap	64	1	0.1	NegativeBinomialAutoencoder	zeros	False
0.0	0	175	2329	off_target	net_141_11706	1	0.01	net_141_11706_net_81_10586_net_115_11153_net_57_10409	GradientShap_64_1_0.1_NegativeBinomialAutoencoder_zeros_False	GradientShap	64	1	0.1	NegativeBinomialAutoencoder	zeros	False
0.0457142857142857	8	175	11643	off_target	net_141_11706	1	0.05	net_141_11706_net_81_10586_net_115_11153_net_57_10409	GradientShap_64_1_0.1_NegativeBinomialAutoencoder_zeros_False	GradientShap	64	1	0.1	NegativeBinomialAutoencoder	zeros	False
0.08	14	175	23285	off_target	net_141_11706	1	0.1	net_141_11706_net_81_10586_net_115_11153_net_57_10409	GradientShap_64_1_0.1_NegativeBinomialAutoencoder_zeros_False	GradientShap	64	1	0.1	NegativeBinomialAutoencoder	zeros	False
0.2	35	175	46571	off_target	net_141_11706	1	0.2	net_141_11706_net_81_10586_net_115_11153_net_57_10409	GradientShap_64_1_0.1_NegativeBinomialAutoencoder_zeros_False	GradientShap	64	1	0.1	NegativeBinomialAutoencoder	zeros	False
0.3314285714285714	58	175	58214	off_target	net_141_11706	1	0.25	net_141_11706_net_81_10586_net_115_11153_net_57_10409	GradientShap_64_1_0.1_NegativeBinomialAutoencoder_zeros_False	GradientShap	64	1	0.1	NegativeBinomialAutoencoder	zeros	False
0.8228571428571428	144	175	116427	off_target	net_141_11706	1	0.5	net_141_11706_net_81_10586_net_115_11153_net_57_10409	GradientShap_64_1_0.1_NegativeBinomialAutoencoder_zeros_False	GradientShap	64	1	0.1	NegativeBinomialAutoencoder	zeros	False
1.0	175	175	155236	off_target	net_141_11706	1	0.75	net_141_11706_net_81_10586_net_115_11153_net_57_10409	GradientShap_64_1_0.1_NegativeBinomialAutoencoder_zeros_False	GradientShap	64	1	0.1	NegativeBinomialAutoencoder	zeros	False
1.0	175	175	155236	off_target	net_141_11706	1	1.0	net_141_11706_net_81_10586_net_115_11153_net_57_10409	GradientShap_64_1_0.1_NegativeBinomialAutoencoder_zeros_False	GradientShap	64	1	0.1	NegativeBinomialAutoencoder	zeros	False
0.0	0	175	233	off_target	net_141_11706	2	0.001	net_141_11706_net_81_10586_net_115_11153_net_57_10409	GradientShap_64_1_0.1_NegativeBinomialAutoencoder_zeros_False	GradientShap	64	1	0.1	NegativeBinomialAutoencoder	zeros	False
0.0	0	175	2329	off_target	net_141_11706	2	0.01	net_141_11706_net_81_10586_net_115_11153_net_57_10409	GradientShap_64_1_0.1_NegativeBinomialAutoencoder_zeros_False	GradientShap	64	1	0.1	NegativeBinomialAutoencoder	zeros	False
0.0285714285714285	5	175	11643	off_target	net_141_11706	2	0.05	net_141_11706_net_81_10586_net_115_11153_net_57_10409	GradientShap_64_1_0.1_NegativeBinomialAutoencoder_zeros_False	GradientShap	64	1	0.1	NegativeBinomialAutoencoder	zeros	False
0.0514285714285714	9	175	23285	off_target	net_141_11706	2	0.1	net_141_11706_net_81_10586_net_115_11153_net_57_10409	GradientShap_64_1_0.1_NegativeBinomialAutoencoder_zeros_False	GradientShap	64	1	0.1	NegativeBinomialAutoencoder	zeros	False
0.24	42	175	46571	off_target	net_141_11706	2	0.2	net_141_11706_net_81_10586_net_115_11153_net_57_10409	GradientShap_64_1_0.1_NegativeBinomialAutoencoder_zeros_False	GradientShap	64	1	0.1	NegativeBinomialAutoencoder	zeros	False
0.3885714285714285	68	175	58214	off_target	net_141_11706	2	0.25	net_141_11706_net_81_10586_net_115_11153_net_57_10409	GradientShap_64_1_0.1_NegativeBinomialAutoencoder_zeros_False	GradientShap	64	1	0.1	NegativeBinomialAutoencoder	zeros	False
0.7257142857142858	127	175	116427	off_target	net_141_11706	2	0.5	net_141_11706_net_81_10586_net_115_11153_net_57_10409	GradientShap_64_1_0.1_NegativeBinomialAutoencoder_zeros_False	GradientShap	64	1	0.1	NegativeBinomialAutoencoder	zeros	False
1.0	175	175	155236	off_target	net_141_11706	2	0.75	net_141_11706_net_81_10586_net_115_11153_net_57_10409	GradientShap_64_1_0.1_NegativeBinomialAutoencoder_zeros_False	GradientShap	64	1	0.1	NegativeBinomialAutoencoder	zeros	False
1.0	175	175	155236	off_target	net_141_11706	2	1.0	net_141_11706_net_81_10586_net_115_11153_net_57_10409	GradientShap_64_1_0.1_NegativeBinomialAutoencoder_zeros_False	GradientShap	64	1	0.1	NegativeBinomialAutoencoder	zeros	False
0.0	0	101	233	off_target	net_81_10586	0	0.001	net_141_11706_net_81_10586_net_115_11153_net_57_10409	GradientShap_64_1_0.1_NegativeBinomialAutoencoder_zeros_False	GradientShap	64	1	0.1	NegativeBinomialAutoencoder	zeros	False
0.0198019801980198	2	101	2329	off_target	net_81_10586	0	0.01	net_141_11706_net_81_10586_net_115_11153_net_57_10409	GradientShap_64_1_0.1_NegativeBinomialAutoencoder_zeros_False	GradientShap	64	1	0.1	NegativeBinomialAutoencoder	zeros	False
0.0594059405940594	6	101	11643	off_target	net_81_10586	0	0.05	net_141_11706_net_81_10586_net_115_11153_net_57_10409	GradientShap_64_1_0.1_NegativeBinomialAutoencoder_zeros_False	GradientShap	64	1	0.1	NegativeBinomialAutoencoder	zeros	False
0.1881188118811881	19	101	23285	off_target	net_81_10586	0	0.1	net_141_11706_net_81_10586_net_115_11153_net_57_10409	GradientShap_64_1_0.1_NegativeBinomialAutoencoder_zeros_False	GradientShap	64	1	0.1	NegativeBinomialAutoencoder	zeros	False
0.3861386138613861	39	101	46571	off_target	net_81_10586	0	0.2	net_141_11706_net_81_10586_net_115_11153_net_57_10409	GradientShap_64_1_0.1_NegativeBinomialAutoencoder_zeros_False	GradientShap	64	1	0.1	NegativeBinomialAutoencoder	zeros	False
0.4851485148514851	49	101	58214	off_target	net_81_10586	0	0.25	net_141_11706_net_81_10586_net_115_11153_net_57_10409	GradientShap_64_1_0.1_NegativeBinomialAutoencoder_zeros_False	GradientShap	64	1	0.1	NegativeBinomialAutoencoder	zeros	False
0.8811881188118812	89	101	116427	off_target	net_81_10586	0	0.5	net_141_11706_net_81_10586_net_115_11153_net_57_10409	GradientShap_64_1_0.1_NegativeBinomialAutoencoder_zeros_False	GradientShap	64	1	0.1	NegativeBinomialAutoencoder	zeros	False
1.0	101	101	155236	off_target	net_81_10586	0	0.75	net_141_11706_net_81_10586_net_115_11153_net_57_10409	GradientShap_64_1_0.1_NegativeBinomialAutoencoder_zeros_False	GradientShap	64	1	0.1	NegativeBinomialAutoencoder	zeros	False
1.0	101	101	155236	off_target	net_81_10586	0	1.0	net_141_11706_net_81_10586_net_115_11153_net_57_10409	GradientShap_64_1_0.1_NegativeBinomialAutoencoder_zeros_False	GradientShap	64	1	0.1	NegativeBinomialAutoencoder	zeros	False
0.0	0	101	233	on_target	net_81_10586	1	0.001	net_141_11706_net_81_10586_net_115_11153_net_57_10409	GradientShap_64_1_0.1_NegativeBinomialAutoencoder_zeros_False	GradientShap	64	1	0.1	NegativeBinomialAutoencoder	zeros	False
0.0	0	101	2329	on_target	net_81_10586	1	0.01	net_141_11706_net_81_10586_net_115_11153_net_57_10409	GradientShap_64_1_0.1_NegativeBinomialAutoencoder_zeros_False	GradientShap	64	1	0.1	NegativeBinomialAutoencoder	zeros	False
0.0693069306930693	7	101	11643	on_target	net_81_10586	1	0.05	net_141_11706_net_81_10586_net_115_11153_net_57_10409	GradientShap_64_1_0.1_NegativeBinomialAutoencoder_zeros_False	GradientShap	64	1	0.1	NegativeBinomialAutoencoder	zeros	False
0.1584158415841584	16	101	23285	on_target	net_81_10586	1	0.1	net_141_11706_net_81_10586_net_115_11153_net_57_10409	GradientShap_64_1_0.1_NegativeBinomialAutoencoder_zeros_False	GradientShap	64	1	0.1	NegativeBinomialAutoencoder	zeros	False
0.4851485148514851	49	101	46571	on_target	net_81_10586	1	0.2	net_141_11706_net_81_10586_net_115_11153_net_57_10409	GradientShap_64_1_0.1_NegativeBinomialAutoencoder_zeros_False	GradientShap	64	1	0.1	NegativeBinomialAutoencoder	zeros	False
0.6039603960396039	61	101	58214	on_target	net_81_10586	1	0.25	net_141_11706_net_81_10586_net_115_11153_net_57_10409	GradientShap_64_1_0.1_NegativeBinomialAutoencoder_zeros_False	GradientShap	64	1	0.1	NegativeBinomialAutoencoder	zeros	False
0.8514851485148515	86	101	116427	on_target	net_81_10586	1	0.5	net_141_11706_net_81_10586_net_115_11153_net_57_10409	GradientShap_64_1_0.1_NegativeBinomialAutoencoder_zeros_False	GradientShap	64	1	0.1	NegativeBinomialAutoencoder	zeros	False
1.0	101	101	155236	on_target	net_81_10586	1	0.75	net_141_11706_net_81_10586_net_115_11153_net_57_10409	GradientShap_64_1_0.1_NegativeBinomialAutoencoder_zeros_False	GradientShap	64	1	0.1	NegativeBinomialAutoencoder	zeros	False
1.0	101	101	155236	on_target	net_81_10586	1	1.0	net_141_11706_net_81_10586_net_115_11153_net_57_10409	GradientShap_64_1_0.1_NegativeBinomialAutoencoder_zeros_False	GradientShap	64	1	0.1	NegativeBinomialAutoencoder	zeros	False
0.0	0	101	233	off_target	net_81_10586	2	0.001	net_141_11706_net_81_10586_net_115_11153_net_57_10409	GradientShap_64_1_0.1_NegativeBinomialAutoencoder_zeros_False	GradientShap	64	1	0.1	NegativeBinomialAutoencoder	zeros	False
0.0	0	101	2329	off_target	net_81_10586	2	0.01	net_141_11706_net_81_10586_net_115_11153_net_57_10409	GradientShap_64_1_0.1_NegativeBinomialAutoencoder_zeros_False	GradientShap	64	1	0.1	NegativeBinomialAutoencoder	zeros	False
0.0297029702970297	3	101	11643	off_target	net_81_10586	2	0.05	net_141_11706_net_81_10586_net_115_11153_net_57_10409	GradientShap_64_1_0.1_NegativeBinomialAutoencoder_zeros_False	GradientShap	64	1	0.1	NegativeBinomialAutoencoder	zeros	False
0.0693069306930693	7	101	23285	off_target	net_81_10586	2	0.1	net_141_11706_net_81_10586_net_115_11153_net_57_10409	GradientShap_64_1_0.1_NegativeBinomialAutoencoder_zeros_False	GradientShap	64	1	0.1	NegativeBinomialAutoencoder	zeros	False
0.2277227722772277	23	101	46571	off_target	net_81_10586	2	0.2	net_141_11706_net_81_10586_net_115_11153_net_57_10409	GradientShap_64_1_0.1_NegativeBinomialAutoencoder_zeros_False	GradientShap	64	1	0.1	NegativeBinomialAutoencoder	zeros	False
0.4653465346534653	47	101	58214	off_target	net_81_10586	2	0.25	net_141_11706_net_81_10586_net_115_11153_net_57_10409	GradientShap_64_1_0.1_NegativeBinomialAutoencoder_zeros_False	GradientShap	64	1	0.1	NegativeBinomialAutoencoder	zeros	False
0.8514851485148515	86	101	116427	off_target	net_81_10586	2	0.5	net_141_11706_net_81_10586_net_115_11153_net_57_10409	GradientShap_64_1_0.1_NegativeBinomialAutoencoder_zeros_False	GradientShap	64	1	0.1	NegativeBinomialAutoencoder	zeros	False
1.0	101	101	155236	off_target	net_81_10586	2	0.75	net_141_11706_net_81_10586_net_115_11153_net_57_10409	GradientShap_64_1_0.1_NegativeBinomialAutoencoder_zeros_False	GradientShap	64	1	0.1	NegativeBinomialAutoencoder	zeros	False
1.0	101	101	155236	off_target	net_81_10586	2	1.0	net_141_11706_net_81_10586_net_115_11153_net_57_10409	GradientShap_64_1_0.1_NegativeBinomialAutoencoder_zeros_False	GradientShap	64	1	0.1	NegativeBinomialAutoencoder	zeros	False
0.0	0	117	233	off_target	net_115_11153	0	0.001	net_141_11706_net_81_10586_net_115_11153_net_57_10409	GradientShap_64_1_0.1_NegativeBinomialAutoencoder_zeros_False	GradientShap	64	1	0.1	NegativeBinomialAutoencoder	zeros	False
0.5042735042735043	59	117	2329	off_target	net_115_11153	0	0.01	net_141_11706_net_81_10586_net_115_11153_net_57_10409	GradientShap_64_1_0.1_NegativeBinomialAutoencoder_zeros_False	GradientShap	64	1	0.1	NegativeBinomialAutoencoder	zeros	False
0.7264957264957265	85	117	11643	off_target	net_115_11153	0	0.05	net_141_11706_net_81_10586_net_115_11153_net_57_10409	GradientShap_64_1_0.1_NegativeBinomialAutoencoder_zeros_False	GradientShap	64	1	0.1	NegativeBinomialAutoencoder	zeros	False
0.7777777777777778	91	117	23285	off_target	net_115_11153	0	0.1	net_141_11706_net_81_10586_net_115_11153_net_57_10409	GradientShap_64_1_0.1_NegativeBinomialAutoencoder_zeros_False	GradientShap	64	1	0.1	NegativeBinomialAutoencoder	zeros	False
0.8290598290598291	97	117	46571	off_target	net_115_11153	0	0.2	net_141_11706_net_81_10586_net_115_11153_net_57_10409	GradientShap_64_1_0.1_NegativeBinomialAutoencoder_zeros_False	GradientShap	64	1	0.1	NegativeBinomialAutoencoder	zeros	False
0.8290598290598291	97	117	58214	off_target	net_115_11153	0	0.25	net_141_11706_net_81_10586_net_115_11153_net_57_10409	GradientShap_64_1_0.1_NegativeBinomialAutoencoder_zeros_False	GradientShap	64	1	0.1	NegativeBinomialAutoencoder	zeros	False
0.9401709401709402	110	117	116427	off_target	net_115_11153	0	0.5	net_141_11706_net_81_10586_net_115_11153_net_57_10409	GradientShap_64_1_0.1_NegativeBinomialAutoencoder_zeros_False	GradientShap	64	1	0.1	NegativeBinomialAutoencoder	zeros	False
1.0	117	117	155236	off_target	net_115_11153	0	0.75	net_141_11706_net_81_10586_net_115_11153_net_57_10409	GradientShap_64_1_0.1_NegativeBinomialAutoencoder_zeros_False	GradientShap	64	1	0.1	NegativeBinomialAutoencoder	zeros	False
1.0	117	117	155236	off_target	net_115_11153	0	1.0	net_141_11706_net_81_10586_net_115_11153_net_57_10409	GradientShap_64_1_0.1_NegativeBinomialAutoencoder_zeros_False	GradientShap	64	1	0.1	NegativeBinomialAutoencoder	zeros	False
0.0	0	117	233	off_target	net_115_11153	1	0.001	net_141_11706_net_81_10586_net_115_11153_net_57_10409	GradientShap_64_1_0.1_NegativeBinomialAutoencoder_zeros_False	GradientShap	64	1	0.1	NegativeBinomialAutoencoder	zeros	False
0.0	0	117	2329	off_target	net_115_11153	1	0.01	net_141_11706_net_81_10586_net_115_11153_net_57_10409	GradientShap_64_1_0.1_NegativeBinomialAutoencoder_zeros_False	GradientShap	64	1	0.1	NegativeBinomialAutoencoder	zeros	False
0.2991452991452991	35	117	11643	off_target	net_115_11153	1	0.05	net_141_11706_net_81_10586_net_115_11153_net_57_10409	GradientShap_64_1_0.1_NegativeBinomialAutoencoder_zeros_False	GradientShap	64	1	0.1	NegativeBinomialAutoencoder	zeros	False
0.7008547008547008	82	117	23285	off_target	net_115_11153	1	0.1	net_141_11706_net_81_10586_net_115_11153_net_57_10409	GradientShap_64_1_0.1_NegativeBinomialAutoencoder_zeros_False	GradientShap	64	1	0.1	NegativeBinomialAutoencoder	zeros	False
0.8974358974358975	105	117	46571	off_target	net_115_11153	1	0.2	net_141_11706_net_81_10586_net_115_11153_net_57_10409	GradientShap_64_1_0.1_NegativeBinomialAutoencoder_zeros_False	GradientShap	64	1	0.1	NegativeBinomialAutoencoder	zeros	False
0.9230769230769232	108	117	58214	off_target	net_115_11153	1	0.25	net_141_11706_net_81_10586_net_115_11153_net_57_10409	GradientShap_64_1_0.1_NegativeBinomialAutoencoder_zeros_False	GradientShap	64	1	0.1	NegativeBinomialAutoencoder	zeros	False
0.9658119658119658	113	117	116427	off_target	net_115_11153	1	0.5	net_141_11706_net_81_10586_net_115_11153_net_57_10409	GradientShap_64_1_0.1_NegativeBinomialAutoencoder_zeros_False	GradientShap	64	1	0.1	NegativeBinomialAutoencoder	zeros	False
1.0	117	117	155236	off_target	net_115_11153	1	0.75	net_141_11706_net_81_10586_net_115_11153_net_57_10409	GradientShap_64_1_0.1_NegativeBinomialAutoencoder_zeros_False	GradientShap	64	1	0.1	NegativeBinomialAutoencoder	zeros	False
1.0	117	117	155236	off_target	net_115_11153	1	1.0	net_141_11706_net_81_10586_net_115_11153_net_57_10409	GradientShap_64_1_0.1_NegativeBinomialAutoencoder_zeros_False	GradientShap	64	1	0.1	NegativeBinomialAutoencoder	zeros	False
0.0	0	117	233	on_target	net_115_11153	2	0.001	net_141_11706_net_81_10586_net_115_11153_net_57_10409	GradientShap_64_1_0.1_NegativeBinomialAutoencoder_zeros_False	GradientShap	64	1	0.1	NegativeBinomialAutoencoder	zeros	False
0.0	0	117	2329	on_target	net_115_11153	2	0.01	net_141_11706_net_81_10586_net_115_11153_net_57_10409	GradientShap_64_1_0.1_NegativeBinomialAutoencoder_zeros_False	GradientShap	64	1	0.1	NegativeBinomialAutoencoder	zeros	False
0.0	0	117	11643	on_target	net_115_11153	2	0.05	net_141_11706_net_81_10586_net_115_11153_net_57_10409	GradientShap_64_1_0.1_NegativeBinomialAutoencoder_zeros_False	GradientShap	64	1	0.1	NegativeBinomialAutoencoder	zeros	False
0.2307692307692307	27	117	23285	on_target	net_115_11153	2	0.1	net_141_11706_net_81_10586_net_115_11153_net_57_10409	GradientShap_64_1_0.1_NegativeBinomialAutoencoder_zeros_False	GradientShap	64	1	0.1	NegativeBinomialAutoencoder	zeros	False
0.7692307692307693	90	117	46571	on_target	net_115_11153	2	0.2	net_141_11706_net_81_10586_net_115_11153_net_57_10409	GradientShap_64_1_0.1_NegativeBinomialAutoencoder_zeros_False	GradientShap	64	1	0.1	NegativeBinomialAutoencoder	zeros	False
0.8547008547008547	100	117	58214	on_target	net_115_11153	2	0.25	net_141_11706_net_81_10586_net_115_11153_net_57_10409	GradientShap_64_1_0.1_NegativeBinomialAutoencoder_zeros_False	GradientShap	64	1	0.1	NegativeBinomialAutoencoder	zeros	False
0.9743589743589745	114	117	116427	on_target	net_115_11153	2	0.5	net_141_11706_net_81_10586_net_115_11153_net_57_10409	GradientShap_64_1_0.1_NegativeBinomialAutoencoder_zeros_False	GradientShap	64	1	0.1	NegativeBinomialAutoencoder	zeros	False
1.0	117	117	155236	on_target	net_115_11153	2	0.75	net_141_11706_net_81_10586_net_115_11153_net_57_10409	GradientShap_64_1_0.1_NegativeBinomialAutoencoder_zeros_False	GradientShap	64	1	0.1	NegativeBinomialAutoencoder	zeros	False
1.0	117	117	155236	on_target	net_115_11153	2	1.0	net_141_11706_net_81_10586_net_115_11153_net_57_10409	GradientShap_64_1_0.1_NegativeBinomialAutoencoder_zeros_False	GradientShap	64	1	0.1	NegativeBinomialAutoencoder	zeros	False
0.0	0	104	174	on_target	net_60_10082	0	0.001	net_60_10082_net_64_11307_net_84_11226_net_133_10773	GradientShap_64_1_0.1_NegativeBinomialAutoencoder_zeros_False	GradientShap	64	1	0.1	NegativeBinomialAutoencoder	zeros	False
0.0	0	104	1744	on_target	net_60_10082	0	0.01	net_60_10082_net_64_11307_net_84_11226_net_133_10773	GradientShap_64_1_0.1_NegativeBinomialAutoencoder_zeros_False	GradientShap	64	1	0.1	NegativeBinomialAutoencoder	zeros	False
0.1346153846153846	14	104	8721	on_target	net_60_10082	0	0.05	net_60_10082_net_64_11307_net_84_11226_net_133_10773	GradientShap_64_1_0.1_NegativeBinomialAutoencoder_zeros_False	GradientShap	64	1	0.1	NegativeBinomialAutoencoder	zeros	False
0.3557692307692308	37	104	17442	on_target	net_60_10082	0	0.1	net_60_10082_net_64_11307_net_84_11226_net_133_10773	GradientShap_64_1_0.1_NegativeBinomialAutoencoder_zeros_False	GradientShap	64	1	0.1	NegativeBinomialAutoencoder	zeros	False
0.5673076923076923	59	104	34884	on_target	net_60_10082	0	0.2	net_60_10082_net_64_11307_net_84_11226_net_133_10773	GradientShap_64_1_0.1_NegativeBinomialAutoencoder_zeros_False	GradientShap	64	1	0.1	NegativeBinomialAutoencoder	zeros	False
0.6057692307692307	63	104	43605	on_target	net_60_10082	0	0.25	net_60_10082_net_64_11307_net_84_11226_net_133_10773	GradientShap_64_1_0.1_NegativeBinomialAutoencoder_zeros_False	GradientShap	64	1	0.1	NegativeBinomialAutoencoder	zeros	False
0.8365384615384616	87	104	87211	on_target	net_60_10082	0	0.5	net_60_10082_net_64_11307_net_84_11226_net_133_10773	GradientShap_64_1_0.1_NegativeBinomialAutoencoder_zeros_False	GradientShap	64	1	0.1	NegativeBinomialAutoencoder	zeros	False
1.0	104	104	116281	on_target	net_60_10082	0	0.75	net_60_10082_net_64_11307_net_84_11226_net_133_10773	GradientShap_64_1_0.1_NegativeBinomialAutoencoder_zeros_False	GradientShap	64	1	0.1	NegativeBinomialAutoencoder	zeros	False
1.0	104	104	116281	on_target	net_60_10082	0	1.0	net_60_10082_net_64_11307_net_84_11226_net_133_10773	GradientShap_64_1_0.1_NegativeBinomialAutoencoder_zeros_False	GradientShap	64	1	0.1	NegativeBinomialAutoencoder	zeros	False
0.0	0	104	174	off_target	net_60_10082	1	0.001	net_60_10082_net_64_11307_net_84_11226_net_133_10773	GradientShap_64_1_0.1_NegativeBinomialAutoencoder_zeros_False	GradientShap	64	1	0.1	NegativeBinomialAutoencoder	zeros	False
0.0	0	104	1744	off_target	net_60_10082	1	0.01	net_60_10082_net_64_11307_net_84_11226_net_133_10773	GradientShap_64_1_0.1_NegativeBinomialAutoencoder_zeros_False	GradientShap	64	1	0.1	NegativeBinomialAutoencoder	zeros	False
0.0096153846153846	1	104	8721	off_target	net_60_10082	1	0.05	net_60_10082_net_64_11307_net_84_11226_net_133_10773	GradientShap_64_1_0.1_NegativeBinomialAutoencoder_zeros_False	GradientShap	64	1	0.1	NegativeBinomialAutoencoder	zeros	False
0.0192307692307692	2	104	17442	off_target	net_60_10082	1	0.1	net_60_10082_net_64_11307_net_84_11226_net_133_10773	GradientShap_64_1_0.1_NegativeBinomialAutoencoder_zeros_False	GradientShap	64	1	0.1	NegativeBinomialAutoencoder	zeros	False
0.2211538461538461	23	104	34884	off_target	net_60_10082	1	0.2	net_60_10082_net_64_11307_net_84_11226_net_133_10773	GradientShap_64_1_0.1_NegativeBinomialAutoencoder_zeros_False	GradientShap	64	1	0.1	NegativeBinomialAutoencoder	zeros	False
0.3365384615384615	35	104	43605	off_target	net_60_10082	1	0.25	net_60_10082_net_64_11307_net_84_11226_net_133_10773	GradientShap_64_1_0.1_NegativeBinomialAutoencoder_zeros_False	GradientShap	64	1	0.1	NegativeBinomialAutoencoder	zeros	False
0.8846153846153846	92	104	87211	off_target	net_60_10082	1	0.5	net_60_10082_net_64_11307_net_84_11226_net_133_10773	GradientShap_64_1_0.1_NegativeBinomialAutoencoder_zeros_False	GradientShap	64	1	0.1	NegativeBinomialAutoencoder	zeros	False
1.0	104	104	116281	off_target	net_60_10082	1	0.75	net_60_10082_net_64_11307_net_84_11226_net_133_10773	GradientShap_64_1_0.1_NegativeBinomialAutoencoder_zeros_False	GradientShap	64	1	0.1	NegativeBinomialAutoencoder	zeros	False
1.0	104	104	116281	off_target	net_60_10082	1	1.0	net_60_10082_net_64_11307_net_84_11226_net_133_10773	GradientShap_64_1_0.1_NegativeBinomialAutoencoder_zeros_False	GradientShap	64	1	0.1	NegativeBinomialAutoencoder	zeros	False
0.0	0	104	174	off_target	net_60_10082	2	0.001	net_60_10082_net_64_11307_net_84_11226_net_133_10773	GradientShap_64_1_0.1_NegativeBinomialAutoencoder_zeros_False	GradientShap	64	1	0.1	NegativeBinomialAutoencoder	zeros	False
0.0	0	104	1744	off_target	net_60_10082	2	0.01	net_60_10082_net_64_11307_net_84_11226_net_133_10773	GradientShap_64_1_0.1_NegativeBinomialAutoencoder_zeros_False	GradientShap	64	1	0.1	NegativeBinomialAutoencoder	zeros	False
0.125	13	104	8721	off_target	net_60_10082	2	0.05	net_60_10082_net_64_11307_net_84_11226_net_133_10773	GradientShap_64_1_0.1_NegativeBinomialAutoencoder_zeros_False	GradientShap	64	1	0.1	NegativeBinomialAutoencoder	zeros	False
0.2692307692307692	28	104	17442	off_target	net_60_10082	2	0.1	net_60_10082_net_64_11307_net_84_11226_net_133_10773	GradientShap_64_1_0.1_NegativeBinomialAutoencoder_zeros_False	GradientShap	64	1	0.1	NegativeBinomialAutoencoder	zeros	False
0.5192307692307693	54	104	34884	off_target	net_60_10082	2	0.2	net_60_10082_net_64_11307_net_84_11226_net_133_10773	GradientShap_64_1_0.1_NegativeBinomialAutoencoder_zeros_False	GradientShap	64	1	0.1	NegativeBinomialAutoencoder	zeros	False
0.625	65	104	43605	off_target	net_60_10082	2	0.25	net_60_10082_net_64_11307_net_84_11226_net_133_10773	GradientShap_64_1_0.1_NegativeBinomialAutoencoder_zeros_False	GradientShap	64	1	0.1	NegativeBinomialAutoencoder	zeros	False
0.8942307692307693	93	104	87211	off_target	net_60_10082	2	0.5	net_60_10082_net_64_11307_net_84_11226_net_133_10773	GradientShap_64_1_0.1_NegativeBinomialAutoencoder_zeros_False	GradientShap	64	1	0.1	NegativeBinomialAutoencoder	zeros	False
1.0	104	104	116281	off_target	net_60_10082	2	0.75	net_60_10082_net_64_11307_net_84_11226_net_133_10773	GradientShap_64_1_0.1_NegativeBinomialAutoencoder_zeros_False	GradientShap	64	1	0.1	NegativeBinomialAutoencoder	zeros	False
1.0	104	104	116281	off_target	net_60_10082	2	1.0	net_60_10082_net_64_11307_net_84_11226_net_133_10773	GradientShap_64_1_0.1_NegativeBinomialAutoencoder_zeros_False	GradientShap	64	1	0.1	NegativeBinomialAutoencoder	zeros	False
0.0	0	71	174	off_target	net_64_11307	0	0.001	net_60_10082_net_64_11307_net_84_11226_net_133_10773	GradientShap_64_1_0.1_NegativeBinomialAutoencoder_zeros_False	GradientShap	64	1	0.1	NegativeBinomialAutoencoder	zeros	False
0.0	0	71	1744	off_target	net_64_11307	0	0.01	net_60_10082_net_64_11307_net_84_11226_net_133_10773	GradientShap_64_1_0.1_NegativeBinomialAutoencoder_zeros_False	GradientShap	64	1	0.1	NegativeBinomialAutoencoder	zeros	False
0.0	0	71	8721	off_target	net_64_11307	0	0.05	net_60_10082_net_64_11307_net_84_11226_net_133_10773	GradientShap_64_1_0.1_NegativeBinomialAutoencoder_zeros_False	GradientShap	64	1	0.1	NegativeBinomialAutoencoder	zeros	False
0.0140845070422535	1	71	17442	off_target	net_64_11307	0	0.1	net_60_10082_net_64_11307_net_84_11226_net_133_10773	GradientShap_64_1_0.1_NegativeBinomialAutoencoder_zeros_False	GradientShap	64	1	0.1	NegativeBinomialAutoencoder	zeros	False
0.0845070422535211	6	71	34884	off_target	net_64_11307	0	0.2	net_60_10082_net_64_11307_net_84_11226_net_133_10773	GradientShap_64_1_0.1_NegativeBinomialAutoencoder_zeros_False	GradientShap	64	1	0.1	NegativeBinomialAutoencoder	zeros	False
0.2816901408450704	20	71	43605	off_target	net_64_11307	0	0.25	net_60_10082_net_64_11307_net_84_11226_net_133_10773	GradientShap_64_1_0.1_NegativeBinomialAutoencoder_zeros_False	GradientShap	64	1	0.1	NegativeBinomialAutoencoder	zeros	False
0.8169014084507042	58	71	87211	off_target	net_64_11307	0	0.5	net_60_10082_net_64_11307_net_84_11226_net_133_10773	GradientShap_64_1_0.1_NegativeBinomialAutoencoder_zeros_False	GradientShap	64	1	0.1	NegativeBinomialAutoencoder	zeros	False
1.0	71	71	116281	off_target	net_64_11307	0	0.75	net_60_10082_net_64_11307_net_84_11226_net_133_10773	GradientShap_64_1_0.1_NegativeBinomialAutoencoder_zeros_False	GradientShap	64	1	0.1	NegativeBinomialAutoencoder	zeros	False
1.0	71	71	116281	off_target	net_64_11307	0	1.0	net_60_10082_net_64_11307_net_84_11226_net_133_10773	GradientShap_64_1_0.1_NegativeBinomialAutoencoder_zeros_False	GradientShap	64	1	0.1	NegativeBinomialAutoencoder	zeros	False
0.028169014084507	2	71	174	on_target	net_64_11307	1	0.001	net_60_10082_net_64_11307_net_84_11226_net_133_10773	GradientShap_64_1_0.1_NegativeBinomialAutoencoder_zeros_False	GradientShap	64	1	0.1	NegativeBinomialAutoencoder	zeros	False
0.2535211267605634	18	71	1744	on_target	net_64_11307	1	0.01	net_60_10082_net_64_11307_net_84_11226_net_133_10773	GradientShap_64_1_0.1_NegativeBinomialAutoencoder_zeros_False	GradientShap	64	1	0.1	NegativeBinomialAutoencoder	zeros	False
0.5915492957746479	42	71	8721	on_target	net_64_11307	1	0.05	net_60_10082_net_64_11307_net_84_11226_net_133_10773	GradientShap_64_1_0.1_NegativeBinomialAutoencoder_zeros_False	GradientShap	64	1	0.1	NegativeBinomialAutoencoder	zeros	False
0.647887323943662	46	71	17442	on_target	net_64_11307	1	0.1	net_60_10082_net_64_11307_net_84_11226_net_133_10773	GradientShap_64_1_0.1_NegativeBinomialAutoencoder_zeros_False	GradientShap	64	1	0.1	NegativeBinomialAutoencoder	zeros	False
0.6901408450704225	49	71	34884	on_target	net_64_11307	1	0.2	net_60_10082_net_64_11307_net_84_11226_net_133_10773	GradientShap_64_1_0.1_NegativeBinomialAutoencoder_zeros_False	GradientShap	64	1	0.1	NegativeBinomialAutoencoder	zeros	False
0.6901408450704225	49	71	43605	on_target	net_64_11307	1	0.25	net_60_10082_net_64_11307_net_84_11226_net_133_10773	GradientShap_64_1_0.1_NegativeBinomialAutoencoder_zeros_False	GradientShap	64	1	0.1	NegativeBinomialAutoencoder	zeros	False
0.7887323943661971	56	71	87211	on_target	net_64_11307	1	0.5	net_60_10082_net_64_11307_net_84_11226_net_133_10773	GradientShap_64_1_0.1_NegativeBinomialAutoencoder_zeros_False	GradientShap	64	1	0.1	NegativeBinomialAutoencoder	zeros	False
1.0	71	71	116281	on_target	net_64_11307	1	0.75	net_60_10082_net_64_11307_net_84_11226_net_133_10773	GradientShap_64_1_0.1_NegativeBinomialAutoencoder_zeros_False	GradientShap	64	1	0.1	NegativeBinomialAutoencoder	zeros	False
1.0	71	71	116281	on_target	net_64_11307	1	1.0	net_60_10082_net_64_11307_net_84_11226_net_133_10773	GradientShap_64_1_0.1_NegativeBinomialAutoencoder_zeros_False	GradientShap	64	1	0.1	NegativeBinomialAutoencoder	zeros	False
0.0	0	71	174	off_target	net_64_11307	2	0.001	net_60_10082_net_64_11307_net_84_11226_net_133_10773	GradientShap_64_1_0.1_NegativeBinomialAutoencoder_zeros_False	GradientShap	64	1	0.1	NegativeBinomialAutoencoder	zeros	False
0.0704225352112676	5	71	1744	off_target	net_64_11307	2	0.01	net_60_10082_net_64_11307_net_84_11226_net_133_10773	GradientShap_64_1_0.1_NegativeBinomialAutoencoder_zeros_False	GradientShap	64	1	0.1	NegativeBinomialAutoencoder	zeros	False
0.3380281690140845	24	71	8721	off_target	net_64_11307	2	0.05	net_60_10082_net_64_11307_net_84_11226_net_133_10773	GradientShap_64_1_0.1_NegativeBinomialAutoencoder_zeros_False	GradientShap	64	1	0.1	NegativeBinomialAutoencoder	zeros	False
0.5492957746478874	39	71	17442	off_target	net_64_11307	2	0.1	net_60_10082_net_64_11307_net_84_11226_net_133_10773	GradientShap_64_1_0.1_NegativeBinomialAutoencoder_zeros_False	GradientShap	64	1	0.1	NegativeBinomialAutoencoder	zeros	False
0.6619718309859155	47	71	34884	off_target	net_64_11307	2	0.2	net_60_10082_net_64_11307_net_84_11226_net_133_10773	GradientShap_64_1_0.1_NegativeBinomialAutoencoder_zeros_False	GradientShap	64	1	0.1	NegativeBinomialAutoencoder	zeros	False
0.704225352112676	50	71	43605	off_target	net_64_11307	2	0.25	net_60_10082_net_64_11307_net_84_11226_net_133_10773	GradientShap_64_1_0.1_NegativeBinomialAutoencoder_zeros_False	GradientShap	64	1	0.1	NegativeBinomialAutoencoder	zeros	False
0.8732394366197183	62	71	87211	off_target	net_64_11307	2	0.5	net_60_10082_net_64_11307_net_84_11226_net_133_10773	GradientShap_64_1_0.1_NegativeBinomialAutoencoder_zeros_False	GradientShap	64	1	0.1	NegativeBinomialAutoencoder	zeros	False
1.0	71	71	116281	off_target	net_64_11307	2	0.75	net_60_10082_net_64_11307_net_84_11226_net_133_10773	GradientShap_64_1_0.1_NegativeBinomialAutoencoder_zeros_False	GradientShap	64	1	0.1	NegativeBinomialAutoencoder	zeros	False
1.0	71	71	116281	off_target	net_64_11307	2	1.0	net_60_10082_net_64_11307_net_84_11226_net_133_10773	GradientShap_64_1_0.1_NegativeBinomialAutoencoder_zeros_False	GradientShap	64	1	0.1	NegativeBinomialAutoencoder	zeros	False
0.0	0	98	174	off_target	net_84_11226	0	0.001	net_60_10082_net_64_11307_net_84_11226_net_133_10773	GradientShap_64_1_0.1_NegativeBinomialAutoencoder_zeros_False	GradientShap	64	1	0.1	NegativeBinomialAutoencoder	zeros	False
0.0	0	98	1744	off_target	net_84_11226	0	0.01	net_60_10082_net_64_11307_net_84_11226_net_133_10773	GradientShap_64_1_0.1_NegativeBinomialAutoencoder_zeros_False	GradientShap	64	1	0.1	NegativeBinomialAutoencoder	zeros	False
0.0	0	98	8721	off_target	net_84_11226	0	0.05	net_60_10082_net_64_11307_net_84_11226_net_133_10773	GradientShap_64_1_0.1_NegativeBinomialAutoencoder_zeros_False	GradientShap	64	1	0.1	NegativeBinomialAutoencoder	zeros	False
0.0	0	98	17442	off_target	net_84_11226	0	0.1	net_60_10082_net_64_11307_net_84_11226_net_133_10773	GradientShap_64_1_0.1_NegativeBinomialAutoencoder_zeros_False	GradientShap	64	1	0.1	NegativeBinomialAutoencoder	zeros	False
0.010204081632653	1	98	34884	off_target	net_84_11226	0	0.2	net_60_10082_net_64_11307_net_84_11226_net_133_10773	GradientShap_64_1_0.1_NegativeBinomialAutoencoder_zeros_False	GradientShap	64	1	0.1	NegativeBinomialAutoencoder	zeros	False
0.0510204081632653	5	98	43605	off_target	net_84_11226	0	0.25	net_60_10082_net_64_11307_net_84_11226_net_133_10773	GradientShap_64_1_0.1_NegativeBinomialAutoencoder_zeros_False	GradientShap	64	1	0.1	NegativeBinomialAutoencoder	zeros	False
0.9081632653061223	89	98	87211	off_target	net_84_11226	0	0.5	net_60_10082_net_64_11307_net_84_11226_net_133_10773	GradientShap_64_1_0.1_NegativeBinomialAutoencoder_zeros_False	GradientShap	64	1	0.1	NegativeBinomialAutoencoder	zeros	False
1.0	98	98	116281	off_target	net_84_11226	0	0.75	net_60_10082_net_64_11307_net_84_11226_net_133_10773	GradientShap_64_1_0.1_NegativeBinomialAutoencoder_zeros_False	GradientShap	64	1	0.1	NegativeBinomialAutoencoder	zeros	False
1.0	98	98	116281	off_target	net_84_11226	0	1.0	net_60_10082_net_64_11307_net_84_11226_net_133_10773	GradientShap_64_1_0.1_NegativeBinomialAutoencoder_zeros_False	GradientShap	64	1	0.1	NegativeBinomialAutoencoder	zeros	False
0.0	0	98	174	off_target	net_84_11226	1	0.001	net_60_10082_net_64_11307_net_84_11226_net_133_10773	GradientShap_64_1_0.1_NegativeBinomialAutoencoder_zeros_False	GradientShap	64	1	0.1	NegativeBinomialAutoencoder	zeros	False
0.0	0	98	1744	off_target	net_84_11226	1	0.01	net_60_10082_net_64_11307_net_84_11226_net_133_10773	GradientShap_64_1_0.1_NegativeBinomialAutoencoder_zeros_False	GradientShap	64	1	0.1	NegativeBinomialAutoencoder	zeros	False
0.0	0	98	8721	off_target	net_84_11226	1	0.05	net_60_10082_net_64_11307_net_84_11226_net_133_10773	GradientShap_64_1_0.1_NegativeBinomialAutoencoder_zeros_False	GradientShap	64	1	0.1	NegativeBinomialAutoencoder	zeros	False
0.0	0	98	17442	off_target	net_84_11226	1	0.1	net_60_10082_net_64_11307_net_84_11226_net_133_10773	GradientShap_64_1_0.1_NegativeBinomialAutoencoder_zeros_False	GradientShap	64	1	0.1	NegativeBinomialAutoencoder	zeros	False
0.2755102040816326	27	98	34884	off_target	net_84_11226	1	0.2	net_60_10082_net_64_11307_net_84_11226_net_133_10773	GradientShap_64_1_0.1_NegativeBinomialAutoencoder_zeros_False	GradientShap	64	1	0.1	NegativeBinomialAutoencoder	zeros	False
0.4081632653061224	40	98	43605	off_target	net_84_11226	1	0.25	net_60_10082_net_64_11307_net_84_11226_net_133_10773	GradientShap_64_1_0.1_NegativeBinomialAutoencoder_zeros_False	GradientShap	64	1	0.1	NegativeBinomialAutoencoder	zeros	False
0.8877551020408163	87	98	87211	off_target	net_84_11226	1	0.5	net_60_10082_net_64_11307_net_84_11226_net_133_10773	GradientShap_64_1_0.1_NegativeBinomialAutoencoder_zeros_False	GradientShap	64	1	0.1	NegativeBinomialAutoencoder	zeros	False
1.0	98	98	116281	off_target	net_84_11226	1	0.75	net_60_10082_net_64_11307_net_84_11226_net_133_10773	GradientShap_64_1_0.1_NegativeBinomialAutoencoder_zeros_False	GradientShap	64	1	0.1	NegativeBinomialAutoencoder	zeros	False
1.0	98	98	116281	off_target	net_84_11226	1	1.0	net_60_10082_net_64_11307_net_84_11226_net_133_10773	GradientShap_64_1_0.1_NegativeBinomialAutoencoder_zeros_False	GradientShap	64	1	0.1	NegativeBinomialAutoencoder	zeros	False
0.0	0	98	174	on_target	net_84_11226	2	0.001	net_60_10082_net_64_11307_net_84_11226_net_133_10773	GradientShap_64_1_0.1_NegativeBinomialAutoencoder_zeros_False	GradientShap	64	1	0.1	NegativeBinomialAutoencoder	zeros	False
0.0	0	98	1744	on_target	net_84_11226	2	0.01	net_60_10082_net_64_11307_net_84_11226_net_133_10773	GradientShap_64_1_0.1_NegativeBinomialAutoencoder_zeros_False	GradientShap	64	1	0.1	NegativeBinomialAutoencoder	zeros	False
0.0	0	98	8721	on_target	net_84_11226	2	0.05	net_60_10082_net_64_11307_net_84_11226_net_133_10773	GradientShap_64_1_0.1_NegativeBinomialAutoencoder_zeros_False	GradientShap	64	1	0.1	NegativeBinomialAutoencoder	zeros	False
0.1020408163265306	10	98	17442	on_target	net_84_11226	2	0.1	net_60_10082_net_64_11307_net_84_11226_net_133_10773	GradientShap_64_1_0.1_NegativeBinomialAutoencoder_zeros_False	GradientShap	64	1	0.1	NegativeBinomialAutoencoder	zeros	False
0.2959183673469387	29	98	34884	on_target	net_84_11226	2	0.2	net_60_10082_net_64_11307_net_84_11226_net_133_10773	GradientShap_64_1_0.1_NegativeBinomialAutoencoder_zeros_False	GradientShap	64	1	0.1	NegativeBinomialAutoencoder	zeros	False
0.4387755102040816	43	98	43605	on_target	net_84_11226	2	0.25	net_60_10082_net_64_11307_net_84_11226_net_133_10773	GradientShap_64_1_0.1_NegativeBinomialAutoencoder_zeros_False	GradientShap	64	1	0.1	NegativeBinomialAutoencoder	zeros	False
0.9591836734693876	94	98	87211	on_target	net_84_11226	2	0.5	net_60_10082_net_64_11307_net_84_11226_net_133_10773	GradientShap_64_1_0.1_NegativeBinomialAutoencoder_zeros_False	GradientShap	64	1	0.1	NegativeBinomialAutoencoder	zeros	False
1.0	98	98	116281	on_target	net_84_11226	2	0.75	net_60_10082_net_64_11307_net_84_11226_net_133_10773	GradientShap_64_1_0.1_NegativeBinomialAutoencoder_zeros_False	GradientShap	64	1	0.1	NegativeBinomialAutoencoder	zeros	False
1.0	98	98	116281	on_target	net_84_11226	2	1.0	net_60_10082_net_64_11307_net_84_11226_net_133_10773	GradientShap_64_1_0.1_NegativeBinomialAutoencoder_zeros_False	GradientShap	64	1	0.1	NegativeBinomialAutoencoder	zeros	False
0.0	0	104	137	on_target	net_60_10082	0	0.001	net_60_10082_net_90_11013_net_75_10306_net_77_11506	GradientShap_64_1_0.1_NegativeBinomialAutoencoder_zeros_False	GradientShap	64	1	0.1	NegativeBinomialAutoencoder	zeros	False
0.0961538461538461	10	104	1368	on_target	net_60_10082	0	0.01	net_60_10082_net_90_11013_net_75_10306_net_77_11506	GradientShap_64_1_0.1_NegativeBinomialAutoencoder_zeros_False	GradientShap	64	1	0.1	NegativeBinomialAutoencoder	zeros	False
0.3461538461538461	36	104	6840	on_target	net_60_10082	0	0.05	net_60_10082_net_90_11013_net_75_10306_net_77_11506	GradientShap_64_1_0.1_NegativeBinomialAutoencoder_zeros_False	GradientShap	64	1	0.1	NegativeBinomialAutoencoder	zeros	False
0.5673076923076923	59	104	13681	on_target	net_60_10082	0	0.1	net_60_10082_net_90_11013_net_75_10306_net_77_11506	GradientShap_64_1_0.1_NegativeBinomialAutoencoder_zeros_False	GradientShap	64	1	0.1	NegativeBinomialAutoencoder	zeros	False
0.6826923076923077	71	104	27361	on_target	net_60_10082	0	0.2	net_60_10082_net_90_11013_net_75_10306_net_77_11506	GradientShap_64_1_0.1_NegativeBinomialAutoencoder_zeros_False	GradientShap	64	1	0.1	NegativeBinomialAutoencoder	zeros	False
0.7019230769230769	73	104	34202	on_target	net_60_10082	0	0.25	net_60_10082_net_90_11013_net_75_10306_net_77_11506	GradientShap_64_1_0.1_NegativeBinomialAutoencoder_zeros_False	GradientShap	64	1	0.1	NegativeBinomialAutoencoder	zeros	False
0.7980769230769231	83	104	68403	on_target	net_60_10082	0	0.5	net_60_10082_net_90_11013_net_75_10306_net_77_11506	GradientShap_64_1_0.1_NegativeBinomialAutoencoder_zeros_False	GradientShap	64	1	0.1	NegativeBinomialAutoencoder	zeros	False
1.0	104	104	91204	on_target	net_60_10082	0	0.75	net_60_10082_net_90_11013_net_75_10306_net_77_11506	GradientShap_64_1_0.1_NegativeBinomialAutoencoder_zeros_False	GradientShap	64	1	0.1	NegativeBinomialAutoencoder	zeros	False
1.0	104	104	91204	on_target	net_60_10082	0	1.0	net_60_10082_net_90_11013_net_75_10306_net_77_11506	GradientShap_64_1_0.1_NegativeBinomialAutoencoder_zeros_False	GradientShap	64	1	0.1	NegativeBinomialAutoencoder	zeros	False
0.0	0	104	137	off_target	net_60_10082	1	0.001	net_60_10082_net_90_11013_net_75_10306_net_77_11506	GradientShap_64_1_0.1_NegativeBinomialAutoencoder_zeros_False	GradientShap	64	1	0.1	NegativeBinomialAutoencoder	zeros	False
0.0	0	104	1368	off_target	net_60_10082	1	0.01	net_60_10082_net_90_11013_net_75_10306_net_77_11506	GradientShap_64_1_0.1_NegativeBinomialAutoencoder_zeros_False	GradientShap	64	1	0.1	NegativeBinomialAutoencoder	zeros	False
0.0	0	104	6840	off_target	net_60_10082	1	0.05	net_60_10082_net_90_11013_net_75_10306_net_77_11506	GradientShap_64_1_0.1_NegativeBinomialAutoencoder_zeros_False	GradientShap	64	1	0.1	NegativeBinomialAutoencoder	zeros	False
0.0673076923076923	7	104	13681	off_target	net_60_10082	1	0.1	net_60_10082_net_90_11013_net_75_10306_net_77_11506	GradientShap_64_1_0.1_NegativeBinomialAutoencoder_zeros_False	GradientShap	64	1	0.1	NegativeBinomialAutoencoder	zeros	False
0.173076923076923	18	104	27361	off_target	net_60_10082	1	0.2	net_60_10082_net_90_11013_net_75_10306_net_77_11506	GradientShap_64_1_0.1_NegativeBinomialAutoencoder_zeros_False	GradientShap	64	1	0.1	NegativeBinomialAutoencoder	zeros	False
0.2980769230769231	31	104	34202	off_target	net_60_10082	1	0.25	net_60_10082_net_90_11013_net_75_10306_net_77_11506	GradientShap_64_1_0.1_NegativeBinomialAutoencoder_zeros_False	GradientShap	64	1	0.1	NegativeBinomialAutoencoder	zeros	False
0.8461538461538461	88	104	68403	off_target	net_60_10082	1	0.5	net_60_10082_net_90_11013_net_75_10306_net_77_11506	GradientShap_64_1_0.1_NegativeBinomialAutoencoder_zeros_False	GradientShap	64	1	0.1	NegativeBinomialAutoencoder	zeros	False
1.0	104	104	91204	off_target	net_60_10082	1	0.75	net_60_10082_net_90_11013_net_75_10306_net_77_11506	GradientShap_64_1_0.1_NegativeBinomialAutoencoder_zeros_False	GradientShap	64	1	0.1	NegativeBinomialAutoencoder	zeros	False
1.0	104	104	91204	off_target	net_60_10082	1	1.0	net_60_10082_net_90_11013_net_75_10306_net_77_11506	GradientShap_64_1_0.1_NegativeBinomialAutoencoder_zeros_False	GradientShap	64	1	0.1	NegativeBinomialAutoencoder	zeros	False
0.0	0	104	137	off_target	net_60_10082	2	0.001	net_60_10082_net_90_11013_net_75_10306_net_77_11506	GradientShap_64_1_0.1_NegativeBinomialAutoencoder_zeros_False	GradientShap	64	1	0.1	NegativeBinomialAutoencoder	zeros	False
0.0	0	104	1368	off_target	net_60_10082	2	0.01	net_60_10082_net_90_11013_net_75_10306_net_77_11506	GradientShap_64_1_0.1_NegativeBinomialAutoencoder_zeros_False	GradientShap	64	1	0.1	NegativeBinomialAutoencoder	zeros	False
0.0096153846153846	1	104	6840	off_target	net_60_10082	2	0.05	net_60_10082_net_90_11013_net_75_10306_net_77_11506	GradientShap_64_1_0.1_NegativeBinomialAutoencoder_zeros_False	GradientShap	64	1	0.1	NegativeBinomialAutoencoder	zeros	False
0.0769230769230769	8	104	13681	off_target	net_60_10082	2	0.1	net_60_10082_net_90_11013_net_75_10306_net_77_11506	GradientShap_64_1_0.1_NegativeBinomialAutoencoder_zeros_False	GradientShap	64	1	0.1	NegativeBinomialAutoencoder	zeros	False
0.1826923076923076	19	104	27361	off_target	net_60_10082	2	0.2	net_60_10082_net_90_11013_net_75_10306_net_77_11506	GradientShap_64_1_0.1_NegativeBinomialAutoencoder_zeros_False	GradientShap	64	1	0.1	NegativeBinomialAutoencoder	zeros	False
0.2884615384615384	30	104	34202	off_target	net_60_10082	2	0.25	net_60_10082_net_90_11013_net_75_10306_net_77_11506	GradientShap_64_1_0.1_NegativeBinomialAutoencoder_zeros_False	GradientShap	64	1	0.1	NegativeBinomialAutoencoder	zeros	False
0.8557692307692307	89	104	68403	off_target	net_60_10082	2	0.5	net_60_10082_net_90_11013_net_75_10306_net_77_11506	GradientShap_64_1_0.1_NegativeBinomialAutoencoder_zeros_False	GradientShap	64	1	0.1	NegativeBinomialAutoencoder	zeros	False
1.0	104	104	91204	off_target	net_60_10082	2	0.75	net_60_10082_net_90_11013_net_75_10306_net_77_11506	GradientShap_64_1_0.1_NegativeBinomialAutoencoder_zeros_False	GradientShap	64	1	0.1	NegativeBinomialAutoencoder	zeros	False
1.0	104	104	91204	off_target	net_60_10082	2	1.0	net_60_10082_net_90_11013_net_75_10306_net_77_11506	GradientShap_64_1_0.1_NegativeBinomialAutoencoder_zeros_False	GradientShap	64	1	0.1	NegativeBinomialAutoencoder	zeros	False
0.0	0	216	137	off_target	net_90_11013	0	0.001	net_60_10082_net_90_11013_net_75_10306_net_77_11506	GradientShap_64_1_0.1_NegativeBinomialAutoencoder_zeros_False	GradientShap	64	1	0.1	NegativeBinomialAutoencoder	zeros	False
0.0	0	216	1368	off_target	net_90_11013	0	0.01	net_60_10082_net_90_11013_net_75_10306_net_77_11506	GradientShap_64_1_0.1_NegativeBinomialAutoencoder_zeros_False	GradientShap	64	1	0.1	NegativeBinomialAutoencoder	zeros	False
0.0092592592592592	2	216	6840	off_target	net_90_11013	0	0.05	net_60_10082_net_90_11013_net_75_10306_net_77_11506	GradientShap_64_1_0.1_NegativeBinomialAutoencoder_zeros_False	GradientShap	64	1	0.1	NegativeBinomialAutoencoder	zeros	False
0.0277777777777777	6	216	13681	off_target	net_90_11013	0	0.1	net_60_10082_net_90_11013_net_75_10306_net_77_11506	GradientShap_64_1_0.1_NegativeBinomialAutoencoder_zeros_False	GradientShap	64	1	0.1	NegativeBinomialAutoencoder	zeros	False
0.3055555555555556	66	216	27361	off_target	net_90_11013	0	0.2	net_60_10082_net_90_11013_net_75_10306_net_77_11506	GradientShap_64_1_0.1_NegativeBinomialAutoencoder_zeros_False	GradientShap	64	1	0.1	NegativeBinomialAutoencoder	zeros	False
0.4166666666666667	90	216	34202	off_target	net_90_11013	0	0.25	net_60_10082_net_90_11013_net_75_10306_net_77_11506	GradientShap_64_1_0.1_NegativeBinomialAutoencoder_zeros_False	GradientShap	64	1	0.1	NegativeBinomialAutoencoder	zeros	False
0.75	162	216	68403	off_target	net_90_11013	0	0.5	net_60_10082_net_90_11013_net_75_10306_net_77_11506	GradientShap_64_1_0.1_NegativeBinomialAutoencoder_zeros_False	GradientShap	64	1	0.1	NegativeBinomialAutoencoder	zeros	False
1.0	216	216	91204	off_target	net_90_11013	0	0.75	net_60_10082_net_90_11013_net_75_10306_net_77_11506	GradientShap_64_1_0.1_NegativeBinomialAutoencoder_zeros_False	GradientShap	64	1	0.1	NegativeBinomialAutoencoder	zeros	False
1.0	216	216	91204	off_target	net_90_11013	0	1.0	net_60_10082_net_90_11013_net_75_10306_net_77_11506	GradientShap_64_1_0.1_NegativeBinomialAutoencoder_zeros_False	GradientShap	64	1	0.1	NegativeBinomialAutoencoder	zeros	False
0.0277777777777777	6	216	137	on_target	net_90_11013	1	0.001	net_60_10082_net_90_11013_net_75_10306_net_77_11506	GradientShap_64_1_0.1_NegativeBinomialAutoencoder_zeros_False	GradientShap	64	1	0.1	NegativeBinomialAutoencoder	zeros	False
0.1435185185185185	31	216	1368	on_target	net_90_11013	1	0.01	net_60_10082_net_90_11013_net_75_10306_net_77_11506	GradientShap_64_1_0.1_NegativeBinomialAutoencoder_zeros_False	GradientShap	64	1	0.1	NegativeBinomialAutoencoder	zeros	False
0.2222222222222222	48	216	6840	on_target	net_90_11013	1	0.05	net_60_10082_net_90_11013_net_75_10306_net_77_11506	GradientShap_64_1_0.1_NegativeBinomialAutoencoder_zeros_False	GradientShap	64	1	0.1	NegativeBinomialAutoencoder	zeros	False
0.2685185185185185	58	216	13681	on_target	net_90_11013	1	0.1	net_60_10082_net_90_11013_net_75_10306_net_77_11506	GradientShap_64_1_0.1_NegativeBinomialAutoencoder_zeros_False	GradientShap	64	1	0.1	NegativeBinomialAutoencoder	zeros	False
0.3564814814814814	77	216	27361	on_target	net_90_11013	1	0.2	net_60_10082_net_90_11013_net_75_10306_net_77_11506	GradientShap_64_1_0.1_NegativeBinomialAutoencoder_zeros_False	GradientShap	64	1	0.1	NegativeBinomialAutoencoder	zeros	False
0.4166666666666667	90	216	34202	on_target	net_90_11013	1	0.25	net_60_10082_net_90_11013_net_75_10306_net_77_11506	GradientShap_64_1_0.1_NegativeBinomialAutoencoder_zeros_False	GradientShap	64	1	0.1	NegativeBinomialAutoencoder	zeros	False
0.7175925925925926	155	216	68403	on_target	net_90_11013	1	0.5	net_60_10082_net_90_11013_net_75_10306_net_77_11506	GradientShap_64_1_0.1_NegativeBinomialAutoencoder_zeros_False	GradientShap	64	1	0.1	NegativeBinomialAutoencoder	zeros	False
1.0	216	216	91204	on_target	net_90_11013	1	0.75	net_60_10082_net_90_11013_net_75_10306_net_77_11506	GradientShap_64_1_0.1_NegativeBinomialAutoencoder_zeros_False	GradientShap	64	1	0.1	NegativeBinomialAutoencoder	zeros	False
1.0	216	216	91204	on_target	net_90_11013	1	1.0	net_60_10082_net_90_11013_net_75_10306_net_77_11506	GradientShap_64_1_0.1_NegativeBinomialAutoencoder_zeros_False	GradientShap	64	1	0.1	NegativeBinomialAutoencoder	zeros	False
0.0	0	216	137	off_target	net_90_11013	2	0.001	net_60_10082_net_90_11013_net_75_10306_net_77_11506	GradientShap_64_1_0.1_NegativeBinomialAutoencoder_zeros_False	GradientShap	64	1	0.1	NegativeBinomialAutoencoder	zeros	False
0.0	0	216	1368	off_target	net_90_11013	2	0.01	net_60_10082_net_90_11013_net_75_10306_net_77_11506	GradientShap_64_1_0.1_NegativeBinomialAutoencoder_zeros_False	GradientShap	64	1	0.1	NegativeBinomialAutoencoder	zeros	False
0.0509259259259259	11	216	6840	off_target	net_90_11013	2	0.05	net_60_10082_net_90_11013_net_75_10306_net_77_11506	GradientShap_64_1_0.1_NegativeBinomialAutoencoder_zeros_False	GradientShap	64	1	0.1	NegativeBinomialAutoencoder	zeros	False
0.1481481481481481	32	216	13681	off_target	net_90_11013	2	0.1	net_60_10082_net_90_11013_net_75_10306_net_77_11506	GradientShap_64_1_0.1_NegativeBinomialAutoencoder_zeros_False	GradientShap	64	1	0.1	NegativeBinomialAutoencoder	zeros	False
0.3564814814814814	77	216	27361	off_target	net_90_11013	2	0.2	net_60_10082_net_90_11013_net_75_10306_net_77_11506	GradientShap_64_1_0.1_NegativeBinomialAutoencoder_zeros_False	GradientShap	64	1	0.1	NegativeBinomialAutoencoder	zeros	False
0.4722222222222222	102	216	34202	off_target	net_90_11013	2	0.25	net_60_10082_net_90_11013_net_75_10306_net_77_11506	GradientShap_64_1_0.1_NegativeBinomialAutoencoder_zeros_False	GradientShap	64	1	0.1	NegativeBinomialAutoencoder	zeros	False
0.8055555555555556	174	216	68403	off_target	net_90_11013	2	0.5	net_60_10082_net_90_11013_net_75_10306_net_77_11506	GradientShap_64_1_0.1_NegativeBinomialAutoencoder_zeros_False	GradientShap	64	1	0.1	NegativeBinomialAutoencoder	zeros	False
1.0	216	216	91204	off_target	net_90_11013	2	0.75	net_60_10082_net_90_11013_net_75_10306_net_77_11506	GradientShap_64_1_0.1_NegativeBinomialAutoencoder_zeros_False	GradientShap	64	1	0.1	NegativeBinomialAutoencoder	zeros	False
1.0	216	216	91204	off_target	net_90_11013	2	1.0	net_60_10082_net_90_11013_net_75_10306_net_77_11506	GradientShap_64_1_0.1_NegativeBinomialAutoencoder_zeros_False	GradientShap	64	1	0.1	NegativeBinomialAutoencoder	zeros	False
0.0	0	175	137	off_target	net_75_10306	0	0.001	net_60_10082_net_90_11013_net_75_10306_net_77_11506	GradientShap_64_1_0.1_NegativeBinomialAutoencoder_zeros_False	GradientShap	64	1	0.1	NegativeBinomialAutoencoder	zeros	False
0.0	0	175	1368	off_target	net_75_10306	0	0.01	net_60_10082_net_90_11013_net_75_10306_net_77_11506	GradientShap_64_1_0.1_NegativeBinomialAutoencoder_zeros_False	GradientShap	64	1	0.1	NegativeBinomialAutoencoder	zeros	False
0.0342857142857142	6	175	6840	off_target	net_75_10306	0	0.05	net_60_10082_net_90_11013_net_75_10306_net_77_11506	GradientShap_64_1_0.1_NegativeBinomialAutoencoder_zeros_False	GradientShap	64	1	0.1	NegativeBinomialAutoencoder	zeros	False
0.0685714285714285	12	175	13681	off_target	net_75_10306	0	0.1	net_60_10082_net_90_11013_net_75_10306_net_77_11506	GradientShap_64_1_0.1_NegativeBinomialAutoencoder_zeros_False	GradientShap	64	1	0.1	NegativeBinomialAutoencoder	zeros	False
0.1142857142857142	20	175	27361	off_target	net_75_10306	0	0.2	net_60_10082_net_90_11013_net_75_10306_net_77_11506	GradientShap_64_1_0.1_NegativeBinomialAutoencoder_zeros_False	GradientShap	64	1	0.1	NegativeBinomialAutoencoder	zeros	False
0.1714285714285714	30	175	34202	off_target	net_75_10306	0	0.25	net_60_10082_net_90_11013_net_75_10306_net_77_11506	GradientShap_64_1_0.1_NegativeBinomialAutoencoder_zeros_False	GradientShap	64	1	0.1	NegativeBinomialAutoencoder	zeros	False
0.8571428571428571	150	175	68403	off_target	net_75_10306	0	0.5	net_60_10082_net_90_11013_net_75_10306_net_77_11506	GradientShap_64_1_0.1_NegativeBinomialAutoencoder_zeros_False	GradientShap	64	1	0.1	NegativeBinomialAutoencoder	zeros	False
1.0	175	175	91204	off_target	net_75_10306	0	0.75	net_60_10082_net_90_11013_net_75_10306_net_77_11506	GradientShap_64_1_0.1_NegativeBinomialAutoencoder_zeros_False	GradientShap	64	1	0.1	NegativeBinomialAutoencoder	zeros	False
1.0	175	175	91204	off_target	net_75_10306	0	1.0	net_60_10082_net_90_11013_net_75_10306_net_77_11506	GradientShap_64_1_0.1_NegativeBinomialAutoencoder_zeros_False	GradientShap	64	1	0.1	NegativeBinomialAutoencoder	zeros	False
0.0	0	175	137	off_target	net_75_10306	1	0.001	net_60_10082_net_90_11013_net_75_10306_net_77_11506	GradientShap_64_1_0.1_NegativeBinomialAutoencoder_zeros_False	GradientShap	64	1	0.1	NegativeBinomialAutoencoder	zeros	False
0.0	0	175	1368	off_target	net_75_10306	1	0.01	net_60_10082_net_90_11013_net_75_10306_net_77_11506	GradientShap_64_1_0.1_NegativeBinomialAutoencoder_zeros_False	GradientShap	64	1	0.1	NegativeBinomialAutoencoder	zeros	False
0.0342857142857142	6	175	6840	off_target	net_75_10306	1	0.05	net_60_10082_net_90_11013_net_75_10306_net_77_11506	GradientShap_64_1_0.1_NegativeBinomialAutoencoder_zeros_False	GradientShap	64	1	0.1	NegativeBinomialAutoencoder	zeros	False
0.0914285714285714	16	175	13681	off_target	net_75_10306	1	0.1	net_60_10082_net_90_11013_net_75_10306_net_77_11506	GradientShap_64_1_0.1_NegativeBinomialAutoencoder_zeros_False	GradientShap	64	1	0.1	NegativeBinomialAutoencoder	zeros	False
0.2857142857142857	50	175	27361	off_target	net_75_10306	1	0.2	net_60_10082_net_90_11013_net_75_10306_net_77_11506	GradientShap_64_1_0.1_NegativeBinomialAutoencoder_zeros_False	GradientShap	64	1	0.1	NegativeBinomialAutoencoder	zeros	False
0.3885714285714285	68	175	34202	off_target	net_75_10306	1	0.25	net_60_10082_net_90_11013_net_75_10306_net_77_11506	GradientShap_64_1_0.1_NegativeBinomialAutoencoder_zeros_False	GradientShap	64	1	0.1	NegativeBinomialAutoencoder	zeros	False
0.8514285714285714	149	175	68403	off_target	net_75_10306	1	0.5	net_60_10082_net_90_11013_net_75_10306_net_77_11506	GradientShap_64_1_0.1_NegativeBinomialAutoencoder_zeros_False	GradientShap	64	1	0.1	NegativeBinomialAutoencoder	zeros	False
1.0	175	175	91204	off_target	net_75_10306	1	0.75	net_60_10082_net_90_11013_net_75_10306_net_77_11506	GradientShap_64_1_0.1_NegativeBinomialAutoencoder_zeros_False	GradientShap	64	1	0.1	NegativeBinomialAutoencoder	zeros	False
1.0	175	175	91204	off_target	net_75_10306	1	1.0	net_60_10082_net_90_11013_net_75_10306_net_77_11506	GradientShap_64_1_0.1_NegativeBinomialAutoencoder_zeros_False	GradientShap	64	1	0.1	NegativeBinomialAutoencoder	zeros	False
0.0057142857142857	1	175	137	on_target	net_75_10306	2	0.001	net_60_10082_net_90_11013_net_75_10306_net_77_11506	GradientShap_64_1_0.1_NegativeBinomialAutoencoder_zeros_False	GradientShap	64	1	0.1	NegativeBinomialAutoencoder	zeros	False
0.0285714285714285	5	175	1368	on_target	net_75_10306	2	0.01	net_60_10082_net_90_11013_net_75_10306_net_77_11506	GradientShap_64_1_0.1_NegativeBinomialAutoencoder_zeros_False	GradientShap	64	1	0.1	NegativeBinomialAutoencoder	zeros	False
0.1314285714285714	23	175	6840	on_target	net_75_10306	2	0.05	net_60_10082_net_90_11013_net_75_10306_net_77_11506	GradientShap_64_1_0.1_NegativeBinomialAutoencoder_zeros_False	GradientShap	64	1	0.1	NegativeBinomialAutoencoder	zeros	False
0.2057142857142857	36	175	13681	on_target	net_75_10306	2	0.1	net_60_10082_net_90_11013_net_75_10306_net_77_11506	GradientShap_64_1_0.1_NegativeBinomialAutoencoder_zeros_False	GradientShap	64	1	0.1	NegativeBinomialAutoencoder	zeros	False
0.4628571428571428	81	175	27361	on_target	net_75_10306	2	0.2	net_60_10082_net_90_11013_net_75_10306_net_77_11506	GradientShap_64_1_0.1_NegativeBinomialAutoencoder_zeros_False	GradientShap	64	1	0.1	NegativeBinomialAutoencoder	zeros	False
0.5428571428571428	95	175	34202	on_target	net_75_10306	2	0.25	net_60_10082_net_90_11013_net_75_10306_net_77_11506	GradientShap_64_1_0.1_NegativeBinomialAutoencoder_zeros_False	GradientShap	64	1	0.1	NegativeBinomialAutoencoder	zeros	False
0.8114285714285714	142	175	68403	on_target	net_75_10306	2	0.5	net_60_10082_net_90_11013_net_75_10306_net_77_11506	GradientShap_64_1_0.1_NegativeBinomialAutoencoder_zeros_False	GradientShap	64	1	0.1	NegativeBinomialAutoencoder	zeros	False
1.0	175	175	91204	on_target	net_75_10306	2	0.75	net_60_10082_net_90_11013_net_75_10306_net_77_11506	GradientShap_64_1_0.1_NegativeBinomialAutoencoder_zeros_False	GradientShap	64	1	0.1	NegativeBinomialAutoencoder	zeros	False
1.0	175	175	91204	on_target	net_75_10306	2	1.0	net_60_10082_net_90_11013_net_75_10306_net_77_11506	GradientShap_64_1_0.1_NegativeBinomialAutoencoder_zeros_False	GradientShap	64	1	0.1	NegativeBinomialAutoencoder	zeros	False
0.0	0	88	152	on_target	net_70_11431	0	0.001	net_70_11431_net_60_10082_net_135_11054_net_53_11196	GradientShap_64_1_0.1_NegativeBinomialAutoencoder_zeros_False	GradientShap	64	1	0.1	NegativeBinomialAutoencoder	zeros	False
0.0113636363636363	1	88	1517	on_target	net_70_11431	0	0.01	net_70_11431_net_60_10082_net_135_11054_net_53_11196	GradientShap_64_1_0.1_NegativeBinomialAutoencoder_zeros_False	GradientShap	64	1	0.1	NegativeBinomialAutoencoder	zeros	False
0.0795454545454545	7	88	7584	on_target	net_70_11431	0	0.05	net_70_11431_net_60_10082_net_135_11054_net_53_11196	GradientShap_64_1_0.1_NegativeBinomialAutoencoder_zeros_False	GradientShap	64	1	0.1	NegativeBinomialAutoencoder	zeros	False
0.1363636363636363	12	88	15169	on_target	net_70_11431	0	0.1	net_70_11431_net_60_10082_net_135_11054_net_53_11196	GradientShap_64_1_0.1_NegativeBinomialAutoencoder_zeros_False	GradientShap	64	1	0.1	NegativeBinomialAutoencoder	zeros	False
0.2954545454545454	26	88	30337	on_target	net_70_11431	0	0.2	net_70_11431_net_60_10082_net_135_11054_net_53_11196	GradientShap_64_1_0.1_NegativeBinomialAutoencoder_zeros_False	GradientShap	64	1	0.1	NegativeBinomialAutoencoder	zeros	False
0.3409090909090909	30	88	37922	on_target	net_70_11431	0	0.25	net_70_11431_net_60_10082_net_135_11054_net_53_11196	GradientShap_64_1_0.1_NegativeBinomialAutoencoder_zeros_False	GradientShap	64	1	0.1	NegativeBinomialAutoencoder	zeros	False
0.5340909090909091	47	88	75843	on_target	net_70_11431	0	0.5	net_70_11431_net_60_10082_net_135_11054_net_53_11196	GradientShap_64_1_0.1_NegativeBinomialAutoencoder_zeros_False	GradientShap	64	1	0.1	NegativeBinomialAutoencoder	zeros	False
1.0	88	88	101124	on_target	net_70_11431	0	0.75	net_70_11431_net_60_10082_net_135_11054_net_53_11196	GradientShap_64_1_0.1_NegativeBinomialAutoencoder_zeros_False	GradientShap	64	1	0.1	NegativeBinomialAutoencoder	zeros	False
1.0	88	88	101124	on_target	net_70_11431	0	1.0	net_70_11431_net_60_10082_net_135_11054_net_53_11196	GradientShap_64_1_0.1_NegativeBinomialAutoencoder_zeros_False	GradientShap	64	1	0.1	NegativeBinomialAutoencoder	zeros	False
0.0	0	88	152	off_target	net_70_11431	1	0.001	net_70_11431_net_60_10082_net_135_11054_net_53_11196	GradientShap_64_1_0.1_NegativeBinomialAutoencoder_zeros_False	GradientShap	64	1	0.1	NegativeBinomialAutoencoder	zeros	False
0.0	0	88	1517	off_target	net_70_11431	1	0.01	net_70_11431_net_60_10082_net_135_11054_net_53_11196	GradientShap_64_1_0.1_NegativeBinomialAutoencoder_zeros_False	GradientShap	64	1	0.1	NegativeBinomialAutoencoder	zeros	False
0.034090909090909	3	88	7584	off_target	net_70_11431	1	0.05	net_70_11431_net_60_10082_net_135_11054_net_53_11196	GradientShap_64_1_0.1_NegativeBinomialAutoencoder_zeros_False	GradientShap	64	1	0.1	NegativeBinomialAutoencoder	zeros	False
0.0681818181818181	6	88	15169	off_target	net_70_11431	1	0.1	net_70_11431_net_60_10082_net_135_11054_net_53_11196	GradientShap_64_1_0.1_NegativeBinomialAutoencoder_zeros_False	GradientShap	64	1	0.1	NegativeBinomialAutoencoder	zeros	False
0.2045454545454545	18	88	30337	off_target	net_70_11431	1	0.2	net_70_11431_net_60_10082_net_135_11054_net_53_11196	GradientShap_64_1_0.1_NegativeBinomialAutoencoder_zeros_False	GradientShap	64	1	0.1	NegativeBinomialAutoencoder	zeros	False
0.2954545454545454	26	88	37922	off_target	net_70_11431	1	0.25	net_70_11431_net_60_10082_net_135_11054_net_53_11196	GradientShap_64_1_0.1_NegativeBinomialAutoencoder_zeros_False	GradientShap	64	1	0.1	NegativeBinomialAutoencoder	zeros	False
0.7613636363636364	67	88	75843	off_target	net_70_11431	1	0.5	net_70_11431_net_60_10082_net_135_11054_net_53_11196	GradientShap_64_1_0.1_NegativeBinomialAutoencoder_zeros_False	GradientShap	64	1	0.1	NegativeBinomialAutoencoder	zeros	False
1.0	88	88	101124	off_target	net_70_11431	1	0.75	net_70_11431_net_60_10082_net_135_11054_net_53_11196	GradientShap_64_1_0.1_NegativeBinomialAutoencoder_zeros_False	GradientShap	64	1	0.1	NegativeBinomialAutoencoder	zeros	False
1.0	88	88	101124	off_target	net_70_11431	1	1.0	net_70_11431_net_60_10082_net_135_11054_net_53_11196	GradientShap_64_1_0.1_NegativeBinomialAutoencoder_zeros_False	GradientShap	64	1	0.1	NegativeBinomialAutoencoder	zeros	False
0.0	0	88	152	off_target	net_70_11431	2	0.001	net_70_11431_net_60_10082_net_135_11054_net_53_11196	GradientShap_64_1_0.1_NegativeBinomialAutoencoder_zeros_False	GradientShap	64	1	0.1	NegativeBinomialAutoencoder	zeros	False
0.0	0	88	1517	off_target	net_70_11431	2	0.01	net_70_11431_net_60_10082_net_135_11054_net_53_11196	GradientShap_64_1_0.1_NegativeBinomialAutoencoder_zeros_False	GradientShap	64	1	0.1	NegativeBinomialAutoencoder	zeros	False
0.034090909090909	3	88	7584	off_target	net_70_11431	2	0.05	net_70_11431_net_60_10082_net_135_11054_net_53_11196	GradientShap_64_1_0.1_NegativeBinomialAutoencoder_zeros_False	GradientShap	64	1	0.1	NegativeBinomialAutoencoder	zeros	False
0.1022727272727272	9	88	15169	off_target	net_70_11431	2	0.1	net_70_11431_net_60_10082_net_135_11054_net_53_11196	GradientShap_64_1_0.1_NegativeBinomialAutoencoder_zeros_False	GradientShap	64	1	0.1	NegativeBinomialAutoencoder	zeros	False
0.3181818181818182	28	88	30337	off_target	net_70_11431	2	0.2	net_70_11431_net_60_10082_net_135_11054_net_53_11196	GradientShap_64_1_0.1_NegativeBinomialAutoencoder_zeros_False	GradientShap	64	1	0.1	NegativeBinomialAutoencoder	zeros	False
0.4090909090909091	36	88	37922	off_target	net_70_11431	2	0.25	net_70_11431_net_60_10082_net_135_11054_net_53_11196	GradientShap_64_1_0.1_NegativeBinomialAutoencoder_zeros_False	GradientShap	64	1	0.1	NegativeBinomialAutoencoder	zeros	False
0.7386363636363636	65	88	75843	off_target	net_70_11431	2	0.5	net_70_11431_net_60_10082_net_135_11054_net_53_11196	GradientShap_64_1_0.1_NegativeBinomialAutoencoder_zeros_False	GradientShap	64	1	0.1	NegativeBinomialAutoencoder	zeros	False
1.0	88	88	101124	off_target	net_70_11431	2	0.75	net_70_11431_net_60_10082_net_135_11054_net_53_11196	GradientShap_64_1_0.1_NegativeBinomialAutoencoder_zeros_False	GradientShap	64	1	0.1	NegativeBinomialAutoencoder	zeros	False
1.0	88	88	101124	off_target	net_70_11431	2	1.0	net_70_11431_net_60_10082_net_135_11054_net_53_11196	GradientShap_64_1_0.1_NegativeBinomialAutoencoder_zeros_False	GradientShap	64	1	0.1	NegativeBinomialAutoencoder	zeros	False
0.0	0	104	152	off_target	net_60_10082	0	0.001	net_70_11431_net_60_10082_net_135_11054_net_53_11196	GradientShap_64_1_0.1_NegativeBinomialAutoencoder_zeros_False	GradientShap	64	1	0.1	NegativeBinomialAutoencoder	zeros	False
0.0	0	104	1517	off_target	net_60_10082	0	0.01	net_70_11431_net_60_10082_net_135_11054_net_53_11196	GradientShap_64_1_0.1_NegativeBinomialAutoencoder_zeros_False	GradientShap	64	1	0.1	NegativeBinomialAutoencoder	zeros	False
0.0	0	104	7584	off_target	net_60_10082	0	0.05	net_70_11431_net_60_10082_net_135_11054_net_53_11196	GradientShap_64_1_0.1_NegativeBinomialAutoencoder_zeros_False	GradientShap	64	1	0.1	NegativeBinomialAutoencoder	zeros	False
0.0288461538461538	3	104	15169	off_target	net_60_10082	0	0.1	net_70_11431_net_60_10082_net_135_11054_net_53_11196	GradientShap_64_1_0.1_NegativeBinomialAutoencoder_zeros_False	GradientShap	64	1	0.1	NegativeBinomialAutoencoder	zeros	False
0.2403846153846154	25	104	30337	off_target	net_60_10082	0	0.2	net_70_11431_net_60_10082_net_135_11054_net_53_11196	GradientShap_64_1_0.1_NegativeBinomialAutoencoder_zeros_False	GradientShap	64	1	0.1	NegativeBinomialAutoencoder	zeros	False
0.3269230769230769	34	104	37922	off_target	net_60_10082	0	0.25	net_70_11431_net_60_10082_net_135_11054_net_53_11196	GradientShap_64_1_0.1_NegativeBinomialAutoencoder_zeros_False	GradientShap	64	1	0.1	NegativeBinomialAutoencoder	zeros	False
0.8461538461538461	88	104	75843	off_target	net_60_10082	0	0.5	net_70_11431_net_60_10082_net_135_11054_net_53_11196	GradientShap_64_1_0.1_NegativeBinomialAutoencoder_zeros_False	GradientShap	64	1	0.1	NegativeBinomialAutoencoder	zeros	False
1.0	104	104	101124	off_target	net_60_10082	0	0.75	net_70_11431_net_60_10082_net_135_11054_net_53_11196	GradientShap_64_1_0.1_NegativeBinomialAutoencoder_zeros_False	GradientShap	64	1	0.1	NegativeBinomialAutoencoder	zeros	False
1.0	104	104	101124	off_target	net_60_10082	0	1.0	net_70_11431_net_60_10082_net_135_11054_net_53_11196	GradientShap_64_1_0.1_NegativeBinomialAutoencoder_zeros_False	GradientShap	64	1	0.1	NegativeBinomialAutoencoder	zeros	False
0.0	0	104	152	on_target	net_60_10082	1	0.001	net_70_11431_net_60_10082_net_135_11054_net_53_11196	GradientShap_64_1_0.1_NegativeBinomialAutoencoder_zeros_False	GradientShap	64	1	0.1	NegativeBinomialAutoencoder	zeros	False
0.048076923076923	5	104	1517	on_target	net_60_10082	1	0.01	net_70_11431_net_60_10082_net_135_11054_net_53_11196	GradientShap_64_1_0.1_NegativeBinomialAutoencoder_zeros_False	GradientShap	64	1	0.1	NegativeBinomialAutoencoder	zeros	False
0.2788461538461538	29	104	7584	on_target	net_60_10082	1	0.05	net_70_11431_net_60_10082_net_135_11054_net_53_11196	GradientShap_64_1_0.1_NegativeBinomialAutoencoder_zeros_False	GradientShap	64	1	0.1	NegativeBinomialAutoencoder	zeros	False
0.4711538461538461	49	104	15169	on_target	net_60_10082	1	0.1	net_70_11431_net_60_10082_net_135_11054_net_53_11196	GradientShap_64_1_0.1_NegativeBinomialAutoencoder_zeros_False	GradientShap	64	1	0.1	NegativeBinomialAutoencoder	zeros	False
0.625	65	104	30337	on_target	net_60_10082	1	0.2	net_70_11431_net_60_10082_net_135_11054_net_53_11196	GradientShap_64_1_0.1_NegativeBinomialAutoencoder_zeros_False	GradientShap	64	1	0.1	NegativeBinomialAutoencoder	zeros	False
0.6538461538461539	68	104	37922	on_target	net_60_10082	1	0.25	net_70_11431_net_60_10082_net_135_11054_net_53_11196	GradientShap_64_1_0.1_NegativeBinomialAutoencoder_zeros_False	GradientShap	64	1	0.1	NegativeBinomialAutoencoder	zeros	False
0.7980769230769231	83	104	75843	on_target	net_60_10082	1	0.5	net_70_11431_net_60_10082_net_135_11054_net_53_11196	GradientShap_64_1_0.1_NegativeBinomialAutoencoder_zeros_False	GradientShap	64	1	0.1	NegativeBinomialAutoencoder	zeros	False
1.0	104	104	101124	on_target	net_60_10082	1	0.75	net_70_11431_net_60_10082_net_135_11054_net_53_11196	GradientShap_64_1_0.1_NegativeBinomialAutoencoder_zeros_False	GradientShap	64	1	0.1	NegativeBinomialAutoencoder	zeros	False
1.0	104	104	101124	on_target	net_60_10082	1	1.0	net_70_11431_net_60_10082_net_135_11054_net_53_11196	GradientShap_64_1_0.1_NegativeBinomialAutoencoder_zeros_False	GradientShap	64	1	0.1	NegativeBinomialAutoencoder	zeros	False
0.0	0	104	152	off_target	net_60_10082	2	0.001	net_70_11431_net_60_10082_net_135_11054_net_53_11196	GradientShap_64_1_0.1_NegativeBinomialAutoencoder_zeros_False	GradientShap	64	1	0.1	NegativeBinomialAutoencoder	zeros	False
0.0	0	104	1517	off_target	net_60_10082	2	0.01	net_70_11431_net_60_10082_net_135_11054_net_53_11196	GradientShap_64_1_0.1_NegativeBinomialAutoencoder_zeros_False	GradientShap	64	1	0.1	NegativeBinomialAutoencoder	zeros	False
0.0	0	104	7584	off_target	net_60_10082	2	0.05	net_70_11431_net_60_10082_net_135_11054_net_53_11196	GradientShap_64_1_0.1_NegativeBinomialAutoencoder_zeros_False	GradientShap	64	1	0.1	NegativeBinomialAutoencoder	zeros	False
0.0192307692307692	2	104	15169	off_target	net_60_10082	2	0.1	net_70_11431_net_60_10082_net_135_11054_net_53_11196	GradientShap_64_1_0.1_NegativeBinomialAutoencoder_zeros_False	GradientShap	64	1	0.1	NegativeBinomialAutoencoder	zeros	False
0.2115384615384615	22	104	30337	off_target	net_60_10082	2	0.2	net_70_11431_net_60_10082_net_135_11054_net_53_11196	GradientShap_64_1_0.1_NegativeBinomialAutoencoder_zeros_False	GradientShap	64	1	0.1	NegativeBinomialAutoencoder	zeros	False
0.4038461538461538	42	104	37922	off_target	net_60_10082	2	0.25	net_70_11431_net_60_10082_net_135_11054_net_53_11196	GradientShap_64_1_0.1_NegativeBinomialAutoencoder_zeros_False	GradientShap	64	1	0.1	NegativeBinomialAutoencoder	zeros	False
0.8173076923076923	85	104	75843	off_target	net_60_10082	2	0.5	net_70_11431_net_60_10082_net_135_11054_net_53_11196	GradientShap_64_1_0.1_NegativeBinomialAutoencoder_zeros_False	GradientShap	64	1	0.1	NegativeBinomialAutoencoder	zeros	False
1.0	104	104	101124	off_target	net_60_10082	2	0.75	net_70_11431_net_60_10082_net_135_11054_net_53_11196	GradientShap_64_1_0.1_NegativeBinomialAutoencoder_zeros_False	GradientShap	64	1	0.1	NegativeBinomialAutoencoder	zeros	False
1.0	104	104	101124	off_target	net_60_10082	2	1.0	net_70_11431_net_60_10082_net_135_11054_net_53_11196	GradientShap_64_1_0.1_NegativeBinomialAutoencoder_zeros_False	GradientShap	64	1	0.1	NegativeBinomialAutoencoder	zeros	False
0.0	0	264	152	off_target	net_135_11054	0	0.001	net_70_11431_net_60_10082_net_135_11054_net_53_11196	GradientShap_64_1_0.1_NegativeBinomialAutoencoder_zeros_False	GradientShap	64	1	0.1	NegativeBinomialAutoencoder	zeros	False
0.0	0	264	1517	off_target	net_135_11054	0	0.01	net_70_11431_net_60_10082_net_135_11054_net_53_11196	GradientShap_64_1_0.1_NegativeBinomialAutoencoder_zeros_False	GradientShap	64	1	0.1	NegativeBinomialAutoencoder	zeros	False
0.0303030303030303	8	264	7584	off_target	net_135_11054	0	0.05	net_70_11431_net_60_10082_net_135_11054_net_53_11196	GradientShap_64_1_0.1_NegativeBinomialAutoencoder_zeros_False	GradientShap	64	1	0.1	NegativeBinomialAutoencoder	zeros	False
0.1174242424242424	31	264	15169	off_target	net_135_11054	0	0.1	net_70_11431_net_60_10082_net_135_11054_net_53_11196	GradientShap_64_1_0.1_NegativeBinomialAutoencoder_zeros_False	GradientShap	64	1	0.1	NegativeBinomialAutoencoder	zeros	False
0.3219696969696969	85	264	30337	off_target	net_135_11054	0	0.2	net_70_11431_net_60_10082_net_135_11054_net_53_11196	GradientShap_64_1_0.1_NegativeBinomialAutoencoder_zeros_False	GradientShap	64	1	0.1	NegativeBinomialAutoencoder	zeros	False
0.4242424242424242	112	264	37922	off_target	net_135_11054	0	0.25	net_70_11431_net_60_10082_net_135_11054_net_53_11196	GradientShap_64_1_0.1_NegativeBinomialAutoencoder_zeros_False	GradientShap	64	1	0.1	NegativeBinomialAutoencoder	zeros	False
0.8181818181818182	216	264	75843	off_target	net_135_11054	0	0.5	net_70_11431_net_60_10082_net_135_11054_net_53_11196	GradientShap_64_1_0.1_NegativeBinomialAutoencoder_zeros_False	GradientShap	64	1	0.1	NegativeBinomialAutoencoder	zeros	False
1.0	264	264	101124	off_target	net_135_11054	0	0.75	net_70_11431_net_60_10082_net_135_11054_net_53_11196	GradientShap_64_1_0.1_NegativeBinomialAutoencoder_zeros_False	GradientShap	64	1	0.1	NegativeBinomialAutoencoder	zeros	False
1.0	264	264	101124	off_target	net_135_11054	0	1.0	net_70_11431_net_60_10082_net_135_11054_net_53_11196	GradientShap_64_1_0.1_NegativeBinomialAutoencoder_zeros_False	GradientShap	64	1	0.1	NegativeBinomialAutoencoder	zeros	False
0.0	0	264	152	off_target	net_135_11054	1	0.001	net_70_11431_net_60_10082_net_135_11054_net_53_11196	GradientShap_64_1_0.1_NegativeBinomialAutoencoder_zeros_False	GradientShap	64	1	0.1	NegativeBinomialAutoencoder	zeros	False
0.0037878787878787	1	264	1517	off_target	net_135_11054	1	0.01	net_70_11431_net_60_10082_net_135_11054_net_53_11196	GradientShap_64_1_0.1_NegativeBinomialAutoencoder_zeros_False	GradientShap	64	1	0.1	NegativeBinomialAutoencoder	zeros	False
0.0378787878787878	10	264	7584	off_target	net_135_11054	1	0.05	net_70_11431_net_60_10082_net_135_11054_net_53_11196	GradientShap_64_1_0.1_NegativeBinomialAutoencoder_zeros_False	GradientShap	64	1	0.1	NegativeBinomialAutoencoder	zeros	False
0.0946969696969697	25	264	15169	off_target	net_135_11054	1	0.1	net_70_11431_net_60_10082_net_135_11054_net_53_11196	GradientShap_64_1_0.1_NegativeBinomialAutoencoder_zeros_False	GradientShap	64	1	0.1	NegativeBinomialAutoencoder	zeros	False
0.3295454545454545	87	264	30337	off_target	net_135_11054	1	0.2	net_70_11431_net_60_10082_net_135_11054_net_53_11196	GradientShap_64_1_0.1_NegativeBinomialAutoencoder_zeros_False	GradientShap	64	1	0.1	NegativeBinomialAutoencoder	zeros	False
0.4469696969696969	118	264	37922	off_target	net_135_11054	1	0.25	net_70_11431_net_60_10082_net_135_11054_net_53_11196	GradientShap_64_1_0.1_NegativeBinomialAutoencoder_zeros_False	GradientShap	64	1	0.1	NegativeBinomialAutoencoder	zeros	False
0.8409090909090909	222	264	75843	off_target	net_135_11054	1	0.5	net_70_11431_net_60_10082_net_135_11054_net_53_11196	GradientShap_64_1_0.1_NegativeBinomialAutoencoder_zeros_False	GradientShap	64	1	0.1	NegativeBinomialAutoencoder	zeros	False
1.0	264	264	101124	off_target	net_135_11054	1	0.75	net_70_11431_net_60_10082_net_135_11054_net_53_11196	GradientShap_64_1_0.1_NegativeBinomialAutoencoder_zeros_False	GradientShap	64	1	0.1	NegativeBinomialAutoencoder	zeros	False
1.0	264	264	101124	off_target	net_135_11054	1	1.0	net_70_11431_net_60_10082_net_135_11054_net_53_11196	GradientShap_64_1_0.1_NegativeBinomialAutoencoder_zeros_False	GradientShap	64	1	0.1	NegativeBinomialAutoencoder	zeros	False
0.0	0	264	152	on_target	net_135_11054	2	0.001	net_70_11431_net_60_10082_net_135_11054_net_53_11196	GradientShap_64_1_0.1_NegativeBinomialAutoencoder_zeros_False	GradientShap	64	1	0.1	NegativeBinomialAutoencoder	zeros	False
0.0189393939393939	5	264	1517	on_target	net_135_11054	2	0.01	net_70_11431_net_60_10082_net_135_11054_net_53_11196	GradientShap_64_1_0.1_NegativeBinomialAutoencoder_zeros_False	GradientShap	64	1	0.1	NegativeBinomialAutoencoder	zeros	False
0.0984848484848484	26	264	7584	on_target	net_135_11054	2	0.05	net_70_11431_net_60_10082_net_135_11054_net_53_11196	GradientShap_64_1_0.1_NegativeBinomialAutoencoder_zeros_False	GradientShap	64	1	0.1	NegativeBinomialAutoencoder	zeros	False
0.2234848484848484	59	264	15169	on_target	net_135_11054	2	0.1	net_70_11431_net_60_10082_net_135_11054_net_53_11196	GradientShap_64_1_0.1_NegativeBinomialAutoencoder_zeros_False	GradientShap	64	1	0.1	NegativeBinomialAutoencoder	zeros	False
0.3484848484848485	92	264	30337	on_target	net_135_11054	2	0.2	net_70_11431_net_60_10082_net_135_11054_net_53_11196	GradientShap_64_1_0.1_NegativeBinomialAutoencoder_zeros_False	GradientShap	64	1	0.1	NegativeBinomialAutoencoder	zeros	False
0.3901515151515151	103	264	37922	on_target	net_135_11054	2	0.25	net_70_11431_net_60_10082_net_135_11054_net_53_11196	GradientShap_64_1_0.1_NegativeBinomialAutoencoder_zeros_False	GradientShap	64	1	0.1	NegativeBinomialAutoencoder	zeros	False
0.7916666666666666	209	264	75843	on_target	net_135_11054	2	0.5	net_70_11431_net_60_10082_net_135_11054_net_53_11196	GradientShap_64_1_0.1_NegativeBinomialAutoencoder_zeros_False	GradientShap	64	1	0.1	NegativeBinomialAutoencoder	zeros	False
1.0	264	264	101124	on_target	net_135_11054	2	0.75	net_70_11431_net_60_10082_net_135_11054_net_53_11196	GradientShap_64_1_0.1_NegativeBinomialAutoencoder_zeros_False	GradientShap	64	1	0.1	NegativeBinomialAutoencoder	zeros	False
1.0	264	264	101124	on_target	net_135_11054	2	1.0	net_70_11431_net_60_10082_net_135_11054_net_53_11196	GradientShap_64_1_0.1_NegativeBinomialAutoencoder_zeros_False	GradientShap	64	1	0.1	NegativeBinomialAutoencoder	zeros	False
0.0	0	88	161	on_target	net_70_11431	0	0.001	net_70_11431_net_84_9903_net_59_10488_net_115_11153	GradientShap_64_1_0.1_NegativeBinomialAutoencoder_zeros_False	GradientShap	64	1	0.1	NegativeBinomialAutoencoder	zeros	False
0.0	0	88	1614	on_target	net_70_11431	0	0.01	net_70_11431_net_84_9903_net_59_10488_net_115_11153	GradientShap_64_1_0.1_NegativeBinomialAutoencoder_zeros_False	GradientShap	64	1	0.1	NegativeBinomialAutoencoder	zeros	False
0.034090909090909	3	88	8069	on_target	net_70_11431	0	0.05	net_70_11431_net_84_9903_net_59_10488_net_115_11153	GradientShap_64_1_0.1_NegativeBinomialAutoencoder_zeros_False	GradientShap	64	1	0.1	NegativeBinomialAutoencoder	zeros	False
0.0909090909090909	8	88	16138	on_target	net_70_11431	0	0.1	net_70_11431_net_84_9903_net_59_10488_net_115_11153	GradientShap_64_1_0.1_NegativeBinomialAutoencoder_zeros_False	GradientShap	64	1	0.1	NegativeBinomialAutoencoder	zeros	False
0.2386363636363636	21	88	32275	on_target	net_70_11431	0	0.2	net_70_11431_net_84_9903_net_59_10488_net_115_11153	GradientShap_64_1_0.1_NegativeBinomialAutoencoder_zeros_False	GradientShap	64	1	0.1	NegativeBinomialAutoencoder	zeros	False
0.2613636363636363	23	88	40344	on_target	net_70_11431	0	0.25	net_70_11431_net_84_9903_net_59_10488_net_115_11153	GradientShap_64_1_0.1_NegativeBinomialAutoencoder_zeros_False	GradientShap	64	1	0.1	NegativeBinomialAutoencoder	zeros	False
0.75	66	88	80688	on_target	net_70_11431	0	0.5	net_70_11431_net_84_9903_net_59_10488_net_115_11153	GradientShap_64_1_0.1_NegativeBinomialAutoencoder_zeros_False	GradientShap	64	1	0.1	NegativeBinomialAutoencoder	zeros	False
1.0	88	88	107584	on_target	net_70_11431	0	0.75	net_70_11431_net_84_9903_net_59_10488_net_115_11153	GradientShap_64_1_0.1_NegativeBinomialAutoencoder_zeros_False	GradientShap	64	1	0.1	NegativeBinomialAutoencoder	zeros	False
1.0	88	88	107584	on_target	net_70_11431	0	1.0	net_70_11431_net_84_9903_net_59_10488_net_115_11153	GradientShap_64_1_0.1_NegativeBinomialAutoencoder_zeros_False	GradientShap	64	1	0.1	NegativeBinomialAutoencoder	zeros	False
0.0	0	88	161	off_target	net_70_11431	1	0.001	net_70_11431_net_84_9903_net_59_10488_net_115_11153	GradientShap_64_1_0.1_NegativeBinomialAutoencoder_zeros_False	GradientShap	64	1	0.1	NegativeBinomialAutoencoder	zeros	False
0.0	0	88	1614	off_target	net_70_11431	1	0.01	net_70_11431_net_84_9903_net_59_10488_net_115_11153	GradientShap_64_1_0.1_NegativeBinomialAutoencoder_zeros_False	GradientShap	64	1	0.1	NegativeBinomialAutoencoder	zeros	False
0.0	0	88	8069	off_target	net_70_11431	1	0.05	net_70_11431_net_84_9903_net_59_10488_net_115_11153	GradientShap_64_1_0.1_NegativeBinomialAutoencoder_zeros_False	GradientShap	64	1	0.1	NegativeBinomialAutoencoder	zeros	False
0.0227272727272727	2	88	16138	off_target	net_70_11431	1	0.1	net_70_11431_net_84_9903_net_59_10488_net_115_11153	GradientShap_64_1_0.1_NegativeBinomialAutoencoder_zeros_False	GradientShap	64	1	0.1	NegativeBinomialAutoencoder	zeros	False
0.125	11	88	32275	off_target	net_70_11431	1	0.2	net_70_11431_net_84_9903_net_59_10488_net_115_11153	GradientShap_64_1_0.1_NegativeBinomialAutoencoder_zeros_False	GradientShap	64	1	0.1	NegativeBinomialAutoencoder	zeros	False
0.1931818181818181	17	88	40344	off_target	net_70_11431	1	0.25	net_70_11431_net_84_9903_net_59_10488_net_115_11153	GradientShap_64_1_0.1_NegativeBinomialAutoencoder_zeros_False	GradientShap	64	1	0.1	NegativeBinomialAutoencoder	zeros	False
0.6931818181818182	61	88	80688	off_target	net_70_11431	1	0.5	net_70_11431_net_84_9903_net_59_10488_net_115_11153	GradientShap_64_1_0.1_NegativeBinomialAutoencoder_zeros_False	GradientShap	64	1	0.1	NegativeBinomialAutoencoder	zeros	False
1.0	88	88	107584	off_target	net_70_11431	1	0.75	net_70_11431_net_84_9903_net_59_10488_net_115_11153	GradientShap_64_1_0.1_NegativeBinomialAutoencoder_zeros_False	GradientShap	64	1	0.1	NegativeBinomialAutoencoder	zeros	False
1.0	88	88	107584	off_target	net_70_11431	1	1.0	net_70_11431_net_84_9903_net_59_10488_net_115_11153	GradientShap_64_1_0.1_NegativeBinomialAutoencoder_zeros_False	GradientShap	64	1	0.1	NegativeBinomialAutoencoder	zeros	False
0.0	0	88	161	off_target	net_70_11431	2	0.001	net_70_11431_net_84_9903_net_59_10488_net_115_11153	GradientShap_64_1_0.1_NegativeBinomialAutoencoder_zeros_False	GradientShap	64	1	0.1	NegativeBinomialAutoencoder	zeros	False
0.0	0	88	1614	off_target	net_70_11431	2	0.01	net_70_11431_net_84_9903_net_59_10488_net_115_11153	GradientShap_64_1_0.1_NegativeBinomialAutoencoder_zeros_False	GradientShap	64	1	0.1	NegativeBinomialAutoencoder	zeros	False
0.0795454545454545	7	88	8069	off_target	net_70_11431	2	0.05	net_70_11431_net_84_9903_net_59_10488_net_115_11153	GradientShap_64_1_0.1_NegativeBinomialAutoencoder_zeros_False	GradientShap	64	1	0.1	NegativeBinomialAutoencoder	zeros	False
0.1590909090909091	14	88	16138	off_target	net_70_11431	2	0.1	net_70_11431_net_84_9903_net_59_10488_net_115_11153	GradientShap_64_1_0.1_NegativeBinomialAutoencoder_zeros_False	GradientShap	64	1	0.1	NegativeBinomialAutoencoder	zeros	False
0.3522727272727273	31	88	32275	off_target	net_70_11431	2	0.2	net_70_11431_net_84_9903_net_59_10488_net_115_11153	GradientShap_64_1_0.1_NegativeBinomialAutoencoder_zeros_False	GradientShap	64	1	0.1	NegativeBinomialAutoencoder	zeros	False
0.3636363636363636	32	88	40344	off_target	net_70_11431	2	0.25	net_70_11431_net_84_9903_net_59_10488_net_115_11153	GradientShap_64_1_0.1_NegativeBinomialAutoencoder_zeros_False	GradientShap	64	1	0.1	NegativeBinomialAutoencoder	zeros	False
0.7613636363636364	67	88	80688	off_target	net_70_11431	2	0.5	net_70_11431_net_84_9903_net_59_10488_net_115_11153	GradientShap_64_1_0.1_NegativeBinomialAutoencoder_zeros_False	GradientShap	64	1	0.1	NegativeBinomialAutoencoder	zeros	False
1.0	88	88	107584	off_target	net_70_11431	2	0.75	net_70_11431_net_84_9903_net_59_10488_net_115_11153	GradientShap_64_1_0.1_NegativeBinomialAutoencoder_zeros_False	GradientShap	64	1	0.1	NegativeBinomialAutoencoder	zeros	False
1.0	88	88	107584	off_target	net_70_11431	2	1.0	net_70_11431_net_84_9903_net_59_10488_net_115_11153	GradientShap_64_1_0.1_NegativeBinomialAutoencoder_zeros_False	GradientShap	64	1	0.1	NegativeBinomialAutoencoder	zeros	False
0.0	0	117	161	off_target	net_84_9903	0	0.001	net_70_11431_net_84_9903_net_59_10488_net_115_11153	GradientShap_64_1_0.1_NegativeBinomialAutoencoder_zeros_False	GradientShap	64	1	0.1	NegativeBinomialAutoencoder	zeros	False
0.0	0	117	1614	off_target	net_84_9903	0	0.01	net_70_11431_net_84_9903_net_59_10488_net_115_11153	GradientShap_64_1_0.1_NegativeBinomialAutoencoder_zeros_False	GradientShap	64	1	0.1	NegativeBinomialAutoencoder	zeros	False
0.1794871794871795	21	117	8069	off_target	net_84_9903	0	0.05	net_70_11431_net_84_9903_net_59_10488_net_115_11153	GradientShap_64_1_0.1_NegativeBinomialAutoencoder_zeros_False	GradientShap	64	1	0.1	NegativeBinomialAutoencoder	zeros	False
0.2905982905982906	34	117	16138	off_target	net_84_9903	0	0.1	net_70_11431_net_84_9903_net_59_10488_net_115_11153	GradientShap_64_1_0.1_NegativeBinomialAutoencoder_zeros_False	GradientShap	64	1	0.1	NegativeBinomialAutoencoder	zeros	False
0.5470085470085471	64	117	32275	off_target	net_84_9903	0	0.2	net_70_11431_net_84_9903_net_59_10488_net_115_11153	GradientShap_64_1_0.1_NegativeBinomialAutoencoder_zeros_False	GradientShap	64	1	0.1	NegativeBinomialAutoencoder	zeros	False
0.6581196581196581	77	117	40344	off_target	net_84_9903	0	0.25	net_70_11431_net_84_9903_net_59_10488_net_115_11153	GradientShap_64_1_0.1_NegativeBinomialAutoencoder_zeros_False	GradientShap	64	1	0.1	NegativeBinomialAutoencoder	zeros	False
0.9487179487179488	111	117	80688	off_target	net_84_9903	0	0.5	net_70_11431_net_84_9903_net_59_10488_net_115_11153	GradientShap_64_1_0.1_NegativeBinomialAutoencoder_zeros_False	GradientShap	64	1	0.1	NegativeBinomialAutoencoder	zeros	False
1.0	117	117	107584	off_target	net_84_9903	0	0.75	net_70_11431_net_84_9903_net_59_10488_net_115_11153	GradientShap_64_1_0.1_NegativeBinomialAutoencoder_zeros_False	GradientShap	64	1	0.1	NegativeBinomialAutoencoder	zeros	False
1.0	117	117	107584	off_target	net_84_9903	0	1.0	net_70_11431_net_84_9903_net_59_10488_net_115_11153	GradientShap_64_1_0.1_NegativeBinomialAutoencoder_zeros_False	GradientShap	64	1	0.1	NegativeBinomialAutoencoder	zeros	False
0.0	0	117	161	on_target	net_84_9903	1	0.001	net_70_11431_net_84_9903_net_59_10488_net_115_11153	GradientShap_64_1_0.1_NegativeBinomialAutoencoder_zeros_False	GradientShap	64	1	0.1	NegativeBinomialAutoencoder	zeros	False
0.0	0	117	1614	on_target	net_84_9903	1	0.01	net_70_11431_net_84_9903_net_59_10488_net_115_11153	GradientShap_64_1_0.1_NegativeBinomialAutoencoder_zeros_False	GradientShap	64	1	0.1	NegativeBinomialAutoencoder	zeros	False
0.0	0	117	8069	on_target	net_84_9903	1	0.05	net_70_11431_net_84_9903_net_59_10488_net_115_11153	GradientShap_64_1_0.1_NegativeBinomialAutoencoder_zeros_False	GradientShap	64	1	0.1	NegativeBinomialAutoencoder	zeros	False
0.0256410256410256	3	117	16138	on_target	net_84_9903	1	0.1	net_70_11431_net_84_9903_net_59_10488_net_115_11153	GradientShap_64_1_0.1_NegativeBinomialAutoencoder_zeros_False	GradientShap	64	1	0.1	NegativeBinomialAutoencoder	zeros	False
0.2905982905982906	34	117	32275	on_target	net_84_9903	1	0.2	net_70_11431_net_84_9903_net_59_10488_net_115_11153	GradientShap_64_1_0.1_NegativeBinomialAutoencoder_zeros_False	GradientShap	64	1	0.1	NegativeBinomialAutoencoder	zeros	False
0.452991452991453	53	117	40344	on_target	net_84_9903	1	0.25	net_70_11431_net_84_9903_net_59_10488_net_115_11153	GradientShap_64_1_0.1_NegativeBinomialAutoencoder_zeros_False	GradientShap	64	1	0.1	NegativeBinomialAutoencoder	zeros	False
0.8290598290598291	97	117	80688	on_target	net_84_9903	1	0.5	net_70_11431_net_84_9903_net_59_10488_net_115_11153	GradientShap_64_1_0.1_NegativeBinomialAutoencoder_zeros_False	GradientShap	64	1	0.1	NegativeBinomialAutoencoder	zeros	False
1.0	117	117	107584	on_target	net_84_9903	1	0.75	net_70_11431_net_84_9903_net_59_10488_net_115_11153	GradientShap_64_1_0.1_NegativeBinomialAutoencoder_zeros_False	GradientShap	64	1	0.1	NegativeBinomialAutoencoder	zeros	False
1.0	117	117	107584	on_target	net_84_9903	1	1.0	net_70_11431_net_84_9903_net_59_10488_net_115_11153	GradientShap_64_1_0.1_NegativeBinomialAutoencoder_zeros_False	GradientShap	64	1	0.1	NegativeBinomialAutoencoder	zeros	False
0.0	0	117	161	off_target	net_84_9903	2	0.001	net_70_11431_net_84_9903_net_59_10488_net_115_11153	GradientShap_64_1_0.1_NegativeBinomialAutoencoder_zeros_False	GradientShap	64	1	0.1	NegativeBinomialAutoencoder	zeros	False
0.0	0	117	1614	off_target	net_84_9903	2	0.01	net_70_11431_net_84_9903_net_59_10488_net_115_11153	GradientShap_64_1_0.1_NegativeBinomialAutoencoder_zeros_False	GradientShap	64	1	0.1	NegativeBinomialAutoencoder	zeros	False
0.1111111111111111	13	117	8069	off_target	net_84_9903	2	0.05	net_70_11431_net_84_9903_net_59_10488_net_115_11153	GradientShap_64_1_0.1_NegativeBinomialAutoencoder_zeros_False	GradientShap	64	1	0.1	NegativeBinomialAutoencoder	zeros	False
0.282051282051282	33	117	16138	off_target	net_84_9903	2	0.1	net_70_11431_net_84_9903_net_59_10488_net_115_11153	GradientShap_64_1_0.1_NegativeBinomialAutoencoder_zeros_False	GradientShap	64	1	0.1	NegativeBinomialAutoencoder	zeros	False
0.5897435897435898	69	117	32275	off_target	net_84_9903	2	0.2	net_70_11431_net_84_9903_net_59_10488_net_115_11153	GradientShap_64_1_0.1_NegativeBinomialAutoencoder_zeros_False	GradientShap	64	1	0.1	NegativeBinomialAutoencoder	zeros	False
0.6923076923076923	81	117	40344	off_target	net_84_9903	2	0.25	net_70_11431_net_84_9903_net_59_10488_net_115_11153	GradientShap_64_1_0.1_NegativeBinomialAutoencoder_zeros_False	GradientShap	64	1	0.1	NegativeBinomialAutoencoder	zeros	False
0.905982905982906	106	117	80688	off_target	net_84_9903	2	0.5	net_70_11431_net_84_9903_net_59_10488_net_115_11153	GradientShap_64_1_0.1_NegativeBinomialAutoencoder_zeros_False	GradientShap	64	1	0.1	NegativeBinomialAutoencoder	zeros	False
1.0	117	117	107584	off_target	net_84_9903	2	0.75	net_70_11431_net_84_9903_net_59_10488_net_115_11153	GradientShap_64_1_0.1_NegativeBinomialAutoencoder_zeros_False	GradientShap	64	1	0.1	NegativeBinomialAutoencoder	zeros	False
1.0	117	117	107584	off_target	net_84_9903	2	1.0	net_70_11431_net_84_9903_net_59_10488_net_115_11153	GradientShap_64_1_0.1_NegativeBinomialAutoencoder_zeros_False	GradientShap	64	1	0.1	NegativeBinomialAutoencoder	zeros	False
0.0	0	87	161	off_target	net_59_10488	0	0.001	net_70_11431_net_84_9903_net_59_10488_net_115_11153	GradientShap_64_1_0.1_NegativeBinomialAutoencoder_zeros_False	GradientShap	64	1	0.1	NegativeBinomialAutoencoder	zeros	False
0.0	0	87	1614	off_target	net_59_10488	0	0.01	net_70_11431_net_84_9903_net_59_10488_net_115_11153	GradientShap_64_1_0.1_NegativeBinomialAutoencoder_zeros_False	GradientShap	64	1	0.1	NegativeBinomialAutoencoder	zeros	False
0.0	0	87	8069	off_target	net_59_10488	0	0.05	net_70_11431_net_84_9903_net_59_10488_net_115_11153	GradientShap_64_1_0.1_NegativeBinomialAutoencoder_zeros_False	GradientShap	64	1	0.1	NegativeBinomialAutoencoder	zeros	False
0.057471264367816	5	87	16138	off_target	net_59_10488	0	0.1	net_70_11431_net_84_9903_net_59_10488_net_115_11153	GradientShap_64_1_0.1_NegativeBinomialAutoencoder_zeros_False	GradientShap	64	1	0.1	NegativeBinomialAutoencoder	zeros	False
0.3103448275862069	27	87	32275	off_target	net_59_10488	0	0.2	net_70_11431_net_84_9903_net_59_10488_net_115_11153	GradientShap_64_1_0.1_NegativeBinomialAutoencoder_zeros_False	GradientShap	64	1	0.1	NegativeBinomialAutoencoder	zeros	False
0.5402298850574713	47	87	40344	off_target	net_59_10488	0	0.25	net_70_11431_net_84_9903_net_59_10488_net_115_11153	GradientShap_64_1_0.1_NegativeBinomialAutoencoder_zeros_False	GradientShap	64	1	0.1	NegativeBinomialAutoencoder	zeros	False
0.9195402298850576	80	87	80688	off_target	net_59_10488	0	0.5	net_70_11431_net_84_9903_net_59_10488_net_115_11153	GradientShap_64_1_0.1_NegativeBinomialAutoencoder_zeros_False	GradientShap	64	1	0.1	NegativeBinomialAutoencoder	zeros	False
1.0	87	87	107584	off_target	net_59_10488	0	0.75	net_70_11431_net_84_9903_net_59_10488_net_115_11153	GradientShap_64_1_0.1_NegativeBinomialAutoencoder_zeros_False	GradientShap	64	1	0.1	NegativeBinomialAutoencoder	zeros	False
1.0	87	87	107584	off_target	net_59_10488	0	1.0	net_70_11431_net_84_9903_net_59_10488_net_115_11153	GradientShap_64_1_0.1_NegativeBinomialAutoencoder_zeros_False	GradientShap	64	1	0.1	NegativeBinomialAutoencoder	zeros	False
0.0	0	87	161	off_target	net_59_10488	1	0.001	net_70_11431_net_84_9903_net_59_10488_net_115_11153	GradientShap_64_1_0.1_NegativeBinomialAutoencoder_zeros_False	GradientShap	64	1	0.1	NegativeBinomialAutoencoder	zeros	False
0.0	0	87	1614	off_target	net_59_10488	1	0.01	net_70_11431_net_84_9903_net_59_10488_net_115_11153	GradientShap_64_1_0.1_NegativeBinomialAutoencoder_zeros_False	GradientShap	64	1	0.1	NegativeBinomialAutoencoder	zeros	False
0.0459770114942528	4	87	8069	off_target	net_59_10488	1	0.05	net_70_11431_net_84_9903_net_59_10488_net_115_11153	GradientShap_64_1_0.1_NegativeBinomialAutoencoder_zeros_False	GradientShap	64	1	0.1	NegativeBinomialAutoencoder	zeros	False
0.160919540229885	14	87	16138	off_target	net_59_10488	1	0.1	net_70_11431_net_84_9903_net_59_10488_net_115_11153	GradientShap_64_1_0.1_NegativeBinomialAutoencoder_zeros_False	GradientShap	64	1	0.1	NegativeBinomialAutoencoder	zeros	False
0.4827586206896552	42	87	32275	off_target	net_59_10488	1	0.2	net_70_11431_net_84_9903_net_59_10488_net_115_11153	GradientShap_64_1_0.1_NegativeBinomialAutoencoder_zeros_False	GradientShap	64	1	0.1	NegativeBinomialAutoencoder	zeros	False
0.5862068965517241	51	87	40344	off_target	net_59_10488	1	0.25	net_70_11431_net_84_9903_net_59_10488_net_115_11153	GradientShap_64_1_0.1_NegativeBinomialAutoencoder_zeros_False	GradientShap	64	1	0.1	NegativeBinomialAutoencoder	zeros	False
0.8850574712643678	77	87	80688	off_target	net_59_10488	1	0.5	net_70_11431_net_84_9903_net_59_10488_net_115_11153	GradientShap_64_1_0.1_NegativeBinomialAutoencoder_zeros_False	GradientShap	64	1	0.1	NegativeBinomialAutoencoder	zeros	False
1.0	87	87	107584	off_target	net_59_10488	1	0.75	net_70_11431_net_84_9903_net_59_10488_net_115_11153	GradientShap_64_1_0.1_NegativeBinomialAutoencoder_zeros_False	GradientShap	64	1	0.1	NegativeBinomialAutoencoder	zeros	False
1.0	87	87	107584	off_target	net_59_10488	1	1.0	net_70_11431_net_84_9903_net_59_10488_net_115_11153	GradientShap_64_1_0.1_NegativeBinomialAutoencoder_zeros_False	GradientShap	64	1	0.1	NegativeBinomialAutoencoder	zeros	False
0.0	0	87	161	on_target	net_59_10488	2	0.001	net_70_11431_net_84_9903_net_59_10488_net_115_11153	GradientShap_64_1_0.1_NegativeBinomialAutoencoder_zeros_False	GradientShap	64	1	0.1	NegativeBinomialAutoencoder	zeros	False
0.0919540229885057	8	87	1614	on_target	net_59_10488	2	0.01	net_70_11431_net_84_9903_net_59_10488_net_115_11153	GradientShap_64_1_0.1_NegativeBinomialAutoencoder_zeros_False	GradientShap	64	1	0.1	NegativeBinomialAutoencoder	zeros	False
0.3793103448275862	33	87	8069	on_target	net_59_10488	2	0.05	net_70_11431_net_84_9903_net_59_10488_net_115_11153	GradientShap_64_1_0.1_NegativeBinomialAutoencoder_zeros_False	GradientShap	64	1	0.1	NegativeBinomialAutoencoder	zeros	False
0.5747126436781609	50	87	16138	on_target	net_59_10488	2	0.1	net_70_11431_net_84_9903_net_59_10488_net_115_11153	GradientShap_64_1_0.1_NegativeBinomialAutoencoder_zeros_False	GradientShap	64	1	0.1	NegativeBinomialAutoencoder	zeros	False
0.735632183908046	64	87	32275	on_target	net_59_10488	2	0.2	net_70_11431_net_84_9903_net_59_10488_net_115_11153	GradientShap_64_1_0.1_NegativeBinomialAutoencoder_zeros_False	GradientShap	64	1	0.1	NegativeBinomialAutoencoder	zeros	False
0.7471264367816092	65	87	40344	on_target	net_59_10488	2	0.25	net_70_11431_net_84_9903_net_59_10488_net_115_11153	GradientShap_64_1_0.1_NegativeBinomialAutoencoder_zeros_False	GradientShap	64	1	0.1	NegativeBinomialAutoencoder	zeros	False
0.896551724137931	78	87	80688	on_target	net_59_10488	2	0.5	net_70_11431_net_84_9903_net_59_10488_net_115_11153	GradientShap_64_1_0.1_NegativeBinomialAutoencoder_zeros_False	GradientShap	64	1	0.1	NegativeBinomialAutoencoder	zeros	False
1.0	87	87	107584	on_target	net_59_10488	2	0.75	net_70_11431_net_84_9903_net_59_10488_net_115_11153	GradientShap_64_1_0.1_NegativeBinomialAutoencoder_zeros_False	GradientShap	64	1	0.1	NegativeBinomialAutoencoder	zeros	False
1.0	87	87	107584	on_target	net_59_10488	2	1.0	net_70_11431_net_84_9903_net_59_10488_net_115_11153	GradientShap_64_1_0.1_NegativeBinomialAutoencoder_zeros_False	GradientShap	64	1	0.1	NegativeBinomialAutoencoder	zeros	False
0.0	0	175	211	on_target	net_75_10306	0	0.001	net_75_10306_net_115_11153_net_72_10551_net_113_11113	GradientShap_64_1_0.1_NegativeBinomialAutoencoder_zeros_False	GradientShap	64	1	0.1	NegativeBinomialAutoencoder	zeros	False
0.0228571428571428	4	175	2109	on_target	net_75_10306	0	0.01	net_75_10306_net_115_11153_net_72_10551_net_113_11113	GradientShap_64_1_0.1_NegativeBinomialAutoencoder_zeros_False	GradientShap	64	1	0.1	NegativeBinomialAutoencoder	zeros	False
0.1485714285714285	26	175	10547	on_target	net_75_10306	0	0.05	net_75_10306_net_115_11153_net_72_10551_net_113_11113	GradientShap_64_1_0.1_NegativeBinomialAutoencoder_zeros_False	GradientShap	64	1	0.1	NegativeBinomialAutoencoder	zeros	False
0.2457142857142857	43	175	21094	on_target	net_75_10306	0	0.1	net_75_10306_net_115_11153_net_72_10551_net_113_11113	GradientShap_64_1_0.1_NegativeBinomialAutoencoder_zeros_False	GradientShap	64	1	0.1	NegativeBinomialAutoencoder	zeros	False
0.4742857142857143	83	175	42188	on_target	net_75_10306	0	0.2	net_75_10306_net_115_11153_net_72_10551_net_113_11113	GradientShap_64_1_0.1_NegativeBinomialAutoencoder_zeros_False	GradientShap	64	1	0.1	NegativeBinomialAutoencoder	zeros	False
0.5257142857142857	92	175	52734	on_target	net_75_10306	0	0.25	net_75_10306_net_115_11153_net_72_10551_net_113_11113	GradientShap_64_1_0.1_NegativeBinomialAutoencoder_zeros_False	GradientShap	64	1	0.1	NegativeBinomialAutoencoder	zeros	False
0.7828571428571428	137	175	105469	on_target	net_75_10306	0	0.5	net_75_10306_net_115_11153_net_72_10551_net_113_11113	GradientShap_64_1_0.1_NegativeBinomialAutoencoder_zeros_False	GradientShap	64	1	0.1	NegativeBinomialAutoencoder	zeros	False
1.0	175	175	140625	on_target	net_75_10306	0	0.75	net_75_10306_net_115_11153_net_72_10551_net_113_11113	GradientShap_64_1_0.1_NegativeBinomialAutoencoder_zeros_False	GradientShap	64	1	0.1	NegativeBinomialAutoencoder	zeros	False
1.0	175	175	140625	on_target	net_75_10306	0	1.0	net_75_10306_net_115_11153_net_72_10551_net_113_11113	GradientShap_64_1_0.1_NegativeBinomialAutoencoder_zeros_False	GradientShap	64	1	0.1	NegativeBinomialAutoencoder	zeros	False
0.0	0	175	211	off_target	net_75_10306	1	0.001	net_75_10306_net_115_11153_net_72_10551_net_113_11113	GradientShap_64_1_0.1_NegativeBinomialAutoencoder_zeros_False	GradientShap	64	1	0.1	NegativeBinomialAutoencoder	zeros	False
0.0	0	175	2109	off_target	net_75_10306	1	0.01	net_75_10306_net_115_11153_net_72_10551_net_113_11113	GradientShap_64_1_0.1_NegativeBinomialAutoencoder_zeros_False	GradientShap	64	1	0.1	NegativeBinomialAutoencoder	zeros	False
0.04	7	175	10547	off_target	net_75_10306	1	0.05	net_75_10306_net_115_11153_net_72_10551_net_113_11113	GradientShap_64_1_0.1_NegativeBinomialAutoencoder_zeros_False	GradientShap	64	1	0.1	NegativeBinomialAutoencoder	zeros	False
0.08	14	175	21094	off_target	net_75_10306	1	0.1	net_75_10306_net_115_11153_net_72_10551_net_113_11113	GradientShap_64_1_0.1_NegativeBinomialAutoencoder_zeros_False	GradientShap	64	1	0.1	NegativeBinomialAutoencoder	zeros	False
0.1942857142857142	34	175	42188	off_target	net_75_10306	1	0.2	net_75_10306_net_115_11153_net_72_10551_net_113_11113	GradientShap_64_1_0.1_NegativeBinomialAutoencoder_zeros_False	GradientShap	64	1	0.1	NegativeBinomialAutoencoder	zeros	False
0.28	49	175	52734	off_target	net_75_10306	1	0.25	net_75_10306_net_115_11153_net_72_10551_net_113_11113	GradientShap_64_1_0.1_NegativeBinomialAutoencoder_zeros_False	GradientShap	64	1	0.1	NegativeBinomialAutoencoder	zeros	False
0.7257142857142858	127	175	105469	off_target	net_75_10306	1	0.5	net_75_10306_net_115_11153_net_72_10551_net_113_11113	GradientShap_64_1_0.1_NegativeBinomialAutoencoder_zeros_False	GradientShap	64	1	0.1	NegativeBinomialAutoencoder	zeros	False
1.0	175	175	140625	off_target	net_75_10306	1	0.75	net_75_10306_net_115_11153_net_72_10551_net_113_11113	GradientShap_64_1_0.1_NegativeBinomialAutoencoder_zeros_False	GradientShap	64	1	0.1	NegativeBinomialAutoencoder	zeros	False
1.0	175	175	140625	off_target	net_75_10306	1	1.0	net_75_10306_net_115_11153_net_72_10551_net_113_11113	GradientShap_64_1_0.1_NegativeBinomialAutoencoder_zeros_False	GradientShap	64	1	0.1	NegativeBinomialAutoencoder	zeros	False
0.0	0	175	211	off_target	net_75_10306	2	0.001	net_75_10306_net_115_11153_net_72_10551_net_113_11113	GradientShap_64_1_0.1_NegativeBinomialAutoencoder_zeros_False	GradientShap	64	1	0.1	NegativeBinomialAutoencoder	zeros	False
0.0114285714285714	2	175	2109	off_target	net_75_10306	2	0.01	net_75_10306_net_115_11153_net_72_10551_net_113_11113	GradientShap_64_1_0.1_NegativeBinomialAutoencoder_zeros_False	GradientShap	64	1	0.1	NegativeBinomialAutoencoder	zeros	False
0.0628571428571428	11	175	10547	off_target	net_75_10306	2	0.05	net_75_10306_net_115_11153_net_72_10551_net_113_11113	GradientShap_64_1_0.1_NegativeBinomialAutoencoder_zeros_False	GradientShap	64	1	0.1	NegativeBinomialAutoencoder	zeros	False
0.1485714285714285	26	175	21094	off_target	net_75_10306	2	0.1	net_75_10306_net_115_11153_net_72_10551_net_113_11113	GradientShap_64_1_0.1_NegativeBinomialAutoencoder_zeros_False	GradientShap	64	1	0.1	NegativeBinomialAutoencoder	zeros	False
0.3428571428571428	60	175	42188	off_target	net_75_10306	2	0.2	net_75_10306_net_115_11153_net_72_10551_net_113_11113	GradientShap_64_1_0.1_NegativeBinomialAutoencoder_zeros_False	GradientShap	64	1	0.1	NegativeBinomialAutoencoder	zeros	False
0.4114285714285714	72	175	52734	off_target	net_75_10306	2	0.25	net_75_10306_net_115_11153_net_72_10551_net_113_11113	GradientShap_64_1_0.1_NegativeBinomialAutoencoder_zeros_False	GradientShap	64	1	0.1	NegativeBinomialAutoencoder	zeros	False
0.8	140	175	105469	off_target	net_75_10306	2	0.5	net_75_10306_net_115_11153_net_72_10551_net_113_11113	GradientShap_64_1_0.1_NegativeBinomialAutoencoder_zeros_False	GradientShap	64	1	0.1	NegativeBinomialAutoencoder	zeros	False
1.0	175	175	140625	off_target	net_75_10306	2	0.75	net_75_10306_net_115_11153_net_72_10551_net_113_11113	GradientShap_64_1_0.1_NegativeBinomialAutoencoder_zeros_False	GradientShap	64	1	0.1	NegativeBinomialAutoencoder	zeros	False
1.0	175	175	140625	off_target	net_75_10306	2	1.0	net_75_10306_net_115_11153_net_72_10551_net_113_11113	GradientShap_64_1_0.1_NegativeBinomialAutoencoder_zeros_False	GradientShap	64	1	0.1	NegativeBinomialAutoencoder	zeros	False
0.0	0	117	211	off_target	net_115_11153	0	0.001	net_75_10306_net_115_11153_net_72_10551_net_113_11113	GradientShap_64_1_0.1_NegativeBinomialAutoencoder_zeros_False	GradientShap	64	1	0.1	NegativeBinomialAutoencoder	zeros	False
0.0	0	117	2109	off_target	net_115_11153	0	0.01	net_75_10306_net_115_11153_net_72_10551_net_113_11113	GradientShap_64_1_0.1_NegativeBinomialAutoencoder_zeros_False	GradientShap	64	1	0.1	NegativeBinomialAutoencoder	zeros	False
0.1965811965811965	23	117	10547	off_target	net_115_11153	0	0.05	net_75_10306_net_115_11153_net_72_10551_net_113_11113	GradientShap_64_1_0.1_NegativeBinomialAutoencoder_zeros_False	GradientShap	64	1	0.1	NegativeBinomialAutoencoder	zeros	False
0.3504273504273504	41	117	21094	off_target	net_115_11153	0	0.1	net_75_10306_net_115_11153_net_72_10551_net_113_11113	GradientShap_64_1_0.1_NegativeBinomialAutoencoder_zeros_False	GradientShap	64	1	0.1	NegativeBinomialAutoencoder	zeros	False
0.6068376068376068	71	117	42188	off_target	net_115_11153	0	0.2	net_75_10306_net_115_11153_net_72_10551_net_113_11113	GradientShap_64_1_0.1_NegativeBinomialAutoencoder_zeros_False	GradientShap	64	1	0.1	NegativeBinomialAutoencoder	zeros	False
0.6666666666666666	78	117	52734	off_target	net_115_11153	0	0.25	net_75_10306_net_115_11153_net_72_10551_net_113_11113	GradientShap_64_1_0.1_NegativeBinomialAutoencoder_zeros_False	GradientShap	64	1	0.1	NegativeBinomialAutoencoder	zeros	False
0.8632478632478633	101	117	105469	off_target	net_115_11153	0	0.5	net_75_10306_net_115_11153_net_72_10551_net_113_11113	GradientShap_64_1_0.1_NegativeBinomialAutoencoder_zeros_False	GradientShap	64	1	0.1	NegativeBinomialAutoencoder	zeros	False
1.0	117	117	140625	off_target	net_115_11153	0	0.75	net_75_10306_net_115_11153_net_72_10551_net_113_11113	GradientShap_64_1_0.1_NegativeBinomialAutoencoder_zeros_False	GradientShap	64	1	0.1	NegativeBinomialAutoencoder	zeros	False
1.0	117	117	140625	off_target	net_115_11153	0	1.0	net_75_10306_net_115_11153_net_72_10551_net_113_11113	GradientShap_64_1_0.1_NegativeBinomialAutoencoder_zeros_False	GradientShap	64	1	0.1	NegativeBinomialAutoencoder	zeros	False
0.0	0	117	211	on_target	net_115_11153	1	0.001	net_75_10306_net_115_11153_net_72_10551_net_113_11113	GradientShap_64_1_0.1_NegativeBinomialAutoencoder_zeros_False	GradientShap	64	1	0.1	NegativeBinomialAutoencoder	zeros	False
0.0	0	117	2109	on_target	net_115_11153	1	0.01	net_75_10306_net_115_11153_net_72_10551_net_113_11113	GradientShap_64_1_0.1_NegativeBinomialAutoencoder_zeros_False	GradientShap	64	1	0.1	NegativeBinomialAutoencoder	zeros	False
0.0085470085470085	1	117	10547	on_target	net_115_11153	1	0.05	net_75_10306_net_115_11153_net_72_10551_net_113_11113	GradientShap_64_1_0.1_NegativeBinomialAutoencoder_zeros_False	GradientShap	64	1	0.1	NegativeBinomialAutoencoder	zeros	False
0.1538461538461538	18	117	21094	on_target	net_115_11153	1	0.1	net_75_10306_net_115_11153_net_72_10551_net_113_11113	GradientShap_64_1_0.1_NegativeBinomialAutoencoder_zeros_False	GradientShap	64	1	0.1	NegativeBinomialAutoencoder	zeros	False
0.5384615384615384	63	117	42188	on_target	net_115_11153	1	0.2	net_75_10306_net_115_11153_net_72_10551_net_113_11113	GradientShap_64_1_0.1_NegativeBinomialAutoencoder_zeros_False	GradientShap	64	1	0.1	NegativeBinomialAutoencoder	zeros	False
0.6324786324786325	74	117	52734	on_target	net_115_11153	1	0.25	net_75_10306_net_115_11153_net_72_10551_net_113_11113	GradientShap_64_1_0.1_NegativeBinomialAutoencoder_zeros_False	GradientShap	64	1	0.1	NegativeBinomialAutoencoder	zeros	False
0.9743589743589745	114	117	105469	on_target	net_115_11153	1	0.5	net_75_10306_net_115_11153_net_72_10551_net_113_11113	GradientShap_64_1_0.1_NegativeBinomialAutoencoder_zeros_False	GradientShap	64	1	0.1	NegativeBinomialAutoencoder	zeros	False
1.0	117	117	140625	on_target	net_115_11153	1	0.75	net_75_10306_net_115_11153_net_72_10551_net_113_11113	GradientShap_64_1_0.1_NegativeBinomialAutoencoder_zeros_False	GradientShap	64	1	0.1	NegativeBinomialAutoencoder	zeros	False
1.0	117	117	140625	on_target	net_115_11153	1	1.0	net_75_10306_net_115_11153_net_72_10551_net_113_11113	GradientShap_64_1_0.1_NegativeBinomialAutoencoder_zeros_False	GradientShap	64	1	0.1	NegativeBinomialAutoencoder	zeros	False
0.0	0	117	211	off_target	net_115_11153	2	0.001	net_75_10306_net_115_11153_net_72_10551_net_113_11113	GradientShap_64_1_0.1_NegativeBinomialAutoencoder_zeros_False	GradientShap	64	1	0.1	NegativeBinomialAutoencoder	zeros	False
0.0	0	117	2109	off_target	net_115_11153	2	0.01	net_75_10306_net_115_11153_net_72_10551_net_113_11113	GradientShap_64_1_0.1_NegativeBinomialAutoencoder_zeros_False	GradientShap	64	1	0.1	NegativeBinomialAutoencoder	zeros	False
0.0	0	117	10547	off_target	net_115_11153	2	0.05	net_75_10306_net_115_11153_net_72_10551_net_113_11113	GradientShap_64_1_0.1_NegativeBinomialAutoencoder_zeros_False	GradientShap	64	1	0.1	NegativeBinomialAutoencoder	zeros	False
0.0	0	117	21094	off_target	net_115_11153	2	0.1	net_75_10306_net_115_11153_net_72_10551_net_113_11113	GradientShap_64_1_0.1_NegativeBinomialAutoencoder_zeros_False	GradientShap	64	1	0.1	NegativeBinomialAutoencoder	zeros	False
0.0683760683760683	8	117	42188	off_target	net_115_11153	2	0.2	net_75_10306_net_115_11153_net_72_10551_net_113_11113	GradientShap_64_1_0.1_NegativeBinomialAutoencoder_zeros_False	GradientShap	64	1	0.1	NegativeBinomialAutoencoder	zeros	False
0.3333333333333333	39	117	52734	off_target	net_115_11153	2	0.25	net_75_10306_net_115_11153_net_72_10551_net_113_11113	GradientShap_64_1_0.1_NegativeBinomialAutoencoder_zeros_False	GradientShap	64	1	0.1	NegativeBinomialAutoencoder	zeros	False
0.9401709401709402	110	117	105469	off_target	net_115_11153	2	0.5	net_75_10306_net_115_11153_net_72_10551_net_113_11113	GradientShap_64_1_0.1_NegativeBinomialAutoencoder_zeros_False	GradientShap	64	1	0.1	NegativeBinomialAutoencoder	zeros	False
1.0	117	117	140625	off_target	net_115_11153	2	0.75	net_75_10306_net_115_11153_net_72_10551_net_113_11113	GradientShap_64_1_0.1_NegativeBinomialAutoencoder_zeros_False	GradientShap	64	1	0.1	NegativeBinomialAutoencoder	zeros	False
1.0	117	117	140625	off_target	net_115_11153	2	1.0	net_75_10306_net_115_11153_net_72_10551_net_113_11113	GradientShap_64_1_0.1_NegativeBinomialAutoencoder_zeros_False	GradientShap	64	1	0.1	NegativeBinomialAutoencoder	zeros	False
0.0	0	189	211	off_target	net_72_10551	0	0.001	net_75_10306_net_115_11153_net_72_10551_net_113_11113	GradientShap_64_1_0.1_NegativeBinomialAutoencoder_zeros_False	GradientShap	64	1	0.1	NegativeBinomialAutoencoder	zeros	False
0.0	0	189	2109	off_target	net_72_10551	0	0.01	net_75_10306_net_115_11153_net_72_10551_net_113_11113	GradientShap_64_1_0.1_NegativeBinomialAutoencoder_zeros_False	GradientShap	64	1	0.1	NegativeBinomialAutoencoder	zeros	False
0.0052910052910052	1	189	10547	off_target	net_72_10551	0	0.05	net_75_10306_net_115_11153_net_72_10551_net_113_11113	GradientShap_64_1_0.1_NegativeBinomialAutoencoder_zeros_False	GradientShap	64	1	0.1	NegativeBinomialAutoencoder	zeros	False
0.1005291005291005	19	189	21094	off_target	net_72_10551	0	0.1	net_75_10306_net_115_11153_net_72_10551_net_113_11113	GradientShap_64_1_0.1_NegativeBinomialAutoencoder_zeros_False	GradientShap	64	1	0.1	NegativeBinomialAutoencoder	zeros	False
0.3227513227513227	61	189	42188	off_target	net_72_10551	0	0.2	net_75_10306_net_115_11153_net_72_10551_net_113_11113	GradientShap_64_1_0.1_NegativeBinomialAutoencoder_zeros_False	GradientShap	64	1	0.1	NegativeBinomialAutoencoder	zeros	False
0.4338624338624338	82	189	52734	off_target	net_72_10551	0	0.25	net_75_10306_net_115_11153_net_72_10551_net_113_11113	GradientShap_64_1_0.1_NegativeBinomialAutoencoder_zeros_False	GradientShap	64	1	0.1	NegativeBinomialAutoencoder	zeros	False
0.8306878306878307	157	189	105469	off_target	net_72_10551	0	0.5	net_75_10306_net_115_11153_net_72_10551_net_113_11113	GradientShap_64_1_0.1_NegativeBinomialAutoencoder_zeros_False	GradientShap	64	1	0.1	NegativeBinomialAutoencoder	zeros	False
1.0	189	189	140625	off_target	net_72_10551	0	0.75	net_75_10306_net_115_11153_net_72_10551_net_113_11113	GradientShap_64_1_0.1_NegativeBinomialAutoencoder_zeros_False	GradientShap	64	1	0.1	NegativeBinomialAutoencoder	zeros	False
1.0	189	189	140625	off_target	net_72_10551	0	1.0	net_75_10306_net_115_11153_net_72_10551_net_113_11113	GradientShap_64_1_0.1_NegativeBinomialAutoencoder_zeros_False	GradientShap	64	1	0.1	NegativeBinomialAutoencoder	zeros	False
0.0	0	189	211	off_target	net_72_10551	1	0.001	net_75_10306_net_115_11153_net_72_10551_net_113_11113	GradientShap_64_1_0.1_NegativeBinomialAutoencoder_zeros_False	GradientShap	64	1	0.1	NegativeBinomialAutoencoder	zeros	False
0.0	0	189	2109	off_target	net_72_10551	1	0.01	net_75_10306_net_115_11153_net_72_10551_net_113_11113	GradientShap_64_1_0.1_NegativeBinomialAutoencoder_zeros_False	GradientShap	64	1	0.1	NegativeBinomialAutoencoder	zeros	False
0.0	0	189	10547	off_target	net_72_10551	1	0.05	net_75_10306_net_115_11153_net_72_10551_net_113_11113	GradientShap_64_1_0.1_NegativeBinomialAutoencoder_zeros_False	GradientShap	64	1	0.1	NegativeBinomialAutoencoder	zeros	False
0.0052910052910052	1	189	21094	off_target	net_72_10551	1	0.1	net_75_10306_net_115_11153_net_72_10551_net_113_11113	GradientShap_64_1_0.1_NegativeBinomialAutoencoder_zeros_False	GradientShap	64	1	0.1	NegativeBinomialAutoencoder	zeros	False
0.1904761904761904	36	189	42188	off_target	net_72_10551	1	0.2	net_75_10306_net_115_11153_net_72_10551_net_113_11113	GradientShap_64_1_0.1_NegativeBinomialAutoencoder_zeros_False	GradientShap	64	1	0.1	NegativeBinomialAutoencoder	zeros	False
0.3386243386243386	64	189	52734	off_target	net_72_10551	1	0.25	net_75_10306_net_115_11153_net_72_10551_net_113_11113	GradientShap_64_1_0.1_NegativeBinomialAutoencoder_zeros_False	GradientShap	64	1	0.1	NegativeBinomialAutoencoder	zeros	False
0.8359788359788359	158	189	105469	off_target	net_72_10551	1	0.5	net_75_10306_net_115_11153_net_72_10551_net_113_11113	GradientShap_64_1_0.1_NegativeBinomialAutoencoder_zeros_False	GradientShap	64	1	0.1	NegativeBinomialAutoencoder	zeros	False
1.0	189	189	140625	off_target	net_72_10551	1	0.75	net_75_10306_net_115_11153_net_72_10551_net_113_11113	GradientShap_64_1_0.1_NegativeBinomialAutoencoder_zeros_False	GradientShap	64	1	0.1	NegativeBinomialAutoencoder	zeros	False
1.0	189	189	140625	off_target	net_72_10551	1	1.0	net_75_10306_net_115_11153_net_72_10551_net_113_11113	GradientShap_64_1_0.1_NegativeBinomialAutoencoder_zeros_False	GradientShap	64	1	0.1	NegativeBinomialAutoencoder	zeros	False
0.0105820105820105	2	189	211	on_target	net_72_10551	2	0.001	net_75_10306_net_115_11153_net_72_10551_net_113_11113	GradientShap_64_1_0.1_NegativeBinomialAutoencoder_zeros_False	GradientShap	64	1	0.1	NegativeBinomialAutoencoder	zeros	False
0.0582010582010582	11	189	2109	on_target	net_72_10551	2	0.01	net_75_10306_net_115_11153_net_72_10551_net_113_11113	GradientShap_64_1_0.1_NegativeBinomialAutoencoder_zeros_False	GradientShap	64	1	0.1	NegativeBinomialAutoencoder	zeros	False
0.2275132275132275	43	189	10547	on_target	net_72_10551	2	0.05	net_75_10306_net_115_11153_net_72_10551_net_113_11113	GradientShap_64_1_0.1_NegativeBinomialAutoencoder_zeros_False	GradientShap	64	1	0.1	NegativeBinomialAutoencoder	zeros	False
0.4285714285714285	81	189	21094	on_target	net_72_10551	2	0.1	net_75_10306_net_115_11153_net_72_10551_net_113_11113	GradientShap_64_1_0.1_NegativeBinomialAutoencoder_zeros_False	GradientShap	64	1	0.1	NegativeBinomialAutoencoder	zeros	False
0.656084656084656	124	189	42188	on_target	net_72_10551	2	0.2	net_75_10306_net_115_11153_net_72_10551_net_113_11113	GradientShap_64_1_0.1_NegativeBinomialAutoencoder_zeros_False	GradientShap	64	1	0.1	NegativeBinomialAutoencoder	zeros	False
0.6931216931216931	131	189	52734	on_target	net_72_10551	2	0.25	net_75_10306_net_115_11153_net_72_10551_net_113_11113	GradientShap_64_1_0.1_NegativeBinomialAutoencoder_zeros_False	GradientShap	64	1	0.1	NegativeBinomialAutoencoder	zeros	False
0.8518518518518519	161	189	105469	on_target	net_72_10551	2	0.5	net_75_10306_net_115_11153_net_72_10551_net_113_11113	GradientShap_64_1_0.1_NegativeBinomialAutoencoder_zeros_False	GradientShap	64	1	0.1	NegativeBinomialAutoencoder	zeros	False
1.0	189	189	140625	on_target	net_72_10551	2	0.75	net_75_10306_net_115_11153_net_72_10551_net_113_11113	GradientShap_64_1_0.1_NegativeBinomialAutoencoder_zeros_False	GradientShap	64	1	0.1	NegativeBinomialAutoencoder	zeros	False
1.0	189	189	140625	on_target	net_72_10551	2	1.0	net_75_10306_net_115_11153_net_72_10551_net_113_11113	GradientShap_64_1_0.1_NegativeBinomialAutoencoder_zeros_False	GradientShap	64	1	0.1	NegativeBinomialAutoencoder	zeros	False
0.0365853658536585	6	164	138	on_target	net_82_10152	0	0.001	net_82_10152_net_72_10551_net_98_11932_net_51_10906	GradientShap_64_1_0.1_NegativeBinomialAutoencoder_zeros_False	GradientShap	64	1	0.1	NegativeBinomialAutoencoder	zeros	False
0.0853658536585365	14	164	1377	on_target	net_82_10152	0	0.01	net_82_10152_net_72_10551_net_98_11932_net_51_10906	GradientShap_64_1_0.1_NegativeBinomialAutoencoder_zeros_False	GradientShap	64	1	0.1	NegativeBinomialAutoencoder	zeros	False
0.1829268292682926	30	164	6886	on_target	net_82_10152	0	0.05	net_82_10152_net_72_10551_net_98_11932_net_51_10906	GradientShap_64_1_0.1_NegativeBinomialAutoencoder_zeros_False	GradientShap	64	1	0.1	NegativeBinomialAutoencoder	zeros	False
0.274390243902439	45	164	13771	on_target	net_82_10152	0	0.1	net_82_10152_net_72_10551_net_98_11932_net_51_10906	GradientShap_64_1_0.1_NegativeBinomialAutoencoder_zeros_False	GradientShap	64	1	0.1	NegativeBinomialAutoencoder	zeros	False
0.4634146341463415	76	164	27543	on_target	net_82_10152	0	0.2	net_82_10152_net_72_10551_net_98_11932_net_51_10906	GradientShap_64_1_0.1_NegativeBinomialAutoencoder_zeros_False	GradientShap	64	1	0.1	NegativeBinomialAutoencoder	zeros	False
0.5426829268292683	89	164	34428	on_target	net_82_10152	0	0.25	net_82_10152_net_72_10551_net_98_11932_net_51_10906	GradientShap_64_1_0.1_NegativeBinomialAutoencoder_zeros_False	GradientShap	64	1	0.1	NegativeBinomialAutoencoder	zeros	False
0.7865853658536586	129	164	68857	on_target	net_82_10152	0	0.5	net_82_10152_net_72_10551_net_98_11932_net_51_10906	GradientShap_64_1_0.1_NegativeBinomialAutoencoder_zeros_False	GradientShap	64	1	0.1	NegativeBinomialAutoencoder	zeros	False
1.0	164	164	91809	on_target	net_82_10152	0	0.75	net_82_10152_net_72_10551_net_98_11932_net_51_10906	GradientShap_64_1_0.1_NegativeBinomialAutoencoder_zeros_False	GradientShap	64	1	0.1	NegativeBinomialAutoencoder	zeros	False
1.0	164	164	91809	on_target	net_82_10152	0	1.0	net_82_10152_net_72_10551_net_98_11932_net_51_10906	GradientShap_64_1_0.1_NegativeBinomialAutoencoder_zeros_False	GradientShap	64	1	0.1	NegativeBinomialAutoencoder	zeros	False
0.0	0	164	138	off_target	net_82_10152	1	0.001	net_82_10152_net_72_10551_net_98_11932_net_51_10906	GradientShap_64_1_0.1_NegativeBinomialAutoencoder_zeros_False	GradientShap	64	1	0.1	NegativeBinomialAutoencoder	zeros	False
0.0	0	164	1377	off_target	net_82_10152	1	0.01	net_82_10152_net_72_10551_net_98_11932_net_51_10906	GradientShap_64_1_0.1_NegativeBinomialAutoencoder_zeros_False	GradientShap	64	1	0.1	NegativeBinomialAutoencoder	zeros	False
0.0853658536585365	14	164	6886	off_target	net_82_10152	1	0.05	net_82_10152_net_72_10551_net_98_11932_net_51_10906	GradientShap_64_1_0.1_NegativeBinomialAutoencoder_zeros_False	GradientShap	64	1	0.1	NegativeBinomialAutoencoder	zeros	False
0.1951219512195122	32	164	13771	off_target	net_82_10152	1	0.1	net_82_10152_net_72_10551_net_98_11932_net_51_10906	GradientShap_64_1_0.1_NegativeBinomialAutoencoder_zeros_False	GradientShap	64	1	0.1	NegativeBinomialAutoencoder	zeros	False
0.4390243902439024	72	164	27543	off_target	net_82_10152	1	0.2	net_82_10152_net_72_10551_net_98_11932_net_51_10906	GradientShap_64_1_0.1_NegativeBinomialAutoencoder_zeros_False	GradientShap	64	1	0.1	NegativeBinomialAutoencoder	zeros	False
0.5365853658536586	88	164	34428	off_target	net_82_10152	1	0.25	net_82_10152_net_72_10551_net_98_11932_net_51_10906	GradientShap_64_1_0.1_NegativeBinomialAutoencoder_zeros_False	GradientShap	64	1	0.1	NegativeBinomialAutoencoder	zeros	False
0.8902439024390244	146	164	68857	off_target	net_82_10152	1	0.5	net_82_10152_net_72_10551_net_98_11932_net_51_10906	GradientShap_64_1_0.1_NegativeBinomialAutoencoder_zeros_False	GradientShap	64	1	0.1	NegativeBinomialAutoencoder	zeros	False
1.0	164	164	91809	off_target	net_82_10152	1	0.75	net_82_10152_net_72_10551_net_98_11932_net_51_10906	GradientShap_64_1_0.1_NegativeBinomialAutoencoder_zeros_False	GradientShap	64	1	0.1	NegativeBinomialAutoencoder	zeros	False
1.0	164	164	91809	off_target	net_82_10152	1	1.0	net_82_10152_net_72_10551_net_98_11932_net_51_10906	GradientShap_64_1_0.1_NegativeBinomialAutoencoder_zeros_False	GradientShap	64	1	0.1	NegativeBinomialAutoencoder	zeros	False
0.0	0	164	138	off_target	net_82_10152	2	0.001	net_82_10152_net_72_10551_net_98_11932_net_51_10906	GradientShap_64_1_0.1_NegativeBinomialAutoencoder_zeros_False	GradientShap	64	1	0.1	NegativeBinomialAutoencoder	zeros	False
0.0	0	164	1377	off_target	net_82_10152	2	0.01	net_82_10152_net_72_10551_net_98_11932_net_51_10906	GradientShap_64_1_0.1_NegativeBinomialAutoencoder_zeros_False	GradientShap	64	1	0.1	NegativeBinomialAutoencoder	zeros	False
0.0	0	164	6886	off_target	net_82_10152	2	0.05	net_82_10152_net_72_10551_net_98_11932_net_51_10906	GradientShap_64_1_0.1_NegativeBinomialAutoencoder_zeros_False	GradientShap	64	1	0.1	NegativeBinomialAutoencoder	zeros	False
0.0365853658536585	6	164	13771	off_target	net_82_10152	2	0.1	net_82_10152_net_72_10551_net_98_11932_net_51_10906	GradientShap_64_1_0.1_NegativeBinomialAutoencoder_zeros_False	GradientShap	64	1	0.1	NegativeBinomialAutoencoder	zeros	False
0.25	41	164	27543	off_target	net_82_10152	2	0.2	net_82_10152_net_72_10551_net_98_11932_net_51_10906	GradientShap_64_1_0.1_NegativeBinomialAutoencoder_zeros_False	GradientShap	64	1	0.1	NegativeBinomialAutoencoder	zeros	False
0.3414634146341463	56	164	34428	off_target	net_82_10152	2	0.25	net_82_10152_net_72_10551_net_98_11932_net_51_10906	GradientShap_64_1_0.1_NegativeBinomialAutoencoder_zeros_False	GradientShap	64	1	0.1	NegativeBinomialAutoencoder	zeros	False
0.8292682926829268	136	164	68857	off_target	net_82_10152	2	0.5	net_82_10152_net_72_10551_net_98_11932_net_51_10906	GradientShap_64_1_0.1_NegativeBinomialAutoencoder_zeros_False	GradientShap	64	1	0.1	NegativeBinomialAutoencoder	zeros	False
1.0	164	164	91809	off_target	net_82_10152	2	0.75	net_82_10152_net_72_10551_net_98_11932_net_51_10906	GradientShap_64_1_0.1_NegativeBinomialAutoencoder_zeros_False	GradientShap	64	1	0.1	NegativeBinomialAutoencoder	zeros	False
1.0	164	164	91809	off_target	net_82_10152	2	1.0	net_82_10152_net_72_10551_net_98_11932_net_51_10906	GradientShap_64_1_0.1_NegativeBinomialAutoencoder_zeros_False	GradientShap	64	1	0.1	NegativeBinomialAutoencoder	zeros	False
0.0	0	189	138	off_target	net_72_10551	0	0.001	net_82_10152_net_72_10551_net_98_11932_net_51_10906	GradientShap_64_1_0.1_NegativeBinomialAutoencoder_zeros_False	GradientShap	64	1	0.1	NegativeBinomialAutoencoder	zeros	False
0.0052910052910052	1	189	1377	off_target	net_72_10551	0	0.01	net_82_10152_net_72_10551_net_98_11932_net_51_10906	GradientShap_64_1_0.1_NegativeBinomialAutoencoder_zeros_False	GradientShap	64	1	0.1	NegativeBinomialAutoencoder	zeros	False
0.037037037037037	7	189	6886	off_target	net_72_10551	0	0.05	net_82_10152_net_72_10551_net_98_11932_net_51_10906	GradientShap_64_1_0.1_NegativeBinomialAutoencoder_zeros_False	GradientShap	64	1	0.1	NegativeBinomialAutoencoder	zeros	False
0.1005291005291005	19	189	13771	off_target	net_72_10551	0	0.1	net_82_10152_net_72_10551_net_98_11932_net_51_10906	GradientShap_64_1_0.1_NegativeBinomialAutoencoder_zeros_False	GradientShap	64	1	0.1	NegativeBinomialAutoencoder	zeros	False
0.3756613756613756	71	189	27543	off_target	net_72_10551	0	0.2	net_82_10152_net_72_10551_net_98_11932_net_51_10906	GradientShap_64_1_0.1_NegativeBinomialAutoencoder_zeros_False	GradientShap	64	1	0.1	NegativeBinomialAutoencoder	zeros	False
0.5026455026455027	95	189	34428	off_target	net_72_10551	0	0.25	net_82_10152_net_72_10551_net_98_11932_net_51_10906	GradientShap_64_1_0.1_NegativeBinomialAutoencoder_zeros_False	GradientShap	64	1	0.1	NegativeBinomialAutoencoder	zeros	False
0.8095238095238095	153	189	68857	off_target	net_72_10551	0	0.5	net_82_10152_net_72_10551_net_98_11932_net_51_10906	GradientShap_64_1_0.1_NegativeBinomialAutoencoder_zeros_False	GradientShap	64	1	0.1	NegativeBinomialAutoencoder	zeros	False
1.0	189	189	91809	off_target	net_72_10551	0	0.75	net_82_10152_net_72_10551_net_98_11932_net_51_10906	GradientShap_64_1_0.1_NegativeBinomialAutoencoder_zeros_False	GradientShap	64	1	0.1	NegativeBinomialAutoencoder	zeros	False
1.0	189	189	91809	off_target	net_72_10551	0	1.0	net_82_10152_net_72_10551_net_98_11932_net_51_10906	GradientShap_64_1_0.1_NegativeBinomialAutoencoder_zeros_False	GradientShap	64	1	0.1	NegativeBinomialAutoencoder	zeros	False
0.0052910052910052	1	189	138	on_target	net_72_10551	1	0.001	net_82_10152_net_72_10551_net_98_11932_net_51_10906	GradientShap_64_1_0.1_NegativeBinomialAutoencoder_zeros_False	GradientShap	64	1	0.1	NegativeBinomialAutoencoder	zeros	False
0.074074074074074	14	189	1377	on_target	net_72_10551	1	0.01	net_82_10152_net_72_10551_net_98_11932_net_51_10906	GradientShap_64_1_0.1_NegativeBinomialAutoencoder_zeros_False	GradientShap	64	1	0.1	NegativeBinomialAutoencoder	zeros	False
0.2433862433862433	46	189	6886	on_target	net_72_10551	1	0.05	net_82_10152_net_72_10551_net_98_11932_net_51_10906	GradientShap_64_1_0.1_NegativeBinomialAutoencoder_zeros_False	GradientShap	64	1	0.1	NegativeBinomialAutoencoder	zeros	False
0.3597883597883597	68	189	13771	on_target	net_72_10551	1	0.1	net_82_10152_net_72_10551_net_98_11932_net_51_10906	GradientShap_64_1_0.1_NegativeBinomialAutoencoder_zeros_False	GradientShap	64	1	0.1	NegativeBinomialAutoencoder	zeros	False
0.5079365079365079	96	189	27543	on_target	net_72_10551	1	0.2	net_82_10152_net_72_10551_net_98_11932_net_51_10906	GradientShap_64_1_0.1_NegativeBinomialAutoencoder_zeros_False	GradientShap	64	1	0.1	NegativeBinomialAutoencoder	zeros	False
0.5555555555555556	105	189	34428	on_target	net_72_10551	1	0.25	net_82_10152_net_72_10551_net_98_11932_net_51_10906	GradientShap_64_1_0.1_NegativeBinomialAutoencoder_zeros_False	GradientShap	64	1	0.1	NegativeBinomialAutoencoder	zeros	False
0.7671957671957672	145	189	68857	on_target	net_72_10551	1	0.5	net_82_10152_net_72_10551_net_98_11932_net_51_10906	GradientShap_64_1_0.1_NegativeBinomialAutoencoder_zeros_False	GradientShap	64	1	0.1	NegativeBinomialAutoencoder	zeros	False
1.0	189	189	91809	on_target	net_72_10551	1	0.75	net_82_10152_net_72_10551_net_98_11932_net_51_10906	GradientShap_64_1_0.1_NegativeBinomialAutoencoder_zeros_False	GradientShap	64	1	0.1	NegativeBinomialAutoencoder	zeros	False
1.0	189	189	91809	on_target	net_72_10551	1	1.0	net_82_10152_net_72_10551_net_98_11932_net_51_10906	GradientShap_64_1_0.1_NegativeBinomialAutoencoder_zeros_False	GradientShap	64	1	0.1	NegativeBinomialAutoencoder	zeros	False
0.0	0	189	138	off_target	net_72_10551	2	0.001	net_82_10152_net_72_10551_net_98_11932_net_51_10906	GradientShap_64_1_0.1_NegativeBinomialAutoencoder_zeros_False	GradientShap	64	1	0.1	NegativeBinomialAutoencoder	zeros	False
0.0	0	189	1377	off_target	net_72_10551	2	0.01	net_82_10152_net_72_10551_net_98_11932_net_51_10906	GradientShap_64_1_0.1_NegativeBinomialAutoencoder_zeros_False	GradientShap	64	1	0.1	NegativeBinomialAutoencoder	zeros	False
0.0052910052910052	1	189	6886	off_target	net_72_10551	2	0.05	net_82_10152_net_72_10551_net_98_11932_net_51_10906	GradientShap_64_1_0.1_NegativeBinomialAutoencoder_zeros_False	GradientShap	64	1	0.1	NegativeBinomialAutoencoder	zeros	False
0.037037037037037	7	189	13771	off_target	net_72_10551	2	0.1	net_82_10152_net_72_10551_net_98_11932_net_51_10906	GradientShap_64_1_0.1_NegativeBinomialAutoencoder_zeros_False	GradientShap	64	1	0.1	NegativeBinomialAutoencoder	zeros	False
0.1798941798941798	34	189	27543	off_target	net_72_10551	2	0.2	net_82_10152_net_72_10551_net_98_11932_net_51_10906	GradientShap_64_1_0.1_NegativeBinomialAutoencoder_zeros_False	GradientShap	64	1	0.1	NegativeBinomialAutoencoder	zeros	False
0.2804232804232804	53	189	34428	off_target	net_72_10551	2	0.25	net_82_10152_net_72_10551_net_98_11932_net_51_10906	GradientShap_64_1_0.1_NegativeBinomialAutoencoder_zeros_False	GradientShap	64	1	0.1	NegativeBinomialAutoencoder	zeros	False
0.7724867724867724	146	189	68857	off_target	net_72_10551	2	0.5	net_82_10152_net_72_10551_net_98_11932_net_51_10906	GradientShap_64_1_0.1_NegativeBinomialAutoencoder_zeros_False	GradientShap	64	1	0.1	NegativeBinomialAutoencoder	zeros	False
1.0	189	189	91809	off_target	net_72_10551	2	0.75	net_82_10152_net_72_10551_net_98_11932_net_51_10906	GradientShap_64_1_0.1_NegativeBinomialAutoencoder_zeros_False	GradientShap	64	1	0.1	NegativeBinomialAutoencoder	zeros	False
1.0	189	189	91809	off_target	net_72_10551	2	1.0	net_82_10152_net_72_10551_net_98_11932_net_51_10906	GradientShap_64_1_0.1_NegativeBinomialAutoencoder_zeros_False	GradientShap	64	1	0.1	NegativeBinomialAutoencoder	zeros	False
0.0	0	105	138	off_target	net_98_11932	0	0.001	net_82_10152_net_72_10551_net_98_11932_net_51_10906	GradientShap_64_1_0.1_NegativeBinomialAutoencoder_zeros_False	GradientShap	64	1	0.1	NegativeBinomialAutoencoder	zeros	False
0.0	0	105	1377	off_target	net_98_11932	0	0.01	net_82_10152_net_72_10551_net_98_11932_net_51_10906	GradientShap_64_1_0.1_NegativeBinomialAutoencoder_zeros_False	GradientShap	64	1	0.1	NegativeBinomialAutoencoder	zeros	False
0.0	0	105	6886	off_target	net_98_11932	0	0.05	net_82_10152_net_72_10551_net_98_11932_net_51_10906	GradientShap_64_1_0.1_NegativeBinomialAutoencoder_zeros_False	GradientShap	64	1	0.1	NegativeBinomialAutoencoder	zeros	False
0.0	0	105	13771	off_target	net_98_11932	0	0.1	net_82_10152_net_72_10551_net_98_11932_net_51_10906	GradientShap_64_1_0.1_NegativeBinomialAutoencoder_zeros_False	GradientShap	64	1	0.1	NegativeBinomialAutoencoder	zeros	False
0.019047619047619	2	105	27543	off_target	net_98_11932	0	0.2	net_82_10152_net_72_10551_net_98_11932_net_51_10906	GradientShap_64_1_0.1_NegativeBinomialAutoencoder_zeros_False	GradientShap	64	1	0.1	NegativeBinomialAutoencoder	zeros	False
0.1523809523809524	16	105	34428	off_target	net_98_11932	0	0.25	net_82_10152_net_72_10551_net_98_11932_net_51_10906	GradientShap_64_1_0.1_NegativeBinomialAutoencoder_zeros_False	GradientShap	64	1	0.1	NegativeBinomialAutoencoder	zeros	False
0.8380952380952381	88	105	68857	off_target	net_98_11932	0	0.5	net_82_10152_net_72_10551_net_98_11932_net_51_10906	GradientShap_64_1_0.1_NegativeBinomialAutoencoder_zeros_False	GradientShap	64	1	0.1	NegativeBinomialAutoencoder	zeros	False
1.0	105	105	91809	off_target	net_98_11932	0	0.75	net_82_10152_net_72_10551_net_98_11932_net_51_10906	GradientShap_64_1_0.1_NegativeBinomialAutoencoder_zeros_False	GradientShap	64	1	0.1	NegativeBinomialAutoencoder	zeros	False
1.0	105	105	91809	off_target	net_98_11932	0	1.0	net_82_10152_net_72_10551_net_98_11932_net_51_10906	GradientShap_64_1_0.1_NegativeBinomialAutoencoder_zeros_False	GradientShap	64	1	0.1	NegativeBinomialAutoencoder	zeros	False
0.0	0	105	138	off_target	net_98_11932	1	0.001	net_82_10152_net_72_10551_net_98_11932_net_51_10906	GradientShap_64_1_0.1_NegativeBinomialAutoencoder_zeros_False	GradientShap	64	1	0.1	NegativeBinomialAutoencoder	zeros	False
0.019047619047619	2	105	1377	off_target	net_98_11932	1	0.01	net_82_10152_net_72_10551_net_98_11932_net_51_10906	GradientShap_64_1_0.1_NegativeBinomialAutoencoder_zeros_False	GradientShap	64	1	0.1	NegativeBinomialAutoencoder	zeros	False
0.0380952380952381	4	105	6886	off_target	net_98_11932	1	0.05	net_82_10152_net_72_10551_net_98_11932_net_51_10906	GradientShap_64_1_0.1_NegativeBinomialAutoencoder_zeros_False	GradientShap	64	1	0.1	NegativeBinomialAutoencoder	zeros	False
0.0952380952380952	10	105	13771	off_target	net_98_11932	1	0.1	net_82_10152_net_72_10551_net_98_11932_net_51_10906	GradientShap_64_1_0.1_NegativeBinomialAutoencoder_zeros_False	GradientShap	64	1	0.1	NegativeBinomialAutoencoder	zeros	False
0.3333333333333333	35	105	27543	off_target	net_98_11932	1	0.2	net_82_10152_net_72_10551_net_98_11932_net_51_10906	GradientShap_64_1_0.1_NegativeBinomialAutoencoder_zeros_False	GradientShap	64	1	0.1	NegativeBinomialAutoencoder	zeros	False
0.4952380952380952	52	105	34428	off_target	net_98_11932	1	0.25	net_82_10152_net_72_10551_net_98_11932_net_51_10906	GradientShap_64_1_0.1_NegativeBinomialAutoencoder_zeros_False	GradientShap	64	1	0.1	NegativeBinomialAutoencoder	zeros	False
0.8571428571428571	90	105	68857	off_target	net_98_11932	1	0.5	net_82_10152_net_72_10551_net_98_11932_net_51_10906	GradientShap_64_1_0.1_NegativeBinomialAutoencoder_zeros_False	GradientShap	64	1	0.1	NegativeBinomialAutoencoder	zeros	False
1.0	105	105	91809	off_target	net_98_11932	1	0.75	net_82_10152_net_72_10551_net_98_11932_net_51_10906	GradientShap_64_1_0.1_NegativeBinomialAutoencoder_zeros_False	GradientShap	64	1	0.1	NegativeBinomialAutoencoder	zeros	False
1.0	105	105	91809	off_target	net_98_11932	1	1.0	net_82_10152_net_72_10551_net_98_11932_net_51_10906	GradientShap_64_1_0.1_NegativeBinomialAutoencoder_zeros_False	GradientShap	64	1	0.1	NegativeBinomialAutoencoder	zeros	False
0.0	0	105	138	on_target	net_98_11932	2	0.001	net_82_10152_net_72_10551_net_98_11932_net_51_10906	GradientShap_64_1_0.1_NegativeBinomialAutoencoder_zeros_False	GradientShap	64	1	0.1	NegativeBinomialAutoencoder	zeros	False
0.0	0	105	1377	on_target	net_98_11932	2	0.01	net_82_10152_net_72_10551_net_98_11932_net_51_10906	GradientShap_64_1_0.1_NegativeBinomialAutoencoder_zeros_False	GradientShap	64	1	0.1	NegativeBinomialAutoencoder	zeros	False
0.1428571428571428	15	105	6886	on_target	net_98_11932	2	0.05	net_82_10152_net_72_10551_net_98_11932_net_51_10906	GradientShap_64_1_0.1_NegativeBinomialAutoencoder_zeros_False	GradientShap	64	1	0.1	NegativeBinomialAutoencoder	zeros	False
0.3619047619047619	38	105	13771	on_target	net_98_11932	2	0.1	net_82_10152_net_72_10551_net_98_11932_net_51_10906	GradientShap_64_1_0.1_NegativeBinomialAutoencoder_zeros_False	GradientShap	64	1	0.1	NegativeBinomialAutoencoder	zeros	False
0.5714285714285714	60	105	27543	on_target	net_98_11932	2	0.2	net_82_10152_net_72_10551_net_98_11932_net_51_10906	GradientShap_64_1_0.1_NegativeBinomialAutoencoder_zeros_False	GradientShap	64	1	0.1	NegativeBinomialAutoencoder	zeros	False
0.6095238095238096	64	105	34428	on_target	net_98_11932	2	0.25	net_82_10152_net_72_10551_net_98_11932_net_51_10906	GradientShap_64_1_0.1_NegativeBinomialAutoencoder_zeros_False	GradientShap	64	1	0.1	NegativeBinomialAutoencoder	zeros	False
0.8095238095238095	85	105	68857	on_target	net_98_11932	2	0.5	net_82_10152_net_72_10551_net_98_11932_net_51_10906	GradientShap_64_1_0.1_NegativeBinomialAutoencoder_zeros_False	GradientShap	64	1	0.1	NegativeBinomialAutoencoder	zeros	False
1.0	105	105	91809	on_target	net_98_11932	2	0.75	net_82_10152_net_72_10551_net_98_11932_net_51_10906	GradientShap_64_1_0.1_NegativeBinomialAutoencoder_zeros_False	GradientShap	64	1	0.1	NegativeBinomialAutoencoder	zeros	False
1.0	105	105	91809	on_target	net_98_11932	2	1.0	net_82_10152_net_72_10551_net_98_11932_net_51_10906	GradientShap_64_1_0.1_NegativeBinomialAutoencoder_zeros_False	GradientShap	64	1	0.1	NegativeBinomialAutoencoder	zeros	False
0.0	0	154	156	on_target	net_84_10865	0	0.001	net_84_10865_net_88_10937_net_90_11013_net_60_10703	GradientShap_64_1_0.1_NegativeBinomialAutoencoder_zeros_False	GradientShap	64	1	0.1	NegativeBinomialAutoencoder	zeros	False
0.0	0	154	1555	on_target	net_84_10865	0	0.01	net_84_10865_net_88_10937_net_90_11013_net_60_10703	GradientShap_64_1_0.1_NegativeBinomialAutoencoder_zeros_False	GradientShap	64	1	0.1	NegativeBinomialAutoencoder	zeros	False
0.0	0	154	7776	on_target	net_84_10865	0	0.05	net_84_10865_net_88_10937_net_90_11013_net_60_10703	GradientShap_64_1_0.1_NegativeBinomialAutoencoder_zeros_False	GradientShap	64	1	0.1	NegativeBinomialAutoencoder	zeros	False
0.0584415584415584	9	154	15553	on_target	net_84_10865	0	0.1	net_84_10865_net_88_10937_net_90_11013_net_60_10703	GradientShap_64_1_0.1_NegativeBinomialAutoencoder_zeros_False	GradientShap	64	1	0.1	NegativeBinomialAutoencoder	zeros	False
0.2532467532467532	39	154	31105	on_target	net_84_10865	0	0.2	net_84_10865_net_88_10937_net_90_11013_net_60_10703	GradientShap_64_1_0.1_NegativeBinomialAutoencoder_zeros_False	GradientShap	64	1	0.1	NegativeBinomialAutoencoder	zeros	False
0.3246753246753247	50	154	38882	on_target	net_84_10865	0	0.25	net_84_10865_net_88_10937_net_90_11013_net_60_10703	GradientShap_64_1_0.1_NegativeBinomialAutoencoder_zeros_False	GradientShap	64	1	0.1	NegativeBinomialAutoencoder	zeros	False
0.7012987012987013	108	154	77763	on_target	net_84_10865	0	0.5	net_84_10865_net_88_10937_net_90_11013_net_60_10703	GradientShap_64_1_0.1_NegativeBinomialAutoencoder_zeros_False	GradientShap	64	1	0.1	NegativeBinomialAutoencoder	zeros	False
1.0	154	154	103684	on_target	net_84_10865	0	0.75	net_84_10865_net_88_10937_net_90_11013_net_60_10703	GradientShap_64_1_0.1_NegativeBinomialAutoencoder_zeros_False	GradientShap	64	1	0.1	NegativeBinomialAutoencoder	zeros	False
1.0	154	154	103684	on_target	net_84_10865	0	1.0	net_84_10865_net_88_10937_net_90_11013_net_60_10703	GradientShap_64_1_0.1_NegativeBinomialAutoencoder_zeros_False	GradientShap	64	1	0.1	NegativeBinomialAutoencoder	zeros	False
0.0	0	154	156	off_target	net_84_10865	1	0.001	net_84_10865_net_88_10937_net_90_11013_net_60_10703	GradientShap_64_1_0.1_NegativeBinomialAutoencoder_zeros_False	GradientShap	64	1	0.1	NegativeBinomialAutoencoder	zeros	False
0.0259740259740259	4	154	1555	off_target	net_84_10865	1	0.01	net_84_10865_net_88_10937_net_90_11013_net_60_10703	GradientShap_64_1_0.1_NegativeBinomialAutoencoder_zeros_False	GradientShap	64	1	0.1	NegativeBinomialAutoencoder	zeros	False
0.1103896103896103	17	154	7776	off_target	net_84_10865	1	0.05	net_84_10865_net_88_10937_net_90_11013_net_60_10703	GradientShap_64_1_0.1_NegativeBinomialAutoencoder_zeros_False	GradientShap	64	1	0.1	NegativeBinomialAutoencoder	zeros	False
0.1428571428571428	22	154	15553	off_target	net_84_10865	1	0.1	net_84_10865_net_88_10937_net_90_11013_net_60_10703	GradientShap_64_1_0.1_NegativeBinomialAutoencoder_zeros_False	GradientShap	64	1	0.1	NegativeBinomialAutoencoder	zeros	False
0.1818181818181818	28	154	31105	off_target	net_84_10865	1	0.2	net_84_10865_net_88_10937_net_90_11013_net_60_10703	GradientShap_64_1_0.1_NegativeBinomialAutoencoder_zeros_False	GradientShap	64	1	0.1	NegativeBinomialAutoencoder	zeros	False
0.2532467532467532	39	154	38882	off_target	net_84_10865	1	0.25	net_84_10865_net_88_10937_net_90_11013_net_60_10703	GradientShap_64_1_0.1_NegativeBinomialAutoencoder_zeros_False	GradientShap	64	1	0.1	NegativeBinomialAutoencoder	zeros	False
0.6298701298701299	97	154	77763	off_target	net_84_10865	1	0.5	net_84_10865_net_88_10937_net_90_11013_net_60_10703	GradientShap_64_1_0.1_NegativeBinomialAutoencoder_zeros_False	GradientShap	64	1	0.1	NegativeBinomialAutoencoder	zeros	False
1.0	154	154	103684	off_target	net_84_10865	1	0.75	net_84_10865_net_88_10937_net_90_11013_net_60_10703	GradientShap_64_1_0.1_NegativeBinomialAutoencoder_zeros_False	GradientShap	64	1	0.1	NegativeBinomialAutoencoder	zeros	False
1.0	154	154	103684	off_target	net_84_10865	1	1.0	net_84_10865_net_88_10937_net_90_11013_net_60_10703	GradientShap_64_1_0.1_NegativeBinomialAutoencoder_zeros_False	GradientShap	64	1	0.1	NegativeBinomialAutoencoder	zeros	False
0.0	0	154	156	off_target	net_84_10865	2	0.001	net_84_10865_net_88_10937_net_90_11013_net_60_10703	GradientShap_64_1_0.1_NegativeBinomialAutoencoder_zeros_False	GradientShap	64	1	0.1	NegativeBinomialAutoencoder	zeros	False
0.0	0	154	1555	off_target	net_84_10865	2	0.01	net_84_10865_net_88_10937_net_90_11013_net_60_10703	GradientShap_64_1_0.1_NegativeBinomialAutoencoder_zeros_False	GradientShap	64	1	0.1	NegativeBinomialAutoencoder	zeros	False
0.0779220779220779	12	154	7776	off_target	net_84_10865	2	0.05	net_84_10865_net_88_10937_net_90_11013_net_60_10703	GradientShap_64_1_0.1_NegativeBinomialAutoencoder_zeros_False	GradientShap	64	1	0.1	NegativeBinomialAutoencoder	zeros	False
0.2012987012987013	31	154	15553	off_target	net_84_10865	2	0.1	net_84_10865_net_88_10937_net_90_11013_net_60_10703	GradientShap_64_1_0.1_NegativeBinomialAutoencoder_zeros_False	GradientShap	64	1	0.1	NegativeBinomialAutoencoder	zeros	False
0.3701298701298701	57	154	31105	off_target	net_84_10865	2	0.2	net_84_10865_net_88_10937_net_90_11013_net_60_10703	GradientShap_64_1_0.1_NegativeBinomialAutoencoder_zeros_False	GradientShap	64	1	0.1	NegativeBinomialAutoencoder	zeros	False
0.4090909090909091	63	154	38882	off_target	net_84_10865	2	0.25	net_84_10865_net_88_10937_net_90_11013_net_60_10703	GradientShap_64_1_0.1_NegativeBinomialAutoencoder_zeros_False	GradientShap	64	1	0.1	NegativeBinomialAutoencoder	zeros	False
0.6558441558441559	101	154	77763	off_target	net_84_10865	2	0.5	net_84_10865_net_88_10937_net_90_11013_net_60_10703	GradientShap_64_1_0.1_NegativeBinomialAutoencoder_zeros_False	GradientShap	64	1	0.1	NegativeBinomialAutoencoder	zeros	False
1.0	154	154	103684	off_target	net_84_10865	2	0.75	net_84_10865_net_88_10937_net_90_11013_net_60_10703	GradientShap_64_1_0.1_NegativeBinomialAutoencoder_zeros_False	GradientShap	64	1	0.1	NegativeBinomialAutoencoder	zeros	False
1.0	154	154	103684	off_target	net_84_10865	2	1.0	net_84_10865_net_88_10937_net_90_11013_net_60_10703	GradientShap_64_1_0.1_NegativeBinomialAutoencoder_zeros_False	GradientShap	64	1	0.1	NegativeBinomialAutoencoder	zeros	False
0.0	0	184	156	off_target	net_88_10937	0	0.001	net_84_10865_net_88_10937_net_90_11013_net_60_10703	GradientShap_64_1_0.1_NegativeBinomialAutoencoder_zeros_False	GradientShap	64	1	0.1	NegativeBinomialAutoencoder	zeros	False
0.0	0	184	1555	off_target	net_88_10937	0	0.01	net_84_10865_net_88_10937_net_90_11013_net_60_10703	GradientShap_64_1_0.1_NegativeBinomialAutoencoder_zeros_False	GradientShap	64	1	0.1	NegativeBinomialAutoencoder	zeros	False
0.0760869565217391	14	184	7776	off_target	net_88_10937	0	0.05	net_84_10865_net_88_10937_net_90_11013_net_60_10703	GradientShap_64_1_0.1_NegativeBinomialAutoencoder_zeros_False	GradientShap	64	1	0.1	NegativeBinomialAutoencoder	zeros	False
0.2065217391304347	38	184	15553	off_target	net_88_10937	0	0.1	net_84_10865_net_88_10937_net_90_11013_net_60_10703	GradientShap_64_1_0.1_NegativeBinomialAutoencoder_zeros_False	GradientShap	64	1	0.1	NegativeBinomialAutoencoder	zeros	False
0.4510869565217391	83	184	31105	off_target	net_88_10937	0	0.2	net_84_10865_net_88_10937_net_90_11013_net_60_10703	GradientShap_64_1_0.1_NegativeBinomialAutoencoder_zeros_False	GradientShap	64	1	0.1	NegativeBinomialAutoencoder	zeros	False
0.5434782608695652	100	184	38882	off_target	net_88_10937	0	0.25	net_84_10865_net_88_10937_net_90_11013_net_60_10703	GradientShap_64_1_0.1_NegativeBinomialAutoencoder_zeros_False	GradientShap	64	1	0.1	NegativeBinomialAutoencoder	zeros	False
0.8967391304347826	165	184	77763	off_target	net_88_10937	0	0.5	net_84_10865_net_88_10937_net_90_11013_net_60_10703	GradientShap_64_1_0.1_NegativeBinomialAutoencoder_zeros_False	GradientShap	64	1	0.1	NegativeBinomialAutoencoder	zeros	False
1.0	184	184	103684	off_target	net_88_10937	0	0.75	net_84_10865_net_88_10937_net_90_11013_net_60_10703	GradientShap_64_1_0.1_NegativeBinomialAutoencoder_zeros_False	GradientShap	64	1	0.1	NegativeBinomialAutoencoder	zeros	False
1.0	184	184	103684	off_target	net_88_10937	0	1.0	net_84_10865_net_88_10937_net_90_11013_net_60_10703	GradientShap_64_1_0.1_NegativeBinomialAutoencoder_zeros_False	GradientShap	64	1	0.1	NegativeBinomialAutoencoder	zeros	False
0.0	0	184	156	on_target	net_88_10937	1	0.001	net_84_10865_net_88_10937_net_90_11013_net_60_10703	GradientShap_64_1_0.1_NegativeBinomialAutoencoder_zeros_False	GradientShap	64	1	0.1	NegativeBinomialAutoencoder	zeros	False
0.0380434782608695	7	184	1555	on_target	net_88_10937	1	0.01	net_84_10865_net_88_10937_net_90_11013_net_60_10703	GradientShap_64_1_0.1_NegativeBinomialAutoencoder_zeros_False	GradientShap	64	1	0.1	NegativeBinomialAutoencoder	zeros	False
0.1521739130434782	28	184	7776	on_target	net_88_10937	1	0.05	net_84_10865_net_88_10937_net_90_11013_net_60_10703	GradientShap_64_1_0.1_NegativeBinomialAutoencoder_zeros_False	GradientShap	64	1	0.1	NegativeBinomialAutoencoder	zeros	False
0.2228260869565217	41	184	15553	on_target	net_88_10937	1	0.1	net_84_10865_net_88_10937_net_90_11013_net_60_10703	GradientShap_64_1_0.1_NegativeBinomialAutoencoder_zeros_False	GradientShap	64	1	0.1	NegativeBinomialAutoencoder	zeros	False
0.391304347826087	72	184	31105	on_target	net_88_10937	1	0.2	net_84_10865_net_88_10937_net_90_11013_net_60_10703	GradientShap_64_1_0.1_NegativeBinomialAutoencoder_zeros_False	GradientShap	64	1	0.1	NegativeBinomialAutoencoder	zeros	False
0.4782608695652174	88	184	38882	on_target	net_88_10937	1	0.25	net_84_10865_net_88_10937_net_90_11013_net_60_10703	GradientShap_64_1_0.1_NegativeBinomialAutoencoder_zeros_False	GradientShap	64	1	0.1	NegativeBinomialAutoencoder	zeros	False
0.7880434782608695	145	184	77763	on_target	net_88_10937	1	0.5	net_84_10865_net_88_10937_net_90_11013_net_60_10703	GradientShap_64_1_0.1_NegativeBinomialAutoencoder_zeros_False	GradientShap	64	1	0.1	NegativeBinomialAutoencoder	zeros	False
1.0	184	184	103684	on_target	net_88_10937	1	0.75	net_84_10865_net_88_10937_net_90_11013_net_60_10703	GradientShap_64_1_0.1_NegativeBinomialAutoencoder_zeros_False	GradientShap	64	1	0.1	NegativeBinomialAutoencoder	zeros	False
1.0	184	184	103684	on_target	net_88_10937	1	1.0	net_84_10865_net_88_10937_net_90_11013_net_60_10703	GradientShap_64_1_0.1_NegativeBinomialAutoencoder_zeros_False	GradientShap	64	1	0.1	NegativeBinomialAutoencoder	zeros	False
0.0	0	184	156	off_target	net_88_10937	2	0.001	net_84_10865_net_88_10937_net_90_11013_net_60_10703	GradientShap_64_1_0.1_NegativeBinomialAutoencoder_zeros_False	GradientShap	64	1	0.1	NegativeBinomialAutoencoder	zeros	False
0.0	0	184	1555	off_target	net_88_10937	2	0.01	net_84_10865_net_88_10937_net_90_11013_net_60_10703	GradientShap_64_1_0.1_NegativeBinomialAutoencoder_zeros_False	GradientShap	64	1	0.1	NegativeBinomialAutoencoder	zeros	False
0.0760869565217391	14	184	7776	off_target	net_88_10937	2	0.05	net_84_10865_net_88_10937_net_90_11013_net_60_10703	GradientShap_64_1_0.1_NegativeBinomialAutoencoder_zeros_False	GradientShap	64	1	0.1	NegativeBinomialAutoencoder	zeros	False
0.233695652173913	43	184	15553	off_target	net_88_10937	2	0.1	net_84_10865_net_88_10937_net_90_11013_net_60_10703	GradientShap_64_1_0.1_NegativeBinomialAutoencoder_zeros_False	GradientShap	64	1	0.1	NegativeBinomialAutoencoder	zeros	False
0.4347826086956521	80	184	31105	off_target	net_88_10937	2	0.2	net_84_10865_net_88_10937_net_90_11013_net_60_10703	GradientShap_64_1_0.1_NegativeBinomialAutoencoder_zeros_False	GradientShap	64	1	0.1	NegativeBinomialAutoencoder	zeros	False
0.5	92	184	38882	off_target	net_88_10937	2	0.25	net_84_10865_net_88_10937_net_90_11013_net_60_10703	GradientShap_64_1_0.1_NegativeBinomialAutoencoder_zeros_False	GradientShap	64	1	0.1	NegativeBinomialAutoencoder	zeros	False
0.8152173913043478	150	184	77763	off_target	net_88_10937	2	0.5	net_84_10865_net_88_10937_net_90_11013_net_60_10703	GradientShap_64_1_0.1_NegativeBinomialAutoencoder_zeros_False	GradientShap	64	1	0.1	NegativeBinomialAutoencoder	zeros	False
1.0	184	184	103684	off_target	net_88_10937	2	0.75	net_84_10865_net_88_10937_net_90_11013_net_60_10703	GradientShap_64_1_0.1_NegativeBinomialAutoencoder_zeros_False	GradientShap	64	1	0.1	NegativeBinomialAutoencoder	zeros	False
1.0	184	184	103684	off_target	net_88_10937	2	1.0	net_84_10865_net_88_10937_net_90_11013_net_60_10703	GradientShap_64_1_0.1_NegativeBinomialAutoencoder_zeros_False	GradientShap	64	1	0.1	NegativeBinomialAutoencoder	zeros	False
0.0	0	216	156	off_target	net_90_11013	0	0.001	net_84_10865_net_88_10937_net_90_11013_net_60_10703	GradientShap_64_1_0.1_NegativeBinomialAutoencoder_zeros_False	GradientShap	64	1	0.1	NegativeBinomialAutoencoder	zeros	False
0.0138888888888888	3	216	1555	off_target	net_90_11013	0	0.01	net_84_10865_net_88_10937_net_90_11013_net_60_10703	GradientShap_64_1_0.1_NegativeBinomialAutoencoder_zeros_False	GradientShap	64	1	0.1	NegativeBinomialAutoencoder	zeros	False
0.0324074074074074	7	216	7776	off_target	net_90_11013	0	0.05	net_84_10865_net_88_10937_net_90_11013_net_60_10703	GradientShap_64_1_0.1_NegativeBinomialAutoencoder_zeros_False	GradientShap	64	1	0.1	NegativeBinomialAutoencoder	zeros	False
0.0462962962962962	10	216	15553	off_target	net_90_11013	0	0.1	net_84_10865_net_88_10937_net_90_11013_net_60_10703	GradientShap_64_1_0.1_NegativeBinomialAutoencoder_zeros_False	GradientShap	64	1	0.1	NegativeBinomialAutoencoder	zeros	False
0.2037037037037037	44	216	31105	off_target	net_90_11013	0	0.2	net_84_10865_net_88_10937_net_90_11013_net_60_10703	GradientShap_64_1_0.1_NegativeBinomialAutoencoder_zeros_False	GradientShap	64	1	0.1	NegativeBinomialAutoencoder	zeros	False
0.324074074074074	70	216	38882	off_target	net_90_11013	0	0.25	net_84_10865_net_88_10937_net_90_11013_net_60_10703	GradientShap_64_1_0.1_NegativeBinomialAutoencoder_zeros_False	GradientShap	64	1	0.1	NegativeBinomialAutoencoder	zeros	False
0.8194444444444444	177	216	77763	off_target	net_90_11013	0	0.5	net_84_10865_net_88_10937_net_90_11013_net_60_10703	GradientShap_64_1_0.1_NegativeBinomialAutoencoder_zeros_False	GradientShap	64	1	0.1	NegativeBinomialAutoencoder	zeros	False
1.0	216	216	103684	off_target	net_90_11013	0	0.75	net_84_10865_net_88_10937_net_90_11013_net_60_10703	GradientShap_64_1_0.1_NegativeBinomialAutoencoder_zeros_False	GradientShap	64	1	0.1	NegativeBinomialAutoencoder	zeros	False
1.0	216	216	103684	off_target	net_90_11013	0	1.0	net_84_10865_net_88_10937_net_90_11013_net_60_10703	GradientShap_64_1_0.1_NegativeBinomialAutoencoder_zeros_False	GradientShap	64	1	0.1	NegativeBinomialAutoencoder	zeros	False
0.0	0	216	156	off_target	net_90_11013	1	0.001	net_84_10865_net_88_10937_net_90_11013_net_60_10703	GradientShap_64_1_0.1_NegativeBinomialAutoencoder_zeros_False	GradientShap	64	1	0.1	NegativeBinomialAutoencoder	zeros	False
0.0092592592592592	2	216	1555	off_target	net_90_11013	1	0.01	net_84_10865_net_88_10937_net_90_11013_net_60_10703	GradientShap_64_1_0.1_NegativeBinomialAutoencoder_zeros_False	GradientShap	64	1	0.1	NegativeBinomialAutoencoder	zeros	False
0.1018518518518518	22	216	7776	off_target	net_90_11013	1	0.05	net_84_10865_net_88_10937_net_90_11013_net_60_10703	GradientShap_64_1_0.1_NegativeBinomialAutoencoder_zeros_False	GradientShap	64	1	0.1	NegativeBinomialAutoencoder	zeros	False
0.2083333333333333	45	216	15553	off_target	net_90_11013	1	0.1	net_84_10865_net_88_10937_net_90_11013_net_60_10703	GradientShap_64_1_0.1_NegativeBinomialAutoencoder_zeros_False	GradientShap	64	1	0.1	NegativeBinomialAutoencoder	zeros	False
0.4166666666666667	90	216	31105	off_target	net_90_11013	1	0.2	net_84_10865_net_88_10937_net_90_11013_net_60_10703	GradientShap_64_1_0.1_NegativeBinomialAutoencoder_zeros_False	GradientShap	64	1	0.1	NegativeBinomialAutoencoder	zeros	False
0.5	108	216	38882	off_target	net_90_11013	1	0.25	net_84_10865_net_88_10937_net_90_11013_net_60_10703	GradientShap_64_1_0.1_NegativeBinomialAutoencoder_zeros_False	GradientShap	64	1	0.1	NegativeBinomialAutoencoder	zeros	False
0.8194444444444444	177	216	77763	off_target	net_90_11013	1	0.5	net_84_10865_net_88_10937_net_90_11013_net_60_10703	GradientShap_64_1_0.1_NegativeBinomialAutoencoder_zeros_False	GradientShap	64	1	0.1	NegativeBinomialAutoencoder	zeros	False
1.0	216	216	103684	off_target	net_90_11013	1	0.75	net_84_10865_net_88_10937_net_90_11013_net_60_10703	GradientShap_64_1_0.1_NegativeBinomialAutoencoder_zeros_False	GradientShap	64	1	0.1	NegativeBinomialAutoencoder	zeros	False
1.0	216	216	103684	off_target	net_90_11013	1	1.0	net_84_10865_net_88_10937_net_90_11013_net_60_10703	GradientShap_64_1_0.1_NegativeBinomialAutoencoder_zeros_False	GradientShap	64	1	0.1	NegativeBinomialAutoencoder	zeros	False
0.0	0	216	156	on_target	net_90_11013	2	0.001	net_84_10865_net_88_10937_net_90_11013_net_60_10703	GradientShap_64_1_0.1_NegativeBinomialAutoencoder_zeros_False	GradientShap	64	1	0.1	NegativeBinomialAutoencoder	zeros	False
0.0092592592592592	2	216	1555	on_target	net_90_11013	2	0.01	net_84_10865_net_88_10937_net_90_11013_net_60_10703	GradientShap_64_1_0.1_NegativeBinomialAutoencoder_zeros_False	GradientShap	64	1	0.1	NegativeBinomialAutoencoder	zeros	False
0.0694444444444444	15	216	7776	on_target	net_90_11013	2	0.05	net_84_10865_net_88_10937_net_90_11013_net_60_10703	GradientShap_64_1_0.1_NegativeBinomialAutoencoder_zeros_False	GradientShap	64	1	0.1	NegativeBinomialAutoencoder	zeros	False
0.2592592592592592	56	216	15553	on_target	net_90_11013	2	0.1	net_84_10865_net_88_10937_net_90_11013_net_60_10703	GradientShap_64_1_0.1_NegativeBinomialAutoencoder_zeros_False	GradientShap	64	1	0.1	NegativeBinomialAutoencoder	zeros	False
0.4814814814814814	104	216	31105	on_target	net_90_11013	2	0.2	net_84_10865_net_88_10937_net_90_11013_net_60_10703	GradientShap_64_1_0.1_NegativeBinomialAutoencoder_zeros_False	GradientShap	64	1	0.1	NegativeBinomialAutoencoder	zeros	False
0.5509259259259259	119	216	38882	on_target	net_90_11013	2	0.25	net_84_10865_net_88_10937_net_90_11013_net_60_10703	GradientShap_64_1_0.1_NegativeBinomialAutoencoder_zeros_False	GradientShap	64	1	0.1	NegativeBinomialAutoencoder	zeros	False
0.7870370370370371	170	216	77763	on_target	net_90_11013	2	0.5	net_84_10865_net_88_10937_net_90_11013_net_60_10703	GradientShap_64_1_0.1_NegativeBinomialAutoencoder_zeros_False	GradientShap	64	1	0.1	NegativeBinomialAutoencoder	zeros	False
1.0	216	216	103684	on_target	net_90_11013	2	0.75	net_84_10865_net_88_10937_net_90_11013_net_60_10703	GradientShap_64_1_0.1_NegativeBinomialAutoencoder_zeros_False	GradientShap	64	1	0.1	NegativeBinomialAutoencoder	zeros	False
1.0	216	216	103684	on_target	net_90_11013	2	1.0	net_84_10865_net_88_10937_net_90_11013_net_60_10703	GradientShap_64_1_0.1_NegativeBinomialAutoencoder_zeros_False	GradientShap	64	1	0.1	NegativeBinomialAutoencoder	zeros	False
0.0	0	98	266	on_target	net_84_11226	0	0.001	net_84_11226_net_172_10626_net_89_11634_net_76_10367	GradientShap_64_1_0.1_NegativeBinomialAutoencoder_zeros_False	GradientShap	64	1	0.1	NegativeBinomialAutoencoder	zeros	False
0.0	0	98	2659	on_target	net_84_11226	0	0.01	net_84_11226_net_172_10626_net_89_11634_net_76_10367	GradientShap_64_1_0.1_NegativeBinomialAutoencoder_zeros_False	GradientShap	64	1	0.1	NegativeBinomialAutoencoder	zeros	False
0.0	0	98	13293	on_target	net_84_11226	0	0.05	net_84_11226_net_172_10626_net_89_11634_net_76_10367	GradientShap_64_1_0.1_NegativeBinomialAutoencoder_zeros_False	GradientShap	64	1	0.1	NegativeBinomialAutoencoder	zeros	False
0.0	0	98	26586	on_target	net_84_11226	0	0.1	net_84_11226_net_172_10626_net_89_11634_net_76_10367	GradientShap_64_1_0.1_NegativeBinomialAutoencoder_zeros_False	GradientShap	64	1	0.1	NegativeBinomialAutoencoder	zeros	False
0.0	0	98	53172	on_target	net_84_11226	0	0.2	net_84_11226_net_172_10626_net_89_11634_net_76_10367	GradientShap_64_1_0.1_NegativeBinomialAutoencoder_zeros_False	GradientShap	64	1	0.1	NegativeBinomialAutoencoder	zeros	False
0.0	0	98	66465	on_target	net_84_11226	0	0.25	net_84_11226_net_172_10626_net_89_11634_net_76_10367	GradientShap_64_1_0.1_NegativeBinomialAutoencoder_zeros_False	GradientShap	64	1	0.1	NegativeBinomialAutoencoder	zeros	False
0.7040816326530612	69	98	132931	on_target	net_84_11226	0	0.5	net_84_11226_net_172_10626_net_89_11634_net_76_10367	GradientShap_64_1_0.1_NegativeBinomialAutoencoder_zeros_False	GradientShap	64	1	0.1	NegativeBinomialAutoencoder	zeros	False
1.0	98	98	177241	on_target	net_84_11226	0	0.75	net_84_11226_net_172_10626_net_89_11634_net_76_10367	GradientShap_64_1_0.1_NegativeBinomialAutoencoder_zeros_False	GradientShap	64	1	0.1	NegativeBinomialAutoencoder	zeros	False
1.0	98	98	177241	on_target	net_84_11226	0	1.0	net_84_11226_net_172_10626_net_89_11634_net_76_10367	GradientShap_64_1_0.1_NegativeBinomialAutoencoder_zeros_False	GradientShap	64	1	0.1	NegativeBinomialAutoencoder	zeros	False
0.0	0	98	266	off_target	net_84_11226	1	0.001	net_84_11226_net_172_10626_net_89_11634_net_76_10367	GradientShap_64_1_0.1_NegativeBinomialAutoencoder_zeros_False	GradientShap	64	1	0.1	NegativeBinomialAutoencoder	zeros	False
0.0510204081632653	5	98	2659	off_target	net_84_11226	1	0.01	net_84_11226_net_172_10626_net_89_11634_net_76_10367	GradientShap_64_1_0.1_NegativeBinomialAutoencoder_zeros_False	GradientShap	64	1	0.1	NegativeBinomialAutoencoder	zeros	False
0.1938775510204081	19	98	13293	off_target	net_84_11226	1	0.05	net_84_11226_net_172_10626_net_89_11634_net_76_10367	GradientShap_64_1_0.1_NegativeBinomialAutoencoder_zeros_False	GradientShap	64	1	0.1	NegativeBinomialAutoencoder	zeros	False
0.2653061224489796	26	98	26586	off_target	net_84_11226	1	0.1	net_84_11226_net_172_10626_net_89_11634_net_76_10367	GradientShap_64_1_0.1_NegativeBinomialAutoencoder_zeros_False	GradientShap	64	1	0.1	NegativeBinomialAutoencoder	zeros	False
0.3469387755102041	34	98	53172	off_target	net_84_11226	1	0.2	net_84_11226_net_172_10626_net_89_11634_net_76_10367	GradientShap_64_1_0.1_NegativeBinomialAutoencoder_zeros_False	GradientShap	64	1	0.1	NegativeBinomialAutoencoder	zeros	False
0.3877551020408163	38	98	66465	off_target	net_84_11226	1	0.25	net_84_11226_net_172_10626_net_89_11634_net_76_10367	GradientShap_64_1_0.1_NegativeBinomialAutoencoder_zeros_False	GradientShap	64	1	0.1	NegativeBinomialAutoencoder	zeros	False
0.6836734693877551	67	98	132931	off_target	net_84_11226	1	0.5	net_84_11226_net_172_10626_net_89_11634_net_76_10367	GradientShap_64_1_0.1_NegativeBinomialAutoencoder_zeros_False	GradientShap	64	1	0.1	NegativeBinomialAutoencoder	zeros	False
1.0	98	98	177241	off_target	net_84_11226	1	0.75	net_84_11226_net_172_10626_net_89_11634_net_76_10367	GradientShap_64_1_0.1_NegativeBinomialAutoencoder_zeros_False	GradientShap	64	1	0.1	NegativeBinomialAutoencoder	zeros	False
1.0	98	98	177241	off_target	net_84_11226	1	1.0	net_84_11226_net_172_10626_net_89_11634_net_76_10367	GradientShap_64_1_0.1_NegativeBinomialAutoencoder_zeros_False	GradientShap	64	1	0.1	NegativeBinomialAutoencoder	zeros	False
0.0	0	98	266	off_target	net_84_11226	2	0.001	net_84_11226_net_172_10626_net_89_11634_net_76_10367	GradientShap_64_1_0.1_NegativeBinomialAutoencoder_zeros_False	GradientShap	64	1	0.1	NegativeBinomialAutoencoder	zeros	False
0.010204081632653	1	98	2659	off_target	net_84_11226	2	0.01	net_84_11226_net_172_10626_net_89_11634_net_76_10367	GradientShap_64_1_0.1_NegativeBinomialAutoencoder_zeros_False	GradientShap	64	1	0.1	NegativeBinomialAutoencoder	zeros	False
0.0714285714285714	7	98	13293	off_target	net_84_11226	2	0.05	net_84_11226_net_172_10626_net_89_11634_net_76_10367	GradientShap_64_1_0.1_NegativeBinomialAutoencoder_zeros_False	GradientShap	64	1	0.1	NegativeBinomialAutoencoder	zeros	False
0.1632653061224489	16	98	26586	off_target	net_84_11226	2	0.1	net_84_11226_net_172_10626_net_89_11634_net_76_10367	GradientShap_64_1_0.1_NegativeBinomialAutoencoder_zeros_False	GradientShap	64	1	0.1	NegativeBinomialAutoencoder	zeros	False
0.3469387755102041	34	98	53172	off_target	net_84_11226	2	0.2	net_84_11226_net_172_10626_net_89_11634_net_76_10367	GradientShap_64_1_0.1_NegativeBinomialAutoencoder_zeros_False	GradientShap	64	1	0.1	NegativeBinomialAutoencoder	zeros	False
0.5306122448979592	52	98	66465	off_target	net_84_11226	2	0.25	net_84_11226_net_172_10626_net_89_11634_net_76_10367	GradientShap_64_1_0.1_NegativeBinomialAutoencoder_zeros_False	GradientShap	64	1	0.1	NegativeBinomialAutoencoder	zeros	False
0.8061224489795918	79	98	132931	off_target	net_84_11226	2	0.5	net_84_11226_net_172_10626_net_89_11634_net_76_10367	GradientShap_64_1_0.1_NegativeBinomialAutoencoder_zeros_False	GradientShap	64	1	0.1	NegativeBinomialAutoencoder	zeros	False
1.0	98	98	177241	off_target	net_84_11226	2	0.75	net_84_11226_net_172_10626_net_89_11634_net_76_10367	GradientShap_64_1_0.1_NegativeBinomialAutoencoder_zeros_False	GradientShap	64	1	0.1	NegativeBinomialAutoencoder	zeros	False
1.0	98	98	177241	off_target	net_84_11226	2	1.0	net_84_11226_net_172_10626_net_89_11634_net_76_10367	GradientShap_64_1_0.1_NegativeBinomialAutoencoder_zeros_False	GradientShap	64	1	0.1	NegativeBinomialAutoencoder	zeros	False
0.0	0	239	266	off_target	net_172_10626	0	0.001	net_84_11226_net_172_10626_net_89_11634_net_76_10367	GradientShap_64_1_0.1_NegativeBinomialAutoencoder_zeros_False	GradientShap	64	1	0.1	NegativeBinomialAutoencoder	zeros	False
0.00836820083682	2	239	2659	off_target	net_172_10626	0	0.01	net_84_11226_net_172_10626_net_89_11634_net_76_10367	GradientShap_64_1_0.1_NegativeBinomialAutoencoder_zeros_False	GradientShap	64	1	0.1	NegativeBinomialAutoencoder	zeros	False
0.0376569037656903	9	239	13293	off_target	net_172_10626	0	0.05	net_84_11226_net_172_10626_net_89_11634_net_76_10367	GradientShap_64_1_0.1_NegativeBinomialAutoencoder_zeros_False	GradientShap	64	1	0.1	NegativeBinomialAutoencoder	zeros	False
0.0753138075313807	18	239	26586	off_target	net_172_10626	0	0.1	net_84_11226_net_172_10626_net_89_11634_net_76_10367	GradientShap_64_1_0.1_NegativeBinomialAutoencoder_zeros_False	GradientShap	64	1	0.1	NegativeBinomialAutoencoder	zeros	False
0.2384937238493724	57	239	53172	off_target	net_172_10626	0	0.2	net_84_11226_net_172_10626_net_89_11634_net_76_10367	GradientShap_64_1_0.1_NegativeBinomialAutoencoder_zeros_False	GradientShap	64	1	0.1	NegativeBinomialAutoencoder	zeros	False
0.2970711297071129	71	239	66465	off_target	net_172_10626	0	0.25	net_84_11226_net_172_10626_net_89_11634_net_76_10367	GradientShap_64_1_0.1_NegativeBinomialAutoencoder_zeros_False	GradientShap	64	1	0.1	NegativeBinomialAutoencoder	zeros	False
0.7698744769874477	184	239	132931	off_target	net_172_10626	0	0.5	net_84_11226_net_172_10626_net_89_11634_net_76_10367	GradientShap_64_1_0.1_NegativeBinomialAutoencoder_zeros_False	GradientShap	64	1	0.1	NegativeBinomialAutoencoder	zeros	False
1.0	239	239	177241	off_target	net_172_10626	0	0.75	net_84_11226_net_172_10626_net_89_11634_net_76_10367	GradientShap_64_1_0.1_NegativeBinomialAutoencoder_zeros_False	GradientShap	64	1	0.1	NegativeBinomialAutoencoder	zeros	False
1.0	239	239	177241	off_target	net_172_10626	0	1.0	net_84_11226_net_172_10626_net_89_11634_net_76_10367	GradientShap_64_1_0.1_NegativeBinomialAutoencoder_zeros_False	GradientShap	64	1	0.1	NegativeBinomialAutoencoder	zeros	False
0.00418410041841	1	239	266	on_target	net_172_10626	1	0.001	net_84_11226_net_172_10626_net_89_11634_net_76_10367	GradientShap_64_1_0.1_NegativeBinomialAutoencoder_zeros_False	GradientShap	64	1	0.1	NegativeBinomialAutoencoder	zeros	False
0.0502092050209205	12	239	2659	on_target	net_172_10626	1	0.01	net_84_11226_net_172_10626_net_89_11634_net_76_10367	GradientShap_64_1_0.1_NegativeBinomialAutoencoder_zeros_False	GradientShap	64	1	0.1	NegativeBinomialAutoencoder	zeros	False
0.1506276150627615	36	239	13293	on_target	net_172_10626	1	0.05	net_84_11226_net_172_10626_net_89_11634_net_76_10367	GradientShap_64_1_0.1_NegativeBinomialAutoencoder_zeros_False	GradientShap	64	1	0.1	NegativeBinomialAutoencoder	zeros	False
0.2384937238493724	57	239	26586	on_target	net_172_10626	1	0.1	net_84_11226_net_172_10626_net_89_11634_net_76_10367	GradientShap_64_1_0.1_NegativeBinomialAutoencoder_zeros_False	GradientShap	64	1	0.1	NegativeBinomialAutoencoder	zeros	False
0.3556485355648535	85	239	53172	on_target	net_172_10626	1	0.2	net_84_11226_net_172_10626_net_89_11634_net_76_10367	GradientShap_64_1_0.1_NegativeBinomialAutoencoder_zeros_False	GradientShap	64	1	0.1	NegativeBinomialAutoencoder	zeros	False
0.3974895397489539	95	239	66465	on_target	net_172_10626	1	0.25	net_84_11226_net_172_10626_net_89_11634_net_76_10367	GradientShap_64_1_0.1_NegativeBinomialAutoencoder_zeros_False	GradientShap	64	1	0.1	NegativeBinomialAutoencoder	zeros	False
0.8326359832635983	199	239	132931	on_target	net_172_10626	1	0.5	net_84_11226_net_172_10626_net_89_11634_net_76_10367	GradientShap_64_1_0.1_NegativeBinomialAutoencoder_zeros_False	GradientShap	64	1	0.1	NegativeBinomialAutoencoder	zeros	False
1.0	239	239	177241	on_target	net_172_10626	1	0.75	net_84_11226_net_172_10626_net_89_11634_net_76_10367	GradientShap_64_1_0.1_NegativeBinomialAutoencoder_zeros_False	GradientShap	64	1	0.1	NegativeBinomialAutoencoder	zeros	False
1.0	239	239	177241	on_target	net_172_10626	1	1.0	net_84_11226_net_172_10626_net_89_11634_net_76_10367	GradientShap_64_1_0.1_NegativeBinomialAutoencoder_zeros_False	GradientShap	64	1	0.1	NegativeBinomialAutoencoder	zeros	False
0.0	0	239	266	off_target	net_172_10626	2	0.001	net_84_11226_net_172_10626_net_89_11634_net_76_10367	GradientShap_64_1_0.1_NegativeBinomialAutoencoder_zeros_False	GradientShap	64	1	0.1	NegativeBinomialAutoencoder	zeros	False
0.0	0	239	2659	off_target	net_172_10626	2	0.01	net_84_11226_net_172_10626_net_89_11634_net_76_10367	GradientShap_64_1_0.1_NegativeBinomialAutoencoder_zeros_False	GradientShap	64	1	0.1	NegativeBinomialAutoencoder	zeros	False
0.0376569037656903	9	239	13293	off_target	net_172_10626	2	0.05	net_84_11226_net_172_10626_net_89_11634_net_76_10367	GradientShap_64_1_0.1_NegativeBinomialAutoencoder_zeros_False	GradientShap	64	1	0.1	NegativeBinomialAutoencoder	zeros	False
0.0962343096234309	23	239	26586	off_target	net_172_10626	2	0.1	net_84_11226_net_172_10626_net_89_11634_net_76_10367	GradientShap_64_1_0.1_NegativeBinomialAutoencoder_zeros_False	GradientShap	64	1	0.1	NegativeBinomialAutoencoder	zeros	False
0.2426778242677824	58	239	53172	off_target	net_172_10626	2	0.2	net_84_11226_net_172_10626_net_89_11634_net_76_10367	GradientShap_64_1_0.1_NegativeBinomialAutoencoder_zeros_False	GradientShap	64	1	0.1	NegativeBinomialAutoencoder	zeros	False
0.3221757322175732	77	239	66465	off_target	net_172_10626	2	0.25	net_84_11226_net_172_10626_net_89_11634_net_76_10367	GradientShap_64_1_0.1_NegativeBinomialAutoencoder_zeros_False	GradientShap	64	1	0.1	NegativeBinomialAutoencoder	zeros	False
0.803347280334728	192	239	132931	off_target	net_172_10626	2	0.5	net_84_11226_net_172_10626_net_89_11634_net_76_10367	GradientShap_64_1_0.1_NegativeBinomialAutoencoder_zeros_False	GradientShap	64	1	0.1	NegativeBinomialAutoencoder	zeros	False
1.0	239	239	177241	off_target	net_172_10626	2	0.75	net_84_11226_net_172_10626_net_89_11634_net_76_10367	GradientShap_64_1_0.1_NegativeBinomialAutoencoder_zeros_False	GradientShap	64	1	0.1	NegativeBinomialAutoencoder	zeros	False
1.0	239	239	177241	off_target	net_172_10626	2	1.0	net_84_11226_net_172_10626_net_89_11634_net_76_10367	GradientShap_64_1_0.1_NegativeBinomialAutoencoder_zeros_False	GradientShap	64	1	0.1	NegativeBinomialAutoencoder	zeros	False
0.010204081632653	1	98	266	off_target	net_89_11634	0	0.001	net_84_11226_net_172_10626_net_89_11634_net_76_10367	GradientShap_64_1_0.1_NegativeBinomialAutoencoder_zeros_False	GradientShap	64	1	0.1	NegativeBinomialAutoencoder	zeros	False
0.0408163265306122	4	98	2659	off_target	net_89_11634	0	0.01	net_84_11226_net_172_10626_net_89_11634_net_76_10367	GradientShap_64_1_0.1_NegativeBinomialAutoencoder_zeros_False	GradientShap	64	1	0.1	NegativeBinomialAutoencoder	zeros	False
0.0408163265306122	4	98	13293	off_target	net_89_11634	0	0.05	net_84_11226_net_172_10626_net_89_11634_net_76_10367	GradientShap_64_1_0.1_NegativeBinomialAutoencoder_zeros_False	GradientShap	64	1	0.1	NegativeBinomialAutoencoder	zeros	False
0.0408163265306122	4	98	26586	off_target	net_89_11634	0	0.1	net_84_11226_net_172_10626_net_89_11634_net_76_10367	GradientShap_64_1_0.1_NegativeBinomialAutoencoder_zeros_False	GradientShap	64	1	0.1	NegativeBinomialAutoencoder	zeros	False
0.0714285714285714	7	98	53172	off_target	net_89_11634	0	0.2	net_84_11226_net_172_10626_net_89_11634_net_76_10367	GradientShap_64_1_0.1_NegativeBinomialAutoencoder_zeros_False	GradientShap	64	1	0.1	NegativeBinomialAutoencoder	zeros	False
0.1020408163265306	10	98	66465	off_target	net_89_11634	0	0.25	net_84_11226_net_172_10626_net_89_11634_net_76_10367	GradientShap_64_1_0.1_NegativeBinomialAutoencoder_zeros_False	GradientShap	64	1	0.1	NegativeBinomialAutoencoder	zeros	False
0.8979591836734694	88	98	132931	off_target	net_89_11634	0	0.5	net_84_11226_net_172_10626_net_89_11634_net_76_10367	GradientShap_64_1_0.1_NegativeBinomialAutoencoder_zeros_False	GradientShap	64	1	0.1	NegativeBinomialAutoencoder	zeros	False
1.0	98	98	177241	off_target	net_89_11634	0	0.75	net_84_11226_net_172_10626_net_89_11634_net_76_10367	GradientShap_64_1_0.1_NegativeBinomialAutoencoder_zeros_False	GradientShap	64	1	0.1	NegativeBinomialAutoencoder	zeros	False
1.0	98	98	177241	off_target	net_89_11634	0	1.0	net_84_11226_net_172_10626_net_89_11634_net_76_10367	GradientShap_64_1_0.1_NegativeBinomialAutoencoder_zeros_False	GradientShap	64	1	0.1	NegativeBinomialAutoencoder	zeros	False
0.0	0	98	266	off_target	net_89_11634	1	0.001	net_84_11226_net_172_10626_net_89_11634_net_76_10367	GradientShap_64_1_0.1_NegativeBinomialAutoencoder_zeros_False	GradientShap	64	1	0.1	NegativeBinomialAutoencoder	zeros	False
0.0	0	98	2659	off_target	net_89_11634	1	0.01	net_84_11226_net_172_10626_net_89_11634_net_76_10367	GradientShap_64_1_0.1_NegativeBinomialAutoencoder_zeros_False	GradientShap	64	1	0.1	NegativeBinomialAutoencoder	zeros	False
0.0	0	98	13293	off_target	net_89_11634	1	0.05	net_84_11226_net_172_10626_net_89_11634_net_76_10367	GradientShap_64_1_0.1_NegativeBinomialAutoencoder_zeros_False	GradientShap	64	1	0.1	NegativeBinomialAutoencoder	zeros	False
0.010204081632653	1	98	26586	off_target	net_89_11634	1	0.1	net_84_11226_net_172_10626_net_89_11634_net_76_10367	GradientShap_64_1_0.1_NegativeBinomialAutoencoder_zeros_False	GradientShap	64	1	0.1	NegativeBinomialAutoencoder	zeros	False
0.0918367346938775	9	98	53172	off_target	net_89_11634	1	0.2	net_84_11226_net_172_10626_net_89_11634_net_76_10367	GradientShap_64_1_0.1_NegativeBinomialAutoencoder_zeros_False	GradientShap	64	1	0.1	NegativeBinomialAutoencoder	zeros	False
0.1428571428571428	14	98	66465	off_target	net_89_11634	1	0.25	net_84_11226_net_172_10626_net_89_11634_net_76_10367	GradientShap_64_1_0.1_NegativeBinomialAutoencoder_zeros_False	GradientShap	64	1	0.1	NegativeBinomialAutoencoder	zeros	False
0.8571428571428571	84	98	132931	off_target	net_89_11634	1	0.5	net_84_11226_net_172_10626_net_89_11634_net_76_10367	GradientShap_64_1_0.1_NegativeBinomialAutoencoder_zeros_False	GradientShap	64	1	0.1	NegativeBinomialAutoencoder	zeros	False
1.0	98	98	177241	off_target	net_89_11634	1	0.75	net_84_11226_net_172_10626_net_89_11634_net_76_10367	GradientShap_64_1_0.1_NegativeBinomialAutoencoder_zeros_False	GradientShap	64	1	0.1	NegativeBinomialAutoencoder	zeros	False
1.0	98	98	177241	off_target	net_89_11634	1	1.0	net_84_11226_net_172_10626_net_89_11634_net_76_10367	GradientShap_64_1_0.1_NegativeBinomialAutoencoder_zeros_False	GradientShap	64	1	0.1	NegativeBinomialAutoencoder	zeros	False
0.010204081632653	1	98	266	on_target	net_89_11634	2	0.001	net_84_11226_net_172_10626_net_89_11634_net_76_10367	GradientShap_64_1_0.1_NegativeBinomialAutoencoder_zeros_False	GradientShap	64	1	0.1	NegativeBinomialAutoencoder	zeros	False
0.0306122448979591	3	98	2659	on_target	net_89_11634	2	0.01	net_84_11226_net_172_10626_net_89_11634_net_76_10367	GradientShap_64_1_0.1_NegativeBinomialAutoencoder_zeros_False	GradientShap	64	1	0.1	NegativeBinomialAutoencoder	zeros	False
0.1122448979591836	11	98	13293	on_target	net_89_11634	2	0.05	net_84_11226_net_172_10626_net_89_11634_net_76_10367	GradientShap_64_1_0.1_NegativeBinomialAutoencoder_zeros_False	GradientShap	64	1	0.1	NegativeBinomialAutoencoder	zeros	False
0.1428571428571428	14	98	26586	on_target	net_89_11634	2	0.1	net_84_11226_net_172_10626_net_89_11634_net_76_10367	GradientShap_64_1_0.1_NegativeBinomialAutoencoder_zeros_False	GradientShap	64	1	0.1	NegativeBinomialAutoencoder	zeros	False
0.2040816326530612	20	98	53172	on_target	net_89_11634	2	0.2	net_84_11226_net_172_10626_net_89_11634_net_76_10367	GradientShap_64_1_0.1_NegativeBinomialAutoencoder_zeros_False	GradientShap	64	1	0.1	NegativeBinomialAutoencoder	zeros	False
0.4693877551020408	46	98	66465	on_target	net_89_11634	2	0.25	net_84_11226_net_172_10626_net_89_11634_net_76_10367	GradientShap_64_1_0.1_NegativeBinomialAutoencoder_zeros_False	GradientShap	64	1	0.1	NegativeBinomialAutoencoder	zeros	False
0.979591836734694	96	98	132931	on_target	net_89_11634	2	0.5	net_84_11226_net_172_10626_net_89_11634_net_76_10367	GradientShap_64_1_0.1_NegativeBinomialAutoencoder_zeros_False	GradientShap	64	1	0.1	NegativeBinomialAutoencoder	zeros	False
1.0	98	98	177241	on_target	net_89_11634	2	0.75	net_84_11226_net_172_10626_net_89_11634_net_76_10367	GradientShap_64_1_0.1_NegativeBinomialAutoencoder_zeros_False	GradientShap	64	1	0.1	NegativeBinomialAutoencoder	zeros	False
1.0	98	98	177241	on_target	net_89_11634	2	1.0	net_84_11226_net_172_10626_net_89_11634_net_76_10367	GradientShap_64_1_0.1_NegativeBinomialAutoencoder_zeros_False	GradientShap	64	1	0.1	NegativeBinomialAutoencoder	zeros	False
0.0	0	117	613	on_target	net_115_11153	0	0.001	net_115_11153_net_57_10409_net_141_11706_net_61_10737_net_70_11670_net_51_10906	GradientShap_64_1_0.1_NegativeBinomialAutoencoder_zeros_False	GradientShap	64	1	0.1	NegativeBinomialAutoencoder	zeros	False
0.2307692307692307	27	117	6126	on_target	net_115_11153	0	0.01	net_115_11153_net_57_10409_net_141_11706_net_61_10737_net_70_11670_net_51_10906	GradientShap_64_1_0.1_NegativeBinomialAutoencoder_zeros_False	GradientShap	64	1	0.1	NegativeBinomialAutoencoder	zeros	False
0.717948717948718	84	117	30628	on_target	net_115_11153	0	0.05	net_115_11153_net_57_10409_net_141_11706_net_61_10737_net_70_11670_net_51_10906	GradientShap_64_1_0.1_NegativeBinomialAutoencoder_zeros_False	GradientShap	64	1	0.1	NegativeBinomialAutoencoder	zeros	False
0.811965811965812	95	117	61256	on_target	net_115_11153	0	0.1	net_115_11153_net_57_10409_net_141_11706_net_61_10737_net_70_11670_net_51_10906	GradientShap_64_1_0.1_NegativeBinomialAutoencoder_zeros_False	GradientShap	64	1	0.1	NegativeBinomialAutoencoder	zeros	False
0.8632478632478633	101	117	122512	on_target	net_115_11153	0	0.2	net_115_11153_net_57_10409_net_141_11706_net_61_10737_net_70_11670_net_51_10906	GradientShap_64_1_0.1_NegativeBinomialAutoencoder_zeros_False	GradientShap	64	1	0.1	NegativeBinomialAutoencoder	zeros	False
0.8632478632478633	101	117	153141	on_target	net_115_11153	0	0.25	net_115_11153_net_57_10409_net_141_11706_net_61_10737_net_70_11670_net_51_10906	GradientShap_64_1_0.1_NegativeBinomialAutoencoder_zeros_False	GradientShap	64	1	0.1	NegativeBinomialAutoencoder	zeros	False
1.0	117	117	245025	on_target	net_115_11153	0	0.5	net_115_11153_net_57_10409_net_141_11706_net_61_10737_net_70_11670_net_51_10906	GradientShap_64_1_0.1_NegativeBinomialAutoencoder_zeros_False	GradientShap	64	1	0.1	NegativeBinomialAutoencoder	zeros	False
1.0	117	117	245025	on_target	net_115_11153	0	0.75	net_115_11153_net_57_10409_net_141_11706_net_61_10737_net_70_11670_net_51_10906	GradientShap_64_1_0.1_NegativeBinomialAutoencoder_zeros_False	GradientShap	64	1	0.1	NegativeBinomialAutoencoder	zeros	False
1.0	117	117	245025	on_target	net_115_11153	0	1.0	net_115_11153_net_57_10409_net_141_11706_net_61_10737_net_70_11670_net_51_10906	GradientShap_64_1_0.1_NegativeBinomialAutoencoder_zeros_False	GradientShap	64	1	0.1	NegativeBinomialAutoencoder	zeros	False
0.0	0	117	613	off_target	net_115_11153	1	0.001	net_115_11153_net_57_10409_net_141_11706_net_61_10737_net_70_11670_net_51_10906	GradientShap_64_1_0.1_NegativeBinomialAutoencoder_zeros_False	GradientShap	64	1	0.1	NegativeBinomialAutoencoder	zeros	False
0.0	0	117	6126	off_target	net_115_11153	1	0.01	net_115_11153_net_57_10409_net_141_11706_net_61_10737_net_70_11670_net_51_10906	GradientShap_64_1_0.1_NegativeBinomialAutoencoder_zeros_False	GradientShap	64	1	0.1	NegativeBinomialAutoencoder	zeros	False
0.2478632478632478	29	117	30628	off_target	net_115_11153	1	0.05	net_115_11153_net_57_10409_net_141_11706_net_61_10737_net_70_11670_net_51_10906	GradientShap_64_1_0.1_NegativeBinomialAutoencoder_zeros_False	GradientShap	64	1	0.1	NegativeBinomialAutoencoder	zeros	False
0.6153846153846154	72	117	61256	off_target	net_115_11153	1	0.1	net_115_11153_net_57_10409_net_141_11706_net_61_10737_net_70_11670_net_51_10906	GradientShap_64_1_0.1_NegativeBinomialAutoencoder_zeros_False	GradientShap	64	1	0.1	NegativeBinomialAutoencoder	zeros	False
0.8376068376068376	98	117	122512	off_target	net_115_11153	1	0.2	net_115_11153_net_57_10409_net_141_11706_net_61_10737_net_70_11670_net_51_10906	GradientShap_64_1_0.1_NegativeBinomialAutoencoder_zeros_False	GradientShap	64	1	0.1	NegativeBinomialAutoencoder	zeros	False
0.8888888888888888	104	117	153141	off_target	net_115_11153	1	0.25	net_115_11153_net_57_10409_net_141_11706_net_61_10737_net_70_11670_net_51_10906	GradientShap_64_1_0.1_NegativeBinomialAutoencoder_zeros_False	GradientShap	64	1	0.1	NegativeBinomialAutoencoder	zeros	False
1.0	117	117	245025	off_target	net_115_11153	1	0.5	net_115_11153_net_57_10409_net_141_11706_net_61_10737_net_70_11670_net_51_10906	GradientShap_64_1_0.1_NegativeBinomialAutoencoder_zeros_False	GradientShap	64	1	0.1	NegativeBinomialAutoencoder	zeros	False
1.0	117	117	245025	off_target	net_115_11153	1	0.75	net_115_11153_net_57_10409_net_141_11706_net_61_10737_net_70_11670_net_51_10906	GradientShap_64_1_0.1_NegativeBinomialAutoencoder_zeros_False	GradientShap	64	1	0.1	NegativeBinomialAutoencoder	zeros	False
1.0	117	117	245025	off_target	net_115_11153	1	1.0	net_115_11153_net_57_10409_net_141_11706_net_61_10737_net_70_11670_net_51_10906	GradientShap_64_1_0.1_NegativeBinomialAutoencoder_zeros_False	GradientShap	64	1	0.1	NegativeBinomialAutoencoder	zeros	False
0.0	0	117	613	off_target	net_115_11153	2	0.001	net_115_11153_net_57_10409_net_141_11706_net_61_10737_net_70_11670_net_51_10906	GradientShap_64_1_0.1_NegativeBinomialAutoencoder_zeros_False	GradientShap	64	1	0.1	NegativeBinomialAutoencoder	zeros	False
0.0	0	117	6126	off_target	net_115_11153	2	0.01	net_115_11153_net_57_10409_net_141_11706_net_61_10737_net_70_11670_net_51_10906	GradientShap_64_1_0.1_NegativeBinomialAutoencoder_zeros_False	GradientShap	64	1	0.1	NegativeBinomialAutoencoder	zeros	False
0.188034188034188	22	117	30628	off_target	net_115_11153	2	0.05	net_115_11153_net_57_10409_net_141_11706_net_61_10737_net_70_11670_net_51_10906	GradientShap_64_1_0.1_NegativeBinomialAutoencoder_zeros_False	GradientShap	64	1	0.1	NegativeBinomialAutoencoder	zeros	False
0.5897435897435898	69	117	61256	off_target	net_115_11153	2	0.1	net_115_11153_net_57_10409_net_141_11706_net_61_10737_net_70_11670_net_51_10906	GradientShap_64_1_0.1_NegativeBinomialAutoencoder_zeros_False	GradientShap	64	1	0.1	NegativeBinomialAutoencoder	zeros	False
0.8290598290598291	97	117	122512	off_target	net_115_11153	2	0.2	net_115_11153_net_57_10409_net_141_11706_net_61_10737_net_70_11670_net_51_10906	GradientShap_64_1_0.1_NegativeBinomialAutoencoder_zeros_False	GradientShap	64	1	0.1	NegativeBinomialAutoencoder	zeros	False
0.8803418803418803	103	117	153141	off_target	net_115_11153	2	0.25	net_115_11153_net_57_10409_net_141_11706_net_61_10737_net_70_11670_net_51_10906	GradientShap_64_1_0.1_NegativeBinomialAutoencoder_zeros_False	GradientShap	64	1	0.1	NegativeBinomialAutoencoder	zeros	False
1.0	117	117	245025	off_target	net_115_11153	2	0.5	net_115_11153_net_57_10409_net_141_11706_net_61_10737_net_70_11670_net_51_10906	GradientShap_64_1_0.1_NegativeBinomialAutoencoder_zeros_False	GradientShap	64	1	0.1	NegativeBinomialAutoencoder	zeros	False
1.0	117	117	245025	off_target	net_115_11153	2	0.75	net_115_11153_net_57_10409_net_141_11706_net_61_10737_net_70_11670_net_51_10906	GradientShap_64_1_0.1_NegativeBinomialAutoencoder_zeros_False	GradientShap	64	1	0.1	NegativeBinomialAutoencoder	zeros	False
1.0	117	117	245025	off_target	net_115_11153	2	1.0	net_115_11153_net_57_10409_net_141_11706_net_61_10737_net_70_11670_net_51_10906	GradientShap_64_1_0.1_NegativeBinomialAutoencoder_zeros_False	GradientShap	64	1	0.1	NegativeBinomialAutoencoder	zeros	False
0.0	0	117	613	off_target	net_115_11153	3	0.001	net_115_11153_net_57_10409_net_141_11706_net_61_10737_net_70_11670_net_51_10906	GradientShap_64_1_0.1_NegativeBinomialAutoencoder_zeros_False	GradientShap	64	1	0.1	NegativeBinomialAutoencoder	zeros	False
0.0	0	117	6126	off_target	net_115_11153	3	0.01	net_115_11153_net_57_10409_net_141_11706_net_61_10737_net_70_11670_net_51_10906	GradientShap_64_1_0.1_NegativeBinomialAutoencoder_zeros_False	GradientShap	64	1	0.1	NegativeBinomialAutoencoder	zeros	False
0.017094017094017	2	117	30628	off_target	net_115_11153	3	0.05	net_115_11153_net_57_10409_net_141_11706_net_61_10737_net_70_11670_net_51_10906	GradientShap_64_1_0.1_NegativeBinomialAutoencoder_zeros_False	GradientShap	64	1	0.1	NegativeBinomialAutoencoder	zeros	False
0.1538461538461538	18	117	61256	off_target	net_115_11153	3	0.1	net_115_11153_net_57_10409_net_141_11706_net_61_10737_net_70_11670_net_51_10906	GradientShap_64_1_0.1_NegativeBinomialAutoencoder_zeros_False	GradientShap	64	1	0.1	NegativeBinomialAutoencoder	zeros	False
0.6923076923076923	81	117	122512	off_target	net_115_11153	3	0.2	net_115_11153_net_57_10409_net_141_11706_net_61_10737_net_70_11670_net_51_10906	GradientShap_64_1_0.1_NegativeBinomialAutoencoder_zeros_False	GradientShap	64	1	0.1	NegativeBinomialAutoencoder	zeros	False
0.7692307692307693	90	117	153141	off_target	net_115_11153	3	0.25	net_115_11153_net_57_10409_net_141_11706_net_61_10737_net_70_11670_net_51_10906	GradientShap_64_1_0.1_NegativeBinomialAutoencoder_zeros_False	GradientShap	64	1	0.1	NegativeBinomialAutoencoder	zeros	False
1.0	117	117	245025	off_target	net_115_11153	3	0.5	net_115_11153_net_57_10409_net_141_11706_net_61_10737_net_70_11670_net_51_10906	GradientShap_64_1_0.1_NegativeBinomialAutoencoder_zeros_False	GradientShap	64	1	0.1	NegativeBinomialAutoencoder	zeros	False
1.0	117	117	245025	off_target	net_115_11153	3	0.75	net_115_11153_net_57_10409_net_141_11706_net_61_10737_net_70_11670_net_51_10906	GradientShap_64_1_0.1_NegativeBinomialAutoencoder_zeros_False	GradientShap	64	1	0.1	NegativeBinomialAutoencoder	zeros	False
1.0	117	117	245025	off_target	net_115_11153	3	1.0	net_115_11153_net_57_10409_net_141_11706_net_61_10737_net_70_11670_net_51_10906	GradientShap_64_1_0.1_NegativeBinomialAutoencoder_zeros_False	GradientShap	64	1	0.1	NegativeBinomialAutoencoder	zeros	False
0.017094017094017	2	117	613	off_target	net_115_11153	4	0.001	net_115_11153_net_57_10409_net_141_11706_net_61_10737_net_70_11670_net_51_10906	GradientShap_64_1_0.1_NegativeBinomialAutoencoder_zeros_False	GradientShap	64	1	0.1	NegativeBinomialAutoencoder	zeros	False
0.3846153846153846	45	117	6126	off_target	net_115_11153	4	0.01	net_115_11153_net_57_10409_net_141_11706_net_61_10737_net_70_11670_net_51_10906	GradientShap_64_1_0.1_NegativeBinomialAutoencoder_zeros_False	GradientShap	64	1	0.1	NegativeBinomialAutoencoder	zeros	False
0.7094017094017094	83	117	30628	off_target	net_115_11153	4	0.05	net_115_11153_net_57_10409_net_141_11706_net_61_10737_net_70_11670_net_51_10906	GradientShap_64_1_0.1_NegativeBinomialAutoencoder_zeros_False	GradientShap	64	1	0.1	NegativeBinomialAutoencoder	zeros	False
0.7948717948717948	93	117	61256	off_target	net_115_11153	4	0.1	net_115_11153_net_57_10409_net_141_11706_net_61_10737_net_70_11670_net_51_10906	GradientShap_64_1_0.1_NegativeBinomialAutoencoder_zeros_False	GradientShap	64	1	0.1	NegativeBinomialAutoencoder	zeros	False
0.8461538461538461	99	117	122512	off_target	net_115_11153	4	0.2	net_115_11153_net_57_10409_net_141_11706_net_61_10737_net_70_11670_net_51_10906	GradientShap_64_1_0.1_NegativeBinomialAutoencoder_zeros_False	GradientShap	64	1	0.1	NegativeBinomialAutoencoder	zeros	False
0.8803418803418803	103	117	153141	off_target	net_115_11153	4	0.25	net_115_11153_net_57_10409_net_141_11706_net_61_10737_net_70_11670_net_51_10906	GradientShap_64_1_0.1_NegativeBinomialAutoencoder_zeros_False	GradientShap	64	1	0.1	NegativeBinomialAutoencoder	zeros	False
1.0	117	117	245025	off_target	net_115_11153	4	0.5	net_115_11153_net_57_10409_net_141_11706_net_61_10737_net_70_11670_net_51_10906	GradientShap_64_1_0.1_NegativeBinomialAutoencoder_zeros_False	GradientShap	64	1	0.1	NegativeBinomialAutoencoder	zeros	False
1.0	117	117	245025	off_target	net_115_11153	4	0.75	net_115_11153_net_57_10409_net_141_11706_net_61_10737_net_70_11670_net_51_10906	GradientShap_64_1_0.1_NegativeBinomialAutoencoder_zeros_False	GradientShap	64	1	0.1	NegativeBinomialAutoencoder	zeros	False
1.0	117	117	245025	off_target	net_115_11153	4	1.0	net_115_11153_net_57_10409_net_141_11706_net_61_10737_net_70_11670_net_51_10906	GradientShap_64_1_0.1_NegativeBinomialAutoencoder_zeros_False	GradientShap	64	1	0.1	NegativeBinomialAutoencoder	zeros	False
0.0	0	61	613	off_target	net_57_10409	0	0.001	net_115_11153_net_57_10409_net_141_11706_net_61_10737_net_70_11670_net_51_10906	GradientShap_64_1_0.1_NegativeBinomialAutoencoder_zeros_False	GradientShap	64	1	0.1	NegativeBinomialAutoencoder	zeros	False
0.0	0	61	6126	off_target	net_57_10409	0	0.01	net_115_11153_net_57_10409_net_141_11706_net_61_10737_net_70_11670_net_51_10906	GradientShap_64_1_0.1_NegativeBinomialAutoencoder_zeros_False	GradientShap	64	1	0.1	NegativeBinomialAutoencoder	zeros	False
0.180327868852459	11	61	30628	off_target	net_57_10409	0	0.05	net_115_11153_net_57_10409_net_141_11706_net_61_10737_net_70_11670_net_51_10906	GradientShap_64_1_0.1_NegativeBinomialAutoencoder_zeros_False	GradientShap	64	1	0.1	NegativeBinomialAutoencoder	zeros	False
0.3934426229508196	24	61	61256	off_target	net_57_10409	0	0.1	net_115_11153_net_57_10409_net_141_11706_net_61_10737_net_70_11670_net_51_10906	GradientShap_64_1_0.1_NegativeBinomialAutoencoder_zeros_False	GradientShap	64	1	0.1	NegativeBinomialAutoencoder	zeros	False
0.5409836065573771	33	61	122512	off_target	net_57_10409	0	0.2	net_115_11153_net_57_10409_net_141_11706_net_61_10737_net_70_11670_net_51_10906	GradientShap_64_1_0.1_NegativeBinomialAutoencoder_zeros_False	GradientShap	64	1	0.1	NegativeBinomialAutoencoder	zeros	False
0.6557377049180327	40	61	153141	off_target	net_57_10409	0	0.25	net_115_11153_net_57_10409_net_141_11706_net_61_10737_net_70_11670_net_51_10906	GradientShap_64_1_0.1_NegativeBinomialAutoencoder_zeros_False	GradientShap	64	1	0.1	NegativeBinomialAutoencoder	zeros	False
1.0	61	61	245025	off_target	net_57_10409	0	0.5	net_115_11153_net_57_10409_net_141_11706_net_61_10737_net_70_11670_net_51_10906	GradientShap_64_1_0.1_NegativeBinomialAutoencoder_zeros_False	GradientShap	64	1	0.1	NegativeBinomialAutoencoder	zeros	False
1.0	61	61	245025	off_target	net_57_10409	0	0.75	net_115_11153_net_57_10409_net_141_11706_net_61_10737_net_70_11670_net_51_10906	GradientShap_64_1_0.1_NegativeBinomialAutoencoder_zeros_False	GradientShap	64	1	0.1	NegativeBinomialAutoencoder	zeros	False
1.0	61	61	245025	off_target	net_57_10409	0	1.0	net_115_11153_net_57_10409_net_141_11706_net_61_10737_net_70_11670_net_51_10906	GradientShap_64_1_0.1_NegativeBinomialAutoencoder_zeros_False	GradientShap	64	1	0.1	NegativeBinomialAutoencoder	zeros	False
0.0	0	61	613	on_target	net_57_10409	1	0.001	net_115_11153_net_57_10409_net_141_11706_net_61_10737_net_70_11670_net_51_10906	GradientShap_64_1_0.1_NegativeBinomialAutoencoder_zeros_False	GradientShap	64	1	0.1	NegativeBinomialAutoencoder	zeros	False
0.0	0	61	6126	on_target	net_57_10409	1	0.01	net_115_11153_net_57_10409_net_141_11706_net_61_10737_net_70_11670_net_51_10906	GradientShap_64_1_0.1_NegativeBinomialAutoencoder_zeros_False	GradientShap	64	1	0.1	NegativeBinomialAutoencoder	zeros	False
0.1967213114754098	12	61	30628	on_target	net_57_10409	1	0.05	net_115_11153_net_57_10409_net_141_11706_net_61_10737_net_70_11670_net_51_10906	GradientShap_64_1_0.1_NegativeBinomialAutoencoder_zeros_False	GradientShap	64	1	0.1	NegativeBinomialAutoencoder	zeros	False
0.2950819672131147	18	61	61256	on_target	net_57_10409	1	0.1	net_115_11153_net_57_10409_net_141_11706_net_61_10737_net_70_11670_net_51_10906	GradientShap_64_1_0.1_NegativeBinomialAutoencoder_zeros_False	GradientShap	64	1	0.1	NegativeBinomialAutoencoder	zeros	False
0.5245901639344263	32	61	122512	on_target	net_57_10409	1	0.2	net_115_11153_net_57_10409_net_141_11706_net_61_10737_net_70_11670_net_51_10906	GradientShap_64_1_0.1_NegativeBinomialAutoencoder_zeros_False	GradientShap	64	1	0.1	NegativeBinomialAutoencoder	zeros	False
0.5901639344262295	36	61	153141	on_target	net_57_10409	1	0.25	net_115_11153_net_57_10409_net_141_11706_net_61_10737_net_70_11670_net_51_10906	GradientShap_64_1_0.1_NegativeBinomialAutoencoder_zeros_False	GradientShap	64	1	0.1	NegativeBinomialAutoencoder	zeros	False
1.0	61	61	245025	on_target	net_57_10409	1	0.5	net_115_11153_net_57_10409_net_141_11706_net_61_10737_net_70_11670_net_51_10906	GradientShap_64_1_0.1_NegativeBinomialAutoencoder_zeros_False	GradientShap	64	1	0.1	NegativeBinomialAutoencoder	zeros	False
1.0	61	61	245025	on_target	net_57_10409	1	0.75	net_115_11153_net_57_10409_net_141_11706_net_61_10737_net_70_11670_net_51_10906	GradientShap_64_1_0.1_NegativeBinomialAutoencoder_zeros_False	GradientShap	64	1	0.1	NegativeBinomialAutoencoder	zeros	False
1.0	61	61	245025	on_target	net_57_10409	1	1.0	net_115_11153_net_57_10409_net_141_11706_net_61_10737_net_70_11670_net_51_10906	GradientShap_64_1_0.1_NegativeBinomialAutoencoder_zeros_False	GradientShap	64	1	0.1	NegativeBinomialAutoencoder	zeros	False
0.0	0	61	613	off_target	net_57_10409	2	0.001	net_115_11153_net_57_10409_net_141_11706_net_61_10737_net_70_11670_net_51_10906	GradientShap_64_1_0.1_NegativeBinomialAutoencoder_zeros_False	GradientShap	64	1	0.1	NegativeBinomialAutoencoder	zeros	False
0.0	0	61	6126	off_target	net_57_10409	2	0.01	net_115_11153_net_57_10409_net_141_11706_net_61_10737_net_70_11670_net_51_10906	GradientShap_64_1_0.1_NegativeBinomialAutoencoder_zeros_False	GradientShap	64	1	0.1	NegativeBinomialAutoencoder	zeros	False
0.0163934426229508	1	61	30628	off_target	net_57_10409	2	0.05	net_115_11153_net_57_10409_net_141_11706_net_61_10737_net_70_11670_net_51_10906	GradientShap_64_1_0.1_NegativeBinomialAutoencoder_zeros_False	GradientShap	64	1	0.1	NegativeBinomialAutoencoder	zeros	False
0.0327868852459016	2	61	61256	off_target	net_57_10409	2	0.1	net_115_11153_net_57_10409_net_141_11706_net_61_10737_net_70_11670_net_51_10906	GradientShap_64_1_0.1_NegativeBinomialAutoencoder_zeros_False	GradientShap	64	1	0.1	NegativeBinomialAutoencoder	zeros	False
0.1147540983606557	7	61	122512	off_target	net_57_10409	2	0.2	net_115_11153_net_57_10409_net_141_11706_net_61_10737_net_70_11670_net_51_10906	GradientShap_64_1_0.1_NegativeBinomialAutoencoder_zeros_False	GradientShap	64	1	0.1	NegativeBinomialAutoencoder	zeros	False
0.4590163934426229	28	61	153141	off_target	net_57_10409	2	0.25	net_115_11153_net_57_10409_net_141_11706_net_61_10737_net_70_11670_net_51_10906	GradientShap_64_1_0.1_NegativeBinomialAutoencoder_zeros_False	GradientShap	64	1	0.1	NegativeBinomialAutoencoder	zeros	False
1.0	61	61	245025	off_target	net_57_10409	2	0.5	net_115_11153_net_57_10409_net_141_11706_net_61_10737_net_70_11670_net_51_10906	GradientShap_64_1_0.1_NegativeBinomialAutoencoder_zeros_False	GradientShap	64	1	0.1	NegativeBinomialAutoencoder	zeros	False
1.0	61	61	245025	off_target	net_57_10409	2	0.75	net_115_11153_net_57_10409_net_141_11706_net_61_10737_net_70_11670_net_51_10906	GradientShap_64_1_0.1_NegativeBinomialAutoencoder_zeros_False	GradientShap	64	1	0.1	NegativeBinomialAutoencoder	zeros	False
1.0	61	61	245025	off_target	net_57_10409	2	1.0	net_115_11153_net_57_10409_net_141_11706_net_61_10737_net_70_11670_net_51_10906	GradientShap_64_1_0.1_NegativeBinomialAutoencoder_zeros_False	GradientShap	64	1	0.1	NegativeBinomialAutoencoder	zeros	False
0.0	0	61	613	off_target	net_57_10409	3	0.001	net_115_11153_net_57_10409_net_141_11706_net_61_10737_net_70_11670_net_51_10906	GradientShap_64_1_0.1_NegativeBinomialAutoencoder_zeros_False	GradientShap	64	1	0.1	NegativeBinomialAutoencoder	zeros	False
0.0163934426229508	1	61	6126	off_target	net_57_10409	3	0.01	net_115_11153_net_57_10409_net_141_11706_net_61_10737_net_70_11670_net_51_10906	GradientShap_64_1_0.1_NegativeBinomialAutoencoder_zeros_False	GradientShap	64	1	0.1	NegativeBinomialAutoencoder	zeros	False
0.2131147540983606	13	61	30628	off_target	net_57_10409	3	0.05	net_115_11153_net_57_10409_net_141_11706_net_61_10737_net_70_11670_net_51_10906	GradientShap_64_1_0.1_NegativeBinomialAutoencoder_zeros_False	GradientShap	64	1	0.1	NegativeBinomialAutoencoder	zeros	False
0.3114754098360656	19	61	61256	off_target	net_57_10409	3	0.1	net_115_11153_net_57_10409_net_141_11706_net_61_10737_net_70_11670_net_51_10906	GradientShap_64_1_0.1_NegativeBinomialAutoencoder_zeros_False	GradientShap	64	1	0.1	NegativeBinomialAutoencoder	zeros	False
0.5245901639344263	32	61	122512	off_target	net_57_10409	3	0.2	net_115_11153_net_57_10409_net_141_11706_net_61_10737_net_70_11670_net_51_10906	GradientShap_64_1_0.1_NegativeBinomialAutoencoder_zeros_False	GradientShap	64	1	0.1	NegativeBinomialAutoencoder	zeros	False
0.6721311475409836	41	61	153141	off_target	net_57_10409	3	0.25	net_115_11153_net_57_10409_net_141_11706_net_61_10737_net_70_11670_net_51_10906	GradientShap_64_1_0.1_NegativeBinomialAutoencoder_zeros_False	GradientShap	64	1	0.1	NegativeBinomialAutoencoder	zeros	False
1.0	61	61	245025	off_target	net_57_10409	3	0.5	net_115_11153_net_57_10409_net_141_11706_net_61_10737_net_70_11670_net_51_10906	GradientShap_64_1_0.1_NegativeBinomialAutoencoder_zeros_False	GradientShap	64	1	0.1	NegativeBinomialAutoencoder	zeros	False
1.0	61	61	245025	off_target	net_57_10409	3	0.75	net_115_11153_net_57_10409_net_141_11706_net_61_10737_net_70_11670_net_51_10906	GradientShap_64_1_0.1_NegativeBinomialAutoencoder_zeros_False	GradientShap	64	1	0.1	NegativeBinomialAutoencoder	zeros	False
1.0	61	61	245025	off_target	net_57_10409	3	1.0	net_115_11153_net_57_10409_net_141_11706_net_61_10737_net_70_11670_net_51_10906	GradientShap_64_1_0.1_NegativeBinomialAutoencoder_zeros_False	GradientShap	64	1	0.1	NegativeBinomialAutoencoder	zeros	False
0.0	0	61	613	off_target	net_57_10409	4	0.001	net_115_11153_net_57_10409_net_141_11706_net_61_10737_net_70_11670_net_51_10906	GradientShap_64_1_0.1_NegativeBinomialAutoencoder_zeros_False	GradientShap	64	1	0.1	NegativeBinomialAutoencoder	zeros	False
0.0	0	61	6126	off_target	net_57_10409	4	0.01	net_115_11153_net_57_10409_net_141_11706_net_61_10737_net_70_11670_net_51_10906	GradientShap_64_1_0.1_NegativeBinomialAutoencoder_zeros_False	GradientShap	64	1	0.1	NegativeBinomialAutoencoder	zeros	False
0.0655737704918032	4	61	30628	off_target	net_57_10409	4	0.05	net_115_11153_net_57_10409_net_141_11706_net_61_10737_net_70_11670_net_51_10906	GradientShap_64_1_0.1_NegativeBinomialAutoencoder_zeros_False	GradientShap	64	1	0.1	NegativeBinomialAutoencoder	zeros	False
0.2295081967213114	14	61	61256	off_target	net_57_10409	4	0.1	net_115_11153_net_57_10409_net_141_11706_net_61_10737_net_70_11670_net_51_10906	GradientShap_64_1_0.1_NegativeBinomialAutoencoder_zeros_False	GradientShap	64	1	0.1	NegativeBinomialAutoencoder	zeros	False
0.4426229508196721	27	61	122512	off_target	net_57_10409	4	0.2	net_115_11153_net_57_10409_net_141_11706_net_61_10737_net_70_11670_net_51_10906	GradientShap_64_1_0.1_NegativeBinomialAutoencoder_zeros_False	GradientShap	64	1	0.1	NegativeBinomialAutoencoder	zeros	False
0.5737704918032787	35	61	153141	off_target	net_57_10409	4	0.25	net_115_11153_net_57_10409_net_141_11706_net_61_10737_net_70_11670_net_51_10906	GradientShap_64_1_0.1_NegativeBinomialAutoencoder_zeros_False	GradientShap	64	1	0.1	NegativeBinomialAutoencoder	zeros	False
1.0	61	61	245025	off_target	net_57_10409	4	0.5	net_115_11153_net_57_10409_net_141_11706_net_61_10737_net_70_11670_net_51_10906	GradientShap_64_1_0.1_NegativeBinomialAutoencoder_zeros_False	GradientShap	64	1	0.1	NegativeBinomialAutoencoder	zeros	False
1.0	61	61	245025	off_target	net_57_10409	4	0.75	net_115_11153_net_57_10409_net_141_11706_net_61_10737_net_70_11670_net_51_10906	GradientShap_64_1_0.1_NegativeBinomialAutoencoder_zeros_False	GradientShap	64	1	0.1	NegativeBinomialAutoencoder	zeros	False
1.0	61	61	245025	off_target	net_57_10409	4	1.0	net_115_11153_net_57_10409_net_141_11706_net_61_10737_net_70_11670_net_51_10906	GradientShap_64_1_0.1_NegativeBinomialAutoencoder_zeros_False	GradientShap	64	1	0.1	NegativeBinomialAutoencoder	zeros	False
0.0	0	175	613	off_target	net_141_11706	0	0.001	net_115_11153_net_57_10409_net_141_11706_net_61_10737_net_70_11670_net_51_10906	GradientShap_64_1_0.1_NegativeBinomialAutoencoder_zeros_False	GradientShap	64	1	0.1	NegativeBinomialAutoencoder	zeros	False
0.0	0	175	6126	off_target	net_141_11706	0	0.01	net_115_11153_net_57_10409_net_141_11706_net_61_10737_net_70_11670_net_51_10906	GradientShap_64_1_0.1_NegativeBinomialAutoencoder_zeros_False	GradientShap	64	1	0.1	NegativeBinomialAutoencoder	zeros	False
0.0	0	175	30628	off_target	net_141_11706	0	0.05	net_115_11153_net_57_10409_net_141_11706_net_61_10737_net_70_11670_net_51_10906	GradientShap_64_1_0.1_NegativeBinomialAutoencoder_zeros_False	GradientShap	64	1	0.1	NegativeBinomialAutoencoder	zeros	False
0.0571428571428571	10	175	61256	off_target	net_141_11706	0	0.1	net_115_11153_net_57_10409_net_141_11706_net_61_10737_net_70_11670_net_51_10906	GradientShap_64_1_0.1_NegativeBinomialAutoencoder_zeros_False	GradientShap	64	1	0.1	NegativeBinomialAutoencoder	zeros	False
0.4057142857142857	71	175	122512	off_target	net_141_11706	0	0.2	net_115_11153_net_57_10409_net_141_11706_net_61_10737_net_70_11670_net_51_10906	GradientShap_64_1_0.1_NegativeBinomialAutoencoder_zeros_False	GradientShap	64	1	0.1	NegativeBinomialAutoencoder	zeros	False
0.5828571428571429	102	175	153141	off_target	net_141_11706	0	0.25	net_115_11153_net_57_10409_net_141_11706_net_61_10737_net_70_11670_net_51_10906	GradientShap_64_1_0.1_NegativeBinomialAutoencoder_zeros_False	GradientShap	64	1	0.1	NegativeBinomialAutoencoder	zeros	False
1.0	175	175	245025	off_target	net_141_11706	0	0.5	net_115_11153_net_57_10409_net_141_11706_net_61_10737_net_70_11670_net_51_10906	GradientShap_64_1_0.1_NegativeBinomialAutoencoder_zeros_False	GradientShap	64	1	0.1	NegativeBinomialAutoencoder	zeros	False
1.0	175	175	245025	off_target	net_141_11706	0	0.75	net_115_11153_net_57_10409_net_141_11706_net_61_10737_net_70_11670_net_51_10906	GradientShap_64_1_0.1_NegativeBinomialAutoencoder_zeros_False	GradientShap	64	1	0.1	NegativeBinomialAutoencoder	zeros	False
1.0	175	175	245025	off_target	net_141_11706	0	1.0	net_115_11153_net_57_10409_net_141_11706_net_61_10737_net_70_11670_net_51_10906	GradientShap_64_1_0.1_NegativeBinomialAutoencoder_zeros_False	GradientShap	64	1	0.1	NegativeBinomialAutoencoder	zeros	False
0.0	0	175	613	off_target	net_141_11706	1	0.001	net_115_11153_net_57_10409_net_141_11706_net_61_10737_net_70_11670_net_51_10906	GradientShap_64_1_0.1_NegativeBinomialAutoencoder_zeros_False	GradientShap	64	1	0.1	NegativeBinomialAutoencoder	zeros	False
0.0	0	175	6126	off_target	net_141_11706	1	0.01	net_115_11153_net_57_10409_net_141_11706_net_61_10737_net_70_11670_net_51_10906	GradientShap_64_1_0.1_NegativeBinomialAutoencoder_zeros_False	GradientShap	64	1	0.1	NegativeBinomialAutoencoder	zeros	False
0.0971428571428571	17	175	30628	off_target	net_141_11706	1	0.05	net_115_11153_net_57_10409_net_141_11706_net_61_10737_net_70_11670_net_51_10906	GradientShap_64_1_0.1_NegativeBinomialAutoencoder_zeros_False	GradientShap	64	1	0.1	NegativeBinomialAutoencoder	zeros	False
0.3085714285714285	54	175	61256	off_target	net_141_11706	1	0.1	net_115_11153_net_57_10409_net_141_11706_net_61_10737_net_70_11670_net_51_10906	GradientShap_64_1_0.1_NegativeBinomialAutoencoder_zeros_False	GradientShap	64	1	0.1	NegativeBinomialAutoencoder	zeros	False
0.6514285714285715	114	175	122512	off_target	net_141_11706	1	0.2	net_115_11153_net_57_10409_net_141_11706_net_61_10737_net_70_11670_net_51_10906	GradientShap_64_1_0.1_NegativeBinomialAutoencoder_zeros_False	GradientShap	64	1	0.1	NegativeBinomialAutoencoder	zeros	False
0.7485714285714286	131	175	153141	off_target	net_141_11706	1	0.25	net_115_11153_net_57_10409_net_141_11706_net_61_10737_net_70_11670_net_51_10906	GradientShap_64_1_0.1_NegativeBinomialAutoencoder_zeros_False	GradientShap	64	1	0.1	NegativeBinomialAutoencoder	zeros	False
1.0	175	175	245025	off_target	net_141_11706	1	0.5	net_115_11153_net_57_10409_net_141_11706_net_61_10737_net_70_11670_net_51_10906	GradientShap_64_1_0.1_NegativeBinomialAutoencoder_zeros_False	GradientShap	64	1	0.1	NegativeBinomialAutoencoder	zeros	False
1.0	175	175	245025	off_target	net_141_11706	1	0.75	net_115_11153_net_57_10409_net_141_11706_net_61_10737_net_70_11670_net_51_10906	GradientShap_64_1_0.1_NegativeBinomialAutoencoder_zeros_False	GradientShap	64	1	0.1	NegativeBinomialAutoencoder	zeros	False
1.0	175	175	245025	off_target	net_141_11706	1	1.0	net_115_11153_net_57_10409_net_141_11706_net_61_10737_net_70_11670_net_51_10906	GradientShap_64_1_0.1_NegativeBinomialAutoencoder_zeros_False	GradientShap	64	1	0.1	NegativeBinomialAutoencoder	zeros	False
0.0	0	175	613	on_target	net_141_11706	2	0.001	net_115_11153_net_57_10409_net_141_11706_net_61_10737_net_70_11670_net_51_10906	GradientShap_64_1_0.1_NegativeBinomialAutoencoder_zeros_False	GradientShap	64	1	0.1	NegativeBinomialAutoencoder	zeros	False
0.0	0	175	6126	on_target	net_141_11706	2	0.01	net_115_11153_net_57_10409_net_141_11706_net_61_10737_net_70_11670_net_51_10906	GradientShap_64_1_0.1_NegativeBinomialAutoencoder_zeros_False	GradientShap	64	1	0.1	NegativeBinomialAutoencoder	zeros	False
0.0228571428571428	4	175	30628	on_target	net_141_11706	2	0.05	net_115_11153_net_57_10409_net_141_11706_net_61_10737_net_70_11670_net_51_10906	GradientShap_64_1_0.1_NegativeBinomialAutoencoder_zeros_False	GradientShap	64	1	0.1	NegativeBinomialAutoencoder	zeros	False
0.1028571428571428	18	175	61256	on_target	net_141_11706	2	0.1	net_115_11153_net_57_10409_net_141_11706_net_61_10737_net_70_11670_net_51_10906	GradientShap_64_1_0.1_NegativeBinomialAutoencoder_zeros_False	GradientShap	64	1	0.1	NegativeBinomialAutoencoder	zeros	False
0.3885714285714285	68	175	122512	on_target	net_141_11706	2	0.2	net_115_11153_net_57_10409_net_141_11706_net_61_10737_net_70_11670_net_51_10906	GradientShap_64_1_0.1_NegativeBinomialAutoencoder_zeros_False	GradientShap	64	1	0.1	NegativeBinomialAutoencoder	zeros	False
0.5142857142857142	90	175	153141	on_target	net_141_11706	2	0.25	net_115_11153_net_57_10409_net_141_11706_net_61_10737_net_70_11670_net_51_10906	GradientShap_64_1_0.1_NegativeBinomialAutoencoder_zeros_False	GradientShap	64	1	0.1	NegativeBinomialAutoencoder	zeros	False
1.0	175	175	245025	on_target	net_141_11706	2	0.5	net_115_11153_net_57_10409_net_141_11706_net_61_10737_net_70_11670_net_51_10906	GradientShap_64_1_0.1_NegativeBinomialAutoencoder_zeros_False	GradientShap	64	1	0.1	NegativeBinomialAutoencoder	zeros	False
1.0	175	175	245025	on_target	net_141_11706	2	0.75	net_115_11153_net_57_10409_net_141_11706_net_61_10737_net_70_11670_net_51_10906	GradientShap_64_1_0.1_NegativeBinomialAutoencoder_zeros_False	GradientShap	64	1	0.1	NegativeBinomialAutoencoder	zeros	False
1.0	175	175	245025	on_target	net_141_11706	2	1.0	net_115_11153_net_57_10409_net_141_11706_net_61_10737_net_70_11670_net_51_10906	GradientShap_64_1_0.1_NegativeBinomialAutoencoder_zeros_False	GradientShap	64	1	0.1	NegativeBinomialAutoencoder	zeros	False
0.0	0	175	613	off_target	net_141_11706	3	0.001	net_115_11153_net_57_10409_net_141_11706_net_61_10737_net_70_11670_net_51_10906	GradientShap_64_1_0.1_NegativeBinomialAutoencoder_zeros_False	GradientShap	64	1	0.1	NegativeBinomialAutoencoder	zeros	False
0.0	0	175	6126	off_target	net_141_11706	3	0.01	net_115_11153_net_57_10409_net_141_11706_net_61_10737_net_70_11670_net_51_10906	GradientShap_64_1_0.1_NegativeBinomialAutoencoder_zeros_False	GradientShap	64	1	0.1	NegativeBinomialAutoencoder	zeros	False
0.0114285714285714	2	175	30628	off_target	net_141_11706	3	0.05	net_115_11153_net_57_10409_net_141_11706_net_61_10737_net_70_11670_net_51_10906	GradientShap_64_1_0.1_NegativeBinomialAutoencoder_zeros_False	GradientShap	64	1	0.1	NegativeBinomialAutoencoder	zeros	False
0.0457142857142857	8	175	61256	off_target	net_141_11706	3	0.1	net_115_11153_net_57_10409_net_141_11706_net_61_10737_net_70_11670_net_51_10906	GradientShap_64_1_0.1_NegativeBinomialAutoencoder_zeros_False	GradientShap	64	1	0.1	NegativeBinomialAutoencoder	zeros	False
0.4342857142857143	76	175	122512	off_target	net_141_11706	3	0.2	net_115_11153_net_57_10409_net_141_11706_net_61_10737_net_70_11670_net_51_10906	GradientShap_64_1_0.1_NegativeBinomialAutoencoder_zeros_False	GradientShap	64	1	0.1	NegativeBinomialAutoencoder	zeros	False
0.6	105	175	153141	off_target	net_141_11706	3	0.25	net_115_11153_net_57_10409_net_141_11706_net_61_10737_net_70_11670_net_51_10906	GradientShap_64_1_0.1_NegativeBinomialAutoencoder_zeros_False	GradientShap	64	1	0.1	NegativeBinomialAutoencoder	zeros	False
1.0	175	175	245025	off_target	net_141_11706	3	0.5	net_115_11153_net_57_10409_net_141_11706_net_61_10737_net_70_11670_net_51_10906	GradientShap_64_1_0.1_NegativeBinomialAutoencoder_zeros_False	GradientShap	64	1	0.1	NegativeBinomialAutoencoder	zeros	False
1.0	175	175	245025	off_target	net_141_11706	3	0.75	net_115_11153_net_57_10409_net_141_11706_net_61_10737_net_70_11670_net_51_10906	GradientShap_64_1_0.1_NegativeBinomialAutoencoder_zeros_False	GradientShap	64	1	0.1	NegativeBinomialAutoencoder	zeros	False
1.0	175	175	245025	off_target	net_141_11706	3	1.0	net_115_11153_net_57_10409_net_141_11706_net_61_10737_net_70_11670_net_51_10906	GradientShap_64_1_0.1_NegativeBinomialAutoencoder_zeros_False	GradientShap	64	1	0.1	NegativeBinomialAutoencoder	zeros	False
0.0	0	175	613	off_target	net_141_11706	4	0.001	net_115_11153_net_57_10409_net_141_11706_net_61_10737_net_70_11670_net_51_10906	GradientShap_64_1_0.1_NegativeBinomialAutoencoder_zeros_False	GradientShap	64	1	0.1	NegativeBinomialAutoencoder	zeros	False
0.0057142857142857	1	175	6126	off_target	net_141_11706	4	0.01	net_115_11153_net_57_10409_net_141_11706_net_61_10737_net_70_11670_net_51_10906	GradientShap_64_1_0.1_NegativeBinomialAutoencoder_zeros_False	GradientShap	64	1	0.1	NegativeBinomialAutoencoder	zeros	False
0.1257142857142857	22	175	30628	off_target	net_141_11706	4	0.05	net_115_11153_net_57_10409_net_141_11706_net_61_10737_net_70_11670_net_51_10906	GradientShap_64_1_0.1_NegativeBinomialAutoencoder_zeros_False	GradientShap	64	1	0.1	NegativeBinomialAutoencoder	zeros	False
0.2114285714285714	37	175	61256	off_target	net_141_11706	4	0.1	net_115_11153_net_57_10409_net_141_11706_net_61_10737_net_70_11670_net_51_10906	GradientShap_64_1_0.1_NegativeBinomialAutoencoder_zeros_False	GradientShap	64	1	0.1	NegativeBinomialAutoencoder	zeros	False
0.6228571428571429	109	175	122512	off_target	net_141_11706	4	0.2	net_115_11153_net_57_10409_net_141_11706_net_61_10737_net_70_11670_net_51_10906	GradientShap_64_1_0.1_NegativeBinomialAutoencoder_zeros_False	GradientShap	64	1	0.1	NegativeBinomialAutoencoder	zeros	False
0.7771428571428571	136	175	153141	off_target	net_141_11706	4	0.25	net_115_11153_net_57_10409_net_141_11706_net_61_10737_net_70_11670_net_51_10906	GradientShap_64_1_0.1_NegativeBinomialAutoencoder_zeros_False	GradientShap	64	1	0.1	NegativeBinomialAutoencoder	zeros	False
1.0	175	175	245025	off_target	net_141_11706	4	0.5	net_115_11153_net_57_10409_net_141_11706_net_61_10737_net_70_11670_net_51_10906	GradientShap_64_1_0.1_NegativeBinomialAutoencoder_zeros_False	GradientShap	64	1	0.1	NegativeBinomialAutoencoder	zeros	False
1.0	175	175	245025	off_target	net_141_11706	4	0.75	net_115_11153_net_57_10409_net_141_11706_net_61_10737_net_70_11670_net_51_10906	GradientShap_64_1_0.1_NegativeBinomialAutoencoder_zeros_False	GradientShap	64	1	0.1	NegativeBinomialAutoencoder	zeros	False
1.0	175	175	245025	off_target	net_141_11706	4	1.0	net_115_11153_net_57_10409_net_141_11706_net_61_10737_net_70_11670_net_51_10906	GradientShap_64_1_0.1_NegativeBinomialAutoencoder_zeros_False	GradientShap	64	1	0.1	NegativeBinomialAutoencoder	zeros	False
0.0	0	132	613	off_target	net_61_10737	0	0.001	net_115_11153_net_57_10409_net_141_11706_net_61_10737_net_70_11670_net_51_10906	GradientShap_64_1_0.1_NegativeBinomialAutoencoder_zeros_False	GradientShap	64	1	0.1	NegativeBinomialAutoencoder	zeros	False
0.0	0	132	6126	off_target	net_61_10737	0	0.01	net_115_11153_net_57_10409_net_141_11706_net_61_10737_net_70_11670_net_51_10906	GradientShap_64_1_0.1_NegativeBinomialAutoencoder_zeros_False	GradientShap	64	1	0.1	NegativeBinomialAutoencoder	zeros	False
0.1212121212121212	16	132	30628	off_target	net_61_10737	0	0.05	net_115_11153_net_57_10409_net_141_11706_net_61_10737_net_70_11670_net_51_10906	GradientShap_64_1_0.1_NegativeBinomialAutoencoder_zeros_False	GradientShap	64	1	0.1	NegativeBinomialAutoencoder	zeros	False
0.25	33	132	61256	off_target	net_61_10737	0	0.1	net_115_11153_net_57_10409_net_141_11706_net_61_10737_net_70_11670_net_51_10906	GradientShap_64_1_0.1_NegativeBinomialAutoencoder_zeros_False	GradientShap	64	1	0.1	NegativeBinomialAutoencoder	zeros	False
0.6136363636363636	81	132	122512	off_target	net_61_10737	0	0.2	net_115_11153_net_57_10409_net_141_11706_net_61_10737_net_70_11670_net_51_10906	GradientShap_64_1_0.1_NegativeBinomialAutoencoder_zeros_False	GradientShap	64	1	0.1	NegativeBinomialAutoencoder	zeros	False
0.7348484848484849	97	132	153141	off_target	net_61_10737	0	0.25	net_115_11153_net_57_10409_net_141_11706_net_61_10737_net_70_11670_net_51_10906	GradientShap_64_1_0.1_NegativeBinomialAutoencoder_zeros_False	GradientShap	64	1	0.1	NegativeBinomialAutoencoder	zeros	False
1.0	132	132	245025	off_target	net_61_10737	0	0.5	net_115_11153_net_57_10409_net_141_11706_net_61_10737_net_70_11670_net_51_10906	GradientShap_64_1_0.1_NegativeBinomialAutoencoder_zeros_False	GradientShap	64	1	0.1	NegativeBinomialAutoencoder	zeros	False
1.0	132	132	245025	off_target	net_61_10737	0	0.75	net_115_11153_net_57_10409_net_141_11706_net_61_10737_net_70_11670_net_51_10906	GradientShap_64_1_0.1_NegativeBinomialAutoencoder_zeros_False	GradientShap	64	1	0.1	NegativeBinomialAutoencoder	zeros	False
1.0	132	132	245025	off_target	net_61_10737	0	1.0	net_115_11153_net_57_10409_net_141_11706_net_61_10737_net_70_11670_net_51_10906	GradientShap_64_1_0.1_NegativeBinomialAutoencoder_zeros_False	GradientShap	64	1	0.1	NegativeBinomialAutoencoder	zeros	False
0.0	0	132	613	off_target	net_61_10737	1	0.001	net_115_11153_net_57_10409_net_141_11706_net_61_10737_net_70_11670_net_51_10906	GradientShap_64_1_0.1_NegativeBinomialAutoencoder_zeros_False	GradientShap	64	1	0.1	NegativeBinomialAutoencoder	zeros	False
0.0075757575757575	1	132	6126	off_target	net_61_10737	1	0.01	net_115_11153_net_57_10409_net_141_11706_net_61_10737_net_70_11670_net_51_10906	GradientShap_64_1_0.1_NegativeBinomialAutoencoder_zeros_False	GradientShap	64	1	0.1	NegativeBinomialAutoencoder	zeros	False
0.053030303030303	7	132	30628	off_target	net_61_10737	1	0.05	net_115_11153_net_57_10409_net_141_11706_net_61_10737_net_70_11670_net_51_10906	GradientShap_64_1_0.1_NegativeBinomialAutoencoder_zeros_False	GradientShap	64	1	0.1	NegativeBinomialAutoencoder	zeros	False
0.1893939393939394	25	132	61256	off_target	net_61_10737	1	0.1	net_115_11153_net_57_10409_net_141_11706_net_61_10737_net_70_11670_net_51_10906	GradientShap_64_1_0.1_NegativeBinomialAutoencoder_zeros_False	GradientShap	64	1	0.1	NegativeBinomialAutoencoder	zeros	False
0.5984848484848485	79	132	122512	off_target	net_61_10737	1	0.2	net_115_11153_net_57_10409_net_141_11706_net_61_10737_net_70_11670_net_51_10906	GradientShap_64_1_0.1_NegativeBinomialAutoencoder_zeros_False	GradientShap	64	1	0.1	NegativeBinomialAutoencoder	zeros	False
0.7196969696969697	95	132	153141	off_target	net_61_10737	1	0.25	net_115_11153_net_57_10409_net_141_11706_net_61_10737_net_70_11670_net_51_10906	GradientShap_64_1_0.1_NegativeBinomialAutoencoder_zeros_False	GradientShap	64	1	0.1	NegativeBinomialAutoencoder	zeros	False
1.0	132	132	245025	off_target	net_61_10737	1	0.5	net_115_11153_net_57_10409_net_141_11706_net_61_10737_net_70_11670_net_51_10906	GradientShap_64_1_0.1_NegativeBinomialAutoencoder_zeros_False	GradientShap	64	1	0.1	NegativeBinomialAutoencoder	zeros	False
1.0	132	132	245025	off_target	net_61_10737	1	0.75	net_115_11153_net_57_10409_net_141_11706_net_61_10737_net_70_11670_net_51_10906	GradientShap_64_1_0.1_NegativeBinomialAutoencoder_zeros_False	GradientShap	64	1	0.1	NegativeBinomialAutoencoder	zeros	False
1.0	132	132	245025	off_target	net_61_10737	1	1.0	net_115_11153_net_57_10409_net_141_11706_net_61_10737_net_70_11670_net_51_10906	GradientShap_64_1_0.1_NegativeBinomialAutoencoder_zeros_False	GradientShap	64	1	0.1	NegativeBinomialAutoencoder	zeros	False
0.0	0	132	613	off_target	net_61_10737	2	0.001	net_115_11153_net_57_10409_net_141_11706_net_61_10737_net_70_11670_net_51_10906	GradientShap_64_1_0.1_NegativeBinomialAutoencoder_zeros_False	GradientShap	64	1	0.1	NegativeBinomialAutoencoder	zeros	False
0.0378787878787878	5	132	6126	off_target	net_61_10737	2	0.01	net_115_11153_net_57_10409_net_141_11706_net_61_10737_net_70_11670_net_51_10906	GradientShap_64_1_0.1_NegativeBinomialAutoencoder_zeros_False	GradientShap	64	1	0.1	NegativeBinomialAutoencoder	zeros	False
0.2954545454545454	39	132	30628	off_target	net_61_10737	2	0.05	net_115_11153_net_57_10409_net_141_11706_net_61_10737_net_70_11670_net_51_10906	GradientShap_64_1_0.1_NegativeBinomialAutoencoder_zeros_False	GradientShap	64	1	0.1	NegativeBinomialAutoencoder	zeros	False
0.5378787878787878	71	132	61256	off_target	net_61_10737	2	0.1	net_115_11153_net_57_10409_net_141_11706_net_61_10737_net_70_11670_net_51_10906	GradientShap_64_1_0.1_NegativeBinomialAutoencoder_zeros_False	GradientShap	64	1	0.1	NegativeBinomialAutoencoder	zeros	False
0.7575757575757576	100	132	122512	off_target	net_61_10737	2	0.2	net_115_11153_net_57_10409_net_141_11706_net_61_10737_net_70_11670_net_51_10906	GradientShap_64_1_0.1_NegativeBinomialAutoencoder_zeros_False	GradientShap	64	1	0.1	NegativeBinomialAutoencoder	zeros	False
0.8636363636363636	114	132	153141	off_target	net_61_10737	2	0.25	net_115_11153_net_57_10409_net_141_11706_net_61_10737_net_70_11670_net_51_10906	GradientShap_64_1_0.1_NegativeBinomialAutoencoder_zeros_False	GradientShap	64	1	0.1	NegativeBinomialAutoencoder	zeros	False
1.0	132	132	245025	off_target	net_61_10737	2	0.5	net_115_11153_net_57_10409_net_141_11706_net_61_10737_net_70_11670_net_51_10906	GradientShap_64_1_0.1_NegativeBinomialAutoencoder_zeros_False	GradientShap	64	1	0.1	NegativeBinomialAutoencoder	zeros	False
1.0	132	132	245025	off_target	net_61_10737	2	0.75	net_115_11153_net_57_10409_net_141_11706_net_61_10737_net_70_11670_net_51_10906	GradientShap_64_1_0.1_NegativeBinomialAutoencoder_zeros_False	GradientShap	64	1	0.1	NegativeBinomialAutoencoder	zeros	False
1.0	132	132	245025	off_target	net_61_10737	2	1.0	net_115_11153_net_57_10409_net_141_11706_net_61_10737_net_70_11670_net_51_10906	GradientShap_64_1_0.1_NegativeBinomialAutoencoder_zeros_False	GradientShap	64	1	0.1	NegativeBinomialAutoencoder	zeros	False
0.0606060606060606	8	132	613	on_target	net_61_10737	3	0.001	net_115_11153_net_57_10409_net_141_11706_net_61_10737_net_70_11670_net_51_10906	GradientShap_64_1_0.1_NegativeBinomialAutoencoder_zeros_False	GradientShap	64	1	0.1	NegativeBinomialAutoencoder	zeros	False
0.1742424242424242	23	132	6126	on_target	net_61_10737	3	0.01	net_115_11153_net_57_10409_net_141_11706_net_61_10737_net_70_11670_net_51_10906	GradientShap_64_1_0.1_NegativeBinomialAutoencoder_zeros_False	GradientShap	64	1	0.1	NegativeBinomialAutoencoder	zeros	False
0.3257575757575757	43	132	30628	on_target	net_61_10737	3	0.05	net_115_11153_net_57_10409_net_141_11706_net_61_10737_net_70_11670_net_51_10906	GradientShap_64_1_0.1_NegativeBinomialAutoencoder_zeros_False	GradientShap	64	1	0.1	NegativeBinomialAutoencoder	zeros	False
0.5454545454545454	72	132	61256	on_target	net_61_10737	3	0.1	net_115_11153_net_57_10409_net_141_11706_net_61_10737_net_70_11670_net_51_10906	GradientShap_64_1_0.1_NegativeBinomialAutoencoder_zeros_False	GradientShap	64	1	0.1	NegativeBinomialAutoencoder	zeros	False
0.7878787878787878	104	132	122512	on_target	net_61_10737	3	0.2	net_115_11153_net_57_10409_net_141_11706_net_61_10737_net_70_11670_net_51_10906	GradientShap_64_1_0.1_NegativeBinomialAutoencoder_zeros_False	GradientShap	64	1	0.1	NegativeBinomialAutoencoder	zeros	False
0.8181818181818182	108	132	153141	on_target	net_61_10737	3	0.25	net_115_11153_net_57_10409_net_141_11706_net_61_10737_net_70_11670_net_51_10906	GradientShap_64_1_0.1_NegativeBinomialAutoencoder_zeros_False	GradientShap	64	1	0.1	NegativeBinomialAutoencoder	zeros	False
1.0	132	132	245025	on_target	net_61_10737	3	0.5	net_115_11153_net_57_10409_net_141_11706_net_61_10737_net_70_11670_net_51_10906	GradientShap_64_1_0.1_NegativeBinomialAutoencoder_zeros_False	GradientShap	64	1	0.1	NegativeBinomialAutoencoder	zeros	False
1.0	132	132	245025	on_target	net_61_10737	3	0.75	net_115_11153_net_57_10409_net_141_11706_net_61_10737_net_70_11670_net_51_10906	GradientShap_64_1_0.1_NegativeBinomialAutoencoder_zeros_False	GradientShap	64	1	0.1	NegativeBinomialAutoencoder	zeros	False
1.0	132	132	245025	on_target	net_61_10737	3	1.0	net_115_11153_net_57_10409_net_141_11706_net_61_10737_net_70_11670_net_51_10906	GradientShap_64_1_0.1_NegativeBinomialAutoencoder_zeros_False	GradientShap	64	1	0.1	NegativeBinomialAutoencoder	zeros	False
0.0	0	132	613	off_target	net_61_10737	4	0.001	net_115_11153_net_57_10409_net_141_11706_net_61_10737_net_70_11670_net_51_10906	GradientShap_64_1_0.1_NegativeBinomialAutoencoder_zeros_False	GradientShap	64	1	0.1	NegativeBinomialAutoencoder	zeros	False
0.0227272727272727	3	132	6126	off_target	net_61_10737	4	0.01	net_115_11153_net_57_10409_net_141_11706_net_61_10737_net_70_11670_net_51_10906	GradientShap_64_1_0.1_NegativeBinomialAutoencoder_zeros_False	GradientShap	64	1	0.1	NegativeBinomialAutoencoder	zeros	False
0.1287878787878787	17	132	30628	off_target	net_61_10737	4	0.05	net_115_11153_net_57_10409_net_141_11706_net_61_10737_net_70_11670_net_51_10906	GradientShap_64_1_0.1_NegativeBinomialAutoencoder_zeros_False	GradientShap	64	1	0.1	NegativeBinomialAutoencoder	zeros	False
0.3181818181818182	42	132	61256	off_target	net_61_10737	4	0.1	net_115_11153_net_57_10409_net_141_11706_net_61_10737_net_70_11670_net_51_10906	GradientShap_64_1_0.1_NegativeBinomialAutoencoder_zeros_False	GradientShap	64	1	0.1	NegativeBinomialAutoencoder	zeros	False
0.6893939393939394	91	132	122512	off_target	net_61_10737	4	0.2	net_115_11153_net_57_10409_net_141_11706_net_61_10737_net_70_11670_net_51_10906	GradientShap_64_1_0.1_NegativeBinomialAutoencoder_zeros_False	GradientShap	64	1	0.1	NegativeBinomialAutoencoder	zeros	False
0.7803030303030303	103	132	153141	off_target	net_61_10737	4	0.25	net_115_11153_net_57_10409_net_141_11706_net_61_10737_net_70_11670_net_51_10906	GradientShap_64_1_0.1_NegativeBinomialAutoencoder_zeros_False	GradientShap	64	1	0.1	NegativeBinomialAutoencoder	zeros	False
1.0	132	132	245025	off_target	net_61_10737	4	0.5	net_115_11153_net_57_10409_net_141_11706_net_61_10737_net_70_11670_net_51_10906	GradientShap_64_1_0.1_NegativeBinomialAutoencoder_zeros_False	GradientShap	64	1	0.1	NegativeBinomialAutoencoder	zeros	False
1.0	132	132	245025	off_target	net_61_10737	4	0.75	net_115_11153_net_57_10409_net_141_11706_net_61_10737_net_70_11670_net_51_10906	GradientShap_64_1_0.1_NegativeBinomialAutoencoder_zeros_False	GradientShap	64	1	0.1	NegativeBinomialAutoencoder	zeros	False
1.0	132	132	245025	off_target	net_61_10737	4	1.0	net_115_11153_net_57_10409_net_141_11706_net_61_10737_net_70_11670_net_51_10906	GradientShap_64_1_0.1_NegativeBinomialAutoencoder_zeros_False	GradientShap	64	1	0.1	NegativeBinomialAutoencoder	zeros	False
0.0	0	80	613	off_target	net_70_11670	0	0.001	net_115_11153_net_57_10409_net_141_11706_net_61_10737_net_70_11670_net_51_10906	GradientShap_64_1_0.1_NegativeBinomialAutoencoder_zeros_False	GradientShap	64	1	0.1	NegativeBinomialAutoencoder	zeros	False
0.0	0	80	6126	off_target	net_70_11670	0	0.01	net_115_11153_net_57_10409_net_141_11706_net_61_10737_net_70_11670_net_51_10906	GradientShap_64_1_0.1_NegativeBinomialAutoencoder_zeros_False	GradientShap	64	1	0.1	NegativeBinomialAutoencoder	zeros	False
0.05	4	80	30628	off_target	net_70_11670	0	0.05	net_115_11153_net_57_10409_net_141_11706_net_61_10737_net_70_11670_net_51_10906	GradientShap_64_1_0.1_NegativeBinomialAutoencoder_zeros_False	GradientShap	64	1	0.1	NegativeBinomialAutoencoder	zeros	False
0.125	10	80	61256	off_target	net_70_11670	0	0.1	net_115_11153_net_57_10409_net_141_11706_net_61_10737_net_70_11670_net_51_10906	GradientShap_64_1_0.1_NegativeBinomialAutoencoder_zeros_False	GradientShap	64	1	0.1	NegativeBinomialAutoencoder	zeros	False
0.475	38	80	122512	off_target	net_70_11670	0	0.2	net_115_11153_net_57_10409_net_141_11706_net_61_10737_net_70_11670_net_51_10906	GradientShap_64_1_0.1_NegativeBinomialAutoencoder_zeros_False	GradientShap	64	1	0.1	NegativeBinomialAutoencoder	zeros	False
0.65	52	80	153141	off_target	net_70_11670	0	0.25	net_115_11153_net_57_10409_net_141_11706_net_61_10737_net_70_11670_net_51_10906	GradientShap_64_1_0.1_NegativeBinomialAutoencoder_zeros_False	GradientShap	64	1	0.1	NegativeBinomialAutoencoder	zeros	False
1.0	80	80	245025	off_target	net_70_11670	0	0.5	net_115_11153_net_57_10409_net_141_11706_net_61_10737_net_70_11670_net_51_10906	GradientShap_64_1_0.1_NegativeBinomialAutoencoder_zeros_False	GradientShap	64	1	0.1	NegativeBinomialAutoencoder	zeros	False
1.0	80	80	245025	off_target	net_70_11670	0	0.75	net_115_11153_net_57_10409_net_141_11706_net_61_10737_net_70_11670_net_51_10906	GradientShap_64_1_0.1_NegativeBinomialAutoencoder_zeros_False	GradientShap	64	1	0.1	NegativeBinomialAutoencoder	zeros	False
1.0	80	80	245025	off_target	net_70_11670	0	1.0	net_115_11153_net_57_10409_net_141_11706_net_61_10737_net_70_11670_net_51_10906	GradientShap_64_1_0.1_NegativeBinomialAutoencoder_zeros_False	GradientShap	64	1	0.1	NegativeBinomialAutoencoder	zeros	False
0.0	0	80	613	off_target	net_70_11670	1	0.001	net_115_11153_net_57_10409_net_141_11706_net_61_10737_net_70_11670_net_51_10906	GradientShap_64_1_0.1_NegativeBinomialAutoencoder_zeros_False	GradientShap	64	1	0.1	NegativeBinomialAutoencoder	zeros	False
0.025	2	80	6126	off_target	net_70_11670	1	0.01	net_115_11153_net_57_10409_net_141_11706_net_61_10737_net_70_11670_net_51_10906	GradientShap_64_1_0.1_NegativeBinomialAutoencoder_zeros_False	GradientShap	64	1	0.1	NegativeBinomialAutoencoder	zeros	False
0.15	12	80	30628	off_target	net_70_11670	1	0.05	net_115_11153_net_57_10409_net_141_11706_net_61_10737_net_70_11670_net_51_10906	GradientShap_64_1_0.1_NegativeBinomialAutoencoder_zeros_False	GradientShap	64	1	0.1	NegativeBinomialAutoencoder	zeros	False
0.35	28	80	61256	off_target	net_70_11670	1	0.1	net_115_11153_net_57_10409_net_141_11706_net_61_10737_net_70_11670_net_51_10906	GradientShap_64_1_0.1_NegativeBinomialAutoencoder_zeros_False	GradientShap	64	1	0.1	NegativeBinomialAutoencoder	zeros	False
0.5875	47	80	122512	off_target	net_70_11670	1	0.2	net_115_11153_net_57_10409_net_141_11706_net_61_10737_net_70_11670_net_51_10906	GradientShap_64_1_0.1_NegativeBinomialAutoencoder_zeros_False	GradientShap	64	1	0.1	NegativeBinomialAutoencoder	zeros	False
0.675	54	80	153141	off_target	net_70_11670	1	0.25	net_115_11153_net_57_10409_net_141_11706_net_61_10737_net_70_11670_net_51_10906	GradientShap_64_1_0.1_NegativeBinomialAutoencoder_zeros_False	GradientShap	64	1	0.1	NegativeBinomialAutoencoder	zeros	False
1.0	80	80	245025	off_target	net_70_11670	1	0.5	net_115_11153_net_57_10409_net_141_11706_net_61_10737_net_70_11670_net_51_10906	GradientShap_64_1_0.1_NegativeBinomialAutoencoder_zeros_False	GradientShap	64	1	0.1	NegativeBinomialAutoencoder	zeros	False
1.0	80	80	245025	off_target	net_70_11670	1	0.75	net_115_11153_net_57_10409_net_141_11706_net_61_10737_net_70_11670_net_51_10906	GradientShap_64_1_0.1_NegativeBinomialAutoencoder_zeros_False	GradientShap	64	1	0.1	NegativeBinomialAutoencoder	zeros	False
1.0	80	80	245025	off_target	net_70_11670	1	1.0	net_115_11153_net_57_10409_net_141_11706_net_61_10737_net_70_11670_net_51_10906	GradientShap_64_1_0.1_NegativeBinomialAutoencoder_zeros_False	GradientShap	64	1	0.1	NegativeBinomialAutoencoder	zeros	False
0.0	0	80	613	off_target	net_70_11670	2	0.001	net_115_11153_net_57_10409_net_141_11706_net_61_10737_net_70_11670_net_51_10906	GradientShap_64_1_0.1_NegativeBinomialAutoencoder_zeros_False	GradientShap	64	1	0.1	NegativeBinomialAutoencoder	zeros	False
0.0	0	80	6126	off_target	net_70_11670	2	0.01	net_115_11153_net_57_10409_net_141_11706_net_61_10737_net_70_11670_net_51_10906	GradientShap_64_1_0.1_NegativeBinomialAutoencoder_zeros_False	GradientShap	64	1	0.1	NegativeBinomialAutoencoder	zeros	False
0.15	12	80	30628	off_target	net_70_11670	2	0.05	net_115_11153_net_57_10409_net_141_11706_net_61_10737_net_70_11670_net_51_10906	GradientShap_64_1_0.1_NegativeBinomialAutoencoder_zeros_False	GradientShap	64	1	0.1	NegativeBinomialAutoencoder	zeros	False
0.2875	23	80	61256	off_target	net_70_11670	2	0.1	net_115_11153_net_57_10409_net_141_11706_net_61_10737_net_70_11670_net_51_10906	GradientShap_64_1_0.1_NegativeBinomialAutoencoder_zeros_False	GradientShap	64	1	0.1	NegativeBinomialAutoencoder	zeros	False
0.5125	41	80	122512	off_target	net_70_11670	2	0.2	net_115_11153_net_57_10409_net_141_11706_net_61_10737_net_70_11670_net_51_10906	GradientShap_64_1_0.1_NegativeBinomialAutoencoder_zeros_False	GradientShap	64	1	0.1	NegativeBinomialAutoencoder	zeros	False
0.65	52	80	153141	off_target	net_70_11670	2	0.25	net_115_11153_net_57_10409_net_141_11706_net_61_10737_net_70_11670_net_51_10906	GradientShap_64_1_0.1_NegativeBinomialAutoencoder_zeros_False	GradientShap	64	1	0.1	NegativeBinomialAutoencoder	zeros	False
1.0	80	80	245025	off_target	net_70_11670	2	0.5	net_115_11153_net_57_10409_net_141_11706_net_61_10737_net_70_11670_net_51_10906	GradientShap_64_1_0.1_NegativeBinomialAutoencoder_zeros_False	GradientShap	64	1	0.1	NegativeBinomialAutoencoder	zeros	False
1.0	80	80	245025	off_target	net_70_11670	2	0.75	net_115_11153_net_57_10409_net_141_11706_net_61_10737_net_70_11670_net_51_10906	GradientShap_64_1_0.1_NegativeBinomialAutoencoder_zeros_False	GradientShap	64	1	0.1	NegativeBinomialAutoencoder	zeros	False
1.0	80	80	245025	off_target	net_70_11670	2	1.0	net_115_11153_net_57_10409_net_141_11706_net_61_10737_net_70_11670_net_51_10906	GradientShap_64_1_0.1_NegativeBinomialAutoencoder_zeros_False	GradientShap	64	1	0.1	NegativeBinomialAutoencoder	zeros	False
0.0	0	80	613	off_target	net_70_11670	3	0.001	net_115_11153_net_57_10409_net_141_11706_net_61_10737_net_70_11670_net_51_10906	GradientShap_64_1_0.1_NegativeBinomialAutoencoder_zeros_False	GradientShap	64	1	0.1	NegativeBinomialAutoencoder	zeros	False
0.0375	3	80	6126	off_target	net_70_11670	3	0.01	net_115_11153_net_57_10409_net_141_11706_net_61_10737_net_70_11670_net_51_10906	GradientShap_64_1_0.1_NegativeBinomialAutoencoder_zeros_False	GradientShap	64	1	0.1	NegativeBinomialAutoencoder	zeros	False
0.2	16	80	30628	off_target	net_70_11670	3	0.05	net_115_11153_net_57_10409_net_141_11706_net_61_10737_net_70_11670_net_51_10906	GradientShap_64_1_0.1_NegativeBinomialAutoencoder_zeros_False	GradientShap	64	1	0.1	NegativeBinomialAutoencoder	zeros	False
0.325	26	80	61256	off_target	net_70_11670	3	0.1	net_115_11153_net_57_10409_net_141_11706_net_61_10737_net_70_11670_net_51_10906	GradientShap_64_1_0.1_NegativeBinomialAutoencoder_zeros_False	GradientShap	64	1	0.1	NegativeBinomialAutoencoder	zeros	False
0.5875	47	80	122512	off_target	net_70_11670	3	0.2	net_115_11153_net_57_10409_net_141_11706_net_61_10737_net_70_11670_net_51_10906	GradientShap_64_1_0.1_NegativeBinomialAutoencoder_zeros_False	GradientShap	64	1	0.1	NegativeBinomialAutoencoder	zeros	False
0.6875	55	80	153141	off_target	net_70_11670	3	0.25	net_115_11153_net_57_10409_net_141_11706_net_61_10737_net_70_11670_net_51_10906	GradientShap_64_1_0.1_NegativeBinomialAutoencoder_zeros_False	GradientShap	64	1	0.1	NegativeBinomialAutoencoder	zeros	False
1.0	80	80	245025	off_target	net_70_11670	3	0.5	net_115_11153_net_57_10409_net_141_11706_net_61_10737_net_70_11670_net_51_10906	GradientShap_64_1_0.1_NegativeBinomialAutoencoder_zeros_False	GradientShap	64	1	0.1	NegativeBinomialAutoencoder	zeros	False
1.0	80	80	245025	off_target	net_70_11670	3	0.75	net_115_11153_net_57_10409_net_141_11706_net_61_10737_net_70_11670_net_51_10906	GradientShap_64_1_0.1_NegativeBinomialAutoencoder_zeros_False	GradientShap	64	1	0.1	NegativeBinomialAutoencoder	zeros	False
1.0	80	80	245025	off_target	net_70_11670	3	1.0	net_115_11153_net_57_10409_net_141_11706_net_61_10737_net_70_11670_net_51_10906	GradientShap_64_1_0.1_NegativeBinomialAutoencoder_zeros_False	GradientShap	64	1	0.1	NegativeBinomialAutoencoder	zeros	False
0.025	2	80	613	on_target	net_70_11670	4	0.001	net_115_11153_net_57_10409_net_141_11706_net_61_10737_net_70_11670_net_51_10906	GradientShap_64_1_0.1_NegativeBinomialAutoencoder_zeros_False	GradientShap	64	1	0.1	NegativeBinomialAutoencoder	zeros	False
0.0625	5	80	6126	on_target	net_70_11670	4	0.01	net_115_11153_net_57_10409_net_141_11706_net_61_10737_net_70_11670_net_51_10906	GradientShap_64_1_0.1_NegativeBinomialAutoencoder_zeros_False	GradientShap	64	1	0.1	NegativeBinomialAutoencoder	zeros	False
0.0875	7	80	30628	on_target	net_70_11670	4	0.05	net_115_11153_net_57_10409_net_141_11706_net_61_10737_net_70_11670_net_51_10906	GradientShap_64_1_0.1_NegativeBinomialAutoencoder_zeros_False	GradientShap	64	1	0.1	NegativeBinomialAutoencoder	zeros	False
0.15	12	80	61256	on_target	net_70_11670	4	0.1	net_115_11153_net_57_10409_net_141_11706_net_61_10737_net_70_11670_net_51_10906	GradientShap_64_1_0.1_NegativeBinomialAutoencoder_zeros_False	GradientShap	64	1	0.1	NegativeBinomialAutoencoder	zeros	False
0.4	32	80	122512	on_target	net_70_11670	4	0.2	net_115_11153_net_57_10409_net_141_11706_net_61_10737_net_70_11670_net_51_10906	GradientShap_64_1_0.1_NegativeBinomialAutoencoder_zeros_False	GradientShap	64	1	0.1	NegativeBinomialAutoencoder	zeros	False
0.5125	41	80	153141	on_target	net_70_11670	4	0.25	net_115_11153_net_57_10409_net_141_11706_net_61_10737_net_70_11670_net_51_10906	GradientShap_64_1_0.1_NegativeBinomialAutoencoder_zeros_False	GradientShap	64	1	0.1	NegativeBinomialAutoencoder	zeros	False
1.0	80	80	245025	on_target	net_70_11670	4	0.5	net_115_11153_net_57_10409_net_141_11706_net_61_10737_net_70_11670_net_51_10906	GradientShap_64_1_0.1_NegativeBinomialAutoencoder_zeros_False	GradientShap	64	1	0.1	NegativeBinomialAutoencoder	zeros	False
1.0	80	80	245025	on_target	net_70_11670	4	0.75	net_115_11153_net_57_10409_net_141_11706_net_61_10737_net_70_11670_net_51_10906	GradientShap_64_1_0.1_NegativeBinomialAutoencoder_zeros_False	GradientShap	64	1	0.1	NegativeBinomialAutoencoder	zeros	False
1.0	80	80	245025	on_target	net_70_11670	4	1.0	net_115_11153_net_57_10409_net_141_11706_net_61_10737_net_70_11670_net_51_10906	GradientShap_64_1_0.1_NegativeBinomialAutoencoder_zeros_False	GradientShap	64	1	0.1	NegativeBinomialAutoencoder	zeros	False
0.0	0	88	566	on_target	net_70_11431	0	0.001	net_70_11431_net_60_10082_net_135_11054_net_53_11196_net_74_11972_net_84_9903	GradientShap_64_1_0.1_NegativeBinomialAutoencoder_zeros_False	GradientShap	64	1	0.1	NegativeBinomialAutoencoder	zeros	False
0.0	0	88	5664	on_target	net_70_11431	0	0.01	net_70_11431_net_60_10082_net_135_11054_net_53_11196_net_74_11972_net_84_9903	GradientShap_64_1_0.1_NegativeBinomialAutoencoder_zeros_False	GradientShap	64	1	0.1	NegativeBinomialAutoencoder	zeros	False
0.125	11	88	28322	on_target	net_70_11431	0	0.05	net_70_11431_net_60_10082_net_135_11054_net_53_11196_net_74_11972_net_84_9903	GradientShap_64_1_0.1_NegativeBinomialAutoencoder_zeros_False	GradientShap	64	1	0.1	NegativeBinomialAutoencoder	zeros	False
0.375	33	88	56644	on_target	net_70_11431	0	0.1	net_70_11431_net_60_10082_net_135_11054_net_53_11196_net_74_11972_net_84_9903	GradientShap_64_1_0.1_NegativeBinomialAutoencoder_zeros_False	GradientShap	64	1	0.1	NegativeBinomialAutoencoder	zeros	False
0.625	55	88	113288	on_target	net_70_11431	0	0.2	net_70_11431_net_60_10082_net_135_11054_net_53_11196_net_74_11972_net_84_9903	GradientShap_64_1_0.1_NegativeBinomialAutoencoder_zeros_False	GradientShap	64	1	0.1	NegativeBinomialAutoencoder	zeros	False
0.7272727272727273	64	88	141610	on_target	net_70_11431	0	0.25	net_70_11431_net_60_10082_net_135_11054_net_53_11196_net_74_11972_net_84_9903	GradientShap_64_1_0.1_NegativeBinomialAutoencoder_zeros_False	GradientShap	64	1	0.1	NegativeBinomialAutoencoder	zeros	False
1.0	88	88	226576	on_target	net_70_11431	0	0.5	net_70_11431_net_60_10082_net_135_11054_net_53_11196_net_74_11972_net_84_9903	GradientShap_64_1_0.1_NegativeBinomialAutoencoder_zeros_False	GradientShap	64	1	0.1	NegativeBinomialAutoencoder	zeros	False
1.0	88	88	226576	on_target	net_70_11431	0	0.75	net_70_11431_net_60_10082_net_135_11054_net_53_11196_net_74_11972_net_84_9903	GradientShap_64_1_0.1_NegativeBinomialAutoencoder_zeros_False	GradientShap	64	1	0.1	NegativeBinomialAutoencoder	zeros	False
1.0	88	88	226576	on_target	net_70_11431	0	1.0	net_70_11431_net_60_10082_net_135_11054_net_53_11196_net_74_11972_net_84_9903	GradientShap_64_1_0.1_NegativeBinomialAutoencoder_zeros_False	GradientShap	64	1	0.1	NegativeBinomialAutoencoder	zeros	False
0.0	0	88	566	off_target	net_70_11431	1	0.001	net_70_11431_net_60_10082_net_135_11054_net_53_11196_net_74_11972_net_84_9903	GradientShap_64_1_0.1_NegativeBinomialAutoencoder_zeros_False	GradientShap	64	1	0.1	NegativeBinomialAutoencoder	zeros	False
0.0113636363636363	1	88	5664	off_target	net_70_11431	1	0.01	net_70_11431_net_60_10082_net_135_11054_net_53_11196_net_74_11972_net_84_9903	GradientShap_64_1_0.1_NegativeBinomialAutoencoder_zeros_False	GradientShap	64	1	0.1	NegativeBinomialAutoencoder	zeros	False
0.0113636363636363	1	88	28322	off_target	net_70_11431	1	0.05	net_70_11431_net_60_10082_net_135_11054_net_53_11196_net_74_11972_net_84_9903	GradientShap_64_1_0.1_NegativeBinomialAutoencoder_zeros_False	GradientShap	64	1	0.1	NegativeBinomialAutoencoder	zeros	False
0.0795454545454545	7	88	56644	off_target	net_70_11431	1	0.1	net_70_11431_net_60_10082_net_135_11054_net_53_11196_net_74_11972_net_84_9903	GradientShap_64_1_0.1_NegativeBinomialAutoencoder_zeros_False	GradientShap	64	1	0.1	NegativeBinomialAutoencoder	zeros	False
0.4431818181818182	39	88	113288	off_target	net_70_11431	1	0.2	net_70_11431_net_60_10082_net_135_11054_net_53_11196_net_74_11972_net_84_9903	GradientShap_64_1_0.1_NegativeBinomialAutoencoder_zeros_False	GradientShap	64	1	0.1	NegativeBinomialAutoencoder	zeros	False
0.6363636363636364	56	88	141610	off_target	net_70_11431	1	0.25	net_70_11431_net_60_10082_net_135_11054_net_53_11196_net_74_11972_net_84_9903	GradientShap_64_1_0.1_NegativeBinomialAutoencoder_zeros_False	GradientShap	64	1	0.1	NegativeBinomialAutoencoder	zeros	False
1.0	88	88	226576	off_target	net_70_11431	1	0.5	net_70_11431_net_60_10082_net_135_11054_net_53_11196_net_74_11972_net_84_9903	GradientShap_64_1_0.1_NegativeBinomialAutoencoder_zeros_False	GradientShap	64	1	0.1	NegativeBinomialAutoencoder	zeros	False
1.0	88	88	226576	off_target	net_70_11431	1	0.75	net_70_11431_net_60_10082_net_135_11054_net_53_11196_net_74_11972_net_84_9903	GradientShap_64_1_0.1_NegativeBinomialAutoencoder_zeros_False	GradientShap	64	1	0.1	NegativeBinomialAutoencoder	zeros	False
1.0	88	88	226576	off_target	net_70_11431	1	1.0	net_70_11431_net_60_10082_net_135_11054_net_53_11196_net_74_11972_net_84_9903	GradientShap_64_1_0.1_NegativeBinomialAutoencoder_zeros_False	GradientShap	64	1	0.1	NegativeBinomialAutoencoder	zeros	False
0.0	0	88	566	off_target	net_70_11431	2	0.001	net_70_11431_net_60_10082_net_135_11054_net_53_11196_net_74_11972_net_84_9903	GradientShap_64_1_0.1_NegativeBinomialAutoencoder_zeros_False	GradientShap	64	1	0.1	NegativeBinomialAutoencoder	zeros	False
0.0	0	88	5664	off_target	net_70_11431	2	0.01	net_70_11431_net_60_10082_net_135_11054_net_53_11196_net_74_11972_net_84_9903	GradientShap_64_1_0.1_NegativeBinomialAutoencoder_zeros_False	GradientShap	64	1	0.1	NegativeBinomialAutoencoder	zeros	False
0.1818181818181818	16	88	28322	off_target	net_70_11431	2	0.05	net_70_11431_net_60_10082_net_135_11054_net_53_11196_net_74_11972_net_84_9903	GradientShap_64_1_0.1_NegativeBinomialAutoencoder_zeros_False	GradientShap	64	1	0.1	NegativeBinomialAutoencoder	zeros	False
0.4090909090909091	36	88	56644	off_target	net_70_11431	2	0.1	net_70_11431_net_60_10082_net_135_11054_net_53_11196_net_74_11972_net_84_9903	GradientShap_64_1_0.1_NegativeBinomialAutoencoder_zeros_False	GradientShap	64	1	0.1	NegativeBinomialAutoencoder	zeros	False
0.6477272727272727	57	88	113288	off_target	net_70_11431	2	0.2	net_70_11431_net_60_10082_net_135_11054_net_53_11196_net_74_11972_net_84_9903	GradientShap_64_1_0.1_NegativeBinomialAutoencoder_zeros_False	GradientShap	64	1	0.1	NegativeBinomialAutoencoder	zeros	False
0.7386363636363636	65	88	141610	off_target	net_70_11431	2	0.25	net_70_11431_net_60_10082_net_135_11054_net_53_11196_net_74_11972_net_84_9903	GradientShap_64_1_0.1_NegativeBinomialAutoencoder_zeros_False	GradientShap	64	1	0.1	NegativeBinomialAutoencoder	zeros	False
1.0	88	88	226576	off_target	net_70_11431	2	0.5	net_70_11431_net_60_10082_net_135_11054_net_53_11196_net_74_11972_net_84_9903	GradientShap_64_1_0.1_NegativeBinomialAutoencoder_zeros_False	GradientShap	64	1	0.1	NegativeBinomialAutoencoder	zeros	False
1.0	88	88	226576	off_target	net_70_11431	2	0.75	net_70_11431_net_60_10082_net_135_11054_net_53_11196_net_74_11972_net_84_9903	GradientShap_64_1_0.1_NegativeBinomialAutoencoder_zeros_False	GradientShap	64	1	0.1	NegativeBinomialAutoencoder	zeros	False
1.0	88	88	226576	off_target	net_70_11431	2	1.0	net_70_11431_net_60_10082_net_135_11054_net_53_11196_net_74_11972_net_84_9903	GradientShap_64_1_0.1_NegativeBinomialAutoencoder_zeros_False	GradientShap	64	1	0.1	NegativeBinomialAutoencoder	zeros	False
0.0113636363636363	1	88	566	off_target	net_70_11431	3	0.001	net_70_11431_net_60_10082_net_135_11054_net_53_11196_net_74_11972_net_84_9903	GradientShap_64_1_0.1_NegativeBinomialAutoencoder_zeros_False	GradientShap	64	1	0.1	NegativeBinomialAutoencoder	zeros	False
0.1590909090909091	14	88	5664	off_target	net_70_11431	3	0.01	net_70_11431_net_60_10082_net_135_11054_net_53_11196_net_74_11972_net_84_9903	GradientShap_64_1_0.1_NegativeBinomialAutoencoder_zeros_False	GradientShap	64	1	0.1	NegativeBinomialAutoencoder	zeros	False
0.3522727272727273	31	88	28322	off_target	net_70_11431	3	0.05	net_70_11431_net_60_10082_net_135_11054_net_53_11196_net_74_11972_net_84_9903	GradientShap_64_1_0.1_NegativeBinomialAutoencoder_zeros_False	GradientShap	64	1	0.1	NegativeBinomialAutoencoder	zeros	False
0.4886363636363636	43	88	56644	off_target	net_70_11431	3	0.1	net_70_11431_net_60_10082_net_135_11054_net_53_11196_net_74_11972_net_84_9903	GradientShap_64_1_0.1_NegativeBinomialAutoencoder_zeros_False	GradientShap	64	1	0.1	NegativeBinomialAutoencoder	zeros	False
0.6931818181818182	61	88	113288	off_target	net_70_11431	3	0.2	net_70_11431_net_60_10082_net_135_11054_net_53_11196_net_74_11972_net_84_9903	GradientShap_64_1_0.1_NegativeBinomialAutoencoder_zeros_False	GradientShap	64	1	0.1	NegativeBinomialAutoencoder	zeros	False
0.7272727272727273	64	88	141610	off_target	net_70_11431	3	0.25	net_70_11431_net_60_10082_net_135_11054_net_53_11196_net_74_11972_net_84_9903	GradientShap_64_1_0.1_NegativeBinomialAutoencoder_zeros_False	GradientShap	64	1	0.1	NegativeBinomialAutoencoder	zeros	False
1.0	88	88	226576	off_target	net_70_11431	3	0.5	net_70_11431_net_60_10082_net_135_11054_net_53_11196_net_74_11972_net_84_9903	GradientShap_64_1_0.1_NegativeBinomialAutoencoder_zeros_False	GradientShap	64	1	0.1	NegativeBinomialAutoencoder	zeros	False
1.0	88	88	226576	off_target	net_70_11431	3	0.75	net_70_11431_net_60_10082_net_135_11054_net_53_11196_net_74_11972_net_84_9903	GradientShap_64_1_0.1_NegativeBinomialAutoencoder_zeros_False	GradientShap	64	1	0.1	NegativeBinomialAutoencoder	zeros	False
1.0	88	88	226576	off_target	net_70_11431	3	1.0	net_70_11431_net_60_10082_net_135_11054_net_53_11196_net_74_11972_net_84_9903	GradientShap_64_1_0.1_NegativeBinomialAutoencoder_zeros_False	GradientShap	64	1	0.1	NegativeBinomialAutoencoder	zeros	False
0.0	0	88	566	off_target	net_70_11431	4	0.001	net_70_11431_net_60_10082_net_135_11054_net_53_11196_net_74_11972_net_84_9903	GradientShap_64_1_0.1_NegativeBinomialAutoencoder_zeros_False	GradientShap	64	1	0.1	NegativeBinomialAutoencoder	zeros	False
0.0	0	88	5664	off_target	net_70_11431	4	0.01	net_70_11431_net_60_10082_net_135_11054_net_53_11196_net_74_11972_net_84_9903	GradientShap_64_1_0.1_NegativeBinomialAutoencoder_zeros_False	GradientShap	64	1	0.1	NegativeBinomialAutoencoder	zeros	False
0.0113636363636363	1	88	28322	off_target	net_70_11431	4	0.05	net_70_11431_net_60_10082_net_135_11054_net_53_11196_net_74_11972_net_84_9903	GradientShap_64_1_0.1_NegativeBinomialAutoencoder_zeros_False	GradientShap	64	1	0.1	NegativeBinomialAutoencoder	zeros	False
0.0795454545454545	7	88	56644	off_target	net_70_11431	4	0.1	net_70_11431_net_60_10082_net_135_11054_net_53_11196_net_74_11972_net_84_9903	GradientShap_64_1_0.1_NegativeBinomialAutoencoder_zeros_False	GradientShap	64	1	0.1	NegativeBinomialAutoencoder	zeros	False
0.4659090909090909	41	88	113288	off_target	net_70_11431	4	0.2	net_70_11431_net_60_10082_net_135_11054_net_53_11196_net_74_11972_net_84_9903	GradientShap_64_1_0.1_NegativeBinomialAutoencoder_zeros_False	GradientShap	64	1	0.1	NegativeBinomialAutoencoder	zeros	False
0.6590909090909091	58	88	141610	off_target	net_70_11431	4	0.25	net_70_11431_net_60_10082_net_135_11054_net_53_11196_net_74_11972_net_84_9903	GradientShap_64_1_0.1_NegativeBinomialAutoencoder_zeros_False	GradientShap	64	1	0.1	NegativeBinomialAutoencoder	zeros	False
1.0	88	88	226576	off_target	net_70_11431	4	0.5	net_70_11431_net_60_10082_net_135_11054_net_53_11196_net_74_11972_net_84_9903	GradientShap_64_1_0.1_NegativeBinomialAutoencoder_zeros_False	GradientShap	64	1	0.1	NegativeBinomialAutoencoder	zeros	False
1.0	88	88	226576	off_target	net_70_11431	4	0.75	net_70_11431_net_60_10082_net_135_11054_net_53_11196_net_74_11972_net_84_9903	GradientShap_64_1_0.1_NegativeBinomialAutoencoder_zeros_False	GradientShap	64	1	0.1	NegativeBinomialAutoencoder	zeros	False
1.0	88	88	226576	off_target	net_70_11431	4	1.0	net_70_11431_net_60_10082_net_135_11054_net_53_11196_net_74_11972_net_84_9903	GradientShap_64_1_0.1_NegativeBinomialAutoencoder_zeros_False	GradientShap	64	1	0.1	NegativeBinomialAutoencoder	zeros	False
0.0	0	104	566	off_target	net_60_10082	0	0.001	net_70_11431_net_60_10082_net_135_11054_net_53_11196_net_74_11972_net_84_9903	GradientShap_64_1_0.1_NegativeBinomialAutoencoder_zeros_False	GradientShap	64	1	0.1	NegativeBinomialAutoencoder	zeros	False
0.0192307692307692	2	104	5664	off_target	net_60_10082	0	0.01	net_70_11431_net_60_10082_net_135_11054_net_53_11196_net_74_11972_net_84_9903	GradientShap_64_1_0.1_NegativeBinomialAutoencoder_zeros_False	GradientShap	64	1	0.1	NegativeBinomialAutoencoder	zeros	False
0.1153846153846153	12	104	28322	off_target	net_60_10082	0	0.05	net_70_11431_net_60_10082_net_135_11054_net_53_11196_net_74_11972_net_84_9903	GradientShap_64_1_0.1_NegativeBinomialAutoencoder_zeros_False	GradientShap	64	1	0.1	NegativeBinomialAutoencoder	zeros	False
0.25	26	104	56644	off_target	net_60_10082	0	0.1	net_70_11431_net_60_10082_net_135_11054_net_53_11196_net_74_11972_net_84_9903	GradientShap_64_1_0.1_NegativeBinomialAutoencoder_zeros_False	GradientShap	64	1	0.1	NegativeBinomialAutoencoder	zeros	False
0.5	52	104	113288	off_target	net_60_10082	0	0.2	net_70_11431_net_60_10082_net_135_11054_net_53_11196_net_74_11972_net_84_9903	GradientShap_64_1_0.1_NegativeBinomialAutoencoder_zeros_False	GradientShap	64	1	0.1	NegativeBinomialAutoencoder	zeros	False
0.6730769230769231	70	104	141610	off_target	net_60_10082	0	0.25	net_70_11431_net_60_10082_net_135_11054_net_53_11196_net_74_11972_net_84_9903	GradientShap_64_1_0.1_NegativeBinomialAutoencoder_zeros_False	GradientShap	64	1	0.1	NegativeBinomialAutoencoder	zeros	False
1.0	104	104	226576	off_target	net_60_10082	0	0.5	net_70_11431_net_60_10082_net_135_11054_net_53_11196_net_74_11972_net_84_9903	GradientShap_64_1_0.1_NegativeBinomialAutoencoder_zeros_False	GradientShap	64	1	0.1	NegativeBinomialAutoencoder	zeros	False
1.0	104	104	226576	off_target	net_60_10082	0	0.75	net_70_11431_net_60_10082_net_135_11054_net_53_11196_net_74_11972_net_84_9903	GradientShap_64_1_0.1_NegativeBinomialAutoencoder_zeros_False	GradientShap	64	1	0.1	NegativeBinomialAutoencoder	zeros	False
1.0	104	104	226576	off_target	net_60_10082	0	1.0	net_70_11431_net_60_10082_net_135_11054_net_53_11196_net_74_11972_net_84_9903	GradientShap_64_1_0.1_NegativeBinomialAutoencoder_zeros_False	GradientShap	64	1	0.1	NegativeBinomialAutoencoder	zeros	False
0.0	0	104	566	on_target	net_60_10082	1	0.001	net_70_11431_net_60_10082_net_135_11054_net_53_11196_net_74_11972_net_84_9903	GradientShap_64_1_0.1_NegativeBinomialAutoencoder_zeros_False	GradientShap	64	1	0.1	NegativeBinomialAutoencoder	zeros	False
0.0384615384615384	4	104	5664	on_target	net_60_10082	1	0.01	net_70_11431_net_60_10082_net_135_11054_net_53_11196_net_74_11972_net_84_9903	GradientShap_64_1_0.1_NegativeBinomialAutoencoder_zeros_False	GradientShap	64	1	0.1	NegativeBinomialAutoencoder	zeros	False
0.1923076923076923	20	104	28322	on_target	net_60_10082	1	0.05	net_70_11431_net_60_10082_net_135_11054_net_53_11196_net_74_11972_net_84_9903	GradientShap_64_1_0.1_NegativeBinomialAutoencoder_zeros_False	GradientShap	64	1	0.1	NegativeBinomialAutoencoder	zeros	False
0.3076923076923077	32	104	56644	on_target	net_60_10082	1	0.1	net_70_11431_net_60_10082_net_135_11054_net_53_11196_net_74_11972_net_84_9903	GradientShap_64_1_0.1_NegativeBinomialAutoencoder_zeros_False	GradientShap	64	1	0.1	NegativeBinomialAutoencoder	zeros	False
0.5	52	104	113288	on_target	net_60_10082	1	0.2	net_70_11431_net_60_10082_net_135_11054_net_53_11196_net_74_11972_net_84_9903	GradientShap_64_1_0.1_NegativeBinomialAutoencoder_zeros_False	GradientShap	64	1	0.1	NegativeBinomialAutoencoder	zeros	False
0.6538461538461539	68	104	141610	on_target	net_60_10082	1	0.25	net_70_11431_net_60_10082_net_135_11054_net_53_11196_net_74_11972_net_84_9903	GradientShap_64_1_0.1_NegativeBinomialAutoencoder_zeros_False	GradientShap	64	1	0.1	NegativeBinomialAutoencoder	zeros	False
1.0	104	104	226576	on_target	net_60_10082	1	0.5	net_70_11431_net_60_10082_net_135_11054_net_53_11196_net_74_11972_net_84_9903	GradientShap_64_1_0.1_NegativeBinomialAutoencoder_zeros_False	GradientShap	64	1	0.1	NegativeBinomialAutoencoder	zeros	False
1.0	104	104	226576	on_target	net_60_10082	1	0.75	net_70_11431_net_60_10082_net_135_11054_net_53_11196_net_74_11972_net_84_9903	GradientShap_64_1_0.1_NegativeBinomialAutoencoder_zeros_False	GradientShap	64	1	0.1	NegativeBinomialAutoencoder	zeros	False
1.0	104	104	226576	on_target	net_60_10082	1	1.0	net_70_11431_net_60_10082_net_135_11054_net_53_11196_net_74_11972_net_84_9903	GradientShap_64_1_0.1_NegativeBinomialAutoencoder_zeros_False	GradientShap	64	1	0.1	NegativeBinomialAutoencoder	zeros	False
0.0	0	104	566	off_target	net_60_10082	2	0.001	net_70_11431_net_60_10082_net_135_11054_net_53_11196_net_74_11972_net_84_9903	GradientShap_64_1_0.1_NegativeBinomialAutoencoder_zeros_False	GradientShap	64	1	0.1	NegativeBinomialAutoencoder	zeros	False
0.0	0	104	5664	off_target	net_60_10082	2	0.01	net_70_11431_net_60_10082_net_135_11054_net_53_11196_net_74_11972_net_84_9903	GradientShap_64_1_0.1_NegativeBinomialAutoencoder_zeros_False	GradientShap	64	1	0.1	NegativeBinomialAutoencoder	zeros	False
0.0192307692307692	2	104	28322	off_target	net_60_10082	2	0.05	net_70_11431_net_60_10082_net_135_11054_net_53_11196_net_74_11972_net_84_9903	GradientShap_64_1_0.1_NegativeBinomialAutoencoder_zeros_False	GradientShap	64	1	0.1	NegativeBinomialAutoencoder	zeros	False
0.1153846153846153	12	104	56644	off_target	net_60_10082	2	0.1	net_70_11431_net_60_10082_net_135_11054_net_53_11196_net_74_11972_net_84_9903	GradientShap_64_1_0.1_NegativeBinomialAutoencoder_zeros_False	GradientShap	64	1	0.1	NegativeBinomialAutoencoder	zeros	False
0.4423076923076923	46	104	113288	off_target	net_60_10082	2	0.2	net_70_11431_net_60_10082_net_135_11054_net_53_11196_net_74_11972_net_84_9903	GradientShap_64_1_0.1_NegativeBinomialAutoencoder_zeros_False	GradientShap	64	1	0.1	NegativeBinomialAutoencoder	zeros	False
0.6442307692307693	67	104	141610	off_target	net_60_10082	2	0.25	net_70_11431_net_60_10082_net_135_11054_net_53_11196_net_74_11972_net_84_9903	GradientShap_64_1_0.1_NegativeBinomialAutoencoder_zeros_False	GradientShap	64	1	0.1	NegativeBinomialAutoencoder	zeros	False
1.0	104	104	226576	off_target	net_60_10082	2	0.5	net_70_11431_net_60_10082_net_135_11054_net_53_11196_net_74_11972_net_84_9903	GradientShap_64_1_0.1_NegativeBinomialAutoencoder_zeros_False	GradientShap	64	1	0.1	NegativeBinomialAutoencoder	zeros	False
1.0	104	104	226576	off_target	net_60_10082	2	0.75	net_70_11431_net_60_10082_net_135_11054_net_53_11196_net_74_11972_net_84_9903	GradientShap_64_1_0.1_NegativeBinomialAutoencoder_zeros_False	GradientShap	64	1	0.1	NegativeBinomialAutoencoder	zeros	False
1.0	104	104	226576	off_target	net_60_10082	2	1.0	net_70_11431_net_60_10082_net_135_11054_net_53_11196_net_74_11972_net_84_9903	GradientShap_64_1_0.1_NegativeBinomialAutoencoder_zeros_False	GradientShap	64	1	0.1	NegativeBinomialAutoencoder	zeros	False
0.0096153846153846	1	104	566	off_target	net_60_10082	3	0.001	net_70_11431_net_60_10082_net_135_11054_net_53_11196_net_74_11972_net_84_9903	GradientShap_64_1_0.1_NegativeBinomialAutoencoder_zeros_False	GradientShap	64	1	0.1	NegativeBinomialAutoencoder	zeros	False
0.048076923076923	5	104	5664	off_target	net_60_10082	3	0.01	net_70_11431_net_60_10082_net_135_11054_net_53_11196_net_74_11972_net_84_9903	GradientShap_64_1_0.1_NegativeBinomialAutoencoder_zeros_False	GradientShap	64	1	0.1	NegativeBinomialAutoencoder	zeros	False
0.1826923076923076	19	104	28322	off_target	net_60_10082	3	0.05	net_70_11431_net_60_10082_net_135_11054_net_53_11196_net_74_11972_net_84_9903	GradientShap_64_1_0.1_NegativeBinomialAutoencoder_zeros_False	GradientShap	64	1	0.1	NegativeBinomialAutoencoder	zeros	False
0.2788461538461538	29	104	56644	off_target	net_60_10082	3	0.1	net_70_11431_net_60_10082_net_135_11054_net_53_11196_net_74_11972_net_84_9903	GradientShap_64_1_0.1_NegativeBinomialAutoencoder_zeros_False	GradientShap	64	1	0.1	NegativeBinomialAutoencoder	zeros	False
0.5384615384615384	56	104	113288	off_target	net_60_10082	3	0.2	net_70_11431_net_60_10082_net_135_11054_net_53_11196_net_74_11972_net_84_9903	GradientShap_64_1_0.1_NegativeBinomialAutoencoder_zeros_False	GradientShap	64	1	0.1	NegativeBinomialAutoencoder	zeros	False
0.6634615384615384	69	104	141610	off_target	net_60_10082	3	0.25	net_70_11431_net_60_10082_net_135_11054_net_53_11196_net_74_11972_net_84_9903	GradientShap_64_1_0.1_NegativeBinomialAutoencoder_zeros_False	GradientShap	64	1	0.1	NegativeBinomialAutoencoder	zeros	False
1.0	104	104	226576	off_target	net_60_10082	3	0.5	net_70_11431_net_60_10082_net_135_11054_net_53_11196_net_74_11972_net_84_9903	GradientShap_64_1_0.1_NegativeBinomialAutoencoder_zeros_False	GradientShap	64	1	0.1	NegativeBinomialAutoencoder	zeros	False
1.0	104	104	226576	off_target	net_60_10082	3	0.75	net_70_11431_net_60_10082_net_135_11054_net_53_11196_net_74_11972_net_84_9903	GradientShap_64_1_0.1_NegativeBinomialAutoencoder_zeros_False	GradientShap	64	1	0.1	NegativeBinomialAutoencoder	zeros	False
1.0	104	104	226576	off_target	net_60_10082	3	1.0	net_70_11431_net_60_10082_net_135_11054_net_53_11196_net_74_11972_net_84_9903	GradientShap_64_1_0.1_NegativeBinomialAutoencoder_zeros_False	GradientShap	64	1	0.1	NegativeBinomialAutoencoder	zeros	False
0.0	0	104	566	off_target	net_60_10082	4	0.001	net_70_11431_net_60_10082_net_135_11054_net_53_11196_net_74_11972_net_84_9903	GradientShap_64_1_0.1_NegativeBinomialAutoencoder_zeros_False	GradientShap	64	1	0.1	NegativeBinomialAutoencoder	zeros	False
0.0096153846153846	1	104	5664	off_target	net_60_10082	4	0.01	net_70_11431_net_60_10082_net_135_11054_net_53_11196_net_74_11972_net_84_9903	GradientShap_64_1_0.1_NegativeBinomialAutoencoder_zeros_False	GradientShap	64	1	0.1	NegativeBinomialAutoencoder	zeros	False
0.2692307692307692	28	104	28322	off_target	net_60_10082	4	0.05	net_70_11431_net_60_10082_net_135_11054_net_53_11196_net_74_11972_net_84_9903	GradientShap_64_1_0.1_NegativeBinomialAutoencoder_zeros_False	GradientShap	64	1	0.1	NegativeBinomialAutoencoder	zeros	False
0.4134615384615384	43	104	56644	off_target	net_60_10082	4	0.1	net_70_11431_net_60_10082_net_135_11054_net_53_11196_net_74_11972_net_84_9903	GradientShap_64_1_0.1_NegativeBinomialAutoencoder_zeros_False	GradientShap	64	1	0.1	NegativeBinomialAutoencoder	zeros	False
0.6826923076923077	71	104	113288	off_target	net_60_10082	4	0.2	net_70_11431_net_60_10082_net_135_11054_net_53_11196_net_74_11972_net_84_9903	GradientShap_64_1_0.1_NegativeBinomialAutoencoder_zeros_False	GradientShap	64	1	0.1	NegativeBinomialAutoencoder	zeros	False
0.7596153846153846	79	104	141610	off_target	net_60_10082	4	0.25	net_70_11431_net_60_10082_net_135_11054_net_53_11196_net_74_11972_net_84_9903	GradientShap_64_1_0.1_NegativeBinomialAutoencoder_zeros_False	GradientShap	64	1	0.1	NegativeBinomialAutoencoder	zeros	False
1.0	104	104	226576	off_target	net_60_10082	4	0.5	net_70_11431_net_60_10082_net_135_11054_net_53_11196_net_74_11972_net_84_9903	GradientShap_64_1_0.1_NegativeBinomialAutoencoder_zeros_False	GradientShap	64	1	0.1	NegativeBinomialAutoencoder	zeros	False
1.0	104	104	226576	off_target	net_60_10082	4	0.75	net_70_11431_net_60_10082_net_135_11054_net_53_11196_net_74_11972_net_84_9903	GradientShap_64_1_0.1_NegativeBinomialAutoencoder_zeros_False	GradientShap	64	1	0.1	NegativeBinomialAutoencoder	zeros	False
1.0	104	104	226576	off_target	net_60_10082	4	1.0	net_70_11431_net_60_10082_net_135_11054_net_53_11196_net_74_11972_net_84_9903	GradientShap_64_1_0.1_NegativeBinomialAutoencoder_zeros_False	GradientShap	64	1	0.1	NegativeBinomialAutoencoder	zeros	False
0.0	0	264	566	off_target	net_135_11054	0	0.001	net_70_11431_net_60_10082_net_135_11054_net_53_11196_net_74_11972_net_84_9903	GradientShap_64_1_0.1_NegativeBinomialAutoencoder_zeros_False	GradientShap	64	1	0.1	NegativeBinomialAutoencoder	zeros	False
0.0	0	264	5664	off_target	net_135_11054	0	0.01	net_70_11431_net_60_10082_net_135_11054_net_53_11196_net_74_11972_net_84_9903	GradientShap_64_1_0.1_NegativeBinomialAutoencoder_zeros_False	GradientShap	64	1	0.1	NegativeBinomialAutoencoder	zeros	False
0.0833333333333333	22	264	28322	off_target	net_135_11054	0	0.05	net_70_11431_net_60_10082_net_135_11054_net_53_11196_net_74_11972_net_84_9903	GradientShap_64_1_0.1_NegativeBinomialAutoencoder_zeros_False	GradientShap	64	1	0.1	NegativeBinomialAutoencoder	zeros	False
0.2045454545454545	54	264	56644	off_target	net_135_11054	0	0.1	net_70_11431_net_60_10082_net_135_11054_net_53_11196_net_74_11972_net_84_9903	GradientShap_64_1_0.1_NegativeBinomialAutoencoder_zeros_False	GradientShap	64	1	0.1	NegativeBinomialAutoencoder	zeros	False
0.4962121212121212	131	264	113288	off_target	net_135_11054	0	0.2	net_70_11431_net_60_10082_net_135_11054_net_53_11196_net_74_11972_net_84_9903	GradientShap_64_1_0.1_NegativeBinomialAutoencoder_zeros_False	GradientShap	64	1	0.1	NegativeBinomialAutoencoder	zeros	False
0.6477272727272727	171	264	141610	off_target	net_135_11054	0	0.25	net_70_11431_net_60_10082_net_135_11054_net_53_11196_net_74_11972_net_84_9903	GradientShap_64_1_0.1_NegativeBinomialAutoencoder_zeros_False	GradientShap	64	1	0.1	NegativeBinomialAutoencoder	zeros	False
1.0	264	264	226576	off_target	net_135_11054	0	0.5	net_70_11431_net_60_10082_net_135_11054_net_53_11196_net_74_11972_net_84_9903	GradientShap_64_1_0.1_NegativeBinomialAutoencoder_zeros_False	GradientShap	64	1	0.1	NegativeBinomialAutoencoder	zeros	False
1.0	264	264	226576	off_target	net_135_11054	0	0.75	net_70_11431_net_60_10082_net_135_11054_net_53_11196_net_74_11972_net_84_9903	GradientShap_64_1_0.1_NegativeBinomialAutoencoder_zeros_False	GradientShap	64	1	0.1	NegativeBinomialAutoencoder	zeros	False
1.0	264	264	226576	off_target	net_135_11054	0	1.0	net_70_11431_net_60_10082_net_135_11054_net_53_11196_net_74_11972_net_84_9903	GradientShap_64_1_0.1_NegativeBinomialAutoencoder_zeros_False	GradientShap	64	1	0.1	NegativeBinomialAutoencoder	zeros	False
0.0	0	264	566	off_target	net_135_11054	1	0.001	net_70_11431_net_60_10082_net_135_11054_net_53_11196_net_74_11972_net_84_9903	GradientShap_64_1_0.1_NegativeBinomialAutoencoder_zeros_False	GradientShap	64	1	0.1	NegativeBinomialAutoencoder	zeros	False
0.0265151515151515	7	264	5664	off_target	net_135_11054	1	0.01	net_70_11431_net_60_10082_net_135_11054_net_53_11196_net_74_11972_net_84_9903	GradientShap_64_1_0.1_NegativeBinomialAutoencoder_zeros_False	GradientShap	64	1	0.1	NegativeBinomialAutoencoder	zeros	False
0.0984848484848484	26	264	28322	off_target	net_135_11054	1	0.05	net_70_11431_net_60_10082_net_135_11054_net_53_11196_net_74_11972_net_84_9903	GradientShap_64_1_0.1_NegativeBinomialAutoencoder_zeros_False	GradientShap	64	1	0.1	NegativeBinomialAutoencoder	zeros	False
0.1969696969696969	52	264	56644	off_target	net_135_11054	1	0.1	net_70_11431_net_60_10082_net_135_11054_net_53_11196_net_74_11972_net_84_9903	GradientShap_64_1_0.1_NegativeBinomialAutoencoder_zeros_False	GradientShap	64	1	0.1	NegativeBinomialAutoencoder	zeros	False
0.4469696969696969	118	264	113288	off_target	net_135_11054	1	0.2	net_70_11431_net_60_10082_net_135_11054_net_53_11196_net_74_11972_net_84_9903	GradientShap_64_1_0.1_NegativeBinomialAutoencoder_zeros_False	GradientShap	64	1	0.1	NegativeBinomialAutoencoder	zeros	False
0.5568181818181818	147	264	141610	off_target	net_135_11054	1	0.25	net_70_11431_net_60_10082_net_135_11054_net_53_11196_net_74_11972_net_84_9903	GradientShap_64_1_0.1_NegativeBinomialAutoencoder_zeros_False	GradientShap	64	1	0.1	NegativeBinomialAutoencoder	zeros	False
1.0	264	264	226576	off_target	net_135_11054	1	0.5	net_70_11431_net_60_10082_net_135_11054_net_53_11196_net_74_11972_net_84_9903	GradientShap_64_1_0.1_NegativeBinomialAutoencoder_zeros_False	GradientShap	64	1	0.1	NegativeBinomialAutoencoder	zeros	False
1.0	264	264	226576	off_target	net_135_11054	1	0.75	net_70_11431_net_60_10082_net_135_11054_net_53_11196_net_74_11972_net_84_9903	GradientShap_64_1_0.1_NegativeBinomialAutoencoder_zeros_False	GradientShap	64	1	0.1	NegativeBinomialAutoencoder	zeros	False
1.0	264	264	226576	off_target	net_135_11054	1	1.0	net_70_11431_net_60_10082_net_135_11054_net_53_11196_net_74_11972_net_84_9903	GradientShap_64_1_0.1_NegativeBinomialAutoencoder_zeros_False	GradientShap	64	1	0.1	NegativeBinomialAutoencoder	zeros	False
0.0	0	264	566	on_target	net_135_11054	2	0.001	net_70_11431_net_60_10082_net_135_11054_net_53_11196_net_74_11972_net_84_9903	GradientShap_64_1_0.1_NegativeBinomialAutoencoder_zeros_False	GradientShap	64	1	0.1	NegativeBinomialAutoencoder	zeros	False
0.0303030303030303	8	264	5664	on_target	net_135_11054	2	0.01	net_70_11431_net_60_10082_net_135_11054_net_53_11196_net_74_11972_net_84_9903	GradientShap_64_1_0.1_NegativeBinomialAutoencoder_zeros_False	GradientShap	64	1	0.1	NegativeBinomialAutoencoder	zeros	False
0.1590909090909091	42	264	28322	on_target	net_135_11054	2	0.05	net_70_11431_net_60_10082_net_135_11054_net_53_11196_net_74_11972_net_84_9903	GradientShap_64_1_0.1_NegativeBinomialAutoencoder_zeros_False	GradientShap	64	1	0.1	NegativeBinomialAutoencoder	zeros	False
0.2234848484848484	59	264	56644	on_target	net_135_11054	2	0.1	net_70_11431_net_60_10082_net_135_11054_net_53_11196_net_74_11972_net_84_9903	GradientShap_64_1_0.1_NegativeBinomialAutoencoder_zeros_False	GradientShap	64	1	0.1	NegativeBinomialAutoencoder	zeros	False
0.4583333333333333	121	264	113288	on_target	net_135_11054	2	0.2	net_70_11431_net_60_10082_net_135_11054_net_53_11196_net_74_11972_net_84_9903	GradientShap_64_1_0.1_NegativeBinomialAutoencoder_zeros_False	GradientShap	64	1	0.1	NegativeBinomialAutoencoder	zeros	False
0.5643939393939394	149	264	141610	on_target	net_135_11054	2	0.25	net_70_11431_net_60_10082_net_135_11054_net_53_11196_net_74_11972_net_84_9903	GradientShap_64_1_0.1_NegativeBinomialAutoencoder_zeros_False	GradientShap	64	1	0.1	NegativeBinomialAutoencoder	zeros	False
1.0	264	264	226576	on_target	net_135_11054	2	0.5	net_70_11431_net_60_10082_net_135_11054_net_53_11196_net_74_11972_net_84_9903	GradientShap_64_1_0.1_NegativeBinomialAutoencoder_zeros_False	GradientShap	64	1	0.1	NegativeBinomialAutoencoder	zeros	False
1.0	264	264	226576	on_target	net_135_11054	2	0.75	net_70_11431_net_60_10082_net_135_11054_net_53_11196_net_74_11972_net_84_9903	GradientShap_64_1_0.1_NegativeBinomialAutoencoder_zeros_False	GradientShap	64	1	0.1	NegativeBinomialAutoencoder	zeros	False
1.0	264	264	226576	on_target	net_135_11054	2	1.0	net_70_11431_net_60_10082_net_135_11054_net_53_11196_net_74_11972_net_84_9903	GradientShap_64_1_0.1_NegativeBinomialAutoencoder_zeros_False	GradientShap	64	1	0.1	NegativeBinomialAutoencoder	zeros	False
0.0	0	264	566	off_target	net_135_11054	3	0.001	net_70_11431_net_60_10082_net_135_11054_net_53_11196_net_74_11972_net_84_9903	GradientShap_64_1_0.1_NegativeBinomialAutoencoder_zeros_False	GradientShap	64	1	0.1	NegativeBinomialAutoencoder	zeros	False
0.0189393939393939	5	264	5664	off_target	net_135_11054	3	0.01	net_70_11431_net_60_10082_net_135_11054_net_53_11196_net_74_11972_net_84_9903	GradientShap_64_1_0.1_NegativeBinomialAutoencoder_zeros_False	GradientShap	64	1	0.1	NegativeBinomialAutoencoder	zeros	False
0.2159090909090909	57	264	28322	off_target	net_135_11054	3	0.05	net_70_11431_net_60_10082_net_135_11054_net_53_11196_net_74_11972_net_84_9903	GradientShap_64_1_0.1_NegativeBinomialAutoencoder_zeros_False	GradientShap	64	1	0.1	NegativeBinomialAutoencoder	zeros	False
0.4431818181818182	117	264	56644	off_target	net_135_11054	3	0.1	net_70_11431_net_60_10082_net_135_11054_net_53_11196_net_74_11972_net_84_9903	GradientShap_64_1_0.1_NegativeBinomialAutoencoder_zeros_False	GradientShap	64	1	0.1	NegativeBinomialAutoencoder	zeros	False
0.6818181818181818	180	264	113288	off_target	net_135_11054	3	0.2	net_70_11431_net_60_10082_net_135_11054_net_53_11196_net_74_11972_net_84_9903	GradientShap_64_1_0.1_NegativeBinomialAutoencoder_zeros_False	GradientShap	64	1	0.1	NegativeBinomialAutoencoder	zeros	False
0.75	198	264	141610	off_target	net_135_11054	3	0.25	net_70_11431_net_60_10082_net_135_11054_net_53_11196_net_74_11972_net_84_9903	GradientShap_64_1_0.1_NegativeBinomialAutoencoder_zeros_False	GradientShap	64	1	0.1	NegativeBinomialAutoencoder	zeros	False
1.0	264	264	226576	off_target	net_135_11054	3	0.5	net_70_11431_net_60_10082_net_135_11054_net_53_11196_net_74_11972_net_84_9903	GradientShap_64_1_0.1_NegativeBinomialAutoencoder_zeros_False	GradientShap	64	1	0.1	NegativeBinomialAutoencoder	zeros	False
1.0	264	264	226576	off_target	net_135_11054	3	0.75	net_70_11431_net_60_10082_net_135_11054_net_53_11196_net_74_11972_net_84_9903	GradientShap_64_1_0.1_NegativeBinomialAutoencoder_zeros_False	GradientShap	64	1	0.1	NegativeBinomialAutoencoder	zeros	False
1.0	264	264	226576	off_target	net_135_11054	3	1.0	net_70_11431_net_60_10082_net_135_11054_net_53_11196_net_74_11972_net_84_9903	GradientShap_64_1_0.1_NegativeBinomialAutoencoder_zeros_False	GradientShap	64	1	0.1	NegativeBinomialAutoencoder	zeros	False
0.0	0	264	566	off_target	net_135_11054	4	0.001	net_70_11431_net_60_10082_net_135_11054_net_53_11196_net_74_11972_net_84_9903	GradientShap_64_1_0.1_NegativeBinomialAutoencoder_zeros_False	GradientShap	64	1	0.1	NegativeBinomialAutoencoder	zeros	False
0.0037878787878787	1	264	5664	off_target	net_135_11054	4	0.01	net_70_11431_net_60_10082_net_135_11054_net_53_11196_net_74_11972_net_84_9903	GradientShap_64_1_0.1_NegativeBinomialAutoencoder_zeros_False	GradientShap	64	1	0.1	NegativeBinomialAutoencoder	zeros	False
0.0833333333333333	22	264	28322	off_target	net_135_11054	4	0.05	net_70_11431_net_60_10082_net_135_11054_net_53_11196_net_74_11972_net_84_9903	GradientShap_64_1_0.1_NegativeBinomialAutoencoder_zeros_False	GradientShap	64	1	0.1	NegativeBinomialAutoencoder	zeros	False
0.2159090909090909	57	264	56644	off_target	net_135_11054	4	0.1	net_70_11431_net_60_10082_net_135_11054_net_53_11196_net_74_11972_net_84_9903	GradientShap_64_1_0.1_NegativeBinomialAutoencoder_zeros_False	GradientShap	64	1	0.1	NegativeBinomialAutoencoder	zeros	False
0.5113636363636364	135	264	113288	off_target	net_135_11054	4	0.2	net_70_11431_net_60_10082_net_135_11054_net_53_11196_net_74_11972_net_84_9903	GradientShap_64_1_0.1_NegativeBinomialAutoencoder_zeros_False	GradientShap	64	1	0.1	NegativeBinomialAutoencoder	zeros	False
0.5984848484848485	158	264	141610	off_target	net_135_11054	4	0.25	net_70_11431_net_60_10082_net_135_11054_net_53_11196_net_74_11972_net_84_9903	GradientShap_64_1_0.1_NegativeBinomialAutoencoder_zeros_False	GradientShap	64	1	0.1	NegativeBinomialAutoencoder	zeros	False
1.0	264	264	226576	off_target	net_135_11054	4	0.5	net_70_11431_net_60_10082_net_135_11054_net_53_11196_net_74_11972_net_84_9903	GradientShap_64_1_0.1_NegativeBinomialAutoencoder_zeros_False	GradientShap	64	1	0.1	NegativeBinomialAutoencoder	zeros	False
1.0	264	264	226576	off_target	net_135_11054	4	0.75	net_70_11431_net_60_10082_net_135_11054_net_53_11196_net_74_11972_net_84_9903	GradientShap_64_1_0.1_NegativeBinomialAutoencoder_zeros_False	GradientShap	64	1	0.1	NegativeBinomialAutoencoder	zeros	False
1.0	264	264	226576	off_target	net_135_11054	4	1.0	net_70_11431_net_60_10082_net_135_11054_net_53_11196_net_74_11972_net_84_9903	GradientShap_64_1_0.1_NegativeBinomialAutoencoder_zeros_False	GradientShap	64	1	0.1	NegativeBinomialAutoencoder	zeros	False
0.0	0	78	566	off_target	net_53_11196	0	0.001	net_70_11431_net_60_10082_net_135_11054_net_53_11196_net_74_11972_net_84_9903	GradientShap_64_1_0.1_NegativeBinomialAutoencoder_zeros_False	GradientShap	64	1	0.1	NegativeBinomialAutoencoder	zeros	False
0.1282051282051282	10	78	5664	off_target	net_53_11196	0	0.01	net_70_11431_net_60_10082_net_135_11054_net_53_11196_net_74_11972_net_84_9903	GradientShap_64_1_0.1_NegativeBinomialAutoencoder_zeros_False	GradientShap	64	1	0.1	NegativeBinomialAutoencoder	zeros	False
0.2948717948717949	23	78	28322	off_target	net_53_11196	0	0.05	net_70_11431_net_60_10082_net_135_11054_net_53_11196_net_74_11972_net_84_9903	GradientShap_64_1_0.1_NegativeBinomialAutoencoder_zeros_False	GradientShap	64	1	0.1	NegativeBinomialAutoencoder	zeros	False
0.3717948717948718	29	78	56644	off_target	net_53_11196	0	0.1	net_70_11431_net_60_10082_net_135_11054_net_53_11196_net_74_11972_net_84_9903	GradientShap_64_1_0.1_NegativeBinomialAutoencoder_zeros_False	GradientShap	64	1	0.1	NegativeBinomialAutoencoder	zeros	False
0.6538461538461539	51	78	113288	off_target	net_53_11196	0	0.2	net_70_11431_net_60_10082_net_135_11054_net_53_11196_net_74_11972_net_84_9903	GradientShap_64_1_0.1_NegativeBinomialAutoencoder_zeros_False	GradientShap	64	1	0.1	NegativeBinomialAutoencoder	zeros	False
0.8076923076923077	63	78	141610	off_target	net_53_11196	0	0.25	net_70_11431_net_60_10082_net_135_11054_net_53_11196_net_74_11972_net_84_9903	GradientShap_64_1_0.1_NegativeBinomialAutoencoder_zeros_False	GradientShap	64	1	0.1	NegativeBinomialAutoencoder	zeros	False
1.0	78	78	226576	off_target	net_53_11196	0	0.5	net_70_11431_net_60_10082_net_135_11054_net_53_11196_net_74_11972_net_84_9903	GradientShap_64_1_0.1_NegativeBinomialAutoencoder_zeros_False	GradientShap	64	1	0.1	NegativeBinomialAutoencoder	zeros	False
1.0	78	78	226576	off_target	net_53_11196	0	0.75	net_70_11431_net_60_10082_net_135_11054_net_53_11196_net_74_11972_net_84_9903	GradientShap_64_1_0.1_NegativeBinomialAutoencoder_zeros_False	GradientShap	64	1	0.1	NegativeBinomialAutoencoder	zeros	False
1.0	78	78	226576	off_target	net_53_11196	0	1.0	net_70_11431_net_60_10082_net_135_11054_net_53_11196_net_74_11972_net_84_9903	GradientShap_64_1_0.1_NegativeBinomialAutoencoder_zeros_False	GradientShap	64	1	0.1	NegativeBinomialAutoencoder	zeros	False
0.0	0	78	566	off_target	net_53_11196	1	0.001	net_70_11431_net_60_10082_net_135_11054_net_53_11196_net_74_11972_net_84_9903	GradientShap_64_1_0.1_NegativeBinomialAutoencoder_zeros_False	GradientShap	64	1	0.1	NegativeBinomialAutoencoder	zeros	False
0.0384615384615384	3	78	5664	off_target	net_53_11196	1	0.01	net_70_11431_net_60_10082_net_135_11054_net_53_11196_net_74_11972_net_84_9903	GradientShap_64_1_0.1_NegativeBinomialAutoencoder_zeros_False	GradientShap	64	1	0.1	NegativeBinomialAutoencoder	zeros	False
0.2179487179487179	17	78	28322	off_target	net_53_11196	1	0.05	net_70_11431_net_60_10082_net_135_11054_net_53_11196_net_74_11972_net_84_9903	GradientShap_64_1_0.1_NegativeBinomialAutoencoder_zeros_False	GradientShap	64	1	0.1	NegativeBinomialAutoencoder	zeros	False
0.5128205128205128	40	78	56644	off_target	net_53_11196	1	0.1	net_70_11431_net_60_10082_net_135_11054_net_53_11196_net_74_11972_net_84_9903	GradientShap_64_1_0.1_NegativeBinomialAutoencoder_zeros_False	GradientShap	64	1	0.1	NegativeBinomialAutoencoder	zeros	False
0.8076923076923077	63	78	113288	off_target	net_53_11196	1	0.2	net_70_11431_net_60_10082_net_135_11054_net_53_11196_net_74_11972_net_84_9903	GradientShap_64_1_0.1_NegativeBinomialAutoencoder_zeros_False	GradientShap	64	1	0.1	NegativeBinomialAutoencoder	zeros	False
0.8333333333333334	65	78	141610	off_target	net_53_11196	1	0.25	net_70_11431_net_60_10082_net_135_11054_net_53_11196_net_74_11972_net_84_9903	GradientShap_64_1_0.1_NegativeBinomialAutoencoder_zeros_False	GradientShap	64	1	0.1	NegativeBinomialAutoencoder	zeros	False
1.0	78	78	226576	off_target	net_53_11196	1	0.5	net_70_11431_net_60_10082_net_135_11054_net_53_11196_net_74_11972_net_84_9903	GradientShap_64_1_0.1_NegativeBinomialAutoencoder_zeros_False	GradientShap	64	1	0.1	NegativeBinomialAutoencoder	zeros	False
1.0	78	78	226576	off_target	net_53_11196	1	0.75	net_70_11431_net_60_10082_net_135_11054_net_53_11196_net_74_11972_net_84_9903	GradientShap_64_1_0.1_NegativeBinomialAutoencoder_zeros_False	GradientShap	64	1	0.1	NegativeBinomialAutoencoder	zeros	False
1.0	78	78	226576	off_target	net_53_11196	1	1.0	net_70_11431_net_60_10082_net_135_11054_net_53_11196_net_74_11972_net_84_9903	GradientShap_64_1_0.1_NegativeBinomialAutoencoder_zeros_False	GradientShap	64	1	0.1	NegativeBinomialAutoencoder	zeros	False
0.0	0	78	566	off_target	net_53_11196	2	0.001	net_70_11431_net_60_10082_net_135_11054_net_53_11196_net_74_11972_net_84_9903	GradientShap_64_1_0.1_NegativeBinomialAutoencoder_zeros_False	GradientShap	64	1	0.1	NegativeBinomialAutoencoder	zeros	False
0.0	0	78	5664	off_target	net_53_11196	2	0.01	net_70_11431_net_60_10082_net_135_11054_net_53_11196_net_74_11972_net_84_9903	GradientShap_64_1_0.1_NegativeBinomialAutoencoder_zeros_False	GradientShap	64	1	0.1	NegativeBinomialAutoencoder	zeros	False
0.0128205128205128	1	78	28322	off_target	net_53_11196	2	0.05	net_70_11431_net_60_10082_net_135_11054_net_53_11196_net_74_11972_net_84_9903	GradientShap_64_1_0.1_NegativeBinomialAutoencoder_zeros_False	GradientShap	64	1	0.1	NegativeBinomialAutoencoder	zeros	False
0.141025641025641	11	78	56644	off_target	net_53_11196	2	0.1	net_70_11431_net_60_10082_net_135_11054_net_53_11196_net_74_11972_net_84_9903	GradientShap_64_1_0.1_NegativeBinomialAutoencoder_zeros_False	GradientShap	64	1	0.1	NegativeBinomialAutoencoder	zeros	False
0.5256410256410257	41	78	113288	off_target	net_53_11196	2	0.2	net_70_11431_net_60_10082_net_135_11054_net_53_11196_net_74_11972_net_84_9903	GradientShap_64_1_0.1_NegativeBinomialAutoencoder_zeros_False	GradientShap	64	1	0.1	NegativeBinomialAutoencoder	zeros	False
0.6923076923076923	54	78	141610	off_target	net_53_11196	2	0.25	net_70_11431_net_60_10082_net_135_11054_net_53_11196_net_74_11972_net_84_9903	GradientShap_64_1_0.1_NegativeBinomialAutoencoder_zeros_False	GradientShap	64	1	0.1	NegativeBinomialAutoencoder	zeros	False
1.0	78	78	226576	off_target	net_53_11196	2	0.5	net_70_11431_net_60_10082_net_135_11054_net_53_11196_net_74_11972_net_84_9903	GradientShap_64_1_0.1_NegativeBinomialAutoencoder_zeros_False	GradientShap	64	1	0.1	NegativeBinomialAutoencoder	zeros	False
1.0	78	78	226576	off_target	net_53_11196	2	0.75	net_70_11431_net_60_10082_net_135_11054_net_53_11196_net_74_11972_net_84_9903	GradientShap_64_1_0.1_NegativeBinomialAutoencoder_zeros_False	GradientShap	64	1	0.1	NegativeBinomialAutoencoder	zeros	False
1.0	78	78	226576	off_target	net_53_11196	2	1.0	net_70_11431_net_60_10082_net_135_11054_net_53_11196_net_74_11972_net_84_9903	GradientShap_64_1_0.1_NegativeBinomialAutoencoder_zeros_False	GradientShap	64	1	0.1	NegativeBinomialAutoencoder	zeros	False
0.0	0	78	566	on_target	net_53_11196	3	0.001	net_70_11431_net_60_10082_net_135_11054_net_53_11196_net_74_11972_net_84_9903	GradientShap_64_1_0.1_NegativeBinomialAutoencoder_zeros_False	GradientShap	64	1	0.1	NegativeBinomialAutoencoder	zeros	False
0.0512820512820512	4	78	5664	on_target	net_53_11196	3	0.01	net_70_11431_net_60_10082_net_135_11054_net_53_11196_net_74_11972_net_84_9903	GradientShap_64_1_0.1_NegativeBinomialAutoencoder_zeros_False	GradientShap	64	1	0.1	NegativeBinomialAutoencoder	zeros	False
0.2564102564102564	20	78	28322	on_target	net_53_11196	3	0.05	net_70_11431_net_60_10082_net_135_11054_net_53_11196_net_74_11972_net_84_9903	GradientShap_64_1_0.1_NegativeBinomialAutoencoder_zeros_False	GradientShap	64	1	0.1	NegativeBinomialAutoencoder	zeros	False
0.3717948717948718	29	78	56644	on_target	net_53_11196	3	0.1	net_70_11431_net_60_10082_net_135_11054_net_53_11196_net_74_11972_net_84_9903	GradientShap_64_1_0.1_NegativeBinomialAutoencoder_zeros_False	GradientShap	64	1	0.1	NegativeBinomialAutoencoder	zeros	False
0.6666666666666666	52	78	113288	on_target	net_53_11196	3	0.2	net_70_11431_net_60_10082_net_135_11054_net_53_11196_net_74_11972_net_84_9903	GradientShap_64_1_0.1_NegativeBinomialAutoencoder_zeros_False	GradientShap	64	1	0.1	NegativeBinomialAutoencoder	zeros	False
0.7435897435897436	58	78	141610	on_target	net_53_11196	3	0.25	net_70_11431_net_60_10082_net_135_11054_net_53_11196_net_74_11972_net_84_9903	GradientShap_64_1_0.1_NegativeBinomialAutoencoder_zeros_False	GradientShap	64	1	0.1	NegativeBinomialAutoencoder	zeros	False
1.0	78	78	226576	on_target	net_53_11196	3	0.5	net_70_11431_net_60_10082_net_135_11054_net_53_11196_net_74_11972_net_84_9903	GradientShap_64_1_0.1_NegativeBinomialAutoencoder_zeros_False	GradientShap	64	1	0.1	NegativeBinomialAutoencoder	zeros	False
1.0	78	78	226576	on_target	net_53_11196	3	0.75	net_70_11431_net_60_10082_net_135_11054_net_53_11196_net_74_11972_net_84_9903	GradientShap_64_1_0.1_NegativeBinomialAutoencoder_zeros_False	GradientShap	64	1	0.1	NegativeBinomialAutoencoder	zeros	False
1.0	78	78	226576	on_target	net_53_11196	3	1.0	net_70_11431_net_60_10082_net_135_11054_net_53_11196_net_74_11972_net_84_9903	GradientShap_64_1_0.1_NegativeBinomialAutoencoder_zeros_False	GradientShap	64	1	0.1	NegativeBinomialAutoencoder	zeros	False
0.0	0	78	566	off_target	net_53_11196	4	0.001	net_70_11431_net_60_10082_net_135_11054_net_53_11196_net_74_11972_net_84_9903	GradientShap_64_1_0.1_NegativeBinomialAutoencoder_zeros_False	GradientShap	64	1	0.1	NegativeBinomialAutoencoder	zeros	False
0.0256410256410256	2	78	5664	off_target	net_53_11196	4	0.01	net_70_11431_net_60_10082_net_135_11054_net_53_11196_net_74_11972_net_84_9903	GradientShap_64_1_0.1_NegativeBinomialAutoencoder_zeros_False	GradientShap	64	1	0.1	NegativeBinomialAutoencoder	zeros	False
0.2307692307692307	18	78	28322	off_target	net_53_11196	4	0.05	net_70_11431_net_60_10082_net_135_11054_net_53_11196_net_74_11972_net_84_9903	GradientShap_64_1_0.1_NegativeBinomialAutoencoder_zeros_False	GradientShap	64	1	0.1	NegativeBinomialAutoencoder	zeros	False
0.3717948717948718	29	78	56644	off_target	net_53_11196	4	0.1	net_70_11431_net_60_10082_net_135_11054_net_53_11196_net_74_11972_net_84_9903	GradientShap_64_1_0.1_NegativeBinomialAutoencoder_zeros_False	GradientShap	64	1	0.1	NegativeBinomialAutoencoder	zeros	False
0.717948717948718	56	78	113288	off_target	net_53_11196	4	0.2	net_70_11431_net_60_10082_net_135_11054_net_53_11196_net_74_11972_net_84_9903	GradientShap_64_1_0.1_NegativeBinomialAutoencoder_zeros_False	GradientShap	64	1	0.1	NegativeBinomialAutoencoder	zeros	False
0.7948717948717948	62	78	141610	off_target	net_53_11196	4	0.25	net_70_11431_net_60_10082_net_135_11054_net_53_11196_net_74_11972_net_84_9903	GradientShap_64_1_0.1_NegativeBinomialAutoencoder_zeros_False	GradientShap	64	1	0.1	NegativeBinomialAutoencoder	zeros	False
1.0	78	78	226576	off_target	net_53_11196	4	0.5	net_70_11431_net_60_10082_net_135_11054_net_53_11196_net_74_11972_net_84_9903	GradientShap_64_1_0.1_NegativeBinomialAutoencoder_zeros_False	GradientShap	64	1	0.1	NegativeBinomialAutoencoder	zeros	False
1.0	78	78	226576	off_target	net_53_11196	4	0.75	net_70_11431_net_60_10082_net_135_11054_net_53_11196_net_74_11972_net_84_9903	GradientShap_64_1_0.1_NegativeBinomialAutoencoder_zeros_False	GradientShap	64	1	0.1	NegativeBinomialAutoencoder	zeros	False
1.0	78	78	226576	off_target	net_53_11196	4	1.0	net_70_11431_net_60_10082_net_135_11054_net_53_11196_net_74_11972_net_84_9903	GradientShap_64_1_0.1_NegativeBinomialAutoencoder_zeros_False	GradientShap	64	1	0.1	NegativeBinomialAutoencoder	zeros	False
0.0	0	73	566	off_target	net_74_11972	0	0.001	net_70_11431_net_60_10082_net_135_11054_net_53_11196_net_74_11972_net_84_9903	GradientShap_64_1_0.1_NegativeBinomialAutoencoder_zeros_False	GradientShap	64	1	0.1	NegativeBinomialAutoencoder	zeros	False
0.0	0	73	5664	off_target	net_74_11972	0	0.01	net_70_11431_net_60_10082_net_135_11054_net_53_11196_net_74_11972_net_84_9903	GradientShap_64_1_0.1_NegativeBinomialAutoencoder_zeros_False	GradientShap	64	1	0.1	NegativeBinomialAutoencoder	zeros	False
0.2328767123287671	17	73	28322	off_target	net_74_11972	0	0.05	net_70_11431_net_60_10082_net_135_11054_net_53_11196_net_74_11972_net_84_9903	GradientShap_64_1_0.1_NegativeBinomialAutoencoder_zeros_False	GradientShap	64	1	0.1	NegativeBinomialAutoencoder	zeros	False
0.4246575342465753	31	73	56644	off_target	net_74_11972	0	0.1	net_70_11431_net_60_10082_net_135_11054_net_53_11196_net_74_11972_net_84_9903	GradientShap_64_1_0.1_NegativeBinomialAutoencoder_zeros_False	GradientShap	64	1	0.1	NegativeBinomialAutoencoder	zeros	False
0.6986301369863014	51	73	113288	off_target	net_74_11972	0	0.2	net_70_11431_net_60_10082_net_135_11054_net_53_11196_net_74_11972_net_84_9903	GradientShap_64_1_0.1_NegativeBinomialAutoencoder_zeros_False	GradientShap	64	1	0.1	NegativeBinomialAutoencoder	zeros	False
0.7123287671232876	52	73	141610	off_target	net_74_11972	0	0.25	net_70_11431_net_60_10082_net_135_11054_net_53_11196_net_74_11972_net_84_9903	GradientShap_64_1_0.1_NegativeBinomialAutoencoder_zeros_False	GradientShap	64	1	0.1	NegativeBinomialAutoencoder	zeros	False
1.0	73	73	226576	off_target	net_74_11972	0	0.5	net_70_11431_net_60_10082_net_135_11054_net_53_11196_net_74_11972_net_84_9903	GradientShap_64_1_0.1_NegativeBinomialAutoencoder_zeros_False	GradientShap	64	1	0.1	NegativeBinomialAutoencoder	zeros	False
1.0	73	73	226576	off_target	net_74_11972	0	0.75	net_70_11431_net_60_10082_net_135_11054_net_53_11196_net_74_11972_net_84_9903	GradientShap_64_1_0.1_NegativeBinomialAutoencoder_zeros_False	GradientShap	64	1	0.1	NegativeBinomialAutoencoder	zeros	False
1.0	73	73	226576	off_target	net_74_11972	0	1.0	net_70_11431_net_60_10082_net_135_11054_net_53_11196_net_74_11972_net_84_9903	GradientShap_64_1_0.1_NegativeBinomialAutoencoder_zeros_False	GradientShap	64	1	0.1	NegativeBinomialAutoencoder	zeros	False
0.0	0	73	566	off_target	net_74_11972	1	0.001	net_70_11431_net_60_10082_net_135_11054_net_53_11196_net_74_11972_net_84_9903	GradientShap_64_1_0.1_NegativeBinomialAutoencoder_zeros_False	GradientShap	64	1	0.1	NegativeBinomialAutoencoder	zeros	False
0.0	0	73	5664	off_target	net_74_11972	1	0.01	net_70_11431_net_60_10082_net_135_11054_net_53_11196_net_74_11972_net_84_9903	GradientShap_64_1_0.1_NegativeBinomialAutoencoder_zeros_False	GradientShap	64	1	0.1	NegativeBinomialAutoencoder	zeros	False
0.0136986301369863	1	73	28322	off_target	net_74_11972	1	0.05	net_70_11431_net_60_10082_net_135_11054_net_53_11196_net_74_11972_net_84_9903	GradientShap_64_1_0.1_NegativeBinomialAutoencoder_zeros_False	GradientShap	64	1	0.1	NegativeBinomialAutoencoder	zeros	False
0.0410958904109589	3	73	56644	off_target	net_74_11972	1	0.1	net_70_11431_net_60_10082_net_135_11054_net_53_11196_net_74_11972_net_84_9903	GradientShap_64_1_0.1_NegativeBinomialAutoencoder_zeros_False	GradientShap	64	1	0.1	NegativeBinomialAutoencoder	zeros	False
0.1780821917808219	13	73	113288	off_target	net_74_11972	1	0.2	net_70_11431_net_60_10082_net_135_11054_net_53_11196_net_74_11972_net_84_9903	GradientShap_64_1_0.1_NegativeBinomialAutoencoder_zeros_False	GradientShap	64	1	0.1	NegativeBinomialAutoencoder	zeros	False
0.547945205479452	40	73	141610	off_target	net_74_11972	1	0.25	net_70_11431_net_60_10082_net_135_11054_net_53_11196_net_74_11972_net_84_9903	GradientShap_64_1_0.1_NegativeBinomialAutoencoder_zeros_False	GradientShap	64	1	0.1	NegativeBinomialAutoencoder	zeros	False
1.0	73	73	226576	off_target	net_74_11972	1	0.5	net_70_11431_net_60_10082_net_135_11054_net_53_11196_net_74_11972_net_84_9903	GradientShap_64_1_0.1_NegativeBinomialAutoencoder_zeros_False	GradientShap	64	1	0.1	NegativeBinomialAutoencoder	zeros	False
1.0	73	73	226576	off_target	net_74_11972	1	0.75	net_70_11431_net_60_10082_net_135_11054_net_53_11196_net_74_11972_net_84_9903	GradientShap_64_1_0.1_NegativeBinomialAutoencoder_zeros_False	GradientShap	64	1	0.1	NegativeBinomialAutoencoder	zeros	False
1.0	73	73	226576	off_target	net_74_11972	1	1.0	net_70_11431_net_60_10082_net_135_11054_net_53_11196_net_74_11972_net_84_9903	GradientShap_64_1_0.1_NegativeBinomialAutoencoder_zeros_False	GradientShap	64	1	0.1	NegativeBinomialAutoencoder	zeros	False
0.0136986301369863	1	73	566	off_target	net_74_11972	2	0.001	net_70_11431_net_60_10082_net_135_11054_net_53_11196_net_74_11972_net_84_9903	GradientShap_64_1_0.1_NegativeBinomialAutoencoder_zeros_False	GradientShap	64	1	0.1	NegativeBinomialAutoencoder	zeros	False
0.2602739726027397	19	73	5664	off_target	net_74_11972	2	0.01	net_70_11431_net_60_10082_net_135_11054_net_53_11196_net_74_11972_net_84_9903	GradientShap_64_1_0.1_NegativeBinomialAutoencoder_zeros_False	GradientShap	64	1	0.1	NegativeBinomialAutoencoder	zeros	False
0.6027397260273972	44	73	28322	off_target	net_74_11972	2	0.05	net_70_11431_net_60_10082_net_135_11054_net_53_11196_net_74_11972_net_84_9903	GradientShap_64_1_0.1_NegativeBinomialAutoencoder_zeros_False	GradientShap	64	1	0.1	NegativeBinomialAutoencoder	zeros	False
0.6986301369863014	51	73	56644	off_target	net_74_11972	2	0.1	net_70_11431_net_60_10082_net_135_11054_net_53_11196_net_74_11972_net_84_9903	GradientShap_64_1_0.1_NegativeBinomialAutoencoder_zeros_False	GradientShap	64	1	0.1	NegativeBinomialAutoencoder	zeros	False
0.8356164383561644	61	73	113288	off_target	net_74_11972	2	0.2	net_70_11431_net_60_10082_net_135_11054_net_53_11196_net_74_11972_net_84_9903	GradientShap_64_1_0.1_NegativeBinomialAutoencoder_zeros_False	GradientShap	64	1	0.1	NegativeBinomialAutoencoder	zeros	False
0.8493150684931506	62	73	141610	off_target	net_74_11972	2	0.25	net_70_11431_net_60_10082_net_135_11054_net_53_11196_net_74_11972_net_84_9903	GradientShap_64_1_0.1_NegativeBinomialAutoencoder_zeros_False	GradientShap	64	1	0.1	NegativeBinomialAutoencoder	zeros	False
1.0	73	73	226576	off_target	net_74_11972	2	0.5	net_70_11431_net_60_10082_net_135_11054_net_53_11196_net_74_11972_net_84_9903	GradientShap_64_1_0.1_NegativeBinomialAutoencoder_zeros_False	GradientShap	64	1	0.1	NegativeBinomialAutoencoder	zeros	False
1.0	73	73	226576	off_target	net_74_11972	2	0.75	net_70_11431_net_60_10082_net_135_11054_net_53_11196_net_74_11972_net_84_9903	GradientShap_64_1_0.1_NegativeBinomialAutoencoder_zeros_False	GradientShap	64	1	0.1	NegativeBinomialAutoencoder	zeros	False
1.0	73	73	226576	off_target	net_74_11972	2	1.0	net_70_11431_net_60_10082_net_135_11054_net_53_11196_net_74_11972_net_84_9903	GradientShap_64_1_0.1_NegativeBinomialAutoencoder_zeros_False	GradientShap	64	1	0.1	NegativeBinomialAutoencoder	zeros	False
0.0	0	73	566	off_target	net_74_11972	3	0.001	net_70_11431_net_60_10082_net_135_11054_net_53_11196_net_74_11972_net_84_9903	GradientShap_64_1_0.1_NegativeBinomialAutoencoder_zeros_False	GradientShap	64	1	0.1	NegativeBinomialAutoencoder	zeros	False
0.0	0	73	5664	off_target	net_74_11972	3	0.01	net_70_11431_net_60_10082_net_135_11054_net_53_11196_net_74_11972_net_84_9903	GradientShap_64_1_0.1_NegativeBinomialAutoencoder_zeros_False	GradientShap	64	1	0.1	NegativeBinomialAutoencoder	zeros	False
0.0	0	73	28322	off_target	net_74_11972	3	0.05	net_70_11431_net_60_10082_net_135_11054_net_53_11196_net_74_11972_net_84_9903	GradientShap_64_1_0.1_NegativeBinomialAutoencoder_zeros_False	GradientShap	64	1	0.1	NegativeBinomialAutoencoder	zeros	False
0.0547945205479452	4	73	56644	off_target	net_74_11972	3	0.1	net_70_11431_net_60_10082_net_135_11054_net_53_11196_net_74_11972_net_84_9903	GradientShap_64_1_0.1_NegativeBinomialAutoencoder_zeros_False	GradientShap	64	1	0.1	NegativeBinomialAutoencoder	zeros	False
0.5068493150684932	37	73	113288	off_target	net_74_11972	3	0.2	net_70_11431_net_60_10082_net_135_11054_net_53_11196_net_74_11972_net_84_9903	GradientShap_64_1_0.1_NegativeBinomialAutoencoder_zeros_False	GradientShap	64	1	0.1	NegativeBinomialAutoencoder	zeros	False
0.6438356164383562	47	73	141610	off_target	net_74_11972	3	0.25	net_70_11431_net_60_10082_net_135_11054_net_53_11196_net_74_11972_net_84_9903	GradientShap_64_1_0.1_NegativeBinomialAutoencoder_zeros_False	GradientShap	64	1	0.1	NegativeBinomialAutoencoder	zeros	False
1.0	73	73	226576	off_target	net_74_11972	3	0.5	net_70_11431_net_60_10082_net_135_11054_net_53_11196_net_74_11972_net_84_9903	GradientShap_64_1_0.1_NegativeBinomialAutoencoder_zeros_False	GradientShap	64	1	0.1	NegativeBinomialAutoencoder	zeros	False
1.0	73	73	226576	off_target	net_74_11972	3	0.75	net_70_11431_net_60_10082_net_135_11054_net_53_11196_net_74_11972_net_84_9903	GradientShap_64_1_0.1_NegativeBinomialAutoencoder_zeros_False	GradientShap	64	1	0.1	NegativeBinomialAutoencoder	zeros	False
1.0	73	73	226576	off_target	net_74_11972	3	1.0	net_70_11431_net_60_10082_net_135_11054_net_53_11196_net_74_11972_net_84_9903	GradientShap_64_1_0.1_NegativeBinomialAutoencoder_zeros_False	GradientShap	64	1	0.1	NegativeBinomialAutoencoder	zeros	False
0.0	0	73	566	on_target	net_74_11972	4	0.001	net_70_11431_net_60_10082_net_135_11054_net_53_11196_net_74_11972_net_84_9903	GradientShap_64_1_0.1_NegativeBinomialAutoencoder_zeros_False	GradientShap	64	1	0.1	NegativeBinomialAutoencoder	zeros	False
0.0273972602739726	2	73	5664	on_target	net_74_11972	4	0.01	net_70_11431_net_60_10082_net_135_11054_net_53_11196_net_74_11972_net_84_9903	GradientShap_64_1_0.1_NegativeBinomialAutoencoder_zeros_False	GradientShap	64	1	0.1	NegativeBinomialAutoencoder	zeros	False
0.3424657534246575	25	73	28322	on_target	net_74_11972	4	0.05	net_70_11431_net_60_10082_net_135_11054_net_53_11196_net_74_11972_net_84_9903	GradientShap_64_1_0.1_NegativeBinomialAutoencoder_zeros_False	GradientShap	64	1	0.1	NegativeBinomialAutoencoder	zeros	False
0.5616438356164384	41	73	56644	on_target	net_74_11972	4	0.1	net_70_11431_net_60_10082_net_135_11054_net_53_11196_net_74_11972_net_84_9903	GradientShap_64_1_0.1_NegativeBinomialAutoencoder_zeros_False	GradientShap	64	1	0.1	NegativeBinomialAutoencoder	zeros	False
0.6986301369863014	51	73	113288	on_target	net_74_11972	4	0.2	net_70_11431_net_60_10082_net_135_11054_net_53_11196_net_74_11972_net_84_9903	GradientShap_64_1_0.1_NegativeBinomialAutoencoder_zeros_False	GradientShap	64	1	0.1	NegativeBinomialAutoencoder	zeros	False
0.7397260273972602	54	73	141610	on_target	net_74_11972	4	0.25	net_70_11431_net_60_10082_net_135_11054_net_53_11196_net_74_11972_net_84_9903	GradientShap_64_1_0.1_NegativeBinomialAutoencoder_zeros_False	GradientShap	64	1	0.1	NegativeBinomialAutoencoder	zeros	False
1.0	73	73	226576	on_target	net_74_11972	4	0.5	net_70_11431_net_60_10082_net_135_11054_net_53_11196_net_74_11972_net_84_9903	GradientShap_64_1_0.1_NegativeBinomialAutoencoder_zeros_False	GradientShap	64	1	0.1	NegativeBinomialAutoencoder	zeros	False
1.0	73	73	226576	on_target	net_74_11972	4	0.75	net_70_11431_net_60_10082_net_135_11054_net_53_11196_net_74_11972_net_84_9903	GradientShap_64_1_0.1_NegativeBinomialAutoencoder_zeros_False	GradientShap	64	1	0.1	NegativeBinomialAutoencoder	zeros	False
1.0	73	73	226576	on_target	net_74_11972	4	1.0	net_70_11431_net_60_10082_net_135_11054_net_53_11196_net_74_11972_net_84_9903	GradientShap_64_1_0.1_NegativeBinomialAutoencoder_zeros_False	GradientShap	64	1	0.1	NegativeBinomialAutoencoder	zeros	False
0.0344827586206896	3	87	885	on_target	net_59_10488	0	0.001	net_59_10488_net_115_11153_net_84_11226_net_172_10626_net_89_11634_net_76_10367	GradientShap_64_1_0.1_NegativeBinomialAutoencoder_zeros_False	GradientShap	64	1	0.1	NegativeBinomialAutoencoder	zeros	False
0.1494252873563218	13	87	8851	on_target	net_59_10488	0	0.01	net_59_10488_net_115_11153_net_84_11226_net_172_10626_net_89_11634_net_76_10367	GradientShap_64_1_0.1_NegativeBinomialAutoencoder_zeros_False	GradientShap	64	1	0.1	NegativeBinomialAutoencoder	zeros	False
0.3103448275862069	27	87	44253	on_target	net_59_10488	0	0.05	net_59_10488_net_115_11153_net_84_11226_net_172_10626_net_89_11634_net_76_10367	GradientShap_64_1_0.1_NegativeBinomialAutoencoder_zeros_False	GradientShap	64	1	0.1	NegativeBinomialAutoencoder	zeros	False
0.3908045977011494	34	87	88506	on_target	net_59_10488	0	0.1	net_59_10488_net_115_11153_net_84_11226_net_172_10626_net_89_11634_net_76_10367	GradientShap_64_1_0.1_NegativeBinomialAutoencoder_zeros_False	GradientShap	64	1	0.1	NegativeBinomialAutoencoder	zeros	False
0.5977011494252874	52	87	177012	on_target	net_59_10488	0	0.2	net_59_10488_net_115_11153_net_84_11226_net_172_10626_net_89_11634_net_76_10367	GradientShap_64_1_0.1_NegativeBinomialAutoencoder_zeros_False	GradientShap	64	1	0.1	NegativeBinomialAutoencoder	zeros	False
0.735632183908046	64	87	221266	on_target	net_59_10488	0	0.25	net_59_10488_net_115_11153_net_84_11226_net_172_10626_net_89_11634_net_76_10367	GradientShap_64_1_0.1_NegativeBinomialAutoencoder_zeros_False	GradientShap	64	1	0.1	NegativeBinomialAutoencoder	zeros	False
1.0	87	87	354025	on_target	net_59_10488	0	0.5	net_59_10488_net_115_11153_net_84_11226_net_172_10626_net_89_11634_net_76_10367	GradientShap_64_1_0.1_NegativeBinomialAutoencoder_zeros_False	GradientShap	64	1	0.1	NegativeBinomialAutoencoder	zeros	False
1.0	87	87	354025	on_target	net_59_10488	0	0.75	net_59_10488_net_115_11153_net_84_11226_net_172_10626_net_89_11634_net_76_10367	GradientShap_64_1_0.1_NegativeBinomialAutoencoder_zeros_False	GradientShap	64	1	0.1	NegativeBinomialAutoencoder	zeros	False
1.0	87	87	354025	on_target	net_59_10488	0	1.0	net_59_10488_net_115_11153_net_84_11226_net_172_10626_net_89_11634_net_76_10367	GradientShap_64_1_0.1_NegativeBinomialAutoencoder_zeros_False	GradientShap	64	1	0.1	NegativeBinomialAutoencoder	zeros	False
0.0	0	87	885	off_target	net_59_10488	1	0.001	net_59_10488_net_115_11153_net_84_11226_net_172_10626_net_89_11634_net_76_10367	GradientShap_64_1_0.1_NegativeBinomialAutoencoder_zeros_False	GradientShap	64	1	0.1	NegativeBinomialAutoencoder	zeros	False
0.0689655172413793	6	87	8851	off_target	net_59_10488	1	0.01	net_59_10488_net_115_11153_net_84_11226_net_172_10626_net_89_11634_net_76_10367	GradientShap_64_1_0.1_NegativeBinomialAutoencoder_zeros_False	GradientShap	64	1	0.1	NegativeBinomialAutoencoder	zeros	False
0.1954022988505747	17	87	44253	off_target	net_59_10488	1	0.05	net_59_10488_net_115_11153_net_84_11226_net_172_10626_net_89_11634_net_76_10367	GradientShap_64_1_0.1_NegativeBinomialAutoencoder_zeros_False	GradientShap	64	1	0.1	NegativeBinomialAutoencoder	zeros	False
0.2758620689655172	24	87	88506	off_target	net_59_10488	1	0.1	net_59_10488_net_115_11153_net_84_11226_net_172_10626_net_89_11634_net_76_10367	GradientShap_64_1_0.1_NegativeBinomialAutoencoder_zeros_False	GradientShap	64	1	0.1	NegativeBinomialAutoencoder	zeros	False
0.5172413793103449	45	87	177012	off_target	net_59_10488	1	0.2	net_59_10488_net_115_11153_net_84_11226_net_172_10626_net_89_11634_net_76_10367	GradientShap_64_1_0.1_NegativeBinomialAutoencoder_zeros_False	GradientShap	64	1	0.1	NegativeBinomialAutoencoder	zeros	False
0.6206896551724138	54	87	221266	off_target	net_59_10488	1	0.25	net_59_10488_net_115_11153_net_84_11226_net_172_10626_net_89_11634_net_76_10367	GradientShap_64_1_0.1_NegativeBinomialAutoencoder_zeros_False	GradientShap	64	1	0.1	NegativeBinomialAutoencoder	zeros	False
1.0	87	87	354025	off_target	net_59_10488	1	0.5	net_59_10488_net_115_11153_net_84_11226_net_172_10626_net_89_11634_net_76_10367	GradientShap_64_1_0.1_NegativeBinomialAutoencoder_zeros_False	GradientShap	64	1	0.1	NegativeBinomialAutoencoder	zeros	False
1.0	87	87	354025	off_target	net_59_10488	1	0.75	net_59_10488_net_115_11153_net_84_11226_net_172_10626_net_89_11634_net_76_10367	GradientShap_64_1_0.1_NegativeBinomialAutoencoder_zeros_False	GradientShap	64	1	0.1	NegativeBinomialAutoencoder	zeros	False
1.0	87	87	354025	off_target	net_59_10488	1	1.0	net_59_10488_net_115_11153_net_84_11226_net_172_10626_net_89_11634_net_76_10367	GradientShap_64_1_0.1_NegativeBinomialAutoencoder_zeros_False	GradientShap	64	1	0.1	NegativeBinomialAutoencoder	zeros	False
0.0	0	87	885	off_target	net_59_10488	2	0.001	net_59_10488_net_115_11153_net_84_11226_net_172_10626_net_89_11634_net_76_10367	GradientShap_64_1_0.1_NegativeBinomialAutoencoder_zeros_False	GradientShap	64	1	0.1	NegativeBinomialAutoencoder	zeros	False
0.0114942528735632	1	87	8851	off_target	net_59_10488	2	0.01	net_59_10488_net_115_11153_net_84_11226_net_172_10626_net_89_11634_net_76_10367	GradientShap_64_1_0.1_NegativeBinomialAutoencoder_zeros_False	GradientShap	64	1	0.1	NegativeBinomialAutoencoder	zeros	False
0.0689655172413793	6	87	44253	off_target	net_59_10488	2	0.05	net_59_10488_net_115_11153_net_84_11226_net_172_10626_net_89_11634_net_76_10367	GradientShap_64_1_0.1_NegativeBinomialAutoencoder_zeros_False	GradientShap	64	1	0.1	NegativeBinomialAutoencoder	zeros	False
0.1379310344827586	12	87	88506	off_target	net_59_10488	2	0.1	net_59_10488_net_115_11153_net_84_11226_net_172_10626_net_89_11634_net_76_10367	GradientShap_64_1_0.1_NegativeBinomialAutoencoder_zeros_False	GradientShap	64	1	0.1	NegativeBinomialAutoencoder	zeros	False
0.264367816091954	23	87	177012	off_target	net_59_10488	2	0.2	net_59_10488_net_115_11153_net_84_11226_net_172_10626_net_89_11634_net_76_10367	GradientShap_64_1_0.1_NegativeBinomialAutoencoder_zeros_False	GradientShap	64	1	0.1	NegativeBinomialAutoencoder	zeros	False
0.4712643678160919	41	87	221266	off_target	net_59_10488	2	0.25	net_59_10488_net_115_11153_net_84_11226_net_172_10626_net_89_11634_net_76_10367	GradientShap_64_1_0.1_NegativeBinomialAutoencoder_zeros_False	GradientShap	64	1	0.1	NegativeBinomialAutoencoder	zeros	False
1.0	87	87	354025	off_target	net_59_10488	2	0.5	net_59_10488_net_115_11153_net_84_11226_net_172_10626_net_89_11634_net_76_10367	GradientShap_64_1_0.1_NegativeBinomialAutoencoder_zeros_False	GradientShap	64	1	0.1	NegativeBinomialAutoencoder	zeros	False
1.0	87	87	354025	off_target	net_59_10488	2	0.75	net_59_10488_net_115_11153_net_84_11226_net_172_10626_net_89_11634_net_76_10367	GradientShap_64_1_0.1_NegativeBinomialAutoencoder_zeros_False	GradientShap	64	1	0.1	NegativeBinomialAutoencoder	zeros	False
1.0	87	87	354025	off_target	net_59_10488	2	1.0	net_59_10488_net_115_11153_net_84_11226_net_172_10626_net_89_11634_net_76_10367	GradientShap_64_1_0.1_NegativeBinomialAutoencoder_zeros_False	GradientShap	64	1	0.1	NegativeBinomialAutoencoder	zeros	False
0.0	0	87	885	off_target	net_59_10488	3	0.001	net_59_10488_net_115_11153_net_84_11226_net_172_10626_net_89_11634_net_76_10367	GradientShap_64_1_0.1_NegativeBinomialAutoencoder_zeros_False	GradientShap	64	1	0.1	NegativeBinomialAutoencoder	zeros	False
0.0344827586206896	3	87	8851	off_target	net_59_10488	3	0.01	net_59_10488_net_115_11153_net_84_11226_net_172_10626_net_89_11634_net_76_10367	GradientShap_64_1_0.1_NegativeBinomialAutoencoder_zeros_False	GradientShap	64	1	0.1	NegativeBinomialAutoencoder	zeros	False
0.2068965517241379	18	87	44253	off_target	net_59_10488	3	0.05	net_59_10488_net_115_11153_net_84_11226_net_172_10626_net_89_11634_net_76_10367	GradientShap_64_1_0.1_NegativeBinomialAutoencoder_zeros_False	GradientShap	64	1	0.1	NegativeBinomialAutoencoder	zeros	False
0.3563218390804598	31	87	88506	off_target	net_59_10488	3	0.1	net_59_10488_net_115_11153_net_84_11226_net_172_10626_net_89_11634_net_76_10367	GradientShap_64_1_0.1_NegativeBinomialAutoencoder_zeros_False	GradientShap	64	1	0.1	NegativeBinomialAutoencoder	zeros	False
0.5172413793103449	45	87	177012	off_target	net_59_10488	3	0.2	net_59_10488_net_115_11153_net_84_11226_net_172_10626_net_89_11634_net_76_10367	GradientShap_64_1_0.1_NegativeBinomialAutoencoder_zeros_False	GradientShap	64	1	0.1	NegativeBinomialAutoencoder	zeros	False
0.6666666666666666	58	87	221266	off_target	net_59_10488	3	0.25	net_59_10488_net_115_11153_net_84_11226_net_172_10626_net_89_11634_net_76_10367	GradientShap_64_1_0.1_NegativeBinomialAutoencoder_zeros_False	GradientShap	64	1	0.1	NegativeBinomialAutoencoder	zeros	False
1.0	87	87	354025	off_target	net_59_10488	3	0.5	net_59_10488_net_115_11153_net_84_11226_net_172_10626_net_89_11634_net_76_10367	GradientShap_64_1_0.1_NegativeBinomialAutoencoder_zeros_False	GradientShap	64	1	0.1	NegativeBinomialAutoencoder	zeros	False
1.0	87	87	354025	off_target	net_59_10488	3	0.75	net_59_10488_net_115_11153_net_84_11226_net_172_10626_net_89_11634_net_76_10367	GradientShap_64_1_0.1_NegativeBinomialAutoencoder_zeros_False	GradientShap	64	1	0.1	NegativeBinomialAutoencoder	zeros	False
1.0	87	87	354025	off_target	net_59_10488	3	1.0	net_59_10488_net_115_11153_net_84_11226_net_172_10626_net_89_11634_net_76_10367	GradientShap_64_1_0.1_NegativeBinomialAutoencoder_zeros_False	GradientShap	64	1	0.1	NegativeBinomialAutoencoder	zeros	False
0.0	0	87	885	off_target	net_59_10488	4	0.001	net_59_10488_net_115_11153_net_84_11226_net_172_10626_net_89_11634_net_76_10367	GradientShap_64_1_0.1_NegativeBinomialAutoencoder_zeros_False	GradientShap	64	1	0.1	NegativeBinomialAutoencoder	zeros	False
0.0459770114942528	4	87	8851	off_target	net_59_10488	4	0.01	net_59_10488_net_115_11153_net_84_11226_net_172_10626_net_89_11634_net_76_10367	GradientShap_64_1_0.1_NegativeBinomialAutoencoder_zeros_False	GradientShap	64	1	0.1	NegativeBinomialAutoencoder	zeros	False
0.1954022988505747	17	87	44253	off_target	net_59_10488	4	0.05	net_59_10488_net_115_11153_net_84_11226_net_172_10626_net_89_11634_net_76_10367	GradientShap_64_1_0.1_NegativeBinomialAutoencoder_zeros_False	GradientShap	64	1	0.1	NegativeBinomialAutoencoder	zeros	False
0.367816091954023	32	87	88506	off_target	net_59_10488	4	0.1	net_59_10488_net_115_11153_net_84_11226_net_172_10626_net_89_11634_net_76_10367	GradientShap_64_1_0.1_NegativeBinomialAutoencoder_zeros_False	GradientShap	64	1	0.1	NegativeBinomialAutoencoder	zeros	False
0.5402298850574713	47	87	177012	off_target	net_59_10488	4	0.2	net_59_10488_net_115_11153_net_84_11226_net_172_10626_net_89_11634_net_76_10367	GradientShap_64_1_0.1_NegativeBinomialAutoencoder_zeros_False	GradientShap	64	1	0.1	NegativeBinomialAutoencoder	zeros	False
0.6666666666666666	58	87	221266	off_target	net_59_10488	4	0.25	net_59_10488_net_115_11153_net_84_11226_net_172_10626_net_89_11634_net_76_10367	GradientShap_64_1_0.1_NegativeBinomialAutoencoder_zeros_False	GradientShap	64	1	0.1	NegativeBinomialAutoencoder	zeros	False
1.0	87	87	354025	off_target	net_59_10488	4	0.5	net_59_10488_net_115_11153_net_84_11226_net_172_10626_net_89_11634_net_76_10367	GradientShap_64_1_0.1_NegativeBinomialAutoencoder_zeros_False	GradientShap	64	1	0.1	NegativeBinomialAutoencoder	zeros	False
1.0	87	87	354025	off_target	net_59_10488	4	0.75	net_59_10488_net_115_11153_net_84_11226_net_172_10626_net_89_11634_net_76_10367	GradientShap_64_1_0.1_NegativeBinomialAutoencoder_zeros_False	GradientShap	64	1	0.1	NegativeBinomialAutoencoder	zeros	False
1.0	87	87	354025	off_target	net_59_10488	4	1.0	net_59_10488_net_115_11153_net_84_11226_net_172_10626_net_89_11634_net_76_10367	GradientShap_64_1_0.1_NegativeBinomialAutoencoder_zeros_False	GradientShap	64	1	0.1	NegativeBinomialAutoencoder	zeros	False
0.1623931623931624	19	117	885	off_target	net_115_11153	0	0.001	net_59_10488_net_115_11153_net_84_11226_net_172_10626_net_89_11634_net_76_10367	GradientShap_64_1_0.1_NegativeBinomialAutoencoder_zeros_False	GradientShap	64	1	0.1	NegativeBinomialAutoencoder	zeros	False
0.452991452991453	53	117	8851	off_target	net_115_11153	0	0.01	net_59_10488_net_115_11153_net_84_11226_net_172_10626_net_89_11634_net_76_10367	GradientShap_64_1_0.1_NegativeBinomialAutoencoder_zeros_False	GradientShap	64	1	0.1	NegativeBinomialAutoencoder	zeros	False
0.7264957264957265	85	117	44253	off_target	net_115_11153	0	0.05	net_59_10488_net_115_11153_net_84_11226_net_172_10626_net_89_11634_net_76_10367	GradientShap_64_1_0.1_NegativeBinomialAutoencoder_zeros_False	GradientShap	64	1	0.1	NegativeBinomialAutoencoder	zeros	False
0.8205128205128205	96	117	88506	off_target	net_115_11153	0	0.1	net_59_10488_net_115_11153_net_84_11226_net_172_10626_net_89_11634_net_76_10367	GradientShap_64_1_0.1_NegativeBinomialAutoencoder_zeros_False	GradientShap	64	1	0.1	NegativeBinomialAutoencoder	zeros	False
0.8632478632478633	101	117	177012	off_target	net_115_11153	0	0.2	net_59_10488_net_115_11153_net_84_11226_net_172_10626_net_89_11634_net_76_10367	GradientShap_64_1_0.1_NegativeBinomialAutoencoder_zeros_False	GradientShap	64	1	0.1	NegativeBinomialAutoencoder	zeros	False
0.905982905982906	106	117	221266	off_target	net_115_11153	0	0.25	net_59_10488_net_115_11153_net_84_11226_net_172_10626_net_89_11634_net_76_10367	GradientShap_64_1_0.1_NegativeBinomialAutoencoder_zeros_False	GradientShap	64	1	0.1	NegativeBinomialAutoencoder	zeros	False
1.0	117	117	354025	off_target	net_115_11153	0	0.5	net_59_10488_net_115_11153_net_84_11226_net_172_10626_net_89_11634_net_76_10367	GradientShap_64_1_0.1_NegativeBinomialAutoencoder_zeros_False	GradientShap	64	1	0.1	NegativeBinomialAutoencoder	zeros	False
1.0	117	117	354025	off_target	net_115_11153	0	0.75	net_59_10488_net_115_11153_net_84_11226_net_172_10626_net_89_11634_net_76_10367	GradientShap_64_1_0.1_NegativeBinomialAutoencoder_zeros_False	GradientShap	64	1	0.1	NegativeBinomialAutoencoder	zeros	False
1.0	117	117	354025	off_target	net_115_11153	0	1.0	net_59_10488_net_115_11153_net_84_11226_net_172_10626_net_89_11634_net_76_10367	GradientShap_64_1_0.1_NegativeBinomialAutoencoder_zeros_False	GradientShap	64	1	0.1	NegativeBinomialAutoencoder	zeros	False
0.0	0	117	885	on_target	net_115_11153	1	0.001	net_59_10488_net_115_11153_net_84_11226_net_172_10626_net_89_11634_net_76_10367	GradientShap_64_1_0.1_NegativeBinomialAutoencoder_zeros_False	GradientShap	64	1	0.1	NegativeBinomialAutoencoder	zeros	False
0.0	0	117	8851	on_target	net_115_11153	1	0.01	net_59_10488_net_115_11153_net_84_11226_net_172_10626_net_89_11634_net_76_10367	GradientShap_64_1_0.1_NegativeBinomialAutoencoder_zeros_False	GradientShap	64	1	0.1	NegativeBinomialAutoencoder	zeros	False
0.0256410256410256	3	117	44253	on_target	net_115_11153	1	0.05	net_59_10488_net_115_11153_net_84_11226_net_172_10626_net_89_11634_net_76_10367	GradientShap_64_1_0.1_NegativeBinomialAutoencoder_zeros_False	GradientShap	64	1	0.1	NegativeBinomialAutoencoder	zeros	False
0.1025641025641025	12	117	88506	on_target	net_115_11153	1	0.1	net_59_10488_net_115_11153_net_84_11226_net_172_10626_net_89_11634_net_76_10367	GradientShap_64_1_0.1_NegativeBinomialAutoencoder_zeros_False	GradientShap	64	1	0.1	NegativeBinomialAutoencoder	zeros	False
0.6324786324786325	74	117	177012	on_target	net_115_11153	1	0.2	net_59_10488_net_115_11153_net_84_11226_net_172_10626_net_89_11634_net_76_10367	GradientShap_64_1_0.1_NegativeBinomialAutoencoder_zeros_False	GradientShap	64	1	0.1	NegativeBinomialAutoencoder	zeros	False
0.7777777777777778	91	117	221266	on_target	net_115_11153	1	0.25	net_59_10488_net_115_11153_net_84_11226_net_172_10626_net_89_11634_net_76_10367	GradientShap_64_1_0.1_NegativeBinomialAutoencoder_zeros_False	GradientShap	64	1	0.1	NegativeBinomialAutoencoder	zeros	False
1.0	117	117	354025	on_target	net_115_11153	1	0.5	net_59_10488_net_115_11153_net_84_11226_net_172_10626_net_89_11634_net_76_10367	GradientShap_64_1_0.1_NegativeBinomialAutoencoder_zeros_False	GradientShap	64	1	0.1	NegativeBinomialAutoencoder	zeros	False
1.0	117	117	354025	on_target	net_115_11153	1	0.75	net_59_10488_net_115_11153_net_84_11226_net_172_10626_net_89_11634_net_76_10367	GradientShap_64_1_0.1_NegativeBinomialAutoencoder_zeros_False	GradientShap	64	1	0.1	NegativeBinomialAutoencoder	zeros	False
1.0	117	117	354025	on_target	net_115_11153	1	1.0	net_59_10488_net_115_11153_net_84_11226_net_172_10626_net_89_11634_net_76_10367	GradientShap_64_1_0.1_NegativeBinomialAutoencoder_zeros_False	GradientShap	64	1	0.1	NegativeBinomialAutoencoder	zeros	False
0.0	0	117	885	off_target	net_115_11153	2	0.001	net_59_10488_net_115_11153_net_84_11226_net_172_10626_net_89_11634_net_76_10367	GradientShap_64_1_0.1_NegativeBinomialAutoencoder_zeros_False	GradientShap	64	1	0.1	NegativeBinomialAutoencoder	zeros	False
0.0	0	117	8851	off_target	net_115_11153	2	0.01	net_59_10488_net_115_11153_net_84_11226_net_172_10626_net_89_11634_net_76_10367	GradientShap_64_1_0.1_NegativeBinomialAutoencoder_zeros_False	GradientShap	64	1	0.1	NegativeBinomialAutoencoder	zeros	False
0.0854700854700854	10	117	44253	off_target	net_115_11153	2	0.05	net_59_10488_net_115_11153_net_84_11226_net_172_10626_net_89_11634_net_76_10367	GradientShap_64_1_0.1_NegativeBinomialAutoencoder_zeros_False	GradientShap	64	1	0.1	NegativeBinomialAutoencoder	zeros	False
0.5299145299145299	62	117	88506	off_target	net_115_11153	2	0.1	net_59_10488_net_115_11153_net_84_11226_net_172_10626_net_89_11634_net_76_10367	GradientShap_64_1_0.1_NegativeBinomialAutoencoder_zeros_False	GradientShap	64	1	0.1	NegativeBinomialAutoencoder	zeros	False
0.8888888888888888	104	117	177012	off_target	net_115_11153	2	0.2	net_59_10488_net_115_11153_net_84_11226_net_172_10626_net_89_11634_net_76_10367	GradientShap_64_1_0.1_NegativeBinomialAutoencoder_zeros_False	GradientShap	64	1	0.1	NegativeBinomialAutoencoder	zeros	False
0.9230769230769232	108	117	221266	off_target	net_115_11153	2	0.25	net_59_10488_net_115_11153_net_84_11226_net_172_10626_net_89_11634_net_76_10367	GradientShap_64_1_0.1_NegativeBinomialAutoencoder_zeros_False	GradientShap	64	1	0.1	NegativeBinomialAutoencoder	zeros	False
1.0	117	117	354025	off_target	net_115_11153	2	0.5	net_59_10488_net_115_11153_net_84_11226_net_172_10626_net_89_11634_net_76_10367	GradientShap_64_1_0.1_NegativeBinomialAutoencoder_zeros_False	GradientShap	64	1	0.1	NegativeBinomialAutoencoder	zeros	False
1.0	117	117	354025	off_target	net_115_11153	2	0.75	net_59_10488_net_115_11153_net_84_11226_net_172_10626_net_89_11634_net_76_10367	GradientShap_64_1_0.1_NegativeBinomialAutoencoder_zeros_False	GradientShap	64	1	0.1	NegativeBinomialAutoencoder	zeros	False
1.0	117	117	354025	off_target	net_115_11153	2	1.0	net_59_10488_net_115_11153_net_84_11226_net_172_10626_net_89_11634_net_76_10367	GradientShap_64_1_0.1_NegativeBinomialAutoencoder_zeros_False	GradientShap	64	1	0.1	NegativeBinomialAutoencoder	zeros	False
0.0	0	117	885	off_target	net_115_11153	3	0.001	net_59_10488_net_115_11153_net_84_11226_net_172_10626_net_89_11634_net_76_10367	GradientShap_64_1_0.1_NegativeBinomialAutoencoder_zeros_False	GradientShap	64	1	0.1	NegativeBinomialAutoencoder	zeros	False
0.0341880341880341	4	117	8851	off_target	net_115_11153	3	0.01	net_59_10488_net_115_11153_net_84_11226_net_172_10626_net_89_11634_net_76_10367	GradientShap_64_1_0.1_NegativeBinomialAutoencoder_zeros_False	GradientShap	64	1	0.1	NegativeBinomialAutoencoder	zeros	False
0.4188034188034188	49	117	44253	off_target	net_115_11153	3	0.05	net_59_10488_net_115_11153_net_84_11226_net_172_10626_net_89_11634_net_76_10367	GradientShap_64_1_0.1_NegativeBinomialAutoencoder_zeros_False	GradientShap	64	1	0.1	NegativeBinomialAutoencoder	zeros	False
0.6581196581196581	77	117	88506	off_target	net_115_11153	3	0.1	net_59_10488_net_115_11153_net_84_11226_net_172_10626_net_89_11634_net_76_10367	GradientShap_64_1_0.1_NegativeBinomialAutoencoder_zeros_False	GradientShap	64	1	0.1	NegativeBinomialAutoencoder	zeros	False
0.8888888888888888	104	117	177012	off_target	net_115_11153	3	0.2	net_59_10488_net_115_11153_net_84_11226_net_172_10626_net_89_11634_net_76_10367	GradientShap_64_1_0.1_NegativeBinomialAutoencoder_zeros_False	GradientShap	64	1	0.1	NegativeBinomialAutoencoder	zeros	False
0.9145299145299144	107	117	221266	off_target	net_115_11153	3	0.25	net_59_10488_net_115_11153_net_84_11226_net_172_10626_net_89_11634_net_76_10367	GradientShap_64_1_0.1_NegativeBinomialAutoencoder_zeros_False	GradientShap	64	1	0.1	NegativeBinomialAutoencoder	zeros	False
1.0	117	117	354025	off_target	net_115_11153	3	0.5	net_59_10488_net_115_11153_net_84_11226_net_172_10626_net_89_11634_net_76_10367	GradientShap_64_1_0.1_NegativeBinomialAutoencoder_zeros_False	GradientShap	64	1	0.1	NegativeBinomialAutoencoder	zeros	False
1.0	117	117	354025	off_target	net_115_11153	3	0.75	net_59_10488_net_115_11153_net_84_11226_net_172_10626_net_89_11634_net_76_10367	GradientShap_64_1_0.1_NegativeBinomialAutoencoder_zeros_False	GradientShap	64	1	0.1	NegativeBinomialAutoencoder	zeros	False
1.0	117	117	354025	off_target	net_115_11153	3	1.0	net_59_10488_net_115_11153_net_84_11226_net_172_10626_net_89_11634_net_76_10367	GradientShap_64_1_0.1_NegativeBinomialAutoencoder_zeros_False	GradientShap	64	1	0.1	NegativeBinomialAutoencoder	zeros	False
0.0	0	117	885	off_target	net_115_11153	4	0.001	net_59_10488_net_115_11153_net_84_11226_net_172_10626_net_89_11634_net_76_10367	GradientShap_64_1_0.1_NegativeBinomialAutoencoder_zeros_False	GradientShap	64	1	0.1	NegativeBinomialAutoencoder	zeros	False
0.0	0	117	8851	off_target	net_115_11153	4	0.01	net_59_10488_net_115_11153_net_84_11226_net_172_10626_net_89_11634_net_76_10367	GradientShap_64_1_0.1_NegativeBinomialAutoencoder_zeros_False	GradientShap	64	1	0.1	NegativeBinomialAutoencoder	zeros	False
0.0085470085470085	1	117	44253	off_target	net_115_11153	4	0.05	net_59_10488_net_115_11153_net_84_11226_net_172_10626_net_89_11634_net_76_10367	GradientShap_64_1_0.1_NegativeBinomialAutoencoder_zeros_False	GradientShap	64	1	0.1	NegativeBinomialAutoencoder	zeros	False
0.1538461538461538	18	117	88506	off_target	net_115_11153	4	0.1	net_59_10488_net_115_11153_net_84_11226_net_172_10626_net_89_11634_net_76_10367	GradientShap_64_1_0.1_NegativeBinomialAutoencoder_zeros_False	GradientShap	64	1	0.1	NegativeBinomialAutoencoder	zeros	False
0.7350427350427351	86	117	177012	off_target	net_115_11153	4	0.2	net_59_10488_net_115_11153_net_84_11226_net_172_10626_net_89_11634_net_76_10367	GradientShap_64_1_0.1_NegativeBinomialAutoencoder_zeros_False	GradientShap	64	1	0.1	NegativeBinomialAutoencoder	zeros	False
0.8376068376068376	98	117	221266	off_target	net_115_11153	4	0.25	net_59_10488_net_115_11153_net_84_11226_net_172_10626_net_89_11634_net_76_10367	GradientShap_64_1_0.1_NegativeBinomialAutoencoder_zeros_False	GradientShap	64	1	0.1	NegativeBinomialAutoencoder	zeros	False
1.0	117	117	354025	off_target	net_115_11153	4	0.5	net_59_10488_net_115_11153_net_84_11226_net_172_10626_net_89_11634_net_76_10367	GradientShap_64_1_0.1_NegativeBinomialAutoencoder_zeros_False	GradientShap	64	1	0.1	NegativeBinomialAutoencoder	zeros	False
1.0	117	117	354025	off_target	net_115_11153	4	0.75	net_59_10488_net_115_11153_net_84_11226_net_172_10626_net_89_11634_net_76_10367	GradientShap_64_1_0.1_NegativeBinomialAutoencoder_zeros_False	GradientShap	64	1	0.1	NegativeBinomialAutoencoder	zeros	False
1.0	117	117	354025	off_target	net_115_11153	4	1.0	net_59_10488_net_115_11153_net_84_11226_net_172_10626_net_89_11634_net_76_10367	GradientShap_64_1_0.1_NegativeBinomialAutoencoder_zeros_False	GradientShap	64	1	0.1	NegativeBinomialAutoencoder	zeros	False
0.0	0	98	885	off_target	net_84_11226	0	0.001	net_59_10488_net_115_11153_net_84_11226_net_172_10626_net_89_11634_net_76_10367	GradientShap_64_1_0.1_NegativeBinomialAutoencoder_zeros_False	GradientShap	64	1	0.1	NegativeBinomialAutoencoder	zeros	False
0.0	0	98	8851	off_target	net_84_11226	0	0.01	net_59_10488_net_115_11153_net_84_11226_net_172_10626_net_89_11634_net_76_10367	GradientShap_64_1_0.1_NegativeBinomialAutoencoder_zeros_False	GradientShap	64	1	0.1	NegativeBinomialAutoencoder	zeros	False
0.0	0	98	44253	off_target	net_84_11226	0	0.05	net_59_10488_net_115_11153_net_84_11226_net_172_10626_net_89_11634_net_76_10367	GradientShap_64_1_0.1_NegativeBinomialAutoencoder_zeros_False	GradientShap	64	1	0.1	NegativeBinomialAutoencoder	zeros	False
0.0204081632653061	2	98	88506	off_target	net_84_11226	0	0.1	net_59_10488_net_115_11153_net_84_11226_net_172_10626_net_89_11634_net_76_10367	GradientShap_64_1_0.1_NegativeBinomialAutoencoder_zeros_False	GradientShap	64	1	0.1	NegativeBinomialAutoencoder	zeros	False
0.3265306122448979	32	98	177012	off_target	net_84_11226	0	0.2	net_59_10488_net_115_11153_net_84_11226_net_172_10626_net_89_11634_net_76_10367	GradientShap_64_1_0.1_NegativeBinomialAutoencoder_zeros_False	GradientShap	64	1	0.1	NegativeBinomialAutoencoder	zeros	False
0.673469387755102	66	98	221266	off_target	net_84_11226	0	0.25	net_59_10488_net_115_11153_net_84_11226_net_172_10626_net_89_11634_net_76_10367	GradientShap_64_1_0.1_NegativeBinomialAutoencoder_zeros_False	GradientShap	64	1	0.1	NegativeBinomialAutoencoder	zeros	False
1.0	98	98	354025	off_target	net_84_11226	0	0.5	net_59_10488_net_115_11153_net_84_11226_net_172_10626_net_89_11634_net_76_10367	GradientShap_64_1_0.1_NegativeBinomialAutoencoder_zeros_False	GradientShap	64	1	0.1	NegativeBinomialAutoencoder	zeros	False
1.0	98	98	354025	off_target	net_84_11226	0	0.75	net_59_10488_net_115_11153_net_84_11226_net_172_10626_net_89_11634_net_76_10367	GradientShap_64_1_0.1_NegativeBinomialAutoencoder_zeros_False	GradientShap	64	1	0.1	NegativeBinomialAutoencoder	zeros	False
1.0	98	98	354025	off_target	net_84_11226	0	1.0	net_59_10488_net_115_11153_net_84_11226_net_172_10626_net_89_11634_net_76_10367	GradientShap_64_1_0.1_NegativeBinomialAutoencoder_zeros_False	GradientShap	64	1	0.1	NegativeBinomialAutoencoder	zeros	False
0.0	0	98	885	off_target	net_84_11226	1	0.001	net_59_10488_net_115_11153_net_84_11226_net_172_10626_net_89_11634_net_76_10367	GradientShap_64_1_0.1_NegativeBinomialAutoencoder_zeros_False	GradientShap	64	1	0.1	NegativeBinomialAutoencoder	zeros	False
0.010204081632653	1	98	8851	off_target	net_84_11226	1	0.01	net_59_10488_net_115_11153_net_84_11226_net_172_10626_net_89_11634_net_76_10367	GradientShap_64_1_0.1_NegativeBinomialAutoencoder_zeros_False	GradientShap	64	1	0.1	NegativeBinomialAutoencoder	zeros	False
0.3979591836734694	39	98	44253	off_target	net_84_11226	1	0.05	net_59_10488_net_115_11153_net_84_11226_net_172_10626_net_89_11634_net_76_10367	GradientShap_64_1_0.1_NegativeBinomialAutoencoder_zeros_False	GradientShap	64	1	0.1	NegativeBinomialAutoencoder	zeros	False
0.6326530612244898	62	98	88506	off_target	net_84_11226	1	0.1	net_59_10488_net_115_11153_net_84_11226_net_172_10626_net_89_11634_net_76_10367	GradientShap_64_1_0.1_NegativeBinomialAutoencoder_zeros_False	GradientShap	64	1	0.1	NegativeBinomialAutoencoder	zeros	False
0.7857142857142857	77	98	177012	off_target	net_84_11226	1	0.2	net_59_10488_net_115_11153_net_84_11226_net_172_10626_net_89_11634_net_76_10367	GradientShap_64_1_0.1_NegativeBinomialAutoencoder_zeros_False	GradientShap	64	1	0.1	NegativeBinomialAutoencoder	zeros	False
0.8673469387755102	85	98	221266	off_target	net_84_11226	1	0.25	net_59_10488_net_115_11153_net_84_11226_net_172_10626_net_89_11634_net_76_10367	GradientShap_64_1_0.1_NegativeBinomialAutoencoder_zeros_False	GradientShap	64	1	0.1	NegativeBinomialAutoencoder	zeros	False
1.0	98	98	354025	off_target	net_84_11226	1	0.5	net_59_10488_net_115_11153_net_84_11226_net_172_10626_net_89_11634_net_76_10367	GradientShap_64_1_0.1_NegativeBinomialAutoencoder_zeros_False	GradientShap	64	1	0.1	NegativeBinomialAutoencoder	zeros	False
1.0	98	98	354025	off_target	net_84_11226	1	0.75	net_59_10488_net_115_11153_net_84_11226_net_172_10626_net_89_11634_net_76_10367	GradientShap_64_1_0.1_NegativeBinomialAutoencoder_zeros_False	GradientShap	64	1	0.1	NegativeBinomialAutoencoder	zeros	False
1.0	98	98	354025	off_target	net_84_11226	1	1.0	net_59_10488_net_115_11153_net_84_11226_net_172_10626_net_89_11634_net_76_10367	GradientShap_64_1_0.1_NegativeBinomialAutoencoder_zeros_False	GradientShap	64	1	0.1	NegativeBinomialAutoencoder	zeros	False
0.1632653061224489	16	98	885	on_target	net_84_11226	2	0.001	net_59_10488_net_115_11153_net_84_11226_net_172_10626_net_89_11634_net_76_10367	GradientShap_64_1_0.1_NegativeBinomialAutoencoder_zeros_False	GradientShap	64	1	0.1	NegativeBinomialAutoencoder	zeros	False
0.3265306122448979	32	98	8851	on_target	net_84_11226	2	0.01	net_59_10488_net_115_11153_net_84_11226_net_172_10626_net_89_11634_net_76_10367	GradientShap_64_1_0.1_NegativeBinomialAutoencoder_zeros_False	GradientShap	64	1	0.1	NegativeBinomialAutoencoder	zeros	False
0.6326530612244898	62	98	44253	on_target	net_84_11226	2	0.05	net_59_10488_net_115_11153_net_84_11226_net_172_10626_net_89_11634_net_76_10367	GradientShap_64_1_0.1_NegativeBinomialAutoencoder_zeros_False	GradientShap	64	1	0.1	NegativeBinomialAutoencoder	zeros	False
0.7959183673469388	78	98	88506	on_target	net_84_11226	2	0.1	net_59_10488_net_115_11153_net_84_11226_net_172_10626_net_89_11634_net_76_10367	GradientShap_64_1_0.1_NegativeBinomialAutoencoder_zeros_False	GradientShap	64	1	0.1	NegativeBinomialAutoencoder	zeros	False
0.8979591836734694	88	98	177012	on_target	net_84_11226	2	0.2	net_59_10488_net_115_11153_net_84_11226_net_172_10626_net_89_11634_net_76_10367	GradientShap_64_1_0.1_NegativeBinomialAutoencoder_zeros_False	GradientShap	64	1	0.1	NegativeBinomialAutoencoder	zeros	False
0.9081632653061223	89	98	221266	on_target	net_84_11226	2	0.25	net_59_10488_net_115_11153_net_84_11226_net_172_10626_net_89_11634_net_76_10367	GradientShap_64_1_0.1_NegativeBinomialAutoencoder_zeros_False	GradientShap	64	1	0.1	NegativeBinomialAutoencoder	zeros	False
1.0	98	98	354025	on_target	net_84_11226	2	0.5	net_59_10488_net_115_11153_net_84_11226_net_172_10626_net_89_11634_net_76_10367	GradientShap_64_1_0.1_NegativeBinomialAutoencoder_zeros_False	GradientShap	64	1	0.1	NegativeBinomialAutoencoder	zeros	False
1.0	98	98	354025	on_target	net_84_11226	2	0.75	net_59_10488_net_115_11153_net_84_11226_net_172_10626_net_89_11634_net_76_10367	GradientShap_64_1_0.1_NegativeBinomialAutoencoder_zeros_False	GradientShap	64	1	0.1	NegativeBinomialAutoencoder	zeros	False
1.0	98	98	354025	on_target	net_84_11226	2	1.0	net_59_10488_net_115_11153_net_84_11226_net_172_10626_net_89_11634_net_76_10367	GradientShap_64_1_0.1_NegativeBinomialAutoencoder_zeros_False	GradientShap	64	1	0.1	NegativeBinomialAutoencoder	zeros	False
0.0	0	98	885	off_target	net_84_11226	3	0.001	net_59_10488_net_115_11153_net_84_11226_net_172_10626_net_89_11634_net_76_10367	GradientShap_64_1_0.1_NegativeBinomialAutoencoder_zeros_False	GradientShap	64	1	0.1	NegativeBinomialAutoencoder	zeros	False
0.0	0	98	8851	off_target	net_84_11226	3	0.01	net_59_10488_net_115_11153_net_84_11226_net_172_10626_net_89_11634_net_76_10367	GradientShap_64_1_0.1_NegativeBinomialAutoencoder_zeros_False	GradientShap	64	1	0.1	NegativeBinomialAutoencoder	zeros	False
0.1020408163265306	10	98	44253	off_target	net_84_11226	3	0.05	net_59_10488_net_115_11153_net_84_11226_net_172_10626_net_89_11634_net_76_10367	GradientShap_64_1_0.1_NegativeBinomialAutoencoder_zeros_False	GradientShap	64	1	0.1	NegativeBinomialAutoencoder	zeros	False
0.2959183673469387	29	98	88506	off_target	net_84_11226	3	0.1	net_59_10488_net_115_11153_net_84_11226_net_172_10626_net_89_11634_net_76_10367	GradientShap_64_1_0.1_NegativeBinomialAutoencoder_zeros_False	GradientShap	64	1	0.1	NegativeBinomialAutoencoder	zeros	False
0.7244897959183674	71	98	177012	off_target	net_84_11226	3	0.2	net_59_10488_net_115_11153_net_84_11226_net_172_10626_net_89_11634_net_76_10367	GradientShap_64_1_0.1_NegativeBinomialAutoencoder_zeros_False	GradientShap	64	1	0.1	NegativeBinomialAutoencoder	zeros	False
0.8673469387755102	85	98	221266	off_target	net_84_11226	3	0.25	net_59_10488_net_115_11153_net_84_11226_net_172_10626_net_89_11634_net_76_10367	GradientShap_64_1_0.1_NegativeBinomialAutoencoder_zeros_False	GradientShap	64	1	0.1	NegativeBinomialAutoencoder	zeros	False
1.0	98	98	354025	off_target	net_84_11226	3	0.5	net_59_10488_net_115_11153_net_84_11226_net_172_10626_net_89_11634_net_76_10367	GradientShap_64_1_0.1_NegativeBinomialAutoencoder_zeros_False	GradientShap	64	1	0.1	NegativeBinomialAutoencoder	zeros	False
1.0	98	98	354025	off_target	net_84_11226	3	0.75	net_59_10488_net_115_11153_net_84_11226_net_172_10626_net_89_11634_net_76_10367	GradientShap_64_1_0.1_NegativeBinomialAutoencoder_zeros_False	GradientShap	64	1	0.1	NegativeBinomialAutoencoder	zeros	False
1.0	98	98	354025	off_target	net_84_11226	3	1.0	net_59_10488_net_115_11153_net_84_11226_net_172_10626_net_89_11634_net_76_10367	GradientShap_64_1_0.1_NegativeBinomialAutoencoder_zeros_False	GradientShap	64	1	0.1	NegativeBinomialAutoencoder	zeros	False
0.0	0	98	885	off_target	net_84_11226	4	0.001	net_59_10488_net_115_11153_net_84_11226_net_172_10626_net_89_11634_net_76_10367	GradientShap_64_1_0.1_NegativeBinomialAutoencoder_zeros_False	GradientShap	64	1	0.1	NegativeBinomialAutoencoder	zeros	False
0.0306122448979591	3	98	8851	off_target	net_84_11226	4	0.01	net_59_10488_net_115_11153_net_84_11226_net_172_10626_net_89_11634_net_76_10367	GradientShap_64_1_0.1_NegativeBinomialAutoencoder_zeros_False	GradientShap	64	1	0.1	NegativeBinomialAutoencoder	zeros	False
0.2142857142857142	21	98	44253	off_target	net_84_11226	4	0.05	net_59_10488_net_115_11153_net_84_11226_net_172_10626_net_89_11634_net_76_10367	GradientShap_64_1_0.1_NegativeBinomialAutoencoder_zeros_False	GradientShap	64	1	0.1	NegativeBinomialAutoencoder	zeros	False
0.4591836734693877	45	98	88506	off_target	net_84_11226	4	0.1	net_59_10488_net_115_11153_net_84_11226_net_172_10626_net_89_11634_net_76_10367	GradientShap_64_1_0.1_NegativeBinomialAutoencoder_zeros_False	GradientShap	64	1	0.1	NegativeBinomialAutoencoder	zeros	False
0.7040816326530612	69	98	177012	off_target	net_84_11226	4	0.2	net_59_10488_net_115_11153_net_84_11226_net_172_10626_net_89_11634_net_76_10367	GradientShap_64_1_0.1_NegativeBinomialAutoencoder_zeros_False	GradientShap	64	1	0.1	NegativeBinomialAutoencoder	zeros	False
0.8163265306122449	80	98	221266	off_target	net_84_11226	4	0.25	net_59_10488_net_115_11153_net_84_11226_net_172_10626_net_89_11634_net_76_10367	GradientShap_64_1_0.1_NegativeBinomialAutoencoder_zeros_False	GradientShap	64	1	0.1	NegativeBinomialAutoencoder	zeros	False
1.0	98	98	354025	off_target	net_84_11226	4	0.5	net_59_10488_net_115_11153_net_84_11226_net_172_10626_net_89_11634_net_76_10367	GradientShap_64_1_0.1_NegativeBinomialAutoencoder_zeros_False	GradientShap	64	1	0.1	NegativeBinomialAutoencoder	zeros	False
1.0	98	98	354025	off_target	net_84_11226	4	0.75	net_59_10488_net_115_11153_net_84_11226_net_172_10626_net_89_11634_net_76_10367	GradientShap_64_1_0.1_NegativeBinomialAutoencoder_zeros_False	GradientShap	64	1	0.1	NegativeBinomialAutoencoder	zeros	False
1.0	98	98	354025	off_target	net_84_11226	4	1.0	net_59_10488_net_115_11153_net_84_11226_net_172_10626_net_89_11634_net_76_10367	GradientShap_64_1_0.1_NegativeBinomialAutoencoder_zeros_False	GradientShap	64	1	0.1	NegativeBinomialAutoencoder	zeros	False
0.0167364016736401	4	239	885	off_target	net_172_10626	0	0.001	net_59_10488_net_115_11153_net_84_11226_net_172_10626_net_89_11634_net_76_10367	GradientShap_64_1_0.1_NegativeBinomialAutoencoder_zeros_False	GradientShap	64	1	0.1	NegativeBinomialAutoencoder	zeros	False
0.100418410041841	24	239	8851	off_target	net_172_10626	0	0.01	net_59_10488_net_115_11153_net_84_11226_net_172_10626_net_89_11634_net_76_10367	GradientShap_64_1_0.1_NegativeBinomialAutoencoder_zeros_False	GradientShap	64	1	0.1	NegativeBinomialAutoencoder	zeros	False
0.2301255230125523	55	239	44253	off_target	net_172_10626	0	0.05	net_59_10488_net_115_11153_net_84_11226_net_172_10626_net_89_11634_net_76_10367	GradientShap_64_1_0.1_NegativeBinomialAutoencoder_zeros_False	GradientShap	64	1	0.1	NegativeBinomialAutoencoder	zeros	False
0.3598326359832636	86	239	88506	off_target	net_172_10626	0	0.1	net_59_10488_net_115_11153_net_84_11226_net_172_10626_net_89_11634_net_76_10367	GradientShap_64_1_0.1_NegativeBinomialAutoencoder_zeros_False	GradientShap	64	1	0.1	NegativeBinomialAutoencoder	zeros	False
0.5857740585774058	140	239	177012	off_target	net_172_10626	0	0.2	net_59_10488_net_115_11153_net_84_11226_net_172_10626_net_89_11634_net_76_10367	GradientShap_64_1_0.1_NegativeBinomialAutoencoder_zeros_False	GradientShap	64	1	0.1	NegativeBinomialAutoencoder	zeros	False
0.6861924686192469	164	239	221266	off_target	net_172_10626	0	0.25	net_59_10488_net_115_11153_net_84_11226_net_172_10626_net_89_11634_net_76_10367	GradientShap_64_1_0.1_NegativeBinomialAutoencoder_zeros_False	GradientShap	64	1	0.1	NegativeBinomialAutoencoder	zeros	False
1.0	239	239	354025	off_target	net_172_10626	0	0.5	net_59_10488_net_115_11153_net_84_11226_net_172_10626_net_89_11634_net_76_10367	GradientShap_64_1_0.1_NegativeBinomialAutoencoder_zeros_False	GradientShap	64	1	0.1	NegativeBinomialAutoencoder	zeros	False
1.0	239	239	354025	off_target	net_172_10626	0	0.75	net_59_10488_net_115_11153_net_84_11226_net_172_10626_net_89_11634_net_76_10367	GradientShap_64_1_0.1_NegativeBinomialAutoencoder_zeros_False	GradientShap	64	1	0.1	NegativeBinomialAutoencoder	zeros	False
1.0	239	239	354025	off_target	net_172_10626	0	1.0	net_59_10488_net_115_11153_net_84_11226_net_172_10626_net_89_11634_net_76_10367	GradientShap_64_1_0.1_NegativeBinomialAutoencoder_zeros_False	GradientShap	64	1	0.1	NegativeBinomialAutoencoder	zeros	False
0.0	0	239	885	off_target	net_172_10626	1	0.001	net_59_10488_net_115_11153_net_84_11226_net_172_10626_net_89_11634_net_76_10367	GradientShap_64_1_0.1_NegativeBinomialAutoencoder_zeros_False	GradientShap	64	1	0.1	NegativeBinomialAutoencoder	zeros	False
0.0334728033472803	8	239	8851	off_target	net_172_10626	1	0.01	net_59_10488_net_115_11153_net_84_11226_net_172_10626_net_89_11634_net_76_10367	GradientShap_64_1_0.1_NegativeBinomialAutoencoder_zeros_False	GradientShap	64	1	0.1	NegativeBinomialAutoencoder	zeros	False
0.1882845188284518	45	239	44253	off_target	net_172_10626	1	0.05	net_59_10488_net_115_11153_net_84_11226_net_172_10626_net_89_11634_net_76_10367	GradientShap_64_1_0.1_NegativeBinomialAutoencoder_zeros_False	GradientShap	64	1	0.1	NegativeBinomialAutoencoder	zeros	False
0.2928870292887029	70	239	88506	off_target	net_172_10626	1	0.1	net_59_10488_net_115_11153_net_84_11226_net_172_10626_net_89_11634_net_76_10367	GradientShap_64_1_0.1_NegativeBinomialAutoencoder_zeros_False	GradientShap	64	1	0.1	NegativeBinomialAutoencoder	zeros	False
0.5774058577405857	138	239	177012	off_target	net_172_10626	1	0.2	net_59_10488_net_115_11153_net_84_11226_net_172_10626_net_89_11634_net_76_10367	GradientShap_64_1_0.1_NegativeBinomialAutoencoder_zeros_False	GradientShap	64	1	0.1	NegativeBinomialAutoencoder	zeros	False
0.6736401673640168	161	239	221266	off_target	net_172_10626	1	0.25	net_59_10488_net_115_11153_net_84_11226_net_172_10626_net_89_11634_net_76_10367	GradientShap_64_1_0.1_NegativeBinomialAutoencoder_zeros_False	GradientShap	64	1	0.1	NegativeBinomialAutoencoder	zeros	False
1.0	239	239	354025	off_target	net_172_10626	1	0.5	net_59_10488_net_115_11153_net_84_11226_net_172_10626_net_89_11634_net_76_10367	GradientShap_64_1_0.1_NegativeBinomialAutoencoder_zeros_False	GradientShap	64	1	0.1	NegativeBinomialAutoencoder	zeros	False
1.0	239	239	354025	off_target	net_172_10626	1	0.75	net_59_10488_net_115_11153_net_84_11226_net_172_10626_net_89_11634_net_76_10367	GradientShap_64_1_0.1_NegativeBinomialAutoencoder_zeros_False	GradientShap	64	1	0.1	NegativeBinomialAutoencoder	zeros	False
1.0	239	239	354025	off_target	net_172_10626	1	1.0	net_59_10488_net_115_11153_net_84_11226_net_172_10626_net_89_11634_net_76_10367	GradientShap_64_1_0.1_NegativeBinomialAutoencoder_zeros_False	GradientShap	64	1	0.1	NegativeBinomialAutoencoder	zeros	False
0.0	0	239	885	off_target	net_172_10626	2	0.001	net_59_10488_net_115_11153_net_84_11226_net_172_10626_net_89_11634_net_76_10367	GradientShap_64_1_0.1_NegativeBinomialAutoencoder_zeros_False	GradientShap	64	1	0.1	NegativeBinomialAutoencoder	zeros	False
0.0418410041841004	10	239	8851	off_target	net_172_10626	2	0.01	net_59_10488_net_115_11153_net_84_11226_net_172_10626_net_89_11634_net_76_10367	GradientShap_64_1_0.1_NegativeBinomialAutoencoder_zeros_False	GradientShap	64	1	0.1	NegativeBinomialAutoencoder	zeros	False
0.1631799163179916	39	239	44253	off_target	net_172_10626	2	0.05	net_59_10488_net_115_11153_net_84_11226_net_172_10626_net_89_11634_net_76_10367	GradientShap_64_1_0.1_NegativeBinomialAutoencoder_zeros_False	GradientShap	64	1	0.1	NegativeBinomialAutoencoder	zeros	False
0.309623430962343	74	239	88506	off_target	net_172_10626	2	0.1	net_59_10488_net_115_11153_net_84_11226_net_172_10626_net_89_11634_net_76_10367	GradientShap_64_1_0.1_NegativeBinomialAutoencoder_zeros_False	GradientShap	64	1	0.1	NegativeBinomialAutoencoder	zeros	False
0.5271966527196653	126	239	177012	off_target	net_172_10626	2	0.2	net_59_10488_net_115_11153_net_84_11226_net_172_10626_net_89_11634_net_76_10367	GradientShap_64_1_0.1_NegativeBinomialAutoencoder_zeros_False	GradientShap	64	1	0.1	NegativeBinomialAutoencoder	zeros	False
0.6527196652719666	156	239	221266	off_target	net_172_10626	2	0.25	net_59_10488_net_115_11153_net_84_11226_net_172_10626_net_89_11634_net_76_10367	GradientShap_64_1_0.1_NegativeBinomialAutoencoder_zeros_False	GradientShap	64	1	0.1	NegativeBinomialAutoencoder	zeros	False
1.0	239	239	354025	off_target	net_172_10626	2	0.5	net_59_10488_net_115_11153_net_84_11226_net_172_10626_net_89_11634_net_76_10367	GradientShap_64_1_0.1_NegativeBinomialAutoencoder_zeros_False	GradientShap	64	1	0.1	NegativeBinomialAutoencoder	zeros	False
1.0	239	239	354025	off_target	net_172_10626	2	0.75	net_59_10488_net_115_11153_net_84_11226_net_172_10626_net_89_11634_net_76_10367	GradientShap_64_1_0.1_NegativeBinomialAutoencoder_zeros_False	GradientShap	64	1	0.1	NegativeBinomialAutoencoder	zeros	False
1.0	239	239	354025	off_target	net_172_10626	2	1.0	net_59_10488_net_115_11153_net_84_11226_net_172_10626_net_89_11634_net_76_10367	GradientShap_64_1_0.1_NegativeBinomialAutoencoder_zeros_False	GradientShap	64	1	0.1	NegativeBinomialAutoencoder	zeros	False
0.0	0	239	885	on_target	net_172_10626	3	0.001	net_59_10488_net_115_11153_net_84_11226_net_172_10626_net_89_11634_net_76_10367	GradientShap_64_1_0.1_NegativeBinomialAutoencoder_zeros_False	GradientShap	64	1	0.1	NegativeBinomialAutoencoder	zeros	False
0.0418410041841004	10	239	8851	on_target	net_172_10626	3	0.01	net_59_10488_net_115_11153_net_84_11226_net_172_10626_net_89_11634_net_76_10367	GradientShap_64_1_0.1_NegativeBinomialAutoencoder_zeros_False	GradientShap	64	1	0.1	NegativeBinomialAutoencoder	zeros	False
0.1799163179916318	43	239	44253	on_target	net_172_10626	3	0.05	net_59_10488_net_115_11153_net_84_11226_net_172_10626_net_89_11634_net_76_10367	GradientShap_64_1_0.1_NegativeBinomialAutoencoder_zeros_False	GradientShap	64	1	0.1	NegativeBinomialAutoencoder	zeros	False
0.3974895397489539	95	239	88506	on_target	net_172_10626	3	0.1	net_59_10488_net_115_11153_net_84_11226_net_172_10626_net_89_11634_net_76_10367	GradientShap_64_1_0.1_NegativeBinomialAutoencoder_zeros_False	GradientShap	64	1	0.1	NegativeBinomialAutoencoder	zeros	False
0.6569037656903766	157	239	177012	on_target	net_172_10626	3	0.2	net_59_10488_net_115_11153_net_84_11226_net_172_10626_net_89_11634_net_76_10367	GradientShap_64_1_0.1_NegativeBinomialAutoencoder_zeros_False	GradientShap	64	1	0.1	NegativeBinomialAutoencoder	zeros	False
0.7196652719665272	172	239	221266	on_target	net_172_10626	3	0.25	net_59_10488_net_115_11153_net_84_11226_net_172_10626_net_89_11634_net_76_10367	GradientShap_64_1_0.1_NegativeBinomialAutoencoder_zeros_False	GradientShap	64	1	0.1	NegativeBinomialAutoencoder	zeros	False
1.0	239	239	354025	on_target	net_172_10626	3	0.5	net_59_10488_net_115_11153_net_84_11226_net_172_10626_net_89_11634_net_76_10367	GradientShap_64_1_0.1_NegativeBinomialAutoencoder_zeros_False	GradientShap	64	1	0.1	NegativeBinomialAutoencoder	zeros	False
1.0	239	239	354025	on_target	net_172_10626	3	0.75	net_59_10488_net_115_11153_net_84_11226_net_172_10626_net_89_11634_net_76_10367	GradientShap_64_1_0.1_NegativeBinomialAutoencoder_zeros_False	GradientShap	64	1	0.1	NegativeBinomialAutoencoder	zeros	False
1.0	239	239	354025	on_target	net_172_10626	3	1.0	net_59_10488_net_115_11153_net_84_11226_net_172_10626_net_89_11634_net_76_10367	GradientShap_64_1_0.1_NegativeBinomialAutoencoder_zeros_False	GradientShap	64	1	0.1	NegativeBinomialAutoencoder	zeros	False
0.0	0	239	885	off_target	net_172_10626	4	0.001	net_59_10488_net_115_11153_net_84_11226_net_172_10626_net_89_11634_net_76_10367	GradientShap_64_1_0.1_NegativeBinomialAutoencoder_zeros_False	GradientShap	64	1	0.1	NegativeBinomialAutoencoder	zeros	False
0.00418410041841	1	239	8851	off_target	net_172_10626	4	0.01	net_59_10488_net_115_11153_net_84_11226_net_172_10626_net_89_11634_net_76_10367	GradientShap_64_1_0.1_NegativeBinomialAutoencoder_zeros_False	GradientShap	64	1	0.1	NegativeBinomialAutoencoder	zeros	False
0.100418410041841	24	239	44253	off_target	net_172_10626	4	0.05	net_59_10488_net_115_11153_net_84_11226_net_172_10626_net_89_11634_net_76_10367	GradientShap_64_1_0.1_NegativeBinomialAutoencoder_zeros_False	GradientShap	64	1	0.1	NegativeBinomialAutoencoder	zeros	False
0.2175732217573222	52	239	88506	off_target	net_172_10626	4	0.1	net_59_10488_net_115_11153_net_84_11226_net_172_10626_net_89_11634_net_76_10367	GradientShap_64_1_0.1_NegativeBinomialAutoencoder_zeros_False	GradientShap	64	1	0.1	NegativeBinomialAutoencoder	zeros	False
0.5062761506276151	121	239	177012	off_target	net_172_10626	4	0.2	net_59_10488_net_115_11153_net_84_11226_net_172_10626_net_89_11634_net_76_10367	GradientShap_64_1_0.1_NegativeBinomialAutoencoder_zeros_False	GradientShap	64	1	0.1	NegativeBinomialAutoencoder	zeros	False
0.6485355648535565	155	239	221266	off_target	net_172_10626	4	0.25	net_59_10488_net_115_11153_net_84_11226_net_172_10626_net_89_11634_net_76_10367	GradientShap_64_1_0.1_NegativeBinomialAutoencoder_zeros_False	GradientShap	64	1	0.1	NegativeBinomialAutoencoder	zeros	False
1.0	239	239	354025	off_target	net_172_10626	4	0.5	net_59_10488_net_115_11153_net_84_11226_net_172_10626_net_89_11634_net_76_10367	GradientShap_64_1_0.1_NegativeBinomialAutoencoder_zeros_False	GradientShap	64	1	0.1	NegativeBinomialAutoencoder	zeros	False
1.0	239	239	354025	off_target	net_172_10626	4	0.75	net_59_10488_net_115_11153_net_84_11226_net_172_10626_net_89_11634_net_76_10367	GradientShap_64_1_0.1_NegativeBinomialAutoencoder_zeros_False	GradientShap	64	1	0.1	NegativeBinomialAutoencoder	zeros	False
1.0	239	239	354025	off_target	net_172_10626	4	1.0	net_59_10488_net_115_11153_net_84_11226_net_172_10626_net_89_11634_net_76_10367	GradientShap_64_1_0.1_NegativeBinomialAutoencoder_zeros_False	GradientShap	64	1	0.1	NegativeBinomialAutoencoder	zeros	False
0.0	0	98	885	off_target	net_89_11634	0	0.001	net_59_10488_net_115_11153_net_84_11226_net_172_10626_net_89_11634_net_76_10367	GradientShap_64_1_0.1_NegativeBinomialAutoencoder_zeros_False	GradientShap	64	1	0.1	NegativeBinomialAutoencoder	zeros	False
0.010204081632653	1	98	8851	off_target	net_89_11634	0	0.01	net_59_10488_net_115_11153_net_84_11226_net_172_10626_net_89_11634_net_76_10367	GradientShap_64_1_0.1_NegativeBinomialAutoencoder_zeros_False	GradientShap	64	1	0.1	NegativeBinomialAutoencoder	zeros	False
0.0408163265306122	4	98	44253	off_target	net_89_11634	0	0.05	net_59_10488_net_115_11153_net_84_11226_net_172_10626_net_89_11634_net_76_10367	GradientShap_64_1_0.1_NegativeBinomialAutoencoder_zeros_False	GradientShap	64	1	0.1	NegativeBinomialAutoencoder	zeros	False
0.0612244897959183	6	98	88506	off_target	net_89_11634	0	0.1	net_59_10488_net_115_11153_net_84_11226_net_172_10626_net_89_11634_net_76_10367	GradientShap_64_1_0.1_NegativeBinomialAutoencoder_zeros_False	GradientShap	64	1	0.1	NegativeBinomialAutoencoder	zeros	False
0.173469387755102	17	98	177012	off_target	net_89_11634	0	0.2	net_59_10488_net_115_11153_net_84_11226_net_172_10626_net_89_11634_net_76_10367	GradientShap_64_1_0.1_NegativeBinomialAutoencoder_zeros_False	GradientShap	64	1	0.1	NegativeBinomialAutoencoder	zeros	False
0.5204081632653061	51	98	221266	off_target	net_89_11634	0	0.25	net_59_10488_net_115_11153_net_84_11226_net_172_10626_net_89_11634_net_76_10367	GradientShap_64_1_0.1_NegativeBinomialAutoencoder_zeros_False	GradientShap	64	1	0.1	NegativeBinomialAutoencoder	zeros	False
1.0	98	98	354025	off_target	net_89_11634	0	0.5	net_59_10488_net_115_11153_net_84_11226_net_172_10626_net_89_11634_net_76_10367	GradientShap_64_1_0.1_NegativeBinomialAutoencoder_zeros_False	GradientShap	64	1	0.1	NegativeBinomialAutoencoder	zeros	False
1.0	98	98	354025	off_target	net_89_11634	0	0.75	net_59_10488_net_115_11153_net_84_11226_net_172_10626_net_89_11634_net_76_10367	GradientShap_64_1_0.1_NegativeBinomialAutoencoder_zeros_False	GradientShap	64	1	0.1	NegativeBinomialAutoencoder	zeros	False
1.0	98	98	354025	off_target	net_89_11634	0	1.0	net_59_10488_net_115_11153_net_84_11226_net_172_10626_net_89_11634_net_76_10367	GradientShap_64_1_0.1_NegativeBinomialAutoencoder_zeros_False	GradientShap	64	1	0.1	NegativeBinomialAutoencoder	zeros	False
0.010204081632653	1	98	885	off_target	net_89_11634	1	0.001	net_59_10488_net_115_11153_net_84_11226_net_172_10626_net_89_11634_net_76_10367	GradientShap_64_1_0.1_NegativeBinomialAutoencoder_zeros_False	GradientShap	64	1	0.1	NegativeBinomialAutoencoder	zeros	False
0.1122448979591836	11	98	8851	off_target	net_89_11634	1	0.01	net_59_10488_net_115_11153_net_84_11226_net_172_10626_net_89_11634_net_76_10367	GradientShap_64_1_0.1_NegativeBinomialAutoencoder_zeros_False	GradientShap	64	1	0.1	NegativeBinomialAutoencoder	zeros	False
0.3877551020408163	38	98	44253	off_target	net_89_11634	1	0.05	net_59_10488_net_115_11153_net_84_11226_net_172_10626_net_89_11634_net_76_10367	GradientShap_64_1_0.1_NegativeBinomialAutoencoder_zeros_False	GradientShap	64	1	0.1	NegativeBinomialAutoencoder	zeros	False
0.5816326530612245	57	98	88506	off_target	net_89_11634	1	0.1	net_59_10488_net_115_11153_net_84_11226_net_172_10626_net_89_11634_net_76_10367	GradientShap_64_1_0.1_NegativeBinomialAutoencoder_zeros_False	GradientShap	64	1	0.1	NegativeBinomialAutoencoder	zeros	False
0.7040816326530612	69	98	177012	off_target	net_89_11634	1	0.2	net_59_10488_net_115_11153_net_84_11226_net_172_10626_net_89_11634_net_76_10367	GradientShap_64_1_0.1_NegativeBinomialAutoencoder_zeros_False	GradientShap	64	1	0.1	NegativeBinomialAutoencoder	zeros	False
0.7448979591836735	73	98	221266	off_target	net_89_11634	1	0.25	net_59_10488_net_115_11153_net_84_11226_net_172_10626_net_89_11634_net_76_10367	GradientShap_64_1_0.1_NegativeBinomialAutoencoder_zeros_False	GradientShap	64	1	0.1	NegativeBinomialAutoencoder	zeros	False
1.0	98	98	354025	off_target	net_89_11634	1	0.5	net_59_10488_net_115_11153_net_84_11226_net_172_10626_net_89_11634_net_76_10367	GradientShap_64_1_0.1_NegativeBinomialAutoencoder_zeros_False	GradientShap	64	1	0.1	NegativeBinomialAutoencoder	zeros	False
1.0	98	98	354025	off_target	net_89_11634	1	0.75	net_59_10488_net_115_11153_net_84_11226_net_172_10626_net_89_11634_net_76_10367	GradientShap_64_1_0.1_NegativeBinomialAutoencoder_zeros_False	GradientShap	64	1	0.1	NegativeBinomialAutoencoder	zeros	False
1.0	98	98	354025	off_target	net_89_11634	1	1.0	net_59_10488_net_115_11153_net_84_11226_net_172_10626_net_89_11634_net_76_10367	GradientShap_64_1_0.1_NegativeBinomialAutoencoder_zeros_False	GradientShap	64	1	0.1	NegativeBinomialAutoencoder	zeros	False
0.0	0	98	885	off_target	net_89_11634	2	0.001	net_59_10488_net_115_11153_net_84_11226_net_172_10626_net_89_11634_net_76_10367	GradientShap_64_1_0.1_NegativeBinomialAutoencoder_zeros_False	GradientShap	64	1	0.1	NegativeBinomialAutoencoder	zeros	False
0.010204081632653	1	98	8851	off_target	net_89_11634	2	0.01	net_59_10488_net_115_11153_net_84_11226_net_172_10626_net_89_11634_net_76_10367	GradientShap_64_1_0.1_NegativeBinomialAutoencoder_zeros_False	GradientShap	64	1	0.1	NegativeBinomialAutoencoder	zeros	False
0.0612244897959183	6	98	44253	off_target	net_89_11634	2	0.05	net_59_10488_net_115_11153_net_84_11226_net_172_10626_net_89_11634_net_76_10367	GradientShap_64_1_0.1_NegativeBinomialAutoencoder_zeros_False	GradientShap	64	1	0.1	NegativeBinomialAutoencoder	zeros	False
0.1938775510204081	19	98	88506	off_target	net_89_11634	2	0.1	net_59_10488_net_115_11153_net_84_11226_net_172_10626_net_89_11634_net_76_10367	GradientShap_64_1_0.1_NegativeBinomialAutoencoder_zeros_False	GradientShap	64	1	0.1	NegativeBinomialAutoencoder	zeros	False
0.5612244897959183	55	98	177012	off_target	net_89_11634	2	0.2	net_59_10488_net_115_11153_net_84_11226_net_172_10626_net_89_11634_net_76_10367	GradientShap_64_1_0.1_NegativeBinomialAutoencoder_zeros_False	GradientShap	64	1	0.1	NegativeBinomialAutoencoder	zeros	False
0.6632653061224489	65	98	221266	off_target	net_89_11634	2	0.25	net_59_10488_net_115_11153_net_84_11226_net_172_10626_net_89_11634_net_76_10367	GradientShap_64_1_0.1_NegativeBinomialAutoencoder_zeros_False	GradientShap	64	1	0.1	NegativeBinomialAutoencoder	zeros	False
1.0	98	98	354025	off_target	net_89_11634	2	0.5	net_59_10488_net_115_11153_net_84_11226_net_172_10626_net_89_11634_net_76_10367	GradientShap_64_1_0.1_NegativeBinomialAutoencoder_zeros_False	GradientShap	64	1	0.1	NegativeBinomialAutoencoder	zeros	False
1.0	98	98	354025	off_target	net_89_11634	2	0.75	net_59_10488_net_115_11153_net_84_11226_net_172_10626_net_89_11634_net_76_10367	GradientShap_64_1_0.1_NegativeBinomialAutoencoder_zeros_False	GradientShap	64	1	0.1	NegativeBinomialAutoencoder	zeros	False
1.0	98	98	354025	off_target	net_89_11634	2	1.0	net_59_10488_net_115_11153_net_84_11226_net_172_10626_net_89_11634_net_76_10367	GradientShap_64_1_0.1_NegativeBinomialAutoencoder_zeros_False	GradientShap	64	1	0.1	NegativeBinomialAutoencoder	zeros	False
0.010204081632653	1	98	885	off_target	net_89_11634	3	0.001	net_59_10488_net_115_11153_net_84_11226_net_172_10626_net_89_11634_net_76_10367	GradientShap_64_1_0.1_NegativeBinomialAutoencoder_zeros_False	GradientShap	64	1	0.1	NegativeBinomialAutoencoder	zeros	False
0.1224489795918367	12	98	8851	off_target	net_89_11634	3	0.01	net_59_10488_net_115_11153_net_84_11226_net_172_10626_net_89_11634_net_76_10367	GradientShap_64_1_0.1_NegativeBinomialAutoencoder_zeros_False	GradientShap	64	1	0.1	NegativeBinomialAutoencoder	zeros	False
0.4693877551020408	46	98	44253	off_target	net_89_11634	3	0.05	net_59_10488_net_115_11153_net_84_11226_net_172_10626_net_89_11634_net_76_10367	GradientShap_64_1_0.1_NegativeBinomialAutoencoder_zeros_False	GradientShap	64	1	0.1	NegativeBinomialAutoencoder	zeros	False
0.6224489795918368	61	98	88506	off_target	net_89_11634	3	0.1	net_59_10488_net_115_11153_net_84_11226_net_172_10626_net_89_11634_net_76_10367	GradientShap_64_1_0.1_NegativeBinomialAutoencoder_zeros_False	GradientShap	64	1	0.1	NegativeBinomialAutoencoder	zeros	False
0.7244897959183674	71	98	177012	off_target	net_89_11634	3	0.2	net_59_10488_net_115_11153_net_84_11226_net_172_10626_net_89_11634_net_76_10367	GradientShap_64_1_0.1_NegativeBinomialAutoencoder_zeros_False	GradientShap	64	1	0.1	NegativeBinomialAutoencoder	zeros	False
0.7551020408163265	74	98	221266	off_target	net_89_11634	3	0.25	net_59_10488_net_115_11153_net_84_11226_net_172_10626_net_89_11634_net_76_10367	GradientShap_64_1_0.1_NegativeBinomialAutoencoder_zeros_False	GradientShap	64	1	0.1	NegativeBinomialAutoencoder	zeros	False
1.0	98	98	354025	off_target	net_89_11634	3	0.5	net_59_10488_net_115_11153_net_84_11226_net_172_10626_net_89_11634_net_76_10367	GradientShap_64_1_0.1_NegativeBinomialAutoencoder_zeros_False	GradientShap	64	1	0.1	NegativeBinomialAutoencoder	zeros	False
1.0	98	98	354025	off_target	net_89_11634	3	0.75	net_59_10488_net_115_11153_net_84_11226_net_172_10626_net_89_11634_net_76_10367	GradientShap_64_1_0.1_NegativeBinomialAutoencoder_zeros_False	GradientShap	64	1	0.1	NegativeBinomialAutoencoder	zeros	False
1.0	98	98	354025	off_target	net_89_11634	3	1.0	net_59_10488_net_115_11153_net_84_11226_net_172_10626_net_89_11634_net_76_10367	GradientShap_64_1_0.1_NegativeBinomialAutoencoder_zeros_False	GradientShap	64	1	0.1	NegativeBinomialAutoencoder	zeros	False
0.0204081632653061	2	98	885	on_target	net_89_11634	4	0.001	net_59_10488_net_115_11153_net_84_11226_net_172_10626_net_89_11634_net_76_10367	GradientShap_64_1_0.1_NegativeBinomialAutoencoder_zeros_False	GradientShap	64	1	0.1	NegativeBinomialAutoencoder	zeros	False
0.1122448979591836	11	98	8851	on_target	net_89_11634	4	0.01	net_59_10488_net_115_11153_net_84_11226_net_172_10626_net_89_11634_net_76_10367	GradientShap_64_1_0.1_NegativeBinomialAutoencoder_zeros_False	GradientShap	64	1	0.1	NegativeBinomialAutoencoder	zeros	False
0.2448979591836734	24	98	44253	on_target	net_89_11634	4	0.05	net_59_10488_net_115_11153_net_84_11226_net_172_10626_net_89_11634_net_76_10367	GradientShap_64_1_0.1_NegativeBinomialAutoencoder_zeros_False	GradientShap	64	1	0.1	NegativeBinomialAutoencoder	zeros	False
0.3775510204081632	37	98	88506	on_target	net_89_11634	4	0.1	net_59_10488_net_115_11153_net_84_11226_net_172_10626_net_89_11634_net_76_10367	GradientShap_64_1_0.1_NegativeBinomialAutoencoder_zeros_False	GradientShap	64	1	0.1	NegativeBinomialAutoencoder	zeros	False
0.5204081632653061	51	98	177012	on_target	net_89_11634	4	0.2	net_59_10488_net_115_11153_net_84_11226_net_172_10626_net_89_11634_net_76_10367	GradientShap_64_1_0.1_NegativeBinomialAutoencoder_zeros_False	GradientShap	64	1	0.1	NegativeBinomialAutoencoder	zeros	False
0.5714285714285714	56	98	221266	on_target	net_89_11634	4	0.25	net_59_10488_net_115_11153_net_84_11226_net_172_10626_net_89_11634_net_76_10367	GradientShap_64_1_0.1_NegativeBinomialAutoencoder_zeros_False	GradientShap	64	1	0.1	NegativeBinomialAutoencoder	zeros	False
1.0	98	98	354025	on_target	net_89_11634	4	0.5	net_59_10488_net_115_11153_net_84_11226_net_172_10626_net_89_11634_net_76_10367	GradientShap_64_1_0.1_NegativeBinomialAutoencoder_zeros_False	GradientShap	64	1	0.1	NegativeBinomialAutoencoder	zeros	False
1.0	98	98	354025	on_target	net_89_11634	4	0.75	net_59_10488_net_115_11153_net_84_11226_net_172_10626_net_89_11634_net_76_10367	GradientShap_64_1_0.1_NegativeBinomialAutoencoder_zeros_False	GradientShap	64	1	0.1	NegativeBinomialAutoencoder	zeros	False
1.0	98	98	354025	on_target	net_89_11634	4	1.0	net_59_10488_net_115_11153_net_84_11226_net_172_10626_net_89_11634_net_76_10367	GradientShap_64_1_0.1_NegativeBinomialAutoencoder_zeros_False	GradientShap	64	1	0.1	NegativeBinomialAutoencoder	zeros	False
0.0526315789473684	6	114	737	on_target	net_71_11397	0	0.001	net_71_11397_net_113_11113_net_135_11054_net_53_11196_net_82_10152_net_89_11634	GradientShap_64_1_0.1_NegativeBinomialAutoencoder_zeros_False	GradientShap	64	1	0.1	NegativeBinomialAutoencoder	zeros	False
0.2280701754385964	26	114	7371	on_target	net_71_11397	0	0.01	net_71_11397_net_113_11113_net_135_11054_net_53_11196_net_82_10152_net_89_11634	GradientShap_64_1_0.1_NegativeBinomialAutoencoder_zeros_False	GradientShap	64	1	0.1	NegativeBinomialAutoencoder	zeros	False
0.4736842105263157	54	114	36856	on_target	net_71_11397	0	0.05	net_71_11397_net_113_11113_net_135_11054_net_53_11196_net_82_10152_net_89_11634	GradientShap_64_1_0.1_NegativeBinomialAutoencoder_zeros_False	GradientShap	64	1	0.1	NegativeBinomialAutoencoder	zeros	False
0.5964912280701754	68	114	73712	on_target	net_71_11397	0	0.1	net_71_11397_net_113_11113_net_135_11054_net_53_11196_net_82_10152_net_89_11634	GradientShap_64_1_0.1_NegativeBinomialAutoencoder_zeros_False	GradientShap	64	1	0.1	NegativeBinomialAutoencoder	zeros	False
0.7192982456140351	82	114	147424	on_target	net_71_11397	0	0.2	net_71_11397_net_113_11113_net_135_11054_net_53_11196_net_82_10152_net_89_11634	GradientShap_64_1_0.1_NegativeBinomialAutoencoder_zeros_False	GradientShap	64	1	0.1	NegativeBinomialAutoencoder	zeros	False
0.7631578947368421	87	114	184281	on_target	net_71_11397	0	0.25	net_71_11397_net_113_11113_net_135_11054_net_53_11196_net_82_10152_net_89_11634	GradientShap_64_1_0.1_NegativeBinomialAutoencoder_zeros_False	GradientShap	64	1	0.1	NegativeBinomialAutoencoder	zeros	False
1.0	114	114	294849	on_target	net_71_11397	0	0.5	net_71_11397_net_113_11113_net_135_11054_net_53_11196_net_82_10152_net_89_11634	GradientShap_64_1_0.1_NegativeBinomialAutoencoder_zeros_False	GradientShap	64	1	0.1	NegativeBinomialAutoencoder	zeros	False
1.0	114	114	294849	on_target	net_71_11397	0	0.75	net_71_11397_net_113_11113_net_135_11054_net_53_11196_net_82_10152_net_89_11634	GradientShap_64_1_0.1_NegativeBinomialAutoencoder_zeros_False	GradientShap	64	1	0.1	NegativeBinomialAutoencoder	zeros	False
1.0	114	114	294849	on_target	net_71_11397	0	1.0	net_71_11397_net_113_11113_net_135_11054_net_53_11196_net_82_10152_net_89_11634	GradientShap_64_1_0.1_NegativeBinomialAutoencoder_zeros_False	GradientShap	64	1	0.1	NegativeBinomialAutoencoder	zeros	False
0.0	0	114	737	off_target	net_71_11397	1	0.001	net_71_11397_net_113_11113_net_135_11054_net_53_11196_net_82_10152_net_89_11634	GradientShap_64_1_0.1_NegativeBinomialAutoencoder_zeros_False	GradientShap	64	1	0.1	NegativeBinomialAutoencoder	zeros	False
0.0	0	114	7371	off_target	net_71_11397	1	0.01	net_71_11397_net_113_11113_net_135_11054_net_53_11196_net_82_10152_net_89_11634	GradientShap_64_1_0.1_NegativeBinomialAutoencoder_zeros_False	GradientShap	64	1	0.1	NegativeBinomialAutoencoder	zeros	False
0.0350877192982456	4	114	36856	off_target	net_71_11397	1	0.05	net_71_11397_net_113_11113_net_135_11054_net_53_11196_net_82_10152_net_89_11634	GradientShap_64_1_0.1_NegativeBinomialAutoencoder_zeros_False	GradientShap	64	1	0.1	NegativeBinomialAutoencoder	zeros	False
0.1140350877192982	13	114	73712	off_target	net_71_11397	1	0.1	net_71_11397_net_113_11113_net_135_11054_net_53_11196_net_82_10152_net_89_11634	GradientShap_64_1_0.1_NegativeBinomialAutoencoder_zeros_False	GradientShap	64	1	0.1	NegativeBinomialAutoencoder	zeros	False
0.4649122807017544	53	114	147424	off_target	net_71_11397	1	0.2	net_71_11397_net_113_11113_net_135_11054_net_53_11196_net_82_10152_net_89_11634	GradientShap_64_1_0.1_NegativeBinomialAutoencoder_zeros_False	GradientShap	64	1	0.1	NegativeBinomialAutoencoder	zeros	False
0.6491228070175439	74	114	184281	off_target	net_71_11397	1	0.25	net_71_11397_net_113_11113_net_135_11054_net_53_11196_net_82_10152_net_89_11634	GradientShap_64_1_0.1_NegativeBinomialAutoencoder_zeros_False	GradientShap	64	1	0.1	NegativeBinomialAutoencoder	zeros	False
1.0	114	114	294849	off_target	net_71_11397	1	0.5	net_71_11397_net_113_11113_net_135_11054_net_53_11196_net_82_10152_net_89_11634	GradientShap_64_1_0.1_NegativeBinomialAutoencoder_zeros_False	GradientShap	64	1	0.1	NegativeBinomialAutoencoder	zeros	False
1.0	114	114	294849	off_target	net_71_11397	1	0.75	net_71_11397_net_113_11113_net_135_11054_net_53_11196_net_82_10152_net_89_11634	GradientShap_64_1_0.1_NegativeBinomialAutoencoder_zeros_False	GradientShap	64	1	0.1	NegativeBinomialAutoencoder	zeros	False
1.0	114	114	294849	off_target	net_71_11397	1	1.0	net_71_11397_net_113_11113_net_135_11054_net_53_11196_net_82_10152_net_89_11634	GradientShap_64_1_0.1_NegativeBinomialAutoencoder_zeros_False	GradientShap	64	1	0.1	NegativeBinomialAutoencoder	zeros	False
0.0	0	114	737	off_target	net_71_11397	2	0.001	net_71_11397_net_113_11113_net_135_11054_net_53_11196_net_82_10152_net_89_11634	GradientShap_64_1_0.1_NegativeBinomialAutoencoder_zeros_False	GradientShap	64	1	0.1	NegativeBinomialAutoencoder	zeros	False
0.0789473684210526	9	114	7371	off_target	net_71_11397	2	0.01	net_71_11397_net_113_11113_net_135_11054_net_53_11196_net_82_10152_net_89_11634	GradientShap_64_1_0.1_NegativeBinomialAutoencoder_zeros_False	GradientShap	64	1	0.1	NegativeBinomialAutoencoder	zeros	False
0.3070175438596491	35	114	36856	off_target	net_71_11397	2	0.05	net_71_11397_net_113_11113_net_135_11054_net_53_11196_net_82_10152_net_89_11634	GradientShap_64_1_0.1_NegativeBinomialAutoencoder_zeros_False	GradientShap	64	1	0.1	NegativeBinomialAutoencoder	zeros	False
0.4385964912280701	50	114	73712	off_target	net_71_11397	2	0.1	net_71_11397_net_113_11113_net_135_11054_net_53_11196_net_82_10152_net_89_11634	GradientShap_64_1_0.1_NegativeBinomialAutoencoder_zeros_False	GradientShap	64	1	0.1	NegativeBinomialAutoencoder	zeros	False
0.5964912280701754	68	114	147424	off_target	net_71_11397	2	0.2	net_71_11397_net_113_11113_net_135_11054_net_53_11196_net_82_10152_net_89_11634	GradientShap_64_1_0.1_NegativeBinomialAutoencoder_zeros_False	GradientShap	64	1	0.1	NegativeBinomialAutoencoder	zeros	False
0.6929824561403509	79	114	184281	off_target	net_71_11397	2	0.25	net_71_11397_net_113_11113_net_135_11054_net_53_11196_net_82_10152_net_89_11634	GradientShap_64_1_0.1_NegativeBinomialAutoencoder_zeros_False	GradientShap	64	1	0.1	NegativeBinomialAutoencoder	zeros	False
1.0	114	114	294849	off_target	net_71_11397	2	0.5	net_71_11397_net_113_11113_net_135_11054_net_53_11196_net_82_10152_net_89_11634	GradientShap_64_1_0.1_NegativeBinomialAutoencoder_zeros_False	GradientShap	64	1	0.1	NegativeBinomialAutoencoder	zeros	False
1.0	114	114	294849	off_target	net_71_11397	2	0.75	net_71_11397_net_113_11113_net_135_11054_net_53_11196_net_82_10152_net_89_11634	GradientShap_64_1_0.1_NegativeBinomialAutoencoder_zeros_False	GradientShap	64	1	0.1	NegativeBinomialAutoencoder	zeros	False
1.0	114	114	294849	off_target	net_71_11397	2	1.0	net_71_11397_net_113_11113_net_135_11054_net_53_11196_net_82_10152_net_89_11634	GradientShap_64_1_0.1_NegativeBinomialAutoencoder_zeros_False	GradientShap	64	1	0.1	NegativeBinomialAutoencoder	zeros	False
0.0	0	114	737	off_target	net_71_11397	3	0.001	net_71_11397_net_113_11113_net_135_11054_net_53_11196_net_82_10152_net_89_11634	GradientShap_64_1_0.1_NegativeBinomialAutoencoder_zeros_False	GradientShap	64	1	0.1	NegativeBinomialAutoencoder	zeros	False
0.0	0	114	7371	off_target	net_71_11397	3	0.01	net_71_11397_net_113_11113_net_135_11054_net_53_11196_net_82_10152_net_89_11634	GradientShap_64_1_0.1_NegativeBinomialAutoencoder_zeros_False	GradientShap	64	1	0.1	NegativeBinomialAutoencoder	zeros	False
0.0964912280701754	11	114	36856	off_target	net_71_11397	3	0.05	net_71_11397_net_113_11113_net_135_11054_net_53_11196_net_82_10152_net_89_11634	GradientShap_64_1_0.1_NegativeBinomialAutoencoder_zeros_False	GradientShap	64	1	0.1	NegativeBinomialAutoencoder	zeros	False
0.2017543859649122	23	114	73712	off_target	net_71_11397	3	0.1	net_71_11397_net_113_11113_net_135_11054_net_53_11196_net_82_10152_net_89_11634	GradientShap_64_1_0.1_NegativeBinomialAutoencoder_zeros_False	GradientShap	64	1	0.1	NegativeBinomialAutoencoder	zeros	False
0.5175438596491229	59	114	147424	off_target	net_71_11397	3	0.2	net_71_11397_net_113_11113_net_135_11054_net_53_11196_net_82_10152_net_89_11634	GradientShap_64_1_0.1_NegativeBinomialAutoencoder_zeros_False	GradientShap	64	1	0.1	NegativeBinomialAutoencoder	zeros	False
0.7017543859649122	80	114	184281	off_target	net_71_11397	3	0.25	net_71_11397_net_113_11113_net_135_11054_net_53_11196_net_82_10152_net_89_11634	GradientShap_64_1_0.1_NegativeBinomialAutoencoder_zeros_False	GradientShap	64	1	0.1	NegativeBinomialAutoencoder	zeros	False
1.0	114	114	294849	off_target	net_71_11397	3	0.5	net_71_11397_net_113_11113_net_135_11054_net_53_11196_net_82_10152_net_89_11634	GradientShap_64_1_0.1_NegativeBinomialAutoencoder_zeros_False	GradientShap	64	1	0.1	NegativeBinomialAutoencoder	zeros	False
1.0	114	114	294849	off_target	net_71_11397	3	0.75	net_71_11397_net_113_11113_net_135_11054_net_53_11196_net_82_10152_net_89_11634	GradientShap_64_1_0.1_NegativeBinomialAutoencoder_zeros_False	GradientShap	64	1	0.1	NegativeBinomialAutoencoder	zeros	False
1.0	114	114	294849	off_target	net_71_11397	3	1.0	net_71_11397_net_113_11113_net_135_11054_net_53_11196_net_82_10152_net_89_11634	GradientShap_64_1_0.1_NegativeBinomialAutoencoder_zeros_False	GradientShap	64	1	0.1	NegativeBinomialAutoencoder	zeros	False
0.0	0	114	737	off_target	net_71_11397	4	0.001	net_71_11397_net_113_11113_net_135_11054_net_53_11196_net_82_10152_net_89_11634	GradientShap_64_1_0.1_NegativeBinomialAutoencoder_zeros_False	GradientShap	64	1	0.1	NegativeBinomialAutoencoder	zeros	False
0.0	0	114	7371	off_target	net_71_11397	4	0.01	net_71_11397_net_113_11113_net_135_11054_net_53_11196_net_82_10152_net_89_11634	GradientShap_64_1_0.1_NegativeBinomialAutoencoder_zeros_False	GradientShap	64	1	0.1	NegativeBinomialAutoencoder	zeros	False
0.131578947368421	15	114	36856	off_target	net_71_11397	4	0.05	net_71_11397_net_113_11113_net_135_11054_net_53_11196_net_82_10152_net_89_11634	GradientShap_64_1_0.1_NegativeBinomialAutoencoder_zeros_False	GradientShap	64	1	0.1	NegativeBinomialAutoencoder	zeros	False
0.3157894736842105	36	114	73712	off_target	net_71_11397	4	0.1	net_71_11397_net_113_11113_net_135_11054_net_53_11196_net_82_10152_net_89_11634	GradientShap_64_1_0.1_NegativeBinomialAutoencoder_zeros_False	GradientShap	64	1	0.1	NegativeBinomialAutoencoder	zeros	False
0.6754385964912281	77	114	147424	off_target	net_71_11397	4	0.2	net_71_11397_net_113_11113_net_135_11054_net_53_11196_net_82_10152_net_89_11634	GradientShap_64_1_0.1_NegativeBinomialAutoencoder_zeros_False	GradientShap	64	1	0.1	NegativeBinomialAutoencoder	zeros	False
0.7017543859649122	80	114	184281	off_target	net_71_11397	4	0.25	net_71_11397_net_113_11113_net_135_11054_net_53_11196_net_82_10152_net_89_11634	GradientShap_64_1_0.1_NegativeBinomialAutoencoder_zeros_False	GradientShap	64	1	0.1	NegativeBinomialAutoencoder	zeros	False
1.0	114	114	294849	off_target	net_71_11397	4	0.5	net_71_11397_net_113_11113_net_135_11054_net_53_11196_net_82_10152_net_89_11634	GradientShap_64_1_0.1_NegativeBinomialAutoencoder_zeros_False	GradientShap	64	1	0.1	NegativeBinomialAutoencoder	zeros	False
1.0	114	114	294849	off_target	net_71_11397	4	0.75	net_71_11397_net_113_11113_net_135_11054_net_53_11196_net_82_10152_net_89_11634	GradientShap_64_1_0.1_NegativeBinomialAutoencoder_zeros_False	GradientShap	64	1	0.1	NegativeBinomialAutoencoder	zeros	False
1.0	114	114	294849	off_target	net_71_11397	4	1.0	net_71_11397_net_113_11113_net_135_11054_net_53_11196_net_82_10152_net_89_11634	GradientShap_64_1_0.1_NegativeBinomialAutoencoder_zeros_False	GradientShap	64	1	0.1	NegativeBinomialAutoencoder	zeros	False
0.0	0	112	737	off_target	net_113_11113	0	0.001	net_71_11397_net_113_11113_net_135_11054_net_53_11196_net_82_10152_net_89_11634	GradientShap_64_1_0.1_NegativeBinomialAutoencoder_zeros_False	GradientShap	64	1	0.1	NegativeBinomialAutoencoder	zeros	False
0.0	0	112	7371	off_target	net_113_11113	0	0.01	net_71_11397_net_113_11113_net_135_11054_net_53_11196_net_82_10152_net_89_11634	GradientShap_64_1_0.1_NegativeBinomialAutoencoder_zeros_False	GradientShap	64	1	0.1	NegativeBinomialAutoencoder	zeros	False
0.0	0	112	36856	off_target	net_113_11113	0	0.05	net_71_11397_net_113_11113_net_135_11054_net_53_11196_net_82_10152_net_89_11634	GradientShap_64_1_0.1_NegativeBinomialAutoencoder_zeros_False	GradientShap	64	1	0.1	NegativeBinomialAutoencoder	zeros	False
0.0625	7	112	73712	off_target	net_113_11113	0	0.1	net_71_11397_net_113_11113_net_135_11054_net_53_11196_net_82_10152_net_89_11634	GradientShap_64_1_0.1_NegativeBinomialAutoencoder_zeros_False	GradientShap	64	1	0.1	NegativeBinomialAutoencoder	zeros	False
0.4732142857142857	53	112	147424	off_target	net_113_11113	0	0.2	net_71_11397_net_113_11113_net_135_11054_net_53_11196_net_82_10152_net_89_11634	GradientShap_64_1_0.1_NegativeBinomialAutoencoder_zeros_False	GradientShap	64	1	0.1	NegativeBinomialAutoencoder	zeros	False
0.6160714285714286	69	112	184281	off_target	net_113_11113	0	0.25	net_71_11397_net_113_11113_net_135_11054_net_53_11196_net_82_10152_net_89_11634	GradientShap_64_1_0.1_NegativeBinomialAutoencoder_zeros_False	GradientShap	64	1	0.1	NegativeBinomialAutoencoder	zeros	False
1.0	112	112	294849	off_target	net_113_11113	0	0.5	net_71_11397_net_113_11113_net_135_11054_net_53_11196_net_82_10152_net_89_11634	GradientShap_64_1_0.1_NegativeBinomialAutoencoder_zeros_False	GradientShap	64	1	0.1	NegativeBinomialAutoencoder	zeros	False
1.0	112	112	294849	off_target	net_113_11113	0	0.75	net_71_11397_net_113_11113_net_135_11054_net_53_11196_net_82_10152_net_89_11634	GradientShap_64_1_0.1_NegativeBinomialAutoencoder_zeros_False	GradientShap	64	1	0.1	NegativeBinomialAutoencoder	zeros	False
1.0	112	112	294849	off_target	net_113_11113	0	1.0	net_71_11397_net_113_11113_net_135_11054_net_53_11196_net_82_10152_net_89_11634	GradientShap_64_1_0.1_NegativeBinomialAutoencoder_zeros_False	GradientShap	64	1	0.1	NegativeBinomialAutoencoder	zeros	False
0.0	0	112	737	on_target	net_113_11113	1	0.001	net_71_11397_net_113_11113_net_135_11054_net_53_11196_net_82_10152_net_89_11634	GradientShap_64_1_0.1_NegativeBinomialAutoencoder_zeros_False	GradientShap	64	1	0.1	NegativeBinomialAutoencoder	zeros	False
0.2142857142857142	24	112	7371	on_target	net_113_11113	1	0.01	net_71_11397_net_113_11113_net_135_11054_net_53_11196_net_82_10152_net_89_11634	GradientShap_64_1_0.1_NegativeBinomialAutoencoder_zeros_False	GradientShap	64	1	0.1	NegativeBinomialAutoencoder	zeros	False
0.625	70	112	36856	on_target	net_113_11113	1	0.05	net_71_11397_net_113_11113_net_135_11054_net_53_11196_net_82_10152_net_89_11634	GradientShap_64_1_0.1_NegativeBinomialAutoencoder_zeros_False	GradientShap	64	1	0.1	NegativeBinomialAutoencoder	zeros	False
0.7767857142857143	87	112	73712	on_target	net_113_11113	1	0.1	net_71_11397_net_113_11113_net_135_11054_net_53_11196_net_82_10152_net_89_11634	GradientShap_64_1_0.1_NegativeBinomialAutoencoder_zeros_False	GradientShap	64	1	0.1	NegativeBinomialAutoencoder	zeros	False
0.875	98	112	147424	on_target	net_113_11113	1	0.2	net_71_11397_net_113_11113_net_135_11054_net_53_11196_net_82_10152_net_89_11634	GradientShap_64_1_0.1_NegativeBinomialAutoencoder_zeros_False	GradientShap	64	1	0.1	NegativeBinomialAutoencoder	zeros	False
0.8839285714285714	99	112	184281	on_target	net_113_11113	1	0.25	net_71_11397_net_113_11113_net_135_11054_net_53_11196_net_82_10152_net_89_11634	GradientShap_64_1_0.1_NegativeBinomialAutoencoder_zeros_False	GradientShap	64	1	0.1	NegativeBinomialAutoencoder	zeros	False
1.0	112	112	294849	on_target	net_113_11113	1	0.5	net_71_11397_net_113_11113_net_135_11054_net_53_11196_net_82_10152_net_89_11634	GradientShap_64_1_0.1_NegativeBinomialAutoencoder_zeros_False	GradientShap	64	1	0.1	NegativeBinomialAutoencoder	zeros	False
1.0	112	112	294849	on_target	net_113_11113	1	0.75	net_71_11397_net_113_11113_net_135_11054_net_53_11196_net_82_10152_net_89_11634	GradientShap_64_1_0.1_NegativeBinomialAutoencoder_zeros_False	GradientShap	64	1	0.1	NegativeBinomialAutoencoder	zeros	False
1.0	112	112	294849	on_target	net_113_11113	1	1.0	net_71_11397_net_113_11113_net_135_11054_net_53_11196_net_82_10152_net_89_11634	GradientShap_64_1_0.1_NegativeBinomialAutoencoder_zeros_False	GradientShap	64	1	0.1	NegativeBinomialAutoencoder	zeros	False
0.0	0	112	737	off_target	net_113_11113	2	0.001	net_71_11397_net_113_11113_net_135_11054_net_53_11196_net_82_10152_net_89_11634	GradientShap_64_1_0.1_NegativeBinomialAutoencoder_zeros_False	GradientShap	64	1	0.1	NegativeBinomialAutoencoder	zeros	False
0.0	0	112	7371	off_target	net_113_11113	2	0.01	net_71_11397_net_113_11113_net_135_11054_net_53_11196_net_82_10152_net_89_11634	GradientShap_64_1_0.1_NegativeBinomialAutoencoder_zeros_False	GradientShap	64	1	0.1	NegativeBinomialAutoencoder	zeros	False
0.1160714285714285	13	112	36856	off_target	net_113_11113	2	0.05	net_71_11397_net_113_11113_net_135_11054_net_53_11196_net_82_10152_net_89_11634	GradientShap_64_1_0.1_NegativeBinomialAutoencoder_zeros_False	GradientShap	64	1	0.1	NegativeBinomialAutoencoder	zeros	False
0.4732142857142857	53	112	73712	off_target	net_113_11113	2	0.1	net_71_11397_net_113_11113_net_135_11054_net_53_11196_net_82_10152_net_89_11634	GradientShap_64_1_0.1_NegativeBinomialAutoencoder_zeros_False	GradientShap	64	1	0.1	NegativeBinomialAutoencoder	zeros	False
0.7767857142857143	87	112	147424	off_target	net_113_11113	2	0.2	net_71_11397_net_113_11113_net_135_11054_net_53_11196_net_82_10152_net_89_11634	GradientShap_64_1_0.1_NegativeBinomialAutoencoder_zeros_False	GradientShap	64	1	0.1	NegativeBinomialAutoencoder	zeros	False
0.8571428571428571	96	112	184281	off_target	net_113_11113	2	0.25	net_71_11397_net_113_11113_net_135_11054_net_53_11196_net_82_10152_net_89_11634	GradientShap_64_1_0.1_NegativeBinomialAutoencoder_zeros_False	GradientShap	64	1	0.1	NegativeBinomialAutoencoder	zeros	False
1.0	112	112	294849	off_target	net_113_11113	2	0.5	net_71_11397_net_113_11113_net_135_11054_net_53_11196_net_82_10152_net_89_11634	GradientShap_64_1_0.1_NegativeBinomialAutoencoder_zeros_False	GradientShap	64	1	0.1	NegativeBinomialAutoencoder	zeros	False
1.0	112	112	294849	off_target	net_113_11113	2	0.75	net_71_11397_net_113_11113_net_135_11054_net_53_11196_net_82_10152_net_89_11634	GradientShap_64_1_0.1_NegativeBinomialAutoencoder_zeros_False	GradientShap	64	1	0.1	NegativeBinomialAutoencoder	zeros	False
1.0	112	112	294849	off_target	net_113_11113	2	1.0	net_71_11397_net_113_11113_net_135_11054_net_53_11196_net_82_10152_net_89_11634	GradientShap_64_1_0.1_NegativeBinomialAutoencoder_zeros_False	GradientShap	64	1	0.1	NegativeBinomialAutoencoder	zeros	False
0.0	0	112	737	off_target	net_113_11113	3	0.001	net_71_11397_net_113_11113_net_135_11054_net_53_11196_net_82_10152_net_89_11634	GradientShap_64_1_0.1_NegativeBinomialAutoencoder_zeros_False	GradientShap	64	1	0.1	NegativeBinomialAutoencoder	zeros	False
0.0178571428571428	2	112	7371	off_target	net_113_11113	3	0.01	net_71_11397_net_113_11113_net_135_11054_net_53_11196_net_82_10152_net_89_11634	GradientShap_64_1_0.1_NegativeBinomialAutoencoder_zeros_False	GradientShap	64	1	0.1	NegativeBinomialAutoencoder	zeros	False
0.3125	35	112	36856	off_target	net_113_11113	3	0.05	net_71_11397_net_113_11113_net_135_11054_net_53_11196_net_82_10152_net_89_11634	GradientShap_64_1_0.1_NegativeBinomialAutoencoder_zeros_False	GradientShap	64	1	0.1	NegativeBinomialAutoencoder	zeros	False
0.625	70	112	73712	off_target	net_113_11113	3	0.1	net_71_11397_net_113_11113_net_135_11054_net_53_11196_net_82_10152_net_89_11634	GradientShap_64_1_0.1_NegativeBinomialAutoencoder_zeros_False	GradientShap	64	1	0.1	NegativeBinomialAutoencoder	zeros	False
0.7678571428571429	86	112	147424	off_target	net_113_11113	3	0.2	net_71_11397_net_113_11113_net_135_11054_net_53_11196_net_82_10152_net_89_11634	GradientShap_64_1_0.1_NegativeBinomialAutoencoder_zeros_False	GradientShap	64	1	0.1	NegativeBinomialAutoencoder	zeros	False
0.8392857142857143	94	112	184281	off_target	net_113_11113	3	0.25	net_71_11397_net_113_11113_net_135_11054_net_53_11196_net_82_10152_net_89_11634	GradientShap_64_1_0.1_NegativeBinomialAutoencoder_zeros_False	GradientShap	64	1	0.1	NegativeBinomialAutoencoder	zeros	False
1.0	112	112	294849	off_target	net_113_11113	3	0.5	net_71_11397_net_113_11113_net_135_11054_net_53_11196_net_82_10152_net_89_11634	GradientShap_64_1_0.1_NegativeBinomialAutoencoder_zeros_False	GradientShap	64	1	0.1	NegativeBinomialAutoencoder	zeros	False
1.0	112	112	294849	off_target	net_113_11113	3	0.75	net_71_11397_net_113_11113_net_135_11054_net_53_11196_net_82_10152_net_89_11634	GradientShap_64_1_0.1_NegativeBinomialAutoencoder_zeros_False	GradientShap	64	1	0.1	NegativeBinomialAutoencoder	zeros	False
1.0	112	112	294849	off_target	net_113_11113	3	1.0	net_71_11397_net_113_11113_net_135_11054_net_53_11196_net_82_10152_net_89_11634	GradientShap_64_1_0.1_NegativeBinomialAutoencoder_zeros_False	GradientShap	64	1	0.1	NegativeBinomialAutoencoder	zeros	False
0.0	0	112	737	off_target	net_113_11113	4	0.001	net_71_11397_net_113_11113_net_135_11054_net_53_11196_net_82_10152_net_89_11634	GradientShap_64_1_0.1_NegativeBinomialAutoencoder_zeros_False	GradientShap	64	1	0.1	NegativeBinomialAutoencoder	zeros	False
0.0	0	112	7371	off_target	net_113_11113	4	0.01	net_71_11397_net_113_11113_net_135_11054_net_53_11196_net_82_10152_net_89_11634	GradientShap_64_1_0.1_NegativeBinomialAutoencoder_zeros_False	GradientShap	64	1	0.1	NegativeBinomialAutoencoder	zeros	False
0.0357142857142857	4	112	36856	off_target	net_113_11113	4	0.05	net_71_11397_net_113_11113_net_135_11054_net_53_11196_net_82_10152_net_89_11634	GradientShap_64_1_0.1_NegativeBinomialAutoencoder_zeros_False	GradientShap	64	1	0.1	NegativeBinomialAutoencoder	zeros	False
0.1607142857142857	18	112	73712	off_target	net_113_11113	4	0.1	net_71_11397_net_113_11113_net_135_11054_net_53_11196_net_82_10152_net_89_11634	GradientShap_64_1_0.1_NegativeBinomialAutoencoder_zeros_False	GradientShap	64	1	0.1	NegativeBinomialAutoencoder	zeros	False
0.6339285714285714	71	112	147424	off_target	net_113_11113	4	0.2	net_71_11397_net_113_11113_net_135_11054_net_53_11196_net_82_10152_net_89_11634	GradientShap_64_1_0.1_NegativeBinomialAutoencoder_zeros_False	GradientShap	64	1	0.1	NegativeBinomialAutoencoder	zeros	False
0.8035714285714286	90	112	184281	off_target	net_113_11113	4	0.25	net_71_11397_net_113_11113_net_135_11054_net_53_11196_net_82_10152_net_89_11634	GradientShap_64_1_0.1_NegativeBinomialAutoencoder_zeros_False	GradientShap	64	1	0.1	NegativeBinomialAutoencoder	zeros	False
1.0	112	112	294849	off_target	net_113_11113	4	0.5	net_71_11397_net_113_11113_net_135_11054_net_53_11196_net_82_10152_net_89_11634	GradientShap_64_1_0.1_NegativeBinomialAutoencoder_zeros_False	GradientShap	64	1	0.1	NegativeBinomialAutoencoder	zeros	False
1.0	112	112	294849	off_target	net_113_11113	4	0.75	net_71_11397_net_113_11113_net_135_11054_net_53_11196_net_82_10152_net_89_11634	GradientShap_64_1_0.1_NegativeBinomialAutoencoder_zeros_False	GradientShap	64	1	0.1	NegativeBinomialAutoencoder	zeros	False
1.0	112	112	294849	off_target	net_113_11113	4	1.0	net_71_11397_net_113_11113_net_135_11054_net_53_11196_net_82_10152_net_89_11634	GradientShap_64_1_0.1_NegativeBinomialAutoencoder_zeros_False	GradientShap	64	1	0.1	NegativeBinomialAutoencoder	zeros	False
0.0	0	264	737	off_target	net_135_11054	0	0.001	net_71_11397_net_113_11113_net_135_11054_net_53_11196_net_82_10152_net_89_11634	GradientShap_64_1_0.1_NegativeBinomialAutoencoder_zeros_False	GradientShap	64	1	0.1	NegativeBinomialAutoencoder	zeros	False
0.0037878787878787	1	264	7371	off_target	net_135_11054	0	0.01	net_71_11397_net_113_11113_net_135_11054_net_53_11196_net_82_10152_net_89_11634	GradientShap_64_1_0.1_NegativeBinomialAutoencoder_zeros_False	GradientShap	64	1	0.1	NegativeBinomialAutoencoder	zeros	False
0.1136363636363636	30	264	36856	off_target	net_135_11054	0	0.05	net_71_11397_net_113_11113_net_135_11054_net_53_11196_net_82_10152_net_89_11634	GradientShap_64_1_0.1_NegativeBinomialAutoencoder_zeros_False	GradientShap	64	1	0.1	NegativeBinomialAutoencoder	zeros	False
0.3143939393939394	83	264	73712	off_target	net_135_11054	0	0.1	net_71_11397_net_113_11113_net_135_11054_net_53_11196_net_82_10152_net_89_11634	GradientShap_64_1_0.1_NegativeBinomialAutoencoder_zeros_False	GradientShap	64	1	0.1	NegativeBinomialAutoencoder	zeros	False
0.6136363636363636	162	264	147424	off_target	net_135_11054	0	0.2	net_71_11397_net_113_11113_net_135_11054_net_53_11196_net_82_10152_net_89_11634	GradientShap_64_1_0.1_NegativeBinomialAutoencoder_zeros_False	GradientShap	64	1	0.1	NegativeBinomialAutoencoder	zeros	False
0.7462121212121212	197	264	184281	off_target	net_135_11054	0	0.25	net_71_11397_net_113_11113_net_135_11054_net_53_11196_net_82_10152_net_89_11634	GradientShap_64_1_0.1_NegativeBinomialAutoencoder_zeros_False	GradientShap	64	1	0.1	NegativeBinomialAutoencoder	zeros	False
1.0	264	264	294849	off_target	net_135_11054	0	0.5	net_71_11397_net_113_11113_net_135_11054_net_53_11196_net_82_10152_net_89_11634	GradientShap_64_1_0.1_NegativeBinomialAutoencoder_zeros_False	GradientShap	64	1	0.1	NegativeBinomialAutoencoder	zeros	False
1.0	264	264	294849	off_target	net_135_11054	0	0.75	net_71_11397_net_113_11113_net_135_11054_net_53_11196_net_82_10152_net_89_11634	GradientShap_64_1_0.1_NegativeBinomialAutoencoder_zeros_False	GradientShap	64	1	0.1	NegativeBinomialAutoencoder	zeros	False
1.0	264	264	294849	off_target	net_135_11054	0	1.0	net_71_11397_net_113_11113_net_135_11054_net_53_11196_net_82_10152_net_89_11634	GradientShap_64_1_0.1_NegativeBinomialAutoencoder_zeros_False	GradientShap	64	1	0.1	NegativeBinomialAutoencoder	zeros	False
0.0	0	264	737	off_target	net_135_11054	1	0.001	net_71_11397_net_113_11113_net_135_11054_net_53_11196_net_82_10152_net_89_11634	GradientShap_64_1_0.1_NegativeBinomialAutoencoder_zeros_False	GradientShap	64	1	0.1	NegativeBinomialAutoencoder	zeros	False
0.0075757575757575	2	264	7371	off_target	net_135_11054	1	0.01	net_71_11397_net_113_11113_net_135_11054_net_53_11196_net_82_10152_net_89_11634	GradientShap_64_1_0.1_NegativeBinomialAutoencoder_zeros_False	GradientShap	64	1	0.1	NegativeBinomialAutoencoder	zeros	False
0.1174242424242424	31	264	36856	off_target	net_135_11054	1	0.05	net_71_11397_net_113_11113_net_135_11054_net_53_11196_net_82_10152_net_89_11634	GradientShap_64_1_0.1_NegativeBinomialAutoencoder_zeros_False	GradientShap	64	1	0.1	NegativeBinomialAutoencoder	zeros	False
0.2196969696969697	58	264	73712	off_target	net_135_11054	1	0.1	net_71_11397_net_113_11113_net_135_11054_net_53_11196_net_82_10152_net_89_11634	GradientShap_64_1_0.1_NegativeBinomialAutoencoder_zeros_False	GradientShap	64	1	0.1	NegativeBinomialAutoencoder	zeros	False
0.4924242424242424	130	264	147424	off_target	net_135_11054	1	0.2	net_71_11397_net_113_11113_net_135_11054_net_53_11196_net_82_10152_net_89_11634	GradientShap_64_1_0.1_NegativeBinomialAutoencoder_zeros_False	GradientShap	64	1	0.1	NegativeBinomialAutoencoder	zeros	False
0.6931818181818182	183	264	184281	off_target	net_135_11054	1	0.25	net_71_11397_net_113_11113_net_135_11054_net_53_11196_net_82_10152_net_89_11634	GradientShap_64_1_0.1_NegativeBinomialAutoencoder_zeros_False	GradientShap	64	1	0.1	NegativeBinomialAutoencoder	zeros	False
1.0	264	264	294849	off_target	net_135_11054	1	0.5	net_71_11397_net_113_11113_net_135_11054_net_53_11196_net_82_10152_net_89_11634	GradientShap_64_1_0.1_NegativeBinomialAutoencoder_zeros_False	GradientShap	64	1	0.1	NegativeBinomialAutoencoder	zeros	False
1.0	264	264	294849	off_target	net_135_11054	1	0.75	net_71_11397_net_113_11113_net_135_11054_net_53_11196_net_82_10152_net_89_11634	GradientShap_64_1_0.1_NegativeBinomialAutoencoder_zeros_False	GradientShap	64	1	0.1	NegativeBinomialAutoencoder	zeros	False
1.0	264	264	294849	off_target	net_135_11054	1	1.0	net_71_11397_net_113_11113_net_135_11054_net_53_11196_net_82_10152_net_89_11634	GradientShap_64_1_0.1_NegativeBinomialAutoencoder_zeros_False	GradientShap	64	1	0.1	NegativeBinomialAutoencoder	zeros	False
0.0	0	264	737	on_target	net_135_11054	2	0.001	net_71_11397_net_113_11113_net_135_11054_net_53_11196_net_82_10152_net_89_11634	GradientShap_64_1_0.1_NegativeBinomialAutoencoder_zeros_False	GradientShap	64	1	0.1	NegativeBinomialAutoencoder	zeros	False
0.0946969696969697	25	264	7371	on_target	net_135_11054	2	0.01	net_71_11397_net_113_11113_net_135_11054_net_53_11196_net_82_10152_net_89_11634	GradientShap_64_1_0.1_NegativeBinomialAutoencoder_zeros_False	GradientShap	64	1	0.1	NegativeBinomialAutoencoder	zeros	False
0.25	66	264	36856	on_target	net_135_11054	2	0.05	net_71_11397_net_113_11113_net_135_11054_net_53_11196_net_82_10152_net_89_11634	GradientShap_64_1_0.1_NegativeBinomialAutoencoder_zeros_False	GradientShap	64	1	0.1	NegativeBinomialAutoencoder	zeros	False
0.3409090909090909	90	264	73712	on_target	net_135_11054	2	0.1	net_71_11397_net_113_11113_net_135_11054_net_53_11196_net_82_10152_net_89_11634	GradientShap_64_1_0.1_NegativeBinomialAutoencoder_zeros_False	GradientShap	64	1	0.1	NegativeBinomialAutoencoder	zeros	False
0.5151515151515151	136	264	147424	on_target	net_135_11054	2	0.2	net_71_11397_net_113_11113_net_135_11054_net_53_11196_net_82_10152_net_89_11634	GradientShap_64_1_0.1_NegativeBinomialAutoencoder_zeros_False	GradientShap	64	1	0.1	NegativeBinomialAutoencoder	zeros	False
0.6515151515151515	172	264	184281	on_target	net_135_11054	2	0.25	net_71_11397_net_113_11113_net_135_11054_net_53_11196_net_82_10152_net_89_11634	GradientShap_64_1_0.1_NegativeBinomialAutoencoder_zeros_False	GradientShap	64	1	0.1	NegativeBinomialAutoencoder	zeros	False
1.0	264	264	294849	on_target	net_135_11054	2	0.5	net_71_11397_net_113_11113_net_135_11054_net_53_11196_net_82_10152_net_89_11634	GradientShap_64_1_0.1_NegativeBinomialAutoencoder_zeros_False	GradientShap	64	1	0.1	NegativeBinomialAutoencoder	zeros	False
1.0	264	264	294849	on_target	net_135_11054	2	0.75	net_71_11397_net_113_11113_net_135_11054_net_53_11196_net_82_10152_net_89_11634	GradientShap_64_1_0.1_NegativeBinomialAutoencoder_zeros_False	GradientShap	64	1	0.1	NegativeBinomialAutoencoder	zeros	False
1.0	264	264	294849	on_target	net_135_11054	2	1.0	net_71_11397_net_113_11113_net_135_11054_net_53_11196_net_82_10152_net_89_11634	GradientShap_64_1_0.1_NegativeBinomialAutoencoder_zeros_False	GradientShap	64	1	0.1	NegativeBinomialAutoencoder	zeros	False
0.0	0	264	737	off_target	net_135_11054	3	0.001	net_71_11397_net_113_11113_net_135_11054_net_53_11196_net_82_10152_net_89_11634	GradientShap_64_1_0.1_NegativeBinomialAutoencoder_zeros_False	GradientShap	64	1	0.1	NegativeBinomialAutoencoder	zeros	False
0.034090909090909	9	264	7371	off_target	net_135_11054	3	0.01	net_71_11397_net_113_11113_net_135_11054_net_53_11196_net_82_10152_net_89_11634	GradientShap_64_1_0.1_NegativeBinomialAutoencoder_zeros_False	GradientShap	64	1	0.1	NegativeBinomialAutoencoder	zeros	False
0.1325757575757575	35	264	36856	off_target	net_135_11054	3	0.05	net_71_11397_net_113_11113_net_135_11054_net_53_11196_net_82_10152_net_89_11634	GradientShap_64_1_0.1_NegativeBinomialAutoencoder_zeros_False	GradientShap	64	1	0.1	NegativeBinomialAutoencoder	zeros	False
0.2727272727272727	72	264	73712	off_target	net_135_11054	3	0.1	net_71_11397_net_113_11113_net_135_11054_net_53_11196_net_82_10152_net_89_11634	GradientShap_64_1_0.1_NegativeBinomialAutoencoder_zeros_False	GradientShap	64	1	0.1	NegativeBinomialAutoencoder	zeros	False
0.6060606060606061	160	264	147424	off_target	net_135_11054	3	0.2	net_71_11397_net_113_11113_net_135_11054_net_53_11196_net_82_10152_net_89_11634	GradientShap_64_1_0.1_NegativeBinomialAutoencoder_zeros_False	GradientShap	64	1	0.1	NegativeBinomialAutoencoder	zeros	False
0.6931818181818182	183	264	184281	off_target	net_135_11054	3	0.25	net_71_11397_net_113_11113_net_135_11054_net_53_11196_net_82_10152_net_89_11634	GradientShap_64_1_0.1_NegativeBinomialAutoencoder_zeros_False	GradientShap	64	1	0.1	NegativeBinomialAutoencoder	zeros	False
1.0	264	264	294849	off_target	net_135_11054	3	0.5	net_71_11397_net_113_11113_net_135_11054_net_53_11196_net_82_10152_net_89_11634	GradientShap_64_1_0.1_NegativeBinomialAutoencoder_zeros_False	GradientShap	64	1	0.1	NegativeBinomialAutoencoder	zeros	False
1.0	264	264	294849	off_target	net_135_11054	3	0.75	net_71_11397_net_113_11113_net_135_11054_net_53_11196_net_82_10152_net_89_11634	GradientShap_64_1_0.1_NegativeBinomialAutoencoder_zeros_False	GradientShap	64	1	0.1	NegativeBinomialAutoencoder	zeros	False
1.0	264	264	294849	off_target	net_135_11054	3	1.0	net_71_11397_net_113_11113_net_135_11054_net_53_11196_net_82_10152_net_89_11634	GradientShap_64_1_0.1_NegativeBinomialAutoencoder_zeros_False	GradientShap	64	1	0.1	NegativeBinomialAutoencoder	zeros	False
0.0	0	264	737	off_target	net_135_11054	4	0.001	net_71_11397_net_113_11113_net_135_11054_net_53_11196_net_82_10152_net_89_11634	GradientShap_64_1_0.1_NegativeBinomialAutoencoder_zeros_False	GradientShap	64	1	0.1	NegativeBinomialAutoencoder	zeros	False
0.0113636363636363	3	264	7371	off_target	net_135_11054	4	0.01	net_71_11397_net_113_11113_net_135_11054_net_53_11196_net_82_10152_net_89_11634	GradientShap_64_1_0.1_NegativeBinomialAutoencoder_zeros_False	GradientShap	64	1	0.1	NegativeBinomialAutoencoder	zeros	False
0.1022727272727272	27	264	36856	off_target	net_135_11054	4	0.05	net_71_11397_net_113_11113_net_135_11054_net_53_11196_net_82_10152_net_89_11634	GradientShap_64_1_0.1_NegativeBinomialAutoencoder_zeros_False	GradientShap	64	1	0.1	NegativeBinomialAutoencoder	zeros	False
0.1931818181818181	51	264	73712	off_target	net_135_11054	4	0.1	net_71_11397_net_113_11113_net_135_11054_net_53_11196_net_82_10152_net_89_11634	GradientShap_64_1_0.1_NegativeBinomialAutoencoder_zeros_False	GradientShap	64	1	0.1	NegativeBinomialAutoencoder	zeros	False
0.5189393939393939	137	264	147424	off_target	net_135_11054	4	0.2	net_71_11397_net_113_11113_net_135_11054_net_53_11196_net_82_10152_net_89_11634	GradientShap_64_1_0.1_NegativeBinomialAutoencoder_zeros_False	GradientShap	64	1	0.1	NegativeBinomialAutoencoder	zeros	False
0.678030303030303	179	264	184281	off_target	net_135_11054	4	0.25	net_71_11397_net_113_11113_net_135_11054_net_53_11196_net_82_10152_net_89_11634	GradientShap_64_1_0.1_NegativeBinomialAutoencoder_zeros_False	GradientShap	64	1	0.1	NegativeBinomialAutoencoder	zeros	False
1.0	264	264	294849	off_target	net_135_11054	4	0.5	net_71_11397_net_113_11113_net_135_11054_net_53_11196_net_82_10152_net_89_11634	GradientShap_64_1_0.1_NegativeBinomialAutoencoder_zeros_False	GradientShap	64	1	0.1	NegativeBinomialAutoencoder	zeros	False
1.0	264	264	294849	off_target	net_135_11054	4	0.75	net_71_11397_net_113_11113_net_135_11054_net_53_11196_net_82_10152_net_89_11634	GradientShap_64_1_0.1_NegativeBinomialAutoencoder_zeros_False	GradientShap	64	1	0.1	NegativeBinomialAutoencoder	zeros	False
1.0	264	264	294849	off_target	net_135_11054	4	1.0	net_71_11397_net_113_11113_net_135_11054_net_53_11196_net_82_10152_net_89_11634	GradientShap_64_1_0.1_NegativeBinomialAutoencoder_zeros_False	GradientShap	64	1	0.1	NegativeBinomialAutoencoder	zeros	False
0.0128205128205128	1	78	737	off_target	net_53_11196	0	0.001	net_71_11397_net_113_11113_net_135_11054_net_53_11196_net_82_10152_net_89_11634	GradientShap_64_1_0.1_NegativeBinomialAutoencoder_zeros_False	GradientShap	64	1	0.1	NegativeBinomialAutoencoder	zeros	False
0.0128205128205128	1	78	7371	off_target	net_53_11196	0	0.01	net_71_11397_net_113_11113_net_135_11054_net_53_11196_net_82_10152_net_89_11634	GradientShap_64_1_0.1_NegativeBinomialAutoencoder_zeros_False	GradientShap	64	1	0.1	NegativeBinomialAutoencoder	zeros	False
0.0897435897435897	7	78	36856	off_target	net_53_11196	0	0.05	net_71_11397_net_113_11113_net_135_11054_net_53_11196_net_82_10152_net_89_11634	GradientShap_64_1_0.1_NegativeBinomialAutoencoder_zeros_False	GradientShap	64	1	0.1	NegativeBinomialAutoencoder	zeros	False
0.1282051282051282	10	78	73712	off_target	net_53_11196	0	0.1	net_71_11397_net_113_11113_net_135_11054_net_53_11196_net_82_10152_net_89_11634	GradientShap_64_1_0.1_NegativeBinomialAutoencoder_zeros_False	GradientShap	64	1	0.1	NegativeBinomialAutoencoder	zeros	False
0.4871794871794871	38	78	147424	off_target	net_53_11196	0	0.2	net_71_11397_net_113_11113_net_135_11054_net_53_11196_net_82_10152_net_89_11634	GradientShap_64_1_0.1_NegativeBinomialAutoencoder_zeros_False	GradientShap	64	1	0.1	NegativeBinomialAutoencoder	zeros	False
0.7435897435897436	58	78	184281	off_target	net_53_11196	0	0.25	net_71_11397_net_113_11113_net_135_11054_net_53_11196_net_82_10152_net_89_11634	GradientShap_64_1_0.1_NegativeBinomialAutoencoder_zeros_False	GradientShap	64	1	0.1	NegativeBinomialAutoencoder	zeros	False
1.0	78	78	294849	off_target	net_53_11196	0	0.5	net_71_11397_net_113_11113_net_135_11054_net_53_11196_net_82_10152_net_89_11634	GradientShap_64_1_0.1_NegativeBinomialAutoencoder_zeros_False	GradientShap	64	1	0.1	NegativeBinomialAutoencoder	zeros	False
1.0	78	78	294849	off_target	net_53_11196	0	0.75	net_71_11397_net_113_11113_net_135_11054_net_53_11196_net_82_10152_net_89_11634	GradientShap_64_1_0.1_NegativeBinomialAutoencoder_zeros_False	GradientShap	64	1	0.1	NegativeBinomialAutoencoder	zeros	False
1.0	78	78	294849	off_target	net_53_11196	0	1.0	net_71_11397_net_113_11113_net_135_11054_net_53_11196_net_82_10152_net_89_11634	GradientShap_64_1_0.1_NegativeBinomialAutoencoder_zeros_False	GradientShap	64	1	0.1	NegativeBinomialAutoencoder	zeros	False
0.0	0	78	737	off_target	net_53_11196	1	0.001	net_71_11397_net_113_11113_net_135_11054_net_53_11196_net_82_10152_net_89_11634	GradientShap_64_1_0.1_NegativeBinomialAutoencoder_zeros_False	GradientShap	64	1	0.1	NegativeBinomialAutoencoder	zeros	False
0.0	0	78	7371	off_target	net_53_11196	1	0.01	net_71_11397_net_113_11113_net_135_11054_net_53_11196_net_82_10152_net_89_11634	GradientShap_64_1_0.1_NegativeBinomialAutoencoder_zeros_False	GradientShap	64	1	0.1	NegativeBinomialAutoencoder	zeros	False
0.0128205128205128	1	78	36856	off_target	net_53_11196	1	0.05	net_71_11397_net_113_11113_net_135_11054_net_53_11196_net_82_10152_net_89_11634	GradientShap_64_1_0.1_NegativeBinomialAutoencoder_zeros_False	GradientShap	64	1	0.1	NegativeBinomialAutoencoder	zeros	False
0.0256410256410256	2	78	73712	off_target	net_53_11196	1	0.1	net_71_11397_net_113_11113_net_135_11054_net_53_11196_net_82_10152_net_89_11634	GradientShap_64_1_0.1_NegativeBinomialAutoencoder_zeros_False	GradientShap	64	1	0.1	NegativeBinomialAutoencoder	zeros	False
0.3205128205128205	25	78	147424	off_target	net_53_11196	1	0.2	net_71_11397_net_113_11113_net_135_11054_net_53_11196_net_82_10152_net_89_11634	GradientShap_64_1_0.1_NegativeBinomialAutoencoder_zeros_False	GradientShap	64	1	0.1	NegativeBinomialAutoencoder	zeros	False
0.4871794871794871	38	78	184281	off_target	net_53_11196	1	0.25	net_71_11397_net_113_11113_net_135_11054_net_53_11196_net_82_10152_net_89_11634	GradientShap_64_1_0.1_NegativeBinomialAutoencoder_zeros_False	GradientShap	64	1	0.1	NegativeBinomialAutoencoder	zeros	False
1.0	78	78	294849	off_target	net_53_11196	1	0.5	net_71_11397_net_113_11113_net_135_11054_net_53_11196_net_82_10152_net_89_11634	GradientShap_64_1_0.1_NegativeBinomialAutoencoder_zeros_False	GradientShap	64	1	0.1	NegativeBinomialAutoencoder	zeros	False
1.0	78	78	294849	off_target	net_53_11196	1	0.75	net_71_11397_net_113_11113_net_135_11054_net_53_11196_net_82_10152_net_89_11634	GradientShap_64_1_0.1_NegativeBinomialAutoencoder_zeros_False	GradientShap	64	1	0.1	NegativeBinomialAutoencoder	zeros	False
1.0	78	78	294849	off_target	net_53_11196	1	1.0	net_71_11397_net_113_11113_net_135_11054_net_53_11196_net_82_10152_net_89_11634	GradientShap_64_1_0.1_NegativeBinomialAutoencoder_zeros_False	GradientShap	64	1	0.1	NegativeBinomialAutoencoder	zeros	False
0.0	0	78	737	off_target	net_53_11196	2	0.001	net_71_11397_net_113_11113_net_135_11054_net_53_11196_net_82_10152_net_89_11634	GradientShap_64_1_0.1_NegativeBinomialAutoencoder_zeros_False	GradientShap	64	1	0.1	NegativeBinomialAutoencoder	zeros	False
0.0	0	78	7371	off_target	net_53_11196	2	0.01	net_71_11397_net_113_11113_net_135_11054_net_53_11196_net_82_10152_net_89_11634	GradientShap_64_1_0.1_NegativeBinomialAutoencoder_zeros_False	GradientShap	64	1	0.1	NegativeBinomialAutoencoder	zeros	False
0.0897435897435897	7	78	36856	off_target	net_53_11196	2	0.05	net_71_11397_net_113_11113_net_135_11054_net_53_11196_net_82_10152_net_89_11634	GradientShap_64_1_0.1_NegativeBinomialAutoencoder_zeros_False	GradientShap	64	1	0.1	NegativeBinomialAutoencoder	zeros	False
0.1282051282051282	10	78	73712	off_target	net_53_11196	2	0.1	net_71_11397_net_113_11113_net_135_11054_net_53_11196_net_82_10152_net_89_11634	GradientShap_64_1_0.1_NegativeBinomialAutoencoder_zeros_False	GradientShap	64	1	0.1	NegativeBinomialAutoencoder	zeros	False
0.282051282051282	22	78	147424	off_target	net_53_11196	2	0.2	net_71_11397_net_113_11113_net_135_11054_net_53_11196_net_82_10152_net_89_11634	GradientShap_64_1_0.1_NegativeBinomialAutoencoder_zeros_False	GradientShap	64	1	0.1	NegativeBinomialAutoencoder	zeros	False
0.4743589743589743	37	78	184281	off_target	net_53_11196	2	0.25	net_71_11397_net_113_11113_net_135_11054_net_53_11196_net_82_10152_net_89_11634	GradientShap_64_1_0.1_NegativeBinomialAutoencoder_zeros_False	GradientShap	64	1	0.1	NegativeBinomialAutoencoder	zeros	False
1.0	78	78	294849	off_target	net_53_11196	2	0.5	net_71_11397_net_113_11113_net_135_11054_net_53_11196_net_82_10152_net_89_11634	GradientShap_64_1_0.1_NegativeBinomialAutoencoder_zeros_False	GradientShap	64	1	0.1	NegativeBinomialAutoencoder	zeros	False
1.0	78	78	294849	off_target	net_53_11196	2	0.75	net_71_11397_net_113_11113_net_135_11054_net_53_11196_net_82_10152_net_89_11634	GradientShap_64_1_0.1_NegativeBinomialAutoencoder_zeros_False	GradientShap	64	1	0.1	NegativeBinomialAutoencoder	zeros	False
1.0	78	78	294849	off_target	net_53_11196	2	1.0	net_71_11397_net_113_11113_net_135_11054_net_53_11196_net_82_10152_net_89_11634	GradientShap_64_1_0.1_NegativeBinomialAutoencoder_zeros_False	GradientShap	64	1	0.1	NegativeBinomialAutoencoder	zeros	False
0.0128205128205128	1	78	737	on_target	net_53_11196	3	0.001	net_71_11397_net_113_11113_net_135_11054_net_53_11196_net_82_10152_net_89_11634	GradientShap_64_1_0.1_NegativeBinomialAutoencoder_zeros_False	GradientShap	64	1	0.1	NegativeBinomialAutoencoder	zeros	False
0.0641025641025641	5	78	7371	on_target	net_53_11196	3	0.01	net_71_11397_net_113_11113_net_135_11054_net_53_11196_net_82_10152_net_89_11634	GradientShap_64_1_0.1_NegativeBinomialAutoencoder_zeros_False	GradientShap	64	1	0.1	NegativeBinomialAutoencoder	zeros	False
0.1282051282051282	10	78	36856	on_target	net_53_11196	3	0.05	net_71_11397_net_113_11113_net_135_11054_net_53_11196_net_82_10152_net_89_11634	GradientShap_64_1_0.1_NegativeBinomialAutoencoder_zeros_False	GradientShap	64	1	0.1	NegativeBinomialAutoencoder	zeros	False
0.1538461538461538	12	78	73712	on_target	net_53_11196	3	0.1	net_71_11397_net_113_11113_net_135_11054_net_53_11196_net_82_10152_net_89_11634	GradientShap_64_1_0.1_NegativeBinomialAutoencoder_zeros_False	GradientShap	64	1	0.1	NegativeBinomialAutoencoder	zeros	False
0.3846153846153846	30	78	147424	on_target	net_53_11196	3	0.2	net_71_11397_net_113_11113_net_135_11054_net_53_11196_net_82_10152_net_89_11634	GradientShap_64_1_0.1_NegativeBinomialAutoencoder_zeros_False	GradientShap	64	1	0.1	NegativeBinomialAutoencoder	zeros	False
0.4743589743589743	37	78	184281	on_target	net_53_11196	3	0.25	net_71_11397_net_113_11113_net_135_11054_net_53_11196_net_82_10152_net_89_11634	GradientShap_64_1_0.1_NegativeBinomialAutoencoder_zeros_False	GradientShap	64	1	0.1	NegativeBinomialAutoencoder	zeros	False
1.0	78	78	294849	on_target	net_53_11196	3	0.5	net_71_11397_net_113_11113_net_135_11054_net_53_11196_net_82_10152_net_89_11634	GradientShap_64_1_0.1_NegativeBinomialAutoencoder_zeros_False	GradientShap	64	1	0.1	NegativeBinomialAutoencoder	zeros	False
1.0	78	78	294849	on_target	net_53_11196	3	0.75	net_71_11397_net_113_11113_net_135_11054_net_53_11196_net_82_10152_net_89_11634	GradientShap_64_1_0.1_NegativeBinomialAutoencoder_zeros_False	GradientShap	64	1	0.1	NegativeBinomialAutoencoder	zeros	False
1.0	78	78	294849	on_target	net_53_11196	3	1.0	net_71_11397_net_113_11113_net_135_11054_net_53_11196_net_82_10152_net_89_11634	GradientShap_64_1_0.1_NegativeBinomialAutoencoder_zeros_False	GradientShap	64	1	0.1	NegativeBinomialAutoencoder	zeros	False
0.0	0	78	737	off_target	net_53_11196	4	0.001	net_71_11397_net_113_11113_net_135_11054_net_53_11196_net_82_10152_net_89_11634	GradientShap_64_1_0.1_NegativeBinomialAutoencoder_zeros_False	GradientShap	64	1	0.1	NegativeBinomialAutoencoder	zeros	False
0.0128205128205128	1	78	7371	off_target	net_53_11196	4	0.01	net_71_11397_net_113_11113_net_135_11054_net_53_11196_net_82_10152_net_89_11634	GradientShap_64_1_0.1_NegativeBinomialAutoencoder_zeros_False	GradientShap	64	1	0.1	NegativeBinomialAutoencoder	zeros	False
0.1666666666666666	13	78	36856	off_target	net_53_11196	4	0.05	net_71_11397_net_113_11113_net_135_11054_net_53_11196_net_82_10152_net_89_11634	GradientShap_64_1_0.1_NegativeBinomialAutoencoder_zeros_False	GradientShap	64	1	0.1	NegativeBinomialAutoencoder	zeros	False
0.3461538461538461	27	78	73712	off_target	net_53_11196	4	0.1	net_71_11397_net_113_11113_net_135_11054_net_53_11196_net_82_10152_net_89_11634	GradientShap_64_1_0.1_NegativeBinomialAutoencoder_zeros_False	GradientShap	64	1	0.1	NegativeBinomialAutoencoder	zeros	False
0.5897435897435898	46	78	147424	off_target	net_53_11196	4	0.2	net_71_11397_net_113_11113_net_135_11054_net_53_11196_net_82_10152_net_89_11634	GradientShap_64_1_0.1_NegativeBinomialAutoencoder_zeros_False	GradientShap	64	1	0.1	NegativeBinomialAutoencoder	zeros	False
0.782051282051282	61	78	184281	off_target	net_53_11196	4	0.25	net_71_11397_net_113_11113_net_135_11054_net_53_11196_net_82_10152_net_89_11634	GradientShap_64_1_0.1_NegativeBinomialAutoencoder_zeros_False	GradientShap	64	1	0.1	NegativeBinomialAutoencoder	zeros	False
1.0	78	78	294849	off_target	net_53_11196	4	0.5	net_71_11397_net_113_11113_net_135_11054_net_53_11196_net_82_10152_net_89_11634	GradientShap_64_1_0.1_NegativeBinomialAutoencoder_zeros_False	GradientShap	64	1	0.1	NegativeBinomialAutoencoder	zeros	False
1.0	78	78	294849	off_target	net_53_11196	4	0.75	net_71_11397_net_113_11113_net_135_11054_net_53_11196_net_82_10152_net_89_11634	GradientShap_64_1_0.1_NegativeBinomialAutoencoder_zeros_False	GradientShap	64	1	0.1	NegativeBinomialAutoencoder	zeros	False
1.0	78	78	294849	off_target	net_53_11196	4	1.0	net_71_11397_net_113_11113_net_135_11054_net_53_11196_net_82_10152_net_89_11634	GradientShap_64_1_0.1_NegativeBinomialAutoencoder_zeros_False	GradientShap	64	1	0.1	NegativeBinomialAutoencoder	zeros	False
0.0	0	164	737	off_target	net_82_10152	0	0.001	net_71_11397_net_113_11113_net_135_11054_net_53_11196_net_82_10152_net_89_11634	GradientShap_64_1_0.1_NegativeBinomialAutoencoder_zeros_False	GradientShap	64	1	0.1	NegativeBinomialAutoencoder	zeros	False
0.0060975609756097	1	164	7371	off_target	net_82_10152	0	0.01	net_71_11397_net_113_11113_net_135_11054_net_53_11196_net_82_10152_net_89_11634	GradientShap_64_1_0.1_NegativeBinomialAutoencoder_zeros_False	GradientShap	64	1	0.1	NegativeBinomialAutoencoder	zeros	False
0.0975609756097561	16	164	36856	off_target	net_82_10152	0	0.05	net_71_11397_net_113_11113_net_135_11054_net_53_11196_net_82_10152_net_89_11634	GradientShap_64_1_0.1_NegativeBinomialAutoencoder_zeros_False	GradientShap	64	1	0.1	NegativeBinomialAutoencoder	zeros	False
0.2926829268292683	48	164	73712	off_target	net_82_10152	0	0.1	net_71_11397_net_113_11113_net_135_11054_net_53_11196_net_82_10152_net_89_11634	GradientShap_64_1_0.1_NegativeBinomialAutoencoder_zeros_False	GradientShap	64	1	0.1	NegativeBinomialAutoencoder	zeros	False
0.5609756097560976	92	164	147424	off_target	net_82_10152	0	0.2	net_71_11397_net_113_11113_net_135_11054_net_53_11196_net_82_10152_net_89_11634	GradientShap_64_1_0.1_NegativeBinomialAutoencoder_zeros_False	GradientShap	64	1	0.1	NegativeBinomialAutoencoder	zeros	False
0.6402439024390244	105	164	184281	off_target	net_82_10152	0	0.25	net_71_11397_net_113_11113_net_135_11054_net_53_11196_net_82_10152_net_89_11634	GradientShap_64_1_0.1_NegativeBinomialAutoencoder_zeros_False	GradientShap	64	1	0.1	NegativeBinomialAutoencoder	zeros	False
1.0	164	164	294849	off_target	net_82_10152	0	0.5	net_71_11397_net_113_11113_net_135_11054_net_53_11196_net_82_10152_net_89_11634	GradientShap_64_1_0.1_NegativeBinomialAutoencoder_zeros_False	GradientShap	64	1	0.1	NegativeBinomialAutoencoder	zeros	False
1.0	164	164	294849	off_target	net_82_10152	0	0.75	net_71_11397_net_113_11113_net_135_11054_net_53_11196_net_82_10152_net_89_11634	GradientShap_64_1_0.1_NegativeBinomialAutoencoder_zeros_False	GradientShap	64	1	0.1	NegativeBinomialAutoencoder	zeros	False
1.0	164	164	294849	off_target	net_82_10152	0	1.0	net_71_11397_net_113_11113_net_135_11054_net_53_11196_net_82_10152_net_89_11634	GradientShap_64_1_0.1_NegativeBinomialAutoencoder_zeros_False	GradientShap	64	1	0.1	NegativeBinomialAutoencoder	zeros	False
0.0	0	164	737	off_target	net_82_10152	1	0.001	net_71_11397_net_113_11113_net_135_11054_net_53_11196_net_82_10152_net_89_11634	GradientShap_64_1_0.1_NegativeBinomialAutoencoder_zeros_False	GradientShap	64	1	0.1	NegativeBinomialAutoencoder	zeros	False
0.0	0	164	7371	off_target	net_82_10152	1	0.01	net_71_11397_net_113_11113_net_135_11054_net_53_11196_net_82_10152_net_89_11634	GradientShap_64_1_0.1_NegativeBinomialAutoencoder_zeros_False	GradientShap	64	1	0.1	NegativeBinomialAutoencoder	zeros	False
0.0304878048780487	5	164	36856	off_target	net_82_10152	1	0.05	net_71_11397_net_113_11113_net_135_11054_net_53_11196_net_82_10152_net_89_11634	GradientShap_64_1_0.1_NegativeBinomialAutoencoder_zeros_False	GradientShap	64	1	0.1	NegativeBinomialAutoencoder	zeros	False
0.1158536585365853	19	164	73712	off_target	net_82_10152	1	0.1	net_71_11397_net_113_11113_net_135_11054_net_53_11196_net_82_10152_net_89_11634	GradientShap_64_1_0.1_NegativeBinomialAutoencoder_zeros_False	GradientShap	64	1	0.1	NegativeBinomialAutoencoder	zeros	False
0.4024390243902439	66	164	147424	off_target	net_82_10152	1	0.2	net_71_11397_net_113_11113_net_135_11054_net_53_11196_net_82_10152_net_89_11634	GradientShap_64_1_0.1_NegativeBinomialAutoencoder_zeros_False	GradientShap	64	1	0.1	NegativeBinomialAutoencoder	zeros	False
0.5853658536585366	96	164	184281	off_target	net_82_10152	1	0.25	net_71_11397_net_113_11113_net_135_11054_net_53_11196_net_82_10152_net_89_11634	GradientShap_64_1_0.1_NegativeBinomialAutoencoder_zeros_False	GradientShap	64	1	0.1	NegativeBinomialAutoencoder	zeros	False
1.0	164	164	294849	off_target	net_82_10152	1	0.5	net_71_11397_net_113_11113_net_135_11054_net_53_11196_net_82_10152_net_89_11634	GradientShap_64_1_0.1_NegativeBinomialAutoencoder_zeros_False	GradientShap	64	1	0.1	NegativeBinomialAutoencoder	zeros	False
1.0	164	164	294849	off_target	net_82_10152	1	0.75	net_71_11397_net_113_11113_net_135_11054_net_53_11196_net_82_10152_net_89_11634	GradientShap_64_1_0.1_NegativeBinomialAutoencoder_zeros_False	GradientShap	64	1	0.1	NegativeBinomialAutoencoder	zeros	False
1.0	164	164	294849	off_target	net_82_10152	1	1.0	net_71_11397_net_113_11113_net_135_11054_net_53_11196_net_82_10152_net_89_11634	GradientShap_64_1_0.1_NegativeBinomialAutoencoder_zeros_False	GradientShap	64	1	0.1	NegativeBinomialAutoencoder	zeros	False
0.0	0	164	737	off_target	net_82_10152	2	0.001	net_71_11397_net_113_11113_net_135_11054_net_53_11196_net_82_10152_net_89_11634	GradientShap_64_1_0.1_NegativeBinomialAutoencoder_zeros_False	GradientShap	64	1	0.1	NegativeBinomialAutoencoder	zeros	False
0.0	0	164	7371	off_target	net_82_10152	2	0.01	net_71_11397_net_113_11113_net_135_11054_net_53_11196_net_82_10152_net_89_11634	GradientShap_64_1_0.1_NegativeBinomialAutoencoder_zeros_False	GradientShap	64	1	0.1	NegativeBinomialAutoencoder	zeros	False
0.1158536585365853	19	164	36856	off_target	net_82_10152	2	0.05	net_71_11397_net_113_11113_net_135_11054_net_53_11196_net_82_10152_net_89_11634	GradientShap_64_1_0.1_NegativeBinomialAutoencoder_zeros_False	GradientShap	64	1	0.1	NegativeBinomialAutoencoder	zeros	False
0.2195121951219512	36	164	73712	off_target	net_82_10152	2	0.1	net_71_11397_net_113_11113_net_135_11054_net_53_11196_net_82_10152_net_89_11634	GradientShap_64_1_0.1_NegativeBinomialAutoencoder_zeros_False	GradientShap	64	1	0.1	NegativeBinomialAutoencoder	zeros	False
0.3963414634146341	65	164	147424	off_target	net_82_10152	2	0.2	net_71_11397_net_113_11113_net_135_11054_net_53_11196_net_82_10152_net_89_11634	GradientShap_64_1_0.1_NegativeBinomialAutoencoder_zeros_False	GradientShap	64	1	0.1	NegativeBinomialAutoencoder	zeros	False
0.5365853658536586	88	164	184281	off_target	net_82_10152	2	0.25	net_71_11397_net_113_11113_net_135_11054_net_53_11196_net_82_10152_net_89_11634	GradientShap_64_1_0.1_NegativeBinomialAutoencoder_zeros_False	GradientShap	64	1	0.1	NegativeBinomialAutoencoder	zeros	False
1.0	164	164	294849	off_target	net_82_10152	2	0.5	net_71_11397_net_113_11113_net_135_11054_net_53_11196_net_82_10152_net_89_11634	GradientShap_64_1_0.1_NegativeBinomialAutoencoder_zeros_False	GradientShap	64	1	0.1	NegativeBinomialAutoencoder	zeros	False
1.0	164	164	294849	off_target	net_82_10152	2	0.75	net_71_11397_net_113_11113_net_135_11054_net_53_11196_net_82_10152_net_89_11634	GradientShap_64_1_0.1_NegativeBinomialAutoencoder_zeros_False	GradientShap	64	1	0.1	NegativeBinomialAutoencoder	zeros	False
1.0	164	164	294849	off_target	net_82_10152	2	1.0	net_71_11397_net_113_11113_net_135_11054_net_53_11196_net_82_10152_net_89_11634	GradientShap_64_1_0.1_NegativeBinomialAutoencoder_zeros_False	GradientShap	64	1	0.1	NegativeBinomialAutoencoder	zeros	False
0.0	0	164	737	off_target	net_82_10152	3	0.001	net_71_11397_net_113_11113_net_135_11054_net_53_11196_net_82_10152_net_89_11634	GradientShap_64_1_0.1_NegativeBinomialAutoencoder_zeros_False	GradientShap	64	1	0.1	NegativeBinomialAutoencoder	zeros	False
0.024390243902439	4	164	7371	off_target	net_82_10152	3	0.01	net_71_11397_net_113_11113_net_135_11054_net_53_11196_net_82_10152_net_89_11634	GradientShap_64_1_0.1_NegativeBinomialAutoencoder_zeros_False	GradientShap	64	1	0.1	NegativeBinomialAutoencoder	zeros	False
0.2012195121951219	33	164	36856	off_target	net_82_10152	3	0.05	net_71_11397_net_113_11113_net_135_11054_net_53_11196_net_82_10152_net_89_11634	GradientShap_64_1_0.1_NegativeBinomialAutoencoder_zeros_False	GradientShap	64	1	0.1	NegativeBinomialAutoencoder	zeros	False
0.3597560975609756	59	164	73712	off_target	net_82_10152	3	0.1	net_71_11397_net_113_11113_net_135_11054_net_53_11196_net_82_10152_net_89_11634	GradientShap_64_1_0.1_NegativeBinomialAutoencoder_zeros_False	GradientShap	64	1	0.1	NegativeBinomialAutoencoder	zeros	False
0.6341463414634146	104	164	147424	off_target	net_82_10152	3	0.2	net_71_11397_net_113_11113_net_135_11054_net_53_11196_net_82_10152_net_89_11634	GradientShap_64_1_0.1_NegativeBinomialAutoencoder_zeros_False	GradientShap	64	1	0.1	NegativeBinomialAutoencoder	zeros	False
0.725609756097561	119	164	184281	off_target	net_82_10152	3	0.25	net_71_11397_net_113_11113_net_135_11054_net_53_11196_net_82_10152_net_89_11634	GradientShap_64_1_0.1_NegativeBinomialAutoencoder_zeros_False	GradientShap	64	1	0.1	NegativeBinomialAutoencoder	zeros	False
1.0	164	164	294849	off_target	net_82_10152	3	0.5	net_71_11397_net_113_11113_net_135_11054_net_53_11196_net_82_10152_net_89_11634	GradientShap_64_1_0.1_NegativeBinomialAutoencoder_zeros_False	GradientShap	64	1	0.1	NegativeBinomialAutoencoder	zeros	False
1.0	164	164	294849	off_target	net_82_10152	3	0.75	net_71_11397_net_113_11113_net_135_11054_net_53_11196_net_82_10152_net_89_11634	GradientShap_64_1_0.1_NegativeBinomialAutoencoder_zeros_False	GradientShap	64	1	0.1	NegativeBinomialAutoencoder	zeros	False
1.0	164	164	294849	off_target	net_82_10152	3	1.0	net_71_11397_net_113_11113_net_135_11054_net_53_11196_net_82_10152_net_89_11634	GradientShap_64_1_0.1_NegativeBinomialAutoencoder_zeros_False	GradientShap	64	1	0.1	NegativeBinomialAutoencoder	zeros	False
0.0182926829268292	3	164	737	on_target	net_82_10152	4	0.001	net_71_11397_net_113_11113_net_135_11054_net_53_11196_net_82_10152_net_89_11634	GradientShap_64_1_0.1_NegativeBinomialAutoencoder_zeros_False	GradientShap	64	1	0.1	NegativeBinomialAutoencoder	zeros	False
0.0975609756097561	16	164	7371	on_target	net_82_10152	4	0.01	net_71_11397_net_113_11113_net_135_11054_net_53_11196_net_82_10152_net_89_11634	GradientShap_64_1_0.1_NegativeBinomialAutoencoder_zeros_False	GradientShap	64	1	0.1	NegativeBinomialAutoencoder	zeros	False
0.25	41	164	36856	on_target	net_82_10152	4	0.05	net_71_11397_net_113_11113_net_135_11054_net_53_11196_net_82_10152_net_89_11634	GradientShap_64_1_0.1_NegativeBinomialAutoencoder_zeros_False	GradientShap	64	1	0.1	NegativeBinomialAutoencoder	zeros	False
0.3475609756097561	57	164	73712	on_target	net_82_10152	4	0.1	net_71_11397_net_113_11113_net_135_11054_net_53_11196_net_82_10152_net_89_11634	GradientShap_64_1_0.1_NegativeBinomialAutoencoder_zeros_False	GradientShap	64	1	0.1	NegativeBinomialAutoencoder	zeros	False
0.5182926829268293	85	164	147424	on_target	net_82_10152	4	0.2	net_71_11397_net_113_11113_net_135_11054_net_53_11196_net_82_10152_net_89_11634	GradientShap_64_1_0.1_NegativeBinomialAutoencoder_zeros_False	GradientShap	64	1	0.1	NegativeBinomialAutoencoder	zeros	False
0.573170731707317	94	164	184281	on_target	net_82_10152	4	0.25	net_71_11397_net_113_11113_net_135_11054_net_53_11196_net_82_10152_net_89_11634	GradientShap_64_1_0.1_NegativeBinomialAutoencoder_zeros_False	GradientShap	64	1	0.1	NegativeBinomialAutoencoder	zeros	False
1.0	164	164	294849	on_target	net_82_10152	4	0.5	net_71_11397_net_113_11113_net_135_11054_net_53_11196_net_82_10152_net_89_11634	GradientShap_64_1_0.1_NegativeBinomialAutoencoder_zeros_False	GradientShap	64	1	0.1	NegativeBinomialAutoencoder	zeros	False
1.0	164	164	294849	on_target	net_82_10152	4	0.75	net_71_11397_net_113_11113_net_135_11054_net_53_11196_net_82_10152_net_89_11634	GradientShap_64_1_0.1_NegativeBinomialAutoencoder_zeros_False	GradientShap	64	1	0.1	NegativeBinomialAutoencoder	zeros	False
1.0	164	164	294849	on_target	net_82_10152	4	1.0	net_71_11397_net_113_11113_net_135_11054_net_53_11196_net_82_10152_net_89_11634	GradientShap_64_1_0.1_NegativeBinomialAutoencoder_zeros_False	GradientShap	64	1	0.1	NegativeBinomialAutoencoder	zeros	False
0.0096153846153846	1	104	613	on_target	net_60_10082	0	0.001	net_60_10082_net_64_11307_net_84_11226_net_133_10773_net_82_10152_net_72_10551	GradientShap_64_1_0.1_NegativeBinomialAutoencoder_zeros_False	GradientShap	64	1	0.1	NegativeBinomialAutoencoder	zeros	False
0.0769230769230769	8	104	6126	on_target	net_60_10082	0	0.01	net_60_10082_net_64_11307_net_84_11226_net_133_10773_net_82_10152_net_72_10551	GradientShap_64_1_0.1_NegativeBinomialAutoencoder_zeros_False	GradientShap	64	1	0.1	NegativeBinomialAutoencoder	zeros	False
0.2596153846153846	27	104	30628	on_target	net_60_10082	0	0.05	net_60_10082_net_64_11307_net_84_11226_net_133_10773_net_82_10152_net_72_10551	GradientShap_64_1_0.1_NegativeBinomialAutoencoder_zeros_False	GradientShap	64	1	0.1	NegativeBinomialAutoencoder	zeros	False
0.4903846153846153	51	104	61256	on_target	net_60_10082	0	0.1	net_60_10082_net_64_11307_net_84_11226_net_133_10773_net_82_10152_net_72_10551	GradientShap_64_1_0.1_NegativeBinomialAutoencoder_zeros_False	GradientShap	64	1	0.1	NegativeBinomialAutoencoder	zeros	False
0.75	78	104	122512	on_target	net_60_10082	0	0.2	net_60_10082_net_64_11307_net_84_11226_net_133_10773_net_82_10152_net_72_10551	GradientShap_64_1_0.1_NegativeBinomialAutoencoder_zeros_False	GradientShap	64	1	0.1	NegativeBinomialAutoencoder	zeros	False
0.8076923076923077	84	104	153141	on_target	net_60_10082	0	0.25	net_60_10082_net_64_11307_net_84_11226_net_133_10773_net_82_10152_net_72_10551	GradientShap_64_1_0.1_NegativeBinomialAutoencoder_zeros_False	GradientShap	64	1	0.1	NegativeBinomialAutoencoder	zeros	False
1.0	104	104	245025	on_target	net_60_10082	0	0.5	net_60_10082_net_64_11307_net_84_11226_net_133_10773_net_82_10152_net_72_10551	GradientShap_64_1_0.1_NegativeBinomialAutoencoder_zeros_False	GradientShap	64	1	0.1	NegativeBinomialAutoencoder	zeros	False
1.0	104	104	245025	on_target	net_60_10082	0	0.75	net_60_10082_net_64_11307_net_84_11226_net_133_10773_net_82_10152_net_72_10551	GradientShap_64_1_0.1_NegativeBinomialAutoencoder_zeros_False	GradientShap	64	1	0.1	NegativeBinomialAutoencoder	zeros	False
1.0	104	104	245025	on_target	net_60_10082	0	1.0	net_60_10082_net_64_11307_net_84_11226_net_133_10773_net_82_10152_net_72_10551	GradientShap_64_1_0.1_NegativeBinomialAutoencoder_zeros_False	GradientShap	64	1	0.1	NegativeBinomialAutoencoder	zeros	False
0.0	0	104	613	off_target	net_60_10082	1	0.001	net_60_10082_net_64_11307_net_84_11226_net_133_10773_net_82_10152_net_72_10551	GradientShap_64_1_0.1_NegativeBinomialAutoencoder_zeros_False	GradientShap	64	1	0.1	NegativeBinomialAutoencoder	zeros	False
0.0096153846153846	1	104	6126	off_target	net_60_10082	1	0.01	net_60_10082_net_64_11307_net_84_11226_net_133_10773_net_82_10152_net_72_10551	GradientShap_64_1_0.1_NegativeBinomialAutoencoder_zeros_False	GradientShap	64	1	0.1	NegativeBinomialAutoencoder	zeros	False
0.048076923076923	5	104	30628	off_target	net_60_10082	1	0.05	net_60_10082_net_64_11307_net_84_11226_net_133_10773_net_82_10152_net_72_10551	GradientShap_64_1_0.1_NegativeBinomialAutoencoder_zeros_False	GradientShap	64	1	0.1	NegativeBinomialAutoencoder	zeros	False
0.0865384615384615	9	104	61256	off_target	net_60_10082	1	0.1	net_60_10082_net_64_11307_net_84_11226_net_133_10773_net_82_10152_net_72_10551	GradientShap_64_1_0.1_NegativeBinomialAutoencoder_zeros_False	GradientShap	64	1	0.1	NegativeBinomialAutoencoder	zeros	False
0.5192307692307693	54	104	122512	off_target	net_60_10082	1	0.2	net_60_10082_net_64_11307_net_84_11226_net_133_10773_net_82_10152_net_72_10551	GradientShap_64_1_0.1_NegativeBinomialAutoencoder_zeros_False	GradientShap	64	1	0.1	NegativeBinomialAutoencoder	zeros	False
0.6538461538461539	68	104	153141	off_target	net_60_10082	1	0.25	net_60_10082_net_64_11307_net_84_11226_net_133_10773_net_82_10152_net_72_10551	GradientShap_64_1_0.1_NegativeBinomialAutoencoder_zeros_False	GradientShap	64	1	0.1	NegativeBinomialAutoencoder	zeros	False
1.0	104	104	245025	off_target	net_60_10082	1	0.5	net_60_10082_net_64_11307_net_84_11226_net_133_10773_net_82_10152_net_72_10551	GradientShap_64_1_0.1_NegativeBinomialAutoencoder_zeros_False	GradientShap	64	1	0.1	NegativeBinomialAutoencoder	zeros	False
1.0	104	104	245025	off_target	net_60_10082	1	0.75	net_60_10082_net_64_11307_net_84_11226_net_133_10773_net_82_10152_net_72_10551	GradientShap_64_1_0.1_NegativeBinomialAutoencoder_zeros_False	GradientShap	64	1	0.1	NegativeBinomialAutoencoder	zeros	False
1.0	104	104	245025	off_target	net_60_10082	1	1.0	net_60_10082_net_64_11307_net_84_11226_net_133_10773_net_82_10152_net_72_10551	GradientShap_64_1_0.1_NegativeBinomialAutoencoder_zeros_False	GradientShap	64	1	0.1	NegativeBinomialAutoencoder	zeros	False
0.0	0	104	613	off_target	net_60_10082	2	0.001	net_60_10082_net_64_11307_net_84_11226_net_133_10773_net_82_10152_net_72_10551	GradientShap_64_1_0.1_NegativeBinomialAutoencoder_zeros_False	GradientShap	64	1	0.1	NegativeBinomialAutoencoder	zeros	False
0.0192307692307692	2	104	6126	off_target	net_60_10082	2	0.01	net_60_10082_net_64_11307_net_84_11226_net_133_10773_net_82_10152_net_72_10551	GradientShap_64_1_0.1_NegativeBinomialAutoencoder_zeros_False	GradientShap	64	1	0.1	NegativeBinomialAutoencoder	zeros	False
0.1826923076923076	19	104	30628	off_target	net_60_10082	2	0.05	net_60_10082_net_64_11307_net_84_11226_net_133_10773_net_82_10152_net_72_10551	GradientShap_64_1_0.1_NegativeBinomialAutoencoder_zeros_False	GradientShap	64	1	0.1	NegativeBinomialAutoencoder	zeros	False
0.4230769230769231	44	104	61256	off_target	net_60_10082	2	0.1	net_60_10082_net_64_11307_net_84_11226_net_133_10773_net_82_10152_net_72_10551	GradientShap_64_1_0.1_NegativeBinomialAutoencoder_zeros_False	GradientShap	64	1	0.1	NegativeBinomialAutoencoder	zeros	False
0.7403846153846154	77	104	122512	off_target	net_60_10082	2	0.2	net_60_10082_net_64_11307_net_84_11226_net_133_10773_net_82_10152_net_72_10551	GradientShap_64_1_0.1_NegativeBinomialAutoencoder_zeros_False	GradientShap	64	1	0.1	NegativeBinomialAutoencoder	zeros	False
0.7980769230769231	83	104	153141	off_target	net_60_10082	2	0.25	net_60_10082_net_64_11307_net_84_11226_net_133_10773_net_82_10152_net_72_10551	GradientShap_64_1_0.1_NegativeBinomialAutoencoder_zeros_False	GradientShap	64	1	0.1	NegativeBinomialAutoencoder	zeros	False
1.0	104	104	245025	off_target	net_60_10082	2	0.5	net_60_10082_net_64_11307_net_84_11226_net_133_10773_net_82_10152_net_72_10551	GradientShap_64_1_0.1_NegativeBinomialAutoencoder_zeros_False	GradientShap	64	1	0.1	NegativeBinomialAutoencoder	zeros	False
1.0	104	104	245025	off_target	net_60_10082	2	0.75	net_60_10082_net_64_11307_net_84_11226_net_133_10773_net_82_10152_net_72_10551	GradientShap_64_1_0.1_NegativeBinomialAutoencoder_zeros_False	GradientShap	64	1	0.1	NegativeBinomialAutoencoder	zeros	False
1.0	104	104	245025	off_target	net_60_10082	2	1.0	net_60_10082_net_64_11307_net_84_11226_net_133_10773_net_82_10152_net_72_10551	GradientShap_64_1_0.1_NegativeBinomialAutoencoder_zeros_False	GradientShap	64	1	0.1	NegativeBinomialAutoencoder	zeros	False
0.0	0	104	613	off_target	net_60_10082	3	0.001	net_60_10082_net_64_11307_net_84_11226_net_133_10773_net_82_10152_net_72_10551	GradientShap_64_1_0.1_NegativeBinomialAutoencoder_zeros_False	GradientShap	64	1	0.1	NegativeBinomialAutoencoder	zeros	False
0.0	0	104	6126	off_target	net_60_10082	3	0.01	net_60_10082_net_64_11307_net_84_11226_net_133_10773_net_82_10152_net_72_10551	GradientShap_64_1_0.1_NegativeBinomialAutoencoder_zeros_False	GradientShap	64	1	0.1	NegativeBinomialAutoencoder	zeros	False
0.0865384615384615	9	104	30628	off_target	net_60_10082	3	0.05	net_60_10082_net_64_11307_net_84_11226_net_133_10773_net_82_10152_net_72_10551	GradientShap_64_1_0.1_NegativeBinomialAutoencoder_zeros_False	GradientShap	64	1	0.1	NegativeBinomialAutoencoder	zeros	False
0.3653846153846153	38	104	61256	off_target	net_60_10082	3	0.1	net_60_10082_net_64_11307_net_84_11226_net_133_10773_net_82_10152_net_72_10551	GradientShap_64_1_0.1_NegativeBinomialAutoencoder_zeros_False	GradientShap	64	1	0.1	NegativeBinomialAutoencoder	zeros	False
0.7211538461538461	75	104	122512	off_target	net_60_10082	3	0.2	net_60_10082_net_64_11307_net_84_11226_net_133_10773_net_82_10152_net_72_10551	GradientShap_64_1_0.1_NegativeBinomialAutoencoder_zeros_False	GradientShap	64	1	0.1	NegativeBinomialAutoencoder	zeros	False
0.7788461538461539	81	104	153141	off_target	net_60_10082	3	0.25	net_60_10082_net_64_11307_net_84_11226_net_133_10773_net_82_10152_net_72_10551	GradientShap_64_1_0.1_NegativeBinomialAutoencoder_zeros_False	GradientShap	64	1	0.1	NegativeBinomialAutoencoder	zeros	False
1.0	104	104	245025	off_target	net_60_10082	3	0.5	net_60_10082_net_64_11307_net_84_11226_net_133_10773_net_82_10152_net_72_10551	GradientShap_64_1_0.1_NegativeBinomialAutoencoder_zeros_False	GradientShap	64	1	0.1	NegativeBinomialAutoencoder	zeros	False
1.0	104	104	245025	off_target	net_60_10082	3	0.75	net_60_10082_net_64_11307_net_84_11226_net_133_10773_net_82_10152_net_72_10551	GradientShap_64_1_0.1_NegativeBinomialAutoencoder_zeros_False	GradientShap	64	1	0.1	NegativeBinomialAutoencoder	zeros	False
1.0	104	104	245025	off_target	net_60_10082	3	1.0	net_60_10082_net_64_11307_net_84_11226_net_133_10773_net_82_10152_net_72_10551	GradientShap_64_1_0.1_NegativeBinomialAutoencoder_zeros_False	GradientShap	64	1	0.1	NegativeBinomialAutoencoder	zeros	False
0.0	0	104	613	off_target	net_60_10082	4	0.001	net_60_10082_net_64_11307_net_84_11226_net_133_10773_net_82_10152_net_72_10551	GradientShap_64_1_0.1_NegativeBinomialAutoencoder_zeros_False	GradientShap	64	1	0.1	NegativeBinomialAutoencoder	zeros	False
0.0	0	104	6126	off_target	net_60_10082	4	0.01	net_60_10082_net_64_11307_net_84_11226_net_133_10773_net_82_10152_net_72_10551	GradientShap_64_1_0.1_NegativeBinomialAutoencoder_zeros_False	GradientShap	64	1	0.1	NegativeBinomialAutoencoder	zeros	False
0.048076923076923	5	104	30628	off_target	net_60_10082	4	0.05	net_60_10082_net_64_11307_net_84_11226_net_133_10773_net_82_10152_net_72_10551	GradientShap_64_1_0.1_NegativeBinomialAutoencoder_zeros_False	GradientShap	64	1	0.1	NegativeBinomialAutoencoder	zeros	False
0.3365384615384615	35	104	61256	off_target	net_60_10082	4	0.1	net_60_10082_net_64_11307_net_84_11226_net_133_10773_net_82_10152_net_72_10551	GradientShap_64_1_0.1_NegativeBinomialAutoencoder_zeros_False	GradientShap	64	1	0.1	NegativeBinomialAutoencoder	zeros	False
0.75	78	104	122512	off_target	net_60_10082	4	0.2	net_60_10082_net_64_11307_net_84_11226_net_133_10773_net_82_10152_net_72_10551	GradientShap_64_1_0.1_NegativeBinomialAutoencoder_zeros_False	GradientShap	64	1	0.1	NegativeBinomialAutoencoder	zeros	False
0.8461538461538461	88	104	153141	off_target	net_60_10082	4	0.25	net_60_10082_net_64_11307_net_84_11226_net_133_10773_net_82_10152_net_72_10551	GradientShap_64_1_0.1_NegativeBinomialAutoencoder_zeros_False	GradientShap	64	1	0.1	NegativeBinomialAutoencoder	zeros	False
1.0	104	104	245025	off_target	net_60_10082	4	0.5	net_60_10082_net_64_11307_net_84_11226_net_133_10773_net_82_10152_net_72_10551	GradientShap_64_1_0.1_NegativeBinomialAutoencoder_zeros_False	GradientShap	64	1	0.1	NegativeBinomialAutoencoder	zeros	False
1.0	104	104	245025	off_target	net_60_10082	4	0.75	net_60_10082_net_64_11307_net_84_11226_net_133_10773_net_82_10152_net_72_10551	GradientShap_64_1_0.1_NegativeBinomialAutoencoder_zeros_False	GradientShap	64	1	0.1	NegativeBinomialAutoencoder	zeros	False
1.0	104	104	245025	off_target	net_60_10082	4	1.0	net_60_10082_net_64_11307_net_84_11226_net_133_10773_net_82_10152_net_72_10551	GradientShap_64_1_0.1_NegativeBinomialAutoencoder_zeros_False	GradientShap	64	1	0.1	NegativeBinomialAutoencoder	zeros	False
0.0	0	71	613	off_target	net_64_11307	0	0.001	net_60_10082_net_64_11307_net_84_11226_net_133_10773_net_82_10152_net_72_10551	GradientShap_64_1_0.1_NegativeBinomialAutoencoder_zeros_False	GradientShap	64	1	0.1	NegativeBinomialAutoencoder	zeros	False
0.0	0	71	6126	off_target	net_64_11307	0	0.01	net_60_10082_net_64_11307_net_84_11226_net_133_10773_net_82_10152_net_72_10551	GradientShap_64_1_0.1_NegativeBinomialAutoencoder_zeros_False	GradientShap	64	1	0.1	NegativeBinomialAutoencoder	zeros	False
0.028169014084507	2	71	30628	off_target	net_64_11307	0	0.05	net_60_10082_net_64_11307_net_84_11226_net_133_10773_net_82_10152_net_72_10551	GradientShap_64_1_0.1_NegativeBinomialAutoencoder_zeros_False	GradientShap	64	1	0.1	NegativeBinomialAutoencoder	zeros	False
0.0704225352112676	5	71	61256	off_target	net_64_11307	0	0.1	net_60_10082_net_64_11307_net_84_11226_net_133_10773_net_82_10152_net_72_10551	GradientShap_64_1_0.1_NegativeBinomialAutoencoder_zeros_False	GradientShap	64	1	0.1	NegativeBinomialAutoencoder	zeros	False
0.4788732394366197	34	71	122512	off_target	net_64_11307	0	0.2	net_60_10082_net_64_11307_net_84_11226_net_133_10773_net_82_10152_net_72_10551	GradientShap_64_1_0.1_NegativeBinomialAutoencoder_zeros_False	GradientShap	64	1	0.1	NegativeBinomialAutoencoder	zeros	False
0.647887323943662	46	71	153141	off_target	net_64_11307	0	0.25	net_60_10082_net_64_11307_net_84_11226_net_133_10773_net_82_10152_net_72_10551	GradientShap_64_1_0.1_NegativeBinomialAutoencoder_zeros_False	GradientShap	64	1	0.1	NegativeBinomialAutoencoder	zeros	False
1.0	71	71	245025	off_target	net_64_11307	0	0.5	net_60_10082_net_64_11307_net_84_11226_net_133_10773_net_82_10152_net_72_10551	GradientShap_64_1_0.1_NegativeBinomialAutoencoder_zeros_False	GradientShap	64	1	0.1	NegativeBinomialAutoencoder	zeros	False
1.0	71	71	245025	off_target	net_64_11307	0	0.75	net_60_10082_net_64_11307_net_84_11226_net_133_10773_net_82_10152_net_72_10551	GradientShap_64_1_0.1_NegativeBinomialAutoencoder_zeros_False	GradientShap	64	1	0.1	NegativeBinomialAutoencoder	zeros	False
1.0	71	71	245025	off_target	net_64_11307	0	1.0	net_60_10082_net_64_11307_net_84_11226_net_133_10773_net_82_10152_net_72_10551	GradientShap_64_1_0.1_NegativeBinomialAutoencoder_zeros_False	GradientShap	64	1	0.1	NegativeBinomialAutoencoder	zeros	False
0.0	0	71	613	on_target	net_64_11307	1	0.001	net_60_10082_net_64_11307_net_84_11226_net_133_10773_net_82_10152_net_72_10551	GradientShap_64_1_0.1_NegativeBinomialAutoencoder_zeros_False	GradientShap	64	1	0.1	NegativeBinomialAutoencoder	zeros	False
0.0	0	71	6126	on_target	net_64_11307	1	0.01	net_60_10082_net_64_11307_net_84_11226_net_133_10773_net_82_10152_net_72_10551	GradientShap_64_1_0.1_NegativeBinomialAutoencoder_zeros_False	GradientShap	64	1	0.1	NegativeBinomialAutoencoder	zeros	False
0.028169014084507	2	71	30628	on_target	net_64_11307	1	0.05	net_60_10082_net_64_11307_net_84_11226_net_133_10773_net_82_10152_net_72_10551	GradientShap_64_1_0.1_NegativeBinomialAutoencoder_zeros_False	GradientShap	64	1	0.1	NegativeBinomialAutoencoder	zeros	False
0.4225352112676056	30	71	61256	on_target	net_64_11307	1	0.1	net_60_10082_net_64_11307_net_84_11226_net_133_10773_net_82_10152_net_72_10551	GradientShap_64_1_0.1_NegativeBinomialAutoencoder_zeros_False	GradientShap	64	1	0.1	NegativeBinomialAutoencoder	zeros	False
0.704225352112676	50	71	122512	on_target	net_64_11307	1	0.2	net_60_10082_net_64_11307_net_84_11226_net_133_10773_net_82_10152_net_72_10551	GradientShap_64_1_0.1_NegativeBinomialAutoencoder_zeros_False	GradientShap	64	1	0.1	NegativeBinomialAutoencoder	zeros	False
0.7464788732394366	53	71	153141	on_target	net_64_11307	1	0.25	net_60_10082_net_64_11307_net_84_11226_net_133_10773_net_82_10152_net_72_10551	GradientShap_64_1_0.1_NegativeBinomialAutoencoder_zeros_False	GradientShap	64	1	0.1	NegativeBinomialAutoencoder	zeros	False
1.0	71	71	245025	on_target	net_64_11307	1	0.5	net_60_10082_net_64_11307_net_84_11226_net_133_10773_net_82_10152_net_72_10551	GradientShap_64_1_0.1_NegativeBinomialAutoencoder_zeros_False	GradientShap	64	1	0.1	NegativeBinomialAutoencoder	zeros	False
1.0	71	71	245025	on_target	net_64_11307	1	0.75	net_60_10082_net_64_11307_net_84_11226_net_133_10773_net_82_10152_net_72_10551	GradientShap_64_1_0.1_NegativeBinomialAutoencoder_zeros_False	GradientShap	64	1	0.1	NegativeBinomialAutoencoder	zeros	False
1.0	71	71	245025	on_target	net_64_11307	1	1.0	net_60_10082_net_64_11307_net_84_11226_net_133_10773_net_82_10152_net_72_10551	GradientShap_64_1_0.1_NegativeBinomialAutoencoder_zeros_False	GradientShap	64	1	0.1	NegativeBinomialAutoencoder	zeros	False
0.0	0	71	613	off_target	net_64_11307	2	0.001	net_60_10082_net_64_11307_net_84_11226_net_133_10773_net_82_10152_net_72_10551	GradientShap_64_1_0.1_NegativeBinomialAutoencoder_zeros_False	GradientShap	64	1	0.1	NegativeBinomialAutoencoder	zeros	False
0.0	0	71	6126	off_target	net_64_11307	2	0.01	net_60_10082_net_64_11307_net_84_11226_net_133_10773_net_82_10152_net_72_10551	GradientShap_64_1_0.1_NegativeBinomialAutoencoder_zeros_False	GradientShap	64	1	0.1	NegativeBinomialAutoencoder	zeros	False
0.0	0	71	30628	off_target	net_64_11307	2	0.05	net_60_10082_net_64_11307_net_84_11226_net_133_10773_net_82_10152_net_72_10551	GradientShap_64_1_0.1_NegativeBinomialAutoencoder_zeros_False	GradientShap	64	1	0.1	NegativeBinomialAutoencoder	zeros	False
0.1267605633802817	9	71	61256	off_target	net_64_11307	2	0.1	net_60_10082_net_64_11307_net_84_11226_net_133_10773_net_82_10152_net_72_10551	GradientShap_64_1_0.1_NegativeBinomialAutoencoder_zeros_False	GradientShap	64	1	0.1	NegativeBinomialAutoencoder	zeros	False
0.6619718309859155	47	71	122512	off_target	net_64_11307	2	0.2	net_60_10082_net_64_11307_net_84_11226_net_133_10773_net_82_10152_net_72_10551	GradientShap_64_1_0.1_NegativeBinomialAutoencoder_zeros_False	GradientShap	64	1	0.1	NegativeBinomialAutoencoder	zeros	False
0.8028169014084507	57	71	153141	off_target	net_64_11307	2	0.25	net_60_10082_net_64_11307_net_84_11226_net_133_10773_net_82_10152_net_72_10551	GradientShap_64_1_0.1_NegativeBinomialAutoencoder_zeros_False	GradientShap	64	1	0.1	NegativeBinomialAutoencoder	zeros	False
1.0	71	71	245025	off_target	net_64_11307	2	0.5	net_60_10082_net_64_11307_net_84_11226_net_133_10773_net_82_10152_net_72_10551	GradientShap_64_1_0.1_NegativeBinomialAutoencoder_zeros_False	GradientShap	64	1	0.1	NegativeBinomialAutoencoder	zeros	False
1.0	71	71	245025	off_target	net_64_11307	2	0.75	net_60_10082_net_64_11307_net_84_11226_net_133_10773_net_82_10152_net_72_10551	GradientShap_64_1_0.1_NegativeBinomialAutoencoder_zeros_False	GradientShap	64	1	0.1	NegativeBinomialAutoencoder	zeros	False
1.0	71	71	245025	off_target	net_64_11307	2	1.0	net_60_10082_net_64_11307_net_84_11226_net_133_10773_net_82_10152_net_72_10551	GradientShap_64_1_0.1_NegativeBinomialAutoencoder_zeros_False	GradientShap	64	1	0.1	NegativeBinomialAutoencoder	zeros	False
0.0	0	71	613	off_target	net_64_11307	3	0.001	net_60_10082_net_64_11307_net_84_11226_net_133_10773_net_82_10152_net_72_10551	GradientShap_64_1_0.1_NegativeBinomialAutoencoder_zeros_False	GradientShap	64	1	0.1	NegativeBinomialAutoencoder	zeros	False
0.0	0	71	6126	off_target	net_64_11307	3	0.01	net_60_10082_net_64_11307_net_84_11226_net_133_10773_net_82_10152_net_72_10551	GradientShap_64_1_0.1_NegativeBinomialAutoencoder_zeros_False	GradientShap	64	1	0.1	NegativeBinomialAutoencoder	zeros	False
0.0	0	71	30628	off_target	net_64_11307	3	0.05	net_60_10082_net_64_11307_net_84_11226_net_133_10773_net_82_10152_net_72_10551	GradientShap_64_1_0.1_NegativeBinomialAutoencoder_zeros_False	GradientShap	64	1	0.1	NegativeBinomialAutoencoder	zeros	False
0.0	0	71	61256	off_target	net_64_11307	3	0.1	net_60_10082_net_64_11307_net_84_11226_net_133_10773_net_82_10152_net_72_10551	GradientShap_64_1_0.1_NegativeBinomialAutoencoder_zeros_False	GradientShap	64	1	0.1	NegativeBinomialAutoencoder	zeros	False
0.4929577464788732	35	71	122512	off_target	net_64_11307	3	0.2	net_60_10082_net_64_11307_net_84_11226_net_133_10773_net_82_10152_net_72_10551	GradientShap_64_1_0.1_NegativeBinomialAutoencoder_zeros_False	GradientShap	64	1	0.1	NegativeBinomialAutoencoder	zeros	False
0.704225352112676	50	71	153141	off_target	net_64_11307	3	0.25	net_60_10082_net_64_11307_net_84_11226_net_133_10773_net_82_10152_net_72_10551	GradientShap_64_1_0.1_NegativeBinomialAutoencoder_zeros_False	GradientShap	64	1	0.1	NegativeBinomialAutoencoder	zeros	False
1.0	71	71	245025	off_target	net_64_11307	3	0.5	net_60_10082_net_64_11307_net_84_11226_net_133_10773_net_82_10152_net_72_10551	GradientShap_64_1_0.1_NegativeBinomialAutoencoder_zeros_False	GradientShap	64	1	0.1	NegativeBinomialAutoencoder	zeros	False
1.0	71	71	245025	off_target	net_64_11307	3	0.75	net_60_10082_net_64_11307_net_84_11226_net_133_10773_net_82_10152_net_72_10551	GradientShap_64_1_0.1_NegativeBinomialAutoencoder_zeros_False	GradientShap	64	1	0.1	NegativeBinomialAutoencoder	zeros	False
1.0	71	71	245025	off_target	net_64_11307	3	1.0	net_60_10082_net_64_11307_net_84_11226_net_133_10773_net_82_10152_net_72_10551	GradientShap_64_1_0.1_NegativeBinomialAutoencoder_zeros_False	GradientShap	64	1	0.1	NegativeBinomialAutoencoder	zeros	False
0.0	0	71	613	off_target	net_64_11307	4	0.001	net_60_10082_net_64_11307_net_84_11226_net_133_10773_net_82_10152_net_72_10551	GradientShap_64_1_0.1_NegativeBinomialAutoencoder_zeros_False	GradientShap	64	1	0.1	NegativeBinomialAutoencoder	zeros	False
0.0	0	71	6126	off_target	net_64_11307	4	0.01	net_60_10082_net_64_11307_net_84_11226_net_133_10773_net_82_10152_net_72_10551	GradientShap_64_1_0.1_NegativeBinomialAutoencoder_zeros_False	GradientShap	64	1	0.1	NegativeBinomialAutoencoder	zeros	False
0.0704225352112676	5	71	30628	off_target	net_64_11307	4	0.05	net_60_10082_net_64_11307_net_84_11226_net_133_10773_net_82_10152_net_72_10551	GradientShap_64_1_0.1_NegativeBinomialAutoencoder_zeros_False	GradientShap	64	1	0.1	NegativeBinomialAutoencoder	zeros	False
0.2816901408450704	20	71	61256	off_target	net_64_11307	4	0.1	net_60_10082_net_64_11307_net_84_11226_net_133_10773_net_82_10152_net_72_10551	GradientShap_64_1_0.1_NegativeBinomialAutoencoder_zeros_False	GradientShap	64	1	0.1	NegativeBinomialAutoencoder	zeros	False
0.704225352112676	50	71	122512	off_target	net_64_11307	4	0.2	net_60_10082_net_64_11307_net_84_11226_net_133_10773_net_82_10152_net_72_10551	GradientShap_64_1_0.1_NegativeBinomialAutoencoder_zeros_False	GradientShap	64	1	0.1	NegativeBinomialAutoencoder	zeros	False
0.8028169014084507	57	71	153141	off_target	net_64_11307	4	0.25	net_60_10082_net_64_11307_net_84_11226_net_133_10773_net_82_10152_net_72_10551	GradientShap_64_1_0.1_NegativeBinomialAutoencoder_zeros_False	GradientShap	64	1	0.1	NegativeBinomialAutoencoder	zeros	False
1.0	71	71	245025	off_target	net_64_11307	4	0.5	net_60_10082_net_64_11307_net_84_11226_net_133_10773_net_82_10152_net_72_10551	GradientShap_64_1_0.1_NegativeBinomialAutoencoder_zeros_False	GradientShap	64	1	0.1	NegativeBinomialAutoencoder	zeros	False
1.0	71	71	245025	off_target	net_64_11307	4	0.75	net_60_10082_net_64_11307_net_84_11226_net_133_10773_net_82_10152_net_72_10551	GradientShap_64_1_0.1_NegativeBinomialAutoencoder_zeros_False	GradientShap	64	1	0.1	NegativeBinomialAutoencoder	zeros	False
1.0	71	71	245025	off_target	net_64_11307	4	1.0	net_60_10082_net_64_11307_net_84_11226_net_133_10773_net_82_10152_net_72_10551	GradientShap_64_1_0.1_NegativeBinomialAutoencoder_zeros_False	GradientShap	64	1	0.1	NegativeBinomialAutoencoder	zeros	False
0.0	0	98	613	off_target	net_84_11226	0	0.001	net_60_10082_net_64_11307_net_84_11226_net_133_10773_net_82_10152_net_72_10551	GradientShap_64_1_0.1_NegativeBinomialAutoencoder_zeros_False	GradientShap	64	1	0.1	NegativeBinomialAutoencoder	zeros	False
0.0	0	98	6126	off_target	net_84_11226	0	0.01	net_60_10082_net_64_11307_net_84_11226_net_133_10773_net_82_10152_net_72_10551	GradientShap_64_1_0.1_NegativeBinomialAutoencoder_zeros_False	GradientShap	64	1	0.1	NegativeBinomialAutoencoder	zeros	False
0.0612244897959183	6	98	30628	off_target	net_84_11226	0	0.05	net_60_10082_net_64_11307_net_84_11226_net_133_10773_net_82_10152_net_72_10551	GradientShap_64_1_0.1_NegativeBinomialAutoencoder_zeros_False	GradientShap	64	1	0.1	NegativeBinomialAutoencoder	zeros	False
0.2653061224489796	26	98	61256	off_target	net_84_11226	0	0.1	net_60_10082_net_64_11307_net_84_11226_net_133_10773_net_82_10152_net_72_10551	GradientShap_64_1_0.1_NegativeBinomialAutoencoder_zeros_False	GradientShap	64	1	0.1	NegativeBinomialAutoencoder	zeros	False
0.5408163265306123	53	98	122512	off_target	net_84_11226	0	0.2	net_60_10082_net_64_11307_net_84_11226_net_133_10773_net_82_10152_net_72_10551	GradientShap_64_1_0.1_NegativeBinomialAutoencoder_zeros_False	GradientShap	64	1	0.1	NegativeBinomialAutoencoder	zeros	False
0.6530612244897959	64	98	153141	off_target	net_84_11226	0	0.25	net_60_10082_net_64_11307_net_84_11226_net_133_10773_net_82_10152_net_72_10551	GradientShap_64_1_0.1_NegativeBinomialAutoencoder_zeros_False	GradientShap	64	1	0.1	NegativeBinomialAutoencoder	zeros	False
1.0	98	98	245025	off_target	net_84_11226	0	0.5	net_60_10082_net_64_11307_net_84_11226_net_133_10773_net_82_10152_net_72_10551	GradientShap_64_1_0.1_NegativeBinomialAutoencoder_zeros_False	GradientShap	64	1	0.1	NegativeBinomialAutoencoder	zeros	False
1.0	98	98	245025	off_target	net_84_11226	0	0.75	net_60_10082_net_64_11307_net_84_11226_net_133_10773_net_82_10152_net_72_10551	GradientShap_64_1_0.1_NegativeBinomialAutoencoder_zeros_False	GradientShap	64	1	0.1	NegativeBinomialAutoencoder	zeros	False
1.0	98	98	245025	off_target	net_84_11226	0	1.0	net_60_10082_net_64_11307_net_84_11226_net_133_10773_net_82_10152_net_72_10551	GradientShap_64_1_0.1_NegativeBinomialAutoencoder_zeros_False	GradientShap	64	1	0.1	NegativeBinomialAutoencoder	zeros	False
0.0	0	98	613	off_target	net_84_11226	1	0.001	net_60_10082_net_64_11307_net_84_11226_net_133_10773_net_82_10152_net_72_10551	GradientShap_64_1_0.1_NegativeBinomialAutoencoder_zeros_False	GradientShap	64	1	0.1	NegativeBinomialAutoencoder	zeros	False
0.0204081632653061	2	98	6126	off_target	net_84_11226	1	0.01	net_60_10082_net_64_11307_net_84_11226_net_133_10773_net_82_10152_net_72_10551	GradientShap_64_1_0.1_NegativeBinomialAutoencoder_zeros_False	GradientShap	64	1	0.1	NegativeBinomialAutoencoder	zeros	False
0.2551020408163265	25	98	30628	off_target	net_84_11226	1	0.05	net_60_10082_net_64_11307_net_84_11226_net_133_10773_net_82_10152_net_72_10551	GradientShap_64_1_0.1_NegativeBinomialAutoencoder_zeros_False	GradientShap	64	1	0.1	NegativeBinomialAutoencoder	zeros	False
0.3775510204081632	37	98	61256	off_target	net_84_11226	1	0.1	net_60_10082_net_64_11307_net_84_11226_net_133_10773_net_82_10152_net_72_10551	GradientShap_64_1_0.1_NegativeBinomialAutoencoder_zeros_False	GradientShap	64	1	0.1	NegativeBinomialAutoencoder	zeros	False
0.5714285714285714	56	98	122512	off_target	net_84_11226	1	0.2	net_60_10082_net_64_11307_net_84_11226_net_133_10773_net_82_10152_net_72_10551	GradientShap_64_1_0.1_NegativeBinomialAutoencoder_zeros_False	GradientShap	64	1	0.1	NegativeBinomialAutoencoder	zeros	False
0.7244897959183674	71	98	153141	off_target	net_84_11226	1	0.25	net_60_10082_net_64_11307_net_84_11226_net_133_10773_net_82_10152_net_72_10551	GradientShap_64_1_0.1_NegativeBinomialAutoencoder_zeros_False	GradientShap	64	1	0.1	NegativeBinomialAutoencoder	zeros	False
1.0	98	98	245025	off_target	net_84_11226	1	0.5	net_60_10082_net_64_11307_net_84_11226_net_133_10773_net_82_10152_net_72_10551	GradientShap_64_1_0.1_NegativeBinomialAutoencoder_zeros_False	GradientShap	64	1	0.1	NegativeBinomialAutoencoder	zeros	False
1.0	98	98	245025	off_target	net_84_11226	1	0.75	net_60_10082_net_64_11307_net_84_11226_net_133_10773_net_82_10152_net_72_10551	GradientShap_64_1_0.1_NegativeBinomialAutoencoder_zeros_False	GradientShap	64	1	0.1	NegativeBinomialAutoencoder	zeros	False
1.0	98	98	245025	off_target	net_84_11226	1	1.0	net_60_10082_net_64_11307_net_84_11226_net_133_10773_net_82_10152_net_72_10551	GradientShap_64_1_0.1_NegativeBinomialAutoencoder_zeros_False	GradientShap	64	1	0.1	NegativeBinomialAutoencoder	zeros	False
0.0	0	98	613	on_target	net_84_11226	2	0.001	net_60_10082_net_64_11307_net_84_11226_net_133_10773_net_82_10152_net_72_10551	GradientShap_64_1_0.1_NegativeBinomialAutoencoder_zeros_False	GradientShap	64	1	0.1	NegativeBinomialAutoencoder	zeros	False
0.010204081632653	1	98	6126	on_target	net_84_11226	2	0.01	net_60_10082_net_64_11307_net_84_11226_net_133_10773_net_82_10152_net_72_10551	GradientShap_64_1_0.1_NegativeBinomialAutoencoder_zeros_False	GradientShap	64	1	0.1	NegativeBinomialAutoencoder	zeros	False
0.1632653061224489	16	98	30628	on_target	net_84_11226	2	0.05	net_60_10082_net_64_11307_net_84_11226_net_133_10773_net_82_10152_net_72_10551	GradientShap_64_1_0.1_NegativeBinomialAutoencoder_zeros_False	GradientShap	64	1	0.1	NegativeBinomialAutoencoder	zeros	False
0.2755102040816326	27	98	61256	on_target	net_84_11226	2	0.1	net_60_10082_net_64_11307_net_84_11226_net_133_10773_net_82_10152_net_72_10551	GradientShap_64_1_0.1_NegativeBinomialAutoencoder_zeros_False	GradientShap	64	1	0.1	NegativeBinomialAutoencoder	zeros	False
0.5204081632653061	51	98	122512	on_target	net_84_11226	2	0.2	net_60_10082_net_64_11307_net_84_11226_net_133_10773_net_82_10152_net_72_10551	GradientShap_64_1_0.1_NegativeBinomialAutoencoder_zeros_False	GradientShap	64	1	0.1	NegativeBinomialAutoencoder	zeros	False
0.6020408163265306	59	98	153141	on_target	net_84_11226	2	0.25	net_60_10082_net_64_11307_net_84_11226_net_133_10773_net_82_10152_net_72_10551	GradientShap_64_1_0.1_NegativeBinomialAutoencoder_zeros_False	GradientShap	64	1	0.1	NegativeBinomialAutoencoder	zeros	False
1.0	98	98	245025	on_target	net_84_11226	2	0.5	net_60_10082_net_64_11307_net_84_11226_net_133_10773_net_82_10152_net_72_10551	GradientShap_64_1_0.1_NegativeBinomialAutoencoder_zeros_False	GradientShap	64	1	0.1	NegativeBinomialAutoencoder	zeros	False
1.0	98	98	245025	on_target	net_84_11226	2	0.75	net_60_10082_net_64_11307_net_84_11226_net_133_10773_net_82_10152_net_72_10551	GradientShap_64_1_0.1_NegativeBinomialAutoencoder_zeros_False	GradientShap	64	1	0.1	NegativeBinomialAutoencoder	zeros	False
1.0	98	98	245025	on_target	net_84_11226	2	1.0	net_60_10082_net_64_11307_net_84_11226_net_133_10773_net_82_10152_net_72_10551	GradientShap_64_1_0.1_NegativeBinomialAutoencoder_zeros_False	GradientShap	64	1	0.1	NegativeBinomialAutoencoder	zeros	False
0.0	0	98	613	off_target	net_84_11226	3	0.001	net_60_10082_net_64_11307_net_84_11226_net_133_10773_net_82_10152_net_72_10551	GradientShap_64_1_0.1_NegativeBinomialAutoencoder_zeros_False	GradientShap	64	1	0.1	NegativeBinomialAutoencoder	zeros	False
0.1020408163265306	10	98	6126	off_target	net_84_11226	3	0.01	net_60_10082_net_64_11307_net_84_11226_net_133_10773_net_82_10152_net_72_10551	GradientShap_64_1_0.1_NegativeBinomialAutoencoder_zeros_False	GradientShap	64	1	0.1	NegativeBinomialAutoencoder	zeros	False
0.2653061224489796	26	98	30628	off_target	net_84_11226	3	0.05	net_60_10082_net_64_11307_net_84_11226_net_133_10773_net_82_10152_net_72_10551	GradientShap_64_1_0.1_NegativeBinomialAutoencoder_zeros_False	GradientShap	64	1	0.1	NegativeBinomialAutoencoder	zeros	False
0.3469387755102041	34	98	61256	off_target	net_84_11226	3	0.1	net_60_10082_net_64_11307_net_84_11226_net_133_10773_net_82_10152_net_72_10551	GradientShap_64_1_0.1_NegativeBinomialAutoencoder_zeros_False	GradientShap	64	1	0.1	NegativeBinomialAutoencoder	zeros	False
0.5612244897959183	55	98	122512	off_target	net_84_11226	3	0.2	net_60_10082_net_64_11307_net_84_11226_net_133_10773_net_82_10152_net_72_10551	GradientShap_64_1_0.1_NegativeBinomialAutoencoder_zeros_False	GradientShap	64	1	0.1	NegativeBinomialAutoencoder	zeros	False
0.6632653061224489	65	98	153141	off_target	net_84_11226	3	0.25	net_60_10082_net_64_11307_net_84_11226_net_133_10773_net_82_10152_net_72_10551	GradientShap_64_1_0.1_NegativeBinomialAutoencoder_zeros_False	GradientShap	64	1	0.1	NegativeBinomialAutoencoder	zeros	False
1.0	98	98	245025	off_target	net_84_11226	3	0.5	net_60_10082_net_64_11307_net_84_11226_net_133_10773_net_82_10152_net_72_10551	GradientShap_64_1_0.1_NegativeBinomialAutoencoder_zeros_False	GradientShap	64	1	0.1	NegativeBinomialAutoencoder	zeros	False
1.0	98	98	245025	off_target	net_84_11226	3	0.75	net_60_10082_net_64_11307_net_84_11226_net_133_10773_net_82_10152_net_72_10551	GradientShap_64_1_0.1_NegativeBinomialAutoencoder_zeros_False	GradientShap	64	1	0.1	NegativeBinomialAutoencoder	zeros	False
1.0	98	98	245025	off_target	net_84_11226	3	1.0	net_60_10082_net_64_11307_net_84_11226_net_133_10773_net_82_10152_net_72_10551	GradientShap_64_1_0.1_NegativeBinomialAutoencoder_zeros_False	GradientShap	64	1	0.1	NegativeBinomialAutoencoder	zeros	False
0.0	0	98	613	off_target	net_84_11226	4	0.001	net_60_10082_net_64_11307_net_84_11226_net_133_10773_net_82_10152_net_72_10551	GradientShap_64_1_0.1_NegativeBinomialAutoencoder_zeros_False	GradientShap	64	1	0.1	NegativeBinomialAutoencoder	zeros	False
0.0	0	98	6126	off_target	net_84_11226	4	0.01	net_60_10082_net_64_11307_net_84_11226_net_133_10773_net_82_10152_net_72_10551	GradientShap_64_1_0.1_NegativeBinomialAutoencoder_zeros_False	GradientShap	64	1	0.1	NegativeBinomialAutoencoder	zeros	False
0.1020408163265306	10	98	30628	off_target	net_84_11226	4	0.05	net_60_10082_net_64_11307_net_84_11226_net_133_10773_net_82_10152_net_72_10551	GradientShap_64_1_0.1_NegativeBinomialAutoencoder_zeros_False	GradientShap	64	1	0.1	NegativeBinomialAutoencoder	zeros	False
0.3673469387755102	36	98	61256	off_target	net_84_11226	4	0.1	net_60_10082_net_64_11307_net_84_11226_net_133_10773_net_82_10152_net_72_10551	GradientShap_64_1_0.1_NegativeBinomialAutoencoder_zeros_False	GradientShap	64	1	0.1	NegativeBinomialAutoencoder	zeros	False
0.6428571428571429	63	98	122512	off_target	net_84_11226	4	0.2	net_60_10082_net_64_11307_net_84_11226_net_133_10773_net_82_10152_net_72_10551	GradientShap_64_1_0.1_NegativeBinomialAutoencoder_zeros_False	GradientShap	64	1	0.1	NegativeBinomialAutoencoder	zeros	False
0.7959183673469388	78	98	153141	off_target	net_84_11226	4	0.25	net_60_10082_net_64_11307_net_84_11226_net_133_10773_net_82_10152_net_72_10551	GradientShap_64_1_0.1_NegativeBinomialAutoencoder_zeros_False	GradientShap	64	1	0.1	NegativeBinomialAutoencoder	zeros	False
1.0	98	98	245025	off_target	net_84_11226	4	0.5	net_60_10082_net_64_11307_net_84_11226_net_133_10773_net_82_10152_net_72_10551	GradientShap_64_1_0.1_NegativeBinomialAutoencoder_zeros_False	GradientShap	64	1	0.1	NegativeBinomialAutoencoder	zeros	False
1.0	98	98	245025	off_target	net_84_11226	4	0.75	net_60_10082_net_64_11307_net_84_11226_net_133_10773_net_82_10152_net_72_10551	GradientShap_64_1_0.1_NegativeBinomialAutoencoder_zeros_False	GradientShap	64	1	0.1	NegativeBinomialAutoencoder	zeros	False
1.0	98	98	245025	off_target	net_84_11226	4	1.0	net_60_10082_net_64_11307_net_84_11226_net_133_10773_net_82_10152_net_72_10551	GradientShap_64_1_0.1_NegativeBinomialAutoencoder_zeros_False	GradientShap	64	1	0.1	NegativeBinomialAutoencoder	zeros	False
0.0	0	201	613	off_target	net_133_10773	0	0.001	net_60_10082_net_64_11307_net_84_11226_net_133_10773_net_82_10152_net_72_10551	GradientShap_64_1_0.1_NegativeBinomialAutoencoder_zeros_False	GradientShap	64	1	0.1	NegativeBinomialAutoencoder	zeros	False
0.044776119402985	9	201	6126	off_target	net_133_10773	0	0.01	net_60_10082_net_64_11307_net_84_11226_net_133_10773_net_82_10152_net_72_10551	GradientShap_64_1_0.1_NegativeBinomialAutoencoder_zeros_False	GradientShap	64	1	0.1	NegativeBinomialAutoencoder	zeros	False
0.263681592039801	53	201	30628	off_target	net_133_10773	0	0.05	net_60_10082_net_64_11307_net_84_11226_net_133_10773_net_82_10152_net_72_10551	GradientShap_64_1_0.1_NegativeBinomialAutoencoder_zeros_False	GradientShap	64	1	0.1	NegativeBinomialAutoencoder	zeros	False
0.4527363184079602	91	201	61256	off_target	net_133_10773	0	0.1	net_60_10082_net_64_11307_net_84_11226_net_133_10773_net_82_10152_net_72_10551	GradientShap_64_1_0.1_NegativeBinomialAutoencoder_zeros_False	GradientShap	64	1	0.1	NegativeBinomialAutoencoder	zeros	False
0.7014925373134329	141	201	122512	off_target	net_133_10773	0	0.2	net_60_10082_net_64_11307_net_84_11226_net_133_10773_net_82_10152_net_72_10551	GradientShap_64_1_0.1_NegativeBinomialAutoencoder_zeros_False	GradientShap	64	1	0.1	NegativeBinomialAutoencoder	zeros	False
0.7512437810945274	151	201	153141	off_target	net_133_10773	0	0.25	net_60_10082_net_64_11307_net_84_11226_net_133_10773_net_82_10152_net_72_10551	GradientShap_64_1_0.1_NegativeBinomialAutoencoder_zeros_False	GradientShap	64	1	0.1	NegativeBinomialAutoencoder	zeros	False
1.0	201	201	245025	off_target	net_133_10773	0	0.5	net_60_10082_net_64_11307_net_84_11226_net_133_10773_net_82_10152_net_72_10551	GradientShap_64_1_0.1_NegativeBinomialAutoencoder_zeros_False	GradientShap	64	1	0.1	NegativeBinomialAutoencoder	zeros	False
1.0	201	201	245025	off_target	net_133_10773	0	0.75	net_60_10082_net_64_11307_net_84_11226_net_133_10773_net_82_10152_net_72_10551	GradientShap_64_1_0.1_NegativeBinomialAutoencoder_zeros_False	GradientShap	64	1	0.1	NegativeBinomialAutoencoder	zeros	False
1.0	201	201	245025	off_target	net_133_10773	0	1.0	net_60_10082_net_64_11307_net_84_11226_net_133_10773_net_82_10152_net_72_10551	GradientShap_64_1_0.1_NegativeBinomialAutoencoder_zeros_False	GradientShap	64	1	0.1	NegativeBinomialAutoencoder	zeros	False
0.0	0	201	613	off_target	net_133_10773	1	0.001	net_60_10082_net_64_11307_net_84_11226_net_133_10773_net_82_10152_net_72_10551	GradientShap_64_1_0.1_NegativeBinomialAutoencoder_zeros_False	GradientShap	64	1	0.1	NegativeBinomialAutoencoder	zeros	False
0.0049751243781094	1	201	6126	off_target	net_133_10773	1	0.01	net_60_10082_net_64_11307_net_84_11226_net_133_10773_net_82_10152_net_72_10551	GradientShap_64_1_0.1_NegativeBinomialAutoencoder_zeros_False	GradientShap	64	1	0.1	NegativeBinomialAutoencoder	zeros	False
0.1243781094527363	25	201	30628	off_target	net_133_10773	1	0.05	net_60_10082_net_64_11307_net_84_11226_net_133_10773_net_82_10152_net_72_10551	GradientShap_64_1_0.1_NegativeBinomialAutoencoder_zeros_False	GradientShap	64	1	0.1	NegativeBinomialAutoencoder	zeros	False
0.2985074626865671	60	201	61256	off_target	net_133_10773	1	0.1	net_60_10082_net_64_11307_net_84_11226_net_133_10773_net_82_10152_net_72_10551	GradientShap_64_1_0.1_NegativeBinomialAutoencoder_zeros_False	GradientShap	64	1	0.1	NegativeBinomialAutoencoder	zeros	False
0.5621890547263682	113	201	122512	off_target	net_133_10773	1	0.2	net_60_10082_net_64_11307_net_84_11226_net_133_10773_net_82_10152_net_72_10551	GradientShap_64_1_0.1_NegativeBinomialAutoencoder_zeros_False	GradientShap	64	1	0.1	NegativeBinomialAutoencoder	zeros	False
0.6716417910447762	135	201	153141	off_target	net_133_10773	1	0.25	net_60_10082_net_64_11307_net_84_11226_net_133_10773_net_82_10152_net_72_10551	GradientShap_64_1_0.1_NegativeBinomialAutoencoder_zeros_False	GradientShap	64	1	0.1	NegativeBinomialAutoencoder	zeros	False
1.0	201	201	245025	off_target	net_133_10773	1	0.5	net_60_10082_net_64_11307_net_84_11226_net_133_10773_net_82_10152_net_72_10551	GradientShap_64_1_0.1_NegativeBinomialAutoencoder_zeros_False	GradientShap	64	1	0.1	NegativeBinomialAutoencoder	zeros	False
1.0	201	201	245025	off_target	net_133_10773	1	0.75	net_60_10082_net_64_11307_net_84_11226_net_133_10773_net_82_10152_net_72_10551	GradientShap_64_1_0.1_NegativeBinomialAutoencoder_zeros_False	GradientShap	64	1	0.1	NegativeBinomialAutoencoder	zeros	False
1.0	201	201	245025	off_target	net_133_10773	1	1.0	net_60_10082_net_64_11307_net_84_11226_net_133_10773_net_82_10152_net_72_10551	GradientShap_64_1_0.1_NegativeBinomialAutoencoder_zeros_False	GradientShap	64	1	0.1	NegativeBinomialAutoencoder	zeros	False
0.0	0	201	613	off_target	net_133_10773	2	0.001	net_60_10082_net_64_11307_net_84_11226_net_133_10773_net_82_10152_net_72_10551	GradientShap_64_1_0.1_NegativeBinomialAutoencoder_zeros_False	GradientShap	64	1	0.1	NegativeBinomialAutoencoder	zeros	False
0.0099502487562189	2	201	6126	off_target	net_133_10773	2	0.01	net_60_10082_net_64_11307_net_84_11226_net_133_10773_net_82_10152_net_72_10551	GradientShap_64_1_0.1_NegativeBinomialAutoencoder_zeros_False	GradientShap	64	1	0.1	NegativeBinomialAutoencoder	zeros	False
0.1094527363184079	22	201	30628	off_target	net_133_10773	2	0.05	net_60_10082_net_64_11307_net_84_11226_net_133_10773_net_82_10152_net_72_10551	GradientShap_64_1_0.1_NegativeBinomialAutoencoder_zeros_False	GradientShap	64	1	0.1	NegativeBinomialAutoencoder	zeros	False
0.2537313432835821	51	201	61256	off_target	net_133_10773	2	0.1	net_60_10082_net_64_11307_net_84_11226_net_133_10773_net_82_10152_net_72_10551	GradientShap_64_1_0.1_NegativeBinomialAutoencoder_zeros_False	GradientShap	64	1	0.1	NegativeBinomialAutoencoder	zeros	False
0.5124378109452736	103	201	122512	off_target	net_133_10773	2	0.2	net_60_10082_net_64_11307_net_84_11226_net_133_10773_net_82_10152_net_72_10551	GradientShap_64_1_0.1_NegativeBinomialAutoencoder_zeros_False	GradientShap	64	1	0.1	NegativeBinomialAutoencoder	zeros	False
0.6417910447761194	129	201	153141	off_target	net_133_10773	2	0.25	net_60_10082_net_64_11307_net_84_11226_net_133_10773_net_82_10152_net_72_10551	GradientShap_64_1_0.1_NegativeBinomialAutoencoder_zeros_False	GradientShap	64	1	0.1	NegativeBinomialAutoencoder	zeros	False
1.0	201	201	245025	off_target	net_133_10773	2	0.5	net_60_10082_net_64_11307_net_84_11226_net_133_10773_net_82_10152_net_72_10551	GradientShap_64_1_0.1_NegativeBinomialAutoencoder_zeros_False	GradientShap	64	1	0.1	NegativeBinomialAutoencoder	zeros	False
1.0	201	201	245025	off_target	net_133_10773	2	0.75	net_60_10082_net_64_11307_net_84_11226_net_133_10773_net_82_10152_net_72_10551	GradientShap_64_1_0.1_NegativeBinomialAutoencoder_zeros_False	GradientShap	64	1	0.1	NegativeBinomialAutoencoder	zeros	False
1.0	201	201	245025	off_target	net_133_10773	2	1.0	net_60_10082_net_64_11307_net_84_11226_net_133_10773_net_82_10152_net_72_10551	GradientShap_64_1_0.1_NegativeBinomialAutoencoder_zeros_False	GradientShap	64	1	0.1	NegativeBinomialAutoencoder	zeros	False
0.0099502487562189	2	201	613	on_target	net_133_10773	3	0.001	net_60_10082_net_64_11307_net_84_11226_net_133_10773_net_82_10152_net_72_10551	GradientShap_64_1_0.1_NegativeBinomialAutoencoder_zeros_False	GradientShap	64	1	0.1	NegativeBinomialAutoencoder	zeros	False
0.0945273631840796	19	201	6126	on_target	net_133_10773	3	0.01	net_60_10082_net_64_11307_net_84_11226_net_133_10773_net_82_10152_net_72_10551	GradientShap_64_1_0.1_NegativeBinomialAutoencoder_zeros_False	GradientShap	64	1	0.1	NegativeBinomialAutoencoder	zeros	False
0.1990049751243781	40	201	30628	on_target	net_133_10773	3	0.05	net_60_10082_net_64_11307_net_84_11226_net_133_10773_net_82_10152_net_72_10551	GradientShap_64_1_0.1_NegativeBinomialAutoencoder_zeros_False	GradientShap	64	1	0.1	NegativeBinomialAutoencoder	zeros	False
0.2935323383084577	59	201	61256	on_target	net_133_10773	3	0.1	net_60_10082_net_64_11307_net_84_11226_net_133_10773_net_82_10152_net_72_10551	GradientShap_64_1_0.1_NegativeBinomialAutoencoder_zeros_False	GradientShap	64	1	0.1	NegativeBinomialAutoencoder	zeros	False
0.5373134328358209	108	201	122512	on_target	net_133_10773	3	0.2	net_60_10082_net_64_11307_net_84_11226_net_133_10773_net_82_10152_net_72_10551	GradientShap_64_1_0.1_NegativeBinomialAutoencoder_zeros_False	GradientShap	64	1	0.1	NegativeBinomialAutoencoder	zeros	False
0.6069651741293532	122	201	153141	on_target	net_133_10773	3	0.25	net_60_10082_net_64_11307_net_84_11226_net_133_10773_net_82_10152_net_72_10551	GradientShap_64_1_0.1_NegativeBinomialAutoencoder_zeros_False	GradientShap	64	1	0.1	NegativeBinomialAutoencoder	zeros	False
1.0	201	201	245025	on_target	net_133_10773	3	0.5	net_60_10082_net_64_11307_net_84_11226_net_133_10773_net_82_10152_net_72_10551	GradientShap_64_1_0.1_NegativeBinomialAutoencoder_zeros_False	GradientShap	64	1	0.1	NegativeBinomialAutoencoder	zeros	False
1.0	201	201	245025	on_target	net_133_10773	3	0.75	net_60_10082_net_64_11307_net_84_11226_net_133_10773_net_82_10152_net_72_10551	GradientShap_64_1_0.1_NegativeBinomialAutoencoder_zeros_False	GradientShap	64	1	0.1	NegativeBinomialAutoencoder	zeros	False
1.0	201	201	245025	on_target	net_133_10773	3	1.0	net_60_10082_net_64_11307_net_84_11226_net_133_10773_net_82_10152_net_72_10551	GradientShap_64_1_0.1_NegativeBinomialAutoencoder_zeros_False	GradientShap	64	1	0.1	NegativeBinomialAutoencoder	zeros	False
0.0	0	201	613	off_target	net_133_10773	4	0.001	net_60_10082_net_64_11307_net_84_11226_net_133_10773_net_82_10152_net_72_10551	GradientShap_64_1_0.1_NegativeBinomialAutoencoder_zeros_False	GradientShap	64	1	0.1	NegativeBinomialAutoencoder	zeros	False
0.0547263681592039	11	201	6126	off_target	net_133_10773	4	0.01	net_60_10082_net_64_11307_net_84_11226_net_133_10773_net_82_10152_net_72_10551	GradientShap_64_1_0.1_NegativeBinomialAutoencoder_zeros_False	GradientShap	64	1	0.1	NegativeBinomialAutoencoder	zeros	False
0.1940298507462686	39	201	30628	off_target	net_133_10773	4	0.05	net_60_10082_net_64_11307_net_84_11226_net_133_10773_net_82_10152_net_72_10551	GradientShap_64_1_0.1_NegativeBinomialAutoencoder_zeros_False	GradientShap	64	1	0.1	NegativeBinomialAutoencoder	zeros	False
0.3432835820895522	69	201	61256	off_target	net_133_10773	4	0.1	net_60_10082_net_64_11307_net_84_11226_net_133_10773_net_82_10152_net_72_10551	GradientShap_64_1_0.1_NegativeBinomialAutoencoder_zeros_False	GradientShap	64	1	0.1	NegativeBinomialAutoencoder	zeros	False
0.5124378109452736	103	201	122512	off_target	net_133_10773	4	0.2	net_60_10082_net_64_11307_net_84_11226_net_133_10773_net_82_10152_net_72_10551	GradientShap_64_1_0.1_NegativeBinomialAutoencoder_zeros_False	GradientShap	64	1	0.1	NegativeBinomialAutoencoder	zeros	False
0.6417910447761194	129	201	153141	off_target	net_133_10773	4	0.25	net_60_10082_net_64_11307_net_84_11226_net_133_10773_net_82_10152_net_72_10551	GradientShap_64_1_0.1_NegativeBinomialAutoencoder_zeros_False	GradientShap	64	1	0.1	NegativeBinomialAutoencoder	zeros	False
1.0	201	201	245025	off_target	net_133_10773	4	0.5	net_60_10082_net_64_11307_net_84_11226_net_133_10773_net_82_10152_net_72_10551	GradientShap_64_1_0.1_NegativeBinomialAutoencoder_zeros_False	GradientShap	64	1	0.1	NegativeBinomialAutoencoder	zeros	False
1.0	201	201	245025	off_target	net_133_10773	4	0.75	net_60_10082_net_64_11307_net_84_11226_net_133_10773_net_82_10152_net_72_10551	GradientShap_64_1_0.1_NegativeBinomialAutoencoder_zeros_False	GradientShap	64	1	0.1	NegativeBinomialAutoencoder	zeros	False
1.0	201	201	245025	off_target	net_133_10773	4	1.0	net_60_10082_net_64_11307_net_84_11226_net_133_10773_net_82_10152_net_72_10551	GradientShap_64_1_0.1_NegativeBinomialAutoencoder_zeros_False	GradientShap	64	1	0.1	NegativeBinomialAutoencoder	zeros	False
0.0	0	164	613	off_target	net_82_10152	0	0.001	net_60_10082_net_64_11307_net_84_11226_net_133_10773_net_82_10152_net_72_10551	GradientShap_64_1_0.1_NegativeBinomialAutoencoder_zeros_False	GradientShap	64	1	0.1	NegativeBinomialAutoencoder	zeros	False
0.0060975609756097	1	164	6126	off_target	net_82_10152	0	0.01	net_60_10082_net_64_11307_net_84_11226_net_133_10773_net_82_10152_net_72_10551	GradientShap_64_1_0.1_NegativeBinomialAutoencoder_zeros_False	GradientShap	64	1	0.1	NegativeBinomialAutoencoder	zeros	False
0.0914634146341463	15	164	30628	off_target	net_82_10152	0	0.05	net_60_10082_net_64_11307_net_84_11226_net_133_10773_net_82_10152_net_72_10551	GradientShap_64_1_0.1_NegativeBinomialAutoencoder_zeros_False	GradientShap	64	1	0.1	NegativeBinomialAutoencoder	zeros	False
0.1768292682926829	29	164	61256	off_target	net_82_10152	0	0.1	net_60_10082_net_64_11307_net_84_11226_net_133_10773_net_82_10152_net_72_10551	GradientShap_64_1_0.1_NegativeBinomialAutoencoder_zeros_False	GradientShap	64	1	0.1	NegativeBinomialAutoencoder	zeros	False
0.4878048780487805	80	164	122512	off_target	net_82_10152	0	0.2	net_60_10082_net_64_11307_net_84_11226_net_133_10773_net_82_10152_net_72_10551	GradientShap_64_1_0.1_NegativeBinomialAutoencoder_zeros_False	GradientShap	64	1	0.1	NegativeBinomialAutoencoder	zeros	False
0.6341463414634146	104	164	153141	off_target	net_82_10152	0	0.25	net_60_10082_net_64_11307_net_84_11226_net_133_10773_net_82_10152_net_72_10551	GradientShap_64_1_0.1_NegativeBinomialAutoencoder_zeros_False	GradientShap	64	1	0.1	NegativeBinomialAutoencoder	zeros	False
1.0	164	164	245025	off_target	net_82_10152	0	0.5	net_60_10082_net_64_11307_net_84_11226_net_133_10773_net_82_10152_net_72_10551	GradientShap_64_1_0.1_NegativeBinomialAutoencoder_zeros_False	GradientShap	64	1	0.1	NegativeBinomialAutoencoder	zeros	False
1.0	164	164	245025	off_target	net_82_10152	0	0.75	net_60_10082_net_64_11307_net_84_11226_net_133_10773_net_82_10152_net_72_10551	GradientShap_64_1_0.1_NegativeBinomialAutoencoder_zeros_False	GradientShap	64	1	0.1	NegativeBinomialAutoencoder	zeros	False
1.0	164	164	245025	off_target	net_82_10152	0	1.0	net_60_10082_net_64_11307_net_84_11226_net_133_10773_net_82_10152_net_72_10551	GradientShap_64_1_0.1_NegativeBinomialAutoencoder_zeros_False	GradientShap	64	1	0.1	NegativeBinomialAutoencoder	zeros	False
0.0	0	164	613	off_target	net_82_10152	1	0.001	net_60_10082_net_64_11307_net_84_11226_net_133_10773_net_82_10152_net_72_10551	GradientShap_64_1_0.1_NegativeBinomialAutoencoder_zeros_False	GradientShap	64	1	0.1	NegativeBinomialAutoencoder	zeros	False
0.0182926829268292	3	164	6126	off_target	net_82_10152	1	0.01	net_60_10082_net_64_11307_net_84_11226_net_133_10773_net_82_10152_net_72_10551	GradientShap_64_1_0.1_NegativeBinomialAutoencoder_zeros_False	GradientShap	64	1	0.1	NegativeBinomialAutoencoder	zeros	False
0.0975609756097561	16	164	30628	off_target	net_82_10152	1	0.05	net_60_10082_net_64_11307_net_84_11226_net_133_10773_net_82_10152_net_72_10551	GradientShap_64_1_0.1_NegativeBinomialAutoencoder_zeros_False	GradientShap	64	1	0.1	NegativeBinomialAutoencoder	zeros	False
0.2134146341463414	35	164	61256	off_target	net_82_10152	1	0.1	net_60_10082_net_64_11307_net_84_11226_net_133_10773_net_82_10152_net_72_10551	GradientShap_64_1_0.1_NegativeBinomialAutoencoder_zeros_False	GradientShap	64	1	0.1	NegativeBinomialAutoencoder	zeros	False
0.4268292682926829	70	164	122512	off_target	net_82_10152	1	0.2	net_60_10082_net_64_11307_net_84_11226_net_133_10773_net_82_10152_net_72_10551	GradientShap_64_1_0.1_NegativeBinomialAutoencoder_zeros_False	GradientShap	64	1	0.1	NegativeBinomialAutoencoder	zeros	False
0.6341463414634146	104	164	153141	off_target	net_82_10152	1	0.25	net_60_10082_net_64_11307_net_84_11226_net_133_10773_net_82_10152_net_72_10551	GradientShap_64_1_0.1_NegativeBinomialAutoencoder_zeros_False	GradientShap	64	1	0.1	NegativeBinomialAutoencoder	zeros	False
1.0	164	164	245025	off_target	net_82_10152	1	0.5	net_60_10082_net_64_11307_net_84_11226_net_133_10773_net_82_10152_net_72_10551	GradientShap_64_1_0.1_NegativeBinomialAutoencoder_zeros_False	GradientShap	64	1	0.1	NegativeBinomialAutoencoder	zeros	False
1.0	164	164	245025	off_target	net_82_10152	1	0.75	net_60_10082_net_64_11307_net_84_11226_net_133_10773_net_82_10152_net_72_10551	GradientShap_64_1_0.1_NegativeBinomialAutoencoder_zeros_False	GradientShap	64	1	0.1	NegativeBinomialAutoencoder	zeros	False
1.0	164	164	245025	off_target	net_82_10152	1	1.0	net_60_10082_net_64_11307_net_84_11226_net_133_10773_net_82_10152_net_72_10551	GradientShap_64_1_0.1_NegativeBinomialAutoencoder_zeros_False	GradientShap	64	1	0.1	NegativeBinomialAutoencoder	zeros	False
0.0121951219512195	2	164	613	off_target	net_82_10152	2	0.001	net_60_10082_net_64_11307_net_84_11226_net_133_10773_net_82_10152_net_72_10551	GradientShap_64_1_0.1_NegativeBinomialAutoencoder_zeros_False	GradientShap	64	1	0.1	NegativeBinomialAutoencoder	zeros	False
0.0304878048780487	5	164	6126	off_target	net_82_10152	2	0.01	net_60_10082_net_64_11307_net_84_11226_net_133_10773_net_82_10152_net_72_10551	GradientShap_64_1_0.1_NegativeBinomialAutoencoder_zeros_False	GradientShap	64	1	0.1	NegativeBinomialAutoencoder	zeros	False
0.073170731707317	12	164	30628	off_target	net_82_10152	2	0.05	net_60_10082_net_64_11307_net_84_11226_net_133_10773_net_82_10152_net_72_10551	GradientShap_64_1_0.1_NegativeBinomialAutoencoder_zeros_False	GradientShap	64	1	0.1	NegativeBinomialAutoencoder	zeros	False
0.2012195121951219	33	164	61256	off_target	net_82_10152	2	0.1	net_60_10082_net_64_11307_net_84_11226_net_133_10773_net_82_10152_net_72_10551	GradientShap_64_1_0.1_NegativeBinomialAutoencoder_zeros_False	GradientShap	64	1	0.1	NegativeBinomialAutoencoder	zeros	False
0.5487804878048781	90	164	122512	off_target	net_82_10152	2	0.2	net_60_10082_net_64_11307_net_84_11226_net_133_10773_net_82_10152_net_72_10551	GradientShap_64_1_0.1_NegativeBinomialAutoencoder_zeros_False	GradientShap	64	1	0.1	NegativeBinomialAutoencoder	zeros	False
0.676829268292683	111	164	153141	off_target	net_82_10152	2	0.25	net_60_10082_net_64_11307_net_84_11226_net_133_10773_net_82_10152_net_72_10551	GradientShap_64_1_0.1_NegativeBinomialAutoencoder_zeros_False	GradientShap	64	1	0.1	NegativeBinomialAutoencoder	zeros	False
1.0	164	164	245025	off_target	net_82_10152	2	0.5	net_60_10082_net_64_11307_net_84_11226_net_133_10773_net_82_10152_net_72_10551	GradientShap_64_1_0.1_NegativeBinomialAutoencoder_zeros_False	GradientShap	64	1	0.1	NegativeBinomialAutoencoder	zeros	False
1.0	164	164	245025	off_target	net_82_10152	2	0.75	net_60_10082_net_64_11307_net_84_11226_net_133_10773_net_82_10152_net_72_10551	GradientShap_64_1_0.1_NegativeBinomialAutoencoder_zeros_False	GradientShap	64	1	0.1	NegativeBinomialAutoencoder	zeros	False
1.0	164	164	245025	off_target	net_82_10152	2	1.0	net_60_10082_net_64_11307_net_84_11226_net_133_10773_net_82_10152_net_72_10551	GradientShap_64_1_0.1_NegativeBinomialAutoencoder_zeros_False	GradientShap	64	1	0.1	NegativeBinomialAutoencoder	zeros	False
0.0	0	164	613	off_target	net_82_10152	3	0.001	net_60_10082_net_64_11307_net_84_11226_net_133_10773_net_82_10152_net_72_10551	GradientShap_64_1_0.1_NegativeBinomialAutoencoder_zeros_False	GradientShap	64	1	0.1	NegativeBinomialAutoencoder	zeros	False
0.0	0	164	6126	off_target	net_82_10152	3	0.01	net_60_10082_net_64_11307_net_84_11226_net_133_10773_net_82_10152_net_72_10551	GradientShap_64_1_0.1_NegativeBinomialAutoencoder_zeros_False	GradientShap	64	1	0.1	NegativeBinomialAutoencoder	zeros	False
0.073170731707317	12	164	30628	off_target	net_82_10152	3	0.05	net_60_10082_net_64_11307_net_84_11226_net_133_10773_net_82_10152_net_72_10551	GradientShap_64_1_0.1_NegativeBinomialAutoencoder_zeros_False	GradientShap	64	1	0.1	NegativeBinomialAutoencoder	zeros	False
0.1402439024390244	23	164	61256	off_target	net_82_10152	3	0.1	net_60_10082_net_64_11307_net_84_11226_net_133_10773_net_82_10152_net_72_10551	GradientShap_64_1_0.1_NegativeBinomialAutoencoder_zeros_False	GradientShap	64	1	0.1	NegativeBinomialAutoencoder	zeros	False
0.3658536585365853	60	164	122512	off_target	net_82_10152	3	0.2	net_60_10082_net_64_11307_net_84_11226_net_133_10773_net_82_10152_net_72_10551	GradientShap_64_1_0.1_NegativeBinomialAutoencoder_zeros_False	GradientShap	64	1	0.1	NegativeBinomialAutoencoder	zeros	False
0.5853658536585366	96	164	153141	off_target	net_82_10152	3	0.25	net_60_10082_net_64_11307_net_84_11226_net_133_10773_net_82_10152_net_72_10551	GradientShap_64_1_0.1_NegativeBinomialAutoencoder_zeros_False	GradientShap	64	1	0.1	NegativeBinomialAutoencoder	zeros	False
1.0	164	164	245025	off_target	net_82_10152	3	0.5	net_60_10082_net_64_11307_net_84_11226_net_133_10773_net_82_10152_net_72_10551	GradientShap_64_1_0.1_NegativeBinomialAutoencoder_zeros_False	GradientShap	64	1	0.1	NegativeBinomialAutoencoder	zeros	False
1.0	164	164	245025	off_target	net_82_10152	3	0.75	net_60_10082_net_64_11307_net_84_11226_net_133_10773_net_82_10152_net_72_10551	GradientShap_64_1_0.1_NegativeBinomialAutoencoder_zeros_False	GradientShap	64	1	0.1	NegativeBinomialAutoencoder	zeros	False
1.0	164	164	245025	off_target	net_82_10152	3	1.0	net_60_10082_net_64_11307_net_84_11226_net_133_10773_net_82_10152_net_72_10551	GradientShap_64_1_0.1_NegativeBinomialAutoencoder_zeros_False	GradientShap	64	1	0.1	NegativeBinomialAutoencoder	zeros	False
0.0365853658536585	6	164	613	on_target	net_82_10152	4	0.001	net_60_10082_net_64_11307_net_84_11226_net_133_10773_net_82_10152_net_72_10551	GradientShap_64_1_0.1_NegativeBinomialAutoencoder_zeros_False	GradientShap	64	1	0.1	NegativeBinomialAutoencoder	zeros	False
0.1402439024390244	23	164	6126	on_target	net_82_10152	4	0.01	net_60_10082_net_64_11307_net_84_11226_net_133_10773_net_82_10152_net_72_10551	GradientShap_64_1_0.1_NegativeBinomialAutoencoder_zeros_False	GradientShap	64	1	0.1	NegativeBinomialAutoencoder	zeros	False
0.2256097560975609	37	164	30628	on_target	net_82_10152	4	0.05	net_60_10082_net_64_11307_net_84_11226_net_133_10773_net_82_10152_net_72_10551	GradientShap_64_1_0.1_NegativeBinomialAutoencoder_zeros_False	GradientShap	64	1	0.1	NegativeBinomialAutoencoder	zeros	False
0.3231707317073171	53	164	61256	on_target	net_82_10152	4	0.1	net_60_10082_net_64_11307_net_84_11226_net_133_10773_net_82_10152_net_72_10551	GradientShap_64_1_0.1_NegativeBinomialAutoencoder_zeros_False	GradientShap	64	1	0.1	NegativeBinomialAutoencoder	zeros	False
0.4756097560975609	78	164	122512	on_target	net_82_10152	4	0.2	net_60_10082_net_64_11307_net_84_11226_net_133_10773_net_82_10152_net_72_10551	GradientShap_64_1_0.1_NegativeBinomialAutoencoder_zeros_False	GradientShap	64	1	0.1	NegativeBinomialAutoencoder	zeros	False
0.5426829268292683	89	164	153141	on_target	net_82_10152	4	0.25	net_60_10082_net_64_11307_net_84_11226_net_133_10773_net_82_10152_net_72_10551	GradientShap_64_1_0.1_NegativeBinomialAutoencoder_zeros_False	GradientShap	64	1	0.1	NegativeBinomialAutoencoder	zeros	False
1.0	164	164	245025	on_target	net_82_10152	4	0.5	net_60_10082_net_64_11307_net_84_11226_net_133_10773_net_82_10152_net_72_10551	GradientShap_64_1_0.1_NegativeBinomialAutoencoder_zeros_False	GradientShap	64	1	0.1	NegativeBinomialAutoencoder	zeros	False
1.0	164	164	245025	on_target	net_82_10152	4	0.75	net_60_10082_net_64_11307_net_84_11226_net_133_10773_net_82_10152_net_72_10551	GradientShap_64_1_0.1_NegativeBinomialAutoencoder_zeros_False	GradientShap	64	1	0.1	NegativeBinomialAutoencoder	zeros	False
1.0	164	164	245025	on_target	net_82_10152	4	1.0	net_60_10082_net_64_11307_net_84_11226_net_133_10773_net_82_10152_net_72_10551	GradientShap_64_1_0.1_NegativeBinomialAutoencoder_zeros_False	GradientShap	64	1	0.1	NegativeBinomialAutoencoder	zeros	False
0.0	0	175	879	on_target	net_75_10306	0	0.001	net_75_10306_net_115_11153_net_72_10551_net_113_11113_net_130_11537_net_88_10937	GradientShap_64_1_0.1_NegativeBinomialAutoencoder_zeros_False	GradientShap	64	1	0.1	NegativeBinomialAutoencoder	zeros	False
0.08	14	175	8791	on_target	net_75_10306	0	0.01	net_75_10306_net_115_11153_net_72_10551_net_113_11113_net_130_11537_net_88_10937	GradientShap_64_1_0.1_NegativeBinomialAutoencoder_zeros_False	GradientShap	64	1	0.1	NegativeBinomialAutoencoder	zeros	False
0.1771428571428571	31	175	43956	on_target	net_75_10306	0	0.05	net_75_10306_net_115_11153_net_72_10551_net_113_11113_net_130_11537_net_88_10937	GradientShap_64_1_0.1_NegativeBinomialAutoencoder_zeros_False	GradientShap	64	1	0.1	NegativeBinomialAutoencoder	zeros	False
0.2514285714285714	44	175	87912	on_target	net_75_10306	0	0.1	net_75_10306_net_115_11153_net_72_10551_net_113_11113_net_130_11537_net_88_10937	GradientShap_64_1_0.1_NegativeBinomialAutoencoder_zeros_False	GradientShap	64	1	0.1	NegativeBinomialAutoencoder	zeros	False
0.4228571428571429	74	175	175824	on_target	net_75_10306	0	0.2	net_75_10306_net_115_11153_net_72_10551_net_113_11113_net_130_11537_net_88_10937	GradientShap_64_1_0.1_NegativeBinomialAutoencoder_zeros_False	GradientShap	64	1	0.1	NegativeBinomialAutoencoder	zeros	False
0.5314285714285715	93	175	219781	on_target	net_75_10306	0	0.25	net_75_10306_net_115_11153_net_72_10551_net_113_11113_net_130_11537_net_88_10937	GradientShap_64_1_0.1_NegativeBinomialAutoencoder_zeros_False	GradientShap	64	1	0.1	NegativeBinomialAutoencoder	zeros	False
1.0	175	175	351649	on_target	net_75_10306	0	0.5	net_75_10306_net_115_11153_net_72_10551_net_113_11113_net_130_11537_net_88_10937	GradientShap_64_1_0.1_NegativeBinomialAutoencoder_zeros_False	GradientShap	64	1	0.1	NegativeBinomialAutoencoder	zeros	False
1.0	175	175	351649	on_target	net_75_10306	0	0.75	net_75_10306_net_115_11153_net_72_10551_net_113_11113_net_130_11537_net_88_10937	GradientShap_64_1_0.1_NegativeBinomialAutoencoder_zeros_False	GradientShap	64	1	0.1	NegativeBinomialAutoencoder	zeros	False
1.0	175	175	351649	on_target	net_75_10306	0	1.0	net_75_10306_net_115_11153_net_72_10551_net_113_11113_net_130_11537_net_88_10937	GradientShap_64_1_0.1_NegativeBinomialAutoencoder_zeros_False	GradientShap	64	1	0.1	NegativeBinomialAutoencoder	zeros	False
0.0	0	175	879	off_target	net_75_10306	1	0.001	net_75_10306_net_115_11153_net_72_10551_net_113_11113_net_130_11537_net_88_10937	GradientShap_64_1_0.1_NegativeBinomialAutoencoder_zeros_False	GradientShap	64	1	0.1	NegativeBinomialAutoencoder	zeros	False
0.0514285714285714	9	175	8791	off_target	net_75_10306	1	0.01	net_75_10306_net_115_11153_net_72_10551_net_113_11113_net_130_11537_net_88_10937	GradientShap_64_1_0.1_NegativeBinomialAutoencoder_zeros_False	GradientShap	64	1	0.1	NegativeBinomialAutoencoder	zeros	False
0.0971428571428571	17	175	43956	off_target	net_75_10306	1	0.05	net_75_10306_net_115_11153_net_72_10551_net_113_11113_net_130_11537_net_88_10937	GradientShap_64_1_0.1_NegativeBinomialAutoencoder_zeros_False	GradientShap	64	1	0.1	NegativeBinomialAutoencoder	zeros	False
0.1428571428571428	25	175	87912	off_target	net_75_10306	1	0.1	net_75_10306_net_115_11153_net_72_10551_net_113_11113_net_130_11537_net_88_10937	GradientShap_64_1_0.1_NegativeBinomialAutoencoder_zeros_False	GradientShap	64	1	0.1	NegativeBinomialAutoencoder	zeros	False
0.3885714285714285	68	175	175824	off_target	net_75_10306	1	0.2	net_75_10306_net_115_11153_net_72_10551_net_113_11113_net_130_11537_net_88_10937	GradientShap_64_1_0.1_NegativeBinomialAutoencoder_zeros_False	GradientShap	64	1	0.1	NegativeBinomialAutoencoder	zeros	False
0.5942857142857143	104	175	219781	off_target	net_75_10306	1	0.25	net_75_10306_net_115_11153_net_72_10551_net_113_11113_net_130_11537_net_88_10937	GradientShap_64_1_0.1_NegativeBinomialAutoencoder_zeros_False	GradientShap	64	1	0.1	NegativeBinomialAutoencoder	zeros	False
1.0	175	175	351649	off_target	net_75_10306	1	0.5	net_75_10306_net_115_11153_net_72_10551_net_113_11113_net_130_11537_net_88_10937	GradientShap_64_1_0.1_NegativeBinomialAutoencoder_zeros_False	GradientShap	64	1	0.1	NegativeBinomialAutoencoder	zeros	False
1.0	175	175	351649	off_target	net_75_10306	1	0.75	net_75_10306_net_115_11153_net_72_10551_net_113_11113_net_130_11537_net_88_10937	GradientShap_64_1_0.1_NegativeBinomialAutoencoder_zeros_False	GradientShap	64	1	0.1	NegativeBinomialAutoencoder	zeros	False
1.0	175	175	351649	off_target	net_75_10306	1	1.0	net_75_10306_net_115_11153_net_72_10551_net_113_11113_net_130_11537_net_88_10937	GradientShap_64_1_0.1_NegativeBinomialAutoencoder_zeros_False	GradientShap	64	1	0.1	NegativeBinomialAutoencoder	zeros	False
0.0	0	175	879	off_target	net_75_10306	2	0.001	net_75_10306_net_115_11153_net_72_10551_net_113_11113_net_130_11537_net_88_10937	GradientShap_64_1_0.1_NegativeBinomialAutoencoder_zeros_False	GradientShap	64	1	0.1	NegativeBinomialAutoencoder	zeros	False
0.0057142857142857	1	175	8791	off_target	net_75_10306	2	0.01	net_75_10306_net_115_11153_net_72_10551_net_113_11113_net_130_11537_net_88_10937	GradientShap_64_1_0.1_NegativeBinomialAutoencoder_zeros_False	GradientShap	64	1	0.1	NegativeBinomialAutoencoder	zeros	False
0.0742857142857142	13	175	43956	off_target	net_75_10306	2	0.05	net_75_10306_net_115_11153_net_72_10551_net_113_11113_net_130_11537_net_88_10937	GradientShap_64_1_0.1_NegativeBinomialAutoencoder_zeros_False	GradientShap	64	1	0.1	NegativeBinomialAutoencoder	zeros	False
0.2971428571428571	52	175	87912	off_target	net_75_10306	2	0.1	net_75_10306_net_115_11153_net_72_10551_net_113_11113_net_130_11537_net_88_10937	GradientShap_64_1_0.1_NegativeBinomialAutoencoder_zeros_False	GradientShap	64	1	0.1	NegativeBinomialAutoencoder	zeros	False
0.6228571428571429	109	175	175824	off_target	net_75_10306	2	0.2	net_75_10306_net_115_11153_net_72_10551_net_113_11113_net_130_11537_net_88_10937	GradientShap_64_1_0.1_NegativeBinomialAutoencoder_zeros_False	GradientShap	64	1	0.1	NegativeBinomialAutoencoder	zeros	False
0.7314285714285714	128	175	219781	off_target	net_75_10306	2	0.25	net_75_10306_net_115_11153_net_72_10551_net_113_11113_net_130_11537_net_88_10937	GradientShap_64_1_0.1_NegativeBinomialAutoencoder_zeros_False	GradientShap	64	1	0.1	NegativeBinomialAutoencoder	zeros	False
1.0	175	175	351649	off_target	net_75_10306	2	0.5	net_75_10306_net_115_11153_net_72_10551_net_113_11113_net_130_11537_net_88_10937	GradientShap_64_1_0.1_NegativeBinomialAutoencoder_zeros_False	GradientShap	64	1	0.1	NegativeBinomialAutoencoder	zeros	False
1.0	175	175	351649	off_target	net_75_10306	2	0.75	net_75_10306_net_115_11153_net_72_10551_net_113_11113_net_130_11537_net_88_10937	GradientShap_64_1_0.1_NegativeBinomialAutoencoder_zeros_False	GradientShap	64	1	0.1	NegativeBinomialAutoencoder	zeros	False
1.0	175	175	351649	off_target	net_75_10306	2	1.0	net_75_10306_net_115_11153_net_72_10551_net_113_11113_net_130_11537_net_88_10937	GradientShap_64_1_0.1_NegativeBinomialAutoencoder_zeros_False	GradientShap	64	1	0.1	NegativeBinomialAutoencoder	zeros	False
0.0	0	175	879	off_target	net_75_10306	3	0.001	net_75_10306_net_115_11153_net_72_10551_net_113_11113_net_130_11537_net_88_10937	GradientShap_64_1_0.1_NegativeBinomialAutoencoder_zeros_False	GradientShap	64	1	0.1	NegativeBinomialAutoencoder	zeros	False
0.04	7	175	8791	off_target	net_75_10306	3	0.01	net_75_10306_net_115_11153_net_72_10551_net_113_11113_net_130_11537_net_88_10937	GradientShap_64_1_0.1_NegativeBinomialAutoencoder_zeros_False	GradientShap	64	1	0.1	NegativeBinomialAutoencoder	zeros	False
0.0971428571428571	17	175	43956	off_target	net_75_10306	3	0.05	net_75_10306_net_115_11153_net_72_10551_net_113_11113_net_130_11537_net_88_10937	GradientShap_64_1_0.1_NegativeBinomialAutoencoder_zeros_False	GradientShap	64	1	0.1	NegativeBinomialAutoencoder	zeros	False
0.1142857142857142	20	175	87912	off_target	net_75_10306	3	0.1	net_75_10306_net_115_11153_net_72_10551_net_113_11113_net_130_11537_net_88_10937	GradientShap_64_1_0.1_NegativeBinomialAutoencoder_zeros_False	GradientShap	64	1	0.1	NegativeBinomialAutoencoder	zeros	False
0.28	49	175	175824	off_target	net_75_10306	3	0.2	net_75_10306_net_115_11153_net_72_10551_net_113_11113_net_130_11537_net_88_10937	GradientShap_64_1_0.1_NegativeBinomialAutoencoder_zeros_False	GradientShap	64	1	0.1	NegativeBinomialAutoencoder	zeros	False
0.5085714285714286	89	175	219781	off_target	net_75_10306	3	0.25	net_75_10306_net_115_11153_net_72_10551_net_113_11113_net_130_11537_net_88_10937	GradientShap_64_1_0.1_NegativeBinomialAutoencoder_zeros_False	GradientShap	64	1	0.1	NegativeBinomialAutoencoder	zeros	False
1.0	175	175	351649	off_target	net_75_10306	3	0.5	net_75_10306_net_115_11153_net_72_10551_net_113_11113_net_130_11537_net_88_10937	GradientShap_64_1_0.1_NegativeBinomialAutoencoder_zeros_False	GradientShap	64	1	0.1	NegativeBinomialAutoencoder	zeros	False
1.0	175	175	351649	off_target	net_75_10306	3	0.75	net_75_10306_net_115_11153_net_72_10551_net_113_11113_net_130_11537_net_88_10937	GradientShap_64_1_0.1_NegativeBinomialAutoencoder_zeros_False	GradientShap	64	1	0.1	NegativeBinomialAutoencoder	zeros	False
1.0	175	175	351649	off_target	net_75_10306	3	1.0	net_75_10306_net_115_11153_net_72_10551_net_113_11113_net_130_11537_net_88_10937	GradientShap_64_1_0.1_NegativeBinomialAutoencoder_zeros_False	GradientShap	64	1	0.1	NegativeBinomialAutoencoder	zeros	False
0.0	0	175	879	off_target	net_75_10306	4	0.001	net_75_10306_net_115_11153_net_72_10551_net_113_11113_net_130_11537_net_88_10937	GradientShap_64_1_0.1_NegativeBinomialAutoencoder_zeros_False	GradientShap	64	1	0.1	NegativeBinomialAutoencoder	zeros	False
0.0	0	175	8791	off_target	net_75_10306	4	0.01	net_75_10306_net_115_11153_net_72_10551_net_113_11113_net_130_11537_net_88_10937	GradientShap_64_1_0.1_NegativeBinomialAutoencoder_zeros_False	GradientShap	64	1	0.1	NegativeBinomialAutoencoder	zeros	False
0.0685714285714285	12	175	43956	off_target	net_75_10306	4	0.05	net_75_10306_net_115_11153_net_72_10551_net_113_11113_net_130_11537_net_88_10937	GradientShap_64_1_0.1_NegativeBinomialAutoencoder_zeros_False	GradientShap	64	1	0.1	NegativeBinomialAutoencoder	zeros	False
0.1714285714285714	30	175	87912	off_target	net_75_10306	4	0.1	net_75_10306_net_115_11153_net_72_10551_net_113_11113_net_130_11537_net_88_10937	GradientShap_64_1_0.1_NegativeBinomialAutoencoder_zeros_False	GradientShap	64	1	0.1	NegativeBinomialAutoencoder	zeros	False
0.44	77	175	175824	off_target	net_75_10306	4	0.2	net_75_10306_net_115_11153_net_72_10551_net_113_11113_net_130_11537_net_88_10937	GradientShap_64_1_0.1_NegativeBinomialAutoencoder_zeros_False	GradientShap	64	1	0.1	NegativeBinomialAutoencoder	zeros	False
0.6228571428571429	109	175	219781	off_target	net_75_10306	4	0.25	net_75_10306_net_115_11153_net_72_10551_net_113_11113_net_130_11537_net_88_10937	GradientShap_64_1_0.1_NegativeBinomialAutoencoder_zeros_False	GradientShap	64	1	0.1	NegativeBinomialAutoencoder	zeros	False
1.0	175	175	351649	off_target	net_75_10306	4	0.5	net_75_10306_net_115_11153_net_72_10551_net_113_11113_net_130_11537_net_88_10937	GradientShap_64_1_0.1_NegativeBinomialAutoencoder_zeros_False	GradientShap	64	1	0.1	NegativeBinomialAutoencoder	zeros	False
1.0	175	175	351649	off_target	net_75_10306	4	0.75	net_75_10306_net_115_11153_net_72_10551_net_113_11113_net_130_11537_net_88_10937	GradientShap_64_1_0.1_NegativeBinomialAutoencoder_zeros_False	GradientShap	64	1	0.1	NegativeBinomialAutoencoder	zeros	False
1.0	175	175	351649	off_target	net_75_10306	4	1.0	net_75_10306_net_115_11153_net_72_10551_net_113_11113_net_130_11537_net_88_10937	GradientShap_64_1_0.1_NegativeBinomialAutoencoder_zeros_False	GradientShap	64	1	0.1	NegativeBinomialAutoencoder	zeros	False
0.0	0	117	879	off_target	net_115_11153	0	0.001	net_75_10306_net_115_11153_net_72_10551_net_113_11113_net_130_11537_net_88_10937	GradientShap_64_1_0.1_NegativeBinomialAutoencoder_zeros_False	GradientShap	64	1	0.1	NegativeBinomialAutoencoder	zeros	False
0.0683760683760683	8	117	8791	off_target	net_115_11153	0	0.01	net_75_10306_net_115_11153_net_72_10551_net_113_11113_net_130_11537_net_88_10937	GradientShap_64_1_0.1_NegativeBinomialAutoencoder_zeros_False	GradientShap	64	1	0.1	NegativeBinomialAutoencoder	zeros	False
0.5555555555555556	65	117	43956	off_target	net_115_11153	0	0.05	net_75_10306_net_115_11153_net_72_10551_net_113_11113_net_130_11537_net_88_10937	GradientShap_64_1_0.1_NegativeBinomialAutoencoder_zeros_False	GradientShap	64	1	0.1	NegativeBinomialAutoencoder	zeros	False
0.6837606837606838	80	117	87912	off_target	net_115_11153	0	0.1	net_75_10306_net_115_11153_net_72_10551_net_113_11113_net_130_11537_net_88_10937	GradientShap_64_1_0.1_NegativeBinomialAutoencoder_zeros_False	GradientShap	64	1	0.1	NegativeBinomialAutoencoder	zeros	False
0.7948717948717948	93	117	175824	off_target	net_115_11153	0	0.2	net_75_10306_net_115_11153_net_72_10551_net_113_11113_net_130_11537_net_88_10937	GradientShap_64_1_0.1_NegativeBinomialAutoencoder_zeros_False	GradientShap	64	1	0.1	NegativeBinomialAutoencoder	zeros	False
0.8547008547008547	100	117	219781	off_target	net_115_11153	0	0.25	net_75_10306_net_115_11153_net_72_10551_net_113_11113_net_130_11537_net_88_10937	GradientShap_64_1_0.1_NegativeBinomialAutoencoder_zeros_False	GradientShap	64	1	0.1	NegativeBinomialAutoencoder	zeros	False
1.0	117	117	351649	off_target	net_115_11153	0	0.5	net_75_10306_net_115_11153_net_72_10551_net_113_11113_net_130_11537_net_88_10937	GradientShap_64_1_0.1_NegativeBinomialAutoencoder_zeros_False	GradientShap	64	1	0.1	NegativeBinomialAutoencoder	zeros	False
1.0	117	117	351649	off_target	net_115_11153	0	0.75	net_75_10306_net_115_11153_net_72_10551_net_113_11113_net_130_11537_net_88_10937	GradientShap_64_1_0.1_NegativeBinomialAutoencoder_zeros_False	GradientShap	64	1	0.1	NegativeBinomialAutoencoder	zeros	False
1.0	117	117	351649	off_target	net_115_11153	0	1.0	net_75_10306_net_115_11153_net_72_10551_net_113_11113_net_130_11537_net_88_10937	GradientShap_64_1_0.1_NegativeBinomialAutoencoder_zeros_False	GradientShap	64	1	0.1	NegativeBinomialAutoencoder	zeros	False
0.0	0	117	879	on_target	net_115_11153	1	0.001	net_75_10306_net_115_11153_net_72_10551_net_113_11113_net_130_11537_net_88_10937	GradientShap_64_1_0.1_NegativeBinomialAutoencoder_zeros_False	GradientShap	64	1	0.1	NegativeBinomialAutoencoder	zeros	False
0.017094017094017	2	117	8791	on_target	net_115_11153	1	0.01	net_75_10306_net_115_11153_net_72_10551_net_113_11113_net_130_11537_net_88_10937	GradientShap_64_1_0.1_NegativeBinomialAutoencoder_zeros_False	GradientShap	64	1	0.1	NegativeBinomialAutoencoder	zeros	False
0.5897435897435898	69	117	43956	on_target	net_115_11153	1	0.05	net_75_10306_net_115_11153_net_72_10551_net_113_11113_net_130_11537_net_88_10937	GradientShap_64_1_0.1_NegativeBinomialAutoencoder_zeros_False	GradientShap	64	1	0.1	NegativeBinomialAutoencoder	zeros	False
0.8803418803418803	103	117	87912	on_target	net_115_11153	1	0.1	net_75_10306_net_115_11153_net_72_10551_net_113_11113_net_130_11537_net_88_10937	GradientShap_64_1_0.1_NegativeBinomialAutoencoder_zeros_False	GradientShap	64	1	0.1	NegativeBinomialAutoencoder	zeros	False
0.9658119658119658	113	117	175824	on_target	net_115_11153	1	0.2	net_75_10306_net_115_11153_net_72_10551_net_113_11113_net_130_11537_net_88_10937	GradientShap_64_1_0.1_NegativeBinomialAutoencoder_zeros_False	GradientShap	64	1	0.1	NegativeBinomialAutoencoder	zeros	False
0.9829059829059827	115	117	219781	on_target	net_115_11153	1	0.25	net_75_10306_net_115_11153_net_72_10551_net_113_11113_net_130_11537_net_88_10937	GradientShap_64_1_0.1_NegativeBinomialAutoencoder_zeros_False	GradientShap	64	1	0.1	NegativeBinomialAutoencoder	zeros	False
1.0	117	117	351649	on_target	net_115_11153	1	0.5	net_75_10306_net_115_11153_net_72_10551_net_113_11113_net_130_11537_net_88_10937	GradientShap_64_1_0.1_NegativeBinomialAutoencoder_zeros_False	GradientShap	64	1	0.1	NegativeBinomialAutoencoder	zeros	False
1.0	117	117	351649	on_target	net_115_11153	1	0.75	net_75_10306_net_115_11153_net_72_10551_net_113_11113_net_130_11537_net_88_10937	GradientShap_64_1_0.1_NegativeBinomialAutoencoder_zeros_False	GradientShap	64	1	0.1	NegativeBinomialAutoencoder	zeros	False
1.0	117	117	351649	on_target	net_115_11153	1	1.0	net_75_10306_net_115_11153_net_72_10551_net_113_11113_net_130_11537_net_88_10937	GradientShap_64_1_0.1_NegativeBinomialAutoencoder_zeros_False	GradientShap	64	1	0.1	NegativeBinomialAutoencoder	zeros	False
0.0	0	117	879	off_target	net_115_11153	2	0.001	net_75_10306_net_115_11153_net_72_10551_net_113_11113_net_130_11537_net_88_10937	GradientShap_64_1_0.1_NegativeBinomialAutoencoder_zeros_False	GradientShap	64	1	0.1	NegativeBinomialAutoencoder	zeros	False
0.0854700854700854	10	117	8791	off_target	net_115_11153	2	0.01	net_75_10306_net_115_11153_net_72_10551_net_113_11113_net_130_11537_net_88_10937	GradientShap_64_1_0.1_NegativeBinomialAutoencoder_zeros_False	GradientShap	64	1	0.1	NegativeBinomialAutoencoder	zeros	False
0.6410256410256411	75	117	43956	off_target	net_115_11153	2	0.05	net_75_10306_net_115_11153_net_72_10551_net_113_11113_net_130_11537_net_88_10937	GradientShap_64_1_0.1_NegativeBinomialAutoencoder_zeros_False	GradientShap	64	1	0.1	NegativeBinomialAutoencoder	zeros	False
0.8205128205128205	96	117	87912	off_target	net_115_11153	2	0.1	net_75_10306_net_115_11153_net_72_10551_net_113_11113_net_130_11537_net_88_10937	GradientShap_64_1_0.1_NegativeBinomialAutoencoder_zeros_False	GradientShap	64	1	0.1	NegativeBinomialAutoencoder	zeros	False
0.9145299145299144	107	117	175824	off_target	net_115_11153	2	0.2	net_75_10306_net_115_11153_net_72_10551_net_113_11113_net_130_11537_net_88_10937	GradientShap_64_1_0.1_NegativeBinomialAutoencoder_zeros_False	GradientShap	64	1	0.1	NegativeBinomialAutoencoder	zeros	False
0.9401709401709402	110	117	219781	off_target	net_115_11153	2	0.25	net_75_10306_net_115_11153_net_72_10551_net_113_11113_net_130_11537_net_88_10937	GradientShap_64_1_0.1_NegativeBinomialAutoencoder_zeros_False	GradientShap	64	1	0.1	NegativeBinomialAutoencoder	zeros	False
1.0	117	117	351649	off_target	net_115_11153	2	0.5	net_75_10306_net_115_11153_net_72_10551_net_113_11113_net_130_11537_net_88_10937	GradientShap_64_1_0.1_NegativeBinomialAutoencoder_zeros_False	GradientShap	64	1	0.1	NegativeBinomialAutoencoder	zeros	False
1.0	117	117	351649	off_target	net_115_11153	2	0.75	net_75_10306_net_115_11153_net_72_10551_net_113_11113_net_130_11537_net_88_10937	GradientShap_64_1_0.1_NegativeBinomialAutoencoder_zeros_False	GradientShap	64	1	0.1	NegativeBinomialAutoencoder	zeros	False
1.0	117	117	351649	off_target	net_115_11153	2	1.0	net_75_10306_net_115_11153_net_72_10551_net_113_11113_net_130_11537_net_88_10937	GradientShap_64_1_0.1_NegativeBinomialAutoencoder_zeros_False	GradientShap	64	1	0.1	NegativeBinomialAutoencoder	zeros	False
0.0	0	117	879	off_target	net_115_11153	3	0.001	net_75_10306_net_115_11153_net_72_10551_net_113_11113_net_130_11537_net_88_10937	GradientShap_64_1_0.1_NegativeBinomialAutoencoder_zeros_False	GradientShap	64	1	0.1	NegativeBinomialAutoencoder	zeros	False
0.0	0	117	8791	off_target	net_115_11153	3	0.01	net_75_10306_net_115_11153_net_72_10551_net_113_11113_net_130_11537_net_88_10937	GradientShap_64_1_0.1_NegativeBinomialAutoencoder_zeros_False	GradientShap	64	1	0.1	NegativeBinomialAutoencoder	zeros	False
0.2564102564102564	30	117	43956	off_target	net_115_11153	3	0.05	net_75_10306_net_115_11153_net_72_10551_net_113_11113_net_130_11537_net_88_10937	GradientShap_64_1_0.1_NegativeBinomialAutoencoder_zeros_False	GradientShap	64	1	0.1	NegativeBinomialAutoencoder	zeros	False
0.6410256410256411	75	117	87912	off_target	net_115_11153	3	0.1	net_75_10306_net_115_11153_net_72_10551_net_113_11113_net_130_11537_net_88_10937	GradientShap_64_1_0.1_NegativeBinomialAutoencoder_zeros_False	GradientShap	64	1	0.1	NegativeBinomialAutoencoder	zeros	False
0.9401709401709402	110	117	175824	off_target	net_115_11153	3	0.2	net_75_10306_net_115_11153_net_72_10551_net_113_11113_net_130_11537_net_88_10937	GradientShap_64_1_0.1_NegativeBinomialAutoencoder_zeros_False	GradientShap	64	1	0.1	NegativeBinomialAutoencoder	zeros	False
0.9743589743589745	114	117	219781	off_target	net_115_11153	3	0.25	net_75_10306_net_115_11153_net_72_10551_net_113_11113_net_130_11537_net_88_10937	GradientShap_64_1_0.1_NegativeBinomialAutoencoder_zeros_False	GradientShap	64	1	0.1	NegativeBinomialAutoencoder	zeros	False
1.0	117	117	351649	off_target	net_115_11153	3	0.5	net_75_10306_net_115_11153_net_72_10551_net_113_11113_net_130_11537_net_88_10937	GradientShap_64_1_0.1_NegativeBinomialAutoencoder_zeros_False	GradientShap	64	1	0.1	NegativeBinomialAutoencoder	zeros	False
1.0	117	117	351649	off_target	net_115_11153	3	0.75	net_75_10306_net_115_11153_net_72_10551_net_113_11113_net_130_11537_net_88_10937	GradientShap_64_1_0.1_NegativeBinomialAutoencoder_zeros_False	GradientShap	64	1	0.1	NegativeBinomialAutoencoder	zeros	False
1.0	117	117	351649	off_target	net_115_11153	3	1.0	net_75_10306_net_115_11153_net_72_10551_net_113_11113_net_130_11537_net_88_10937	GradientShap_64_1_0.1_NegativeBinomialAutoencoder_zeros_False	GradientShap	64	1	0.1	NegativeBinomialAutoencoder	zeros	False
0.0	0	117	879	off_target	net_115_11153	4	0.001	net_75_10306_net_115_11153_net_72_10551_net_113_11113_net_130_11537_net_88_10937	GradientShap_64_1_0.1_NegativeBinomialAutoencoder_zeros_False	GradientShap	64	1	0.1	NegativeBinomialAutoencoder	zeros	False
0.0	0	117	8791	off_target	net_115_11153	4	0.01	net_75_10306_net_115_11153_net_72_10551_net_113_11113_net_130_11537_net_88_10937	GradientShap_64_1_0.1_NegativeBinomialAutoencoder_zeros_False	GradientShap	64	1	0.1	NegativeBinomialAutoencoder	zeros	False
0.0085470085470085	1	117	43956	off_target	net_115_11153	4	0.05	net_75_10306_net_115_11153_net_72_10551_net_113_11113_net_130_11537_net_88_10937	GradientShap_64_1_0.1_NegativeBinomialAutoencoder_zeros_False	GradientShap	64	1	0.1	NegativeBinomialAutoencoder	zeros	False
0.5299145299145299	62	117	87912	off_target	net_115_11153	4	0.1	net_75_10306_net_115_11153_net_72_10551_net_113_11113_net_130_11537_net_88_10937	GradientShap_64_1_0.1_NegativeBinomialAutoencoder_zeros_False	GradientShap	64	1	0.1	NegativeBinomialAutoencoder	zeros	False
0.9829059829059827	115	117	175824	off_target	net_115_11153	4	0.2	net_75_10306_net_115_11153_net_72_10551_net_113_11113_net_130_11537_net_88_10937	GradientShap_64_1_0.1_NegativeBinomialAutoencoder_zeros_False	GradientShap	64	1	0.1	NegativeBinomialAutoencoder	zeros	False
0.9829059829059827	115	117	219781	off_target	net_115_11153	4	0.25	net_75_10306_net_115_11153_net_72_10551_net_113_11113_net_130_11537_net_88_10937	GradientShap_64_1_0.1_NegativeBinomialAutoencoder_zeros_False	GradientShap	64	1	0.1	NegativeBinomialAutoencoder	zeros	False
1.0	117	117	351649	off_target	net_115_11153	4	0.5	net_75_10306_net_115_11153_net_72_10551_net_113_11113_net_130_11537_net_88_10937	GradientShap_64_1_0.1_NegativeBinomialAutoencoder_zeros_False	GradientShap	64	1	0.1	NegativeBinomialAutoencoder	zeros	False
1.0	117	117	351649	off_target	net_115_11153	4	0.75	net_75_10306_net_115_11153_net_72_10551_net_113_11113_net_130_11537_net_88_10937	GradientShap_64_1_0.1_NegativeBinomialAutoencoder_zeros_False	GradientShap	64	1	0.1	NegativeBinomialAutoencoder	zeros	False
1.0	117	117	351649	off_target	net_115_11153	4	1.0	net_75_10306_net_115_11153_net_72_10551_net_113_11113_net_130_11537_net_88_10937	GradientShap_64_1_0.1_NegativeBinomialAutoencoder_zeros_False	GradientShap	64	1	0.1	NegativeBinomialAutoencoder	zeros	False
0.0	0	189	879	off_target	net_72_10551	0	0.001	net_75_10306_net_115_11153_net_72_10551_net_113_11113_net_130_11537_net_88_10937	GradientShap_64_1_0.1_NegativeBinomialAutoencoder_zeros_False	GradientShap	64	1	0.1	NegativeBinomialAutoencoder	zeros	False
0.0	0	189	8791	off_target	net_72_10551	0	0.01	net_75_10306_net_115_11153_net_72_10551_net_113_11113_net_130_11537_net_88_10937	GradientShap_64_1_0.1_NegativeBinomialAutoencoder_zeros_False	GradientShap	64	1	0.1	NegativeBinomialAutoencoder	zeros	False
0.0476190476190476	9	189	43956	off_target	net_72_10551	0	0.05	net_75_10306_net_115_11153_net_72_10551_net_113_11113_net_130_11537_net_88_10937	GradientShap_64_1_0.1_NegativeBinomialAutoencoder_zeros_False	GradientShap	64	1	0.1	NegativeBinomialAutoencoder	zeros	False
0.1322751322751322	25	189	87912	off_target	net_72_10551	0	0.1	net_75_10306_net_115_11153_net_72_10551_net_113_11113_net_130_11537_net_88_10937	GradientShap_64_1_0.1_NegativeBinomialAutoencoder_zeros_False	GradientShap	64	1	0.1	NegativeBinomialAutoencoder	zeros	False
0.3756613756613756	71	189	175824	off_target	net_72_10551	0	0.2	net_75_10306_net_115_11153_net_72_10551_net_113_11113_net_130_11537_net_88_10937	GradientShap_64_1_0.1_NegativeBinomialAutoencoder_zeros_False	GradientShap	64	1	0.1	NegativeBinomialAutoencoder	zeros	False
0.5767195767195767	109	189	219781	off_target	net_72_10551	0	0.25	net_75_10306_net_115_11153_net_72_10551_net_113_11113_net_130_11537_net_88_10937	GradientShap_64_1_0.1_NegativeBinomialAutoencoder_zeros_False	GradientShap	64	1	0.1	NegativeBinomialAutoencoder	zeros	False
1.0	189	189	351649	off_target	net_72_10551	0	0.5	net_75_10306_net_115_11153_net_72_10551_net_113_11113_net_130_11537_net_88_10937	GradientShap_64_1_0.1_NegativeBinomialAutoencoder_zeros_False	GradientShap	64	1	0.1	NegativeBinomialAutoencoder	zeros	False
1.0	189	189	351649	off_target	net_72_10551	0	0.75	net_75_10306_net_115_11153_net_72_10551_net_113_11113_net_130_11537_net_88_10937	GradientShap_64_1_0.1_NegativeBinomialAutoencoder_zeros_False	GradientShap	64	1	0.1	NegativeBinomialAutoencoder	zeros	False
1.0	189	189	351649	off_target	net_72_10551	0	1.0	net_75_10306_net_115_11153_net_72_10551_net_113_11113_net_130_11537_net_88_10937	GradientShap_64_1_0.1_NegativeBinomialAutoencoder_zeros_False	GradientShap	64	1	0.1	NegativeBinomialAutoencoder	zeros	False
0.0	0	189	879	off_target	net_72_10551	1	0.001	net_75_10306_net_115_11153_net_72_10551_net_113_11113_net_130_11537_net_88_10937	GradientShap_64_1_0.1_NegativeBinomialAutoencoder_zeros_False	GradientShap	64	1	0.1	NegativeBinomialAutoencoder	zeros	False
0.0317460317460317	6	189	8791	off_target	net_72_10551	1	0.01	net_75_10306_net_115_11153_net_72_10551_net_113_11113_net_130_11537_net_88_10937	GradientShap_64_1_0.1_NegativeBinomialAutoencoder_zeros_False	GradientShap	64	1	0.1	NegativeBinomialAutoencoder	zeros	False
0.1058201058201058	20	189	43956	off_target	net_72_10551	1	0.05	net_75_10306_net_115_11153_net_72_10551_net_113_11113_net_130_11537_net_88_10937	GradientShap_64_1_0.1_NegativeBinomialAutoencoder_zeros_False	GradientShap	64	1	0.1	NegativeBinomialAutoencoder	zeros	False
0.2063492063492063	39	189	87912	off_target	net_72_10551	1	0.1	net_75_10306_net_115_11153_net_72_10551_net_113_11113_net_130_11537_net_88_10937	GradientShap_64_1_0.1_NegativeBinomialAutoencoder_zeros_False	GradientShap	64	1	0.1	NegativeBinomialAutoencoder	zeros	False
0.4232804232804232	80	189	175824	off_target	net_72_10551	1	0.2	net_75_10306_net_115_11153_net_72_10551_net_113_11113_net_130_11537_net_88_10937	GradientShap_64_1_0.1_NegativeBinomialAutoencoder_zeros_False	GradientShap	64	1	0.1	NegativeBinomialAutoencoder	zeros	False
0.5978835978835979	113	189	219781	off_target	net_72_10551	1	0.25	net_75_10306_net_115_11153_net_72_10551_net_113_11113_net_130_11537_net_88_10937	GradientShap_64_1_0.1_NegativeBinomialAutoencoder_zeros_False	GradientShap	64	1	0.1	NegativeBinomialAutoencoder	zeros	False
1.0	189	189	351649	off_target	net_72_10551	1	0.5	net_75_10306_net_115_11153_net_72_10551_net_113_11113_net_130_11537_net_88_10937	GradientShap_64_1_0.1_NegativeBinomialAutoencoder_zeros_False	GradientShap	64	1	0.1	NegativeBinomialAutoencoder	zeros	False
1.0	189	189	351649	off_target	net_72_10551	1	0.75	net_75_10306_net_115_11153_net_72_10551_net_113_11113_net_130_11537_net_88_10937	GradientShap_64_1_0.1_NegativeBinomialAutoencoder_zeros_False	GradientShap	64	1	0.1	NegativeBinomialAutoencoder	zeros	False
1.0	189	189	351649	off_target	net_72_10551	1	1.0	net_75_10306_net_115_11153_net_72_10551_net_113_11113_net_130_11537_net_88_10937	GradientShap_64_1_0.1_NegativeBinomialAutoencoder_zeros_False	GradientShap	64	1	0.1	NegativeBinomialAutoencoder	zeros	False
0.0158730158730158	3	189	879	on_target	net_72_10551	2	0.001	net_75_10306_net_115_11153_net_72_10551_net_113_11113_net_130_11537_net_88_10937	GradientShap_64_1_0.1_NegativeBinomialAutoencoder_zeros_False	GradientShap	64	1	0.1	NegativeBinomialAutoencoder	zeros	False
0.0793650793650793	15	189	8791	on_target	net_72_10551	2	0.01	net_75_10306_net_115_11153_net_72_10551_net_113_11113_net_130_11537_net_88_10937	GradientShap_64_1_0.1_NegativeBinomialAutoencoder_zeros_False	GradientShap	64	1	0.1	NegativeBinomialAutoencoder	zeros	False
0.1798941798941798	34	189	43956	on_target	net_72_10551	2	0.05	net_75_10306_net_115_11153_net_72_10551_net_113_11113_net_130_11537_net_88_10937	GradientShap_64_1_0.1_NegativeBinomialAutoencoder_zeros_False	GradientShap	64	1	0.1	NegativeBinomialAutoencoder	zeros	False
0.3386243386243386	64	189	87912	on_target	net_72_10551	2	0.1	net_75_10306_net_115_11153_net_72_10551_net_113_11113_net_130_11537_net_88_10937	GradientShap_64_1_0.1_NegativeBinomialAutoencoder_zeros_False	GradientShap	64	1	0.1	NegativeBinomialAutoencoder	zeros	False
0.6402116402116402	121	189	175824	on_target	net_72_10551	2	0.2	net_75_10306_net_115_11153_net_72_10551_net_113_11113_net_130_11537_net_88_10937	GradientShap_64_1_0.1_NegativeBinomialAutoencoder_zeros_False	GradientShap	64	1	0.1	NegativeBinomialAutoencoder	zeros	False
0.6984126984126984	132	189	219781	on_target	net_72_10551	2	0.25	net_75_10306_net_115_11153_net_72_10551_net_113_11113_net_130_11537_net_88_10937	GradientShap_64_1_0.1_NegativeBinomialAutoencoder_zeros_False	GradientShap	64	1	0.1	NegativeBinomialAutoencoder	zeros	False
1.0	189	189	351649	on_target	net_72_10551	2	0.5	net_75_10306_net_115_11153_net_72_10551_net_113_11113_net_130_11537_net_88_10937	GradientShap_64_1_0.1_NegativeBinomialAutoencoder_zeros_False	GradientShap	64	1	0.1	NegativeBinomialAutoencoder	zeros	False
1.0	189	189	351649	on_target	net_72_10551	2	0.75	net_75_10306_net_115_11153_net_72_10551_net_113_11113_net_130_11537_net_88_10937	GradientShap_64_1_0.1_NegativeBinomialAutoencoder_zeros_False	GradientShap	64	1	0.1	NegativeBinomialAutoencoder	zeros	False
1.0	189	189	351649	on_target	net_72_10551	2	1.0	net_75_10306_net_115_11153_net_72_10551_net_113_11113_net_130_11537_net_88_10937	GradientShap_64_1_0.1_NegativeBinomialAutoencoder_zeros_False	GradientShap	64	1	0.1	NegativeBinomialAutoencoder	zeros	False
0.0	0	189	879	off_target	net_72_10551	3	0.001	net_75_10306_net_115_11153_net_72_10551_net_113_11113_net_130_11537_net_88_10937	GradientShap_64_1_0.1_NegativeBinomialAutoencoder_zeros_False	GradientShap	64	1	0.1	NegativeBinomialAutoencoder	zeros	False
0.0211640211640211	4	189	8791	off_target	net_72_10551	3	0.01	net_75_10306_net_115_11153_net_72_10551_net_113_11113_net_130_11537_net_88_10937	GradientShap_64_1_0.1_NegativeBinomialAutoencoder_zeros_False	GradientShap	64	1	0.1	NegativeBinomialAutoencoder	zeros	False
0.0793650793650793	15	189	43956	off_target	net_72_10551	3	0.05	net_75_10306_net_115_11153_net_72_10551_net_113_11113_net_130_11537_net_88_10937	GradientShap_64_1_0.1_NegativeBinomialAutoencoder_zeros_False	GradientShap	64	1	0.1	NegativeBinomialAutoencoder	zeros	False
0.1322751322751322	25	189	87912	off_target	net_72_10551	3	0.1	net_75_10306_net_115_11153_net_72_10551_net_113_11113_net_130_11537_net_88_10937	GradientShap_64_1_0.1_NegativeBinomialAutoencoder_zeros_False	GradientShap	64	1	0.1	NegativeBinomialAutoencoder	zeros	False
0.2857142857142857	54	189	175824	off_target	net_72_10551	3	0.2	net_75_10306_net_115_11153_net_72_10551_net_113_11113_net_130_11537_net_88_10937	GradientShap_64_1_0.1_NegativeBinomialAutoencoder_zeros_False	GradientShap	64	1	0.1	NegativeBinomialAutoencoder	zeros	False
0.5238095238095238	99	189	219781	off_target	net_72_10551	3	0.25	net_75_10306_net_115_11153_net_72_10551_net_113_11113_net_130_11537_net_88_10937	GradientShap_64_1_0.1_NegativeBinomialAutoencoder_zeros_False	GradientShap	64	1	0.1	NegativeBinomialAutoencoder	zeros	False
1.0	189	189	351649	off_target	net_72_10551	3	0.5	net_75_10306_net_115_11153_net_72_10551_net_113_11113_net_130_11537_net_88_10937	GradientShap_64_1_0.1_NegativeBinomialAutoencoder_zeros_False	GradientShap	64	1	0.1	NegativeBinomialAutoencoder	zeros	False
1.0	189	189	351649	off_target	net_72_10551	3	0.75	net_75_10306_net_115_11153_net_72_10551_net_113_11113_net_130_11537_net_88_10937	GradientShap_64_1_0.1_NegativeBinomialAutoencoder_zeros_False	GradientShap	64	1	0.1	NegativeBinomialAutoencoder	zeros	False
1.0	189	189	351649	off_target	net_72_10551	3	1.0	net_75_10306_net_115_11153_net_72_10551_net_113_11113_net_130_11537_net_88_10937	GradientShap_64_1_0.1_NegativeBinomialAutoencoder_zeros_False	GradientShap	64	1	0.1	NegativeBinomialAutoencoder	zeros	False
0.0105820105820105	2	189	879	off_target	net_72_10551	4	0.001	net_75_10306_net_115_11153_net_72_10551_net_113_11113_net_130_11537_net_88_10937	GradientShap_64_1_0.1_NegativeBinomialAutoencoder_zeros_False	GradientShap	64	1	0.1	NegativeBinomialAutoencoder	zeros	False
0.0264550264550264	5	189	8791	off_target	net_72_10551	4	0.01	net_75_10306_net_115_11153_net_72_10551_net_113_11113_net_130_11537_net_88_10937	GradientShap_64_1_0.1_NegativeBinomialAutoencoder_zeros_False	GradientShap	64	1	0.1	NegativeBinomialAutoencoder	zeros	False
0.0529100529100529	10	189	43956	off_target	net_72_10551	4	0.05	net_75_10306_net_115_11153_net_72_10551_net_113_11113_net_130_11537_net_88_10937	GradientShap_64_1_0.1_NegativeBinomialAutoencoder_zeros_False	GradientShap	64	1	0.1	NegativeBinomialAutoencoder	zeros	False
0.164021164021164	31	189	87912	off_target	net_72_10551	4	0.1	net_75_10306_net_115_11153_net_72_10551_net_113_11113_net_130_11537_net_88_10937	GradientShap_64_1_0.1_NegativeBinomialAutoencoder_zeros_False	GradientShap	64	1	0.1	NegativeBinomialAutoencoder	zeros	False
0.544973544973545	103	189	175824	off_target	net_72_10551	4	0.2	net_75_10306_net_115_11153_net_72_10551_net_113_11113_net_130_11537_net_88_10937	GradientShap_64_1_0.1_NegativeBinomialAutoencoder_zeros_False	GradientShap	64	1	0.1	NegativeBinomialAutoencoder	zeros	False
0.6666666666666666	126	189	219781	off_target	net_72_10551	4	0.25	net_75_10306_net_115_11153_net_72_10551_net_113_11113_net_130_11537_net_88_10937	GradientShap_64_1_0.1_NegativeBinomialAutoencoder_zeros_False	GradientShap	64	1	0.1	NegativeBinomialAutoencoder	zeros	False
1.0	189	189	351649	off_target	net_72_10551	4	0.5	net_75_10306_net_115_11153_net_72_10551_net_113_11113_net_130_11537_net_88_10937	GradientShap_64_1_0.1_NegativeBinomialAutoencoder_zeros_False	GradientShap	64	1	0.1	NegativeBinomialAutoencoder	zeros	False
1.0	189	189	351649	off_target	net_72_10551	4	0.75	net_75_10306_net_115_11153_net_72_10551_net_113_11113_net_130_11537_net_88_10937	GradientShap_64_1_0.1_NegativeBinomialAutoencoder_zeros_False	GradientShap	64	1	0.1	NegativeBinomialAutoencoder	zeros	False
1.0	189	189	351649	off_target	net_72_10551	4	1.0	net_75_10306_net_115_11153_net_72_10551_net_113_11113_net_130_11537_net_88_10937	GradientShap_64_1_0.1_NegativeBinomialAutoencoder_zeros_False	GradientShap	64	1	0.1	NegativeBinomialAutoencoder	zeros	False
0.0	0	112	879	off_target	net_113_11113	0	0.001	net_75_10306_net_115_11153_net_72_10551_net_113_11113_net_130_11537_net_88_10937	GradientShap_64_1_0.1_NegativeBinomialAutoencoder_zeros_False	GradientShap	64	1	0.1	NegativeBinomialAutoencoder	zeros	False
0.0	0	112	8791	off_target	net_113_11113	0	0.01	net_75_10306_net_115_11153_net_72_10551_net_113_11113_net_130_11537_net_88_10937	GradientShap_64_1_0.1_NegativeBinomialAutoencoder_zeros_False	GradientShap	64	1	0.1	NegativeBinomialAutoencoder	zeros	False
0.0	0	112	43956	off_target	net_113_11113	0	0.05	net_75_10306_net_115_11153_net_72_10551_net_113_11113_net_130_11537_net_88_10937	GradientShap_64_1_0.1_NegativeBinomialAutoencoder_zeros_False	GradientShap	64	1	0.1	NegativeBinomialAutoencoder	zeros	False
0.1071428571428571	12	112	87912	off_target	net_113_11113	0	0.1	net_75_10306_net_115_11153_net_72_10551_net_113_11113_net_130_11537_net_88_10937	GradientShap_64_1_0.1_NegativeBinomialAutoencoder_zeros_False	GradientShap	64	1	0.1	NegativeBinomialAutoencoder	zeros	False
0.5	56	112	175824	off_target	net_113_11113	0	0.2	net_75_10306_net_115_11153_net_72_10551_net_113_11113_net_130_11537_net_88_10937	GradientShap_64_1_0.1_NegativeBinomialAutoencoder_zeros_False	GradientShap	64	1	0.1	NegativeBinomialAutoencoder	zeros	False
0.6517857142857143	73	112	219781	off_target	net_113_11113	0	0.25	net_75_10306_net_115_11153_net_72_10551_net_113_11113_net_130_11537_net_88_10937	GradientShap_64_1_0.1_NegativeBinomialAutoencoder_zeros_False	GradientShap	64	1	0.1	NegativeBinomialAutoencoder	zeros	False
1.0	112	112	351649	off_target	net_113_11113	0	0.5	net_75_10306_net_115_11153_net_72_10551_net_113_11113_net_130_11537_net_88_10937	GradientShap_64_1_0.1_NegativeBinomialAutoencoder_zeros_False	GradientShap	64	1	0.1	NegativeBinomialAutoencoder	zeros	False
1.0	112	112	351649	off_target	net_113_11113	0	0.75	net_75_10306_net_115_11153_net_72_10551_net_113_11113_net_130_11537_net_88_10937	GradientShap_64_1_0.1_NegativeBinomialAutoencoder_zeros_False	GradientShap	64	1	0.1	NegativeBinomialAutoencoder	zeros	False
1.0	112	112	351649	off_target	net_113_11113	0	1.0	net_75_10306_net_115_11153_net_72_10551_net_113_11113_net_130_11537_net_88_10937	GradientShap_64_1_0.1_NegativeBinomialAutoencoder_zeros_False	GradientShap	64	1	0.1	NegativeBinomialAutoencoder	zeros	False
0.0	0	112	879	off_target	net_113_11113	1	0.001	net_75_10306_net_115_11153_net_72_10551_net_113_11113_net_130_11537_net_88_10937	GradientShap_64_1_0.1_NegativeBinomialAutoencoder_zeros_False	GradientShap	64	1	0.1	NegativeBinomialAutoencoder	zeros	False
0.0	0	112	8791	off_target	net_113_11113	1	0.01	net_75_10306_net_115_11153_net_72_10551_net_113_11113_net_130_11537_net_88_10937	GradientShap_64_1_0.1_NegativeBinomialAutoencoder_zeros_False	GradientShap	64	1	0.1	NegativeBinomialAutoencoder	zeros	False
0.2410714285714285	27	112	43956	off_target	net_113_11113	1	0.05	net_75_10306_net_115_11153_net_72_10551_net_113_11113_net_130_11537_net_88_10937	GradientShap_64_1_0.1_NegativeBinomialAutoencoder_zeros_False	GradientShap	64	1	0.1	NegativeBinomialAutoencoder	zeros	False
0.6607142857142857	74	112	87912	off_target	net_113_11113	1	0.1	net_75_10306_net_115_11153_net_72_10551_net_113_11113_net_130_11537_net_88_10937	GradientShap_64_1_0.1_NegativeBinomialAutoencoder_zeros_False	GradientShap	64	1	0.1	NegativeBinomialAutoencoder	zeros	False
0.8928571428571429	100	112	175824	off_target	net_113_11113	1	0.2	net_75_10306_net_115_11153_net_72_10551_net_113_11113_net_130_11537_net_88_10937	GradientShap_64_1_0.1_NegativeBinomialAutoencoder_zeros_False	GradientShap	64	1	0.1	NegativeBinomialAutoencoder	zeros	False
0.9464285714285714	106	112	219781	off_target	net_113_11113	1	0.25	net_75_10306_net_115_11153_net_72_10551_net_113_11113_net_130_11537_net_88_10937	GradientShap_64_1_0.1_NegativeBinomialAutoencoder_zeros_False	GradientShap	64	1	0.1	NegativeBinomialAutoencoder	zeros	False
1.0	112	112	351649	off_target	net_113_11113	1	0.5	net_75_10306_net_115_11153_net_72_10551_net_113_11113_net_130_11537_net_88_10937	GradientShap_64_1_0.1_NegativeBinomialAutoencoder_zeros_False	GradientShap	64	1	0.1	NegativeBinomialAutoencoder	zeros	False
1.0	112	112	351649	off_target	net_113_11113	1	0.75	net_75_10306_net_115_11153_net_72_10551_net_113_11113_net_130_11537_net_88_10937	GradientShap_64_1_0.1_NegativeBinomialAutoencoder_zeros_False	GradientShap	64	1	0.1	NegativeBinomialAutoencoder	zeros	False
1.0	112	112	351649	off_target	net_113_11113	1	1.0	net_75_10306_net_115_11153_net_72_10551_net_113_11113_net_130_11537_net_88_10937	GradientShap_64_1_0.1_NegativeBinomialAutoencoder_zeros_False	GradientShap	64	1	0.1	NegativeBinomialAutoencoder	zeros	False
0.0	0	112	879	off_target	net_113_11113	2	0.001	net_75_10306_net_115_11153_net_72_10551_net_113_11113_net_130_11537_net_88_10937	GradientShap_64_1_0.1_NegativeBinomialAutoencoder_zeros_False	GradientShap	64	1	0.1	NegativeBinomialAutoencoder	zeros	False
0.0089285714285714	1	112	8791	off_target	net_113_11113	2	0.01	net_75_10306_net_115_11153_net_72_10551_net_113_11113_net_130_11537_net_88_10937	GradientShap_64_1_0.1_NegativeBinomialAutoencoder_zeros_False	GradientShap	64	1	0.1	NegativeBinomialAutoencoder	zeros	False
0.4107142857142857	46	112	43956	off_target	net_113_11113	2	0.05	net_75_10306_net_115_11153_net_72_10551_net_113_11113_net_130_11537_net_88_10937	GradientShap_64_1_0.1_NegativeBinomialAutoencoder_zeros_False	GradientShap	64	1	0.1	NegativeBinomialAutoencoder	zeros	False
0.6696428571428571	75	112	87912	off_target	net_113_11113	2	0.1	net_75_10306_net_115_11153_net_72_10551_net_113_11113_net_130_11537_net_88_10937	GradientShap_64_1_0.1_NegativeBinomialAutoencoder_zeros_False	GradientShap	64	1	0.1	NegativeBinomialAutoencoder	zeros	False
0.8303571428571429	93	112	175824	off_target	net_113_11113	2	0.2	net_75_10306_net_115_11153_net_72_10551_net_113_11113_net_130_11537_net_88_10937	GradientShap_64_1_0.1_NegativeBinomialAutoencoder_zeros_False	GradientShap	64	1	0.1	NegativeBinomialAutoencoder	zeros	False
0.8839285714285714	99	112	219781	off_target	net_113_11113	2	0.25	net_75_10306_net_115_11153_net_72_10551_net_113_11113_net_130_11537_net_88_10937	GradientShap_64_1_0.1_NegativeBinomialAutoencoder_zeros_False	GradientShap	64	1	0.1	NegativeBinomialAutoencoder	zeros	False
1.0	112	112	351649	off_target	net_113_11113	2	0.5	net_75_10306_net_115_11153_net_72_10551_net_113_11113_net_130_11537_net_88_10937	GradientShap_64_1_0.1_NegativeBinomialAutoencoder_zeros_False	GradientShap	64	1	0.1	NegativeBinomialAutoencoder	zeros	False
1.0	112	112	351649	off_target	net_113_11113	2	0.75	net_75_10306_net_115_11153_net_72_10551_net_113_11113_net_130_11537_net_88_10937	GradientShap_64_1_0.1_NegativeBinomialAutoencoder_zeros_False	GradientShap	64	1	0.1	NegativeBinomialAutoencoder	zeros	False
1.0	112	112	351649	off_target	net_113_11113	2	1.0	net_75_10306_net_115_11153_net_72_10551_net_113_11113_net_130_11537_net_88_10937	GradientShap_64_1_0.1_NegativeBinomialAutoencoder_zeros_False	GradientShap	64	1	0.1	NegativeBinomialAutoencoder	zeros	False
0.0	0	112	879	on_target	net_113_11113	3	0.001	net_75_10306_net_115_11153_net_72_10551_net_113_11113_net_130_11537_net_88_10937	GradientShap_64_1_0.1_NegativeBinomialAutoencoder_zeros_False	GradientShap	64	1	0.1	NegativeBinomialAutoencoder	zeros	False
0.0	0	112	8791	on_target	net_113_11113	3	0.01	net_75_10306_net_115_11153_net_72_10551_net_113_11113_net_130_11537_net_88_10937	GradientShap_64_1_0.1_NegativeBinomialAutoencoder_zeros_False	GradientShap	64	1	0.1	NegativeBinomialAutoencoder	zeros	False
0.1071428571428571	12	112	43956	on_target	net_113_11113	3	0.05	net_75_10306_net_115_11153_net_72_10551_net_113_11113_net_130_11537_net_88_10937	GradientShap_64_1_0.1_NegativeBinomialAutoencoder_zeros_False	GradientShap	64	1	0.1	NegativeBinomialAutoencoder	zeros	False
0.4375	49	112	87912	on_target	net_113_11113	3	0.1	net_75_10306_net_115_11153_net_72_10551_net_113_11113_net_130_11537_net_88_10937	GradientShap_64_1_0.1_NegativeBinomialAutoencoder_zeros_False	GradientShap	64	1	0.1	NegativeBinomialAutoencoder	zeros	False
0.8482142857142857	95	112	175824	on_target	net_113_11113	3	0.2	net_75_10306_net_115_11153_net_72_10551_net_113_11113_net_130_11537_net_88_10937	GradientShap_64_1_0.1_NegativeBinomialAutoencoder_zeros_False	GradientShap	64	1	0.1	NegativeBinomialAutoencoder	zeros	False
0.9464285714285714	106	112	219781	on_target	net_113_11113	3	0.25	net_75_10306_net_115_11153_net_72_10551_net_113_11113_net_130_11537_net_88_10937	GradientShap_64_1_0.1_NegativeBinomialAutoencoder_zeros_False	GradientShap	64	1	0.1	NegativeBinomialAutoencoder	zeros	False
1.0	112	112	351649	on_target	net_113_11113	3	0.5	net_75_10306_net_115_11153_net_72_10551_net_113_11113_net_130_11537_net_88_10937	GradientShap_64_1_0.1_NegativeBinomialAutoencoder_zeros_False	GradientShap	64	1	0.1	NegativeBinomialAutoencoder	zeros	False
1.0	112	112	351649	on_target	net_113_11113	3	0.75	net_75_10306_net_115_11153_net_72_10551_net_113_11113_net_130_11537_net_88_10937	GradientShap_64_1_0.1_NegativeBinomialAutoencoder_zeros_False	GradientShap	64	1	0.1	NegativeBinomialAutoencoder	zeros	False
1.0	112	112	351649	on_target	net_113_11113	3	1.0	net_75_10306_net_115_11153_net_72_10551_net_113_11113_net_130_11537_net_88_10937	GradientShap_64_1_0.1_NegativeBinomialAutoencoder_zeros_False	GradientShap	64	1	0.1	NegativeBinomialAutoencoder	zeros	False
0.0	0	112	879	off_target	net_113_11113	4	0.001	net_75_10306_net_115_11153_net_72_10551_net_113_11113_net_130_11537_net_88_10937	GradientShap_64_1_0.1_NegativeBinomialAutoencoder_zeros_False	GradientShap	64	1	0.1	NegativeBinomialAutoencoder	zeros	False
0.0	0	112	8791	off_target	net_113_11113	4	0.01	net_75_10306_net_115_11153_net_72_10551_net_113_11113_net_130_11537_net_88_10937	GradientShap_64_1_0.1_NegativeBinomialAutoencoder_zeros_False	GradientShap	64	1	0.1	NegativeBinomialAutoencoder	zeros	False
0.0178571428571428	2	112	43956	off_target	net_113_11113	4	0.05	net_75_10306_net_115_11153_net_72_10551_net_113_11113_net_130_11537_net_88_10937	GradientShap_64_1_0.1_NegativeBinomialAutoencoder_zeros_False	GradientShap	64	1	0.1	NegativeBinomialAutoencoder	zeros	False
0.3571428571428571	40	112	87912	off_target	net_113_11113	4	0.1	net_75_10306_net_115_11153_net_72_10551_net_113_11113_net_130_11537_net_88_10937	GradientShap_64_1_0.1_NegativeBinomialAutoencoder_zeros_False	GradientShap	64	1	0.1	NegativeBinomialAutoencoder	zeros	False
0.8660714285714286	97	112	175824	off_target	net_113_11113	4	0.2	net_75_10306_net_115_11153_net_72_10551_net_113_11113_net_130_11537_net_88_10937	GradientShap_64_1_0.1_NegativeBinomialAutoencoder_zeros_False	GradientShap	64	1	0.1	NegativeBinomialAutoencoder	zeros	False
0.9196428571428572	103	112	219781	off_target	net_113_11113	4	0.25	net_75_10306_net_115_11153_net_72_10551_net_113_11113_net_130_11537_net_88_10937	GradientShap_64_1_0.1_NegativeBinomialAutoencoder_zeros_False	GradientShap	64	1	0.1	NegativeBinomialAutoencoder	zeros	False
1.0	112	112	351649	off_target	net_113_11113	4	0.5	net_75_10306_net_115_11153_net_72_10551_net_113_11113_net_130_11537_net_88_10937	GradientShap_64_1_0.1_NegativeBinomialAutoencoder_zeros_False	GradientShap	64	1	0.1	NegativeBinomialAutoencoder	zeros	False
1.0	112	112	351649	off_target	net_113_11113	4	0.75	net_75_10306_net_115_11153_net_72_10551_net_113_11113_net_130_11537_net_88_10937	GradientShap_64_1_0.1_NegativeBinomialAutoencoder_zeros_False	GradientShap	64	1	0.1	NegativeBinomialAutoencoder	zeros	False
1.0	112	112	351649	off_target	net_113_11113	4	1.0	net_75_10306_net_115_11153_net_72_10551_net_113_11113_net_130_11537_net_88_10937	GradientShap_64_1_0.1_NegativeBinomialAutoencoder_zeros_False	GradientShap	64	1	0.1	NegativeBinomialAutoencoder	zeros	False
0.0	0	140	879	off_target	net_130_11537	0	0.001	net_75_10306_net_115_11153_net_72_10551_net_113_11113_net_130_11537_net_88_10937	GradientShap_64_1_0.1_NegativeBinomialAutoencoder_zeros_False	GradientShap	64	1	0.1	NegativeBinomialAutoencoder	zeros	False
0.0	0	140	8791	off_target	net_130_11537	0	0.01	net_75_10306_net_115_11153_net_72_10551_net_113_11113_net_130_11537_net_88_10937	GradientShap_64_1_0.1_NegativeBinomialAutoencoder_zeros_False	GradientShap	64	1	0.1	NegativeBinomialAutoencoder	zeros	False
0.1785714285714285	25	140	43956	off_target	net_130_11537	0	0.05	net_75_10306_net_115_11153_net_72_10551_net_113_11113_net_130_11537_net_88_10937	GradientShap_64_1_0.1_NegativeBinomialAutoencoder_zeros_False	GradientShap	64	1	0.1	NegativeBinomialAutoencoder	zeros	False
0.4214285714285714	59	140	87912	off_target	net_130_11537	0	0.1	net_75_10306_net_115_11153_net_72_10551_net_113_11113_net_130_11537_net_88_10937	GradientShap_64_1_0.1_NegativeBinomialAutoencoder_zeros_False	GradientShap	64	1	0.1	NegativeBinomialAutoencoder	zeros	False
0.7214285714285714	101	140	175824	off_target	net_130_11537	0	0.2	net_75_10306_net_115_11153_net_72_10551_net_113_11113_net_130_11537_net_88_10937	GradientShap_64_1_0.1_NegativeBinomialAutoencoder_zeros_False	GradientShap	64	1	0.1	NegativeBinomialAutoencoder	zeros	False
0.7928571428571428	111	140	219781	off_target	net_130_11537	0	0.25	net_75_10306_net_115_11153_net_72_10551_net_113_11113_net_130_11537_net_88_10937	GradientShap_64_1_0.1_NegativeBinomialAutoencoder_zeros_False	GradientShap	64	1	0.1	NegativeBinomialAutoencoder	zeros	False
1.0	140	140	351649	off_target	net_130_11537	0	0.5	net_75_10306_net_115_11153_net_72_10551_net_113_11113_net_130_11537_net_88_10937	GradientShap_64_1_0.1_NegativeBinomialAutoencoder_zeros_False	GradientShap	64	1	0.1	NegativeBinomialAutoencoder	zeros	False
1.0	140	140	351649	off_target	net_130_11537	0	0.75	net_75_10306_net_115_11153_net_72_10551_net_113_11113_net_130_11537_net_88_10937	GradientShap_64_1_0.1_NegativeBinomialAutoencoder_zeros_False	GradientShap	64	1	0.1	NegativeBinomialAutoencoder	zeros	False
1.0	140	140	351649	off_target	net_130_11537	0	1.0	net_75_10306_net_115_11153_net_72_10551_net_113_11113_net_130_11537_net_88_10937	GradientShap_64_1_0.1_NegativeBinomialAutoencoder_zeros_False	GradientShap	64	1	0.1	NegativeBinomialAutoencoder	zeros	False
0.0	0	140	879	off_target	net_130_11537	1	0.001	net_75_10306_net_115_11153_net_72_10551_net_113_11113_net_130_11537_net_88_10937	GradientShap_64_1_0.1_NegativeBinomialAutoencoder_zeros_False	GradientShap	64	1	0.1	NegativeBinomialAutoencoder	zeros	False
0.0071428571428571	1	140	8791	off_target	net_130_11537	1	0.01	net_75_10306_net_115_11153_net_72_10551_net_113_11113_net_130_11537_net_88_10937	GradientShap_64_1_0.1_NegativeBinomialAutoencoder_zeros_False	GradientShap	64	1	0.1	NegativeBinomialAutoencoder	zeros	False
0.0142857142857142	2	140	43956	off_target	net_130_11537	1	0.05	net_75_10306_net_115_11153_net_72_10551_net_113_11113_net_130_11537_net_88_10937	GradientShap_64_1_0.1_NegativeBinomialAutoencoder_zeros_False	GradientShap	64	1	0.1	NegativeBinomialAutoencoder	zeros	False
0.0785714285714285	11	140	87912	off_target	net_130_11537	1	0.1	net_75_10306_net_115_11153_net_72_10551_net_113_11113_net_130_11537_net_88_10937	GradientShap_64_1_0.1_NegativeBinomialAutoencoder_zeros_False	GradientShap	64	1	0.1	NegativeBinomialAutoencoder	zeros	False
0.1928571428571428	27	140	175824	off_target	net_130_11537	1	0.2	net_75_10306_net_115_11153_net_72_10551_net_113_11113_net_130_11537_net_88_10937	GradientShap_64_1_0.1_NegativeBinomialAutoencoder_zeros_False	GradientShap	64	1	0.1	NegativeBinomialAutoencoder	zeros	False
0.3142857142857143	44	140	219781	off_target	net_130_11537	1	0.25	net_75_10306_net_115_11153_net_72_10551_net_113_11113_net_130_11537_net_88_10937	GradientShap_64_1_0.1_NegativeBinomialAutoencoder_zeros_False	GradientShap	64	1	0.1	NegativeBinomialAutoencoder	zeros	False
1.0	140	140	351649	off_target	net_130_11537	1	0.5	net_75_10306_net_115_11153_net_72_10551_net_113_11113_net_130_11537_net_88_10937	GradientShap_64_1_0.1_NegativeBinomialAutoencoder_zeros_False	GradientShap	64	1	0.1	NegativeBinomialAutoencoder	zeros	False
1.0	140	140	351649	off_target	net_130_11537	1	0.75	net_75_10306_net_115_11153_net_72_10551_net_113_11113_net_130_11537_net_88_10937	GradientShap_64_1_0.1_NegativeBinomialAutoencoder_zeros_False	GradientShap	64	1	0.1	NegativeBinomialAutoencoder	zeros	False
1.0	140	140	351649	off_target	net_130_11537	1	1.0	net_75_10306_net_115_11153_net_72_10551_net_113_11113_net_130_11537_net_88_10937	GradientShap_64_1_0.1_NegativeBinomialAutoencoder_zeros_False	GradientShap	64	1	0.1	NegativeBinomialAutoencoder	zeros	False
0.0	0	140	879	off_target	net_130_11537	2	0.001	net_75_10306_net_115_11153_net_72_10551_net_113_11113_net_130_11537_net_88_10937	GradientShap_64_1_0.1_NegativeBinomialAutoencoder_zeros_False	GradientShap	64	1	0.1	NegativeBinomialAutoencoder	zeros	False
0.0	0	140	8791	off_target	net_130_11537	2	0.01	net_75_10306_net_115_11153_net_72_10551_net_113_11113_net_130_11537_net_88_10937	GradientShap_64_1_0.1_NegativeBinomialAutoencoder_zeros_False	GradientShap	64	1	0.1	NegativeBinomialAutoencoder	zeros	False
0.1571428571428571	22	140	43956	off_target	net_130_11537	2	0.05	net_75_10306_net_115_11153_net_72_10551_net_113_11113_net_130_11537_net_88_10937	GradientShap_64_1_0.1_NegativeBinomialAutoencoder_zeros_False	GradientShap	64	1	0.1	NegativeBinomialAutoencoder	zeros	False
0.4357142857142857	61	140	87912	off_target	net_130_11537	2	0.1	net_75_10306_net_115_11153_net_72_10551_net_113_11113_net_130_11537_net_88_10937	GradientShap_64_1_0.1_NegativeBinomialAutoencoder_zeros_False	GradientShap	64	1	0.1	NegativeBinomialAutoencoder	zeros	False
0.6928571428571428	97	140	175824	off_target	net_130_11537	2	0.2	net_75_10306_net_115_11153_net_72_10551_net_113_11113_net_130_11537_net_88_10937	GradientShap_64_1_0.1_NegativeBinomialAutoencoder_zeros_False	GradientShap	64	1	0.1	NegativeBinomialAutoencoder	zeros	False
0.8214285714285714	115	140	219781	off_target	net_130_11537	2	0.25	net_75_10306_net_115_11153_net_72_10551_net_113_11113_net_130_11537_net_88_10937	GradientShap_64_1_0.1_NegativeBinomialAutoencoder_zeros_False	GradientShap	64	1	0.1	NegativeBinomialAutoencoder	zeros	False
1.0	140	140	351649	off_target	net_130_11537	2	0.5	net_75_10306_net_115_11153_net_72_10551_net_113_11113_net_130_11537_net_88_10937	GradientShap_64_1_0.1_NegativeBinomialAutoencoder_zeros_False	GradientShap	64	1	0.1	NegativeBinomialAutoencoder	zeros	False
1.0	140	140	351649	off_target	net_130_11537	2	0.75	net_75_10306_net_115_11153_net_72_10551_net_113_11113_net_130_11537_net_88_10937	GradientShap_64_1_0.1_NegativeBinomialAutoencoder_zeros_False	GradientShap	64	1	0.1	NegativeBinomialAutoencoder	zeros	False
1.0	140	140	351649	off_target	net_130_11537	2	1.0	net_75_10306_net_115_11153_net_72_10551_net_113_11113_net_130_11537_net_88_10937	GradientShap_64_1_0.1_NegativeBinomialAutoencoder_zeros_False	GradientShap	64	1	0.1	NegativeBinomialAutoencoder	zeros	False
0.0	0	140	879	off_target	net_130_11537	3	0.001	net_75_10306_net_115_11153_net_72_10551_net_113_11113_net_130_11537_net_88_10937	GradientShap_64_1_0.1_NegativeBinomialAutoencoder_zeros_False	GradientShap	64	1	0.1	NegativeBinomialAutoencoder	zeros	False
0.0	0	140	8791	off_target	net_130_11537	3	0.01	net_75_10306_net_115_11153_net_72_10551_net_113_11113_net_130_11537_net_88_10937	GradientShap_64_1_0.1_NegativeBinomialAutoencoder_zeros_False	GradientShap	64	1	0.1	NegativeBinomialAutoencoder	zeros	False
0.0071428571428571	1	140	43956	off_target	net_130_11537	3	0.05	net_75_10306_net_115_11153_net_72_10551_net_113_11113_net_130_11537_net_88_10937	GradientShap_64_1_0.1_NegativeBinomialAutoencoder_zeros_False	GradientShap	64	1	0.1	NegativeBinomialAutoencoder	zeros	False
0.0142857142857142	2	140	87912	off_target	net_130_11537	3	0.1	net_75_10306_net_115_11153_net_72_10551_net_113_11113_net_130_11537_net_88_10937	GradientShap_64_1_0.1_NegativeBinomialAutoencoder_zeros_False	GradientShap	64	1	0.1	NegativeBinomialAutoencoder	zeros	False
0.1428571428571428	20	140	175824	off_target	net_130_11537	3	0.2	net_75_10306_net_115_11153_net_72_10551_net_113_11113_net_130_11537_net_88_10937	GradientShap_64_1_0.1_NegativeBinomialAutoencoder_zeros_False	GradientShap	64	1	0.1	NegativeBinomialAutoencoder	zeros	False
0.3285714285714285	46	140	219781	off_target	net_130_11537	3	0.25	net_75_10306_net_115_11153_net_72_10551_net_113_11113_net_130_11537_net_88_10937	GradientShap_64_1_0.1_NegativeBinomialAutoencoder_zeros_False	GradientShap	64	1	0.1	NegativeBinomialAutoencoder	zeros	False
1.0	140	140	351649	off_target	net_130_11537	3	0.5	net_75_10306_net_115_11153_net_72_10551_net_113_11113_net_130_11537_net_88_10937	GradientShap_64_1_0.1_NegativeBinomialAutoencoder_zeros_False	GradientShap	64	1	0.1	NegativeBinomialAutoencoder	zeros	False
1.0	140	140	351649	off_target	net_130_11537	3	0.75	net_75_10306_net_115_11153_net_72_10551_net_113_11113_net_130_11537_net_88_10937	GradientShap_64_1_0.1_NegativeBinomialAutoencoder_zeros_False	GradientShap	64	1	0.1	NegativeBinomialAutoencoder	zeros	False
1.0	140	140	351649	off_target	net_130_11537	3	1.0	net_75_10306_net_115_11153_net_72_10551_net_113_11113_net_130_11537_net_88_10937	GradientShap_64_1_0.1_NegativeBinomialAutoencoder_zeros_False	GradientShap	64	1	0.1	NegativeBinomialAutoencoder	zeros	False
0.0	0	140	879	on_target	net_130_11537	4	0.001	net_75_10306_net_115_11153_net_72_10551_net_113_11113_net_130_11537_net_88_10937	GradientShap_64_1_0.1_NegativeBinomialAutoencoder_zeros_False	GradientShap	64	1	0.1	NegativeBinomialAutoencoder	zeros	False
0.0	0	140	8791	on_target	net_130_11537	4	0.01	net_75_10306_net_115_11153_net_72_10551_net_113_11113_net_130_11537_net_88_10937	GradientShap_64_1_0.1_NegativeBinomialAutoencoder_zeros_False	GradientShap	64	1	0.1	NegativeBinomialAutoencoder	zeros	False
0.1428571428571428	20	140	43956	on_target	net_130_11537	4	0.05	net_75_10306_net_115_11153_net_72_10551_net_113_11113_net_130_11537_net_88_10937	GradientShap_64_1_0.1_NegativeBinomialAutoencoder_zeros_False	GradientShap	64	1	0.1	NegativeBinomialAutoencoder	zeros	False
0.2	28	140	87912	on_target	net_130_11537	4	0.1	net_75_10306_net_115_11153_net_72_10551_net_113_11113_net_130_11537_net_88_10937	GradientShap_64_1_0.1_NegativeBinomialAutoencoder_zeros_False	GradientShap	64	1	0.1	NegativeBinomialAutoencoder	zeros	False
0.5785714285714286	81	140	175824	on_target	net_130_11537	4	0.2	net_75_10306_net_115_11153_net_72_10551_net_113_11113_net_130_11537_net_88_10937	GradientShap_64_1_0.1_NegativeBinomialAutoencoder_zeros_False	GradientShap	64	1	0.1	NegativeBinomialAutoencoder	zeros	False
0.75	105	140	219781	on_target	net_130_11537	4	0.25	net_75_10306_net_115_11153_net_72_10551_net_113_11113_net_130_11537_net_88_10937	GradientShap_64_1_0.1_NegativeBinomialAutoencoder_zeros_False	GradientShap	64	1	0.1	NegativeBinomialAutoencoder	zeros	False
1.0	140	140	351649	on_target	net_130_11537	4	0.5	net_75_10306_net_115_11153_net_72_10551_net_113_11113_net_130_11537_net_88_10937	GradientShap_64_1_0.1_NegativeBinomialAutoencoder_zeros_False	GradientShap	64	1	0.1	NegativeBinomialAutoencoder	zeros	False
1.0	140	140	351649	on_target	net_130_11537	4	0.75	net_75_10306_net_115_11153_net_72_10551_net_113_11113_net_130_11537_net_88_10937	GradientShap_64_1_0.1_NegativeBinomialAutoencoder_zeros_False	GradientShap	64	1	0.1	NegativeBinomialAutoencoder	zeros	False
1.0	140	140	351649	on_target	net_130_11537	4	1.0	net_75_10306_net_115_11153_net_72_10551_net_113_11113_net_130_11537_net_88_10937	GradientShap_64_1_0.1_NegativeBinomialAutoencoder_zeros_False	GradientShap	64	1	0.1	NegativeBinomialAutoencoder	zeros	False
0.0	0	104	640	on_target	net_60_10082	0	0.001	net_60_10082_net_85_11467_net_84_9903_net_72_10551_net_75_10306_net_130_10439	GradientShap_64_1_0.1_NegativeBinomialAutoencoder_zeros_False	GradientShap	64	1	0.1	NegativeBinomialAutoencoder	zeros	False
0.0769230769230769	8	104	6401	on_target	net_60_10082	0	0.01	net_60_10082_net_85_11467_net_84_9903_net_72_10551_net_75_10306_net_130_10439	GradientShap_64_1_0.1_NegativeBinomialAutoencoder_zeros_False	GradientShap	64	1	0.1	NegativeBinomialAutoencoder	zeros	False
0.2788461538461538	29	104	32004	on_target	net_60_10082	0	0.05	net_60_10082_net_85_11467_net_84_9903_net_72_10551_net_75_10306_net_130_10439	GradientShap_64_1_0.1_NegativeBinomialAutoencoder_zeros_False	GradientShap	64	1	0.1	NegativeBinomialAutoencoder	zeros	False
0.4615384615384615	48	104	64009	on_target	net_60_10082	0	0.1	net_60_10082_net_85_11467_net_84_9903_net_72_10551_net_75_10306_net_130_10439	GradientShap_64_1_0.1_NegativeBinomialAutoencoder_zeros_False	GradientShap	64	1	0.1	NegativeBinomialAutoencoder	zeros	False
0.75	78	104	128018	on_target	net_60_10082	0	0.2	net_60_10082_net_85_11467_net_84_9903_net_72_10551_net_75_10306_net_130_10439	GradientShap_64_1_0.1_NegativeBinomialAutoencoder_zeros_False	GradientShap	64	1	0.1	NegativeBinomialAutoencoder	zeros	False
0.8365384615384616	87	104	160022	on_target	net_60_10082	0	0.25	net_60_10082_net_85_11467_net_84_9903_net_72_10551_net_75_10306_net_130_10439	GradientShap_64_1_0.1_NegativeBinomialAutoencoder_zeros_False	GradientShap	64	1	0.1	NegativeBinomialAutoencoder	zeros	False
1.0	104	104	256036	on_target	net_60_10082	0	0.5	net_60_10082_net_85_11467_net_84_9903_net_72_10551_net_75_10306_net_130_10439	GradientShap_64_1_0.1_NegativeBinomialAutoencoder_zeros_False	GradientShap	64	1	0.1	NegativeBinomialAutoencoder	zeros	False
1.0	104	104	256036	on_target	net_60_10082	0	0.75	net_60_10082_net_85_11467_net_84_9903_net_72_10551_net_75_10306_net_130_10439	GradientShap_64_1_0.1_NegativeBinomialAutoencoder_zeros_False	GradientShap	64	1	0.1	NegativeBinomialAutoencoder	zeros	False
1.0	104	104	256036	on_target	net_60_10082	0	1.0	net_60_10082_net_85_11467_net_84_9903_net_72_10551_net_75_10306_net_130_10439	GradientShap_64_1_0.1_NegativeBinomialAutoencoder_zeros_False	GradientShap	64	1	0.1	NegativeBinomialAutoencoder	zeros	False
0.0	0	104	640	off_target	net_60_10082	1	0.001	net_60_10082_net_85_11467_net_84_9903_net_72_10551_net_75_10306_net_130_10439	GradientShap_64_1_0.1_NegativeBinomialAutoencoder_zeros_False	GradientShap	64	1	0.1	NegativeBinomialAutoencoder	zeros	False
0.0192307692307692	2	104	6401	off_target	net_60_10082	1	0.01	net_60_10082_net_85_11467_net_84_9903_net_72_10551_net_75_10306_net_130_10439	GradientShap_64_1_0.1_NegativeBinomialAutoencoder_zeros_False	GradientShap	64	1	0.1	NegativeBinomialAutoencoder	zeros	False
0.2019230769230769	21	104	32004	off_target	net_60_10082	1	0.05	net_60_10082_net_85_11467_net_84_9903_net_72_10551_net_75_10306_net_130_10439	GradientShap_64_1_0.1_NegativeBinomialAutoencoder_zeros_False	GradientShap	64	1	0.1	NegativeBinomialAutoencoder	zeros	False
0.375	39	104	64009	off_target	net_60_10082	1	0.1	net_60_10082_net_85_11467_net_84_9903_net_72_10551_net_75_10306_net_130_10439	GradientShap_64_1_0.1_NegativeBinomialAutoencoder_zeros_False	GradientShap	64	1	0.1	NegativeBinomialAutoencoder	zeros	False
0.7115384615384616	74	104	128018	off_target	net_60_10082	1	0.2	net_60_10082_net_85_11467_net_84_9903_net_72_10551_net_75_10306_net_130_10439	GradientShap_64_1_0.1_NegativeBinomialAutoencoder_zeros_False	GradientShap	64	1	0.1	NegativeBinomialAutoencoder	zeros	False
0.7692307692307693	80	104	160022	off_target	net_60_10082	1	0.25	net_60_10082_net_85_11467_net_84_9903_net_72_10551_net_75_10306_net_130_10439	GradientShap_64_1_0.1_NegativeBinomialAutoencoder_zeros_False	GradientShap	64	1	0.1	NegativeBinomialAutoencoder	zeros	False
1.0	104	104	256036	off_target	net_60_10082	1	0.5	net_60_10082_net_85_11467_net_84_9903_net_72_10551_net_75_10306_net_130_10439	GradientShap_64_1_0.1_NegativeBinomialAutoencoder_zeros_False	GradientShap	64	1	0.1	NegativeBinomialAutoencoder	zeros	False
1.0	104	104	256036	off_target	net_60_10082	1	0.75	net_60_10082_net_85_11467_net_84_9903_net_72_10551_net_75_10306_net_130_10439	GradientShap_64_1_0.1_NegativeBinomialAutoencoder_zeros_False	GradientShap	64	1	0.1	NegativeBinomialAutoencoder	zeros	False
1.0	104	104	256036	off_target	net_60_10082	1	1.0	net_60_10082_net_85_11467_net_84_9903_net_72_10551_net_75_10306_net_130_10439	GradientShap_64_1_0.1_NegativeBinomialAutoencoder_zeros_False	GradientShap	64	1	0.1	NegativeBinomialAutoencoder	zeros	False
0.0	0	104	640	off_target	net_60_10082	2	0.001	net_60_10082_net_85_11467_net_84_9903_net_72_10551_net_75_10306_net_130_10439	GradientShap_64_1_0.1_NegativeBinomialAutoencoder_zeros_False	GradientShap	64	1	0.1	NegativeBinomialAutoencoder	zeros	False
0.0	0	104	6401	off_target	net_60_10082	2	0.01	net_60_10082_net_85_11467_net_84_9903_net_72_10551_net_75_10306_net_130_10439	GradientShap_64_1_0.1_NegativeBinomialAutoencoder_zeros_False	GradientShap	64	1	0.1	NegativeBinomialAutoencoder	zeros	False
0.0288461538461538	3	104	32004	off_target	net_60_10082	2	0.05	net_60_10082_net_85_11467_net_84_9903_net_72_10551_net_75_10306_net_130_10439	GradientShap_64_1_0.1_NegativeBinomialAutoencoder_zeros_False	GradientShap	64	1	0.1	NegativeBinomialAutoencoder	zeros	False
0.1057692307692307	11	104	64009	off_target	net_60_10082	2	0.1	net_60_10082_net_85_11467_net_84_9903_net_72_10551_net_75_10306_net_130_10439	GradientShap_64_1_0.1_NegativeBinomialAutoencoder_zeros_False	GradientShap	64	1	0.1	NegativeBinomialAutoencoder	zeros	False
0.3557692307692308	37	104	128018	off_target	net_60_10082	2	0.2	net_60_10082_net_85_11467_net_84_9903_net_72_10551_net_75_10306_net_130_10439	GradientShap_64_1_0.1_NegativeBinomialAutoencoder_zeros_False	GradientShap	64	1	0.1	NegativeBinomialAutoencoder	zeros	False
0.5961538461538461	62	104	160022	off_target	net_60_10082	2	0.25	net_60_10082_net_85_11467_net_84_9903_net_72_10551_net_75_10306_net_130_10439	GradientShap_64_1_0.1_NegativeBinomialAutoencoder_zeros_False	GradientShap	64	1	0.1	NegativeBinomialAutoencoder	zeros	False
1.0	104	104	256036	off_target	net_60_10082	2	0.5	net_60_10082_net_85_11467_net_84_9903_net_72_10551_net_75_10306_net_130_10439	GradientShap_64_1_0.1_NegativeBinomialAutoencoder_zeros_False	GradientShap	64	1	0.1	NegativeBinomialAutoencoder	zeros	False
1.0	104	104	256036	off_target	net_60_10082	2	0.75	net_60_10082_net_85_11467_net_84_9903_net_72_10551_net_75_10306_net_130_10439	GradientShap_64_1_0.1_NegativeBinomialAutoencoder_zeros_False	GradientShap	64	1	0.1	NegativeBinomialAutoencoder	zeros	False
1.0	104	104	256036	off_target	net_60_10082	2	1.0	net_60_10082_net_85_11467_net_84_9903_net_72_10551_net_75_10306_net_130_10439	GradientShap_64_1_0.1_NegativeBinomialAutoencoder_zeros_False	GradientShap	64	1	0.1	NegativeBinomialAutoencoder	zeros	False
0.0	0	104	640	off_target	net_60_10082	3	0.001	net_60_10082_net_85_11467_net_84_9903_net_72_10551_net_75_10306_net_130_10439	GradientShap_64_1_0.1_NegativeBinomialAutoencoder_zeros_False	GradientShap	64	1	0.1	NegativeBinomialAutoencoder	zeros	False
0.0192307692307692	2	104	6401	off_target	net_60_10082	3	0.01	net_60_10082_net_85_11467_net_84_9903_net_72_10551_net_75_10306_net_130_10439	GradientShap_64_1_0.1_NegativeBinomialAutoencoder_zeros_False	GradientShap	64	1	0.1	NegativeBinomialAutoencoder	zeros	False
0.2019230769230769	21	104	32004	off_target	net_60_10082	3	0.05	net_60_10082_net_85_11467_net_84_9903_net_72_10551_net_75_10306_net_130_10439	GradientShap_64_1_0.1_NegativeBinomialAutoencoder_zeros_False	GradientShap	64	1	0.1	NegativeBinomialAutoencoder	zeros	False
0.4615384615384615	48	104	64009	off_target	net_60_10082	3	0.1	net_60_10082_net_85_11467_net_84_9903_net_72_10551_net_75_10306_net_130_10439	GradientShap_64_1_0.1_NegativeBinomialAutoencoder_zeros_False	GradientShap	64	1	0.1	NegativeBinomialAutoencoder	zeros	False
0.7211538461538461	75	104	128018	off_target	net_60_10082	3	0.2	net_60_10082_net_85_11467_net_84_9903_net_72_10551_net_75_10306_net_130_10439	GradientShap_64_1_0.1_NegativeBinomialAutoencoder_zeros_False	GradientShap	64	1	0.1	NegativeBinomialAutoencoder	zeros	False
0.7884615384615384	82	104	160022	off_target	net_60_10082	3	0.25	net_60_10082_net_85_11467_net_84_9903_net_72_10551_net_75_10306_net_130_10439	GradientShap_64_1_0.1_NegativeBinomialAutoencoder_zeros_False	GradientShap	64	1	0.1	NegativeBinomialAutoencoder	zeros	False
1.0	104	104	256036	off_target	net_60_10082	3	0.5	net_60_10082_net_85_11467_net_84_9903_net_72_10551_net_75_10306_net_130_10439	GradientShap_64_1_0.1_NegativeBinomialAutoencoder_zeros_False	GradientShap	64	1	0.1	NegativeBinomialAutoencoder	zeros	False
1.0	104	104	256036	off_target	net_60_10082	3	0.75	net_60_10082_net_85_11467_net_84_9903_net_72_10551_net_75_10306_net_130_10439	GradientShap_64_1_0.1_NegativeBinomialAutoencoder_zeros_False	GradientShap	64	1	0.1	NegativeBinomialAutoencoder	zeros	False
1.0	104	104	256036	off_target	net_60_10082	3	1.0	net_60_10082_net_85_11467_net_84_9903_net_72_10551_net_75_10306_net_130_10439	GradientShap_64_1_0.1_NegativeBinomialAutoencoder_zeros_False	GradientShap	64	1	0.1	NegativeBinomialAutoencoder	zeros	False
0.0	0	104	640	off_target	net_60_10082	4	0.001	net_60_10082_net_85_11467_net_84_9903_net_72_10551_net_75_10306_net_130_10439	GradientShap_64_1_0.1_NegativeBinomialAutoencoder_zeros_False	GradientShap	64	1	0.1	NegativeBinomialAutoencoder	zeros	False
0.0096153846153846	1	104	6401	off_target	net_60_10082	4	0.01	net_60_10082_net_85_11467_net_84_9903_net_72_10551_net_75_10306_net_130_10439	GradientShap_64_1_0.1_NegativeBinomialAutoencoder_zeros_False	GradientShap	64	1	0.1	NegativeBinomialAutoencoder	zeros	False
0.1153846153846153	12	104	32004	off_target	net_60_10082	4	0.05	net_60_10082_net_85_11467_net_84_9903_net_72_10551_net_75_10306_net_130_10439	GradientShap_64_1_0.1_NegativeBinomialAutoencoder_zeros_False	GradientShap	64	1	0.1	NegativeBinomialAutoencoder	zeros	False
0.25	26	104	64009	off_target	net_60_10082	4	0.1	net_60_10082_net_85_11467_net_84_9903_net_72_10551_net_75_10306_net_130_10439	GradientShap_64_1_0.1_NegativeBinomialAutoencoder_zeros_False	GradientShap	64	1	0.1	NegativeBinomialAutoencoder	zeros	False
0.5288461538461539	55	104	128018	off_target	net_60_10082	4	0.2	net_60_10082_net_85_11467_net_84_9903_net_72_10551_net_75_10306_net_130_10439	GradientShap_64_1_0.1_NegativeBinomialAutoencoder_zeros_False	GradientShap	64	1	0.1	NegativeBinomialAutoencoder	zeros	False
0.6730769230769231	70	104	160022	off_target	net_60_10082	4	0.25	net_60_10082_net_85_11467_net_84_9903_net_72_10551_net_75_10306_net_130_10439	GradientShap_64_1_0.1_NegativeBinomialAutoencoder_zeros_False	GradientShap	64	1	0.1	NegativeBinomialAutoencoder	zeros	False
1.0	104	104	256036	off_target	net_60_10082	4	0.5	net_60_10082_net_85_11467_net_84_9903_net_72_10551_net_75_10306_net_130_10439	GradientShap_64_1_0.1_NegativeBinomialAutoencoder_zeros_False	GradientShap	64	1	0.1	NegativeBinomialAutoencoder	zeros	False
1.0	104	104	256036	off_target	net_60_10082	4	0.75	net_60_10082_net_85_11467_net_84_9903_net_72_10551_net_75_10306_net_130_10439	GradientShap_64_1_0.1_NegativeBinomialAutoencoder_zeros_False	GradientShap	64	1	0.1	NegativeBinomialAutoencoder	zeros	False
1.0	104	104	256036	off_target	net_60_10082	4	1.0	net_60_10082_net_85_11467_net_84_9903_net_72_10551_net_75_10306_net_130_10439	GradientShap_64_1_0.1_NegativeBinomialAutoencoder_zeros_False	GradientShap	64	1	0.1	NegativeBinomialAutoencoder	zeros	False
0.0	0	100	640	off_target	net_85_11467	0	0.001	net_60_10082_net_85_11467_net_84_9903_net_72_10551_net_75_10306_net_130_10439	GradientShap_64_1_0.1_NegativeBinomialAutoencoder_zeros_False	GradientShap	64	1	0.1	NegativeBinomialAutoencoder	zeros	False
0.01	1	100	6401	off_target	net_85_11467	0	0.01	net_60_10082_net_85_11467_net_84_9903_net_72_10551_net_75_10306_net_130_10439	GradientShap_64_1_0.1_NegativeBinomialAutoencoder_zeros_False	GradientShap	64	1	0.1	NegativeBinomialAutoencoder	zeros	False
0.26	26	100	32004	off_target	net_85_11467	0	0.05	net_60_10082_net_85_11467_net_84_9903_net_72_10551_net_75_10306_net_130_10439	GradientShap_64_1_0.1_NegativeBinomialAutoencoder_zeros_False	GradientShap	64	1	0.1	NegativeBinomialAutoencoder	zeros	False
0.44	44	100	64009	off_target	net_85_11467	0	0.1	net_60_10082_net_85_11467_net_84_9903_net_72_10551_net_75_10306_net_130_10439	GradientShap_64_1_0.1_NegativeBinomialAutoencoder_zeros_False	GradientShap	64	1	0.1	NegativeBinomialAutoencoder	zeros	False
0.71	71	100	128018	off_target	net_85_11467	0	0.2	net_60_10082_net_85_11467_net_84_9903_net_72_10551_net_75_10306_net_130_10439	GradientShap_64_1_0.1_NegativeBinomialAutoencoder_zeros_False	GradientShap	64	1	0.1	NegativeBinomialAutoencoder	zeros	False
0.78	78	100	160022	off_target	net_85_11467	0	0.25	net_60_10082_net_85_11467_net_84_9903_net_72_10551_net_75_10306_net_130_10439	GradientShap_64_1_0.1_NegativeBinomialAutoencoder_zeros_False	GradientShap	64	1	0.1	NegativeBinomialAutoencoder	zeros	False
1.0	100	100	256036	off_target	net_85_11467	0	0.5	net_60_10082_net_85_11467_net_84_9903_net_72_10551_net_75_10306_net_130_10439	GradientShap_64_1_0.1_NegativeBinomialAutoencoder_zeros_False	GradientShap	64	1	0.1	NegativeBinomialAutoencoder	zeros	False
1.0	100	100	256036	off_target	net_85_11467	0	0.75	net_60_10082_net_85_11467_net_84_9903_net_72_10551_net_75_10306_net_130_10439	GradientShap_64_1_0.1_NegativeBinomialAutoencoder_zeros_False	GradientShap	64	1	0.1	NegativeBinomialAutoencoder	zeros	False
1.0	100	100	256036	off_target	net_85_11467	0	1.0	net_60_10082_net_85_11467_net_84_9903_net_72_10551_net_75_10306_net_130_10439	GradientShap_64_1_0.1_NegativeBinomialAutoencoder_zeros_False	GradientShap	64	1	0.1	NegativeBinomialAutoencoder	zeros	False
0.0	0	100	640	on_target	net_85_11467	1	0.001	net_60_10082_net_85_11467_net_84_9903_net_72_10551_net_75_10306_net_130_10439	GradientShap_64_1_0.1_NegativeBinomialAutoencoder_zeros_False	GradientShap	64	1	0.1	NegativeBinomialAutoencoder	zeros	False
0.19	19	100	6401	on_target	net_85_11467	1	0.01	net_60_10082_net_85_11467_net_84_9903_net_72_10551_net_75_10306_net_130_10439	GradientShap_64_1_0.1_NegativeBinomialAutoencoder_zeros_False	GradientShap	64	1	0.1	NegativeBinomialAutoencoder	zeros	False
0.46	46	100	32004	on_target	net_85_11467	1	0.05	net_60_10082_net_85_11467_net_84_9903_net_72_10551_net_75_10306_net_130_10439	GradientShap_64_1_0.1_NegativeBinomialAutoencoder_zeros_False	GradientShap	64	1	0.1	NegativeBinomialAutoencoder	zeros	False
0.52	52	100	64009	on_target	net_85_11467	1	0.1	net_60_10082_net_85_11467_net_84_9903_net_72_10551_net_75_10306_net_130_10439	GradientShap_64_1_0.1_NegativeBinomialAutoencoder_zeros_False	GradientShap	64	1	0.1	NegativeBinomialAutoencoder	zeros	False
0.74	74	100	128018	on_target	net_85_11467	1	0.2	net_60_10082_net_85_11467_net_84_9903_net_72_10551_net_75_10306_net_130_10439	GradientShap_64_1_0.1_NegativeBinomialAutoencoder_zeros_False	GradientShap	64	1	0.1	NegativeBinomialAutoencoder	zeros	False
0.8	80	100	160022	on_target	net_85_11467	1	0.25	net_60_10082_net_85_11467_net_84_9903_net_72_10551_net_75_10306_net_130_10439	GradientShap_64_1_0.1_NegativeBinomialAutoencoder_zeros_False	GradientShap	64	1	0.1	NegativeBinomialAutoencoder	zeros	False
1.0	100	100	256036	on_target	net_85_11467	1	0.5	net_60_10082_net_85_11467_net_84_9903_net_72_10551_net_75_10306_net_130_10439	GradientShap_64_1_0.1_NegativeBinomialAutoencoder_zeros_False	GradientShap	64	1	0.1	NegativeBinomialAutoencoder	zeros	False
1.0	100	100	256036	on_target	net_85_11467	1	0.75	net_60_10082_net_85_11467_net_84_9903_net_72_10551_net_75_10306_net_130_10439	GradientShap_64_1_0.1_NegativeBinomialAutoencoder_zeros_False	GradientShap	64	1	0.1	NegativeBinomialAutoencoder	zeros	False
1.0	100	100	256036	on_target	net_85_11467	1	1.0	net_60_10082_net_85_11467_net_84_9903_net_72_10551_net_75_10306_net_130_10439	GradientShap_64_1_0.1_NegativeBinomialAutoencoder_zeros_False	GradientShap	64	1	0.1	NegativeBinomialAutoencoder	zeros	False
0.0	0	100	640	off_target	net_85_11467	2	0.001	net_60_10082_net_85_11467_net_84_9903_net_72_10551_net_75_10306_net_130_10439	GradientShap_64_1_0.1_NegativeBinomialAutoencoder_zeros_False	GradientShap	64	1	0.1	NegativeBinomialAutoencoder	zeros	False
0.0	0	100	6401	off_target	net_85_11467	2	0.01	net_60_10082_net_85_11467_net_84_9903_net_72_10551_net_75_10306_net_130_10439	GradientShap_64_1_0.1_NegativeBinomialAutoencoder_zeros_False	GradientShap	64	1	0.1	NegativeBinomialAutoencoder	zeros	False
0.17	17	100	32004	off_target	net_85_11467	2	0.05	net_60_10082_net_85_11467_net_84_9903_net_72_10551_net_75_10306_net_130_10439	GradientShap_64_1_0.1_NegativeBinomialAutoencoder_zeros_False	GradientShap	64	1	0.1	NegativeBinomialAutoencoder	zeros	False
0.46	46	100	64009	off_target	net_85_11467	2	0.1	net_60_10082_net_85_11467_net_84_9903_net_72_10551_net_75_10306_net_130_10439	GradientShap_64_1_0.1_NegativeBinomialAutoencoder_zeros_False	GradientShap	64	1	0.1	NegativeBinomialAutoencoder	zeros	False
0.65	65	100	128018	off_target	net_85_11467	2	0.2	net_60_10082_net_85_11467_net_84_9903_net_72_10551_net_75_10306_net_130_10439	GradientShap_64_1_0.1_NegativeBinomialAutoencoder_zeros_False	GradientShap	64	1	0.1	NegativeBinomialAutoencoder	zeros	False
0.72	72	100	160022	off_target	net_85_11467	2	0.25	net_60_10082_net_85_11467_net_84_9903_net_72_10551_net_75_10306_net_130_10439	GradientShap_64_1_0.1_NegativeBinomialAutoencoder_zeros_False	GradientShap	64	1	0.1	NegativeBinomialAutoencoder	zeros	False
1.0	100	100	256036	off_target	net_85_11467	2	0.5	net_60_10082_net_85_11467_net_84_9903_net_72_10551_net_75_10306_net_130_10439	GradientShap_64_1_0.1_NegativeBinomialAutoencoder_zeros_False	GradientShap	64	1	0.1	NegativeBinomialAutoencoder	zeros	False
1.0	100	100	256036	off_target	net_85_11467	2	0.75	net_60_10082_net_85_11467_net_84_9903_net_72_10551_net_75_10306_net_130_10439	GradientShap_64_1_0.1_NegativeBinomialAutoencoder_zeros_False	GradientShap	64	1	0.1	NegativeBinomialAutoencoder	zeros	False
1.0	100	100	256036	off_target	net_85_11467	2	1.0	net_60_10082_net_85_11467_net_84_9903_net_72_10551_net_75_10306_net_130_10439	GradientShap_64_1_0.1_NegativeBinomialAutoencoder_zeros_False	GradientShap	64	1	0.1	NegativeBinomialAutoencoder	zeros	False
0.0	0	100	640	off_target	net_85_11467	3	0.001	net_60_10082_net_85_11467_net_84_9903_net_72_10551_net_75_10306_net_130_10439	GradientShap_64_1_0.1_NegativeBinomialAutoencoder_zeros_False	GradientShap	64	1	0.1	NegativeBinomialAutoencoder	zeros	False
0.12	12	100	6401	off_target	net_85_11467	3	0.01	net_60_10082_net_85_11467_net_84_9903_net_72_10551_net_75_10306_net_130_10439	GradientShap_64_1_0.1_NegativeBinomialAutoencoder_zeros_False	GradientShap	64	1	0.1	NegativeBinomialAutoencoder	zeros	False
0.25	25	100	32004	off_target	net_85_11467	3	0.05	net_60_10082_net_85_11467_net_84_9903_net_72_10551_net_75_10306_net_130_10439	GradientShap_64_1_0.1_NegativeBinomialAutoencoder_zeros_False	GradientShap	64	1	0.1	NegativeBinomialAutoencoder	zeros	False
0.47	47	100	64009	off_target	net_85_11467	3	0.1	net_60_10082_net_85_11467_net_84_9903_net_72_10551_net_75_10306_net_130_10439	GradientShap_64_1_0.1_NegativeBinomialAutoencoder_zeros_False	GradientShap	64	1	0.1	NegativeBinomialAutoencoder	zeros	False
0.76	76	100	128018	off_target	net_85_11467	3	0.2	net_60_10082_net_85_11467_net_84_9903_net_72_10551_net_75_10306_net_130_10439	GradientShap_64_1_0.1_NegativeBinomialAutoencoder_zeros_False	GradientShap	64	1	0.1	NegativeBinomialAutoencoder	zeros	False
0.85	85	100	160022	off_target	net_85_11467	3	0.25	net_60_10082_net_85_11467_net_84_9903_net_72_10551_net_75_10306_net_130_10439	GradientShap_64_1_0.1_NegativeBinomialAutoencoder_zeros_False	GradientShap	64	1	0.1	NegativeBinomialAutoencoder	zeros	False
1.0	100	100	256036	off_target	net_85_11467	3	0.5	net_60_10082_net_85_11467_net_84_9903_net_72_10551_net_75_10306_net_130_10439	GradientShap_64_1_0.1_NegativeBinomialAutoencoder_zeros_False	GradientShap	64	1	0.1	NegativeBinomialAutoencoder	zeros	False
1.0	100	100	256036	off_target	net_85_11467	3	0.75	net_60_10082_net_85_11467_net_84_9903_net_72_10551_net_75_10306_net_130_10439	GradientShap_64_1_0.1_NegativeBinomialAutoencoder_zeros_False	GradientShap	64	1	0.1	NegativeBinomialAutoencoder	zeros	False
1.0	100	100	256036	off_target	net_85_11467	3	1.0	net_60_10082_net_85_11467_net_84_9903_net_72_10551_net_75_10306_net_130_10439	GradientShap_64_1_0.1_NegativeBinomialAutoencoder_zeros_False	GradientShap	64	1	0.1	NegativeBinomialAutoencoder	zeros	False
0.0	0	100	640	off_target	net_85_11467	4	0.001	net_60_10082_net_85_11467_net_84_9903_net_72_10551_net_75_10306_net_130_10439	GradientShap_64_1_0.1_NegativeBinomialAutoencoder_zeros_False	GradientShap	64	1	0.1	NegativeBinomialAutoencoder	zeros	False
0.0	0	100	6401	off_target	net_85_11467	4	0.01	net_60_10082_net_85_11467_net_84_9903_net_72_10551_net_75_10306_net_130_10439	GradientShap_64_1_0.1_NegativeBinomialAutoencoder_zeros_False	GradientShap	64	1	0.1	NegativeBinomialAutoencoder	zeros	False
0.22	22	100	32004	off_target	net_85_11467	4	0.05	net_60_10082_net_85_11467_net_84_9903_net_72_10551_net_75_10306_net_130_10439	GradientShap_64_1_0.1_NegativeBinomialAutoencoder_zeros_False	GradientShap	64	1	0.1	NegativeBinomialAutoencoder	zeros	False
0.43	43	100	64009	off_target	net_85_11467	4	0.1	net_60_10082_net_85_11467_net_84_9903_net_72_10551_net_75_10306_net_130_10439	GradientShap_64_1_0.1_NegativeBinomialAutoencoder_zeros_False	GradientShap	64	1	0.1	NegativeBinomialAutoencoder	zeros	False
0.68	68	100	128018	off_target	net_85_11467	4	0.2	net_60_10082_net_85_11467_net_84_9903_net_72_10551_net_75_10306_net_130_10439	GradientShap_64_1_0.1_NegativeBinomialAutoencoder_zeros_False	GradientShap	64	1	0.1	NegativeBinomialAutoencoder	zeros	False
0.77	77	100	160022	off_target	net_85_11467	4	0.25	net_60_10082_net_85_11467_net_84_9903_net_72_10551_net_75_10306_net_130_10439	GradientShap_64_1_0.1_NegativeBinomialAutoencoder_zeros_False	GradientShap	64	1	0.1	NegativeBinomialAutoencoder	zeros	False
1.0	100	100	256036	off_target	net_85_11467	4	0.5	net_60_10082_net_85_11467_net_84_9903_net_72_10551_net_75_10306_net_130_10439	GradientShap_64_1_0.1_NegativeBinomialAutoencoder_zeros_False	GradientShap	64	1	0.1	NegativeBinomialAutoencoder	zeros	False
1.0	100	100	256036	off_target	net_85_11467	4	0.75	net_60_10082_net_85_11467_net_84_9903_net_72_10551_net_75_10306_net_130_10439	GradientShap_64_1_0.1_NegativeBinomialAutoencoder_zeros_False	GradientShap	64	1	0.1	NegativeBinomialAutoencoder	zeros	False
1.0	100	100	256036	off_target	net_85_11467	4	1.0	net_60_10082_net_85_11467_net_84_9903_net_72_10551_net_75_10306_net_130_10439	GradientShap_64_1_0.1_NegativeBinomialAutoencoder_zeros_False	GradientShap	64	1	0.1	NegativeBinomialAutoencoder	zeros	False
0.0	0	117	640	off_target	net_84_9903	0	0.001	net_60_10082_net_85_11467_net_84_9903_net_72_10551_net_75_10306_net_130_10439	GradientShap_64_1_0.1_NegativeBinomialAutoencoder_zeros_False	GradientShap	64	1	0.1	NegativeBinomialAutoencoder	zeros	False
0.0	0	117	6401	off_target	net_84_9903	0	0.01	net_60_10082_net_85_11467_net_84_9903_net_72_10551_net_75_10306_net_130_10439	GradientShap_64_1_0.1_NegativeBinomialAutoencoder_zeros_False	GradientShap	64	1	0.1	NegativeBinomialAutoencoder	zeros	False
0.0256410256410256	3	117	32004	off_target	net_84_9903	0	0.05	net_60_10082_net_85_11467_net_84_9903_net_72_10551_net_75_10306_net_130_10439	GradientShap_64_1_0.1_NegativeBinomialAutoencoder_zeros_False	GradientShap	64	1	0.1	NegativeBinomialAutoencoder	zeros	False
0.2222222222222222	26	117	64009	off_target	net_84_9903	0	0.1	net_60_10082_net_85_11467_net_84_9903_net_72_10551_net_75_10306_net_130_10439	GradientShap_64_1_0.1_NegativeBinomialAutoencoder_zeros_False	GradientShap	64	1	0.1	NegativeBinomialAutoencoder	zeros	False
0.6410256410256411	75	117	128018	off_target	net_84_9903	0	0.2	net_60_10082_net_85_11467_net_84_9903_net_72_10551_net_75_10306_net_130_10439	GradientShap_64_1_0.1_NegativeBinomialAutoencoder_zeros_False	GradientShap	64	1	0.1	NegativeBinomialAutoencoder	zeros	False
0.717948717948718	84	117	160022	off_target	net_84_9903	0	0.25	net_60_10082_net_85_11467_net_84_9903_net_72_10551_net_75_10306_net_130_10439	GradientShap_64_1_0.1_NegativeBinomialAutoencoder_zeros_False	GradientShap	64	1	0.1	NegativeBinomialAutoencoder	zeros	False
1.0	117	117	256036	off_target	net_84_9903	0	0.5	net_60_10082_net_85_11467_net_84_9903_net_72_10551_net_75_10306_net_130_10439	GradientShap_64_1_0.1_NegativeBinomialAutoencoder_zeros_False	GradientShap	64	1	0.1	NegativeBinomialAutoencoder	zeros	False
1.0	117	117	256036	off_target	net_84_9903	0	0.75	net_60_10082_net_85_11467_net_84_9903_net_72_10551_net_75_10306_net_130_10439	GradientShap_64_1_0.1_NegativeBinomialAutoencoder_zeros_False	GradientShap	64	1	0.1	NegativeBinomialAutoencoder	zeros	False
1.0	117	117	256036	off_target	net_84_9903	0	1.0	net_60_10082_net_85_11467_net_84_9903_net_72_10551_net_75_10306_net_130_10439	GradientShap_64_1_0.1_NegativeBinomialAutoencoder_zeros_False	GradientShap	64	1	0.1	NegativeBinomialAutoencoder	zeros	False
0.0	0	117	640	off_target	net_84_9903	1	0.001	net_60_10082_net_85_11467_net_84_9903_net_72_10551_net_75_10306_net_130_10439	GradientShap_64_1_0.1_NegativeBinomialAutoencoder_zeros_False	GradientShap	64	1	0.1	NegativeBinomialAutoencoder	zeros	False
0.0	0	117	6401	off_target	net_84_9903	1	0.01	net_60_10082_net_85_11467_net_84_9903_net_72_10551_net_75_10306_net_130_10439	GradientShap_64_1_0.1_NegativeBinomialAutoencoder_zeros_False	GradientShap	64	1	0.1	NegativeBinomialAutoencoder	zeros	False
0.1709401709401709	20	117	32004	off_target	net_84_9903	1	0.05	net_60_10082_net_85_11467_net_84_9903_net_72_10551_net_75_10306_net_130_10439	GradientShap_64_1_0.1_NegativeBinomialAutoencoder_zeros_False	GradientShap	64	1	0.1	NegativeBinomialAutoencoder	zeros	False
0.3247863247863248	38	117	64009	off_target	net_84_9903	1	0.1	net_60_10082_net_85_11467_net_84_9903_net_72_10551_net_75_10306_net_130_10439	GradientShap_64_1_0.1_NegativeBinomialAutoencoder_zeros_False	GradientShap	64	1	0.1	NegativeBinomialAutoencoder	zeros	False
0.6666666666666666	78	117	128018	off_target	net_84_9903	1	0.2	net_60_10082_net_85_11467_net_84_9903_net_72_10551_net_75_10306_net_130_10439	GradientShap_64_1_0.1_NegativeBinomialAutoencoder_zeros_False	GradientShap	64	1	0.1	NegativeBinomialAutoencoder	zeros	False
0.7863247863247863	92	117	160022	off_target	net_84_9903	1	0.25	net_60_10082_net_85_11467_net_84_9903_net_72_10551_net_75_10306_net_130_10439	GradientShap_64_1_0.1_NegativeBinomialAutoencoder_zeros_False	GradientShap	64	1	0.1	NegativeBinomialAutoencoder	zeros	False
1.0	117	117	256036	off_target	net_84_9903	1	0.5	net_60_10082_net_85_11467_net_84_9903_net_72_10551_net_75_10306_net_130_10439	GradientShap_64_1_0.1_NegativeBinomialAutoencoder_zeros_False	GradientShap	64	1	0.1	NegativeBinomialAutoencoder	zeros	False
1.0	117	117	256036	off_target	net_84_9903	1	0.75	net_60_10082_net_85_11467_net_84_9903_net_72_10551_net_75_10306_net_130_10439	GradientShap_64_1_0.1_NegativeBinomialAutoencoder_zeros_False	GradientShap	64	1	0.1	NegativeBinomialAutoencoder	zeros	False
1.0	117	117	256036	off_target	net_84_9903	1	1.0	net_60_10082_net_85_11467_net_84_9903_net_72_10551_net_75_10306_net_130_10439	GradientShap_64_1_0.1_NegativeBinomialAutoencoder_zeros_False	GradientShap	64	1	0.1	NegativeBinomialAutoencoder	zeros	False
0.0	0	117	640	on_target	net_84_9903	2	0.001	net_60_10082_net_85_11467_net_84_9903_net_72_10551_net_75_10306_net_130_10439	GradientShap_64_1_0.1_NegativeBinomialAutoencoder_zeros_False	GradientShap	64	1	0.1	NegativeBinomialAutoencoder	zeros	False
0.0	0	117	6401	on_target	net_84_9903	2	0.01	net_60_10082_net_85_11467_net_84_9903_net_72_10551_net_75_10306_net_130_10439	GradientShap_64_1_0.1_NegativeBinomialAutoencoder_zeros_False	GradientShap	64	1	0.1	NegativeBinomialAutoencoder	zeros	False
0.0	0	117	32004	on_target	net_84_9903	2	0.05	net_60_10082_net_85_11467_net_84_9903_net_72_10551_net_75_10306_net_130_10439	GradientShap_64_1_0.1_NegativeBinomialAutoencoder_zeros_False	GradientShap	64	1	0.1	NegativeBinomialAutoencoder	zeros	False
0.188034188034188	22	117	64009	on_target	net_84_9903	2	0.1	net_60_10082_net_85_11467_net_84_9903_net_72_10551_net_75_10306_net_130_10439	GradientShap_64_1_0.1_NegativeBinomialAutoencoder_zeros_False	GradientShap	64	1	0.1	NegativeBinomialAutoencoder	zeros	False
0.3418803418803419	40	117	128018	on_target	net_84_9903	2	0.2	net_60_10082_net_85_11467_net_84_9903_net_72_10551_net_75_10306_net_130_10439	GradientShap_64_1_0.1_NegativeBinomialAutoencoder_zeros_False	GradientShap	64	1	0.1	NegativeBinomialAutoencoder	zeros	False
0.4700854700854701	55	117	160022	on_target	net_84_9903	2	0.25	net_60_10082_net_85_11467_net_84_9903_net_72_10551_net_75_10306_net_130_10439	GradientShap_64_1_0.1_NegativeBinomialAutoencoder_zeros_False	GradientShap	64	1	0.1	NegativeBinomialAutoencoder	zeros	False
1.0	117	117	256036	on_target	net_84_9903	2	0.5	net_60_10082_net_85_11467_net_84_9903_net_72_10551_net_75_10306_net_130_10439	GradientShap_64_1_0.1_NegativeBinomialAutoencoder_zeros_False	GradientShap	64	1	0.1	NegativeBinomialAutoencoder	zeros	False
1.0	117	117	256036	on_target	net_84_9903	2	0.75	net_60_10082_net_85_11467_net_84_9903_net_72_10551_net_75_10306_net_130_10439	GradientShap_64_1_0.1_NegativeBinomialAutoencoder_zeros_False	GradientShap	64	1	0.1	NegativeBinomialAutoencoder	zeros	False
1.0	117	117	256036	on_target	net_84_9903	2	1.0	net_60_10082_net_85_11467_net_84_9903_net_72_10551_net_75_10306_net_130_10439	GradientShap_64_1_0.1_NegativeBinomialAutoencoder_zeros_False	GradientShap	64	1	0.1	NegativeBinomialAutoencoder	zeros	False
0.0	0	117	640	off_target	net_84_9903	3	0.001	net_60_10082_net_85_11467_net_84_9903_net_72_10551_net_75_10306_net_130_10439	GradientShap_64_1_0.1_NegativeBinomialAutoencoder_zeros_False	GradientShap	64	1	0.1	NegativeBinomialAutoencoder	zeros	False
0.0	0	117	6401	off_target	net_84_9903	3	0.01	net_60_10082_net_85_11467_net_84_9903_net_72_10551_net_75_10306_net_130_10439	GradientShap_64_1_0.1_NegativeBinomialAutoencoder_zeros_False	GradientShap	64	1	0.1	NegativeBinomialAutoencoder	zeros	False
0.1538461538461538	18	117	32004	off_target	net_84_9903	3	0.05	net_60_10082_net_85_11467_net_84_9903_net_72_10551_net_75_10306_net_130_10439	GradientShap_64_1_0.1_NegativeBinomialAutoencoder_zeros_False	GradientShap	64	1	0.1	NegativeBinomialAutoencoder	zeros	False
0.4017094017094017	47	117	64009	off_target	net_84_9903	3	0.1	net_60_10082_net_85_11467_net_84_9903_net_72_10551_net_75_10306_net_130_10439	GradientShap_64_1_0.1_NegativeBinomialAutoencoder_zeros_False	GradientShap	64	1	0.1	NegativeBinomialAutoencoder	zeros	False
0.6666666666666666	78	117	128018	off_target	net_84_9903	3	0.2	net_60_10082_net_85_11467_net_84_9903_net_72_10551_net_75_10306_net_130_10439	GradientShap_64_1_0.1_NegativeBinomialAutoencoder_zeros_False	GradientShap	64	1	0.1	NegativeBinomialAutoencoder	zeros	False
0.7692307692307693	90	117	160022	off_target	net_84_9903	3	0.25	net_60_10082_net_85_11467_net_84_9903_net_72_10551_net_75_10306_net_130_10439	GradientShap_64_1_0.1_NegativeBinomialAutoencoder_zeros_False	GradientShap	64	1	0.1	NegativeBinomialAutoencoder	zeros	False
1.0	117	117	256036	off_target	net_84_9903	3	0.5	net_60_10082_net_85_11467_net_84_9903_net_72_10551_net_75_10306_net_130_10439	GradientShap_64_1_0.1_NegativeBinomialAutoencoder_zeros_False	GradientShap	64	1	0.1	NegativeBinomialAutoencoder	zeros	False
1.0	117	117	256036	off_target	net_84_9903	3	0.75	net_60_10082_net_85_11467_net_84_9903_net_72_10551_net_75_10306_net_130_10439	GradientShap_64_1_0.1_NegativeBinomialAutoencoder_zeros_False	GradientShap	64	1	0.1	NegativeBinomialAutoencoder	zeros	False
1.0	117	117	256036	off_target	net_84_9903	3	1.0	net_60_10082_net_85_11467_net_84_9903_net_72_10551_net_75_10306_net_130_10439	GradientShap_64_1_0.1_NegativeBinomialAutoencoder_zeros_False	GradientShap	64	1	0.1	NegativeBinomialAutoencoder	zeros	False
0.0	0	117	640	off_target	net_84_9903	4	0.001	net_60_10082_net_85_11467_net_84_9903_net_72_10551_net_75_10306_net_130_10439	GradientShap_64_1_0.1_NegativeBinomialAutoencoder_zeros_False	GradientShap	64	1	0.1	NegativeBinomialAutoencoder	zeros	False
0.0	0	117	6401	off_target	net_84_9903	4	0.01	net_60_10082_net_85_11467_net_84_9903_net_72_10551_net_75_10306_net_130_10439	GradientShap_64_1_0.1_NegativeBinomialAutoencoder_zeros_False	GradientShap	64	1	0.1	NegativeBinomialAutoencoder	zeros	False
0.0	0	117	32004	off_target	net_84_9903	4	0.05	net_60_10082_net_85_11467_net_84_9903_net_72_10551_net_75_10306_net_130_10439	GradientShap_64_1_0.1_NegativeBinomialAutoencoder_zeros_False	GradientShap	64	1	0.1	NegativeBinomialAutoencoder	zeros	False
0.017094017094017	2	117	64009	off_target	net_84_9903	4	0.1	net_60_10082_net_85_11467_net_84_9903_net_72_10551_net_75_10306_net_130_10439	GradientShap_64_1_0.1_NegativeBinomialAutoencoder_zeros_False	GradientShap	64	1	0.1	NegativeBinomialAutoencoder	zeros	False
0.3931623931623931	46	117	128018	off_target	net_84_9903	4	0.2	net_60_10082_net_85_11467_net_84_9903_net_72_10551_net_75_10306_net_130_10439	GradientShap_64_1_0.1_NegativeBinomialAutoencoder_zeros_False	GradientShap	64	1	0.1	NegativeBinomialAutoencoder	zeros	False
0.5982905982905983	70	117	160022	off_target	net_84_9903	4	0.25	net_60_10082_net_85_11467_net_84_9903_net_72_10551_net_75_10306_net_130_10439	GradientShap_64_1_0.1_NegativeBinomialAutoencoder_zeros_False	GradientShap	64	1	0.1	NegativeBinomialAutoencoder	zeros	False
1.0	117	117	256036	off_target	net_84_9903	4	0.5	net_60_10082_net_85_11467_net_84_9903_net_72_10551_net_75_10306_net_130_10439	GradientShap_64_1_0.1_NegativeBinomialAutoencoder_zeros_False	GradientShap	64	1	0.1	NegativeBinomialAutoencoder	zeros	False
1.0	117	117	256036	off_target	net_84_9903	4	0.75	net_60_10082_net_85_11467_net_84_9903_net_72_10551_net_75_10306_net_130_10439	GradientShap_64_1_0.1_NegativeBinomialAutoencoder_zeros_False	GradientShap	64	1	0.1	NegativeBinomialAutoencoder	zeros	False
1.0	117	117	256036	off_target	net_84_9903	4	1.0	net_60_10082_net_85_11467_net_84_9903_net_72_10551_net_75_10306_net_130_10439	GradientShap_64_1_0.1_NegativeBinomialAutoencoder_zeros_False	GradientShap	64	1	0.1	NegativeBinomialAutoencoder	zeros	False
0.0	0	189	640	off_target	net_72_10551	0	0.001	net_60_10082_net_85_11467_net_84_9903_net_72_10551_net_75_10306_net_130_10439	GradientShap_64_1_0.1_NegativeBinomialAutoencoder_zeros_False	GradientShap	64	1	0.1	NegativeBinomialAutoencoder	zeros	False
0.0	0	189	6401	off_target	net_72_10551	0	0.01	net_60_10082_net_85_11467_net_84_9903_net_72_10551_net_75_10306_net_130_10439	GradientShap_64_1_0.1_NegativeBinomialAutoencoder_zeros_False	GradientShap	64	1	0.1	NegativeBinomialAutoencoder	zeros	False
0.0476190476190476	9	189	32004	off_target	net_72_10551	0	0.05	net_60_10082_net_85_11467_net_84_9903_net_72_10551_net_75_10306_net_130_10439	GradientShap_64_1_0.1_NegativeBinomialAutoencoder_zeros_False	GradientShap	64	1	0.1	NegativeBinomialAutoencoder	zeros	False
0.1587301587301587	30	189	64009	off_target	net_72_10551	0	0.1	net_60_10082_net_85_11467_net_84_9903_net_72_10551_net_75_10306_net_130_10439	GradientShap_64_1_0.1_NegativeBinomialAutoencoder_zeros_False	GradientShap	64	1	0.1	NegativeBinomialAutoencoder	zeros	False
0.4708994708994709	89	189	128018	off_target	net_72_10551	0	0.2	net_60_10082_net_85_11467_net_84_9903_net_72_10551_net_75_10306_net_130_10439	GradientShap_64_1_0.1_NegativeBinomialAutoencoder_zeros_False	GradientShap	64	1	0.1	NegativeBinomialAutoencoder	zeros	False
0.6825396825396826	129	189	160022	off_target	net_72_10551	0	0.25	net_60_10082_net_85_11467_net_84_9903_net_72_10551_net_75_10306_net_130_10439	GradientShap_64_1_0.1_NegativeBinomialAutoencoder_zeros_False	GradientShap	64	1	0.1	NegativeBinomialAutoencoder	zeros	False
1.0	189	189	256036	off_target	net_72_10551	0	0.5	net_60_10082_net_85_11467_net_84_9903_net_72_10551_net_75_10306_net_130_10439	GradientShap_64_1_0.1_NegativeBinomialAutoencoder_zeros_False	GradientShap	64	1	0.1	NegativeBinomialAutoencoder	zeros	False
1.0	189	189	256036	off_target	net_72_10551	0	0.75	net_60_10082_net_85_11467_net_84_9903_net_72_10551_net_75_10306_net_130_10439	GradientShap_64_1_0.1_NegativeBinomialAutoencoder_zeros_False	GradientShap	64	1	0.1	NegativeBinomialAutoencoder	zeros	False
1.0	189	189	256036	off_target	net_72_10551	0	1.0	net_60_10082_net_85_11467_net_84_9903_net_72_10551_net_75_10306_net_130_10439	GradientShap_64_1_0.1_NegativeBinomialAutoencoder_zeros_False	GradientShap	64	1	0.1	NegativeBinomialAutoencoder	zeros	False
0.0	0	189	640	off_target	net_72_10551	1	0.001	net_60_10082_net_85_11467_net_84_9903_net_72_10551_net_75_10306_net_130_10439	GradientShap_64_1_0.1_NegativeBinomialAutoencoder_zeros_False	GradientShap	64	1	0.1	NegativeBinomialAutoencoder	zeros	False
0.0	0	189	6401	off_target	net_72_10551	1	0.01	net_60_10082_net_85_11467_net_84_9903_net_72_10551_net_75_10306_net_130_10439	GradientShap_64_1_0.1_NegativeBinomialAutoencoder_zeros_False	GradientShap	64	1	0.1	NegativeBinomialAutoencoder	zeros	False
0.037037037037037	7	189	32004	off_target	net_72_10551	1	0.05	net_60_10082_net_85_11467_net_84_9903_net_72_10551_net_75_10306_net_130_10439	GradientShap_64_1_0.1_NegativeBinomialAutoencoder_zeros_False	GradientShap	64	1	0.1	NegativeBinomialAutoencoder	zeros	False
0.1428571428571428	27	189	64009	off_target	net_72_10551	1	0.1	net_60_10082_net_85_11467_net_84_9903_net_72_10551_net_75_10306_net_130_10439	GradientShap_64_1_0.1_NegativeBinomialAutoencoder_zeros_False	GradientShap	64	1	0.1	NegativeBinomialAutoencoder	zeros	False
0.4285714285714285	81	189	128018	off_target	net_72_10551	1	0.2	net_60_10082_net_85_11467_net_84_9903_net_72_10551_net_75_10306_net_130_10439	GradientShap_64_1_0.1_NegativeBinomialAutoencoder_zeros_False	GradientShap	64	1	0.1	NegativeBinomialAutoencoder	zeros	False
0.6296296296296297	119	189	160022	off_target	net_72_10551	1	0.25	net_60_10082_net_85_11467_net_84_9903_net_72_10551_net_75_10306_net_130_10439	GradientShap_64_1_0.1_NegativeBinomialAutoencoder_zeros_False	GradientShap	64	1	0.1	NegativeBinomialAutoencoder	zeros	False
1.0	189	189	256036	off_target	net_72_10551	1	0.5	net_60_10082_net_85_11467_net_84_9903_net_72_10551_net_75_10306_net_130_10439	GradientShap_64_1_0.1_NegativeBinomialAutoencoder_zeros_False	GradientShap	64	1	0.1	NegativeBinomialAutoencoder	zeros	False
1.0	189	189	256036	off_target	net_72_10551	1	0.75	net_60_10082_net_85_11467_net_84_9903_net_72_10551_net_75_10306_net_130_10439	GradientShap_64_1_0.1_NegativeBinomialAutoencoder_zeros_False	GradientShap	64	1	0.1	NegativeBinomialAutoencoder	zeros	False
1.0	189	189	256036	off_target	net_72_10551	1	1.0	net_60_10082_net_85_11467_net_84_9903_net_72_10551_net_75_10306_net_130_10439	GradientShap_64_1_0.1_NegativeBinomialAutoencoder_zeros_False	GradientShap	64	1	0.1	NegativeBinomialAutoencoder	zeros	False
0.0	0	189	640	off_target	net_72_10551	2	0.001	net_60_10082_net_85_11467_net_84_9903_net_72_10551_net_75_10306_net_130_10439	GradientShap_64_1_0.1_NegativeBinomialAutoencoder_zeros_False	GradientShap	64	1	0.1	NegativeBinomialAutoencoder	zeros	False
0.0317460317460317	6	189	6401	off_target	net_72_10551	2	0.01	net_60_10082_net_85_11467_net_84_9903_net_72_10551_net_75_10306_net_130_10439	GradientShap_64_1_0.1_NegativeBinomialAutoencoder_zeros_False	GradientShap	64	1	0.1	NegativeBinomialAutoencoder	zeros	False
0.2592592592592592	49	189	32004	off_target	net_72_10551	2	0.05	net_60_10082_net_85_11467_net_84_9903_net_72_10551_net_75_10306_net_130_10439	GradientShap_64_1_0.1_NegativeBinomialAutoencoder_zeros_False	GradientShap	64	1	0.1	NegativeBinomialAutoencoder	zeros	False
0.3862433862433862	73	189	64009	off_target	net_72_10551	2	0.1	net_60_10082_net_85_11467_net_84_9903_net_72_10551_net_75_10306_net_130_10439	GradientShap_64_1_0.1_NegativeBinomialAutoencoder_zeros_False	GradientShap	64	1	0.1	NegativeBinomialAutoencoder	zeros	False
0.5661375661375662	107	189	128018	off_target	net_72_10551	2	0.2	net_60_10082_net_85_11467_net_84_9903_net_72_10551_net_75_10306_net_130_10439	GradientShap_64_1_0.1_NegativeBinomialAutoencoder_zeros_False	GradientShap	64	1	0.1	NegativeBinomialAutoencoder	zeros	False
0.6507936507936508	123	189	160022	off_target	net_72_10551	2	0.25	net_60_10082_net_85_11467_net_84_9903_net_72_10551_net_75_10306_net_130_10439	GradientShap_64_1_0.1_NegativeBinomialAutoencoder_zeros_False	GradientShap	64	1	0.1	NegativeBinomialAutoencoder	zeros	False
1.0	189	189	256036	off_target	net_72_10551	2	0.5	net_60_10082_net_85_11467_net_84_9903_net_72_10551_net_75_10306_net_130_10439	GradientShap_64_1_0.1_NegativeBinomialAutoencoder_zeros_False	GradientShap	64	1	0.1	NegativeBinomialAutoencoder	zeros	False
1.0	189	189	256036	off_target	net_72_10551	2	0.75	net_60_10082_net_85_11467_net_84_9903_net_72_10551_net_75_10306_net_130_10439	GradientShap_64_1_0.1_NegativeBinomialAutoencoder_zeros_False	GradientShap	64	1	0.1	NegativeBinomialAutoencoder	zeros	False
1.0	189	189	256036	off_target	net_72_10551	2	1.0	net_60_10082_net_85_11467_net_84_9903_net_72_10551_net_75_10306_net_130_10439	GradientShap_64_1_0.1_NegativeBinomialAutoencoder_zeros_False	GradientShap	64	1	0.1	NegativeBinomialAutoencoder	zeros	False
0.0582010582010582	11	189	640	on_target	net_72_10551	3	0.001	net_60_10082_net_85_11467_net_84_9903_net_72_10551_net_75_10306_net_130_10439	GradientShap_64_1_0.1_NegativeBinomialAutoencoder_zeros_False	GradientShap	64	1	0.1	NegativeBinomialAutoencoder	zeros	False
0.2222222222222222	42	189	6401	on_target	net_72_10551	3	0.01	net_60_10082_net_85_11467_net_84_9903_net_72_10551_net_75_10306_net_130_10439	GradientShap_64_1_0.1_NegativeBinomialAutoencoder_zeros_False	GradientShap	64	1	0.1	NegativeBinomialAutoencoder	zeros	False
0.365079365079365	69	189	32004	on_target	net_72_10551	3	0.05	net_60_10082_net_85_11467_net_84_9903_net_72_10551_net_75_10306_net_130_10439	GradientShap_64_1_0.1_NegativeBinomialAutoencoder_zeros_False	GradientShap	64	1	0.1	NegativeBinomialAutoencoder	zeros	False
0.5132275132275133	97	189	64009	on_target	net_72_10551	3	0.1	net_60_10082_net_85_11467_net_84_9903_net_72_10551_net_75_10306_net_130_10439	GradientShap_64_1_0.1_NegativeBinomialAutoencoder_zeros_False	GradientShap	64	1	0.1	NegativeBinomialAutoencoder	zeros	False
0.6666666666666666	126	189	128018	on_target	net_72_10551	3	0.2	net_60_10082_net_85_11467_net_84_9903_net_72_10551_net_75_10306_net_130_10439	GradientShap_64_1_0.1_NegativeBinomialAutoencoder_zeros_False	GradientShap	64	1	0.1	NegativeBinomialAutoencoder	zeros	False
0.7195767195767195	136	189	160022	on_target	net_72_10551	3	0.25	net_60_10082_net_85_11467_net_84_9903_net_72_10551_net_75_10306_net_130_10439	GradientShap_64_1_0.1_NegativeBinomialAutoencoder_zeros_False	GradientShap	64	1	0.1	NegativeBinomialAutoencoder	zeros	False
1.0	189	189	256036	on_target	net_72_10551	3	0.5	net_60_10082_net_85_11467_net_84_9903_net_72_10551_net_75_10306_net_130_10439	GradientShap_64_1_0.1_NegativeBinomialAutoencoder_zeros_False	GradientShap	64	1	0.1	NegativeBinomialAutoencoder	zeros	False
1.0	189	189	256036	on_target	net_72_10551	3	0.75	net_60_10082_net_85_11467_net_84_9903_net_72_10551_net_75_10306_net_130_10439	GradientShap_64_1_0.1_NegativeBinomialAutoencoder_zeros_False	GradientShap	64	1	0.1	NegativeBinomialAutoencoder	zeros	False
1.0	189	189	256036	on_target	net_72_10551	3	1.0	net_60_10082_net_85_11467_net_84_9903_net_72_10551_net_75_10306_net_130_10439	GradientShap_64_1_0.1_NegativeBinomialAutoencoder_zeros_False	GradientShap	64	1	0.1	NegativeBinomialAutoencoder	zeros	False
0.0	0	189	640	off_target	net_72_10551	4	0.001	net_60_10082_net_85_11467_net_84_9903_net_72_10551_net_75_10306_net_130_10439	GradientShap_64_1_0.1_NegativeBinomialAutoencoder_zeros_False	GradientShap	64	1	0.1	NegativeBinomialAutoencoder	zeros	False
0.0052910052910052	1	189	6401	off_target	net_72_10551	4	0.01	net_60_10082_net_85_11467_net_84_9903_net_72_10551_net_75_10306_net_130_10439	GradientShap_64_1_0.1_NegativeBinomialAutoencoder_zeros_False	GradientShap	64	1	0.1	NegativeBinomialAutoencoder	zeros	False
0.1693121693121693	32	189	32004	off_target	net_72_10551	4	0.05	net_60_10082_net_85_11467_net_84_9903_net_72_10551_net_75_10306_net_130_10439	GradientShap_64_1_0.1_NegativeBinomialAutoencoder_zeros_False	GradientShap	64	1	0.1	NegativeBinomialAutoencoder	zeros	False
0.3597883597883597	68	189	64009	off_target	net_72_10551	4	0.1	net_60_10082_net_85_11467_net_84_9903_net_72_10551_net_75_10306_net_130_10439	GradientShap_64_1_0.1_NegativeBinomialAutoencoder_zeros_False	GradientShap	64	1	0.1	NegativeBinomialAutoencoder	zeros	False
0.6455026455026455	122	189	128018	off_target	net_72_10551	4	0.2	net_60_10082_net_85_11467_net_84_9903_net_72_10551_net_75_10306_net_130_10439	GradientShap_64_1_0.1_NegativeBinomialAutoencoder_zeros_False	GradientShap	64	1	0.1	NegativeBinomialAutoencoder	zeros	False
0.7407407407407407	140	189	160022	off_target	net_72_10551	4	0.25	net_60_10082_net_85_11467_net_84_9903_net_72_10551_net_75_10306_net_130_10439	GradientShap_64_1_0.1_NegativeBinomialAutoencoder_zeros_False	GradientShap	64	1	0.1	NegativeBinomialAutoencoder	zeros	False
1.0	189	189	256036	off_target	net_72_10551	4	0.5	net_60_10082_net_85_11467_net_84_9903_net_72_10551_net_75_10306_net_130_10439	GradientShap_64_1_0.1_NegativeBinomialAutoencoder_zeros_False	GradientShap	64	1	0.1	NegativeBinomialAutoencoder	zeros	False
1.0	189	189	256036	off_target	net_72_10551	4	0.75	net_60_10082_net_85_11467_net_84_9903_net_72_10551_net_75_10306_net_130_10439	GradientShap_64_1_0.1_NegativeBinomialAutoencoder_zeros_False	GradientShap	64	1	0.1	NegativeBinomialAutoencoder	zeros	False
1.0	189	189	256036	off_target	net_72_10551	4	1.0	net_60_10082_net_85_11467_net_84_9903_net_72_10551_net_75_10306_net_130_10439	GradientShap_64_1_0.1_NegativeBinomialAutoencoder_zeros_False	GradientShap	64	1	0.1	NegativeBinomialAutoencoder	zeros	False
0.0	0	175	640	off_target	net_75_10306	0	0.001	net_60_10082_net_85_11467_net_84_9903_net_72_10551_net_75_10306_net_130_10439	GradientShap_64_1_0.1_NegativeBinomialAutoencoder_zeros_False	GradientShap	64	1	0.1	NegativeBinomialAutoencoder	zeros	False
0.0057142857142857	1	175	6401	off_target	net_75_10306	0	0.01	net_60_10082_net_85_11467_net_84_9903_net_72_10551_net_75_10306_net_130_10439	GradientShap_64_1_0.1_NegativeBinomialAutoencoder_zeros_False	GradientShap	64	1	0.1	NegativeBinomialAutoencoder	zeros	False
0.1828571428571428	32	175	32004	off_target	net_75_10306	0	0.05	net_60_10082_net_85_11467_net_84_9903_net_72_10551_net_75_10306_net_130_10439	GradientShap_64_1_0.1_NegativeBinomialAutoencoder_zeros_False	GradientShap	64	1	0.1	NegativeBinomialAutoencoder	zeros	False
0.2914285714285714	51	175	64009	off_target	net_75_10306	0	0.1	net_60_10082_net_85_11467_net_84_9903_net_72_10551_net_75_10306_net_130_10439	GradientShap_64_1_0.1_NegativeBinomialAutoencoder_zeros_False	GradientShap	64	1	0.1	NegativeBinomialAutoencoder	zeros	False
0.6857142857142857	120	175	128018	off_target	net_75_10306	0	0.2	net_60_10082_net_85_11467_net_84_9903_net_72_10551_net_75_10306_net_130_10439	GradientShap_64_1_0.1_NegativeBinomialAutoencoder_zeros_False	GradientShap	64	1	0.1	NegativeBinomialAutoencoder	zeros	False
0.7428571428571429	130	175	160022	off_target	net_75_10306	0	0.25	net_60_10082_net_85_11467_net_84_9903_net_72_10551_net_75_10306_net_130_10439	GradientShap_64_1_0.1_NegativeBinomialAutoencoder_zeros_False	GradientShap	64	1	0.1	NegativeBinomialAutoencoder	zeros	False
1.0	175	175	256036	off_target	net_75_10306	0	0.5	net_60_10082_net_85_11467_net_84_9903_net_72_10551_net_75_10306_net_130_10439	GradientShap_64_1_0.1_NegativeBinomialAutoencoder_zeros_False	GradientShap	64	1	0.1	NegativeBinomialAutoencoder	zeros	False
1.0	175	175	256036	off_target	net_75_10306	0	0.75	net_60_10082_net_85_11467_net_84_9903_net_72_10551_net_75_10306_net_130_10439	GradientShap_64_1_0.1_NegativeBinomialAutoencoder_zeros_False	GradientShap	64	1	0.1	NegativeBinomialAutoencoder	zeros	False
1.0	175	175	256036	off_target	net_75_10306	0	1.0	net_60_10082_net_85_11467_net_84_9903_net_72_10551_net_75_10306_net_130_10439	GradientShap_64_1_0.1_NegativeBinomialAutoencoder_zeros_False	GradientShap	64	1	0.1	NegativeBinomialAutoencoder	zeros	False
0.0	0	175	640	off_target	net_75_10306	1	0.001	net_60_10082_net_85_11467_net_84_9903_net_72_10551_net_75_10306_net_130_10439	GradientShap_64_1_0.1_NegativeBinomialAutoencoder_zeros_False	GradientShap	64	1	0.1	NegativeBinomialAutoencoder	zeros	False
0.0057142857142857	1	175	6401	off_target	net_75_10306	1	0.01	net_60_10082_net_85_11467_net_84_9903_net_72_10551_net_75_10306_net_130_10439	GradientShap_64_1_0.1_NegativeBinomialAutoencoder_zeros_False	GradientShap	64	1	0.1	NegativeBinomialAutoencoder	zeros	False
0.1885714285714285	33	175	32004	off_target	net_75_10306	1	0.05	net_60_10082_net_85_11467_net_84_9903_net_72_10551_net_75_10306_net_130_10439	GradientShap_64_1_0.1_NegativeBinomialAutoencoder_zeros_False	GradientShap	64	1	0.1	NegativeBinomialAutoencoder	zeros	False
0.3942857142857143	69	175	64009	off_target	net_75_10306	1	0.1	net_60_10082_net_85_11467_net_84_9903_net_72_10551_net_75_10306_net_130_10439	GradientShap_64_1_0.1_NegativeBinomialAutoencoder_zeros_False	GradientShap	64	1	0.1	NegativeBinomialAutoencoder	zeros	False
0.6857142857142857	120	175	128018	off_target	net_75_10306	1	0.2	net_60_10082_net_85_11467_net_84_9903_net_72_10551_net_75_10306_net_130_10439	GradientShap_64_1_0.1_NegativeBinomialAutoencoder_zeros_False	GradientShap	64	1	0.1	NegativeBinomialAutoencoder	zeros	False
0.7428571428571429	130	175	160022	off_target	net_75_10306	1	0.25	net_60_10082_net_85_11467_net_84_9903_net_72_10551_net_75_10306_net_130_10439	GradientShap_64_1_0.1_NegativeBinomialAutoencoder_zeros_False	GradientShap	64	1	0.1	NegativeBinomialAutoencoder	zeros	False
1.0	175	175	256036	off_target	net_75_10306	1	0.5	net_60_10082_net_85_11467_net_84_9903_net_72_10551_net_75_10306_net_130_10439	GradientShap_64_1_0.1_NegativeBinomialAutoencoder_zeros_False	GradientShap	64	1	0.1	NegativeBinomialAutoencoder	zeros	False
1.0	175	175	256036	off_target	net_75_10306	1	0.75	net_60_10082_net_85_11467_net_84_9903_net_72_10551_net_75_10306_net_130_10439	GradientShap_64_1_0.1_NegativeBinomialAutoencoder_zeros_False	GradientShap	64	1	0.1	NegativeBinomialAutoencoder	zeros	False
1.0	175	175	256036	off_target	net_75_10306	1	1.0	net_60_10082_net_85_11467_net_84_9903_net_72_10551_net_75_10306_net_130_10439	GradientShap_64_1_0.1_NegativeBinomialAutoencoder_zeros_False	GradientShap	64	1	0.1	NegativeBinomialAutoencoder	zeros	False
0.0	0	175	640	off_target	net_75_10306	2	0.001	net_60_10082_net_85_11467_net_84_9903_net_72_10551_net_75_10306_net_130_10439	GradientShap_64_1_0.1_NegativeBinomialAutoencoder_zeros_False	GradientShap	64	1	0.1	NegativeBinomialAutoencoder	zeros	False
0.0	0	175	6401	off_target	net_75_10306	2	0.01	net_60_10082_net_85_11467_net_84_9903_net_72_10551_net_75_10306_net_130_10439	GradientShap_64_1_0.1_NegativeBinomialAutoencoder_zeros_False	GradientShap	64	1	0.1	NegativeBinomialAutoencoder	zeros	False
0.1257142857142857	22	175	32004	off_target	net_75_10306	2	0.05	net_60_10082_net_85_11467_net_84_9903_net_72_10551_net_75_10306_net_130_10439	GradientShap_64_1_0.1_NegativeBinomialAutoencoder_zeros_False	GradientShap	64	1	0.1	NegativeBinomialAutoencoder	zeros	False
0.36	63	175	64009	off_target	net_75_10306	2	0.1	net_60_10082_net_85_11467_net_84_9903_net_72_10551_net_75_10306_net_130_10439	GradientShap_64_1_0.1_NegativeBinomialAutoencoder_zeros_False	GradientShap	64	1	0.1	NegativeBinomialAutoencoder	zeros	False
0.7257142857142858	127	175	128018	off_target	net_75_10306	2	0.2	net_60_10082_net_85_11467_net_84_9903_net_72_10551_net_75_10306_net_130_10439	GradientShap_64_1_0.1_NegativeBinomialAutoencoder_zeros_False	GradientShap	64	1	0.1	NegativeBinomialAutoencoder	zeros	False
0.7885714285714286	138	175	160022	off_target	net_75_10306	2	0.25	net_60_10082_net_85_11467_net_84_9903_net_72_10551_net_75_10306_net_130_10439	GradientShap_64_1_0.1_NegativeBinomialAutoencoder_zeros_False	GradientShap	64	1	0.1	NegativeBinomialAutoencoder	zeros	False
1.0	175	175	256036	off_target	net_75_10306	2	0.5	net_60_10082_net_85_11467_net_84_9903_net_72_10551_net_75_10306_net_130_10439	GradientShap_64_1_0.1_NegativeBinomialAutoencoder_zeros_False	GradientShap	64	1	0.1	NegativeBinomialAutoencoder	zeros	False
1.0	175	175	256036	off_target	net_75_10306	2	0.75	net_60_10082_net_85_11467_net_84_9903_net_72_10551_net_75_10306_net_130_10439	GradientShap_64_1_0.1_NegativeBinomialAutoencoder_zeros_False	GradientShap	64	1	0.1	NegativeBinomialAutoencoder	zeros	False
1.0	175	175	256036	off_target	net_75_10306	2	1.0	net_60_10082_net_85_11467_net_84_9903_net_72_10551_net_75_10306_net_130_10439	GradientShap_64_1_0.1_NegativeBinomialAutoencoder_zeros_False	GradientShap	64	1	0.1	NegativeBinomialAutoencoder	zeros	False
0.0	0	175	640	off_target	net_75_10306	3	0.001	net_60_10082_net_85_11467_net_84_9903_net_72_10551_net_75_10306_net_130_10439	GradientShap_64_1_0.1_NegativeBinomialAutoencoder_zeros_False	GradientShap	64	1	0.1	NegativeBinomialAutoencoder	zeros	False
0.0	0	175	6401	off_target	net_75_10306	3	0.01	net_60_10082_net_85_11467_net_84_9903_net_72_10551_net_75_10306_net_130_10439	GradientShap_64_1_0.1_NegativeBinomialAutoencoder_zeros_False	GradientShap	64	1	0.1	NegativeBinomialAutoencoder	zeros	False
0.0228571428571428	4	175	32004	off_target	net_75_10306	3	0.05	net_60_10082_net_85_11467_net_84_9903_net_72_10551_net_75_10306_net_130_10439	GradientShap_64_1_0.1_NegativeBinomialAutoencoder_zeros_False	GradientShap	64	1	0.1	NegativeBinomialAutoencoder	zeros	False
0.1257142857142857	22	175	64009	off_target	net_75_10306	3	0.1	net_60_10082_net_85_11467_net_84_9903_net_72_10551_net_75_10306_net_130_10439	GradientShap_64_1_0.1_NegativeBinomialAutoencoder_zeros_False	GradientShap	64	1	0.1	NegativeBinomialAutoencoder	zeros	False
0.4742857142857143	83	175	128018	off_target	net_75_10306	3	0.2	net_60_10082_net_85_11467_net_84_9903_net_72_10551_net_75_10306_net_130_10439	GradientShap_64_1_0.1_NegativeBinomialAutoencoder_zeros_False	GradientShap	64	1	0.1	NegativeBinomialAutoencoder	zeros	False
0.6857142857142857	120	175	160022	off_target	net_75_10306	3	0.25	net_60_10082_net_85_11467_net_84_9903_net_72_10551_net_75_10306_net_130_10439	GradientShap_64_1_0.1_NegativeBinomialAutoencoder_zeros_False	GradientShap	64	1	0.1	NegativeBinomialAutoencoder	zeros	False
1.0	175	175	256036	off_target	net_75_10306	3	0.5	net_60_10082_net_85_11467_net_84_9903_net_72_10551_net_75_10306_net_130_10439	GradientShap_64_1_0.1_NegativeBinomialAutoencoder_zeros_False	GradientShap	64	1	0.1	NegativeBinomialAutoencoder	zeros	False
1.0	175	175	256036	off_target	net_75_10306	3	0.75	net_60_10082_net_85_11467_net_84_9903_net_72_10551_net_75_10306_net_130_10439	GradientShap_64_1_0.1_NegativeBinomialAutoencoder_zeros_False	GradientShap	64	1	0.1	NegativeBinomialAutoencoder	zeros	False
1.0	175	175	256036	off_target	net_75_10306	3	1.0	net_60_10082_net_85_11467_net_84_9903_net_72_10551_net_75_10306_net_130_10439	GradientShap_64_1_0.1_NegativeBinomialAutoencoder_zeros_False	GradientShap	64	1	0.1	NegativeBinomialAutoencoder	zeros	False
0.0057142857142857	1	175	640	on_target	net_75_10306	4	0.001	net_60_10082_net_85_11467_net_84_9903_net_72_10551_net_75_10306_net_130_10439	GradientShap_64_1_0.1_NegativeBinomialAutoencoder_zeros_False	GradientShap	64	1	0.1	NegativeBinomialAutoencoder	zeros	False
0.1028571428571428	18	175	6401	on_target	net_75_10306	4	0.01	net_60_10082_net_85_11467_net_84_9903_net_72_10551_net_75_10306_net_130_10439	GradientShap_64_1_0.1_NegativeBinomialAutoencoder_zeros_False	GradientShap	64	1	0.1	NegativeBinomialAutoencoder	zeros	False
0.5428571428571428	95	175	32004	on_target	net_75_10306	4	0.05	net_60_10082_net_85_11467_net_84_9903_net_72_10551_net_75_10306_net_130_10439	GradientShap_64_1_0.1_NegativeBinomialAutoencoder_zeros_False	GradientShap	64	1	0.1	NegativeBinomialAutoencoder	zeros	False
0.6571428571428571	115	175	64009	on_target	net_75_10306	4	0.1	net_60_10082_net_85_11467_net_84_9903_net_72_10551_net_75_10306_net_130_10439	GradientShap_64_1_0.1_NegativeBinomialAutoencoder_zeros_False	GradientShap	64	1	0.1	NegativeBinomialAutoencoder	zeros	False
0.8228571428571428	144	175	128018	on_target	net_75_10306	4	0.2	net_60_10082_net_85_11467_net_84_9903_net_72_10551_net_75_10306_net_130_10439	GradientShap_64_1_0.1_NegativeBinomialAutoencoder_zeros_False	GradientShap	64	1	0.1	NegativeBinomialAutoencoder	zeros	False
0.8628571428571429	151	175	160022	on_target	net_75_10306	4	0.25	net_60_10082_net_85_11467_net_84_9903_net_72_10551_net_75_10306_net_130_10439	GradientShap_64_1_0.1_NegativeBinomialAutoencoder_zeros_False	GradientShap	64	1	0.1	NegativeBinomialAutoencoder	zeros	False
1.0	175	175	256036	on_target	net_75_10306	4	0.5	net_60_10082_net_85_11467_net_84_9903_net_72_10551_net_75_10306_net_130_10439	GradientShap_64_1_0.1_NegativeBinomialAutoencoder_zeros_False	GradientShap	64	1	0.1	NegativeBinomialAutoencoder	zeros	False
1.0	175	175	256036	on_target	net_75_10306	4	0.75	net_60_10082_net_85_11467_net_84_9903_net_72_10551_net_75_10306_net_130_10439	GradientShap_64_1_0.1_NegativeBinomialAutoencoder_zeros_False	GradientShap	64	1	0.1	NegativeBinomialAutoencoder	zeros	False
1.0	175	175	256036	on_target	net_75_10306	4	1.0	net_60_10082_net_85_11467_net_84_9903_net_72_10551_net_75_10306_net_130_10439	GradientShap_64_1_0.1_NegativeBinomialAutoencoder_zeros_False	GradientShap	64	1	0.1	NegativeBinomialAutoencoder	zeros	False
0.0	0	154	740	on_target	net_84_10865	0	0.001	net_84_10865_net_88_10937_net_90_11013_net_60_10703_net_141_11706_net_81_10586	GradientShap_64_1_0.1_NegativeBinomialAutoencoder_zeros_False	GradientShap	64	1	0.1	NegativeBinomialAutoencoder	zeros	False
0.0064935064935064	1	154	7398	on_target	net_84_10865	0	0.01	net_84_10865_net_88_10937_net_90_11013_net_60_10703_net_141_11706_net_81_10586	GradientShap_64_1_0.1_NegativeBinomialAutoencoder_zeros_False	GradientShap	64	1	0.1	NegativeBinomialAutoencoder	zeros	False
0.0974025974025974	15	154	36992	on_target	net_84_10865	0	0.05	net_84_10865_net_88_10937_net_90_11013_net_60_10703_net_141_11706_net_81_10586	GradientShap_64_1_0.1_NegativeBinomialAutoencoder_zeros_False	GradientShap	64	1	0.1	NegativeBinomialAutoencoder	zeros	False
0.2272727272727272	35	154	73984	on_target	net_84_10865	0	0.1	net_84_10865_net_88_10937_net_90_11013_net_60_10703_net_141_11706_net_81_10586	GradientShap_64_1_0.1_NegativeBinomialAutoencoder_zeros_False	GradientShap	64	1	0.1	NegativeBinomialAutoencoder	zeros	False
0.3636363636363636	56	154	147968	on_target	net_84_10865	0	0.2	net_84_10865_net_88_10937_net_90_11013_net_60_10703_net_141_11706_net_81_10586	GradientShap_64_1_0.1_NegativeBinomialAutoencoder_zeros_False	GradientShap	64	1	0.1	NegativeBinomialAutoencoder	zeros	False
0.422077922077922	65	154	184960	on_target	net_84_10865	0	0.25	net_84_10865_net_88_10937_net_90_11013_net_60_10703_net_141_11706_net_81_10586	GradientShap_64_1_0.1_NegativeBinomialAutoencoder_zeros_False	GradientShap	64	1	0.1	NegativeBinomialAutoencoder	zeros	False
1.0	154	154	295936	on_target	net_84_10865	0	0.5	net_84_10865_net_88_10937_net_90_11013_net_60_10703_net_141_11706_net_81_10586	GradientShap_64_1_0.1_NegativeBinomialAutoencoder_zeros_False	GradientShap	64	1	0.1	NegativeBinomialAutoencoder	zeros	False
1.0	154	154	295936	on_target	net_84_10865	0	0.75	net_84_10865_net_88_10937_net_90_11013_net_60_10703_net_141_11706_net_81_10586	GradientShap_64_1_0.1_NegativeBinomialAutoencoder_zeros_False	GradientShap	64	1	0.1	NegativeBinomialAutoencoder	zeros	False
1.0	154	154	295936	on_target	net_84_10865	0	1.0	net_84_10865_net_88_10937_net_90_11013_net_60_10703_net_141_11706_net_81_10586	GradientShap_64_1_0.1_NegativeBinomialAutoencoder_zeros_False	GradientShap	64	1	0.1	NegativeBinomialAutoencoder	zeros	False
0.0	0	154	740	off_target	net_84_10865	1	0.001	net_84_10865_net_88_10937_net_90_11013_net_60_10703_net_141_11706_net_81_10586	GradientShap_64_1_0.1_NegativeBinomialAutoencoder_zeros_False	GradientShap	64	1	0.1	NegativeBinomialAutoencoder	zeros	False
0.0064935064935064	1	154	7398	off_target	net_84_10865	1	0.01	net_84_10865_net_88_10937_net_90_11013_net_60_10703_net_141_11706_net_81_10586	GradientShap_64_1_0.1_NegativeBinomialAutoencoder_zeros_False	GradientShap	64	1	0.1	NegativeBinomialAutoencoder	zeros	False
0.0064935064935064	1	154	36992	off_target	net_84_10865	1	0.05	net_84_10865_net_88_10937_net_90_11013_net_60_10703_net_141_11706_net_81_10586	GradientShap_64_1_0.1_NegativeBinomialAutoencoder_zeros_False	GradientShap	64	1	0.1	NegativeBinomialAutoencoder	zeros	False
0.0844155844155844	13	154	73984	off_target	net_84_10865	1	0.1	net_84_10865_net_88_10937_net_90_11013_net_60_10703_net_141_11706_net_81_10586	GradientShap_64_1_0.1_NegativeBinomialAutoencoder_zeros_False	GradientShap	64	1	0.1	NegativeBinomialAutoencoder	zeros	False
0.4155844155844156	64	154	147968	off_target	net_84_10865	1	0.2	net_84_10865_net_88_10937_net_90_11013_net_60_10703_net_141_11706_net_81_10586	GradientShap_64_1_0.1_NegativeBinomialAutoencoder_zeros_False	GradientShap	64	1	0.1	NegativeBinomialAutoencoder	zeros	False
0.5584415584415584	86	154	184960	off_target	net_84_10865	1	0.25	net_84_10865_net_88_10937_net_90_11013_net_60_10703_net_141_11706_net_81_10586	GradientShap_64_1_0.1_NegativeBinomialAutoencoder_zeros_False	GradientShap	64	1	0.1	NegativeBinomialAutoencoder	zeros	False
1.0	154	154	295936	off_target	net_84_10865	1	0.5	net_84_10865_net_88_10937_net_90_11013_net_60_10703_net_141_11706_net_81_10586	GradientShap_64_1_0.1_NegativeBinomialAutoencoder_zeros_False	GradientShap	64	1	0.1	NegativeBinomialAutoencoder	zeros	False
1.0	154	154	295936	off_target	net_84_10865	1	0.75	net_84_10865_net_88_10937_net_90_11013_net_60_10703_net_141_11706_net_81_10586	GradientShap_64_1_0.1_NegativeBinomialAutoencoder_zeros_False	GradientShap	64	1	0.1	NegativeBinomialAutoencoder	zeros	False
1.0	154	154	295936	off_target	net_84_10865	1	1.0	net_84_10865_net_88_10937_net_90_11013_net_60_10703_net_141_11706_net_81_10586	GradientShap_64_1_0.1_NegativeBinomialAutoencoder_zeros_False	GradientShap	64	1	0.1	NegativeBinomialAutoencoder	zeros	False
0.0	0	154	740	off_target	net_84_10865	2	0.001	net_84_10865_net_88_10937_net_90_11013_net_60_10703_net_141_11706_net_81_10586	GradientShap_64_1_0.1_NegativeBinomialAutoencoder_zeros_False	GradientShap	64	1	0.1	NegativeBinomialAutoencoder	zeros	False
0.0	0	154	7398	off_target	net_84_10865	2	0.01	net_84_10865_net_88_10937_net_90_11013_net_60_10703_net_141_11706_net_81_10586	GradientShap_64_1_0.1_NegativeBinomialAutoencoder_zeros_False	GradientShap	64	1	0.1	NegativeBinomialAutoencoder	zeros	False
0.0324675324675324	5	154	36992	off_target	net_84_10865	2	0.05	net_84_10865_net_88_10937_net_90_11013_net_60_10703_net_141_11706_net_81_10586	GradientShap_64_1_0.1_NegativeBinomialAutoencoder_zeros_False	GradientShap	64	1	0.1	NegativeBinomialAutoencoder	zeros	False
0.1038961038961039	16	154	73984	off_target	net_84_10865	2	0.1	net_84_10865_net_88_10937_net_90_11013_net_60_10703_net_141_11706_net_81_10586	GradientShap_64_1_0.1_NegativeBinomialAutoencoder_zeros_False	GradientShap	64	1	0.1	NegativeBinomialAutoencoder	zeros	False
0.3181818181818182	49	154	147968	off_target	net_84_10865	2	0.2	net_84_10865_net_88_10937_net_90_11013_net_60_10703_net_141_11706_net_81_10586	GradientShap_64_1_0.1_NegativeBinomialAutoencoder_zeros_False	GradientShap	64	1	0.1	NegativeBinomialAutoencoder	zeros	False
0.5194805194805194	80	154	184960	off_target	net_84_10865	2	0.25	net_84_10865_net_88_10937_net_90_11013_net_60_10703_net_141_11706_net_81_10586	GradientShap_64_1_0.1_NegativeBinomialAutoencoder_zeros_False	GradientShap	64	1	0.1	NegativeBinomialAutoencoder	zeros	False
1.0	154	154	295936	off_target	net_84_10865	2	0.5	net_84_10865_net_88_10937_net_90_11013_net_60_10703_net_141_11706_net_81_10586	GradientShap_64_1_0.1_NegativeBinomialAutoencoder_zeros_False	GradientShap	64	1	0.1	NegativeBinomialAutoencoder	zeros	False
1.0	154	154	295936	off_target	net_84_10865	2	0.75	net_84_10865_net_88_10937_net_90_11013_net_60_10703_net_141_11706_net_81_10586	GradientShap_64_1_0.1_NegativeBinomialAutoencoder_zeros_False	GradientShap	64	1	0.1	NegativeBinomialAutoencoder	zeros	False
1.0	154	154	295936	off_target	net_84_10865	2	1.0	net_84_10865_net_88_10937_net_90_11013_net_60_10703_net_141_11706_net_81_10586	GradientShap_64_1_0.1_NegativeBinomialAutoencoder_zeros_False	GradientShap	64	1	0.1	NegativeBinomialAutoencoder	zeros	False
0.0	0	154	740	off_target	net_84_10865	3	0.001	net_84_10865_net_88_10937_net_90_11013_net_60_10703_net_141_11706_net_81_10586	GradientShap_64_1_0.1_NegativeBinomialAutoencoder_zeros_False	GradientShap	64	1	0.1	NegativeBinomialAutoencoder	zeros	False
0.0064935064935064	1	154	7398	off_target	net_84_10865	3	0.01	net_84_10865_net_88_10937_net_90_11013_net_60_10703_net_141_11706_net_81_10586	GradientShap_64_1_0.1_NegativeBinomialAutoencoder_zeros_False	GradientShap	64	1	0.1	NegativeBinomialAutoencoder	zeros	False
0.0779220779220779	12	154	36992	off_target	net_84_10865	3	0.05	net_84_10865_net_88_10937_net_90_11013_net_60_10703_net_141_11706_net_81_10586	GradientShap_64_1_0.1_NegativeBinomialAutoencoder_zeros_False	GradientShap	64	1	0.1	NegativeBinomialAutoencoder	zeros	False
0.2402597402597402	37	154	73984	off_target	net_84_10865	3	0.1	net_84_10865_net_88_10937_net_90_11013_net_60_10703_net_141_11706_net_81_10586	GradientShap_64_1_0.1_NegativeBinomialAutoencoder_zeros_False	GradientShap	64	1	0.1	NegativeBinomialAutoencoder	zeros	False
0.3701298701298701	57	154	147968	off_target	net_84_10865	3	0.2	net_84_10865_net_88_10937_net_90_11013_net_60_10703_net_141_11706_net_81_10586	GradientShap_64_1_0.1_NegativeBinomialAutoencoder_zeros_False	GradientShap	64	1	0.1	NegativeBinomialAutoencoder	zeros	False
0.5454545454545454	84	154	184960	off_target	net_84_10865	3	0.25	net_84_10865_net_88_10937_net_90_11013_net_60_10703_net_141_11706_net_81_10586	GradientShap_64_1_0.1_NegativeBinomialAutoencoder_zeros_False	GradientShap	64	1	0.1	NegativeBinomialAutoencoder	zeros	False
1.0	154	154	295936	off_target	net_84_10865	3	0.5	net_84_10865_net_88_10937_net_90_11013_net_60_10703_net_141_11706_net_81_10586	GradientShap_64_1_0.1_NegativeBinomialAutoencoder_zeros_False	GradientShap	64	1	0.1	NegativeBinomialAutoencoder	zeros	False
1.0	154	154	295936	off_target	net_84_10865	3	0.75	net_84_10865_net_88_10937_net_90_11013_net_60_10703_net_141_11706_net_81_10586	GradientShap_64_1_0.1_NegativeBinomialAutoencoder_zeros_False	GradientShap	64	1	0.1	NegativeBinomialAutoencoder	zeros	False
1.0	154	154	295936	off_target	net_84_10865	3	1.0	net_84_10865_net_88_10937_net_90_11013_net_60_10703_net_141_11706_net_81_10586	GradientShap_64_1_0.1_NegativeBinomialAutoencoder_zeros_False	GradientShap	64	1	0.1	NegativeBinomialAutoencoder	zeros	False
0.0	0	154	740	off_target	net_84_10865	4	0.001	net_84_10865_net_88_10937_net_90_11013_net_60_10703_net_141_11706_net_81_10586	GradientShap_64_1_0.1_NegativeBinomialAutoencoder_zeros_False	GradientShap	64	1	0.1	NegativeBinomialAutoencoder	zeros	False
0.0	0	154	7398	off_target	net_84_10865	4	0.01	net_84_10865_net_88_10937_net_90_11013_net_60_10703_net_141_11706_net_81_10586	GradientShap_64_1_0.1_NegativeBinomialAutoencoder_zeros_False	GradientShap	64	1	0.1	NegativeBinomialAutoencoder	zeros	False
0.1233766233766233	19	154	36992	off_target	net_84_10865	4	0.05	net_84_10865_net_88_10937_net_90_11013_net_60_10703_net_141_11706_net_81_10586	GradientShap_64_1_0.1_NegativeBinomialAutoencoder_zeros_False	GradientShap	64	1	0.1	NegativeBinomialAutoencoder	zeros	False
0.2467532467532467	38	154	73984	off_target	net_84_10865	4	0.1	net_84_10865_net_88_10937_net_90_11013_net_60_10703_net_141_11706_net_81_10586	GradientShap_64_1_0.1_NegativeBinomialAutoencoder_zeros_False	GradientShap	64	1	0.1	NegativeBinomialAutoencoder	zeros	False
0.448051948051948	69	154	147968	off_target	net_84_10865	4	0.2	net_84_10865_net_88_10937_net_90_11013_net_60_10703_net_141_11706_net_81_10586	GradientShap_64_1_0.1_NegativeBinomialAutoencoder_zeros_False	GradientShap	64	1	0.1	NegativeBinomialAutoencoder	zeros	False
0.512987012987013	79	154	184960	off_target	net_84_10865	4	0.25	net_84_10865_net_88_10937_net_90_11013_net_60_10703_net_141_11706_net_81_10586	GradientShap_64_1_0.1_NegativeBinomialAutoencoder_zeros_False	GradientShap	64	1	0.1	NegativeBinomialAutoencoder	zeros	False
1.0	154	154	295936	off_target	net_84_10865	4	0.5	net_84_10865_net_88_10937_net_90_11013_net_60_10703_net_141_11706_net_81_10586	GradientShap_64_1_0.1_NegativeBinomialAutoencoder_zeros_False	GradientShap	64	1	0.1	NegativeBinomialAutoencoder	zeros	False
1.0	154	154	295936	off_target	net_84_10865	4	0.75	net_84_10865_net_88_10937_net_90_11013_net_60_10703_net_141_11706_net_81_10586	GradientShap_64_1_0.1_NegativeBinomialAutoencoder_zeros_False	GradientShap	64	1	0.1	NegativeBinomialAutoencoder	zeros	False
1.0	154	154	295936	off_target	net_84_10865	4	1.0	net_84_10865_net_88_10937_net_90_11013_net_60_10703_net_141_11706_net_81_10586	GradientShap_64_1_0.1_NegativeBinomialAutoencoder_zeros_False	GradientShap	64	1	0.1	NegativeBinomialAutoencoder	zeros	False
0.0	0	184	740	off_target	net_88_10937	0	0.001	net_84_10865_net_88_10937_net_90_11013_net_60_10703_net_141_11706_net_81_10586	GradientShap_64_1_0.1_NegativeBinomialAutoencoder_zeros_False	GradientShap	64	1	0.1	NegativeBinomialAutoencoder	zeros	False
0.0163043478260869	3	184	7398	off_target	net_88_10937	0	0.01	net_84_10865_net_88_10937_net_90_11013_net_60_10703_net_141_11706_net_81_10586	GradientShap_64_1_0.1_NegativeBinomialAutoencoder_zeros_False	GradientShap	64	1	0.1	NegativeBinomialAutoencoder	zeros	False
0.0978260869565217	18	184	36992	off_target	net_88_10937	0	0.05	net_84_10865_net_88_10937_net_90_11013_net_60_10703_net_141_11706_net_81_10586	GradientShap_64_1_0.1_NegativeBinomialAutoencoder_zeros_False	GradientShap	64	1	0.1	NegativeBinomialAutoencoder	zeros	False
0.2717391304347826	50	184	73984	off_target	net_88_10937	0	0.1	net_84_10865_net_88_10937_net_90_11013_net_60_10703_net_141_11706_net_81_10586	GradientShap_64_1_0.1_NegativeBinomialAutoencoder_zeros_False	GradientShap	64	1	0.1	NegativeBinomialAutoencoder	zeros	False
0.5543478260869565	102	184	147968	off_target	net_88_10937	0	0.2	net_84_10865_net_88_10937_net_90_11013_net_60_10703_net_141_11706_net_81_10586	GradientShap_64_1_0.1_NegativeBinomialAutoencoder_zeros_False	GradientShap	64	1	0.1	NegativeBinomialAutoencoder	zeros	False
0.6902173913043478	127	184	184960	off_target	net_88_10937	0	0.25	net_84_10865_net_88_10937_net_90_11013_net_60_10703_net_141_11706_net_81_10586	GradientShap_64_1_0.1_NegativeBinomialAutoencoder_zeros_False	GradientShap	64	1	0.1	NegativeBinomialAutoencoder	zeros	False
1.0	184	184	295936	off_target	net_88_10937	0	0.5	net_84_10865_net_88_10937_net_90_11013_net_60_10703_net_141_11706_net_81_10586	GradientShap_64_1_0.1_NegativeBinomialAutoencoder_zeros_False	GradientShap	64	1	0.1	NegativeBinomialAutoencoder	zeros	False
1.0	184	184	295936	off_target	net_88_10937	0	0.75	net_84_10865_net_88_10937_net_90_11013_net_60_10703_net_141_11706_net_81_10586	GradientShap_64_1_0.1_NegativeBinomialAutoencoder_zeros_False	GradientShap	64	1	0.1	NegativeBinomialAutoencoder	zeros	False
1.0	184	184	295936	off_target	net_88_10937	0	1.0	net_84_10865_net_88_10937_net_90_11013_net_60_10703_net_141_11706_net_81_10586	GradientShap_64_1_0.1_NegativeBinomialAutoencoder_zeros_False	GradientShap	64	1	0.1	NegativeBinomialAutoencoder	zeros	False
0.0434782608695652	8	184	740	on_target	net_88_10937	1	0.001	net_84_10865_net_88_10937_net_90_11013_net_60_10703_net_141_11706_net_81_10586	GradientShap_64_1_0.1_NegativeBinomialAutoencoder_zeros_False	GradientShap	64	1	0.1	NegativeBinomialAutoencoder	zeros	False
0.1467391304347826	27	184	7398	on_target	net_88_10937	1	0.01	net_84_10865_net_88_10937_net_90_11013_net_60_10703_net_141_11706_net_81_10586	GradientShap_64_1_0.1_NegativeBinomialAutoencoder_zeros_False	GradientShap	64	1	0.1	NegativeBinomialAutoencoder	zeros	False
0.3043478260869565	56	184	36992	on_target	net_88_10937	1	0.05	net_84_10865_net_88_10937_net_90_11013_net_60_10703_net_141_11706_net_81_10586	GradientShap_64_1_0.1_NegativeBinomialAutoencoder_zeros_False	GradientShap	64	1	0.1	NegativeBinomialAutoencoder	zeros	False
0.3804347826086957	70	184	73984	on_target	net_88_10937	1	0.1	net_84_10865_net_88_10937_net_90_11013_net_60_10703_net_141_11706_net_81_10586	GradientShap_64_1_0.1_NegativeBinomialAutoencoder_zeros_False	GradientShap	64	1	0.1	NegativeBinomialAutoencoder	zeros	False
0.532608695652174	98	184	147968	on_target	net_88_10937	1	0.2	net_84_10865_net_88_10937_net_90_11013_net_60_10703_net_141_11706_net_81_10586	GradientShap_64_1_0.1_NegativeBinomialAutoencoder_zeros_False	GradientShap	64	1	0.1	NegativeBinomialAutoencoder	zeros	False
0.6195652173913043	114	184	184960	on_target	net_88_10937	1	0.25	net_84_10865_net_88_10937_net_90_11013_net_60_10703_net_141_11706_net_81_10586	GradientShap_64_1_0.1_NegativeBinomialAutoencoder_zeros_False	GradientShap	64	1	0.1	NegativeBinomialAutoencoder	zeros	False
1.0	184	184	295936	on_target	net_88_10937	1	0.5	net_84_10865_net_88_10937_net_90_11013_net_60_10703_net_141_11706_net_81_10586	GradientShap_64_1_0.1_NegativeBinomialAutoencoder_zeros_False	GradientShap	64	1	0.1	NegativeBinomialAutoencoder	zeros	False
1.0	184	184	295936	on_target	net_88_10937	1	0.75	net_84_10865_net_88_10937_net_90_11013_net_60_10703_net_141_11706_net_81_10586	GradientShap_64_1_0.1_NegativeBinomialAutoencoder_zeros_False	GradientShap	64	1	0.1	NegativeBinomialAutoencoder	zeros	False
1.0	184	184	295936	on_target	net_88_10937	1	1.0	net_84_10865_net_88_10937_net_90_11013_net_60_10703_net_141_11706_net_81_10586	GradientShap_64_1_0.1_NegativeBinomialAutoencoder_zeros_False	GradientShap	64	1	0.1	NegativeBinomialAutoencoder	zeros	False
0.0	0	184	740	off_target	net_88_10937	2	0.001	net_84_10865_net_88_10937_net_90_11013_net_60_10703_net_141_11706_net_81_10586	GradientShap_64_1_0.1_NegativeBinomialAutoencoder_zeros_False	GradientShap	64	1	0.1	NegativeBinomialAutoencoder	zeros	False
0.0108695652173913	2	184	7398	off_target	net_88_10937	2	0.01	net_84_10865_net_88_10937_net_90_11013_net_60_10703_net_141_11706_net_81_10586	GradientShap_64_1_0.1_NegativeBinomialAutoencoder_zeros_False	GradientShap	64	1	0.1	NegativeBinomialAutoencoder	zeros	False
0.1630434782608695	30	184	36992	off_target	net_88_10937	2	0.05	net_84_10865_net_88_10937_net_90_11013_net_60_10703_net_141_11706_net_81_10586	GradientShap_64_1_0.1_NegativeBinomialAutoencoder_zeros_False	GradientShap	64	1	0.1	NegativeBinomialAutoencoder	zeros	False
0.3206521739130434	59	184	73984	off_target	net_88_10937	2	0.1	net_84_10865_net_88_10937_net_90_11013_net_60_10703_net_141_11706_net_81_10586	GradientShap_64_1_0.1_NegativeBinomialAutoencoder_zeros_False	GradientShap	64	1	0.1	NegativeBinomialAutoencoder	zeros	False
0.6358695652173914	117	184	147968	off_target	net_88_10937	2	0.2	net_84_10865_net_88_10937_net_90_11013_net_60_10703_net_141_11706_net_81_10586	GradientShap_64_1_0.1_NegativeBinomialAutoencoder_zeros_False	GradientShap	64	1	0.1	NegativeBinomialAutoencoder	zeros	False
0.7391304347826086	136	184	184960	off_target	net_88_10937	2	0.25	net_84_10865_net_88_10937_net_90_11013_net_60_10703_net_141_11706_net_81_10586	GradientShap_64_1_0.1_NegativeBinomialAutoencoder_zeros_False	GradientShap	64	1	0.1	NegativeBinomialAutoencoder	zeros	False
1.0	184	184	295936	off_target	net_88_10937	2	0.5	net_84_10865_net_88_10937_net_90_11013_net_60_10703_net_141_11706_net_81_10586	GradientShap_64_1_0.1_NegativeBinomialAutoencoder_zeros_False	GradientShap	64	1	0.1	NegativeBinomialAutoencoder	zeros	False
1.0	184	184	295936	off_target	net_88_10937	2	0.75	net_84_10865_net_88_10937_net_90_11013_net_60_10703_net_141_11706_net_81_10586	GradientShap_64_1_0.1_NegativeBinomialAutoencoder_zeros_False	GradientShap	64	1	0.1	NegativeBinomialAutoencoder	zeros	False
1.0	184	184	295936	off_target	net_88_10937	2	1.0	net_84_10865_net_88_10937_net_90_11013_net_60_10703_net_141_11706_net_81_10586	GradientShap_64_1_0.1_NegativeBinomialAutoencoder_zeros_False	GradientShap	64	1	0.1	NegativeBinomialAutoencoder	zeros	False
0.0	0	184	740	off_target	net_88_10937	3	0.001	net_84_10865_net_88_10937_net_90_11013_net_60_10703_net_141_11706_net_81_10586	GradientShap_64_1_0.1_NegativeBinomialAutoencoder_zeros_False	GradientShap	64	1	0.1	NegativeBinomialAutoencoder	zeros	False
0.0489130434782608	9	184	7398	off_target	net_88_10937	3	0.01	net_84_10865_net_88_10937_net_90_11013_net_60_10703_net_141_11706_net_81_10586	GradientShap_64_1_0.1_NegativeBinomialAutoencoder_zeros_False	GradientShap	64	1	0.1	NegativeBinomialAutoencoder	zeros	False
0.1141304347826086	21	184	36992	off_target	net_88_10937	3	0.05	net_84_10865_net_88_10937_net_90_11013_net_60_10703_net_141_11706_net_81_10586	GradientShap_64_1_0.1_NegativeBinomialAutoencoder_zeros_False	GradientShap	64	1	0.1	NegativeBinomialAutoencoder	zeros	False
0.2010869565217391	37	184	73984	off_target	net_88_10937	3	0.1	net_84_10865_net_88_10937_net_90_11013_net_60_10703_net_141_11706_net_81_10586	GradientShap_64_1_0.1_NegativeBinomialAutoencoder_zeros_False	GradientShap	64	1	0.1	NegativeBinomialAutoencoder	zeros	False
0.4673913043478261	86	184	147968	off_target	net_88_10937	3	0.2	net_84_10865_net_88_10937_net_90_11013_net_60_10703_net_141_11706_net_81_10586	GradientShap_64_1_0.1_NegativeBinomialAutoencoder_zeros_False	GradientShap	64	1	0.1	NegativeBinomialAutoencoder	zeros	False
0.5760869565217391	106	184	184960	off_target	net_88_10937	3	0.25	net_84_10865_net_88_10937_net_90_11013_net_60_10703_net_141_11706_net_81_10586	GradientShap_64_1_0.1_NegativeBinomialAutoencoder_zeros_False	GradientShap	64	1	0.1	NegativeBinomialAutoencoder	zeros	False
1.0	184	184	295936	off_target	net_88_10937	3	0.5	net_84_10865_net_88_10937_net_90_11013_net_60_10703_net_141_11706_net_81_10586	GradientShap_64_1_0.1_NegativeBinomialAutoencoder_zeros_False	GradientShap	64	1	0.1	NegativeBinomialAutoencoder	zeros	False
1.0	184	184	295936	off_target	net_88_10937	3	0.75	net_84_10865_net_88_10937_net_90_11013_net_60_10703_net_141_11706_net_81_10586	GradientShap_64_1_0.1_NegativeBinomialAutoencoder_zeros_False	GradientShap	64	1	0.1	NegativeBinomialAutoencoder	zeros	False
1.0	184	184	295936	off_target	net_88_10937	3	1.0	net_84_10865_net_88_10937_net_90_11013_net_60_10703_net_141_11706_net_81_10586	GradientShap_64_1_0.1_NegativeBinomialAutoencoder_zeros_False	GradientShap	64	1	0.1	NegativeBinomialAutoencoder	zeros	False
0.0	0	184	740	off_target	net_88_10937	4	0.001	net_84_10865_net_88_10937_net_90_11013_net_60_10703_net_141_11706_net_81_10586	GradientShap_64_1_0.1_NegativeBinomialAutoencoder_zeros_False	GradientShap	64	1	0.1	NegativeBinomialAutoencoder	zeros	False
0.0	0	184	7398	off_target	net_88_10937	4	0.01	net_84_10865_net_88_10937_net_90_11013_net_60_10703_net_141_11706_net_81_10586	GradientShap_64_1_0.1_NegativeBinomialAutoencoder_zeros_False	GradientShap	64	1	0.1	NegativeBinomialAutoencoder	zeros	False
0.0489130434782608	9	184	36992	off_target	net_88_10937	4	0.05	net_84_10865_net_88_10937_net_90_11013_net_60_10703_net_141_11706_net_81_10586	GradientShap_64_1_0.1_NegativeBinomialAutoencoder_zeros_False	GradientShap	64	1	0.1	NegativeBinomialAutoencoder	zeros	False
0.2010869565217391	37	184	73984	off_target	net_88_10937	4	0.1	net_84_10865_net_88_10937_net_90_11013_net_60_10703_net_141_11706_net_81_10586	GradientShap_64_1_0.1_NegativeBinomialAutoencoder_zeros_False	GradientShap	64	1	0.1	NegativeBinomialAutoencoder	zeros	False
0.532608695652174	98	184	147968	off_target	net_88_10937	4	0.2	net_84_10865_net_88_10937_net_90_11013_net_60_10703_net_141_11706_net_81_10586	GradientShap_64_1_0.1_NegativeBinomialAutoencoder_zeros_False	GradientShap	64	1	0.1	NegativeBinomialAutoencoder	zeros	False
0.6413043478260869	118	184	184960	off_target	net_88_10937	4	0.25	net_84_10865_net_88_10937_net_90_11013_net_60_10703_net_141_11706_net_81_10586	GradientShap_64_1_0.1_NegativeBinomialAutoencoder_zeros_False	GradientShap	64	1	0.1	NegativeBinomialAutoencoder	zeros	False
1.0	184	184	295936	off_target	net_88_10937	4	0.5	net_84_10865_net_88_10937_net_90_11013_net_60_10703_net_141_11706_net_81_10586	GradientShap_64_1_0.1_NegativeBinomialAutoencoder_zeros_False	GradientShap	64	1	0.1	NegativeBinomialAutoencoder	zeros	False
1.0	184	184	295936	off_target	net_88_10937	4	0.75	net_84_10865_net_88_10937_net_90_11013_net_60_10703_net_141_11706_net_81_10586	GradientShap_64_1_0.1_NegativeBinomialAutoencoder_zeros_False	GradientShap	64	1	0.1	NegativeBinomialAutoencoder	zeros	False
1.0	184	184	295936	off_target	net_88_10937	4	1.0	net_84_10865_net_88_10937_net_90_11013_net_60_10703_net_141_11706_net_81_10586	GradientShap_64_1_0.1_NegativeBinomialAutoencoder_zeros_False	GradientShap	64	1	0.1	NegativeBinomialAutoencoder	zeros	False
0.0	0	216	740	off_target	net_90_11013	0	0.001	net_84_10865_net_88_10937_net_90_11013_net_60_10703_net_141_11706_net_81_10586	GradientShap_64_1_0.1_NegativeBinomialAutoencoder_zeros_False	GradientShap	64	1	0.1	NegativeBinomialAutoencoder	zeros	False
0.0138888888888888	3	216	7398	off_target	net_90_11013	0	0.01	net_84_10865_net_88_10937_net_90_11013_net_60_10703_net_141_11706_net_81_10586	GradientShap_64_1_0.1_NegativeBinomialAutoencoder_zeros_False	GradientShap	64	1	0.1	NegativeBinomialAutoencoder	zeros	False
0.162037037037037	35	216	36992	off_target	net_90_11013	0	0.05	net_84_10865_net_88_10937_net_90_11013_net_60_10703_net_141_11706_net_81_10586	GradientShap_64_1_0.1_NegativeBinomialAutoencoder_zeros_False	GradientShap	64	1	0.1	NegativeBinomialAutoencoder	zeros	False
0.375	81	216	73984	off_target	net_90_11013	0	0.1	net_84_10865_net_88_10937_net_90_11013_net_60_10703_net_141_11706_net_81_10586	GradientShap_64_1_0.1_NegativeBinomialAutoencoder_zeros_False	GradientShap	64	1	0.1	NegativeBinomialAutoencoder	zeros	False
0.5601851851851852	121	216	147968	off_target	net_90_11013	0	0.2	net_84_10865_net_88_10937_net_90_11013_net_60_10703_net_141_11706_net_81_10586	GradientShap_64_1_0.1_NegativeBinomialAutoencoder_zeros_False	GradientShap	64	1	0.1	NegativeBinomialAutoencoder	zeros	False
0.6944444444444444	150	216	184960	off_target	net_90_11013	0	0.25	net_84_10865_net_88_10937_net_90_11013_net_60_10703_net_141_11706_net_81_10586	GradientShap_64_1_0.1_NegativeBinomialAutoencoder_zeros_False	GradientShap	64	1	0.1	NegativeBinomialAutoencoder	zeros	False
1.0	216	216	295936	off_target	net_90_11013	0	0.5	net_84_10865_net_88_10937_net_90_11013_net_60_10703_net_141_11706_net_81_10586	GradientShap_64_1_0.1_NegativeBinomialAutoencoder_zeros_False	GradientShap	64	1	0.1	NegativeBinomialAutoencoder	zeros	False
1.0	216	216	295936	off_target	net_90_11013	0	0.75	net_84_10865_net_88_10937_net_90_11013_net_60_10703_net_141_11706_net_81_10586	GradientShap_64_1_0.1_NegativeBinomialAutoencoder_zeros_False	GradientShap	64	1	0.1	NegativeBinomialAutoencoder	zeros	False
1.0	216	216	295936	off_target	net_90_11013	0	1.0	net_84_10865_net_88_10937_net_90_11013_net_60_10703_net_141_11706_net_81_10586	GradientShap_64_1_0.1_NegativeBinomialAutoencoder_zeros_False	GradientShap	64	1	0.1	NegativeBinomialAutoencoder	zeros	False
0.0	0	216	740	off_target	net_90_11013	1	0.001	net_84_10865_net_88_10937_net_90_11013_net_60_10703_net_141_11706_net_81_10586	GradientShap_64_1_0.1_NegativeBinomialAutoencoder_zeros_False	GradientShap	64	1	0.1	NegativeBinomialAutoencoder	zeros	False
0.0138888888888888	3	216	7398	off_target	net_90_11013	1	0.01	net_84_10865_net_88_10937_net_90_11013_net_60_10703_net_141_11706_net_81_10586	GradientShap_64_1_0.1_NegativeBinomialAutoencoder_zeros_False	GradientShap	64	1	0.1	NegativeBinomialAutoencoder	zeros	False
0.1481481481481481	32	216	36992	off_target	net_90_11013	1	0.05	net_84_10865_net_88_10937_net_90_11013_net_60_10703_net_141_11706_net_81_10586	GradientShap_64_1_0.1_NegativeBinomialAutoencoder_zeros_False	GradientShap	64	1	0.1	NegativeBinomialAutoencoder	zeros	False
0.2824074074074074	61	216	73984	off_target	net_90_11013	1	0.1	net_84_10865_net_88_10937_net_90_11013_net_60_10703_net_141_11706_net_81_10586	GradientShap_64_1_0.1_NegativeBinomialAutoencoder_zeros_False	GradientShap	64	1	0.1	NegativeBinomialAutoencoder	zeros	False
0.5740740740740741	124	216	147968	off_target	net_90_11013	1	0.2	net_84_10865_net_88_10937_net_90_11013_net_60_10703_net_141_11706_net_81_10586	GradientShap_64_1_0.1_NegativeBinomialAutoencoder_zeros_False	GradientShap	64	1	0.1	NegativeBinomialAutoencoder	zeros	False
0.7407407407407407	160	216	184960	off_target	net_90_11013	1	0.25	net_84_10865_net_88_10937_net_90_11013_net_60_10703_net_141_11706_net_81_10586	GradientShap_64_1_0.1_NegativeBinomialAutoencoder_zeros_False	GradientShap	64	1	0.1	NegativeBinomialAutoencoder	zeros	False
1.0	216	216	295936	off_target	net_90_11013	1	0.5	net_84_10865_net_88_10937_net_90_11013_net_60_10703_net_141_11706_net_81_10586	GradientShap_64_1_0.1_NegativeBinomialAutoencoder_zeros_False	GradientShap	64	1	0.1	NegativeBinomialAutoencoder	zeros	False
1.0	216	216	295936	off_target	net_90_11013	1	0.75	net_84_10865_net_88_10937_net_90_11013_net_60_10703_net_141_11706_net_81_10586	GradientShap_64_1_0.1_NegativeBinomialAutoencoder_zeros_False	GradientShap	64	1	0.1	NegativeBinomialAutoencoder	zeros	False
1.0	216	216	295936	off_target	net_90_11013	1	1.0	net_84_10865_net_88_10937_net_90_11013_net_60_10703_net_141_11706_net_81_10586	GradientShap_64_1_0.1_NegativeBinomialAutoencoder_zeros_False	GradientShap	64	1	0.1	NegativeBinomialAutoencoder	zeros	False
0.0416666666666666	9	216	740	on_target	net_90_11013	2	0.001	net_84_10865_net_88_10937_net_90_11013_net_60_10703_net_141_11706_net_81_10586	GradientShap_64_1_0.1_NegativeBinomialAutoencoder_zeros_False	GradientShap	64	1	0.1	NegativeBinomialAutoencoder	zeros	False
0.1759259259259259	38	216	7398	on_target	net_90_11013	2	0.01	net_84_10865_net_88_10937_net_90_11013_net_60_10703_net_141_11706_net_81_10586	GradientShap_64_1_0.1_NegativeBinomialAutoencoder_zeros_False	GradientShap	64	1	0.1	NegativeBinomialAutoencoder	zeros	False
0.3796296296296296	82	216	36992	on_target	net_90_11013	2	0.05	net_84_10865_net_88_10937_net_90_11013_net_60_10703_net_141_11706_net_81_10586	GradientShap_64_1_0.1_NegativeBinomialAutoencoder_zeros_False	GradientShap	64	1	0.1	NegativeBinomialAutoencoder	zeros	False
0.5185185185185185	112	216	73984	on_target	net_90_11013	2	0.1	net_84_10865_net_88_10937_net_90_11013_net_60_10703_net_141_11706_net_81_10586	GradientShap_64_1_0.1_NegativeBinomialAutoencoder_zeros_False	GradientShap	64	1	0.1	NegativeBinomialAutoencoder	zeros	False
0.7083333333333334	153	216	147968	on_target	net_90_11013	2	0.2	net_84_10865_net_88_10937_net_90_11013_net_60_10703_net_141_11706_net_81_10586	GradientShap_64_1_0.1_NegativeBinomialAutoencoder_zeros_False	GradientShap	64	1	0.1	NegativeBinomialAutoencoder	zeros	False
0.75	162	216	184960	on_target	net_90_11013	2	0.25	net_84_10865_net_88_10937_net_90_11013_net_60_10703_net_141_11706_net_81_10586	GradientShap_64_1_0.1_NegativeBinomialAutoencoder_zeros_False	GradientShap	64	1	0.1	NegativeBinomialAutoencoder	zeros	False
1.0	216	216	295936	on_target	net_90_11013	2	0.5	net_84_10865_net_88_10937_net_90_11013_net_60_10703_net_141_11706_net_81_10586	GradientShap_64_1_0.1_NegativeBinomialAutoencoder_zeros_False	GradientShap	64	1	0.1	NegativeBinomialAutoencoder	zeros	False
1.0	216	216	295936	on_target	net_90_11013	2	0.75	net_84_10865_net_88_10937_net_90_11013_net_60_10703_net_141_11706_net_81_10586	GradientShap_64_1_0.1_NegativeBinomialAutoencoder_zeros_False	GradientShap	64	1	0.1	NegativeBinomialAutoencoder	zeros	False
1.0	216	216	295936	on_target	net_90_11013	2	1.0	net_84_10865_net_88_10937_net_90_11013_net_60_10703_net_141_11706_net_81_10586	GradientShap_64_1_0.1_NegativeBinomialAutoencoder_zeros_False	GradientShap	64	1	0.1	NegativeBinomialAutoencoder	zeros	False
0.0	0	216	740	off_target	net_90_11013	3	0.001	net_84_10865_net_88_10937_net_90_11013_net_60_10703_net_141_11706_net_81_10586	GradientShap_64_1_0.1_NegativeBinomialAutoencoder_zeros_False	GradientShap	64	1	0.1	NegativeBinomialAutoencoder	zeros	False
0.0	0	216	7398	off_target	net_90_11013	3	0.01	net_84_10865_net_88_10937_net_90_11013_net_60_10703_net_141_11706_net_81_10586	GradientShap_64_1_0.1_NegativeBinomialAutoencoder_zeros_False	GradientShap	64	1	0.1	NegativeBinomialAutoencoder	zeros	False
0.0555555555555555	12	216	36992	off_target	net_90_11013	3	0.05	net_84_10865_net_88_10937_net_90_11013_net_60_10703_net_141_11706_net_81_10586	GradientShap_64_1_0.1_NegativeBinomialAutoencoder_zeros_False	GradientShap	64	1	0.1	NegativeBinomialAutoencoder	zeros	False
0.1388888888888889	30	216	73984	off_target	net_90_11013	3	0.1	net_84_10865_net_88_10937_net_90_11013_net_60_10703_net_141_11706_net_81_10586	GradientShap_64_1_0.1_NegativeBinomialAutoencoder_zeros_False	GradientShap	64	1	0.1	NegativeBinomialAutoencoder	zeros	False
0.4212962962962963	91	216	147968	off_target	net_90_11013	3	0.2	net_84_10865_net_88_10937_net_90_11013_net_60_10703_net_141_11706_net_81_10586	GradientShap_64_1_0.1_NegativeBinomialAutoencoder_zeros_False	GradientShap	64	1	0.1	NegativeBinomialAutoencoder	zeros	False
0.5833333333333334	126	216	184960	off_target	net_90_11013	3	0.25	net_84_10865_net_88_10937_net_90_11013_net_60_10703_net_141_11706_net_81_10586	GradientShap_64_1_0.1_NegativeBinomialAutoencoder_zeros_False	GradientShap	64	1	0.1	NegativeBinomialAutoencoder	zeros	False
1.0	216	216	295936	off_target	net_90_11013	3	0.5	net_84_10865_net_88_10937_net_90_11013_net_60_10703_net_141_11706_net_81_10586	GradientShap_64_1_0.1_NegativeBinomialAutoencoder_zeros_False	GradientShap	64	1	0.1	NegativeBinomialAutoencoder	zeros	False
1.0	216	216	295936	off_target	net_90_11013	3	0.75	net_84_10865_net_88_10937_net_90_11013_net_60_10703_net_141_11706_net_81_10586	GradientShap_64_1_0.1_NegativeBinomialAutoencoder_zeros_False	GradientShap	64	1	0.1	NegativeBinomialAutoencoder	zeros	False
1.0	216	216	295936	off_target	net_90_11013	3	1.0	net_84_10865_net_88_10937_net_90_11013_net_60_10703_net_141_11706_net_81_10586	GradientShap_64_1_0.1_NegativeBinomialAutoencoder_zeros_False	GradientShap	64	1	0.1	NegativeBinomialAutoencoder	zeros	False
0.0	0	216	740	off_target	net_90_11013	4	0.001	net_84_10865_net_88_10937_net_90_11013_net_60_10703_net_141_11706_net_81_10586	GradientShap_64_1_0.1_NegativeBinomialAutoencoder_zeros_False	GradientShap	64	1	0.1	NegativeBinomialAutoencoder	zeros	False
0.0231481481481481	5	216	7398	off_target	net_90_11013	4	0.01	net_84_10865_net_88_10937_net_90_11013_net_60_10703_net_141_11706_net_81_10586	GradientShap_64_1_0.1_NegativeBinomialAutoencoder_zeros_False	GradientShap	64	1	0.1	NegativeBinomialAutoencoder	zeros	False
0.1666666666666666	36	216	36992	off_target	net_90_11013	4	0.05	net_84_10865_net_88_10937_net_90_11013_net_60_10703_net_141_11706_net_81_10586	GradientShap_64_1_0.1_NegativeBinomialAutoencoder_zeros_False	GradientShap	64	1	0.1	NegativeBinomialAutoencoder	zeros	False
0.3379629629629629	73	216	73984	off_target	net_90_11013	4	0.1	net_84_10865_net_88_10937_net_90_11013_net_60_10703_net_141_11706_net_81_10586	GradientShap_64_1_0.1_NegativeBinomialAutoencoder_zeros_False	GradientShap	64	1	0.1	NegativeBinomialAutoencoder	zeros	False
0.5601851851851852	121	216	147968	off_target	net_90_11013	4	0.2	net_84_10865_net_88_10937_net_90_11013_net_60_10703_net_141_11706_net_81_10586	GradientShap_64_1_0.1_NegativeBinomialAutoencoder_zeros_False	GradientShap	64	1	0.1	NegativeBinomialAutoencoder	zeros	False
0.6944444444444444	150	216	184960	off_target	net_90_11013	4	0.25	net_84_10865_net_88_10937_net_90_11013_net_60_10703_net_141_11706_net_81_10586	GradientShap_64_1_0.1_NegativeBinomialAutoencoder_zeros_False	GradientShap	64	1	0.1	NegativeBinomialAutoencoder	zeros	False
1.0	216	216	295936	off_target	net_90_11013	4	0.5	net_84_10865_net_88_10937_net_90_11013_net_60_10703_net_141_11706_net_81_10586	GradientShap_64_1_0.1_NegativeBinomialAutoencoder_zeros_False	GradientShap	64	1	0.1	NegativeBinomialAutoencoder	zeros	False
1.0	216	216	295936	off_target	net_90_11013	4	0.75	net_84_10865_net_88_10937_net_90_11013_net_60_10703_net_141_11706_net_81_10586	GradientShap_64_1_0.1_NegativeBinomialAutoencoder_zeros_False	GradientShap	64	1	0.1	NegativeBinomialAutoencoder	zeros	False
1.0	216	216	295936	off_target	net_90_11013	4	1.0	net_84_10865_net_88_10937_net_90_11013_net_60_10703_net_141_11706_net_81_10586	GradientShap_64_1_0.1_NegativeBinomialAutoencoder_zeros_False	GradientShap	64	1	0.1	NegativeBinomialAutoencoder	zeros	False
0.0	0	92	740	off_target	net_60_10703	0	0.001	net_84_10865_net_88_10937_net_90_11013_net_60_10703_net_141_11706_net_81_10586	GradientShap_64_1_0.1_NegativeBinomialAutoencoder_zeros_False	GradientShap	64	1	0.1	NegativeBinomialAutoencoder	zeros	False
0.0108695652173913	1	92	7398	off_target	net_60_10703	0	0.01	net_84_10865_net_88_10937_net_90_11013_net_60_10703_net_141_11706_net_81_10586	GradientShap_64_1_0.1_NegativeBinomialAutoencoder_zeros_False	GradientShap	64	1	0.1	NegativeBinomialAutoencoder	zeros	False
0.0652173913043478	6	92	36992	off_target	net_60_10703	0	0.05	net_84_10865_net_88_10937_net_90_11013_net_60_10703_net_141_11706_net_81_10586	GradientShap_64_1_0.1_NegativeBinomialAutoencoder_zeros_False	GradientShap	64	1	0.1	NegativeBinomialAutoencoder	zeros	False
0.1521739130434782	14	92	73984	off_target	net_60_10703	0	0.1	net_84_10865_net_88_10937_net_90_11013_net_60_10703_net_141_11706_net_81_10586	GradientShap_64_1_0.1_NegativeBinomialAutoencoder_zeros_False	GradientShap	64	1	0.1	NegativeBinomialAutoencoder	zeros	False
0.5217391304347826	48	92	147968	off_target	net_60_10703	0	0.2	net_84_10865_net_88_10937_net_90_11013_net_60_10703_net_141_11706_net_81_10586	GradientShap_64_1_0.1_NegativeBinomialAutoencoder_zeros_False	GradientShap	64	1	0.1	NegativeBinomialAutoencoder	zeros	False
0.6956521739130435	64	92	184960	off_target	net_60_10703	0	0.25	net_84_10865_net_88_10937_net_90_11013_net_60_10703_net_141_11706_net_81_10586	GradientShap_64_1_0.1_NegativeBinomialAutoencoder_zeros_False	GradientShap	64	1	0.1	NegativeBinomialAutoencoder	zeros	False
1.0	92	92	295936	off_target	net_60_10703	0	0.5	net_84_10865_net_88_10937_net_90_11013_net_60_10703_net_141_11706_net_81_10586	GradientShap_64_1_0.1_NegativeBinomialAutoencoder_zeros_False	GradientShap	64	1	0.1	NegativeBinomialAutoencoder	zeros	False
1.0	92	92	295936	off_target	net_60_10703	0	0.75	net_84_10865_net_88_10937_net_90_11013_net_60_10703_net_141_11706_net_81_10586	GradientShap_64_1_0.1_NegativeBinomialAutoencoder_zeros_False	GradientShap	64	1	0.1	NegativeBinomialAutoencoder	zeros	False
1.0	92	92	295936	off_target	net_60_10703	0	1.0	net_84_10865_net_88_10937_net_90_11013_net_60_10703_net_141_11706_net_81_10586	GradientShap_64_1_0.1_NegativeBinomialAutoencoder_zeros_False	GradientShap	64	1	0.1	NegativeBinomialAutoencoder	zeros	False
0.0	0	92	740	off_target	net_60_10703	1	0.001	net_84_10865_net_88_10937_net_90_11013_net_60_10703_net_141_11706_net_81_10586	GradientShap_64_1_0.1_NegativeBinomialAutoencoder_zeros_False	GradientShap	64	1	0.1	NegativeBinomialAutoencoder	zeros	False
0.0	0	92	7398	off_target	net_60_10703	1	0.01	net_84_10865_net_88_10937_net_90_11013_net_60_10703_net_141_11706_net_81_10586	GradientShap_64_1_0.1_NegativeBinomialAutoencoder_zeros_False	GradientShap	64	1	0.1	NegativeBinomialAutoencoder	zeros	False
0.1739130434782608	16	92	36992	off_target	net_60_10703	1	0.05	net_84_10865_net_88_10937_net_90_11013_net_60_10703_net_141_11706_net_81_10586	GradientShap_64_1_0.1_NegativeBinomialAutoencoder_zeros_False	GradientShap	64	1	0.1	NegativeBinomialAutoencoder	zeros	False
0.3369565217391304	31	92	73984	off_target	net_60_10703	1	0.1	net_84_10865_net_88_10937_net_90_11013_net_60_10703_net_141_11706_net_81_10586	GradientShap_64_1_0.1_NegativeBinomialAutoencoder_zeros_False	GradientShap	64	1	0.1	NegativeBinomialAutoencoder	zeros	False
0.5108695652173914	47	92	147968	off_target	net_60_10703	1	0.2	net_84_10865_net_88_10937_net_90_11013_net_60_10703_net_141_11706_net_81_10586	GradientShap_64_1_0.1_NegativeBinomialAutoencoder_zeros_False	GradientShap	64	1	0.1	NegativeBinomialAutoencoder	zeros	False
0.6195652173913043	57	92	184960	off_target	net_60_10703	1	0.25	net_84_10865_net_88_10937_net_90_11013_net_60_10703_net_141_11706_net_81_10586	GradientShap_64_1_0.1_NegativeBinomialAutoencoder_zeros_False	GradientShap	64	1	0.1	NegativeBinomialAutoencoder	zeros	False
1.0	92	92	295936	off_target	net_60_10703	1	0.5	net_84_10865_net_88_10937_net_90_11013_net_60_10703_net_141_11706_net_81_10586	GradientShap_64_1_0.1_NegativeBinomialAutoencoder_zeros_False	GradientShap	64	1	0.1	NegativeBinomialAutoencoder	zeros	False
1.0	92	92	295936	off_target	net_60_10703	1	0.75	net_84_10865_net_88_10937_net_90_11013_net_60_10703_net_141_11706_net_81_10586	GradientShap_64_1_0.1_NegativeBinomialAutoencoder_zeros_False	GradientShap	64	1	0.1	NegativeBinomialAutoencoder	zeros	False
1.0	92	92	295936	off_target	net_60_10703	1	1.0	net_84_10865_net_88_10937_net_90_11013_net_60_10703_net_141_11706_net_81_10586	GradientShap_64_1_0.1_NegativeBinomialAutoencoder_zeros_False	GradientShap	64	1	0.1	NegativeBinomialAutoencoder	zeros	False
0.0	0	92	740	off_target	net_60_10703	2	0.001	net_84_10865_net_88_10937_net_90_11013_net_60_10703_net_141_11706_net_81_10586	GradientShap_64_1_0.1_NegativeBinomialAutoencoder_zeros_False	GradientShap	64	1	0.1	NegativeBinomialAutoencoder	zeros	False
0.0	0	92	7398	off_target	net_60_10703	2	0.01	net_84_10865_net_88_10937_net_90_11013_net_60_10703_net_141_11706_net_81_10586	GradientShap_64_1_0.1_NegativeBinomialAutoencoder_zeros_False	GradientShap	64	1	0.1	NegativeBinomialAutoencoder	zeros	False
0.0652173913043478	6	92	36992	off_target	net_60_10703	2	0.05	net_84_10865_net_88_10937_net_90_11013_net_60_10703_net_141_11706_net_81_10586	GradientShap_64_1_0.1_NegativeBinomialAutoencoder_zeros_False	GradientShap	64	1	0.1	NegativeBinomialAutoencoder	zeros	False
0.3152173913043478	29	92	73984	off_target	net_60_10703	2	0.1	net_84_10865_net_88_10937_net_90_11013_net_60_10703_net_141_11706_net_81_10586	GradientShap_64_1_0.1_NegativeBinomialAutoencoder_zeros_False	GradientShap	64	1	0.1	NegativeBinomialAutoencoder	zeros	False
0.6086956521739131	56	92	147968	off_target	net_60_10703	2	0.2	net_84_10865_net_88_10937_net_90_11013_net_60_10703_net_141_11706_net_81_10586	GradientShap_64_1_0.1_NegativeBinomialAutoencoder_zeros_False	GradientShap	64	1	0.1	NegativeBinomialAutoencoder	zeros	False
0.6847826086956522	63	92	184960	off_target	net_60_10703	2	0.25	net_84_10865_net_88_10937_net_90_11013_net_60_10703_net_141_11706_net_81_10586	GradientShap_64_1_0.1_NegativeBinomialAutoencoder_zeros_False	GradientShap	64	1	0.1	NegativeBinomialAutoencoder	zeros	False
1.0	92	92	295936	off_target	net_60_10703	2	0.5	net_84_10865_net_88_10937_net_90_11013_net_60_10703_net_141_11706_net_81_10586	GradientShap_64_1_0.1_NegativeBinomialAutoencoder_zeros_False	GradientShap	64	1	0.1	NegativeBinomialAutoencoder	zeros	False
1.0	92	92	295936	off_target	net_60_10703	2	0.75	net_84_10865_net_88_10937_net_90_11013_net_60_10703_net_141_11706_net_81_10586	GradientShap_64_1_0.1_NegativeBinomialAutoencoder_zeros_False	GradientShap	64	1	0.1	NegativeBinomialAutoencoder	zeros	False
1.0	92	92	295936	off_target	net_60_10703	2	1.0	net_84_10865_net_88_10937_net_90_11013_net_60_10703_net_141_11706_net_81_10586	GradientShap_64_1_0.1_NegativeBinomialAutoencoder_zeros_False	GradientShap	64	1	0.1	NegativeBinomialAutoencoder	zeros	False
0.0	0	92	740	on_target	net_60_10703	3	0.001	net_84_10865_net_88_10937_net_90_11013_net_60_10703_net_141_11706_net_81_10586	GradientShap_64_1_0.1_NegativeBinomialAutoencoder_zeros_False	GradientShap	64	1	0.1	NegativeBinomialAutoencoder	zeros	False
0.0	0	92	7398	on_target	net_60_10703	3	0.01	net_84_10865_net_88_10937_net_90_11013_net_60_10703_net_141_11706_net_81_10586	GradientShap_64_1_0.1_NegativeBinomialAutoencoder_zeros_False	GradientShap	64	1	0.1	NegativeBinomialAutoencoder	zeros	False
0.1739130434782608	16	92	36992	on_target	net_60_10703	3	0.05	net_84_10865_net_88_10937_net_90_11013_net_60_10703_net_141_11706_net_81_10586	GradientShap_64_1_0.1_NegativeBinomialAutoencoder_zeros_False	GradientShap	64	1	0.1	NegativeBinomialAutoencoder	zeros	False
0.3695652173913043	34	92	73984	on_target	net_60_10703	3	0.1	net_84_10865_net_88_10937_net_90_11013_net_60_10703_net_141_11706_net_81_10586	GradientShap_64_1_0.1_NegativeBinomialAutoencoder_zeros_False	GradientShap	64	1	0.1	NegativeBinomialAutoencoder	zeros	False
0.5434782608695652	50	92	147968	on_target	net_60_10703	3	0.2	net_84_10865_net_88_10937_net_90_11013_net_60_10703_net_141_11706_net_81_10586	GradientShap_64_1_0.1_NegativeBinomialAutoencoder_zeros_False	GradientShap	64	1	0.1	NegativeBinomialAutoencoder	zeros	False
0.5978260869565217	55	92	184960	on_target	net_60_10703	3	0.25	net_84_10865_net_88_10937_net_90_11013_net_60_10703_net_141_11706_net_81_10586	GradientShap_64_1_0.1_NegativeBinomialAutoencoder_zeros_False	GradientShap	64	1	0.1	NegativeBinomialAutoencoder	zeros	False
1.0	92	92	295936	on_target	net_60_10703	3	0.5	net_84_10865_net_88_10937_net_90_11013_net_60_10703_net_141_11706_net_81_10586	GradientShap_64_1_0.1_NegativeBinomialAutoencoder_zeros_False	GradientShap	64	1	0.1	NegativeBinomialAutoencoder	zeros	False
1.0	92	92	295936	on_target	net_60_10703	3	0.75	net_84_10865_net_88_10937_net_90_11013_net_60_10703_net_141_11706_net_81_10586	GradientShap_64_1_0.1_NegativeBinomialAutoencoder_zeros_False	GradientShap	64	1	0.1	NegativeBinomialAutoencoder	zeros	False
1.0	92	92	295936	on_target	net_60_10703	3	1.0	net_84_10865_net_88_10937_net_90_11013_net_60_10703_net_141_11706_net_81_10586	GradientShap_64_1_0.1_NegativeBinomialAutoencoder_zeros_False	GradientShap	64	1	0.1	NegativeBinomialAutoencoder	zeros	False
0.0	0	92	740	off_target	net_60_10703	4	0.001	net_84_10865_net_88_10937_net_90_11013_net_60_10703_net_141_11706_net_81_10586	GradientShap_64_1_0.1_NegativeBinomialAutoencoder_zeros_False	GradientShap	64	1	0.1	NegativeBinomialAutoencoder	zeros	False
0.0108695652173913	1	92	7398	off_target	net_60_10703	4	0.01	net_84_10865_net_88_10937_net_90_11013_net_60_10703_net_141_11706_net_81_10586	GradientShap_64_1_0.1_NegativeBinomialAutoencoder_zeros_False	GradientShap	64	1	0.1	NegativeBinomialAutoencoder	zeros	False
0.0760869565217391	7	92	36992	off_target	net_60_10703	4	0.05	net_84_10865_net_88_10937_net_90_11013_net_60_10703_net_141_11706_net_81_10586	GradientShap_64_1_0.1_NegativeBinomialAutoencoder_zeros_False	GradientShap	64	1	0.1	NegativeBinomialAutoencoder	zeros	False
0.2065217391304347	19	92	73984	off_target	net_60_10703	4	0.1	net_84_10865_net_88_10937_net_90_11013_net_60_10703_net_141_11706_net_81_10586	GradientShap_64_1_0.1_NegativeBinomialAutoencoder_zeros_False	GradientShap	64	1	0.1	NegativeBinomialAutoencoder	zeros	False
0.532608695652174	49	92	147968	off_target	net_60_10703	4	0.2	net_84_10865_net_88_10937_net_90_11013_net_60_10703_net_141_11706_net_81_10586	GradientShap_64_1_0.1_NegativeBinomialAutoencoder_zeros_False	GradientShap	64	1	0.1	NegativeBinomialAutoencoder	zeros	False
0.5869565217391305	54	92	184960	off_target	net_60_10703	4	0.25	net_84_10865_net_88_10937_net_90_11013_net_60_10703_net_141_11706_net_81_10586	GradientShap_64_1_0.1_NegativeBinomialAutoencoder_zeros_False	GradientShap	64	1	0.1	NegativeBinomialAutoencoder	zeros	False
1.0	92	92	295936	off_target	net_60_10703	4	0.5	net_84_10865_net_88_10937_net_90_11013_net_60_10703_net_141_11706_net_81_10586	GradientShap_64_1_0.1_NegativeBinomialAutoencoder_zeros_False	GradientShap	64	1	0.1	NegativeBinomialAutoencoder	zeros	False
1.0	92	92	295936	off_target	net_60_10703	4	0.75	net_84_10865_net_88_10937_net_90_11013_net_60_10703_net_141_11706_net_81_10586	GradientShap_64_1_0.1_NegativeBinomialAutoencoder_zeros_False	GradientShap	64	1	0.1	NegativeBinomialAutoencoder	zeros	False
1.0	92	92	295936	off_target	net_60_10703	4	1.0	net_84_10865_net_88_10937_net_90_11013_net_60_10703_net_141_11706_net_81_10586	GradientShap_64_1_0.1_NegativeBinomialAutoencoder_zeros_False	GradientShap	64	1	0.1	NegativeBinomialAutoencoder	zeros	False
0.0	0	175	740	off_target	net_141_11706	0	0.001	net_84_10865_net_88_10937_net_90_11013_net_60_10703_net_141_11706_net_81_10586	GradientShap_64_1_0.1_NegativeBinomialAutoencoder_zeros_False	GradientShap	64	1	0.1	NegativeBinomialAutoencoder	zeros	False
0.0342857142857142	6	175	7398	off_target	net_141_11706	0	0.01	net_84_10865_net_88_10937_net_90_11013_net_60_10703_net_141_11706_net_81_10586	GradientShap_64_1_0.1_NegativeBinomialAutoencoder_zeros_False	GradientShap	64	1	0.1	NegativeBinomialAutoencoder	zeros	False
0.2457142857142857	43	175	36992	off_target	net_141_11706	0	0.05	net_84_10865_net_88_10937_net_90_11013_net_60_10703_net_141_11706_net_81_10586	GradientShap_64_1_0.1_NegativeBinomialAutoencoder_zeros_False	GradientShap	64	1	0.1	NegativeBinomialAutoencoder	zeros	False
0.3885714285714285	68	175	73984	off_target	net_141_11706	0	0.1	net_84_10865_net_88_10937_net_90_11013_net_60_10703_net_141_11706_net_81_10586	GradientShap_64_1_0.1_NegativeBinomialAutoencoder_zeros_False	GradientShap	64	1	0.1	NegativeBinomialAutoencoder	zeros	False
0.5942857142857143	104	175	147968	off_target	net_141_11706	0	0.2	net_84_10865_net_88_10937_net_90_11013_net_60_10703_net_141_11706_net_81_10586	GradientShap_64_1_0.1_NegativeBinomialAutoencoder_zeros_False	GradientShap	64	1	0.1	NegativeBinomialAutoencoder	zeros	False
0.6971428571428572	122	175	184960	off_target	net_141_11706	0	0.25	net_84_10865_net_88_10937_net_90_11013_net_60_10703_net_141_11706_net_81_10586	GradientShap_64_1_0.1_NegativeBinomialAutoencoder_zeros_False	GradientShap	64	1	0.1	NegativeBinomialAutoencoder	zeros	False
1.0	175	175	295936	off_target	net_141_11706	0	0.5	net_84_10865_net_88_10937_net_90_11013_net_60_10703_net_141_11706_net_81_10586	GradientShap_64_1_0.1_NegativeBinomialAutoencoder_zeros_False	GradientShap	64	1	0.1	NegativeBinomialAutoencoder	zeros	False
1.0	175	175	295936	off_target	net_141_11706	0	0.75	net_84_10865_net_88_10937_net_90_11013_net_60_10703_net_141_11706_net_81_10586	GradientShap_64_1_0.1_NegativeBinomialAutoencoder_zeros_False	GradientShap	64	1	0.1	NegativeBinomialAutoencoder	zeros	False
1.0	175	175	295936	off_target	net_141_11706	0	1.0	net_84_10865_net_88_10937_net_90_11013_net_60_10703_net_141_11706_net_81_10586	GradientShap_64_1_0.1_NegativeBinomialAutoencoder_zeros_False	GradientShap	64	1	0.1	NegativeBinomialAutoencoder	zeros	False
0.0	0	175	740	off_target	net_141_11706	1	0.001	net_84_10865_net_88_10937_net_90_11013_net_60_10703_net_141_11706_net_81_10586	GradientShap_64_1_0.1_NegativeBinomialAutoencoder_zeros_False	GradientShap	64	1	0.1	NegativeBinomialAutoencoder	zeros	False
0.0342857142857142	6	175	7398	off_target	net_141_11706	1	0.01	net_84_10865_net_88_10937_net_90_11013_net_60_10703_net_141_11706_net_81_10586	GradientShap_64_1_0.1_NegativeBinomialAutoencoder_zeros_False	GradientShap	64	1	0.1	NegativeBinomialAutoencoder	zeros	False
0.1657142857142857	29	175	36992	off_target	net_141_11706	1	0.05	net_84_10865_net_88_10937_net_90_11013_net_60_10703_net_141_11706_net_81_10586	GradientShap_64_1_0.1_NegativeBinomialAutoencoder_zeros_False	GradientShap	64	1	0.1	NegativeBinomialAutoencoder	zeros	False
0.3371428571428571	59	175	73984	off_target	net_141_11706	1	0.1	net_84_10865_net_88_10937_net_90_11013_net_60_10703_net_141_11706_net_81_10586	GradientShap_64_1_0.1_NegativeBinomialAutoencoder_zeros_False	GradientShap	64	1	0.1	NegativeBinomialAutoencoder	zeros	False
0.5314285714285715	93	175	147968	off_target	net_141_11706	1	0.2	net_84_10865_net_88_10937_net_90_11013_net_60_10703_net_141_11706_net_81_10586	GradientShap_64_1_0.1_NegativeBinomialAutoencoder_zeros_False	GradientShap	64	1	0.1	NegativeBinomialAutoencoder	zeros	False
0.6457142857142857	113	175	184960	off_target	net_141_11706	1	0.25	net_84_10865_net_88_10937_net_90_11013_net_60_10703_net_141_11706_net_81_10586	GradientShap_64_1_0.1_NegativeBinomialAutoencoder_zeros_False	GradientShap	64	1	0.1	NegativeBinomialAutoencoder	zeros	False
1.0	175	175	295936	off_target	net_141_11706	1	0.5	net_84_10865_net_88_10937_net_90_11013_net_60_10703_net_141_11706_net_81_10586	GradientShap_64_1_0.1_NegativeBinomialAutoencoder_zeros_False	GradientShap	64	1	0.1	NegativeBinomialAutoencoder	zeros	False
1.0	175	175	295936	off_target	net_141_11706	1	0.75	net_84_10865_net_88_10937_net_90_11013_net_60_10703_net_141_11706_net_81_10586	GradientShap_64_1_0.1_NegativeBinomialAutoencoder_zeros_False	GradientShap	64	1	0.1	NegativeBinomialAutoencoder	zeros	False
1.0	175	175	295936	off_target	net_141_11706	1	1.0	net_84_10865_net_88_10937_net_90_11013_net_60_10703_net_141_11706_net_81_10586	GradientShap_64_1_0.1_NegativeBinomialAutoencoder_zeros_False	GradientShap	64	1	0.1	NegativeBinomialAutoencoder	zeros	False
0.0	0	175	740	off_target	net_141_11706	2	0.001	net_84_10865_net_88_10937_net_90_11013_net_60_10703_net_141_11706_net_81_10586	GradientShap_64_1_0.1_NegativeBinomialAutoencoder_zeros_False	GradientShap	64	1	0.1	NegativeBinomialAutoencoder	zeros	False
0.0171428571428571	3	175	7398	off_target	net_141_11706	2	0.01	net_84_10865_net_88_10937_net_90_11013_net_60_10703_net_141_11706_net_81_10586	GradientShap_64_1_0.1_NegativeBinomialAutoencoder_zeros_False	GradientShap	64	1	0.1	NegativeBinomialAutoencoder	zeros	False
0.0742857142857142	13	175	36992	off_target	net_141_11706	2	0.05	net_84_10865_net_88_10937_net_90_11013_net_60_10703_net_141_11706_net_81_10586	GradientShap_64_1_0.1_NegativeBinomialAutoencoder_zeros_False	GradientShap	64	1	0.1	NegativeBinomialAutoencoder	zeros	False
0.1885714285714285	33	175	73984	off_target	net_141_11706	2	0.1	net_84_10865_net_88_10937_net_90_11013_net_60_10703_net_141_11706_net_81_10586	GradientShap_64_1_0.1_NegativeBinomialAutoencoder_zeros_False	GradientShap	64	1	0.1	NegativeBinomialAutoencoder	zeros	False
0.5085714285714286	89	175	147968	off_target	net_141_11706	2	0.2	net_84_10865_net_88_10937_net_90_11013_net_60_10703_net_141_11706_net_81_10586	GradientShap_64_1_0.1_NegativeBinomialAutoencoder_zeros_False	GradientShap	64	1	0.1	NegativeBinomialAutoencoder	zeros	False
0.6571428571428571	115	175	184960	off_target	net_141_11706	2	0.25	net_84_10865_net_88_10937_net_90_11013_net_60_10703_net_141_11706_net_81_10586	GradientShap_64_1_0.1_NegativeBinomialAutoencoder_zeros_False	GradientShap	64	1	0.1	NegativeBinomialAutoencoder	zeros	False
1.0	175	175	295936	off_target	net_141_11706	2	0.5	net_84_10865_net_88_10937_net_90_11013_net_60_10703_net_141_11706_net_81_10586	GradientShap_64_1_0.1_NegativeBinomialAutoencoder_zeros_False	GradientShap	64	1	0.1	NegativeBinomialAutoencoder	zeros	False
1.0	175	175	295936	off_target	net_141_11706	2	0.75	net_84_10865_net_88_10937_net_90_11013_net_60_10703_net_141_11706_net_81_10586	GradientShap_64_1_0.1_NegativeBinomialAutoencoder_zeros_False	GradientShap	64	1	0.1	NegativeBinomialAutoencoder	zeros	False
1.0	175	175	295936	off_target	net_141_11706	2	1.0	net_84_10865_net_88_10937_net_90_11013_net_60_10703_net_141_11706_net_81_10586	GradientShap_64_1_0.1_NegativeBinomialAutoencoder_zeros_False	GradientShap	64	1	0.1	NegativeBinomialAutoencoder	zeros	False
0.0	0	175	740	off_target	net_141_11706	3	0.001	net_84_10865_net_88_10937_net_90_11013_net_60_10703_net_141_11706_net_81_10586	GradientShap_64_1_0.1_NegativeBinomialAutoencoder_zeros_False	GradientShap	64	1	0.1	NegativeBinomialAutoencoder	zeros	False
0.0	0	175	7398	off_target	net_141_11706	3	0.01	net_84_10865_net_88_10937_net_90_11013_net_60_10703_net_141_11706_net_81_10586	GradientShap_64_1_0.1_NegativeBinomialAutoencoder_zeros_False	GradientShap	64	1	0.1	NegativeBinomialAutoencoder	zeros	False
0.0	0	175	36992	off_target	net_141_11706	3	0.05	net_84_10865_net_88_10937_net_90_11013_net_60_10703_net_141_11706_net_81_10586	GradientShap_64_1_0.1_NegativeBinomialAutoencoder_zeros_False	GradientShap	64	1	0.1	NegativeBinomialAutoencoder	zeros	False
0.0457142857142857	8	175	73984	off_target	net_141_11706	3	0.1	net_84_10865_net_88_10937_net_90_11013_net_60_10703_net_141_11706_net_81_10586	GradientShap_64_1_0.1_NegativeBinomialAutoencoder_zeros_False	GradientShap	64	1	0.1	NegativeBinomialAutoencoder	zeros	False
0.3942857142857143	69	175	147968	off_target	net_141_11706	3	0.2	net_84_10865_net_88_10937_net_90_11013_net_60_10703_net_141_11706_net_81_10586	GradientShap_64_1_0.1_NegativeBinomialAutoencoder_zeros_False	GradientShap	64	1	0.1	NegativeBinomialAutoencoder	zeros	False
0.56	98	175	184960	off_target	net_141_11706	3	0.25	net_84_10865_net_88_10937_net_90_11013_net_60_10703_net_141_11706_net_81_10586	GradientShap_64_1_0.1_NegativeBinomialAutoencoder_zeros_False	GradientShap	64	1	0.1	NegativeBinomialAutoencoder	zeros	False
1.0	175	175	295936	off_target	net_141_11706	3	0.5	net_84_10865_net_88_10937_net_90_11013_net_60_10703_net_141_11706_net_81_10586	GradientShap_64_1_0.1_NegativeBinomialAutoencoder_zeros_False	GradientShap	64	1	0.1	NegativeBinomialAutoencoder	zeros	False
1.0	175	175	295936	off_target	net_141_11706	3	0.75	net_84_10865_net_88_10937_net_90_11013_net_60_10703_net_141_11706_net_81_10586	GradientShap_64_1_0.1_NegativeBinomialAutoencoder_zeros_False	GradientShap	64	1	0.1	NegativeBinomialAutoencoder	zeros	False
1.0	175	175	295936	off_target	net_141_11706	3	1.0	net_84_10865_net_88_10937_net_90_11013_net_60_10703_net_141_11706_net_81_10586	GradientShap_64_1_0.1_NegativeBinomialAutoencoder_zeros_False	GradientShap	64	1	0.1	NegativeBinomialAutoencoder	zeros	False
0.0114285714285714	2	175	740	on_target	net_141_11706	4	0.001	net_84_10865_net_88_10937_net_90_11013_net_60_10703_net_141_11706_net_81_10586	GradientShap_64_1_0.1_NegativeBinomialAutoencoder_zeros_False	GradientShap	64	1	0.1	NegativeBinomialAutoencoder	zeros	False
0.1885714285714285	33	175	7398	on_target	net_141_11706	4	0.01	net_84_10865_net_88_10937_net_90_11013_net_60_10703_net_141_11706_net_81_10586	GradientShap_64_1_0.1_NegativeBinomialAutoencoder_zeros_False	GradientShap	64	1	0.1	NegativeBinomialAutoencoder	zeros	False
0.3142857142857143	55	175	36992	on_target	net_141_11706	4	0.05	net_84_10865_net_88_10937_net_90_11013_net_60_10703_net_141_11706_net_81_10586	GradientShap_64_1_0.1_NegativeBinomialAutoencoder_zeros_False	GradientShap	64	1	0.1	NegativeBinomialAutoencoder	zeros	False
0.3714285714285714	65	175	73984	on_target	net_141_11706	4	0.1	net_84_10865_net_88_10937_net_90_11013_net_60_10703_net_141_11706_net_81_10586	GradientShap_64_1_0.1_NegativeBinomialAutoencoder_zeros_False	GradientShap	64	1	0.1	NegativeBinomialAutoencoder	zeros	False
0.4514285714285714	79	175	147968	on_target	net_141_11706	4	0.2	net_84_10865_net_88_10937_net_90_11013_net_60_10703_net_141_11706_net_81_10586	GradientShap_64_1_0.1_NegativeBinomialAutoencoder_zeros_False	GradientShap	64	1	0.1	NegativeBinomialAutoencoder	zeros	False
0.5371428571428571	94	175	184960	on_target	net_141_11706	4	0.25	net_84_10865_net_88_10937_net_90_11013_net_60_10703_net_141_11706_net_81_10586	GradientShap_64_1_0.1_NegativeBinomialAutoencoder_zeros_False	GradientShap	64	1	0.1	NegativeBinomialAutoencoder	zeros	False
1.0	175	175	295936	on_target	net_141_11706	4	0.5	net_84_10865_net_88_10937_net_90_11013_net_60_10703_net_141_11706_net_81_10586	GradientShap_64_1_0.1_NegativeBinomialAutoencoder_zeros_False	GradientShap	64	1	0.1	NegativeBinomialAutoencoder	zeros	False
1.0	175	175	295936	on_target	net_141_11706	4	0.75	net_84_10865_net_88_10937_net_90_11013_net_60_10703_net_141_11706_net_81_10586	GradientShap_64_1_0.1_NegativeBinomialAutoencoder_zeros_False	GradientShap	64	1	0.1	NegativeBinomialAutoencoder	zeros	False
1.0	175	175	295936	on_target	net_141_11706	4	1.0	net_84_10865_net_88_10937_net_90_11013_net_60_10703_net_141_11706_net_81_10586	GradientShap_64_1_0.1_NegativeBinomialAutoencoder_zeros_False	GradientShap	64	1	0.1	NegativeBinomialAutoencoder	zeros	False
0.0757575757575757	10	132	729	on_target	net_61_10737	0	0.001	net_61_10737_net_153_11335_net_51_10906_net_72_10551_net_133_10773_net_70_11670	GradientShap_64_1_0.1_NegativeBinomialAutoencoder_zeros_False	GradientShap	64	1	0.1	NegativeBinomialAutoencoder	zeros	False
0.2954545454545454	39	132	7290	on_target	net_61_10737	0	0.01	net_61_10737_net_153_11335_net_51_10906_net_72_10551_net_133_10773_net_70_11670	GradientShap_64_1_0.1_NegativeBinomialAutoencoder_zeros_False	GradientShap	64	1	0.1	NegativeBinomialAutoencoder	zeros	False
0.5681818181818182	75	132	36450	on_target	net_61_10737	0	0.05	net_61_10737_net_153_11335_net_51_10906_net_72_10551_net_133_10773_net_70_11670	GradientShap_64_1_0.1_NegativeBinomialAutoencoder_zeros_False	GradientShap	64	1	0.1	NegativeBinomialAutoencoder	zeros	False
0.6818181818181818	90	132	72900	on_target	net_61_10737	0	0.1	net_61_10737_net_153_11335_net_51_10906_net_72_10551_net_133_10773_net_70_11670	GradientShap_64_1_0.1_NegativeBinomialAutoencoder_zeros_False	GradientShap	64	1	0.1	NegativeBinomialAutoencoder	zeros	False
0.7424242424242424	98	132	145800	on_target	net_61_10737	0	0.2	net_61_10737_net_153_11335_net_51_10906_net_72_10551_net_133_10773_net_70_11670	GradientShap_64_1_0.1_NegativeBinomialAutoencoder_zeros_False	GradientShap	64	1	0.1	NegativeBinomialAutoencoder	zeros	False
0.803030303030303	106	132	182250	on_target	net_61_10737	0	0.25	net_61_10737_net_153_11335_net_51_10906_net_72_10551_net_133_10773_net_70_11670	GradientShap_64_1_0.1_NegativeBinomialAutoencoder_zeros_False	GradientShap	64	1	0.1	NegativeBinomialAutoencoder	zeros	False
1.0	132	132	291600	on_target	net_61_10737	0	0.5	net_61_10737_net_153_11335_net_51_10906_net_72_10551_net_133_10773_net_70_11670	GradientShap_64_1_0.1_NegativeBinomialAutoencoder_zeros_False	GradientShap	64	1	0.1	NegativeBinomialAutoencoder	zeros	False
1.0	132	132	291600	on_target	net_61_10737	0	0.75	net_61_10737_net_153_11335_net_51_10906_net_72_10551_net_133_10773_net_70_11670	GradientShap_64_1_0.1_NegativeBinomialAutoencoder_zeros_False	GradientShap	64	1	0.1	NegativeBinomialAutoencoder	zeros	False
1.0	132	132	291600	on_target	net_61_10737	0	1.0	net_61_10737_net_153_11335_net_51_10906_net_72_10551_net_133_10773_net_70_11670	GradientShap_64_1_0.1_NegativeBinomialAutoencoder_zeros_False	GradientShap	64	1	0.1	NegativeBinomialAutoencoder	zeros	False
0.0	0	132	729	off_target	net_61_10737	1	0.001	net_61_10737_net_153_11335_net_51_10906_net_72_10551_net_133_10773_net_70_11670	GradientShap_64_1_0.1_NegativeBinomialAutoencoder_zeros_False	GradientShap	64	1	0.1	NegativeBinomialAutoencoder	zeros	False
0.0	0	132	7290	off_target	net_61_10737	1	0.01	net_61_10737_net_153_11335_net_51_10906_net_72_10551_net_133_10773_net_70_11670	GradientShap_64_1_0.1_NegativeBinomialAutoencoder_zeros_False	GradientShap	64	1	0.1	NegativeBinomialAutoencoder	zeros	False
0.053030303030303	7	132	36450	off_target	net_61_10737	1	0.05	net_61_10737_net_153_11335_net_51_10906_net_72_10551_net_133_10773_net_70_11670	GradientShap_64_1_0.1_NegativeBinomialAutoencoder_zeros_False	GradientShap	64	1	0.1	NegativeBinomialAutoencoder	zeros	False
0.2045454545454545	27	132	72900	off_target	net_61_10737	1	0.1	net_61_10737_net_153_11335_net_51_10906_net_72_10551_net_133_10773_net_70_11670	GradientShap_64_1_0.1_NegativeBinomialAutoencoder_zeros_False	GradientShap	64	1	0.1	NegativeBinomialAutoencoder	zeros	False
0.5681818181818182	75	132	145800	off_target	net_61_10737	1	0.2	net_61_10737_net_153_11335_net_51_10906_net_72_10551_net_133_10773_net_70_11670	GradientShap_64_1_0.1_NegativeBinomialAutoencoder_zeros_False	GradientShap	64	1	0.1	NegativeBinomialAutoencoder	zeros	False
0.6742424242424242	89	132	182250	off_target	net_61_10737	1	0.25	net_61_10737_net_153_11335_net_51_10906_net_72_10551_net_133_10773_net_70_11670	GradientShap_64_1_0.1_NegativeBinomialAutoencoder_zeros_False	GradientShap	64	1	0.1	NegativeBinomialAutoencoder	zeros	False
1.0	132	132	291600	off_target	net_61_10737	1	0.5	net_61_10737_net_153_11335_net_51_10906_net_72_10551_net_133_10773_net_70_11670	GradientShap_64_1_0.1_NegativeBinomialAutoencoder_zeros_False	GradientShap	64	1	0.1	NegativeBinomialAutoencoder	zeros	False
1.0	132	132	291600	off_target	net_61_10737	1	0.75	net_61_10737_net_153_11335_net_51_10906_net_72_10551_net_133_10773_net_70_11670	GradientShap_64_1_0.1_NegativeBinomialAutoencoder_zeros_False	GradientShap	64	1	0.1	NegativeBinomialAutoencoder	zeros	False
1.0	132	132	291600	off_target	net_61_10737	1	1.0	net_61_10737_net_153_11335_net_51_10906_net_72_10551_net_133_10773_net_70_11670	GradientShap_64_1_0.1_NegativeBinomialAutoencoder_zeros_False	GradientShap	64	1	0.1	NegativeBinomialAutoencoder	zeros	False
0.0	0	132	729	off_target	net_61_10737	2	0.001	net_61_10737_net_153_11335_net_51_10906_net_72_10551_net_133_10773_net_70_11670	GradientShap_64_1_0.1_NegativeBinomialAutoencoder_zeros_False	GradientShap	64	1	0.1	NegativeBinomialAutoencoder	zeros	False
0.0	0	132	7290	off_target	net_61_10737	2	0.01	net_61_10737_net_153_11335_net_51_10906_net_72_10551_net_133_10773_net_70_11670	GradientShap_64_1_0.1_NegativeBinomialAutoencoder_zeros_False	GradientShap	64	1	0.1	NegativeBinomialAutoencoder	zeros	False
0.2651515151515151	35	132	36450	off_target	net_61_10737	2	0.05	net_61_10737_net_153_11335_net_51_10906_net_72_10551_net_133_10773_net_70_11670	GradientShap_64_1_0.1_NegativeBinomialAutoencoder_zeros_False	GradientShap	64	1	0.1	NegativeBinomialAutoencoder	zeros	False
0.4393939393939394	58	132	72900	off_target	net_61_10737	2	0.1	net_61_10737_net_153_11335_net_51_10906_net_72_10551_net_133_10773_net_70_11670	GradientShap_64_1_0.1_NegativeBinomialAutoencoder_zeros_False	GradientShap	64	1	0.1	NegativeBinomialAutoencoder	zeros	False
0.7121212121212122	94	132	145800	off_target	net_61_10737	2	0.2	net_61_10737_net_153_11335_net_51_10906_net_72_10551_net_133_10773_net_70_11670	GradientShap_64_1_0.1_NegativeBinomialAutoencoder_zeros_False	GradientShap	64	1	0.1	NegativeBinomialAutoencoder	zeros	False
0.803030303030303	106	132	182250	off_target	net_61_10737	2	0.25	net_61_10737_net_153_11335_net_51_10906_net_72_10551_net_133_10773_net_70_11670	GradientShap_64_1_0.1_NegativeBinomialAutoencoder_zeros_False	GradientShap	64	1	0.1	NegativeBinomialAutoencoder	zeros	False
1.0	132	132	291600	off_target	net_61_10737	2	0.5	net_61_10737_net_153_11335_net_51_10906_net_72_10551_net_133_10773_net_70_11670	GradientShap_64_1_0.1_NegativeBinomialAutoencoder_zeros_False	GradientShap	64	1	0.1	NegativeBinomialAutoencoder	zeros	False
1.0	132	132	291600	off_target	net_61_10737	2	0.75	net_61_10737_net_153_11335_net_51_10906_net_72_10551_net_133_10773_net_70_11670	GradientShap_64_1_0.1_NegativeBinomialAutoencoder_zeros_False	GradientShap	64	1	0.1	NegativeBinomialAutoencoder	zeros	False
1.0	132	132	291600	off_target	net_61_10737	2	1.0	net_61_10737_net_153_11335_net_51_10906_net_72_10551_net_133_10773_net_70_11670	GradientShap_64_1_0.1_NegativeBinomialAutoencoder_zeros_False	GradientShap	64	1	0.1	NegativeBinomialAutoencoder	zeros	False
0.0	0	132	729	off_target	net_61_10737	3	0.001	net_61_10737_net_153_11335_net_51_10906_net_72_10551_net_133_10773_net_70_11670	GradientShap_64_1_0.1_NegativeBinomialAutoencoder_zeros_False	GradientShap	64	1	0.1	NegativeBinomialAutoencoder	zeros	False
0.106060606060606	14	132	7290	off_target	net_61_10737	3	0.01	net_61_10737_net_153_11335_net_51_10906_net_72_10551_net_133_10773_net_70_11670	GradientShap_64_1_0.1_NegativeBinomialAutoencoder_zeros_False	GradientShap	64	1	0.1	NegativeBinomialAutoencoder	zeros	False
0.25	33	132	36450	off_target	net_61_10737	3	0.05	net_61_10737_net_153_11335_net_51_10906_net_72_10551_net_133_10773_net_70_11670	GradientShap_64_1_0.1_NegativeBinomialAutoencoder_zeros_False	GradientShap	64	1	0.1	NegativeBinomialAutoencoder	zeros	False
0.3636363636363636	48	132	72900	off_target	net_61_10737	3	0.1	net_61_10737_net_153_11335_net_51_10906_net_72_10551_net_133_10773_net_70_11670	GradientShap_64_1_0.1_NegativeBinomialAutoencoder_zeros_False	GradientShap	64	1	0.1	NegativeBinomialAutoencoder	zeros	False
0.6363636363636364	84	132	145800	off_target	net_61_10737	3	0.2	net_61_10737_net_153_11335_net_51_10906_net_72_10551_net_133_10773_net_70_11670	GradientShap_64_1_0.1_NegativeBinomialAutoencoder_zeros_False	GradientShap	64	1	0.1	NegativeBinomialAutoencoder	zeros	False
0.7575757575757576	100	132	182250	off_target	net_61_10737	3	0.25	net_61_10737_net_153_11335_net_51_10906_net_72_10551_net_133_10773_net_70_11670	GradientShap_64_1_0.1_NegativeBinomialAutoencoder_zeros_False	GradientShap	64	1	0.1	NegativeBinomialAutoencoder	zeros	False
1.0	132	132	291600	off_target	net_61_10737	3	0.5	net_61_10737_net_153_11335_net_51_10906_net_72_10551_net_133_10773_net_70_11670	GradientShap_64_1_0.1_NegativeBinomialAutoencoder_zeros_False	GradientShap	64	1	0.1	NegativeBinomialAutoencoder	zeros	False
1.0	132	132	291600	off_target	net_61_10737	3	0.75	net_61_10737_net_153_11335_net_51_10906_net_72_10551_net_133_10773_net_70_11670	GradientShap_64_1_0.1_NegativeBinomialAutoencoder_zeros_False	GradientShap	64	1	0.1	NegativeBinomialAutoencoder	zeros	False
1.0	132	132	291600	off_target	net_61_10737	3	1.0	net_61_10737_net_153_11335_net_51_10906_net_72_10551_net_133_10773_net_70_11670	GradientShap_64_1_0.1_NegativeBinomialAutoencoder_zeros_False	GradientShap	64	1	0.1	NegativeBinomialAutoencoder	zeros	False
0.0	0	132	729	off_target	net_61_10737	4	0.001	net_61_10737_net_153_11335_net_51_10906_net_72_10551_net_133_10773_net_70_11670	GradientShap_64_1_0.1_NegativeBinomialAutoencoder_zeros_False	GradientShap	64	1	0.1	NegativeBinomialAutoencoder	zeros	False
0.0	0	132	7290	off_target	net_61_10737	4	0.01	net_61_10737_net_153_11335_net_51_10906_net_72_10551_net_133_10773_net_70_11670	GradientShap_64_1_0.1_NegativeBinomialAutoencoder_zeros_False	GradientShap	64	1	0.1	NegativeBinomialAutoencoder	zeros	False
0.1439393939393939	19	132	36450	off_target	net_61_10737	4	0.05	net_61_10737_net_153_11335_net_51_10906_net_72_10551_net_133_10773_net_70_11670	GradientShap_64_1_0.1_NegativeBinomialAutoencoder_zeros_False	GradientShap	64	1	0.1	NegativeBinomialAutoencoder	zeros	False
0.303030303030303	40	132	72900	off_target	net_61_10737	4	0.1	net_61_10737_net_153_11335_net_51_10906_net_72_10551_net_133_10773_net_70_11670	GradientShap_64_1_0.1_NegativeBinomialAutoencoder_zeros_False	GradientShap	64	1	0.1	NegativeBinomialAutoencoder	zeros	False
0.553030303030303	73	132	145800	off_target	net_61_10737	4	0.2	net_61_10737_net_153_11335_net_51_10906_net_72_10551_net_133_10773_net_70_11670	GradientShap_64_1_0.1_NegativeBinomialAutoencoder_zeros_False	GradientShap	64	1	0.1	NegativeBinomialAutoencoder	zeros	False
0.696969696969697	92	132	182250	off_target	net_61_10737	4	0.25	net_61_10737_net_153_11335_net_51_10906_net_72_10551_net_133_10773_net_70_11670	GradientShap_64_1_0.1_NegativeBinomialAutoencoder_zeros_False	GradientShap	64	1	0.1	NegativeBinomialAutoencoder	zeros	False
1.0	132	132	291600	off_target	net_61_10737	4	0.5	net_61_10737_net_153_11335_net_51_10906_net_72_10551_net_133_10773_net_70_11670	GradientShap_64_1_0.1_NegativeBinomialAutoencoder_zeros_False	GradientShap	64	1	0.1	NegativeBinomialAutoencoder	zeros	False
1.0	132	132	291600	off_target	net_61_10737	4	0.75	net_61_10737_net_153_11335_net_51_10906_net_72_10551_net_133_10773_net_70_11670	GradientShap_64_1_0.1_NegativeBinomialAutoencoder_zeros_False	GradientShap	64	1	0.1	NegativeBinomialAutoencoder	zeros	False
1.0	132	132	291600	off_target	net_61_10737	4	1.0	net_61_10737_net_153_11335_net_51_10906_net_72_10551_net_133_10773_net_70_11670	GradientShap_64_1_0.1_NegativeBinomialAutoencoder_zeros_False	GradientShap	64	1	0.1	NegativeBinomialAutoencoder	zeros	False
0.0	0	183	729	off_target	net_153_11335	0	0.001	net_61_10737_net_153_11335_net_51_10906_net_72_10551_net_133_10773_net_70_11670	GradientShap_64_1_0.1_NegativeBinomialAutoencoder_zeros_False	GradientShap	64	1	0.1	NegativeBinomialAutoencoder	zeros	False
0.0109289617486338	2	183	7290	off_target	net_153_11335	0	0.01	net_61_10737_net_153_11335_net_51_10906_net_72_10551_net_133_10773_net_70_11670	GradientShap_64_1_0.1_NegativeBinomialAutoencoder_zeros_False	GradientShap	64	1	0.1	NegativeBinomialAutoencoder	zeros	False
0.0601092896174863	11	183	36450	off_target	net_153_11335	0	0.05	net_61_10737_net_153_11335_net_51_10906_net_72_10551_net_133_10773_net_70_11670	GradientShap_64_1_0.1_NegativeBinomialAutoencoder_zeros_False	GradientShap	64	1	0.1	NegativeBinomialAutoencoder	zeros	False
0.1256830601092896	23	183	72900	off_target	net_153_11335	0	0.1	net_61_10737_net_153_11335_net_51_10906_net_72_10551_net_133_10773_net_70_11670	GradientShap_64_1_0.1_NegativeBinomialAutoencoder_zeros_False	GradientShap	64	1	0.1	NegativeBinomialAutoencoder	zeros	False
0.5792349726775956	106	183	145800	off_target	net_153_11335	0	0.2	net_61_10737_net_153_11335_net_51_10906_net_72_10551_net_133_10773_net_70_11670	GradientShap_64_1_0.1_NegativeBinomialAutoencoder_zeros_False	GradientShap	64	1	0.1	NegativeBinomialAutoencoder	zeros	False
0.7759562841530054	142	183	182250	off_target	net_153_11335	0	0.25	net_61_10737_net_153_11335_net_51_10906_net_72_10551_net_133_10773_net_70_11670	GradientShap_64_1_0.1_NegativeBinomialAutoencoder_zeros_False	GradientShap	64	1	0.1	NegativeBinomialAutoencoder	zeros	False
1.0	183	183	291600	off_target	net_153_11335	0	0.5	net_61_10737_net_153_11335_net_51_10906_net_72_10551_net_133_10773_net_70_11670	GradientShap_64_1_0.1_NegativeBinomialAutoencoder_zeros_False	GradientShap	64	1	0.1	NegativeBinomialAutoencoder	zeros	False
1.0	183	183	291600	off_target	net_153_11335	0	0.75	net_61_10737_net_153_11335_net_51_10906_net_72_10551_net_133_10773_net_70_11670	GradientShap_64_1_0.1_NegativeBinomialAutoencoder_zeros_False	GradientShap	64	1	0.1	NegativeBinomialAutoencoder	zeros	False
1.0	183	183	291600	off_target	net_153_11335	0	1.0	net_61_10737_net_153_11335_net_51_10906_net_72_10551_net_133_10773_net_70_11670	GradientShap_64_1_0.1_NegativeBinomialAutoencoder_zeros_False	GradientShap	64	1	0.1	NegativeBinomialAutoencoder	zeros	False
0.0	0	183	729	on_target	net_153_11335	1	0.001	net_61_10737_net_153_11335_net_51_10906_net_72_10551_net_133_10773_net_70_11670	GradientShap_64_1_0.1_NegativeBinomialAutoencoder_zeros_False	GradientShap	64	1	0.1	NegativeBinomialAutoencoder	zeros	False
0.1147540983606557	21	183	7290	on_target	net_153_11335	1	0.01	net_61_10737_net_153_11335_net_51_10906_net_72_10551_net_133_10773_net_70_11670	GradientShap_64_1_0.1_NegativeBinomialAutoencoder_zeros_False	GradientShap	64	1	0.1	NegativeBinomialAutoencoder	zeros	False
0.4699453551912568	86	183	36450	on_target	net_153_11335	1	0.05	net_61_10737_net_153_11335_net_51_10906_net_72_10551_net_133_10773_net_70_11670	GradientShap_64_1_0.1_NegativeBinomialAutoencoder_zeros_False	GradientShap	64	1	0.1	NegativeBinomialAutoencoder	zeros	False
0.6830601092896175	125	183	72900	on_target	net_153_11335	1	0.1	net_61_10737_net_153_11335_net_51_10906_net_72_10551_net_133_10773_net_70_11670	GradientShap_64_1_0.1_NegativeBinomialAutoencoder_zeros_False	GradientShap	64	1	0.1	NegativeBinomialAutoencoder	zeros	False
0.819672131147541	150	183	145800	on_target	net_153_11335	1	0.2	net_61_10737_net_153_11335_net_51_10906_net_72_10551_net_133_10773_net_70_11670	GradientShap_64_1_0.1_NegativeBinomialAutoencoder_zeros_False	GradientShap	64	1	0.1	NegativeBinomialAutoencoder	zeros	False
0.8743169398907104	160	183	182250	on_target	net_153_11335	1	0.25	net_61_10737_net_153_11335_net_51_10906_net_72_10551_net_133_10773_net_70_11670	GradientShap_64_1_0.1_NegativeBinomialAutoencoder_zeros_False	GradientShap	64	1	0.1	NegativeBinomialAutoencoder	zeros	False
1.0	183	183	291600	on_target	net_153_11335	1	0.5	net_61_10737_net_153_11335_net_51_10906_net_72_10551_net_133_10773_net_70_11670	GradientShap_64_1_0.1_NegativeBinomialAutoencoder_zeros_False	GradientShap	64	1	0.1	NegativeBinomialAutoencoder	zeros	False
1.0	183	183	291600	on_target	net_153_11335	1	0.75	net_61_10737_net_153_11335_net_51_10906_net_72_10551_net_133_10773_net_70_11670	GradientShap_64_1_0.1_NegativeBinomialAutoencoder_zeros_False	GradientShap	64	1	0.1	NegativeBinomialAutoencoder	zeros	False
1.0	183	183	291600	on_target	net_153_11335	1	1.0	net_61_10737_net_153_11335_net_51_10906_net_72_10551_net_133_10773_net_70_11670	GradientShap_64_1_0.1_NegativeBinomialAutoencoder_zeros_False	GradientShap	64	1	0.1	NegativeBinomialAutoencoder	zeros	False
0.0	0	183	729	off_target	net_153_11335	2	0.001	net_61_10737_net_153_11335_net_51_10906_net_72_10551_net_133_10773_net_70_11670	GradientShap_64_1_0.1_NegativeBinomialAutoencoder_zeros_False	GradientShap	64	1	0.1	NegativeBinomialAutoencoder	zeros	False
0.081967213114754	15	183	7290	off_target	net_153_11335	2	0.01	net_61_10737_net_153_11335_net_51_10906_net_72_10551_net_133_10773_net_70_11670	GradientShap_64_1_0.1_NegativeBinomialAutoencoder_zeros_False	GradientShap	64	1	0.1	NegativeBinomialAutoencoder	zeros	False
0.3442622950819672	63	183	36450	off_target	net_153_11335	2	0.05	net_61_10737_net_153_11335_net_51_10906_net_72_10551_net_133_10773_net_70_11670	GradientShap_64_1_0.1_NegativeBinomialAutoencoder_zeros_False	GradientShap	64	1	0.1	NegativeBinomialAutoencoder	zeros	False
0.6120218579234973	112	183	72900	off_target	net_153_11335	2	0.1	net_61_10737_net_153_11335_net_51_10906_net_72_10551_net_133_10773_net_70_11670	GradientShap_64_1_0.1_NegativeBinomialAutoencoder_zeros_False	GradientShap	64	1	0.1	NegativeBinomialAutoencoder	zeros	False
0.7923497267759563	145	183	145800	off_target	net_153_11335	2	0.2	net_61_10737_net_153_11335_net_51_10906_net_72_10551_net_133_10773_net_70_11670	GradientShap_64_1_0.1_NegativeBinomialAutoencoder_zeros_False	GradientShap	64	1	0.1	NegativeBinomialAutoencoder	zeros	False
0.8524590163934426	156	183	182250	off_target	net_153_11335	2	0.25	net_61_10737_net_153_11335_net_51_10906_net_72_10551_net_133_10773_net_70_11670	GradientShap_64_1_0.1_NegativeBinomialAutoencoder_zeros_False	GradientShap	64	1	0.1	NegativeBinomialAutoencoder	zeros	False
1.0	183	183	291600	off_target	net_153_11335	2	0.5	net_61_10737_net_153_11335_net_51_10906_net_72_10551_net_133_10773_net_70_11670	GradientShap_64_1_0.1_NegativeBinomialAutoencoder_zeros_False	GradientShap	64	1	0.1	NegativeBinomialAutoencoder	zeros	False
1.0	183	183	291600	off_target	net_153_11335	2	0.75	net_61_10737_net_153_11335_net_51_10906_net_72_10551_net_133_10773_net_70_11670	GradientShap_64_1_0.1_NegativeBinomialAutoencoder_zeros_False	GradientShap	64	1	0.1	NegativeBinomialAutoencoder	zeros	False
1.0	183	183	291600	off_target	net_153_11335	2	1.0	net_61_10737_net_153_11335_net_51_10906_net_72_10551_net_133_10773_net_70_11670	GradientShap_64_1_0.1_NegativeBinomialAutoencoder_zeros_False	GradientShap	64	1	0.1	NegativeBinomialAutoencoder	zeros	False
0.0	0	183	729	off_target	net_153_11335	3	0.001	net_61_10737_net_153_11335_net_51_10906_net_72_10551_net_133_10773_net_70_11670	GradientShap_64_1_0.1_NegativeBinomialAutoencoder_zeros_False	GradientShap	64	1	0.1	NegativeBinomialAutoencoder	zeros	False
0.0546448087431694	10	183	7290	off_target	net_153_11335	3	0.01	net_61_10737_net_153_11335_net_51_10906_net_72_10551_net_133_10773_net_70_11670	GradientShap_64_1_0.1_NegativeBinomialAutoencoder_zeros_False	GradientShap	64	1	0.1	NegativeBinomialAutoencoder	zeros	False
0.2786885245901639	51	183	36450	off_target	net_153_11335	3	0.05	net_61_10737_net_153_11335_net_51_10906_net_72_10551_net_133_10773_net_70_11670	GradientShap_64_1_0.1_NegativeBinomialAutoencoder_zeros_False	GradientShap	64	1	0.1	NegativeBinomialAutoencoder	zeros	False
0.3715846994535519	68	183	72900	off_target	net_153_11335	3	0.1	net_61_10737_net_153_11335_net_51_10906_net_72_10551_net_133_10773_net_70_11670	GradientShap_64_1_0.1_NegativeBinomialAutoencoder_zeros_False	GradientShap	64	1	0.1	NegativeBinomialAutoencoder	zeros	False
0.6502732240437158	119	183	145800	off_target	net_153_11335	3	0.2	net_61_10737_net_153_11335_net_51_10906_net_72_10551_net_133_10773_net_70_11670	GradientShap_64_1_0.1_NegativeBinomialAutoencoder_zeros_False	GradientShap	64	1	0.1	NegativeBinomialAutoencoder	zeros	False
0.73224043715847	134	183	182250	off_target	net_153_11335	3	0.25	net_61_10737_net_153_11335_net_51_10906_net_72_10551_net_133_10773_net_70_11670	GradientShap_64_1_0.1_NegativeBinomialAutoencoder_zeros_False	GradientShap	64	1	0.1	NegativeBinomialAutoencoder	zeros	False
1.0	183	183	291600	off_target	net_153_11335	3	0.5	net_61_10737_net_153_11335_net_51_10906_net_72_10551_net_133_10773_net_70_11670	GradientShap_64_1_0.1_NegativeBinomialAutoencoder_zeros_False	GradientShap	64	1	0.1	NegativeBinomialAutoencoder	zeros	False
1.0	183	183	291600	off_target	net_153_11335	3	0.75	net_61_10737_net_153_11335_net_51_10906_net_72_10551_net_133_10773_net_70_11670	GradientShap_64_1_0.1_NegativeBinomialAutoencoder_zeros_False	GradientShap	64	1	0.1	NegativeBinomialAutoencoder	zeros	False
1.0	183	183	291600	off_target	net_153_11335	3	1.0	net_61_10737_net_153_11335_net_51_10906_net_72_10551_net_133_10773_net_70_11670	GradientShap_64_1_0.1_NegativeBinomialAutoencoder_zeros_False	GradientShap	64	1	0.1	NegativeBinomialAutoencoder	zeros	False
0.0	0	183	729	off_target	net_153_11335	4	0.001	net_61_10737_net_153_11335_net_51_10906_net_72_10551_net_133_10773_net_70_11670	GradientShap_64_1_0.1_NegativeBinomialAutoencoder_zeros_False	GradientShap	64	1	0.1	NegativeBinomialAutoencoder	zeros	False
0.0	0	183	7290	off_target	net_153_11335	4	0.01	net_61_10737_net_153_11335_net_51_10906_net_72_10551_net_133_10773_net_70_11670	GradientShap_64_1_0.1_NegativeBinomialAutoencoder_zeros_False	GradientShap	64	1	0.1	NegativeBinomialAutoencoder	zeros	False
0.0655737704918032	12	183	36450	off_target	net_153_11335	4	0.05	net_61_10737_net_153_11335_net_51_10906_net_72_10551_net_133_10773_net_70_11670	GradientShap_64_1_0.1_NegativeBinomialAutoencoder_zeros_False	GradientShap	64	1	0.1	NegativeBinomialAutoencoder	zeros	False
0.3770491803278688	69	183	72900	off_target	net_153_11335	4	0.1	net_61_10737_net_153_11335_net_51_10906_net_72_10551_net_133_10773_net_70_11670	GradientShap_64_1_0.1_NegativeBinomialAutoencoder_zeros_False	GradientShap	64	1	0.1	NegativeBinomialAutoencoder	zeros	False
0.7049180327868853	129	183	145800	off_target	net_153_11335	4	0.2	net_61_10737_net_153_11335_net_51_10906_net_72_10551_net_133_10773_net_70_11670	GradientShap_64_1_0.1_NegativeBinomialAutoencoder_zeros_False	GradientShap	64	1	0.1	NegativeBinomialAutoencoder	zeros	False
0.7759562841530054	142	183	182250	off_target	net_153_11335	4	0.25	net_61_10737_net_153_11335_net_51_10906_net_72_10551_net_133_10773_net_70_11670	GradientShap_64_1_0.1_NegativeBinomialAutoencoder_zeros_False	GradientShap	64	1	0.1	NegativeBinomialAutoencoder	zeros	False
1.0	183	183	291600	off_target	net_153_11335	4	0.5	net_61_10737_net_153_11335_net_51_10906_net_72_10551_net_133_10773_net_70_11670	GradientShap_64_1_0.1_NegativeBinomialAutoencoder_zeros_False	GradientShap	64	1	0.1	NegativeBinomialAutoencoder	zeros	False
1.0	183	183	291600	off_target	net_153_11335	4	0.75	net_61_10737_net_153_11335_net_51_10906_net_72_10551_net_133_10773_net_70_11670	GradientShap_64_1_0.1_NegativeBinomialAutoencoder_zeros_False	GradientShap	64	1	0.1	NegativeBinomialAutoencoder	zeros	False
1.0	183	183	291600	off_target	net_153_11335	4	1.0	net_61_10737_net_153_11335_net_51_10906_net_72_10551_net_133_10773_net_70_11670	GradientShap_64_1_0.1_NegativeBinomialAutoencoder_zeros_False	GradientShap	64	1	0.1	NegativeBinomialAutoencoder	zeros	False
0.0	0	90	729	off_target	net_51_10906	0	0.001	net_61_10737_net_153_11335_net_51_10906_net_72_10551_net_133_10773_net_70_11670	GradientShap_64_1_0.1_NegativeBinomialAutoencoder_zeros_False	GradientShap	64	1	0.1	NegativeBinomialAutoencoder	zeros	False
0.0222222222222222	2	90	7290	off_target	net_51_10906	0	0.01	net_61_10737_net_153_11335_net_51_10906_net_72_10551_net_133_10773_net_70_11670	GradientShap_64_1_0.1_NegativeBinomialAutoencoder_zeros_False	GradientShap	64	1	0.1	NegativeBinomialAutoencoder	zeros	False
0.0666666666666666	6	90	36450	off_target	net_51_10906	0	0.05	net_61_10737_net_153_11335_net_51_10906_net_72_10551_net_133_10773_net_70_11670	GradientShap_64_1_0.1_NegativeBinomialAutoencoder_zeros_False	GradientShap	64	1	0.1	NegativeBinomialAutoencoder	zeros	False
0.2777777777777778	25	90	72900	off_target	net_51_10906	0	0.1	net_61_10737_net_153_11335_net_51_10906_net_72_10551_net_133_10773_net_70_11670	GradientShap_64_1_0.1_NegativeBinomialAutoencoder_zeros_False	GradientShap	64	1	0.1	NegativeBinomialAutoencoder	zeros	False
0.4777777777777778	43	90	145800	off_target	net_51_10906	0	0.2	net_61_10737_net_153_11335_net_51_10906_net_72_10551_net_133_10773_net_70_11670	GradientShap_64_1_0.1_NegativeBinomialAutoencoder_zeros_False	GradientShap	64	1	0.1	NegativeBinomialAutoencoder	zeros	False
0.6555555555555556	59	90	182250	off_target	net_51_10906	0	0.25	net_61_10737_net_153_11335_net_51_10906_net_72_10551_net_133_10773_net_70_11670	GradientShap_64_1_0.1_NegativeBinomialAutoencoder_zeros_False	GradientShap	64	1	0.1	NegativeBinomialAutoencoder	zeros	False
1.0	90	90	291600	off_target	net_51_10906	0	0.5	net_61_10737_net_153_11335_net_51_10906_net_72_10551_net_133_10773_net_70_11670	GradientShap_64_1_0.1_NegativeBinomialAutoencoder_zeros_False	GradientShap	64	1	0.1	NegativeBinomialAutoencoder	zeros	False
1.0	90	90	291600	off_target	net_51_10906	0	0.75	net_61_10737_net_153_11335_net_51_10906_net_72_10551_net_133_10773_net_70_11670	GradientShap_64_1_0.1_NegativeBinomialAutoencoder_zeros_False	GradientShap	64	1	0.1	NegativeBinomialAutoencoder	zeros	False
1.0	90	90	291600	off_target	net_51_10906	0	1.0	net_61_10737_net_153_11335_net_51_10906_net_72_10551_net_133_10773_net_70_11670	GradientShap_64_1_0.1_NegativeBinomialAutoencoder_zeros_False	GradientShap	64	1	0.1	NegativeBinomialAutoencoder	zeros	False
0.0	0	90	729	off_target	net_51_10906	1	0.001	net_61_10737_net_153_11335_net_51_10906_net_72_10551_net_133_10773_net_70_11670	GradientShap_64_1_0.1_NegativeBinomialAutoencoder_zeros_False	GradientShap	64	1	0.1	NegativeBinomialAutoencoder	zeros	False
0.0	0	90	7290	off_target	net_51_10906	1	0.01	net_61_10737_net_153_11335_net_51_10906_net_72_10551_net_133_10773_net_70_11670	GradientShap_64_1_0.1_NegativeBinomialAutoencoder_zeros_False	GradientShap	64	1	0.1	NegativeBinomialAutoencoder	zeros	False
0.0111111111111111	1	90	36450	off_target	net_51_10906	1	0.05	net_61_10737_net_153_11335_net_51_10906_net_72_10551_net_133_10773_net_70_11670	GradientShap_64_1_0.1_NegativeBinomialAutoencoder_zeros_False	GradientShap	64	1	0.1	NegativeBinomialAutoencoder	zeros	False
0.0444444444444444	4	90	72900	off_target	net_51_10906	1	0.1	net_61_10737_net_153_11335_net_51_10906_net_72_10551_net_133_10773_net_70_11670	GradientShap_64_1_0.1_NegativeBinomialAutoencoder_zeros_False	GradientShap	64	1	0.1	NegativeBinomialAutoencoder	zeros	False
0.4666666666666667	42	90	145800	off_target	net_51_10906	1	0.2	net_61_10737_net_153_11335_net_51_10906_net_72_10551_net_133_10773_net_70_11670	GradientShap_64_1_0.1_NegativeBinomialAutoencoder_zeros_False	GradientShap	64	1	0.1	NegativeBinomialAutoencoder	zeros	False
0.5888888888888889	53	90	182250	off_target	net_51_10906	1	0.25	net_61_10737_net_153_11335_net_51_10906_net_72_10551_net_133_10773_net_70_11670	GradientShap_64_1_0.1_NegativeBinomialAutoencoder_zeros_False	GradientShap	64	1	0.1	NegativeBinomialAutoencoder	zeros	False
1.0	90	90	291600	off_target	net_51_10906	1	0.5	net_61_10737_net_153_11335_net_51_10906_net_72_10551_net_133_10773_net_70_11670	GradientShap_64_1_0.1_NegativeBinomialAutoencoder_zeros_False	GradientShap	64	1	0.1	NegativeBinomialAutoencoder	zeros	False
1.0	90	90	291600	off_target	net_51_10906	1	0.75	net_61_10737_net_153_11335_net_51_10906_net_72_10551_net_133_10773_net_70_11670	GradientShap_64_1_0.1_NegativeBinomialAutoencoder_zeros_False	GradientShap	64	1	0.1	NegativeBinomialAutoencoder	zeros	False
1.0	90	90	291600	off_target	net_51_10906	1	1.0	net_61_10737_net_153_11335_net_51_10906_net_72_10551_net_133_10773_net_70_11670	GradientShap_64_1_0.1_NegativeBinomialAutoencoder_zeros_False	GradientShap	64	1	0.1	NegativeBinomialAutoencoder	zeros	False
0.0555555555555555	5	90	729	on_target	net_51_10906	2	0.001	net_61_10737_net_153_11335_net_51_10906_net_72_10551_net_133_10773_net_70_11670	GradientShap_64_1_0.1_NegativeBinomialAutoencoder_zeros_False	GradientShap	64	1	0.1	NegativeBinomialAutoencoder	zeros	False
0.2333333333333333	21	90	7290	on_target	net_51_10906	2	0.01	net_61_10737_net_153_11335_net_51_10906_net_72_10551_net_133_10773_net_70_11670	GradientShap_64_1_0.1_NegativeBinomialAutoencoder_zeros_False	GradientShap	64	1	0.1	NegativeBinomialAutoencoder	zeros	False
0.3888888888888889	35	90	36450	on_target	net_51_10906	2	0.05	net_61_10737_net_153_11335_net_51_10906_net_72_10551_net_133_10773_net_70_11670	GradientShap_64_1_0.1_NegativeBinomialAutoencoder_zeros_False	GradientShap	64	1	0.1	NegativeBinomialAutoencoder	zeros	False
0.4666666666666667	42	90	72900	on_target	net_51_10906	2	0.1	net_61_10737_net_153_11335_net_51_10906_net_72_10551_net_133_10773_net_70_11670	GradientShap_64_1_0.1_NegativeBinomialAutoencoder_zeros_False	GradientShap	64	1	0.1	NegativeBinomialAutoencoder	zeros	False
0.6222222222222222	56	90	145800	on_target	net_51_10906	2	0.2	net_61_10737_net_153_11335_net_51_10906_net_72_10551_net_133_10773_net_70_11670	GradientShap_64_1_0.1_NegativeBinomialAutoencoder_zeros_False	GradientShap	64	1	0.1	NegativeBinomialAutoencoder	zeros	False
0.7	63	90	182250	on_target	net_51_10906	2	0.25	net_61_10737_net_153_11335_net_51_10906_net_72_10551_net_133_10773_net_70_11670	GradientShap_64_1_0.1_NegativeBinomialAutoencoder_zeros_False	GradientShap	64	1	0.1	NegativeBinomialAutoencoder	zeros	False
1.0	90	90	291600	on_target	net_51_10906	2	0.5	net_61_10737_net_153_11335_net_51_10906_net_72_10551_net_133_10773_net_70_11670	GradientShap_64_1_0.1_NegativeBinomialAutoencoder_zeros_False	GradientShap	64	1	0.1	NegativeBinomialAutoencoder	zeros	False
1.0	90	90	291600	on_target	net_51_10906	2	0.75	net_61_10737_net_153_11335_net_51_10906_net_72_10551_net_133_10773_net_70_11670	GradientShap_64_1_0.1_NegativeBinomialAutoencoder_zeros_False	GradientShap	64	1	0.1	NegativeBinomialAutoencoder	zeros	False
1.0	90	90	291600	on_target	net_51_10906	2	1.0	net_61_10737_net_153_11335_net_51_10906_net_72_10551_net_133_10773_net_70_11670	GradientShap_64_1_0.1_NegativeBinomialAutoencoder_zeros_False	GradientShap	64	1	0.1	NegativeBinomialAutoencoder	zeros	False
0.0	0	90	729	off_target	net_51_10906	3	0.001	net_61_10737_net_153_11335_net_51_10906_net_72_10551_net_133_10773_net_70_11670	GradientShap_64_1_0.1_NegativeBinomialAutoencoder_zeros_False	GradientShap	64	1	0.1	NegativeBinomialAutoencoder	zeros	False
0.0222222222222222	2	90	7290	off_target	net_51_10906	3	0.01	net_61_10737_net_153_11335_net_51_10906_net_72_10551_net_133_10773_net_70_11670	GradientShap_64_1_0.1_NegativeBinomialAutoencoder_zeros_False	GradientShap	64	1	0.1	NegativeBinomialAutoencoder	zeros	False
0.0888888888888888	8	90	36450	off_target	net_51_10906	3	0.05	net_61_10737_net_153_11335_net_51_10906_net_72_10551_net_133_10773_net_70_11670	GradientShap_64_1_0.1_NegativeBinomialAutoencoder_zeros_False	GradientShap	64	1	0.1	NegativeBinomialAutoencoder	zeros	False
0.2333333333333333	21	90	72900	off_target	net_51_10906	3	0.1	net_61_10737_net_153_11335_net_51_10906_net_72_10551_net_133_10773_net_70_11670	GradientShap_64_1_0.1_NegativeBinomialAutoencoder_zeros_False	GradientShap	64	1	0.1	NegativeBinomialAutoencoder	zeros	False
0.4333333333333333	39	90	145800	off_target	net_51_10906	3	0.2	net_61_10737_net_153_11335_net_51_10906_net_72_10551_net_133_10773_net_70_11670	GradientShap_64_1_0.1_NegativeBinomialAutoencoder_zeros_False	GradientShap	64	1	0.1	NegativeBinomialAutoencoder	zeros	False
0.5666666666666667	51	90	182250	off_target	net_51_10906	3	0.25	net_61_10737_net_153_11335_net_51_10906_net_72_10551_net_133_10773_net_70_11670	GradientShap_64_1_0.1_NegativeBinomialAutoencoder_zeros_False	GradientShap	64	1	0.1	NegativeBinomialAutoencoder	zeros	False
1.0	90	90	291600	off_target	net_51_10906	3	0.5	net_61_10737_net_153_11335_net_51_10906_net_72_10551_net_133_10773_net_70_11670	GradientShap_64_1_0.1_NegativeBinomialAutoencoder_zeros_False	GradientShap	64	1	0.1	NegativeBinomialAutoencoder	zeros	False
1.0	90	90	291600	off_target	net_51_10906	3	0.75	net_61_10737_net_153_11335_net_51_10906_net_72_10551_net_133_10773_net_70_11670	GradientShap_64_1_0.1_NegativeBinomialAutoencoder_zeros_False	GradientShap	64	1	0.1	NegativeBinomialAutoencoder	zeros	False
1.0	90	90	291600	off_target	net_51_10906	3	1.0	net_61_10737_net_153_11335_net_51_10906_net_72_10551_net_133_10773_net_70_11670	GradientShap_64_1_0.1_NegativeBinomialAutoencoder_zeros_False	GradientShap	64	1	0.1	NegativeBinomialAutoencoder	zeros	False
0.0	0	90	729	off_target	net_51_10906	4	0.001	net_61_10737_net_153_11335_net_51_10906_net_72_10551_net_133_10773_net_70_11670	GradientShap_64_1_0.1_NegativeBinomialAutoencoder_zeros_False	GradientShap	64	1	0.1	NegativeBinomialAutoencoder	zeros	False
0.0333333333333333	3	90	7290	off_target	net_51_10906	4	0.01	net_61_10737_net_153_11335_net_51_10906_net_72_10551_net_133_10773_net_70_11670	GradientShap_64_1_0.1_NegativeBinomialAutoencoder_zeros_False	GradientShap	64	1	0.1	NegativeBinomialAutoencoder	zeros	False
0.1	9	90	36450	off_target	net_51_10906	4	0.05	net_61_10737_net_153_11335_net_51_10906_net_72_10551_net_133_10773_net_70_11670	GradientShap_64_1_0.1_NegativeBinomialAutoencoder_zeros_False	GradientShap	64	1	0.1	NegativeBinomialAutoencoder	zeros	False
0.1333333333333333	12	90	72900	off_target	net_51_10906	4	0.1	net_61_10737_net_153_11335_net_51_10906_net_72_10551_net_133_10773_net_70_11670	GradientShap_64_1_0.1_NegativeBinomialAutoencoder_zeros_False	GradientShap	64	1	0.1	NegativeBinomialAutoencoder	zeros	False
0.4	36	90	145800	off_target	net_51_10906	4	0.2	net_61_10737_net_153_11335_net_51_10906_net_72_10551_net_133_10773_net_70_11670	GradientShap_64_1_0.1_NegativeBinomialAutoencoder_zeros_False	GradientShap	64	1	0.1	NegativeBinomialAutoencoder	zeros	False
0.5555555555555556	50	90	182250	off_target	net_51_10906	4	0.25	net_61_10737_net_153_11335_net_51_10906_net_72_10551_net_133_10773_net_70_11670	GradientShap_64_1_0.1_NegativeBinomialAutoencoder_zeros_False	GradientShap	64	1	0.1	NegativeBinomialAutoencoder	zeros	False
1.0	90	90	291600	off_target	net_51_10906	4	0.5	net_61_10737_net_153_11335_net_51_10906_net_72_10551_net_133_10773_net_70_11670	GradientShap_64_1_0.1_NegativeBinomialAutoencoder_zeros_False	GradientShap	64	1	0.1	NegativeBinomialAutoencoder	zeros	False
1.0	90	90	291600	off_target	net_51_10906	4	0.75	net_61_10737_net_153_11335_net_51_10906_net_72_10551_net_133_10773_net_70_11670	GradientShap_64_1_0.1_NegativeBinomialAutoencoder_zeros_False	GradientShap	64	1	0.1	NegativeBinomialAutoencoder	zeros	False
1.0	90	90	291600	off_target	net_51_10906	4	1.0	net_61_10737_net_153_11335_net_51_10906_net_72_10551_net_133_10773_net_70_11670	GradientShap_64_1_0.1_NegativeBinomialAutoencoder_zeros_False	GradientShap	64	1	0.1	NegativeBinomialAutoencoder	zeros	False
0.0	0	189	729	off_target	net_72_10551	0	0.001	net_61_10737_net_153_11335_net_51_10906_net_72_10551_net_133_10773_net_70_11670	GradientShap_64_1_0.1_NegativeBinomialAutoencoder_zeros_False	GradientShap	64	1	0.1	NegativeBinomialAutoencoder	zeros	False
0.0264550264550264	5	189	7290	off_target	net_72_10551	0	0.01	net_61_10737_net_153_11335_net_51_10906_net_72_10551_net_133_10773_net_70_11670	GradientShap_64_1_0.1_NegativeBinomialAutoencoder_zeros_False	GradientShap	64	1	0.1	NegativeBinomialAutoencoder	zeros	False
0.1481481481481481	28	189	36450	off_target	net_72_10551	0	0.05	net_61_10737_net_153_11335_net_51_10906_net_72_10551_net_133_10773_net_70_11670	GradientShap_64_1_0.1_NegativeBinomialAutoencoder_zeros_False	GradientShap	64	1	0.1	NegativeBinomialAutoencoder	zeros	False
0.3121693121693121	59	189	72900	off_target	net_72_10551	0	0.1	net_61_10737_net_153_11335_net_51_10906_net_72_10551_net_133_10773_net_70_11670	GradientShap_64_1_0.1_NegativeBinomialAutoencoder_zeros_False	GradientShap	64	1	0.1	NegativeBinomialAutoencoder	zeros	False
0.6455026455026455	122	189	145800	off_target	net_72_10551	0	0.2	net_61_10737_net_153_11335_net_51_10906_net_72_10551_net_133_10773_net_70_11670	GradientShap_64_1_0.1_NegativeBinomialAutoencoder_zeros_False	GradientShap	64	1	0.1	NegativeBinomialAutoencoder	zeros	False
0.7671957671957672	145	189	182250	off_target	net_72_10551	0	0.25	net_61_10737_net_153_11335_net_51_10906_net_72_10551_net_133_10773_net_70_11670	GradientShap_64_1_0.1_NegativeBinomialAutoencoder_zeros_False	GradientShap	64	1	0.1	NegativeBinomialAutoencoder	zeros	False
1.0	189	189	291600	off_target	net_72_10551	0	0.5	net_61_10737_net_153_11335_net_51_10906_net_72_10551_net_133_10773_net_70_11670	GradientShap_64_1_0.1_NegativeBinomialAutoencoder_zeros_False	GradientShap	64	1	0.1	NegativeBinomialAutoencoder	zeros	False
1.0	189	189	291600	off_target	net_72_10551	0	0.75	net_61_10737_net_153_11335_net_51_10906_net_72_10551_net_133_10773_net_70_11670	GradientShap_64_1_0.1_NegativeBinomialAutoencoder_zeros_False	GradientShap	64	1	0.1	NegativeBinomialAutoencoder	zeros	False
1.0	189	189	291600	off_target	net_72_10551	0	1.0	net_61_10737_net_153_11335_net_51_10906_net_72_10551_net_133_10773_net_70_11670	GradientShap_64_1_0.1_NegativeBinomialAutoencoder_zeros_False	GradientShap	64	1	0.1	NegativeBinomialAutoencoder	zeros	False
0.0	0	189	729	off_target	net_72_10551	1	0.001	net_61_10737_net_153_11335_net_51_10906_net_72_10551_net_133_10773_net_70_11670	GradientShap_64_1_0.1_NegativeBinomialAutoencoder_zeros_False	GradientShap	64	1	0.1	NegativeBinomialAutoencoder	zeros	False
0.0105820105820105	2	189	7290	off_target	net_72_10551	1	0.01	net_61_10737_net_153_11335_net_51_10906_net_72_10551_net_133_10773_net_70_11670	GradientShap_64_1_0.1_NegativeBinomialAutoencoder_zeros_False	GradientShap	64	1	0.1	NegativeBinomialAutoencoder	zeros	False
0.1164021164021164	22	189	36450	off_target	net_72_10551	1	0.05	net_61_10737_net_153_11335_net_51_10906_net_72_10551_net_133_10773_net_70_11670	GradientShap_64_1_0.1_NegativeBinomialAutoencoder_zeros_False	GradientShap	64	1	0.1	NegativeBinomialAutoencoder	zeros	False
0.2698412698412698	51	189	72900	off_target	net_72_10551	1	0.1	net_61_10737_net_153_11335_net_51_10906_net_72_10551_net_133_10773_net_70_11670	GradientShap_64_1_0.1_NegativeBinomialAutoencoder_zeros_False	GradientShap	64	1	0.1	NegativeBinomialAutoencoder	zeros	False
0.6190476190476191	117	189	145800	off_target	net_72_10551	1	0.2	net_61_10737_net_153_11335_net_51_10906_net_72_10551_net_133_10773_net_70_11670	GradientShap_64_1_0.1_NegativeBinomialAutoencoder_zeros_False	GradientShap	64	1	0.1	NegativeBinomialAutoencoder	zeros	False
0.6931216931216931	131	189	182250	off_target	net_72_10551	1	0.25	net_61_10737_net_153_11335_net_51_10906_net_72_10551_net_133_10773_net_70_11670	GradientShap_64_1_0.1_NegativeBinomialAutoencoder_zeros_False	GradientShap	64	1	0.1	NegativeBinomialAutoencoder	zeros	False
1.0	189	189	291600	off_target	net_72_10551	1	0.5	net_61_10737_net_153_11335_net_51_10906_net_72_10551_net_133_10773_net_70_11670	GradientShap_64_1_0.1_NegativeBinomialAutoencoder_zeros_False	GradientShap	64	1	0.1	NegativeBinomialAutoencoder	zeros	False
1.0	189	189	291600	off_target	net_72_10551	1	0.75	net_61_10737_net_153_11335_net_51_10906_net_72_10551_net_133_10773_net_70_11670	GradientShap_64_1_0.1_NegativeBinomialAutoencoder_zeros_False	GradientShap	64	1	0.1	NegativeBinomialAutoencoder	zeros	False
1.0	189	189	291600	off_target	net_72_10551	1	1.0	net_61_10737_net_153_11335_net_51_10906_net_72_10551_net_133_10773_net_70_11670	GradientShap_64_1_0.1_NegativeBinomialAutoencoder_zeros_False	GradientShap	64	1	0.1	NegativeBinomialAutoencoder	zeros	False
0.0	0	189	729	off_target	net_72_10551	2	0.001	net_61_10737_net_153_11335_net_51_10906_net_72_10551_net_133_10773_net_70_11670	GradientShap_64_1_0.1_NegativeBinomialAutoencoder_zeros_False	GradientShap	64	1	0.1	NegativeBinomialAutoencoder	zeros	False
0.0105820105820105	2	189	7290	off_target	net_72_10551	2	0.01	net_61_10737_net_153_11335_net_51_10906_net_72_10551_net_133_10773_net_70_11670	GradientShap_64_1_0.1_NegativeBinomialAutoencoder_zeros_False	GradientShap	64	1	0.1	NegativeBinomialAutoencoder	zeros	False
0.0687830687830687	13	189	36450	off_target	net_72_10551	2	0.05	net_61_10737_net_153_11335_net_51_10906_net_72_10551_net_133_10773_net_70_11670	GradientShap_64_1_0.1_NegativeBinomialAutoencoder_zeros_False	GradientShap	64	1	0.1	NegativeBinomialAutoencoder	zeros	False
0.1851851851851851	35	189	72900	off_target	net_72_10551	2	0.1	net_61_10737_net_153_11335_net_51_10906_net_72_10551_net_133_10773_net_70_11670	GradientShap_64_1_0.1_NegativeBinomialAutoencoder_zeros_False	GradientShap	64	1	0.1	NegativeBinomialAutoencoder	zeros	False
0.5502645502645502	104	189	145800	off_target	net_72_10551	2	0.2	net_61_10737_net_153_11335_net_51_10906_net_72_10551_net_133_10773_net_70_11670	GradientShap_64_1_0.1_NegativeBinomialAutoencoder_zeros_False	GradientShap	64	1	0.1	NegativeBinomialAutoencoder	zeros	False
0.7301587301587301	138	189	182250	off_target	net_72_10551	2	0.25	net_61_10737_net_153_11335_net_51_10906_net_72_10551_net_133_10773_net_70_11670	GradientShap_64_1_0.1_NegativeBinomialAutoencoder_zeros_False	GradientShap	64	1	0.1	NegativeBinomialAutoencoder	zeros	False
1.0	189	189	291600	off_target	net_72_10551	2	0.5	net_61_10737_net_153_11335_net_51_10906_net_72_10551_net_133_10773_net_70_11670	GradientShap_64_1_0.1_NegativeBinomialAutoencoder_zeros_False	GradientShap	64	1	0.1	NegativeBinomialAutoencoder	zeros	False
1.0	189	189	291600	off_target	net_72_10551	2	0.75	net_61_10737_net_153_11335_net_51_10906_net_72_10551_net_133_10773_net_70_11670	GradientShap_64_1_0.1_NegativeBinomialAutoencoder_zeros_False	GradientShap	64	1	0.1	NegativeBinomialAutoencoder	zeros	False
1.0	189	189	291600	off_target	net_72_10551	2	1.0	net_61_10737_net_153_11335_net_51_10906_net_72_10551_net_133_10773_net_70_11670	GradientShap_64_1_0.1_NegativeBinomialAutoencoder_zeros_False	GradientShap	64	1	0.1	NegativeBinomialAutoencoder	zeros	False
0.1216931216931216	23	189	729	on_target	net_72_10551	3	0.001	net_61_10737_net_153_11335_net_51_10906_net_72_10551_net_133_10773_net_70_11670	GradientShap_64_1_0.1_NegativeBinomialAutoencoder_zeros_False	GradientShap	64	1	0.1	NegativeBinomialAutoencoder	zeros	False
0.2169312169312169	41	189	7290	on_target	net_72_10551	3	0.01	net_61_10737_net_153_11335_net_51_10906_net_72_10551_net_133_10773_net_70_11670	GradientShap_64_1_0.1_NegativeBinomialAutoencoder_zeros_False	GradientShap	64	1	0.1	NegativeBinomialAutoencoder	zeros	False
0.4232804232804232	80	189	36450	on_target	net_72_10551	3	0.05	net_61_10737_net_153_11335_net_51_10906_net_72_10551_net_133_10773_net_70_11670	GradientShap_64_1_0.1_NegativeBinomialAutoencoder_zeros_False	GradientShap	64	1	0.1	NegativeBinomialAutoencoder	zeros	False
0.5608465608465608	106	189	72900	on_target	net_72_10551	3	0.1	net_61_10737_net_153_11335_net_51_10906_net_72_10551_net_133_10773_net_70_11670	GradientShap_64_1_0.1_NegativeBinomialAutoencoder_zeros_False	GradientShap	64	1	0.1	NegativeBinomialAutoencoder	zeros	False
0.7195767195767195	136	189	145800	on_target	net_72_10551	3	0.2	net_61_10737_net_153_11335_net_51_10906_net_72_10551_net_133_10773_net_70_11670	GradientShap_64_1_0.1_NegativeBinomialAutoencoder_zeros_False	GradientShap	64	1	0.1	NegativeBinomialAutoencoder	zeros	False
0.746031746031746	141	189	182250	on_target	net_72_10551	3	0.25	net_61_10737_net_153_11335_net_51_10906_net_72_10551_net_133_10773_net_70_11670	GradientShap_64_1_0.1_NegativeBinomialAutoencoder_zeros_False	GradientShap	64	1	0.1	NegativeBinomialAutoencoder	zeros	False
1.0	189	189	291600	on_target	net_72_10551	3	0.5	net_61_10737_net_153_11335_net_51_10906_net_72_10551_net_133_10773_net_70_11670	GradientShap_64_1_0.1_NegativeBinomialAutoencoder_zeros_False	GradientShap	64	1	0.1	NegativeBinomialAutoencoder	zeros	False
1.0	189	189	291600	on_target	net_72_10551	3	0.75	net_61_10737_net_153_11335_net_51_10906_net_72_10551_net_133_10773_net_70_11670	GradientShap_64_1_0.1_NegativeBinomialAutoencoder_zeros_False	GradientShap	64	1	0.1	NegativeBinomialAutoencoder	zeros	False
1.0	189	189	291600	on_target	net_72_10551	3	1.0	net_61_10737_net_153_11335_net_51_10906_net_72_10551_net_133_10773_net_70_11670	GradientShap_64_1_0.1_NegativeBinomialAutoencoder_zeros_False	GradientShap	64	1	0.1	NegativeBinomialAutoencoder	zeros	False
0.0	0	189	729	off_target	net_72_10551	4	0.001	net_61_10737_net_153_11335_net_51_10906_net_72_10551_net_133_10773_net_70_11670	GradientShap_64_1_0.1_NegativeBinomialAutoencoder_zeros_False	GradientShap	64	1	0.1	NegativeBinomialAutoencoder	zeros	False
0.0158730158730158	3	189	7290	off_target	net_72_10551	4	0.01	net_61_10737_net_153_11335_net_51_10906_net_72_10551_net_133_10773_net_70_11670	GradientShap_64_1_0.1_NegativeBinomialAutoencoder_zeros_False	GradientShap	64	1	0.1	NegativeBinomialAutoencoder	zeros	False
0.1058201058201058	20	189	36450	off_target	net_72_10551	4	0.05	net_61_10737_net_153_11335_net_51_10906_net_72_10551_net_133_10773_net_70_11670	GradientShap_64_1_0.1_NegativeBinomialAutoencoder_zeros_False	GradientShap	64	1	0.1	NegativeBinomialAutoencoder	zeros	False
0.3068783068783068	58	189	72900	off_target	net_72_10551	4	0.1	net_61_10737_net_153_11335_net_51_10906_net_72_10551_net_133_10773_net_70_11670	GradientShap_64_1_0.1_NegativeBinomialAutoencoder_zeros_False	GradientShap	64	1	0.1	NegativeBinomialAutoencoder	zeros	False
0.5608465608465608	106	189	145800	off_target	net_72_10551	4	0.2	net_61_10737_net_153_11335_net_51_10906_net_72_10551_net_133_10773_net_70_11670	GradientShap_64_1_0.1_NegativeBinomialAutoencoder_zeros_False	GradientShap	64	1	0.1	NegativeBinomialAutoencoder	zeros	False
0.671957671957672	127	189	182250	off_target	net_72_10551	4	0.25	net_61_10737_net_153_11335_net_51_10906_net_72_10551_net_133_10773_net_70_11670	GradientShap_64_1_0.1_NegativeBinomialAutoencoder_zeros_False	GradientShap	64	1	0.1	NegativeBinomialAutoencoder	zeros	False
1.0	189	189	291600	off_target	net_72_10551	4	0.5	net_61_10737_net_153_11335_net_51_10906_net_72_10551_net_133_10773_net_70_11670	GradientShap_64_1_0.1_NegativeBinomialAutoencoder_zeros_False	GradientShap	64	1	0.1	NegativeBinomialAutoencoder	zeros	False
1.0	189	189	291600	off_target	net_72_10551	4	0.75	net_61_10737_net_153_11335_net_51_10906_net_72_10551_net_133_10773_net_70_11670	GradientShap_64_1_0.1_NegativeBinomialAutoencoder_zeros_False	GradientShap	64	1	0.1	NegativeBinomialAutoencoder	zeros	False
1.0	189	189	291600	off_target	net_72_10551	4	1.0	net_61_10737_net_153_11335_net_51_10906_net_72_10551_net_133_10773_net_70_11670	GradientShap_64_1_0.1_NegativeBinomialAutoencoder_zeros_False	GradientShap	64	1	0.1	NegativeBinomialAutoencoder	zeros	False
0.0	0	201	729	off_target	net_133_10773	0	0.001	net_61_10737_net_153_11335_net_51_10906_net_72_10551_net_133_10773_net_70_11670	GradientShap_64_1_0.1_NegativeBinomialAutoencoder_zeros_False	GradientShap	64	1	0.1	NegativeBinomialAutoencoder	zeros	False
0.0597014925373134	12	201	7290	off_target	net_133_10773	0	0.01	net_61_10737_net_153_11335_net_51_10906_net_72_10551_net_133_10773_net_70_11670	GradientShap_64_1_0.1_NegativeBinomialAutoencoder_zeros_False	GradientShap	64	1	0.1	NegativeBinomialAutoencoder	zeros	False
0.2238805970149253	45	201	36450	off_target	net_133_10773	0	0.05	net_61_10737_net_153_11335_net_51_10906_net_72_10551_net_133_10773_net_70_11670	GradientShap_64_1_0.1_NegativeBinomialAutoencoder_zeros_False	GradientShap	64	1	0.1	NegativeBinomialAutoencoder	zeros	False
0.3980099502487562	80	201	72900	off_target	net_133_10773	0	0.1	net_61_10737_net_153_11335_net_51_10906_net_72_10551_net_133_10773_net_70_11670	GradientShap_64_1_0.1_NegativeBinomialAutoencoder_zeros_False	GradientShap	64	1	0.1	NegativeBinomialAutoencoder	zeros	False
0.6517412935323383	131	201	145800	off_target	net_133_10773	0	0.2	net_61_10737_net_153_11335_net_51_10906_net_72_10551_net_133_10773_net_70_11670	GradientShap_64_1_0.1_NegativeBinomialAutoencoder_zeros_False	GradientShap	64	1	0.1	NegativeBinomialAutoencoder	zeros	False
0.7064676616915423	142	201	182250	off_target	net_133_10773	0	0.25	net_61_10737_net_153_11335_net_51_10906_net_72_10551_net_133_10773_net_70_11670	GradientShap_64_1_0.1_NegativeBinomialAutoencoder_zeros_False	GradientShap	64	1	0.1	NegativeBinomialAutoencoder	zeros	False
1.0	201	201	291600	off_target	net_133_10773	0	0.5	net_61_10737_net_153_11335_net_51_10906_net_72_10551_net_133_10773_net_70_11670	GradientShap_64_1_0.1_NegativeBinomialAutoencoder_zeros_False	GradientShap	64	1	0.1	NegativeBinomialAutoencoder	zeros	False
1.0	201	201	291600	off_target	net_133_10773	0	0.75	net_61_10737_net_153_11335_net_51_10906_net_72_10551_net_133_10773_net_70_11670	GradientShap_64_1_0.1_NegativeBinomialAutoencoder_zeros_False	GradientShap	64	1	0.1	NegativeBinomialAutoencoder	zeros	False
1.0	201	201	291600	off_target	net_133_10773	0	1.0	net_61_10737_net_153_11335_net_51_10906_net_72_10551_net_133_10773_net_70_11670	GradientShap_64_1_0.1_NegativeBinomialAutoencoder_zeros_False	GradientShap	64	1	0.1	NegativeBinomialAutoencoder	zeros	False
0.0	0	201	729	off_target	net_133_10773	1	0.001	net_61_10737_net_153_11335_net_51_10906_net_72_10551_net_133_10773_net_70_11670	GradientShap_64_1_0.1_NegativeBinomialAutoencoder_zeros_False	GradientShap	64	1	0.1	NegativeBinomialAutoencoder	zeros	False
0.0149253731343283	3	201	7290	off_target	net_133_10773	1	0.01	net_61_10737_net_153_11335_net_51_10906_net_72_10551_net_133_10773_net_70_11670	GradientShap_64_1_0.1_NegativeBinomialAutoencoder_zeros_False	GradientShap	64	1	0.1	NegativeBinomialAutoencoder	zeros	False
0.0597014925373134	12	201	36450	off_target	net_133_10773	1	0.05	net_61_10737_net_153_11335_net_51_10906_net_72_10551_net_133_10773_net_70_11670	GradientShap_64_1_0.1_NegativeBinomialAutoencoder_zeros_False	GradientShap	64	1	0.1	NegativeBinomialAutoencoder	zeros	False
0.1940298507462686	39	201	72900	off_target	net_133_10773	1	0.1	net_61_10737_net_153_11335_net_51_10906_net_72_10551_net_133_10773_net_70_11670	GradientShap_64_1_0.1_NegativeBinomialAutoencoder_zeros_False	GradientShap	64	1	0.1	NegativeBinomialAutoencoder	zeros	False
0.4776119402985074	96	201	145800	off_target	net_133_10773	1	0.2	net_61_10737_net_153_11335_net_51_10906_net_72_10551_net_133_10773_net_70_11670	GradientShap_64_1_0.1_NegativeBinomialAutoencoder_zeros_False	GradientShap	64	1	0.1	NegativeBinomialAutoencoder	zeros	False
0.572139303482587	115	201	182250	off_target	net_133_10773	1	0.25	net_61_10737_net_153_11335_net_51_10906_net_72_10551_net_133_10773_net_70_11670	GradientShap_64_1_0.1_NegativeBinomialAutoencoder_zeros_False	GradientShap	64	1	0.1	NegativeBinomialAutoencoder	zeros	False
1.0	201	201	291600	off_target	net_133_10773	1	0.5	net_61_10737_net_153_11335_net_51_10906_net_72_10551_net_133_10773_net_70_11670	GradientShap_64_1_0.1_NegativeBinomialAutoencoder_zeros_False	GradientShap	64	1	0.1	NegativeBinomialAutoencoder	zeros	False
1.0	201	201	291600	off_target	net_133_10773	1	0.75	net_61_10737_net_153_11335_net_51_10906_net_72_10551_net_133_10773_net_70_11670	GradientShap_64_1_0.1_NegativeBinomialAutoencoder_zeros_False	GradientShap	64	1	0.1	NegativeBinomialAutoencoder	zeros	False
1.0	201	201	291600	off_target	net_133_10773	1	1.0	net_61_10737_net_153_11335_net_51_10906_net_72_10551_net_133_10773_net_70_11670	GradientShap_64_1_0.1_NegativeBinomialAutoencoder_zeros_False	GradientShap	64	1	0.1	NegativeBinomialAutoencoder	zeros	False
0.0	0	201	729	off_target	net_133_10773	2	0.001	net_61_10737_net_153_11335_net_51_10906_net_72_10551_net_133_10773_net_70_11670	GradientShap_64_1_0.1_NegativeBinomialAutoencoder_zeros_False	GradientShap	64	1	0.1	NegativeBinomialAutoencoder	zeros	False
0.0149253731343283	3	201	7290	off_target	net_133_10773	2	0.01	net_61_10737_net_153_11335_net_51_10906_net_72_10551_net_133_10773_net_70_11670	GradientShap_64_1_0.1_NegativeBinomialAutoencoder_zeros_False	GradientShap	64	1	0.1	NegativeBinomialAutoencoder	zeros	False
0.1144278606965174	23	201	36450	off_target	net_133_10773	2	0.05	net_61_10737_net_153_11335_net_51_10906_net_72_10551_net_133_10773_net_70_11670	GradientShap_64_1_0.1_NegativeBinomialAutoencoder_zeros_False	GradientShap	64	1	0.1	NegativeBinomialAutoencoder	zeros	False
0.2587064676616915	52	201	72900	off_target	net_133_10773	2	0.1	net_61_10737_net_153_11335_net_51_10906_net_72_10551_net_133_10773_net_70_11670	GradientShap_64_1_0.1_NegativeBinomialAutoencoder_zeros_False	GradientShap	64	1	0.1	NegativeBinomialAutoencoder	zeros	False
0.4975124378109453	100	201	145800	off_target	net_133_10773	2	0.2	net_61_10737_net_153_11335_net_51_10906_net_72_10551_net_133_10773_net_70_11670	GradientShap_64_1_0.1_NegativeBinomialAutoencoder_zeros_False	GradientShap	64	1	0.1	NegativeBinomialAutoencoder	zeros	False
0.6467661691542289	130	201	182250	off_target	net_133_10773	2	0.25	net_61_10737_net_153_11335_net_51_10906_net_72_10551_net_133_10773_net_70_11670	GradientShap_64_1_0.1_NegativeBinomialAutoencoder_zeros_False	GradientShap	64	1	0.1	NegativeBinomialAutoencoder	zeros	False
1.0	201	201	291600	off_target	net_133_10773	2	0.5	net_61_10737_net_153_11335_net_51_10906_net_72_10551_net_133_10773_net_70_11670	GradientShap_64_1_0.1_NegativeBinomialAutoencoder_zeros_False	GradientShap	64	1	0.1	NegativeBinomialAutoencoder	zeros	False
1.0	201	201	291600	off_target	net_133_10773	2	0.75	net_61_10737_net_153_11335_net_51_10906_net_72_10551_net_133_10773_net_70_11670	GradientShap_64_1_0.1_NegativeBinomialAutoencoder_zeros_False	GradientShap	64	1	0.1	NegativeBinomialAutoencoder	zeros	False
1.0	201	201	291600	off_target	net_133_10773	2	1.0	net_61_10737_net_153_11335_net_51_10906_net_72_10551_net_133_10773_net_70_11670	GradientShap_64_1_0.1_NegativeBinomialAutoencoder_zeros_False	GradientShap	64	1	0.1	NegativeBinomialAutoencoder	zeros	False
0.0	0	201	729	off_target	net_133_10773	3	0.001	net_61_10737_net_153_11335_net_51_10906_net_72_10551_net_133_10773_net_70_11670	GradientShap_64_1_0.1_NegativeBinomialAutoencoder_zeros_False	GradientShap	64	1	0.1	NegativeBinomialAutoencoder	zeros	False
0.0049751243781094	1	201	7290	off_target	net_133_10773	3	0.01	net_61_10737_net_153_11335_net_51_10906_net_72_10551_net_133_10773_net_70_11670	GradientShap_64_1_0.1_NegativeBinomialAutoencoder_zeros_False	GradientShap	64	1	0.1	NegativeBinomialAutoencoder	zeros	False
0.0646766169154228	13	201	36450	off_target	net_133_10773	3	0.05	net_61_10737_net_153_11335_net_51_10906_net_72_10551_net_133_10773_net_70_11670	GradientShap_64_1_0.1_NegativeBinomialAutoencoder_zeros_False	GradientShap	64	1	0.1	NegativeBinomialAutoencoder	zeros	False
0.1791044776119403	36	201	72900	off_target	net_133_10773	3	0.1	net_61_10737_net_153_11335_net_51_10906_net_72_10551_net_133_10773_net_70_11670	GradientShap_64_1_0.1_NegativeBinomialAutoencoder_zeros_False	GradientShap	64	1	0.1	NegativeBinomialAutoencoder	zeros	False
0.5422885572139303	109	201	145800	off_target	net_133_10773	3	0.2	net_61_10737_net_153_11335_net_51_10906_net_72_10551_net_133_10773_net_70_11670	GradientShap_64_1_0.1_NegativeBinomialAutoencoder_zeros_False	GradientShap	64	1	0.1	NegativeBinomialAutoencoder	zeros	False
0.6915422885572139	139	201	182250	off_target	net_133_10773	3	0.25	net_61_10737_net_153_11335_net_51_10906_net_72_10551_net_133_10773_net_70_11670	GradientShap_64_1_0.1_NegativeBinomialAutoencoder_zeros_False	GradientShap	64	1	0.1	NegativeBinomialAutoencoder	zeros	False
1.0	201	201	291600	off_target	net_133_10773	3	0.5	net_61_10737_net_153_11335_net_51_10906_net_72_10551_net_133_10773_net_70_11670	GradientShap_64_1_0.1_NegativeBinomialAutoencoder_zeros_False	GradientShap	64	1	0.1	NegativeBinomialAutoencoder	zeros	False
1.0	201	201	291600	off_target	net_133_10773	3	0.75	net_61_10737_net_153_11335_net_51_10906_net_72_10551_net_133_10773_net_70_11670	GradientShap_64_1_0.1_NegativeBinomialAutoencoder_zeros_False	GradientShap	64	1	0.1	NegativeBinomialAutoencoder	zeros	False
1.0	201	201	291600	off_target	net_133_10773	3	1.0	net_61_10737_net_153_11335_net_51_10906_net_72_10551_net_133_10773_net_70_11670	GradientShap_64_1_0.1_NegativeBinomialAutoencoder_zeros_False	GradientShap	64	1	0.1	NegativeBinomialAutoencoder	zeros	False
0.0049751243781094	1	201	729	on_target	net_133_10773	4	0.001	net_61_10737_net_153_11335_net_51_10906_net_72_10551_net_133_10773_net_70_11670	GradientShap_64_1_0.1_NegativeBinomialAutoencoder_zeros_False	GradientShap	64	1	0.1	NegativeBinomialAutoencoder	zeros	False
0.0547263681592039	11	201	7290	on_target	net_133_10773	4	0.01	net_61_10737_net_153_11335_net_51_10906_net_72_10551_net_133_10773_net_70_11670	GradientShap_64_1_0.1_NegativeBinomialAutoencoder_zeros_False	GradientShap	64	1	0.1	NegativeBinomialAutoencoder	zeros	False
0.208955223880597	42	201	36450	on_target	net_133_10773	4	0.05	net_61_10737_net_153_11335_net_51_10906_net_72_10551_net_133_10773_net_70_11670	GradientShap_64_1_0.1_NegativeBinomialAutoencoder_zeros_False	GradientShap	64	1	0.1	NegativeBinomialAutoencoder	zeros	False
0.3034825870646766	61	201	72900	on_target	net_133_10773	4	0.1	net_61_10737_net_153_11335_net_51_10906_net_72_10551_net_133_10773_net_70_11670	GradientShap_64_1_0.1_NegativeBinomialAutoencoder_zeros_False	GradientShap	64	1	0.1	NegativeBinomialAutoencoder	zeros	False
0.4029850746268656	81	201	145800	on_target	net_133_10773	4	0.2	net_61_10737_net_153_11335_net_51_10906_net_72_10551_net_133_10773_net_70_11670	GradientShap_64_1_0.1_NegativeBinomialAutoencoder_zeros_False	GradientShap	64	1	0.1	NegativeBinomialAutoencoder	zeros	False
0.5373134328358209	108	201	182250	on_target	net_133_10773	4	0.25	net_61_10737_net_153_11335_net_51_10906_net_72_10551_net_133_10773_net_70_11670	GradientShap_64_1_0.1_NegativeBinomialAutoencoder_zeros_False	GradientShap	64	1	0.1	NegativeBinomialAutoencoder	zeros	False
1.0	201	201	291600	on_target	net_133_10773	4	0.5	net_61_10737_net_153_11335_net_51_10906_net_72_10551_net_133_10773_net_70_11670	GradientShap_64_1_0.1_NegativeBinomialAutoencoder_zeros_False	GradientShap	64	1	0.1	NegativeBinomialAutoencoder	zeros	False
1.0	201	201	291600	on_target	net_133_10773	4	0.75	net_61_10737_net_153_11335_net_51_10906_net_72_10551_net_133_10773_net_70_11670	GradientShap_64_1_0.1_NegativeBinomialAutoencoder_zeros_False	GradientShap	64	1	0.1	NegativeBinomialAutoencoder	zeros	False
1.0	201	201	291600	on_target	net_133_10773	4	1.0	net_61_10737_net_153_11335_net_51_10906_net_72_10551_net_133_10773_net_70_11670	GradientShap_64_1_0.1_NegativeBinomialAutoencoder_zeros_False	GradientShap	64	1	0.1	NegativeBinomialAutoencoder	zeros	False
0.0	0	105	509	on_target	net_98_11932	0	0.001	net_98_11932_net_51_10906_net_60_10082_net_90_11013_net_75_10306_net_77_11506	GradientShap_64_1_0.1_NegativeBinomialAutoencoder_zeros_False	GradientShap	64	1	0.1	NegativeBinomialAutoencoder	zeros	False
0.1428571428571428	15	105	5085	on_target	net_98_11932	0	0.01	net_98_11932_net_51_10906_net_60_10082_net_90_11013_net_75_10306_net_77_11506	GradientShap_64_1_0.1_NegativeBinomialAutoencoder_zeros_False	GradientShap	64	1	0.1	NegativeBinomialAutoencoder	zeros	False
0.6761904761904762	71	105	25425	on_target	net_98_11932	0	0.05	net_98_11932_net_51_10906_net_60_10082_net_90_11013_net_75_10306_net_77_11506	GradientShap_64_1_0.1_NegativeBinomialAutoencoder_zeros_False	GradientShap	64	1	0.1	NegativeBinomialAutoencoder	zeros	False
0.8380952380952381	88	105	50850	on_target	net_98_11932	0	0.1	net_98_11932_net_51_10906_net_60_10082_net_90_11013_net_75_10306_net_77_11506	GradientShap_64_1_0.1_NegativeBinomialAutoencoder_zeros_False	GradientShap	64	1	0.1	NegativeBinomialAutoencoder	zeros	False
0.9523809523809524	100	105	101700	on_target	net_98_11932	0	0.2	net_98_11932_net_51_10906_net_60_10082_net_90_11013_net_75_10306_net_77_11506	GradientShap_64_1_0.1_NegativeBinomialAutoencoder_zeros_False	GradientShap	64	1	0.1	NegativeBinomialAutoencoder	zeros	False
0.961904761904762	101	105	127126	on_target	net_98_11932	0	0.25	net_98_11932_net_51_10906_net_60_10082_net_90_11013_net_75_10306_net_77_11506	GradientShap_64_1_0.1_NegativeBinomialAutoencoder_zeros_False	GradientShap	64	1	0.1	NegativeBinomialAutoencoder	zeros	False
1.0	105	105	203401	on_target	net_98_11932	0	0.5	net_98_11932_net_51_10906_net_60_10082_net_90_11013_net_75_10306_net_77_11506	GradientShap_64_1_0.1_NegativeBinomialAutoencoder_zeros_False	GradientShap	64	1	0.1	NegativeBinomialAutoencoder	zeros	False
1.0	105	105	203401	on_target	net_98_11932	0	0.75	net_98_11932_net_51_10906_net_60_10082_net_90_11013_net_75_10306_net_77_11506	GradientShap_64_1_0.1_NegativeBinomialAutoencoder_zeros_False	GradientShap	64	1	0.1	NegativeBinomialAutoencoder	zeros	False
1.0	105	105	203401	on_target	net_98_11932	0	1.0	net_98_11932_net_51_10906_net_60_10082_net_90_11013_net_75_10306_net_77_11506	GradientShap_64_1_0.1_NegativeBinomialAutoencoder_zeros_False	GradientShap	64	1	0.1	NegativeBinomialAutoencoder	zeros	False
0.0	0	105	509	off_target	net_98_11932	1	0.001	net_98_11932_net_51_10906_net_60_10082_net_90_11013_net_75_10306_net_77_11506	GradientShap_64_1_0.1_NegativeBinomialAutoencoder_zeros_False	GradientShap	64	1	0.1	NegativeBinomialAutoencoder	zeros	False
0.2857142857142857	30	105	5085	off_target	net_98_11932	1	0.01	net_98_11932_net_51_10906_net_60_10082_net_90_11013_net_75_10306_net_77_11506	GradientShap_64_1_0.1_NegativeBinomialAutoencoder_zeros_False	GradientShap	64	1	0.1	NegativeBinomialAutoencoder	zeros	False
0.5619047619047619	59	105	25425	off_target	net_98_11932	1	0.05	net_98_11932_net_51_10906_net_60_10082_net_90_11013_net_75_10306_net_77_11506	GradientShap_64_1_0.1_NegativeBinomialAutoencoder_zeros_False	GradientShap	64	1	0.1	NegativeBinomialAutoencoder	zeros	False
0.6666666666666666	70	105	50850	off_target	net_98_11932	1	0.1	net_98_11932_net_51_10906_net_60_10082_net_90_11013_net_75_10306_net_77_11506	GradientShap_64_1_0.1_NegativeBinomialAutoencoder_zeros_False	GradientShap	64	1	0.1	NegativeBinomialAutoencoder	zeros	False
0.8380952380952381	88	105	101700	off_target	net_98_11932	1	0.2	net_98_11932_net_51_10906_net_60_10082_net_90_11013_net_75_10306_net_77_11506	GradientShap_64_1_0.1_NegativeBinomialAutoencoder_zeros_False	GradientShap	64	1	0.1	NegativeBinomialAutoencoder	zeros	False
0.8857142857142857	93	105	127126	off_target	net_98_11932	1	0.25	net_98_11932_net_51_10906_net_60_10082_net_90_11013_net_75_10306_net_77_11506	GradientShap_64_1_0.1_NegativeBinomialAutoencoder_zeros_False	GradientShap	64	1	0.1	NegativeBinomialAutoencoder	zeros	False
1.0	105	105	203401	off_target	net_98_11932	1	0.5	net_98_11932_net_51_10906_net_60_10082_net_90_11013_net_75_10306_net_77_11506	GradientShap_64_1_0.1_NegativeBinomialAutoencoder_zeros_False	GradientShap	64	1	0.1	NegativeBinomialAutoencoder	zeros	False
1.0	105	105	203401	off_target	net_98_11932	1	0.75	net_98_11932_net_51_10906_net_60_10082_net_90_11013_net_75_10306_net_77_11506	GradientShap_64_1_0.1_NegativeBinomialAutoencoder_zeros_False	GradientShap	64	1	0.1	NegativeBinomialAutoencoder	zeros	False
1.0	105	105	203401	off_target	net_98_11932	1	1.0	net_98_11932_net_51_10906_net_60_10082_net_90_11013_net_75_10306_net_77_11506	GradientShap_64_1_0.1_NegativeBinomialAutoencoder_zeros_False	GradientShap	64	1	0.1	NegativeBinomialAutoencoder	zeros	False
0.0	0	105	509	off_target	net_98_11932	2	0.001	net_98_11932_net_51_10906_net_60_10082_net_90_11013_net_75_10306_net_77_11506	GradientShap_64_1_0.1_NegativeBinomialAutoencoder_zeros_False	GradientShap	64	1	0.1	NegativeBinomialAutoencoder	zeros	False
0.0	0	105	5085	off_target	net_98_11932	2	0.01	net_98_11932_net_51_10906_net_60_10082_net_90_11013_net_75_10306_net_77_11506	GradientShap_64_1_0.1_NegativeBinomialAutoencoder_zeros_False	GradientShap	64	1	0.1	NegativeBinomialAutoencoder	zeros	False
0.019047619047619	2	105	25425	off_target	net_98_11932	2	0.05	net_98_11932_net_51_10906_net_60_10082_net_90_11013_net_75_10306_net_77_11506	GradientShap_64_1_0.1_NegativeBinomialAutoencoder_zeros_False	GradientShap	64	1	0.1	NegativeBinomialAutoencoder	zeros	False
0.0761904761904762	8	105	50850	off_target	net_98_11932	2	0.1	net_98_11932_net_51_10906_net_60_10082_net_90_11013_net_75_10306_net_77_11506	GradientShap_64_1_0.1_NegativeBinomialAutoencoder_zeros_False	GradientShap	64	1	0.1	NegativeBinomialAutoencoder	zeros	False
0.419047619047619	44	105	101700	off_target	net_98_11932	2	0.2	net_98_11932_net_51_10906_net_60_10082_net_90_11013_net_75_10306_net_77_11506	GradientShap_64_1_0.1_NegativeBinomialAutoencoder_zeros_False	GradientShap	64	1	0.1	NegativeBinomialAutoencoder	zeros	False
0.7333333333333333	77	105	127126	off_target	net_98_11932	2	0.25	net_98_11932_net_51_10906_net_60_10082_net_90_11013_net_75_10306_net_77_11506	GradientShap_64_1_0.1_NegativeBinomialAutoencoder_zeros_False	GradientShap	64	1	0.1	NegativeBinomialAutoencoder	zeros	False
1.0	105	105	203401	off_target	net_98_11932	2	0.5	net_98_11932_net_51_10906_net_60_10082_net_90_11013_net_75_10306_net_77_11506	GradientShap_64_1_0.1_NegativeBinomialAutoencoder_zeros_False	GradientShap	64	1	0.1	NegativeBinomialAutoencoder	zeros	False
1.0	105	105	203401	off_target	net_98_11932	2	0.75	net_98_11932_net_51_10906_net_60_10082_net_90_11013_net_75_10306_net_77_11506	GradientShap_64_1_0.1_NegativeBinomialAutoencoder_zeros_False	GradientShap	64	1	0.1	NegativeBinomialAutoencoder	zeros	False
1.0	105	105	203401	off_target	net_98_11932	2	1.0	net_98_11932_net_51_10906_net_60_10082_net_90_11013_net_75_10306_net_77_11506	GradientShap_64_1_0.1_NegativeBinomialAutoencoder_zeros_False	GradientShap	64	1	0.1	NegativeBinomialAutoencoder	zeros	False
0.0	0	105	509	off_target	net_98_11932	3	0.001	net_98_11932_net_51_10906_net_60_10082_net_90_11013_net_75_10306_net_77_11506	GradientShap_64_1_0.1_NegativeBinomialAutoencoder_zeros_False	GradientShap	64	1	0.1	NegativeBinomialAutoencoder	zeros	False
0.0	0	105	5085	off_target	net_98_11932	3	0.01	net_98_11932_net_51_10906_net_60_10082_net_90_11013_net_75_10306_net_77_11506	GradientShap_64_1_0.1_NegativeBinomialAutoencoder_zeros_False	GradientShap	64	1	0.1	NegativeBinomialAutoencoder	zeros	False
0.2666666666666666	28	105	25425	off_target	net_98_11932	3	0.05	net_98_11932_net_51_10906_net_60_10082_net_90_11013_net_75_10306_net_77_11506	GradientShap_64_1_0.1_NegativeBinomialAutoencoder_zeros_False	GradientShap	64	1	0.1	NegativeBinomialAutoencoder	zeros	False
0.4476190476190476	47	105	50850	off_target	net_98_11932	3	0.1	net_98_11932_net_51_10906_net_60_10082_net_90_11013_net_75_10306_net_77_11506	GradientShap_64_1_0.1_NegativeBinomialAutoencoder_zeros_False	GradientShap	64	1	0.1	NegativeBinomialAutoencoder	zeros	False
0.7619047619047619	80	105	101700	off_target	net_98_11932	3	0.2	net_98_11932_net_51_10906_net_60_10082_net_90_11013_net_75_10306_net_77_11506	GradientShap_64_1_0.1_NegativeBinomialAutoencoder_zeros_False	GradientShap	64	1	0.1	NegativeBinomialAutoencoder	zeros	False
0.8285714285714286	87	105	127126	off_target	net_98_11932	3	0.25	net_98_11932_net_51_10906_net_60_10082_net_90_11013_net_75_10306_net_77_11506	GradientShap_64_1_0.1_NegativeBinomialAutoencoder_zeros_False	GradientShap	64	1	0.1	NegativeBinomialAutoencoder	zeros	False
1.0	105	105	203401	off_target	net_98_11932	3	0.5	net_98_11932_net_51_10906_net_60_10082_net_90_11013_net_75_10306_net_77_11506	GradientShap_64_1_0.1_NegativeBinomialAutoencoder_zeros_False	GradientShap	64	1	0.1	NegativeBinomialAutoencoder	zeros	False
1.0	105	105	203401	off_target	net_98_11932	3	0.75	net_98_11932_net_51_10906_net_60_10082_net_90_11013_net_75_10306_net_77_11506	GradientShap_64_1_0.1_NegativeBinomialAutoencoder_zeros_False	GradientShap	64	1	0.1	NegativeBinomialAutoencoder	zeros	False
1.0	105	105	203401	off_target	net_98_11932	3	1.0	net_98_11932_net_51_10906_net_60_10082_net_90_11013_net_75_10306_net_77_11506	GradientShap_64_1_0.1_NegativeBinomialAutoencoder_zeros_False	GradientShap	64	1	0.1	NegativeBinomialAutoencoder	zeros	False
0.0	0	105	509	off_target	net_98_11932	4	0.001	net_98_11932_net_51_10906_net_60_10082_net_90_11013_net_75_10306_net_77_11506	GradientShap_64_1_0.1_NegativeBinomialAutoencoder_zeros_False	GradientShap	64	1	0.1	NegativeBinomialAutoencoder	zeros	False
0.019047619047619	2	105	5085	off_target	net_98_11932	4	0.01	net_98_11932_net_51_10906_net_60_10082_net_90_11013_net_75_10306_net_77_11506	GradientShap_64_1_0.1_NegativeBinomialAutoencoder_zeros_False	GradientShap	64	1	0.1	NegativeBinomialAutoencoder	zeros	False
0.1333333333333333	14	105	25425	off_target	net_98_11932	4	0.05	net_98_11932_net_51_10906_net_60_10082_net_90_11013_net_75_10306_net_77_11506	GradientShap_64_1_0.1_NegativeBinomialAutoencoder_zeros_False	GradientShap	64	1	0.1	NegativeBinomialAutoencoder	zeros	False
0.2476190476190476	26	105	50850	off_target	net_98_11932	4	0.1	net_98_11932_net_51_10906_net_60_10082_net_90_11013_net_75_10306_net_77_11506	GradientShap_64_1_0.1_NegativeBinomialAutoencoder_zeros_False	GradientShap	64	1	0.1	NegativeBinomialAutoencoder	zeros	False
0.6761904761904762	71	105	101700	off_target	net_98_11932	4	0.2	net_98_11932_net_51_10906_net_60_10082_net_90_11013_net_75_10306_net_77_11506	GradientShap_64_1_0.1_NegativeBinomialAutoencoder_zeros_False	GradientShap	64	1	0.1	NegativeBinomialAutoencoder	zeros	False
0.8	84	105	127126	off_target	net_98_11932	4	0.25	net_98_11932_net_51_10906_net_60_10082_net_90_11013_net_75_10306_net_77_11506	GradientShap_64_1_0.1_NegativeBinomialAutoencoder_zeros_False	GradientShap	64	1	0.1	NegativeBinomialAutoencoder	zeros	False
1.0	105	105	203401	off_target	net_98_11932	4	0.5	net_98_11932_net_51_10906_net_60_10082_net_90_11013_net_75_10306_net_77_11506	GradientShap_64_1_0.1_NegativeBinomialAutoencoder_zeros_False	GradientShap	64	1	0.1	NegativeBinomialAutoencoder	zeros	False
1.0	105	105	203401	off_target	net_98_11932	4	0.75	net_98_11932_net_51_10906_net_60_10082_net_90_11013_net_75_10306_net_77_11506	GradientShap_64_1_0.1_NegativeBinomialAutoencoder_zeros_False	GradientShap	64	1	0.1	NegativeBinomialAutoencoder	zeros	False
1.0	105	105	203401	off_target	net_98_11932	4	1.0	net_98_11932_net_51_10906_net_60_10082_net_90_11013_net_75_10306_net_77_11506	GradientShap_64_1_0.1_NegativeBinomialAutoencoder_zeros_False	GradientShap	64	1	0.1	NegativeBinomialAutoencoder	zeros	False
0.0	0	90	509	off_target	net_51_10906	0	0.001	net_98_11932_net_51_10906_net_60_10082_net_90_11013_net_75_10306_net_77_11506	GradientShap_64_1_0.1_NegativeBinomialAutoencoder_zeros_False	GradientShap	64	1	0.1	NegativeBinomialAutoencoder	zeros	False
0.0	0	90	5085	off_target	net_51_10906	0	0.01	net_98_11932_net_51_10906_net_60_10082_net_90_11013_net_75_10306_net_77_11506	GradientShap_64_1_0.1_NegativeBinomialAutoencoder_zeros_False	GradientShap	64	1	0.1	NegativeBinomialAutoencoder	zeros	False
0.0666666666666666	6	90	25425	off_target	net_51_10906	0	0.05	net_98_11932_net_51_10906_net_60_10082_net_90_11013_net_75_10306_net_77_11506	GradientShap_64_1_0.1_NegativeBinomialAutoencoder_zeros_False	GradientShap	64	1	0.1	NegativeBinomialAutoencoder	zeros	False
0.1	9	90	50850	off_target	net_51_10906	0	0.1	net_98_11932_net_51_10906_net_60_10082_net_90_11013_net_75_10306_net_77_11506	GradientShap_64_1_0.1_NegativeBinomialAutoencoder_zeros_False	GradientShap	64	1	0.1	NegativeBinomialAutoencoder	zeros	False
0.3666666666666666	33	90	101700	off_target	net_51_10906	0	0.2	net_98_11932_net_51_10906_net_60_10082_net_90_11013_net_75_10306_net_77_11506	GradientShap_64_1_0.1_NegativeBinomialAutoencoder_zeros_False	GradientShap	64	1	0.1	NegativeBinomialAutoencoder	zeros	False
0.5888888888888889	53	90	127126	off_target	net_51_10906	0	0.25	net_98_11932_net_51_10906_net_60_10082_net_90_11013_net_75_10306_net_77_11506	GradientShap_64_1_0.1_NegativeBinomialAutoencoder_zeros_False	GradientShap	64	1	0.1	NegativeBinomialAutoencoder	zeros	False
1.0	90	90	203401	off_target	net_51_10906	0	0.5	net_98_11932_net_51_10906_net_60_10082_net_90_11013_net_75_10306_net_77_11506	GradientShap_64_1_0.1_NegativeBinomialAutoencoder_zeros_False	GradientShap	64	1	0.1	NegativeBinomialAutoencoder	zeros	False
1.0	90	90	203401	off_target	net_51_10906	0	0.75	net_98_11932_net_51_10906_net_60_10082_net_90_11013_net_75_10306_net_77_11506	GradientShap_64_1_0.1_NegativeBinomialAutoencoder_zeros_False	GradientShap	64	1	0.1	NegativeBinomialAutoencoder	zeros	False
1.0	90	90	203401	off_target	net_51_10906	0	1.0	net_98_11932_net_51_10906_net_60_10082_net_90_11013_net_75_10306_net_77_11506	GradientShap_64_1_0.1_NegativeBinomialAutoencoder_zeros_False	GradientShap	64	1	0.1	NegativeBinomialAutoencoder	zeros	False
0.0	0	90	509	on_target	net_51_10906	1	0.001	net_98_11932_net_51_10906_net_60_10082_net_90_11013_net_75_10306_net_77_11506	GradientShap_64_1_0.1_NegativeBinomialAutoencoder_zeros_False	GradientShap	64	1	0.1	NegativeBinomialAutoencoder	zeros	False
0.0777777777777777	7	90	5085	on_target	net_51_10906	1	0.01	net_98_11932_net_51_10906_net_60_10082_net_90_11013_net_75_10306_net_77_11506	GradientShap_64_1_0.1_NegativeBinomialAutoencoder_zeros_False	GradientShap	64	1	0.1	NegativeBinomialAutoencoder	zeros	False
0.1888888888888888	17	90	25425	on_target	net_51_10906	1	0.05	net_98_11932_net_51_10906_net_60_10082_net_90_11013_net_75_10306_net_77_11506	GradientShap_64_1_0.1_NegativeBinomialAutoencoder_zeros_False	GradientShap	64	1	0.1	NegativeBinomialAutoencoder	zeros	False
0.3	27	90	50850	on_target	net_51_10906	1	0.1	net_98_11932_net_51_10906_net_60_10082_net_90_11013_net_75_10306_net_77_11506	GradientShap_64_1_0.1_NegativeBinomialAutoencoder_zeros_False	GradientShap	64	1	0.1	NegativeBinomialAutoencoder	zeros	False
0.5888888888888889	53	90	101700	on_target	net_51_10906	1	0.2	net_98_11932_net_51_10906_net_60_10082_net_90_11013_net_75_10306_net_77_11506	GradientShap_64_1_0.1_NegativeBinomialAutoencoder_zeros_False	GradientShap	64	1	0.1	NegativeBinomialAutoencoder	zeros	False
0.6888888888888889	62	90	127126	on_target	net_51_10906	1	0.25	net_98_11932_net_51_10906_net_60_10082_net_90_11013_net_75_10306_net_77_11506	GradientShap_64_1_0.1_NegativeBinomialAutoencoder_zeros_False	GradientShap	64	1	0.1	NegativeBinomialAutoencoder	zeros	False
1.0	90	90	203401	on_target	net_51_10906	1	0.5	net_98_11932_net_51_10906_net_60_10082_net_90_11013_net_75_10306_net_77_11506	GradientShap_64_1_0.1_NegativeBinomialAutoencoder_zeros_False	GradientShap	64	1	0.1	NegativeBinomialAutoencoder	zeros	False
1.0	90	90	203401	on_target	net_51_10906	1	0.75	net_98_11932_net_51_10906_net_60_10082_net_90_11013_net_75_10306_net_77_11506	GradientShap_64_1_0.1_NegativeBinomialAutoencoder_zeros_False	GradientShap	64	1	0.1	NegativeBinomialAutoencoder	zeros	False
1.0	90	90	203401	on_target	net_51_10906	1	1.0	net_98_11932_net_51_10906_net_60_10082_net_90_11013_net_75_10306_net_77_11506	GradientShap_64_1_0.1_NegativeBinomialAutoencoder_zeros_False	GradientShap	64	1	0.1	NegativeBinomialAutoencoder	zeros	False
0.0	0	90	509	off_target	net_51_10906	2	0.001	net_98_11932_net_51_10906_net_60_10082_net_90_11013_net_75_10306_net_77_11506	GradientShap_64_1_0.1_NegativeBinomialAutoencoder_zeros_False	GradientShap	64	1	0.1	NegativeBinomialAutoencoder	zeros	False
0.0	0	90	5085	off_target	net_51_10906	2	0.01	net_98_11932_net_51_10906_net_60_10082_net_90_11013_net_75_10306_net_77_11506	GradientShap_64_1_0.1_NegativeBinomialAutoencoder_zeros_False	GradientShap	64	1	0.1	NegativeBinomialAutoencoder	zeros	False
0.0	0	90	25425	off_target	net_51_10906	2	0.05	net_98_11932_net_51_10906_net_60_10082_net_90_11013_net_75_10306_net_77_11506	GradientShap_64_1_0.1_NegativeBinomialAutoencoder_zeros_False	GradientShap	64	1	0.1	NegativeBinomialAutoencoder	zeros	False
0.1	9	90	50850	off_target	net_51_10906	2	0.1	net_98_11932_net_51_10906_net_60_10082_net_90_11013_net_75_10306_net_77_11506	GradientShap_64_1_0.1_NegativeBinomialAutoencoder_zeros_False	GradientShap	64	1	0.1	NegativeBinomialAutoencoder	zeros	False
0.4222222222222222	38	90	101700	off_target	net_51_10906	2	0.2	net_98_11932_net_51_10906_net_60_10082_net_90_11013_net_75_10306_net_77_11506	GradientShap_64_1_0.1_NegativeBinomialAutoencoder_zeros_False	GradientShap	64	1	0.1	NegativeBinomialAutoencoder	zeros	False
0.6	54	90	127126	off_target	net_51_10906	2	0.25	net_98_11932_net_51_10906_net_60_10082_net_90_11013_net_75_10306_net_77_11506	GradientShap_64_1_0.1_NegativeBinomialAutoencoder_zeros_False	GradientShap	64	1	0.1	NegativeBinomialAutoencoder	zeros	False
1.0	90	90	203401	off_target	net_51_10906	2	0.5	net_98_11932_net_51_10906_net_60_10082_net_90_11013_net_75_10306_net_77_11506	GradientShap_64_1_0.1_NegativeBinomialAutoencoder_zeros_False	GradientShap	64	1	0.1	NegativeBinomialAutoencoder	zeros	False
1.0	90	90	203401	off_target	net_51_10906	2	0.75	net_98_11932_net_51_10906_net_60_10082_net_90_11013_net_75_10306_net_77_11506	GradientShap_64_1_0.1_NegativeBinomialAutoencoder_zeros_False	GradientShap	64	1	0.1	NegativeBinomialAutoencoder	zeros	False
1.0	90	90	203401	off_target	net_51_10906	2	1.0	net_98_11932_net_51_10906_net_60_10082_net_90_11013_net_75_10306_net_77_11506	GradientShap_64_1_0.1_NegativeBinomialAutoencoder_zeros_False	GradientShap	64	1	0.1	NegativeBinomialAutoencoder	zeros	False
0.0	0	90	509	off_target	net_51_10906	3	0.001	net_98_11932_net_51_10906_net_60_10082_net_90_11013_net_75_10306_net_77_11506	GradientShap_64_1_0.1_NegativeBinomialAutoencoder_zeros_False	GradientShap	64	1	0.1	NegativeBinomialAutoencoder	zeros	False
0.0	0	90	5085	off_target	net_51_10906	3	0.01	net_98_11932_net_51_10906_net_60_10082_net_90_11013_net_75_10306_net_77_11506	GradientShap_64_1_0.1_NegativeBinomialAutoencoder_zeros_False	GradientShap	64	1	0.1	NegativeBinomialAutoencoder	zeros	False
0.0111111111111111	1	90	25425	off_target	net_51_10906	3	0.05	net_98_11932_net_51_10906_net_60_10082_net_90_11013_net_75_10306_net_77_11506	GradientShap_64_1_0.1_NegativeBinomialAutoencoder_zeros_False	GradientShap	64	1	0.1	NegativeBinomialAutoencoder	zeros	False
0.0777777777777777	7	90	50850	off_target	net_51_10906	3	0.1	net_98_11932_net_51_10906_net_60_10082_net_90_11013_net_75_10306_net_77_11506	GradientShap_64_1_0.1_NegativeBinomialAutoencoder_zeros_False	GradientShap	64	1	0.1	NegativeBinomialAutoencoder	zeros	False
0.3	27	90	101700	off_target	net_51_10906	3	0.2	net_98_11932_net_51_10906_net_60_10082_net_90_11013_net_75_10306_net_77_11506	GradientShap_64_1_0.1_NegativeBinomialAutoencoder_zeros_False	GradientShap	64	1	0.1	NegativeBinomialAutoencoder	zeros	False
0.4555555555555555	41	90	127126	off_target	net_51_10906	3	0.25	net_98_11932_net_51_10906_net_60_10082_net_90_11013_net_75_10306_net_77_11506	GradientShap_64_1_0.1_NegativeBinomialAutoencoder_zeros_False	GradientShap	64	1	0.1	NegativeBinomialAutoencoder	zeros	False
1.0	90	90	203401	off_target	net_51_10906	3	0.5	net_98_11932_net_51_10906_net_60_10082_net_90_11013_net_75_10306_net_77_11506	GradientShap_64_1_0.1_NegativeBinomialAutoencoder_zeros_False	GradientShap	64	1	0.1	NegativeBinomialAutoencoder	zeros	False
1.0	90	90	203401	off_target	net_51_10906	3	0.75	net_98_11932_net_51_10906_net_60_10082_net_90_11013_net_75_10306_net_77_11506	GradientShap_64_1_0.1_NegativeBinomialAutoencoder_zeros_False	GradientShap	64	1	0.1	NegativeBinomialAutoencoder	zeros	False
1.0	90	90	203401	off_target	net_51_10906	3	1.0	net_98_11932_net_51_10906_net_60_10082_net_90_11013_net_75_10306_net_77_11506	GradientShap_64_1_0.1_NegativeBinomialAutoencoder_zeros_False	GradientShap	64	1	0.1	NegativeBinomialAutoencoder	zeros	False
0.0	0	90	509	off_target	net_51_10906	4	0.001	net_98_11932_net_51_10906_net_60_10082_net_90_11013_net_75_10306_net_77_11506	GradientShap_64_1_0.1_NegativeBinomialAutoencoder_zeros_False	GradientShap	64	1	0.1	NegativeBinomialAutoencoder	zeros	False
0.0111111111111111	1	90	5085	off_target	net_51_10906	4	0.01	net_98_11932_net_51_10906_net_60_10082_net_90_11013_net_75_10306_net_77_11506	GradientShap_64_1_0.1_NegativeBinomialAutoencoder_zeros_False	GradientShap	64	1	0.1	NegativeBinomialAutoencoder	zeros	False
0.0777777777777777	7	90	25425	off_target	net_51_10906	4	0.05	net_98_11932_net_51_10906_net_60_10082_net_90_11013_net_75_10306_net_77_11506	GradientShap_64_1_0.1_NegativeBinomialAutoencoder_zeros_False	GradientShap	64	1	0.1	NegativeBinomialAutoencoder	zeros	False
0.2777777777777778	25	90	50850	off_target	net_51_10906	4	0.1	net_98_11932_net_51_10906_net_60_10082_net_90_11013_net_75_10306_net_77_11506	GradientShap_64_1_0.1_NegativeBinomialAutoencoder_zeros_False	GradientShap	64	1	0.1	NegativeBinomialAutoencoder	zeros	False
0.5111111111111111	46	90	101700	off_target	net_51_10906	4	0.2	net_98_11932_net_51_10906_net_60_10082_net_90_11013_net_75_10306_net_77_11506	GradientShap_64_1_0.1_NegativeBinomialAutoencoder_zeros_False	GradientShap	64	1	0.1	NegativeBinomialAutoencoder	zeros	False
0.6	54	90	127126	off_target	net_51_10906	4	0.25	net_98_11932_net_51_10906_net_60_10082_net_90_11013_net_75_10306_net_77_11506	GradientShap_64_1_0.1_NegativeBinomialAutoencoder_zeros_False	GradientShap	64	1	0.1	NegativeBinomialAutoencoder	zeros	False
1.0	90	90	203401	off_target	net_51_10906	4	0.5	net_98_11932_net_51_10906_net_60_10082_net_90_11013_net_75_10306_net_77_11506	GradientShap_64_1_0.1_NegativeBinomialAutoencoder_zeros_False	GradientShap	64	1	0.1	NegativeBinomialAutoencoder	zeros	False
1.0	90	90	203401	off_target	net_51_10906	4	0.75	net_98_11932_net_51_10906_net_60_10082_net_90_11013_net_75_10306_net_77_11506	GradientShap_64_1_0.1_NegativeBinomialAutoencoder_zeros_False	GradientShap	64	1	0.1	NegativeBinomialAutoencoder	zeros	False
1.0	90	90	203401	off_target	net_51_10906	4	1.0	net_98_11932_net_51_10906_net_60_10082_net_90_11013_net_75_10306_net_77_11506	GradientShap_64_1_0.1_NegativeBinomialAutoencoder_zeros_False	GradientShap	64	1	0.1	NegativeBinomialAutoencoder	zeros	False
0.0	0	104	509	off_target	net_60_10082	0	0.001	net_98_11932_net_51_10906_net_60_10082_net_90_11013_net_75_10306_net_77_11506	GradientShap_64_1_0.1_NegativeBinomialAutoencoder_zeros_False	GradientShap	64	1	0.1	NegativeBinomialAutoencoder	zeros	False
0.0	0	104	5085	off_target	net_60_10082	0	0.01	net_98_11932_net_51_10906_net_60_10082_net_90_11013_net_75_10306_net_77_11506	GradientShap_64_1_0.1_NegativeBinomialAutoencoder_zeros_False	GradientShap	64	1	0.1	NegativeBinomialAutoencoder	zeros	False
0.0	0	104	25425	off_target	net_60_10082	0	0.05	net_98_11932_net_51_10906_net_60_10082_net_90_11013_net_75_10306_net_77_11506	GradientShap_64_1_0.1_NegativeBinomialAutoencoder_zeros_False	GradientShap	64	1	0.1	NegativeBinomialAutoencoder	zeros	False
0.0961538461538461	10	104	50850	off_target	net_60_10082	0	0.1	net_98_11932_net_51_10906_net_60_10082_net_90_11013_net_75_10306_net_77_11506	GradientShap_64_1_0.1_NegativeBinomialAutoencoder_zeros_False	GradientShap	64	1	0.1	NegativeBinomialAutoencoder	zeros	False
0.5192307692307693	54	104	101700	off_target	net_60_10082	0	0.2	net_98_11932_net_51_10906_net_60_10082_net_90_11013_net_75_10306_net_77_11506	GradientShap_64_1_0.1_NegativeBinomialAutoencoder_zeros_False	GradientShap	64	1	0.1	NegativeBinomialAutoencoder	zeros	False
0.6923076923076923	72	104	127126	off_target	net_60_10082	0	0.25	net_98_11932_net_51_10906_net_60_10082_net_90_11013_net_75_10306_net_77_11506	GradientShap_64_1_0.1_NegativeBinomialAutoencoder_zeros_False	GradientShap	64	1	0.1	NegativeBinomialAutoencoder	zeros	False
1.0	104	104	203401	off_target	net_60_10082	0	0.5	net_98_11932_net_51_10906_net_60_10082_net_90_11013_net_75_10306_net_77_11506	GradientShap_64_1_0.1_NegativeBinomialAutoencoder_zeros_False	GradientShap	64	1	0.1	NegativeBinomialAutoencoder	zeros	False
1.0	104	104	203401	off_target	net_60_10082	0	0.75	net_98_11932_net_51_10906_net_60_10082_net_90_11013_net_75_10306_net_77_11506	GradientShap_64_1_0.1_NegativeBinomialAutoencoder_zeros_False	GradientShap	64	1	0.1	NegativeBinomialAutoencoder	zeros	False
1.0	104	104	203401	off_target	net_60_10082	0	1.0	net_98_11932_net_51_10906_net_60_10082_net_90_11013_net_75_10306_net_77_11506	GradientShap_64_1_0.1_NegativeBinomialAutoencoder_zeros_False	GradientShap	64	1	0.1	NegativeBinomialAutoencoder	zeros	False
0.0	0	104	509	off_target	net_60_10082	1	0.001	net_98_11932_net_51_10906_net_60_10082_net_90_11013_net_75_10306_net_77_11506	GradientShap_64_1_0.1_NegativeBinomialAutoencoder_zeros_False	GradientShap	64	1	0.1	NegativeBinomialAutoencoder	zeros	False
0.0576923076923076	6	104	5085	off_target	net_60_10082	1	0.01	net_98_11932_net_51_10906_net_60_10082_net_90_11013_net_75_10306_net_77_11506	GradientShap_64_1_0.1_NegativeBinomialAutoencoder_zeros_False	GradientShap	64	1	0.1	NegativeBinomialAutoencoder	zeros	False
0.2307692307692307	24	104	25425	off_target	net_60_10082	1	0.05	net_98_11932_net_51_10906_net_60_10082_net_90_11013_net_75_10306_net_77_11506	GradientShap_64_1_0.1_NegativeBinomialAutoencoder_zeros_False	GradientShap	64	1	0.1	NegativeBinomialAutoencoder	zeros	False
0.4038461538461538	42	104	50850	off_target	net_60_10082	1	0.1	net_98_11932_net_51_10906_net_60_10082_net_90_11013_net_75_10306_net_77_11506	GradientShap_64_1_0.1_NegativeBinomialAutoencoder_zeros_False	GradientShap	64	1	0.1	NegativeBinomialAutoencoder	zeros	False
0.6538461538461539	68	104	101700	off_target	net_60_10082	1	0.2	net_98_11932_net_51_10906_net_60_10082_net_90_11013_net_75_10306_net_77_11506	GradientShap_64_1_0.1_NegativeBinomialAutoencoder_zeros_False	GradientShap	64	1	0.1	NegativeBinomialAutoencoder	zeros	False
0.7884615384615384	82	104	127126	off_target	net_60_10082	1	0.25	net_98_11932_net_51_10906_net_60_10082_net_90_11013_net_75_10306_net_77_11506	GradientShap_64_1_0.1_NegativeBinomialAutoencoder_zeros_False	GradientShap	64	1	0.1	NegativeBinomialAutoencoder	zeros	False
1.0	104	104	203401	off_target	net_60_10082	1	0.5	net_98_11932_net_51_10906_net_60_10082_net_90_11013_net_75_10306_net_77_11506	GradientShap_64_1_0.1_NegativeBinomialAutoencoder_zeros_False	GradientShap	64	1	0.1	NegativeBinomialAutoencoder	zeros	False
1.0	104	104	203401	off_target	net_60_10082	1	0.75	net_98_11932_net_51_10906_net_60_10082_net_90_11013_net_75_10306_net_77_11506	GradientShap_64_1_0.1_NegativeBinomialAutoencoder_zeros_False	GradientShap	64	1	0.1	NegativeBinomialAutoencoder	zeros	False
1.0	104	104	203401	off_target	net_60_10082	1	1.0	net_98_11932_net_51_10906_net_60_10082_net_90_11013_net_75_10306_net_77_11506	GradientShap_64_1_0.1_NegativeBinomialAutoencoder_zeros_False	GradientShap	64	1	0.1	NegativeBinomialAutoencoder	zeros	False
0.0	0	104	509	on_target	net_60_10082	2	0.001	net_98_11932_net_51_10906_net_60_10082_net_90_11013_net_75_10306_net_77_11506	GradientShap_64_1_0.1_NegativeBinomialAutoencoder_zeros_False	GradientShap	64	1	0.1	NegativeBinomialAutoencoder	zeros	False
0.0865384615384615	9	104	5085	on_target	net_60_10082	2	0.01	net_98_11932_net_51_10906_net_60_10082_net_90_11013_net_75_10306_net_77_11506	GradientShap_64_1_0.1_NegativeBinomialAutoencoder_zeros_False	GradientShap	64	1	0.1	NegativeBinomialAutoencoder	zeros	False
0.3365384615384615	35	104	25425	on_target	net_60_10082	2	0.05	net_98_11932_net_51_10906_net_60_10082_net_90_11013_net_75_10306_net_77_11506	GradientShap_64_1_0.1_NegativeBinomialAutoencoder_zeros_False	GradientShap	64	1	0.1	NegativeBinomialAutoencoder	zeros	False
0.5288461538461539	55	104	50850	on_target	net_60_10082	2	0.1	net_98_11932_net_51_10906_net_60_10082_net_90_11013_net_75_10306_net_77_11506	GradientShap_64_1_0.1_NegativeBinomialAutoencoder_zeros_False	GradientShap	64	1	0.1	NegativeBinomialAutoencoder	zeros	False
0.6634615384615384	69	104	101700	on_target	net_60_10082	2	0.2	net_98_11932_net_51_10906_net_60_10082_net_90_11013_net_75_10306_net_77_11506	GradientShap_64_1_0.1_NegativeBinomialAutoencoder_zeros_False	GradientShap	64	1	0.1	NegativeBinomialAutoencoder	zeros	False
0.7596153846153846	79	104	127126	on_target	net_60_10082	2	0.25	net_98_11932_net_51_10906_net_60_10082_net_90_11013_net_75_10306_net_77_11506	GradientShap_64_1_0.1_NegativeBinomialAutoencoder_zeros_False	GradientShap	64	1	0.1	NegativeBinomialAutoencoder	zeros	False
1.0	104	104	203401	on_target	net_60_10082	2	0.5	net_98_11932_net_51_10906_net_60_10082_net_90_11013_net_75_10306_net_77_11506	GradientShap_64_1_0.1_NegativeBinomialAutoencoder_zeros_False	GradientShap	64	1	0.1	NegativeBinomialAutoencoder	zeros	False
1.0	104	104	203401	on_target	net_60_10082	2	0.75	net_98_11932_net_51_10906_net_60_10082_net_90_11013_net_75_10306_net_77_11506	GradientShap_64_1_0.1_NegativeBinomialAutoencoder_zeros_False	GradientShap	64	1	0.1	NegativeBinomialAutoencoder	zeros	False
1.0	104	104	203401	on_target	net_60_10082	2	1.0	net_98_11932_net_51_10906_net_60_10082_net_90_11013_net_75_10306_net_77_11506	GradientShap_64_1_0.1_NegativeBinomialAutoencoder_zeros_False	GradientShap	64	1	0.1	NegativeBinomialAutoencoder	zeros	False
0.0	0	104	509	off_target	net_60_10082	3	0.001	net_98_11932_net_51_10906_net_60_10082_net_90_11013_net_75_10306_net_77_11506	GradientShap_64_1_0.1_NegativeBinomialAutoencoder_zeros_False	GradientShap	64	1	0.1	NegativeBinomialAutoencoder	zeros	False
0.0	0	104	5085	off_target	net_60_10082	3	0.01	net_98_11932_net_51_10906_net_60_10082_net_90_11013_net_75_10306_net_77_11506	GradientShap_64_1_0.1_NegativeBinomialAutoencoder_zeros_False	GradientShap	64	1	0.1	NegativeBinomialAutoencoder	zeros	False
0.1923076923076923	20	104	25425	off_target	net_60_10082	3	0.05	net_98_11932_net_51_10906_net_60_10082_net_90_11013_net_75_10306_net_77_11506	GradientShap_64_1_0.1_NegativeBinomialAutoencoder_zeros_False	GradientShap	64	1	0.1	NegativeBinomialAutoencoder	zeros	False
0.3557692307692308	37	104	50850	off_target	net_60_10082	3	0.1	net_98_11932_net_51_10906_net_60_10082_net_90_11013_net_75_10306_net_77_11506	GradientShap_64_1_0.1_NegativeBinomialAutoencoder_zeros_False	GradientShap	64	1	0.1	NegativeBinomialAutoencoder	zeros	False
0.6442307692307693	67	104	101700	off_target	net_60_10082	3	0.2	net_98_11932_net_51_10906_net_60_10082_net_90_11013_net_75_10306_net_77_11506	GradientShap_64_1_0.1_NegativeBinomialAutoencoder_zeros_False	GradientShap	64	1	0.1	NegativeBinomialAutoencoder	zeros	False
0.7211538461538461	75	104	127126	off_target	net_60_10082	3	0.25	net_98_11932_net_51_10906_net_60_10082_net_90_11013_net_75_10306_net_77_11506	GradientShap_64_1_0.1_NegativeBinomialAutoencoder_zeros_False	GradientShap	64	1	0.1	NegativeBinomialAutoencoder	zeros	False
1.0	104	104	203401	off_target	net_60_10082	3	0.5	net_98_11932_net_51_10906_net_60_10082_net_90_11013_net_75_10306_net_77_11506	GradientShap_64_1_0.1_NegativeBinomialAutoencoder_zeros_False	GradientShap	64	1	0.1	NegativeBinomialAutoencoder	zeros	False
1.0	104	104	203401	off_target	net_60_10082	3	0.75	net_98_11932_net_51_10906_net_60_10082_net_90_11013_net_75_10306_net_77_11506	GradientShap_64_1_0.1_NegativeBinomialAutoencoder_zeros_False	GradientShap	64	1	0.1	NegativeBinomialAutoencoder	zeros	False
1.0	104	104	203401	off_target	net_60_10082	3	1.0	net_98_11932_net_51_10906_net_60_10082_net_90_11013_net_75_10306_net_77_11506	GradientShap_64_1_0.1_NegativeBinomialAutoencoder_zeros_False	GradientShap	64	1	0.1	NegativeBinomialAutoencoder	zeros	False
0.0	0	104	509	off_target	net_60_10082	4	0.001	net_98_11932_net_51_10906_net_60_10082_net_90_11013_net_75_10306_net_77_11506	GradientShap_64_1_0.1_NegativeBinomialAutoencoder_zeros_False	GradientShap	64	1	0.1	NegativeBinomialAutoencoder	zeros	False
0.0192307692307692	2	104	5085	off_target	net_60_10082	4	0.01	net_98_11932_net_51_10906_net_60_10082_net_90_11013_net_75_10306_net_77_11506	GradientShap_64_1_0.1_NegativeBinomialAutoencoder_zeros_False	GradientShap	64	1	0.1	NegativeBinomialAutoencoder	zeros	False
0.2403846153846154	25	104	25425	off_target	net_60_10082	4	0.05	net_98_11932_net_51_10906_net_60_10082_net_90_11013_net_75_10306_net_77_11506	GradientShap_64_1_0.1_NegativeBinomialAutoencoder_zeros_False	GradientShap	64	1	0.1	NegativeBinomialAutoencoder	zeros	False
0.4038461538461538	42	104	50850	off_target	net_60_10082	4	0.1	net_98_11932_net_51_10906_net_60_10082_net_90_11013_net_75_10306_net_77_11506	GradientShap_64_1_0.1_NegativeBinomialAutoencoder_zeros_False	GradientShap	64	1	0.1	NegativeBinomialAutoencoder	zeros	False
0.7307692307692307	76	104	101700	off_target	net_60_10082	4	0.2	net_98_11932_net_51_10906_net_60_10082_net_90_11013_net_75_10306_net_77_11506	GradientShap_64_1_0.1_NegativeBinomialAutoencoder_zeros_False	GradientShap	64	1	0.1	NegativeBinomialAutoencoder	zeros	False
0.7980769230769231	83	104	127126	off_target	net_60_10082	4	0.25	net_98_11932_net_51_10906_net_60_10082_net_90_11013_net_75_10306_net_77_11506	GradientShap_64_1_0.1_NegativeBinomialAutoencoder_zeros_False	GradientShap	64	1	0.1	NegativeBinomialAutoencoder	zeros	False
1.0	104	104	203401	off_target	net_60_10082	4	0.5	net_98_11932_net_51_10906_net_60_10082_net_90_11013_net_75_10306_net_77_11506	GradientShap_64_1_0.1_NegativeBinomialAutoencoder_zeros_False	GradientShap	64	1	0.1	NegativeBinomialAutoencoder	zeros	False
1.0	104	104	203401	off_target	net_60_10082	4	0.75	net_98_11932_net_51_10906_net_60_10082_net_90_11013_net_75_10306_net_77_11506	GradientShap_64_1_0.1_NegativeBinomialAutoencoder_zeros_False	GradientShap	64	1	0.1	NegativeBinomialAutoencoder	zeros	False
1.0	104	104	203401	off_target	net_60_10082	4	1.0	net_98_11932_net_51_10906_net_60_10082_net_90_11013_net_75_10306_net_77_11506	GradientShap_64_1_0.1_NegativeBinomialAutoencoder_zeros_False	GradientShap	64	1	0.1	NegativeBinomialAutoencoder	zeros	False
0.0	0	216	509	off_target	net_90_11013	0	0.001	net_98_11932_net_51_10906_net_60_10082_net_90_11013_net_75_10306_net_77_11506	GradientShap_64_1_0.1_NegativeBinomialAutoencoder_zeros_False	GradientShap	64	1	0.1	NegativeBinomialAutoencoder	zeros	False
0.0416666666666666	9	216	5085	off_target	net_90_11013	0	0.01	net_98_11932_net_51_10906_net_60_10082_net_90_11013_net_75_10306_net_77_11506	GradientShap_64_1_0.1_NegativeBinomialAutoencoder_zeros_False	GradientShap	64	1	0.1	NegativeBinomialAutoencoder	zeros	False
0.2638888888888889	57	216	25425	off_target	net_90_11013	0	0.05	net_98_11932_net_51_10906_net_60_10082_net_90_11013_net_75_10306_net_77_11506	GradientShap_64_1_0.1_NegativeBinomialAutoencoder_zeros_False	GradientShap	64	1	0.1	NegativeBinomialAutoencoder	zeros	False
0.4583333333333333	99	216	50850	off_target	net_90_11013	0	0.1	net_98_11932_net_51_10906_net_60_10082_net_90_11013_net_75_10306_net_77_11506	GradientShap_64_1_0.1_NegativeBinomialAutoencoder_zeros_False	GradientShap	64	1	0.1	NegativeBinomialAutoencoder	zeros	False
0.6851851851851852	148	216	101700	off_target	net_90_11013	0	0.2	net_98_11932_net_51_10906_net_60_10082_net_90_11013_net_75_10306_net_77_11506	GradientShap_64_1_0.1_NegativeBinomialAutoencoder_zeros_False	GradientShap	64	1	0.1	NegativeBinomialAutoencoder	zeros	False
0.7777777777777778	168	216	127126	off_target	net_90_11013	0	0.25	net_98_11932_net_51_10906_net_60_10082_net_90_11013_net_75_10306_net_77_11506	GradientShap_64_1_0.1_NegativeBinomialAutoencoder_zeros_False	GradientShap	64	1	0.1	NegativeBinomialAutoencoder	zeros	False
1.0	216	216	203401	off_target	net_90_11013	0	0.5	net_98_11932_net_51_10906_net_60_10082_net_90_11013_net_75_10306_net_77_11506	GradientShap_64_1_0.1_NegativeBinomialAutoencoder_zeros_False	GradientShap	64	1	0.1	NegativeBinomialAutoencoder	zeros	False
1.0	216	216	203401	off_target	net_90_11013	0	0.75	net_98_11932_net_51_10906_net_60_10082_net_90_11013_net_75_10306_net_77_11506	GradientShap_64_1_0.1_NegativeBinomialAutoencoder_zeros_False	GradientShap	64	1	0.1	NegativeBinomialAutoencoder	zeros	False
1.0	216	216	203401	off_target	net_90_11013	0	1.0	net_98_11932_net_51_10906_net_60_10082_net_90_11013_net_75_10306_net_77_11506	GradientShap_64_1_0.1_NegativeBinomialAutoencoder_zeros_False	GradientShap	64	1	0.1	NegativeBinomialAutoencoder	zeros	False
0.0	0	216	509	off_target	net_90_11013	1	0.001	net_98_11932_net_51_10906_net_60_10082_net_90_11013_net_75_10306_net_77_11506	GradientShap_64_1_0.1_NegativeBinomialAutoencoder_zeros_False	GradientShap	64	1	0.1	NegativeBinomialAutoencoder	zeros	False
0.0555555555555555	12	216	5085	off_target	net_90_11013	1	0.01	net_98_11932_net_51_10906_net_60_10082_net_90_11013_net_75_10306_net_77_11506	GradientShap_64_1_0.1_NegativeBinomialAutoencoder_zeros_False	GradientShap	64	1	0.1	NegativeBinomialAutoencoder	zeros	False
0.25	54	216	25425	off_target	net_90_11013	1	0.05	net_98_11932_net_51_10906_net_60_10082_net_90_11013_net_75_10306_net_77_11506	GradientShap_64_1_0.1_NegativeBinomialAutoencoder_zeros_False	GradientShap	64	1	0.1	NegativeBinomialAutoencoder	zeros	False
0.5185185185185185	112	216	50850	off_target	net_90_11013	1	0.1	net_98_11932_net_51_10906_net_60_10082_net_90_11013_net_75_10306_net_77_11506	GradientShap_64_1_0.1_NegativeBinomialAutoencoder_zeros_False	GradientShap	64	1	0.1	NegativeBinomialAutoencoder	zeros	False
0.7361111111111112	159	216	101700	off_target	net_90_11013	1	0.2	net_98_11932_net_51_10906_net_60_10082_net_90_11013_net_75_10306_net_77_11506	GradientShap_64_1_0.1_NegativeBinomialAutoencoder_zeros_False	GradientShap	64	1	0.1	NegativeBinomialAutoencoder	zeros	False
0.7870370370370371	170	216	127126	off_target	net_90_11013	1	0.25	net_98_11932_net_51_10906_net_60_10082_net_90_11013_net_75_10306_net_77_11506	GradientShap_64_1_0.1_NegativeBinomialAutoencoder_zeros_False	GradientShap	64	1	0.1	NegativeBinomialAutoencoder	zeros	False
1.0	216	216	203401	off_target	net_90_11013	1	0.5	net_98_11932_net_51_10906_net_60_10082_net_90_11013_net_75_10306_net_77_11506	GradientShap_64_1_0.1_NegativeBinomialAutoencoder_zeros_False	GradientShap	64	1	0.1	NegativeBinomialAutoencoder	zeros	False
1.0	216	216	203401	off_target	net_90_11013	1	0.75	net_98_11932_net_51_10906_net_60_10082_net_90_11013_net_75_10306_net_77_11506	GradientShap_64_1_0.1_NegativeBinomialAutoencoder_zeros_False	GradientShap	64	1	0.1	NegativeBinomialAutoencoder	zeros	False
1.0	216	216	203401	off_target	net_90_11013	1	1.0	net_98_11932_net_51_10906_net_60_10082_net_90_11013_net_75_10306_net_77_11506	GradientShap_64_1_0.1_NegativeBinomialAutoencoder_zeros_False	GradientShap	64	1	0.1	NegativeBinomialAutoencoder	zeros	False
0.0	0	216	509	off_target	net_90_11013	2	0.001	net_98_11932_net_51_10906_net_60_10082_net_90_11013_net_75_10306_net_77_11506	GradientShap_64_1_0.1_NegativeBinomialAutoencoder_zeros_False	GradientShap	64	1	0.1	NegativeBinomialAutoencoder	zeros	False
0.0138888888888888	3	216	5085	off_target	net_90_11013	2	0.01	net_98_11932_net_51_10906_net_60_10082_net_90_11013_net_75_10306_net_77_11506	GradientShap_64_1_0.1_NegativeBinomialAutoencoder_zeros_False	GradientShap	64	1	0.1	NegativeBinomialAutoencoder	zeros	False
0.1157407407407407	25	216	25425	off_target	net_90_11013	2	0.05	net_98_11932_net_51_10906_net_60_10082_net_90_11013_net_75_10306_net_77_11506	GradientShap_64_1_0.1_NegativeBinomialAutoencoder_zeros_False	GradientShap	64	1	0.1	NegativeBinomialAutoencoder	zeros	False
0.2453703703703703	53	216	50850	off_target	net_90_11013	2	0.1	net_98_11932_net_51_10906_net_60_10082_net_90_11013_net_75_10306_net_77_11506	GradientShap_64_1_0.1_NegativeBinomialAutoencoder_zeros_False	GradientShap	64	1	0.1	NegativeBinomialAutoencoder	zeros	False
0.5787037037037037	125	216	101700	off_target	net_90_11013	2	0.2	net_98_11932_net_51_10906_net_60_10082_net_90_11013_net_75_10306_net_77_11506	GradientShap_64_1_0.1_NegativeBinomialAutoencoder_zeros_False	GradientShap	64	1	0.1	NegativeBinomialAutoencoder	zeros	False
0.6944444444444444	150	216	127126	off_target	net_90_11013	2	0.25	net_98_11932_net_51_10906_net_60_10082_net_90_11013_net_75_10306_net_77_11506	GradientShap_64_1_0.1_NegativeBinomialAutoencoder_zeros_False	GradientShap	64	1	0.1	NegativeBinomialAutoencoder	zeros	False
1.0	216	216	203401	off_target	net_90_11013	2	0.5	net_98_11932_net_51_10906_net_60_10082_net_90_11013_net_75_10306_net_77_11506	GradientShap_64_1_0.1_NegativeBinomialAutoencoder_zeros_False	GradientShap	64	1	0.1	NegativeBinomialAutoencoder	zeros	False
1.0	216	216	203401	off_target	net_90_11013	2	0.75	net_98_11932_net_51_10906_net_60_10082_net_90_11013_net_75_10306_net_77_11506	GradientShap_64_1_0.1_NegativeBinomialAutoencoder_zeros_False	GradientShap	64	1	0.1	NegativeBinomialAutoencoder	zeros	False
1.0	216	216	203401	off_target	net_90_11013	2	1.0	net_98_11932_net_51_10906_net_60_10082_net_90_11013_net_75_10306_net_77_11506	GradientShap_64_1_0.1_NegativeBinomialAutoencoder_zeros_False	GradientShap	64	1	0.1	NegativeBinomialAutoencoder	zeros	False
0.0509259259259259	11	216	509	on_target	net_90_11013	3	0.001	net_98_11932_net_51_10906_net_60_10082_net_90_11013_net_75_10306_net_77_11506	GradientShap_64_1_0.1_NegativeBinomialAutoencoder_zeros_False	GradientShap	64	1	0.1	NegativeBinomialAutoencoder	zeros	False
0.1388888888888889	30	216	5085	on_target	net_90_11013	3	0.01	net_98_11932_net_51_10906_net_60_10082_net_90_11013_net_75_10306_net_77_11506	GradientShap_64_1_0.1_NegativeBinomialAutoencoder_zeros_False	GradientShap	64	1	0.1	NegativeBinomialAutoencoder	zeros	False
0.2824074074074074	61	216	25425	on_target	net_90_11013	3	0.05	net_98_11932_net_51_10906_net_60_10082_net_90_11013_net_75_10306_net_77_11506	GradientShap_64_1_0.1_NegativeBinomialAutoencoder_zeros_False	GradientShap	64	1	0.1	NegativeBinomialAutoencoder	zeros	False
0.4212962962962963	91	216	50850	on_target	net_90_11013	3	0.1	net_98_11932_net_51_10906_net_60_10082_net_90_11013_net_75_10306_net_77_11506	GradientShap_64_1_0.1_NegativeBinomialAutoencoder_zeros_False	GradientShap	64	1	0.1	NegativeBinomialAutoencoder	zeros	False
0.6435185185185185	139	216	101700	on_target	net_90_11013	3	0.2	net_98_11932_net_51_10906_net_60_10082_net_90_11013_net_75_10306_net_77_11506	GradientShap_64_1_0.1_NegativeBinomialAutoencoder_zeros_False	GradientShap	64	1	0.1	NegativeBinomialAutoencoder	zeros	False
0.7083333333333334	153	216	127126	on_target	net_90_11013	3	0.25	net_98_11932_net_51_10906_net_60_10082_net_90_11013_net_75_10306_net_77_11506	GradientShap_64_1_0.1_NegativeBinomialAutoencoder_zeros_False	GradientShap	64	1	0.1	NegativeBinomialAutoencoder	zeros	False
1.0	216	216	203401	on_target	net_90_11013	3	0.5	net_98_11932_net_51_10906_net_60_10082_net_90_11013_net_75_10306_net_77_11506	GradientShap_64_1_0.1_NegativeBinomialAutoencoder_zeros_False	GradientShap	64	1	0.1	NegativeBinomialAutoencoder	zeros	False
1.0	216	216	203401	on_target	net_90_11013	3	0.75	net_98_11932_net_51_10906_net_60_10082_net_90_11013_net_75_10306_net_77_11506	GradientShap_64_1_0.1_NegativeBinomialAutoencoder_zeros_False	GradientShap	64	1	0.1	NegativeBinomialAutoencoder	zeros	False
1.0	216	216	203401	on_target	net_90_11013	3	1.0	net_98_11932_net_51_10906_net_60_10082_net_90_11013_net_75_10306_net_77_11506	GradientShap_64_1_0.1_NegativeBinomialAutoencoder_zeros_False	GradientShap	64	1	0.1	NegativeBinomialAutoencoder	zeros	False
0.0	0	216	509	off_target	net_90_11013	4	0.001	net_98_11932_net_51_10906_net_60_10082_net_90_11013_net_75_10306_net_77_11506	GradientShap_64_1_0.1_NegativeBinomialAutoencoder_zeros_False	GradientShap	64	1	0.1	NegativeBinomialAutoencoder	zeros	False
0.0046296296296296	1	216	5085	off_target	net_90_11013	4	0.01	net_98_11932_net_51_10906_net_60_10082_net_90_11013_net_75_10306_net_77_11506	GradientShap_64_1_0.1_NegativeBinomialAutoencoder_zeros_False	GradientShap	64	1	0.1	NegativeBinomialAutoencoder	zeros	False
0.037037037037037	8	216	25425	off_target	net_90_11013	4	0.05	net_98_11932_net_51_10906_net_60_10082_net_90_11013_net_75_10306_net_77_11506	GradientShap_64_1_0.1_NegativeBinomialAutoencoder_zeros_False	GradientShap	64	1	0.1	NegativeBinomialAutoencoder	zeros	False
0.1759259259259259	38	216	50850	off_target	net_90_11013	4	0.1	net_98_11932_net_51_10906_net_60_10082_net_90_11013_net_75_10306_net_77_11506	GradientShap_64_1_0.1_NegativeBinomialAutoencoder_zeros_False	GradientShap	64	1	0.1	NegativeBinomialAutoencoder	zeros	False
0.5555555555555556	120	216	101700	off_target	net_90_11013	4	0.2	net_98_11932_net_51_10906_net_60_10082_net_90_11013_net_75_10306_net_77_11506	GradientShap_64_1_0.1_NegativeBinomialAutoencoder_zeros_False	GradientShap	64	1	0.1	NegativeBinomialAutoencoder	zeros	False
0.6851851851851852	148	216	127126	off_target	net_90_11013	4	0.25	net_98_11932_net_51_10906_net_60_10082_net_90_11013_net_75_10306_net_77_11506	GradientShap_64_1_0.1_NegativeBinomialAutoencoder_zeros_False	GradientShap	64	1	0.1	NegativeBinomialAutoencoder	zeros	False
1.0	216	216	203401	off_target	net_90_11013	4	0.5	net_98_11932_net_51_10906_net_60_10082_net_90_11013_net_75_10306_net_77_11506	GradientShap_64_1_0.1_NegativeBinomialAutoencoder_zeros_False	GradientShap	64	1	0.1	NegativeBinomialAutoencoder	zeros	False
1.0	216	216	203401	off_target	net_90_11013	4	0.75	net_98_11932_net_51_10906_net_60_10082_net_90_11013_net_75_10306_net_77_11506	GradientShap_64_1_0.1_NegativeBinomialAutoencoder_zeros_False	GradientShap	64	1	0.1	NegativeBinomialAutoencoder	zeros	False
1.0	216	216	203401	off_target	net_90_11013	4	1.0	net_98_11932_net_51_10906_net_60_10082_net_90_11013_net_75_10306_net_77_11506	GradientShap_64_1_0.1_NegativeBinomialAutoencoder_zeros_False	GradientShap	64	1	0.1	NegativeBinomialAutoencoder	zeros	False
0.0	0	175	509	off_target	net_75_10306	0	0.001	net_98_11932_net_51_10906_net_60_10082_net_90_11013_net_75_10306_net_77_11506	GradientShap_64_1_0.1_NegativeBinomialAutoencoder_zeros_False	GradientShap	64	1	0.1	NegativeBinomialAutoencoder	zeros	False
0.0228571428571428	4	175	5085	off_target	net_75_10306	0	0.01	net_98_11932_net_51_10906_net_60_10082_net_90_11013_net_75_10306_net_77_11506	GradientShap_64_1_0.1_NegativeBinomialAutoencoder_zeros_False	GradientShap	64	1	0.1	NegativeBinomialAutoencoder	zeros	False
0.1028571428571428	18	175	25425	off_target	net_75_10306	0	0.05	net_98_11932_net_51_10906_net_60_10082_net_90_11013_net_75_10306_net_77_11506	GradientShap_64_1_0.1_NegativeBinomialAutoencoder_zeros_False	GradientShap	64	1	0.1	NegativeBinomialAutoencoder	zeros	False
0.3028571428571429	53	175	50850	off_target	net_75_10306	0	0.1	net_98_11932_net_51_10906_net_60_10082_net_90_11013_net_75_10306_net_77_11506	GradientShap_64_1_0.1_NegativeBinomialAutoencoder_zeros_False	GradientShap	64	1	0.1	NegativeBinomialAutoencoder	zeros	False
0.6171428571428571	108	175	101700	off_target	net_75_10306	0	0.2	net_98_11932_net_51_10906_net_60_10082_net_90_11013_net_75_10306_net_77_11506	GradientShap_64_1_0.1_NegativeBinomialAutoencoder_zeros_False	GradientShap	64	1	0.1	NegativeBinomialAutoencoder	zeros	False
0.7371428571428571	129	175	127126	off_target	net_75_10306	0	0.25	net_98_11932_net_51_10906_net_60_10082_net_90_11013_net_75_10306_net_77_11506	GradientShap_64_1_0.1_NegativeBinomialAutoencoder_zeros_False	GradientShap	64	1	0.1	NegativeBinomialAutoencoder	zeros	False
1.0	175	175	203401	off_target	net_75_10306	0	0.5	net_98_11932_net_51_10906_net_60_10082_net_90_11013_net_75_10306_net_77_11506	GradientShap_64_1_0.1_NegativeBinomialAutoencoder_zeros_False	GradientShap	64	1	0.1	NegativeBinomialAutoencoder	zeros	False
1.0	175	175	203401	off_target	net_75_10306	0	0.75	net_98_11932_net_51_10906_net_60_10082_net_90_11013_net_75_10306_net_77_11506	GradientShap_64_1_0.1_NegativeBinomialAutoencoder_zeros_False	GradientShap	64	1	0.1	NegativeBinomialAutoencoder	zeros	False
1.0	175	175	203401	off_target	net_75_10306	0	1.0	net_98_11932_net_51_10906_net_60_10082_net_90_11013_net_75_10306_net_77_11506	GradientShap_64_1_0.1_NegativeBinomialAutoencoder_zeros_False	GradientShap	64	1	0.1	NegativeBinomialAutoencoder	zeros	False
0.0	0	175	509	off_target	net_75_10306	1	0.001	net_98_11932_net_51_10906_net_60_10082_net_90_11013_net_75_10306_net_77_11506	GradientShap_64_1_0.1_NegativeBinomialAutoencoder_zeros_False	GradientShap	64	1	0.1	NegativeBinomialAutoencoder	zeros	False
0.0	0	175	5085	off_target	net_75_10306	1	0.01	net_98_11932_net_51_10906_net_60_10082_net_90_11013_net_75_10306_net_77_11506	GradientShap_64_1_0.1_NegativeBinomialAutoencoder_zeros_False	GradientShap	64	1	0.1	NegativeBinomialAutoencoder	zeros	False
0.0057142857142857	1	175	25425	off_target	net_75_10306	1	0.05	net_98_11932_net_51_10906_net_60_10082_net_90_11013_net_75_10306_net_77_11506	GradientShap_64_1_0.1_NegativeBinomialAutoencoder_zeros_False	GradientShap	64	1	0.1	NegativeBinomialAutoencoder	zeros	False
0.1142857142857142	20	175	50850	off_target	net_75_10306	1	0.1	net_98_11932_net_51_10906_net_60_10082_net_90_11013_net_75_10306_net_77_11506	GradientShap_64_1_0.1_NegativeBinomialAutoencoder_zeros_False	GradientShap	64	1	0.1	NegativeBinomialAutoencoder	zeros	False
0.4171428571428571	73	175	101700	off_target	net_75_10306	1	0.2	net_98_11932_net_51_10906_net_60_10082_net_90_11013_net_75_10306_net_77_11506	GradientShap_64_1_0.1_NegativeBinomialAutoencoder_zeros_False	GradientShap	64	1	0.1	NegativeBinomialAutoencoder	zeros	False
0.6	105	175	127126	off_target	net_75_10306	1	0.25	net_98_11932_net_51_10906_net_60_10082_net_90_11013_net_75_10306_net_77_11506	GradientShap_64_1_0.1_NegativeBinomialAutoencoder_zeros_False	GradientShap	64	1	0.1	NegativeBinomialAutoencoder	zeros	False
1.0	175	175	203401	off_target	net_75_10306	1	0.5	net_98_11932_net_51_10906_net_60_10082_net_90_11013_net_75_10306_net_77_11506	GradientShap_64_1_0.1_NegativeBinomialAutoencoder_zeros_False	GradientShap	64	1	0.1	NegativeBinomialAutoencoder	zeros	False
1.0	175	175	203401	off_target	net_75_10306	1	0.75	net_98_11932_net_51_10906_net_60_10082_net_90_11013_net_75_10306_net_77_11506	GradientShap_64_1_0.1_NegativeBinomialAutoencoder_zeros_False	GradientShap	64	1	0.1	NegativeBinomialAutoencoder	zeros	False
1.0	175	175	203401	off_target	net_75_10306	1	1.0	net_98_11932_net_51_10906_net_60_10082_net_90_11013_net_75_10306_net_77_11506	GradientShap_64_1_0.1_NegativeBinomialAutoencoder_zeros_False	GradientShap	64	1	0.1	NegativeBinomialAutoencoder	zeros	False
0.0	0	175	509	off_target	net_75_10306	2	0.001	net_98_11932_net_51_10906_net_60_10082_net_90_11013_net_75_10306_net_77_11506	GradientShap_64_1_0.1_NegativeBinomialAutoencoder_zeros_False	GradientShap	64	1	0.1	NegativeBinomialAutoencoder	zeros	False
0.0	0	175	5085	off_target	net_75_10306	2	0.01	net_98_11932_net_51_10906_net_60_10082_net_90_11013_net_75_10306_net_77_11506	GradientShap_64_1_0.1_NegativeBinomialAutoencoder_zeros_False	GradientShap	64	1	0.1	NegativeBinomialAutoencoder	zeros	False
0.0342857142857142	6	175	25425	off_target	net_75_10306	2	0.05	net_98_11932_net_51_10906_net_60_10082_net_90_11013_net_75_10306_net_77_11506	GradientShap_64_1_0.1_NegativeBinomialAutoencoder_zeros_False	GradientShap	64	1	0.1	NegativeBinomialAutoencoder	zeros	False
0.1657142857142857	29	175	50850	off_target	net_75_10306	2	0.1	net_98_11932_net_51_10906_net_60_10082_net_90_11013_net_75_10306_net_77_11506	GradientShap_64_1_0.1_NegativeBinomialAutoencoder_zeros_False	GradientShap	64	1	0.1	NegativeBinomialAutoencoder	zeros	False
0.4285714285714285	75	175	101700	off_target	net_75_10306	2	0.2	net_98_11932_net_51_10906_net_60_10082_net_90_11013_net_75_10306_net_77_11506	GradientShap_64_1_0.1_NegativeBinomialAutoencoder_zeros_False	GradientShap	64	1	0.1	NegativeBinomialAutoencoder	zeros	False
0.5714285714285714	100	175	127126	off_target	net_75_10306	2	0.25	net_98_11932_net_51_10906_net_60_10082_net_90_11013_net_75_10306_net_77_11506	GradientShap_64_1_0.1_NegativeBinomialAutoencoder_zeros_False	GradientShap	64	1	0.1	NegativeBinomialAutoencoder	zeros	False
1.0	175	175	203401	off_target	net_75_10306	2	0.5	net_98_11932_net_51_10906_net_60_10082_net_90_11013_net_75_10306_net_77_11506	GradientShap_64_1_0.1_NegativeBinomialAutoencoder_zeros_False	GradientShap	64	1	0.1	NegativeBinomialAutoencoder	zeros	False
1.0	175	175	203401	off_target	net_75_10306	2	0.75	net_98_11932_net_51_10906_net_60_10082_net_90_11013_net_75_10306_net_77_11506	GradientShap_64_1_0.1_NegativeBinomialAutoencoder_zeros_False	GradientShap	64	1	0.1	NegativeBinomialAutoencoder	zeros	False
1.0	175	175	203401	off_target	net_75_10306	2	1.0	net_98_11932_net_51_10906_net_60_10082_net_90_11013_net_75_10306_net_77_11506	GradientShap_64_1_0.1_NegativeBinomialAutoencoder_zeros_False	GradientShap	64	1	0.1	NegativeBinomialAutoencoder	zeros	False
0.0	0	175	509	off_target	net_75_10306	3	0.001	net_98_11932_net_51_10906_net_60_10082_net_90_11013_net_75_10306_net_77_11506	GradientShap_64_1_0.1_NegativeBinomialAutoencoder_zeros_False	GradientShap	64	1	0.1	NegativeBinomialAutoencoder	zeros	False
0.0285714285714285	5	175	5085	off_target	net_75_10306	3	0.01	net_98_11932_net_51_10906_net_60_10082_net_90_11013_net_75_10306_net_77_11506	GradientShap_64_1_0.1_NegativeBinomialAutoencoder_zeros_False	GradientShap	64	1	0.1	NegativeBinomialAutoencoder	zeros	False
0.1371428571428571	24	175	25425	off_target	net_75_10306	3	0.05	net_98_11932_net_51_10906_net_60_10082_net_90_11013_net_75_10306_net_77_11506	GradientShap_64_1_0.1_NegativeBinomialAutoencoder_zeros_False	GradientShap	64	1	0.1	NegativeBinomialAutoencoder	zeros	False
0.2971428571428571	52	175	50850	off_target	net_75_10306	3	0.1	net_98_11932_net_51_10906_net_60_10082_net_90_11013_net_75_10306_net_77_11506	GradientShap_64_1_0.1_NegativeBinomialAutoencoder_zeros_False	GradientShap	64	1	0.1	NegativeBinomialAutoencoder	zeros	False
0.5371428571428571	94	175	101700	off_target	net_75_10306	3	0.2	net_98_11932_net_51_10906_net_60_10082_net_90_11013_net_75_10306_net_77_11506	GradientShap_64_1_0.1_NegativeBinomialAutoencoder_zeros_False	GradientShap	64	1	0.1	NegativeBinomialAutoencoder	zeros	False
0.6228571428571429	109	175	127126	off_target	net_75_10306	3	0.25	net_98_11932_net_51_10906_net_60_10082_net_90_11013_net_75_10306_net_77_11506	GradientShap_64_1_0.1_NegativeBinomialAutoencoder_zeros_False	GradientShap	64	1	0.1	NegativeBinomialAutoencoder	zeros	False
1.0	175	175	203401	off_target	net_75_10306	3	0.5	net_98_11932_net_51_10906_net_60_10082_net_90_11013_net_75_10306_net_77_11506	GradientShap_64_1_0.1_NegativeBinomialAutoencoder_zeros_False	GradientShap	64	1	0.1	NegativeBinomialAutoencoder	zeros	False
1.0	175	175	203401	off_target	net_75_10306	3	0.75	net_98_11932_net_51_10906_net_60_10082_net_90_11013_net_75_10306_net_77_11506	GradientShap_64_1_0.1_NegativeBinomialAutoencoder_zeros_False	GradientShap	64	1	0.1	NegativeBinomialAutoencoder	zeros	False
1.0	175	175	203401	off_target	net_75_10306	3	1.0	net_98_11932_net_51_10906_net_60_10082_net_90_11013_net_75_10306_net_77_11506	GradientShap_64_1_0.1_NegativeBinomialAutoencoder_zeros_False	GradientShap	64	1	0.1	NegativeBinomialAutoencoder	zeros	False
0.0114285714285714	2	175	509	on_target	net_75_10306	4	0.001	net_98_11932_net_51_10906_net_60_10082_net_90_11013_net_75_10306_net_77_11506	GradientShap_64_1_0.1_NegativeBinomialAutoencoder_zeros_False	GradientShap	64	1	0.1	NegativeBinomialAutoencoder	zeros	False
0.08	14	175	5085	on_target	net_75_10306	4	0.01	net_98_11932_net_51_10906_net_60_10082_net_90_11013_net_75_10306_net_77_11506	GradientShap_64_1_0.1_NegativeBinomialAutoencoder_zeros_False	GradientShap	64	1	0.1	NegativeBinomialAutoencoder	zeros	False
0.2742857142857143	48	175	25425	on_target	net_75_10306	4	0.05	net_98_11932_net_51_10906_net_60_10082_net_90_11013_net_75_10306_net_77_11506	GradientShap_64_1_0.1_NegativeBinomialAutoencoder_zeros_False	GradientShap	64	1	0.1	NegativeBinomialAutoencoder	zeros	False
0.3942857142857143	69	175	50850	on_target	net_75_10306	4	0.1	net_98_11932_net_51_10906_net_60_10082_net_90_11013_net_75_10306_net_77_11506	GradientShap_64_1_0.1_NegativeBinomialAutoencoder_zeros_False	GradientShap	64	1	0.1	NegativeBinomialAutoencoder	zeros	False
0.5085714285714286	89	175	101700	on_target	net_75_10306	4	0.2	net_98_11932_net_51_10906_net_60_10082_net_90_11013_net_75_10306_net_77_11506	GradientShap_64_1_0.1_NegativeBinomialAutoencoder_zeros_False	GradientShap	64	1	0.1	NegativeBinomialAutoencoder	zeros	False
0.5428571428571428	95	175	127126	on_target	net_75_10306	4	0.25	net_98_11932_net_51_10906_net_60_10082_net_90_11013_net_75_10306_net_77_11506	GradientShap_64_1_0.1_NegativeBinomialAutoencoder_zeros_False	GradientShap	64	1	0.1	NegativeBinomialAutoencoder	zeros	False
1.0	175	175	203401	on_target	net_75_10306	4	0.5	net_98_11932_net_51_10906_net_60_10082_net_90_11013_net_75_10306_net_77_11506	GradientShap_64_1_0.1_NegativeBinomialAutoencoder_zeros_False	GradientShap	64	1	0.1	NegativeBinomialAutoencoder	zeros	False
1.0	175	175	203401	on_target	net_75_10306	4	0.75	net_98_11932_net_51_10906_net_60_10082_net_90_11013_net_75_10306_net_77_11506	GradientShap_64_1_0.1_NegativeBinomialAutoencoder_zeros_False	GradientShap	64	1	0.1	NegativeBinomialAutoencoder	zeros	False
1.0	175	175	203401	on_target	net_75_10306	4	1.0	net_98_11932_net_51_10906_net_60_10082_net_90_11013_net_75_10306_net_77_11506	GradientShap_64_1_0.1_NegativeBinomialAutoencoder_zeros_False	GradientShap	64	1	0.1	NegativeBinomialAutoencoder	zeros	False
