net_name	config_key	filename	clustering_score	total_number_edges	edge_overlap	net_size	overlap_percent	reverse_overlap_percent	dataset	config_dir	n_clusters
net_53_11196	netmap_config_1	clustering_score_leiden.json		42849	78	78	1.0	1.0	net_53_11196_net_70_11431_net_84_9903	config_easy	2
net_70_11431	netmap_config_1	clustering_score_leiden.json		42849	88	88	1.0	1.0	net_53_11196_net_70_11431_net_84_9903	config_easy	2
net_53_11196	netmap_config_10	clustering_score_leiden.json	1.0	42849	78	78	1.0	1.0	net_53_11196_net_70_11431_net_84_9903	config_easy	2
net_70_11431	netmap_config_10	clustering_score_leiden.json	1.0	42849	88	88	1.0	1.0	net_53_11196_net_70_11431_net_84_9903	config_easy	2
net_53_11196	netmap_config_2	clustering_score_leiden.json		42849	78	78	1.0	1.0	net_53_11196_net_70_11431_net_84_9903	config_easy	2
net_70_11431	netmap_config_2	clustering_score_leiden.json		42849	88	88	1.0	1.0	net_53_11196_net_70_11431_net_84_9903	config_easy	2
net_53_11196	netmap_config_3	clustering_score_leiden.json		42849	78	78	1.0	1.0	net_53_11196_net_70_11431_net_84_9903	config_easy	2
net_70_11431	netmap_config_3	clustering_score_leiden.json		42849	88	88	1.0	1.0	net_53_11196_net_70_11431_net_84_9903	config_easy	2
net_53_11196	netmap_config_4	clustering_score_leiden.json		42849	78	78	1.0	1.0	net_53_11196_net_70_11431_net_84_9903	config_easy	2
net_70_11431	netmap_config_4	clustering_score_leiden.json		42849	88	88	1.0	1.0	net_53_11196_net_70_11431_net_84_9903	config_easy	2
net_53_11196	netmap_config_5	clustering_score_leiden.json		42849	78	78	1.0	1.0	net_53_11196_net_70_11431_net_84_9903	config_easy	2
net_70_11431	netmap_config_5	clustering_score_leiden.json		42849	88	88	1.0	1.0	net_53_11196_net_70_11431_net_84_9903	config_easy	2
net_53_11196	netmap_config_6	clustering_score_leiden.json		42849	78	78	1.0	1.0	net_53_11196_net_70_11431_net_84_9903	config_easy	2
net_70_11431	netmap_config_6	clustering_score_leiden.json		42849	88	88	1.0	1.0	net_53_11196_net_70_11431_net_84_9903	config_easy	2
net_53_11196	netmap_config_7	clustering_score_leiden.json		42849	78	78	1.0	1.0	net_53_11196_net_70_11431_net_84_9903	config_easy	2
net_70_11431	netmap_config_7	clustering_score_leiden.json		42849	88	88	1.0	1.0	net_53_11196_net_70_11431_net_84_9903	config_easy	2
net_53_11196	netmap_config_8	clustering_score_leiden.json		42849	78	78	1.0	1.0	net_53_11196_net_70_11431_net_84_9903	config_easy	2
net_70_11431	netmap_config_8	clustering_score_leiden.json		42849	88	88	1.0	1.0	net_53_11196_net_70_11431_net_84_9903	config_easy	2
net_53_11196	netmap_config_9	clustering_score_leiden.json		42849	78	78	1.0	1.0	net_53_11196_net_70_11431_net_84_9903	config_easy	2
net_70_11431	netmap_config_9	clustering_score_leiden.json		42849	88	88	1.0	1.0	net_53_11196_net_70_11431_net_84_9903	config_easy	2
net_53_11196	netmap_ensemble_nb_mean	clustering_score_leiden.json		42849	78	78	1.0	1.0	net_53_11196_net_70_11431_net_84_9903	config_easy	2
net_70_11431	netmap_ensemble_nb_mean	clustering_score_leiden.json		42849	88	88	1.0	1.0	net_53_11196_net_70_11431_net_84_9903	config_easy	2
net_53_11196	netmap_ensemble_nb_median	clustering_score_leiden.json	1.0	42849	78	78	1.0	1.0	net_53_11196_net_70_11431_net_84_9903	config_easy	2
net_70_11431	netmap_ensemble_nb_median	clustering_score_leiden.json	1.0	42849	88	88	1.0	1.0	net_53_11196_net_70_11431_net_84_9903	config_easy	2
net_53_11196	netmap_ensemble_zinb_mean	clustering_score_leiden.json		42849	78	78	1.0	1.0	net_53_11196_net_70_11431_net_84_9903	config_easy	2
net_70_11431	netmap_ensemble_zinb_mean	clustering_score_leiden.json		42849	88	88	1.0	1.0	net_53_11196_net_70_11431_net_84_9903	config_easy	2
net_53_11196	netmap_ensemble_zinb_median	clustering_score_leiden.json	1.0	42849	78	78	1.0	1.0	net_53_11196_net_70_11431_net_84_9903	config_easy	2
net_70_11431	netmap_ensemble_zinb_median	clustering_score_leiden.json	1.0	42849	88	88	1.0	1.0	net_53_11196_net_70_11431_net_84_9903	config_easy	2
net_53_11196	scgenerai_config	clustering_score_leiden.json		21321	50	78	0.6410256410256411	0.6410256410256411	net_53_11196_net_70_11431_net_84_9903	config_easy	2
net_70_11431	scgenerai_config	clustering_score_leiden.json		21321	39	88	0.4431818181818182	0.4431818181818182	net_53_11196_net_70_11431_net_84_9903	config_easy	2
net_115_11153	netmap_config_1	clustering_score_leiden.json	1.0	66564	117	117	1.0	1.0	net_59_10488_net_115_11153_net_84_11226	config_easy	2
net_59_10488	netmap_config_1	clustering_score_leiden.json	1.0	66564	87	87	1.0	1.0	net_59_10488_net_115_11153_net_84_11226	config_easy	2
net_115_11153	netmap_config_2	clustering_score_leiden.json	1.0	66564	117	117	1.0	1.0	net_59_10488_net_115_11153_net_84_11226	config_easy	2
net_59_10488	netmap_config_2	clustering_score_leiden.json	1.0	66564	87	87	1.0	1.0	net_59_10488_net_115_11153_net_84_11226	config_easy	2
net_115_11153	netmap_config_3	clustering_score_leiden.json	0.5	66564	117	117	1.0	1.0	net_59_10488_net_115_11153_net_84_11226	config_easy	2
net_59_10488	netmap_config_3	clustering_score_leiden.json	0.5	66564	87	87	1.0	1.0	net_59_10488_net_115_11153_net_84_11226	config_easy	2
net_115_11153	netmap_config_4	clustering_score_leiden.json	1.0	66564	117	117	1.0	1.0	net_59_10488_net_115_11153_net_84_11226	config_easy	2
net_59_10488	netmap_config_4	clustering_score_leiden.json	1.0	66564	87	87	1.0	1.0	net_59_10488_net_115_11153_net_84_11226	config_easy	2
net_115_11153	netmap_config_5	clustering_score_leiden.json		66564	117	117	1.0	1.0	net_59_10488_net_115_11153_net_84_11226	config_easy	2
net_59_10488	netmap_config_5	clustering_score_leiden.json		66564	87	87	1.0	1.0	net_59_10488_net_115_11153_net_84_11226	config_easy	2
net_115_11153	netmap_config_6	clustering_score_leiden.json	1.0	66564	117	117	1.0	1.0	net_59_10488_net_115_11153_net_84_11226	config_easy	2
net_59_10488	netmap_config_6	clustering_score_leiden.json	1.0	66564	87	87	1.0	1.0	net_59_10488_net_115_11153_net_84_11226	config_easy	2
net_115_11153	netmap_config_8	clustering_score_leiden.json	1.0	66564	117	117	1.0	1.0	net_59_10488_net_115_11153_net_84_11226	config_easy	2
net_59_10488	netmap_config_8	clustering_score_leiden.json	1.0	66564	87	87	1.0	1.0	net_59_10488_net_115_11153_net_84_11226	config_easy	2
net_115_11153	netmap_config_9	clustering_score_leiden.json	0.5	66564	117	117	1.0	1.0	net_59_10488_net_115_11153_net_84_11226	config_easy	2
net_59_10488	netmap_config_9	clustering_score_leiden.json	0.5	66564	87	87	1.0	1.0	net_59_10488_net_115_11153_net_84_11226	config_easy	2
net_115_11153	netmap_ensemble_nb_mean	clustering_score_leiden.json	1.0	66564	117	117	1.0	1.0	net_59_10488_net_115_11153_net_84_11226	config_easy	2
net_59_10488	netmap_ensemble_nb_mean	clustering_score_leiden.json	1.0	66564	87	87	1.0	1.0	net_59_10488_net_115_11153_net_84_11226	config_easy	2
net_115_11153	netmap_ensemble_nb_median	clustering_score_leiden.json	1.0	66564	117	117	1.0	1.0	net_59_10488_net_115_11153_net_84_11226	config_easy	2
net_59_10488	netmap_ensemble_nb_median	clustering_score_leiden.json	1.0	66564	87	87	1.0	1.0	net_59_10488_net_115_11153_net_84_11226	config_easy	2
net_115_11153	netmap_ensemble_zinb_mean	clustering_score_leiden.json	0.5	66564	117	117	1.0	1.0	net_59_10488_net_115_11153_net_84_11226	config_easy	2
net_59_10488	netmap_ensemble_zinb_mean	clustering_score_leiden.json	0.5	66564	87	87	1.0	1.0	net_59_10488_net_115_11153_net_84_11226	config_easy	2
net_115_11153	netmap_ensemble_zinb_median	clustering_score_leiden.json	0.5	66564	117	117	1.0	1.0	net_59_10488_net_115_11153_net_84_11226	config_easy	2
net_59_10488	netmap_ensemble_zinb_median	clustering_score_leiden.json	0.5	66564	87	87	1.0	1.0	net_59_10488_net_115_11153_net_84_11226	config_easy	2
net_115_11153	scgenerai_config	clustering_score_leiden.json	0.5	33153	14	117	0.11965811965811966	0.11965811965811966	net_59_10488_net_115_11153_net_84_11226	config_easy	2
net_59_10488	scgenerai_config	clustering_score_leiden.json	0.5	33153	43	87	0.4942528735632184	0.4942528735632184	net_59_10488_net_115_11153_net_84_11226	config_easy	2
net_172_10626	netmap_config_1	clustering_score_leiden.json	1.0	113569	239	239	1.0	1.0	net_172_10626_net_89_11634_net_76_10367	config_easy	2
net_89_11634	netmap_config_1	clustering_score_leiden.json	1.0	113569	98	98	1.0	1.0	net_172_10626_net_89_11634_net_76_10367	config_easy	2
net_172_10626	netmap_config_2	clustering_score_leiden.json	1.0	113569	239	239	1.0	1.0	net_172_10626_net_89_11634_net_76_10367	config_easy	2
net_89_11634	netmap_config_2	clustering_score_leiden.json	1.0	113569	98	98	1.0	1.0	net_172_10626_net_89_11634_net_76_10367	config_easy	2
net_172_10626	netmap_config_3	clustering_score_leiden.json	1.0	113569	239	239	1.0	1.0	net_172_10626_net_89_11634_net_76_10367	config_easy	2
net_89_11634	netmap_config_3	clustering_score_leiden.json	1.0	113569	98	98	1.0	1.0	net_172_10626_net_89_11634_net_76_10367	config_easy	2
net_172_10626	netmap_config_4	clustering_score_leiden.json		113569	239	239	1.0	1.0	net_172_10626_net_89_11634_net_76_10367	config_easy	2
net_89_11634	netmap_config_4	clustering_score_leiden.json		113569	98	98	1.0	1.0	net_172_10626_net_89_11634_net_76_10367	config_easy	2
net_172_10626	netmap_config_5	clustering_score_leiden.json	0.5	113569	239	239	1.0	1.0	net_172_10626_net_89_11634_net_76_10367	config_easy	2
net_89_11634	netmap_config_5	clustering_score_leiden.json	0.5	113569	98	98	1.0	1.0	net_172_10626_net_89_11634_net_76_10367	config_easy	2
net_172_10626	netmap_config_6	clustering_score_leiden.json	1.0	113569	239	239	1.0	1.0	net_172_10626_net_89_11634_net_76_10367	config_easy	2
net_89_11634	netmap_config_6	clustering_score_leiden.json	1.0	113569	98	98	1.0	1.0	net_172_10626_net_89_11634_net_76_10367	config_easy	2
net_172_10626	netmap_config_8	clustering_score_leiden.json		113569	239	239	1.0	1.0	net_172_10626_net_89_11634_net_76_10367	config_easy	2
net_89_11634	netmap_config_8	clustering_score_leiden.json		113569	98	98	1.0	1.0	net_172_10626_net_89_11634_net_76_10367	config_easy	2
net_172_10626	netmap_config_9	clustering_score_leiden.json	1.0	113569	239	239	1.0	1.0	net_172_10626_net_89_11634_net_76_10367	config_easy	2
net_89_11634	netmap_config_9	clustering_score_leiden.json	1.0	113569	98	98	1.0	1.0	net_172_10626_net_89_11634_net_76_10367	config_easy	2
net_172_10626	netmap_ensemble_nb_mean	clustering_score_leiden.json	1.0	113569	239	239	1.0	1.0	net_172_10626_net_89_11634_net_76_10367	config_easy	2
net_89_11634	netmap_ensemble_nb_mean	clustering_score_leiden.json	1.0	113569	98	98	1.0	1.0	net_172_10626_net_89_11634_net_76_10367	config_easy	2
net_172_10626	netmap_ensemble_nb_median	clustering_score_leiden.json	1.0	113569	239	239	1.0	1.0	net_172_10626_net_89_11634_net_76_10367	config_easy	2
net_89_11634	netmap_ensemble_nb_median	clustering_score_leiden.json	1.0	113569	98	98	1.0	1.0	net_172_10626_net_89_11634_net_76_10367	config_easy	2
net_172_10626	netmap_ensemble_zinb_mean	clustering_score_leiden.json	0.5	113569	239	239	1.0	1.0	net_172_10626_net_89_11634_net_76_10367	config_easy	2
net_89_11634	netmap_ensemble_zinb_mean	clustering_score_leiden.json	0.5	113569	98	98	1.0	1.0	net_172_10626_net_89_11634_net_76_10367	config_easy	2
net_172_10626	netmap_ensemble_zinb_median	clustering_score_leiden.json	0.5	113569	239	239	1.0	1.0	net_172_10626_net_89_11634_net_76_10367	config_easy	2
net_89_11634	netmap_ensemble_zinb_median	clustering_score_leiden.json	0.5	113569	98	98	1.0	1.0	net_172_10626_net_89_11634_net_76_10367	config_easy	2
net_172_10626	scgenerai_config	clustering_score_leiden.json	0.5	56616	136	239	0.5690376569037657	0.5690376569037657	net_172_10626_net_89_11634_net_76_10367	config_easy	2
net_89_11634	scgenerai_config	clustering_score_leiden.json	0.5	56616	40	98	0.40816326530612246	0.40816326530612246	net_172_10626_net_89_11634_net_76_10367	config_easy	2
net_60_10082	netmap_config_1	clustering_score_leiden.json	1.0	43264	104	104	1.0	1.0	net_60_10082_net_64_11307_net_84_11226	config_easy	2
net_64_11307	netmap_config_1	clustering_score_leiden.json	1.0	43264	71	71	1.0	1.0	net_60_10082_net_64_11307_net_84_11226	config_easy	2
net_60_10082	netmap_config_2	clustering_score_leiden.json	1.0	43264	104	104	1.0	1.0	net_60_10082_net_64_11307_net_84_11226	config_easy	2
net_64_11307	netmap_config_2	clustering_score_leiden.json	1.0	43264	71	71	1.0	1.0	net_60_10082_net_64_11307_net_84_11226	config_easy	2
net_60_10082	netmap_config_3	clustering_score_leiden.json	1.0	43264	104	104	1.0	1.0	net_60_10082_net_64_11307_net_84_11226	config_easy	2
net_64_11307	netmap_config_3	clustering_score_leiden.json	1.0	43264	71	71	1.0	1.0	net_60_10082_net_64_11307_net_84_11226	config_easy	2
net_60_10082	netmap_config_4	clustering_score_leiden.json	1.0	43264	104	104	1.0	1.0	net_60_10082_net_64_11307_net_84_11226	config_easy	2
net_64_11307	netmap_config_4	clustering_score_leiden.json	1.0	43264	71	71	1.0	1.0	net_60_10082_net_64_11307_net_84_11226	config_easy	2
net_60_10082	netmap_config_5	clustering_score_leiden.json		43264	104	104	1.0	1.0	net_60_10082_net_64_11307_net_84_11226	config_easy	2
net_64_11307	netmap_config_5	clustering_score_leiden.json		43264	71	71	1.0	1.0	net_60_10082_net_64_11307_net_84_11226	config_easy	2
net_60_10082	netmap_config_6	clustering_score_leiden.json	1.0	43264	104	104	1.0	1.0	net_60_10082_net_64_11307_net_84_11226	config_easy	2
net_64_11307	netmap_config_6	clustering_score_leiden.json	1.0	43264	71	71	1.0	1.0	net_60_10082_net_64_11307_net_84_11226	config_easy	2
net_60_10082	netmap_config_8	clustering_score_leiden.json	0.5	43264	104	104	1.0	1.0	net_60_10082_net_64_11307_net_84_11226	config_easy	2
net_64_11307	netmap_config_8	clustering_score_leiden.json	0.5	43264	71	71	1.0	1.0	net_60_10082_net_64_11307_net_84_11226	config_easy	2
net_60_10082	netmap_config_9	clustering_score_leiden.json	0.5	43264	104	104	1.0	1.0	net_60_10082_net_64_11307_net_84_11226	config_easy	2
net_64_11307	netmap_config_9	clustering_score_leiden.json	0.5	43264	71	71	1.0	1.0	net_60_10082_net_64_11307_net_84_11226	config_easy	2
net_60_10082	netmap_ensemble_nb_mean	clustering_score_leiden.json	1.0	43264	104	104	1.0	1.0	net_60_10082_net_64_11307_net_84_11226	config_easy	2
net_64_11307	netmap_ensemble_nb_mean	clustering_score_leiden.json	1.0	43264	71	71	1.0	1.0	net_60_10082_net_64_11307_net_84_11226	config_easy	2
net_60_10082	netmap_ensemble_nb_median	clustering_score_leiden.json	1.0	43264	104	104	1.0	1.0	net_60_10082_net_64_11307_net_84_11226	config_easy	2
net_64_11307	netmap_ensemble_nb_median	clustering_score_leiden.json	1.0	43264	71	71	1.0	1.0	net_60_10082_net_64_11307_net_84_11226	config_easy	2
net_60_10082	netmap_ensemble_zinb_mean	clustering_score_leiden.json	1.0	43264	104	104	1.0	1.0	net_60_10082_net_64_11307_net_84_11226	config_easy	2
net_64_11307	netmap_ensemble_zinb_mean	clustering_score_leiden.json	1.0	43264	71	71	1.0	1.0	net_60_10082_net_64_11307_net_84_11226	config_easy	2
net_60_10082	netmap_ensemble_zinb_median	clustering_score_leiden.json	1.0	43264	104	104	1.0	1.0	net_60_10082_net_64_11307_net_84_11226	config_easy	2
net_64_11307	netmap_ensemble_zinb_median	clustering_score_leiden.json	1.0	43264	71	71	1.0	1.0	net_60_10082_net_64_11307_net_84_11226	config_easy	2
net_60_10082	scgenerai_config	clustering_score_leiden.json	0.5	21528	14	104	0.1346153846153846	0.1346153846153846	net_60_10082_net_64_11307_net_84_11226	config_easy	2
net_64_11307	scgenerai_config	clustering_score_leiden.json	0.5	21528	18	71	0.2535211267605634	0.2535211267605634	net_60_10082_net_64_11307_net_84_11226	config_easy	2
net_133_10773	netmap_config_1	clustering_score_leiden.json	1.0	82369	201	201	1.0	1.0	net_133_10773_net_82_10152_net_72_10551	config_easy	2
net_82_10152	netmap_config_1	clustering_score_leiden.json	1.0	82369	164	164	1.0	1.0	net_133_10773_net_82_10152_net_72_10551	config_easy	2
net_133_10773	netmap_config_10	clustering_score_leiden.json		82369	201	201	1.0	1.0	net_133_10773_net_82_10152_net_72_10551	config_easy	2
net_82_10152	netmap_config_10	clustering_score_leiden.json		82369	164	164	1.0	1.0	net_133_10773_net_82_10152_net_72_10551	config_easy	2
net_133_10773	netmap_config_2	clustering_score_leiden.json	1.0	82369	201	201	1.0	1.0	net_133_10773_net_82_10152_net_72_10551	config_easy	2
net_82_10152	netmap_config_2	clustering_score_leiden.json	1.0	82369	164	164	1.0	1.0	net_133_10773_net_82_10152_net_72_10551	config_easy	2
net_133_10773	netmap_config_3	clustering_score_leiden.json	1.0	82369	201	201	1.0	1.0	net_133_10773_net_82_10152_net_72_10551	config_easy	2
net_82_10152	netmap_config_3	clustering_score_leiden.json	1.0	82369	164	164	1.0	1.0	net_133_10773_net_82_10152_net_72_10551	config_easy	2
net_133_10773	netmap_config_4	clustering_score_leiden.json		82369	201	201	1.0	1.0	net_133_10773_net_82_10152_net_72_10551	config_easy	2
net_82_10152	netmap_config_4	clustering_score_leiden.json		82369	164	164	1.0	1.0	net_133_10773_net_82_10152_net_72_10551	config_easy	2
net_133_10773	netmap_config_5	clustering_score_leiden.json	1.0	82369	201	201	1.0	1.0	net_133_10773_net_82_10152_net_72_10551	config_easy	2
net_82_10152	netmap_config_5	clustering_score_leiden.json	1.0	82369	164	164	1.0	1.0	net_133_10773_net_82_10152_net_72_10551	config_easy	2
net_133_10773	netmap_config_6	clustering_score_leiden.json	1.0	82369	201	201	1.0	1.0	net_133_10773_net_82_10152_net_72_10551	config_easy	2
net_82_10152	netmap_config_6	clustering_score_leiden.json	1.0	82369	164	164	1.0	1.0	net_133_10773_net_82_10152_net_72_10551	config_easy	2
net_133_10773	netmap_config_7	clustering_score_leiden.json	1.0	82369	201	201	1.0	1.0	net_133_10773_net_82_10152_net_72_10551	config_easy	2
net_82_10152	netmap_config_7	clustering_score_leiden.json	1.0	82369	164	164	1.0	1.0	net_133_10773_net_82_10152_net_72_10551	config_easy	2
net_133_10773	netmap_config_8	clustering_score_leiden.json	1.0	82369	201	201	1.0	1.0	net_133_10773_net_82_10152_net_72_10551	config_easy	2
net_82_10152	netmap_config_8	clustering_score_leiden.json	1.0	82369	164	164	1.0	1.0	net_133_10773_net_82_10152_net_72_10551	config_easy	2
net_133_10773	netmap_config_9	clustering_score_leiden.json		82369	201	201	1.0	1.0	net_133_10773_net_82_10152_net_72_10551	config_easy	2
net_82_10152	netmap_config_9	clustering_score_leiden.json		82369	164	164	1.0	1.0	net_133_10773_net_82_10152_net_72_10551	config_easy	2
net_133_10773	netmap_ensemble_nb_mean	clustering_score_leiden.json	1.0	82369	201	201	1.0	1.0	net_133_10773_net_82_10152_net_72_10551	config_easy	2
net_82_10152	netmap_ensemble_nb_mean	clustering_score_leiden.json	1.0	82369	164	164	1.0	1.0	net_133_10773_net_82_10152_net_72_10551	config_easy	2
net_133_10773	netmap_ensemble_nb_median	clustering_score_leiden.json	1.0	82369	201	201	1.0	1.0	net_133_10773_net_82_10152_net_72_10551	config_easy	2
net_82_10152	netmap_ensemble_nb_median	clustering_score_leiden.json	1.0	82369	164	164	1.0	1.0	net_133_10773_net_82_10152_net_72_10551	config_easy	2
net_133_10773	netmap_ensemble_zinb_mean	clustering_score_leiden.json	1.0	82369	201	201	1.0	1.0	net_133_10773_net_82_10152_net_72_10551	config_easy	2
net_82_10152	netmap_ensemble_zinb_mean	clustering_score_leiden.json	1.0	82369	164	164	1.0	1.0	net_133_10773_net_82_10152_net_72_10551	config_easy	2
net_133_10773	netmap_ensemble_zinb_median	clustering_score_leiden.json	1.0	82369	201	201	1.0	1.0	net_133_10773_net_82_10152_net_72_10551	config_easy	2
net_82_10152	netmap_ensemble_zinb_median	clustering_score_leiden.json	1.0	82369	164	164	1.0	1.0	net_133_10773_net_82_10152_net_72_10551	config_easy	2
net_133_10773	scgenerai_config	clustering_score_leiden.json		41041	90	201	0.44776119402985076	0.44776119402985076	net_133_10773_net_82_10152_net_72_10551	config_easy	2
net_82_10152	scgenerai_config	clustering_score_leiden.json		41041	121	164	0.7378048780487805	0.7378048780487805	net_133_10773_net_82_10152_net_72_10551	config_easy	2
net_51_10906	netmap_config_1	clustering_score_leiden.json	1.0	43681	90	90	1.0	1.0	net_98_11932_net_51_10906_net_60_10082	config_easy	2
net_98_11932	netmap_config_1	clustering_score_leiden.json	1.0	43681	105	105	1.0	1.0	net_98_11932_net_51_10906_net_60_10082	config_easy	2
net_51_10906	netmap_config_10	clustering_score_leiden.json		43681	90	90	1.0	1.0	net_98_11932_net_51_10906_net_60_10082	config_easy	2
net_98_11932	netmap_config_10	clustering_score_leiden.json		43681	105	105	1.0	1.0	net_98_11932_net_51_10906_net_60_10082	config_easy	2
net_51_10906	netmap_config_2	clustering_score_leiden.json	1.0	43681	90	90	1.0	1.0	net_98_11932_net_51_10906_net_60_10082	config_easy	2
net_98_11932	netmap_config_2	clustering_score_leiden.json	1.0	43681	105	105	1.0	1.0	net_98_11932_net_51_10906_net_60_10082	config_easy	2
net_51_10906	netmap_config_3	clustering_score_leiden.json	1.0	43681	90	90	1.0	1.0	net_98_11932_net_51_10906_net_60_10082	config_easy	2
net_98_11932	netmap_config_3	clustering_score_leiden.json	1.0	43681	105	105	1.0	1.0	net_98_11932_net_51_10906_net_60_10082	config_easy	2
net_51_10906	netmap_config_4	clustering_score_leiden.json	1.0	43681	90	90	1.0	1.0	net_98_11932_net_51_10906_net_60_10082	config_easy	2
net_98_11932	netmap_config_4	clustering_score_leiden.json	1.0	43681	105	105	1.0	1.0	net_98_11932_net_51_10906_net_60_10082	config_easy	2
net_51_10906	netmap_config_5	clustering_score_leiden.json		43681	90	90	1.0	1.0	net_98_11932_net_51_10906_net_60_10082	config_easy	2
net_98_11932	netmap_config_5	clustering_score_leiden.json		43681	105	105	1.0	1.0	net_98_11932_net_51_10906_net_60_10082	config_easy	2
net_51_10906	netmap_config_6	clustering_score_leiden.json	1.0	43681	90	90	1.0	1.0	net_98_11932_net_51_10906_net_60_10082	config_easy	2
net_98_11932	netmap_config_6	clustering_score_leiden.json	1.0	43681	105	105	1.0	1.0	net_98_11932_net_51_10906_net_60_10082	config_easy	2
net_51_10906	netmap_config_7	clustering_score_leiden.json	1.0	43681	90	90	1.0	1.0	net_98_11932_net_51_10906_net_60_10082	config_easy	2
net_98_11932	netmap_config_7	clustering_score_leiden.json	1.0	43681	105	105	1.0	1.0	net_98_11932_net_51_10906_net_60_10082	config_easy	2
net_51_10906	netmap_config_8	clustering_score_leiden.json	1.0	43681	90	90	1.0	1.0	net_98_11932_net_51_10906_net_60_10082	config_easy	2
net_98_11932	netmap_config_8	clustering_score_leiden.json	1.0	43681	105	105	1.0	1.0	net_98_11932_net_51_10906_net_60_10082	config_easy	2
net_51_10906	netmap_config_9	clustering_score_leiden.json	1.0	43681	90	90	1.0	1.0	net_98_11932_net_51_10906_net_60_10082	config_easy	2
net_98_11932	netmap_config_9	clustering_score_leiden.json	1.0	43681	105	105	1.0	1.0	net_98_11932_net_51_10906_net_60_10082	config_easy	2
net_51_10906	netmap_ensemble_nb_mean	clustering_score_leiden.json	1.0	43681	90	90	1.0	1.0	net_98_11932_net_51_10906_net_60_10082	config_easy	2
net_98_11932	netmap_ensemble_nb_mean	clustering_score_leiden.json	1.0	43681	105	105	1.0	1.0	net_98_11932_net_51_10906_net_60_10082	config_easy	2
net_51_10906	netmap_ensemble_nb_median	clustering_score_leiden.json	1.0	43681	90	90	1.0	1.0	net_98_11932_net_51_10906_net_60_10082	config_easy	2
net_98_11932	netmap_ensemble_nb_median	clustering_score_leiden.json	1.0	43681	105	105	1.0	1.0	net_98_11932_net_51_10906_net_60_10082	config_easy	2
net_51_10906	netmap_ensemble_zinb_mean	clustering_score_leiden.json	1.0	43681	90	90	1.0	1.0	net_98_11932_net_51_10906_net_60_10082	config_easy	2
net_98_11932	netmap_ensemble_zinb_mean	clustering_score_leiden.json	1.0	43681	105	105	1.0	1.0	net_98_11932_net_51_10906_net_60_10082	config_easy	2
net_51_10906	netmap_ensemble_zinb_median	clustering_score_leiden.json	1.0	43681	90	90	1.0	1.0	net_98_11932_net_51_10906_net_60_10082	config_easy	2
net_98_11932	netmap_ensemble_zinb_median	clustering_score_leiden.json	1.0	43681	105	105	1.0	1.0	net_98_11932_net_51_10906_net_60_10082	config_easy	2
net_51_10906	scgenerai_config	clustering_score_leiden.json	0.5	21736	57	90	0.6333333333333333	0.6333333333333333	net_98_11932_net_51_10906_net_60_10082	config_easy	2
net_98_11932	scgenerai_config	clustering_score_leiden.json	0.5	21736	38	105	0.3619047619047619	0.3619047619047619	net_98_11932_net_51_10906_net_60_10082	config_easy	2
net_75_10306	netmap_config_1	clustering_score_leiden.json		58564	175	175	1.0	1.0	net_90_11013_net_75_10306_net_77_11506	config_easy	2
net_90_11013	netmap_config_1	clustering_score_leiden.json		58564	216	216	1.0	1.0	net_90_11013_net_75_10306_net_77_11506	config_easy	2
net_75_10306	netmap_config_2	clustering_score_leiden.json		58564	175	175	1.0	1.0	net_90_11013_net_75_10306_net_77_11506	config_easy	2
net_90_11013	netmap_config_2	clustering_score_leiden.json		58564	216	216	1.0	1.0	net_90_11013_net_75_10306_net_77_11506	config_easy	2
net_75_10306	netmap_config_3	clustering_score_leiden.json		58564	175	175	1.0	1.0	net_90_11013_net_75_10306_net_77_11506	config_easy	2
net_90_11013	netmap_config_3	clustering_score_leiden.json		58564	216	216	1.0	1.0	net_90_11013_net_75_10306_net_77_11506	config_easy	2
net_75_10306	netmap_config_4	clustering_score_leiden.json		58564	175	175	1.0	1.0	net_90_11013_net_75_10306_net_77_11506	config_easy	2
net_90_11013	netmap_config_4	clustering_score_leiden.json		58564	216	216	1.0	1.0	net_90_11013_net_75_10306_net_77_11506	config_easy	2
net_75_10306	netmap_config_5	clustering_score_leiden.json		58564	175	175	1.0	1.0	net_90_11013_net_75_10306_net_77_11506	config_easy	2
net_90_11013	netmap_config_5	clustering_score_leiden.json		58564	216	216	1.0	1.0	net_90_11013_net_75_10306_net_77_11506	config_easy	2
net_75_10306	netmap_config_6	clustering_score_leiden.json		58564	175	175	1.0	1.0	net_90_11013_net_75_10306_net_77_11506	config_easy	2
net_90_11013	netmap_config_6	clustering_score_leiden.json		58564	216	216	1.0	1.0	net_90_11013_net_75_10306_net_77_11506	config_easy	2
net_75_10306	netmap_config_7	clustering_score_leiden.json	0.5	58564	175	175	1.0	1.0	net_90_11013_net_75_10306_net_77_11506	config_easy	2
net_90_11013	netmap_config_7	clustering_score_leiden.json	0.5	58564	216	216	1.0	1.0	net_90_11013_net_75_10306_net_77_11506	config_easy	2
net_75_10306	netmap_config_8	clustering_score_leiden.json	0.5	58564	175	175	1.0	1.0	net_90_11013_net_75_10306_net_77_11506	config_easy	2
net_90_11013	netmap_config_8	clustering_score_leiden.json	0.5	58564	216	216	1.0	1.0	net_90_11013_net_75_10306_net_77_11506	config_easy	2
net_75_10306	netmap_config_9	clustering_score_leiden.json	0.5	58564	175	175	1.0	1.0	net_90_11013_net_75_10306_net_77_11506	config_easy	2
net_90_11013	netmap_config_9	clustering_score_leiden.json	0.5	58564	216	216	1.0	1.0	net_90_11013_net_75_10306_net_77_11506	config_easy	2
net_75_10306	netmap_ensemble_nb_mean	clustering_score_leiden.json		58564	175	175	1.0	1.0	net_90_11013_net_75_10306_net_77_11506	config_easy	2
net_90_11013	netmap_ensemble_nb_mean	clustering_score_leiden.json		58564	216	216	1.0	1.0	net_90_11013_net_75_10306_net_77_11506	config_easy	2
net_75_10306	netmap_ensemble_nb_median	clustering_score_leiden.json		58564	175	175	1.0	1.0	net_90_11013_net_75_10306_net_77_11506	config_easy	2
net_90_11013	netmap_ensemble_nb_median	clustering_score_leiden.json		58564	216	216	1.0	1.0	net_90_11013_net_75_10306_net_77_11506	config_easy	2
net_75_10306	netmap_ensemble_zinb_mean	clustering_score_leiden.json		58564	175	175	1.0	1.0	net_90_11013_net_75_10306_net_77_11506	config_easy	2
net_90_11013	netmap_ensemble_zinb_mean	clustering_score_leiden.json		58564	216	216	1.0	1.0	net_90_11013_net_75_10306_net_77_11506	config_easy	2
net_75_10306	netmap_ensemble_zinb_median	clustering_score_leiden.json		58564	175	175	1.0	1.0	net_90_11013_net_75_10306_net_77_11506	config_easy	2
net_90_11013	netmap_ensemble_zinb_median	clustering_score_leiden.json		58564	216	216	1.0	1.0	net_90_11013_net_75_10306_net_77_11506	config_easy	2
net_75_10306	scgenerai_config	clustering_score_leiden.json		29161	123	175	0.7028571428571428	0.7028571428571428	net_90_11013_net_75_10306_net_77_11506	config_easy	2
net_90_11013	scgenerai_config	clustering_score_leiden.json		29161	126	216	0.5833333333333334	0.5833333333333334	net_90_11013_net_75_10306_net_77_11506	config_easy	2
net_84_10865	netmap_config_1	clustering_score_leiden.json	1.0	68644	154	154	1.0	1.0	net_84_10865_net_88_10937_net_90_11013	config_easy	2
net_88_10937	netmap_config_1	clustering_score_leiden.json	1.0	68644	184	184	1.0	1.0	net_84_10865_net_88_10937_net_90_11013	config_easy	2
net_84_10865	netmap_config_10	clustering_score_leiden.json	1.0	68644	154	154	1.0	1.0	net_84_10865_net_88_10937_net_90_11013	config_easy	2
net_88_10937	netmap_config_10	clustering_score_leiden.json	1.0	68644	184	184	1.0	1.0	net_84_10865_net_88_10937_net_90_11013	config_easy	2
net_84_10865	netmap_config_2	clustering_score_leiden.json	1.0	68644	154	154	1.0	1.0	net_84_10865_net_88_10937_net_90_11013	config_easy	2
net_88_10937	netmap_config_2	clustering_score_leiden.json	1.0	68644	184	184	1.0	1.0	net_84_10865_net_88_10937_net_90_11013	config_easy	2
net_84_10865	netmap_config_3	clustering_score_leiden.json	1.0	68644	154	154	1.0	1.0	net_84_10865_net_88_10937_net_90_11013	config_easy	2
net_88_10937	netmap_config_3	clustering_score_leiden.json	1.0	68644	184	184	1.0	1.0	net_84_10865_net_88_10937_net_90_11013	config_easy	2
net_84_10865	netmap_config_4	clustering_score_leiden.json	1.0	68644	154	154	1.0	1.0	net_84_10865_net_88_10937_net_90_11013	config_easy	2
net_88_10937	netmap_config_4	clustering_score_leiden.json	1.0	68644	184	184	1.0	1.0	net_84_10865_net_88_10937_net_90_11013	config_easy	2
net_84_10865	netmap_config_5	clustering_score_leiden.json	1.0	68644	154	154	1.0	1.0	net_84_10865_net_88_10937_net_90_11013	config_easy	2
net_88_10937	netmap_config_5	clustering_score_leiden.json	1.0	68644	184	184	1.0	1.0	net_84_10865_net_88_10937_net_90_11013	config_easy	2
net_84_10865	netmap_config_6	clustering_score_leiden.json	1.0	68644	154	154	1.0	1.0	net_84_10865_net_88_10937_net_90_11013	config_easy	2
net_88_10937	netmap_config_6	clustering_score_leiden.json	1.0	68644	184	184	1.0	1.0	net_84_10865_net_88_10937_net_90_11013	config_easy	2
net_84_10865	netmap_config_7	clustering_score_leiden.json	1.0	68644	154	154	1.0	1.0	net_84_10865_net_88_10937_net_90_11013	config_easy	2
net_88_10937	netmap_config_7	clustering_score_leiden.json	1.0	68644	184	184	1.0	1.0	net_84_10865_net_88_10937_net_90_11013	config_easy	2
net_84_10865	netmap_config_8	clustering_score_leiden.json	1.0	68644	154	154	1.0	1.0	net_84_10865_net_88_10937_net_90_11013	config_easy	2
net_88_10937	netmap_config_8	clustering_score_leiden.json	1.0	68644	184	184	1.0	1.0	net_84_10865_net_88_10937_net_90_11013	config_easy	2
net_84_10865	netmap_config_9	clustering_score_leiden.json	1.0	68644	154	154	1.0	1.0	net_84_10865_net_88_10937_net_90_11013	config_easy	2
net_88_10937	netmap_config_9	clustering_score_leiden.json	1.0	68644	184	184	1.0	1.0	net_84_10865_net_88_10937_net_90_11013	config_easy	2
net_84_10865	netmap_ensemble_nb_mean	clustering_score_leiden.json	1.0	68644	154	154	1.0	1.0	net_84_10865_net_88_10937_net_90_11013	config_easy	2
net_88_10937	netmap_ensemble_nb_mean	clustering_score_leiden.json	1.0	68644	184	184	1.0	1.0	net_84_10865_net_88_10937_net_90_11013	config_easy	2
net_84_10865	netmap_ensemble_nb_median	clustering_score_leiden.json	1.0	68644	154	154	1.0	1.0	net_84_10865_net_88_10937_net_90_11013	config_easy	2
net_88_10937	netmap_ensemble_nb_median	clustering_score_leiden.json	1.0	68644	184	184	1.0	1.0	net_84_10865_net_88_10937_net_90_11013	config_easy	2
net_84_10865	netmap_ensemble_zinb_mean	clustering_score_leiden.json	1.0	68644	154	154	1.0	1.0	net_84_10865_net_88_10937_net_90_11013	config_easy	2
net_88_10937	netmap_ensemble_zinb_mean	clustering_score_leiden.json	1.0	68644	184	184	1.0	1.0	net_84_10865_net_88_10937_net_90_11013	config_easy	2
net_84_10865	netmap_ensemble_zinb_median	clustering_score_leiden.json	1.0	68644	154	154	1.0	1.0	net_84_10865_net_88_10937_net_90_11013	config_easy	2
net_88_10937	netmap_ensemble_zinb_median	clustering_score_leiden.json	1.0	68644	184	184	1.0	1.0	net_84_10865_net_88_10937_net_90_11013	config_easy	2
net_84_10865	scgenerai_config	clustering_score_leiden.json	0.5	34191	86	154	0.5584415584415584	0.5584415584415584	net_84_10865_net_88_10937_net_90_11013	config_easy	2
net_88_10937	scgenerai_config	clustering_score_leiden.json	0.5	34191	129	184	0.7010869565217391	0.7010869565217391	net_84_10865_net_88_10937_net_90_11013	config_easy	2
net_141_11706	netmap_config_1	clustering_score_leiden.json		79524	175	175	1.0	1.0	net_60_10703_net_141_11706_net_81_10586	config_easy	2
net_60_10703	netmap_config_1	clustering_score_leiden.json		79524	92	92	1.0	1.0	net_60_10703_net_141_11706_net_81_10586	config_easy	2
net_141_11706	netmap_config_10	clustering_score_leiden.json		79524	175	175	1.0	1.0	net_60_10703_net_141_11706_net_81_10586	config_easy	2
net_60_10703	netmap_config_10	clustering_score_leiden.json		79524	92	92	1.0	1.0	net_60_10703_net_141_11706_net_81_10586	config_easy	2
net_141_11706	netmap_config_2	clustering_score_leiden.json	1.0	79524	175	175	1.0	1.0	net_60_10703_net_141_11706_net_81_10586	config_easy	2
net_60_10703	netmap_config_2	clustering_score_leiden.json	1.0	79524	92	92	1.0	1.0	net_60_10703_net_141_11706_net_81_10586	config_easy	2
net_141_11706	netmap_config_3	clustering_score_leiden.json	1.0	79524	175	175	1.0	1.0	net_60_10703_net_141_11706_net_81_10586	config_easy	2
net_60_10703	netmap_config_3	clustering_score_leiden.json	1.0	79524	92	92	1.0	1.0	net_60_10703_net_141_11706_net_81_10586	config_easy	2
net_141_11706	netmap_config_4	clustering_score_leiden.json	1.0	79524	175	175	1.0	1.0	net_60_10703_net_141_11706_net_81_10586	config_easy	2
net_60_10703	netmap_config_4	clustering_score_leiden.json	1.0	79524	92	92	1.0	1.0	net_60_10703_net_141_11706_net_81_10586	config_easy	2
net_141_11706	netmap_config_5	clustering_score_leiden.json	1.0	79524	175	175	1.0	1.0	net_60_10703_net_141_11706_net_81_10586	config_easy	2
net_60_10703	netmap_config_5	clustering_score_leiden.json	1.0	79524	92	92	1.0	1.0	net_60_10703_net_141_11706_net_81_10586	config_easy	2
net_141_11706	netmap_config_6	clustering_score_leiden.json		79524	175	175	1.0	1.0	net_60_10703_net_141_11706_net_81_10586	config_easy	2
net_60_10703	netmap_config_6	clustering_score_leiden.json		79524	92	92	1.0	1.0	net_60_10703_net_141_11706_net_81_10586	config_easy	2
net_141_11706	netmap_config_7	clustering_score_leiden.json		79524	175	175	1.0	1.0	net_60_10703_net_141_11706_net_81_10586	config_easy	2
net_60_10703	netmap_config_7	clustering_score_leiden.json		79524	92	92	1.0	1.0	net_60_10703_net_141_11706_net_81_10586	config_easy	2
net_141_11706	netmap_config_8	clustering_score_leiden.json		79524	175	175	1.0	1.0	net_60_10703_net_141_11706_net_81_10586	config_easy	2
net_60_10703	netmap_config_8	clustering_score_leiden.json		79524	92	92	1.0	1.0	net_60_10703_net_141_11706_net_81_10586	config_easy	2
net_141_11706	netmap_config_9	clustering_score_leiden.json	0.5	79524	175	175	1.0	1.0	net_60_10703_net_141_11706_net_81_10586	config_easy	2
net_60_10703	netmap_config_9	clustering_score_leiden.json	0.5	79524	92	92	1.0	1.0	net_60_10703_net_141_11706_net_81_10586	config_easy	2
net_141_11706	netmap_ensemble_nb_mean	clustering_score_leiden.json	1.0	79524	175	175	1.0	1.0	net_60_10703_net_141_11706_net_81_10586	config_easy	2
net_60_10703	netmap_ensemble_nb_mean	clustering_score_leiden.json	1.0	79524	92	92	1.0	1.0	net_60_10703_net_141_11706_net_81_10586	config_easy	2
net_141_11706	netmap_ensemble_nb_median	clustering_score_leiden.json	1.0	79524	175	175	1.0	1.0	net_60_10703_net_141_11706_net_81_10586	config_easy	2
net_60_10703	netmap_ensemble_nb_median	clustering_score_leiden.json	1.0	79524	92	92	1.0	1.0	net_60_10703_net_141_11706_net_81_10586	config_easy	2
net_141_11706	netmap_ensemble_zinb_mean	clustering_score_leiden.json	1.0	79524	175	175	1.0	1.0	net_60_10703_net_141_11706_net_81_10586	config_easy	2
net_60_10703	netmap_ensemble_zinb_mean	clustering_score_leiden.json	1.0	79524	92	92	1.0	1.0	net_60_10703_net_141_11706_net_81_10586	config_easy	2
net_141_11706	netmap_ensemble_zinb_median	clustering_score_leiden.json	1.0	79524	175	175	1.0	1.0	net_60_10703_net_141_11706_net_81_10586	config_easy	2
net_60_10703	netmap_ensemble_zinb_median	clustering_score_leiden.json	1.0	79524	92	92	1.0	1.0	net_60_10703_net_141_11706_net_81_10586	config_easy	2
net_141_11706	scgenerai_config	clustering_score_leiden.json		39621	127	175	0.7257142857142858	0.7257142857142858	net_60_10703_net_141_11706_net_81_10586	config_easy	2
net_60_10703	scgenerai_config	clustering_score_leiden.json		39621	63	92	0.6847826086956522	0.6847826086956522	net_60_10703_net_141_11706_net_81_10586	config_easy	2
net_60_10082	netmap_config_1	clustering_score_leiden.json	1.0	70225	104	104	1.0	1.0	net_70_11431_net_60_10082_net_135_11054	config_noise	2
net_70_11431	netmap_config_1	clustering_score_leiden.json	1.0	70225	88	88	1.0	1.0	net_70_11431_net_60_10082_net_135_11054	config_noise	2
net_60_10082	netmap_config_10	clustering_score_leiden.json		70225	104	104	1.0	1.0	net_70_11431_net_60_10082_net_135_11054	config_noise	2
net_70_11431	netmap_config_10	clustering_score_leiden.json		70225	88	88	1.0	1.0	net_70_11431_net_60_10082_net_135_11054	config_noise	2
net_60_10082	netmap_config_2	clustering_score_leiden.json	1.0	70225	104	104	1.0	1.0	net_70_11431_net_60_10082_net_135_11054	config_noise	2
net_70_11431	netmap_config_2	clustering_score_leiden.json	1.0	70225	88	88	1.0	1.0	net_70_11431_net_60_10082_net_135_11054	config_noise	2
net_60_10082	netmap_config_3	clustering_score_leiden.json	1.0	70225	104	104	1.0	1.0	net_70_11431_net_60_10082_net_135_11054	config_noise	2
net_70_11431	netmap_config_3	clustering_score_leiden.json	1.0	70225	88	88	1.0	1.0	net_70_11431_net_60_10082_net_135_11054	config_noise	2
net_60_10082	netmap_config_4	clustering_score_leiden.json	1.0	70225	104	104	1.0	1.0	net_70_11431_net_60_10082_net_135_11054	config_noise	2
net_70_11431	netmap_config_4	clustering_score_leiden.json	1.0	70225	88	88	1.0	1.0	net_70_11431_net_60_10082_net_135_11054	config_noise	2
net_60_10082	netmap_config_5	clustering_score_leiden.json		70225	104	104	1.0	1.0	net_70_11431_net_60_10082_net_135_11054	config_noise	2
net_70_11431	netmap_config_5	clustering_score_leiden.json		70225	88	88	1.0	1.0	net_70_11431_net_60_10082_net_135_11054	config_noise	2
net_60_10082	netmap_config_6	clustering_score_leiden.json		70225	104	104	1.0	1.0	net_70_11431_net_60_10082_net_135_11054	config_noise	2
net_70_11431	netmap_config_6	clustering_score_leiden.json		70225	88	88	1.0	1.0	net_70_11431_net_60_10082_net_135_11054	config_noise	2
net_60_10082	netmap_config_7	clustering_score_leiden.json	1.0	70225	104	104	1.0	1.0	net_70_11431_net_60_10082_net_135_11054	config_noise	2
net_70_11431	netmap_config_7	clustering_score_leiden.json	1.0	70225	88	88	1.0	1.0	net_70_11431_net_60_10082_net_135_11054	config_noise	2
net_60_10082	netmap_config_8	clustering_score_leiden.json	1.0	70225	104	104	1.0	1.0	net_70_11431_net_60_10082_net_135_11054	config_noise	2
net_70_11431	netmap_config_8	clustering_score_leiden.json	1.0	70225	88	88	1.0	1.0	net_70_11431_net_60_10082_net_135_11054	config_noise	2
net_60_10082	netmap_config_9	clustering_score_leiden.json	1.0	70225	104	104	1.0	1.0	net_70_11431_net_60_10082_net_135_11054	config_noise	2
net_70_11431	netmap_config_9	clustering_score_leiden.json	1.0	70225	88	88	1.0	1.0	net_70_11431_net_60_10082_net_135_11054	config_noise	2
net_60_10082	netmap_ensemble_nb_mean	clustering_score_leiden.json	1.0	70225	104	104	1.0	1.0	net_70_11431_net_60_10082_net_135_11054	config_noise	2
net_70_11431	netmap_ensemble_nb_mean	clustering_score_leiden.json	1.0	70225	88	88	1.0	1.0	net_70_11431_net_60_10082_net_135_11054	config_noise	2
net_60_10082	netmap_ensemble_nb_median	clustering_score_leiden.json	1.0	70225	104	104	1.0	1.0	net_70_11431_net_60_10082_net_135_11054	config_noise	2
net_70_11431	netmap_ensemble_nb_median	clustering_score_leiden.json	1.0	70225	88	88	1.0	1.0	net_70_11431_net_60_10082_net_135_11054	config_noise	2
net_60_10082	netmap_ensemble_zinb_mean	clustering_score_leiden.json	1.0	70225	104	104	1.0	1.0	net_70_11431_net_60_10082_net_135_11054	config_noise	2
net_70_11431	netmap_ensemble_zinb_mean	clustering_score_leiden.json	1.0	70225	88	88	1.0	1.0	net_70_11431_net_60_10082_net_135_11054	config_noise	2
net_60_10082	netmap_ensemble_zinb_median	clustering_score_leiden.json	1.0	70225	104	104	1.0	1.0	net_70_11431_net_60_10082_net_135_11054	config_noise	2
net_70_11431	netmap_ensemble_zinb_median	clustering_score_leiden.json	1.0	70225	88	88	1.0	1.0	net_70_11431_net_60_10082_net_135_11054	config_noise	2
net_60_10082	scgenerai_config	clustering_score_leiden.json	0.5	34980	14	104	0.1346153846153846	0.1346153846153846	net_70_11431_net_60_10082_net_135_11054	config_noise	2
net_70_11431	scgenerai_config	clustering_score_leiden.json	0.5	34980	39	88	0.4431818181818182	0.4431818181818182	net_70_11431_net_60_10082_net_135_11054	config_noise	2
net_53_11196	netmap_config_1	clustering_score_leiden.json	1.0	42849	78	78	1.0	1.0	net_53_11196_net_70_11431_net_84_9903	config_noise	2
net_70_11431	netmap_config_1	clustering_score_leiden.json	1.0	42849	88	88	1.0	1.0	net_53_11196_net_70_11431_net_84_9903	config_noise	2
net_53_11196	netmap_config_10	clustering_score_leiden.json	1.0	42849	78	78	1.0	1.0	net_53_11196_net_70_11431_net_84_9903	config_noise	2
net_70_11431	netmap_config_10	clustering_score_leiden.json	1.0	42849	88	88	1.0	1.0	net_53_11196_net_70_11431_net_84_9903	config_noise	2
net_53_11196	netmap_config_2	clustering_score_leiden.json	1.0	42849	78	78	1.0	1.0	net_53_11196_net_70_11431_net_84_9903	config_noise	2
net_70_11431	netmap_config_2	clustering_score_leiden.json	1.0	42849	88	88	1.0	1.0	net_53_11196_net_70_11431_net_84_9903	config_noise	2
net_53_11196	netmap_config_3	clustering_score_leiden.json	1.0	42849	78	78	1.0	1.0	net_53_11196_net_70_11431_net_84_9903	config_noise	2
net_70_11431	netmap_config_3	clustering_score_leiden.json	1.0	42849	88	88	1.0	1.0	net_53_11196_net_70_11431_net_84_9903	config_noise	2
net_53_11196	netmap_config_4	clustering_score_leiden.json	1.0	42849	78	78	1.0	1.0	net_53_11196_net_70_11431_net_84_9903	config_noise	2
net_70_11431	netmap_config_4	clustering_score_leiden.json	1.0	42849	88	88	1.0	1.0	net_53_11196_net_70_11431_net_84_9903	config_noise	2
net_53_11196	netmap_config_5	clustering_score_leiden.json	1.0	42849	78	78	1.0	1.0	net_53_11196_net_70_11431_net_84_9903	config_noise	2
net_70_11431	netmap_config_5	clustering_score_leiden.json	1.0	42849	88	88	1.0	1.0	net_53_11196_net_70_11431_net_84_9903	config_noise	2
net_53_11196	netmap_config_6	clustering_score_leiden.json	1.0	42849	78	78	1.0	1.0	net_53_11196_net_70_11431_net_84_9903	config_noise	2
net_70_11431	netmap_config_6	clustering_score_leiden.json	1.0	42849	88	88	1.0	1.0	net_53_11196_net_70_11431_net_84_9903	config_noise	2
net_53_11196	netmap_config_7	clustering_score_leiden.json		42849	78	78	1.0	1.0	net_53_11196_net_70_11431_net_84_9903	config_noise	2
net_70_11431	netmap_config_7	clustering_score_leiden.json		42849	88	88	1.0	1.0	net_53_11196_net_70_11431_net_84_9903	config_noise	2
net_53_11196	netmap_config_8	clustering_score_leiden.json	1.0	42849	78	78	1.0	1.0	net_53_11196_net_70_11431_net_84_9903	config_noise	2
net_70_11431	netmap_config_8	clustering_score_leiden.json	1.0	42849	88	88	1.0	1.0	net_53_11196_net_70_11431_net_84_9903	config_noise	2
net_53_11196	netmap_config_9	clustering_score_leiden.json	1.0	42849	78	78	1.0	1.0	net_53_11196_net_70_11431_net_84_9903	config_noise	2
net_70_11431	netmap_config_9	clustering_score_leiden.json	1.0	42849	88	88	1.0	1.0	net_53_11196_net_70_11431_net_84_9903	config_noise	2
net_53_11196	netmap_ensemble_nb_mean	clustering_score_leiden.json	1.0	42849	78	78	1.0	1.0	net_53_11196_net_70_11431_net_84_9903	config_noise	2
net_70_11431	netmap_ensemble_nb_mean	clustering_score_leiden.json	1.0	42849	88	88	1.0	1.0	net_53_11196_net_70_11431_net_84_9903	config_noise	2
net_53_11196	netmap_ensemble_nb_median	clustering_score_leiden.json	1.0	42849	78	78	1.0	1.0	net_53_11196_net_70_11431_net_84_9903	config_noise	2
net_70_11431	netmap_ensemble_nb_median	clustering_score_leiden.json	1.0	42849	88	88	1.0	1.0	net_53_11196_net_70_11431_net_84_9903	config_noise	2
net_53_11196	netmap_ensemble_zinb_mean	clustering_score_leiden.json	1.0	42849	78	78	1.0	1.0	net_53_11196_net_70_11431_net_84_9903	config_noise	2
net_70_11431	netmap_ensemble_zinb_mean	clustering_score_leiden.json	1.0	42849	88	88	1.0	1.0	net_53_11196_net_70_11431_net_84_9903	config_noise	2
net_53_11196	netmap_ensemble_zinb_median	clustering_score_leiden.json	1.0	42849	78	78	1.0	1.0	net_53_11196_net_70_11431_net_84_9903	config_noise	2
net_70_11431	netmap_ensemble_zinb_median	clustering_score_leiden.json	1.0	42849	88	88	1.0	1.0	net_53_11196_net_70_11431_net_84_9903	config_noise	2
net_53_11196	scgenerai_config	clustering_score_leiden.json		21321	50	78	0.6410256410256411	0.6410256410256411	net_53_11196_net_70_11431_net_84_9903	config_noise	2
net_70_11431	scgenerai_config	clustering_score_leiden.json		21321	39	88	0.4431818181818182	0.4431818181818182	net_53_11196_net_70_11431_net_84_9903	config_noise	2
net_115_11153	netmap_config_1	clustering_score_leiden.json	1.0	66564	117	117	1.0	1.0	net_59_10488_net_115_11153_net_84_11226	config_noise	2
net_59_10488	netmap_config_1	clustering_score_leiden.json	1.0	66564	87	87	1.0	1.0	net_59_10488_net_115_11153_net_84_11226	config_noise	2
net_115_11153	netmap_config_10	clustering_score_leiden.json	1.0	66564	117	117	1.0	1.0	net_59_10488_net_115_11153_net_84_11226	config_noise	2
net_59_10488	netmap_config_10	clustering_score_leiden.json	1.0	66564	87	87	1.0	1.0	net_59_10488_net_115_11153_net_84_11226	config_noise	2
net_115_11153	netmap_config_2	clustering_score_leiden.json	1.0	66564	117	117	1.0	1.0	net_59_10488_net_115_11153_net_84_11226	config_noise	2
net_59_10488	netmap_config_2	clustering_score_leiden.json	1.0	66564	87	87	1.0	1.0	net_59_10488_net_115_11153_net_84_11226	config_noise	2
net_115_11153	netmap_config_3	clustering_score_leiden.json	1.0	66564	117	117	1.0	1.0	net_59_10488_net_115_11153_net_84_11226	config_noise	2
net_59_10488	netmap_config_3	clustering_score_leiden.json	1.0	66564	87	87	1.0	1.0	net_59_10488_net_115_11153_net_84_11226	config_noise	2
net_115_11153	netmap_config_4	clustering_score_leiden.json	1.0	66564	117	117	1.0	1.0	net_59_10488_net_115_11153_net_84_11226	config_noise	2
net_59_10488	netmap_config_4	clustering_score_leiden.json	1.0	66564	87	87	1.0	1.0	net_59_10488_net_115_11153_net_84_11226	config_noise	2
net_115_11153	netmap_config_5	clustering_score_leiden.json		66564	117	117	1.0	1.0	net_59_10488_net_115_11153_net_84_11226	config_noise	2
net_59_10488	netmap_config_5	clustering_score_leiden.json		66564	87	87	1.0	1.0	net_59_10488_net_115_11153_net_84_11226	config_noise	2
net_115_11153	netmap_config_6	clustering_score_leiden.json	1.0	66564	117	117	1.0	1.0	net_59_10488_net_115_11153_net_84_11226	config_noise	2
net_59_10488	netmap_config_6	clustering_score_leiden.json	1.0	66564	87	87	1.0	1.0	net_59_10488_net_115_11153_net_84_11226	config_noise	2
net_115_11153	netmap_config_7	clustering_score_leiden.json		66564	117	117	1.0	1.0	net_59_10488_net_115_11153_net_84_11226	config_noise	2
net_59_10488	netmap_config_7	clustering_score_leiden.json		66564	87	87	1.0	1.0	net_59_10488_net_115_11153_net_84_11226	config_noise	2
net_115_11153	netmap_config_8	clustering_score_leiden.json	1.0	66564	117	117	1.0	1.0	net_59_10488_net_115_11153_net_84_11226	config_noise	2
net_59_10488	netmap_config_8	clustering_score_leiden.json	1.0	66564	87	87	1.0	1.0	net_59_10488_net_115_11153_net_84_11226	config_noise	2
net_115_11153	netmap_config_9	clustering_score_leiden.json		66564	117	117	1.0	1.0	net_59_10488_net_115_11153_net_84_11226	config_noise	2
net_59_10488	netmap_config_9	clustering_score_leiden.json		66564	87	87	1.0	1.0	net_59_10488_net_115_11153_net_84_11226	config_noise	2
net_115_11153	netmap_ensemble_nb_mean	clustering_score_leiden.json	1.0	66564	117	117	1.0	1.0	net_59_10488_net_115_11153_net_84_11226	config_noise	2
net_59_10488	netmap_ensemble_nb_mean	clustering_score_leiden.json	1.0	66564	87	87	1.0	1.0	net_59_10488_net_115_11153_net_84_11226	config_noise	2
net_115_11153	netmap_ensemble_nb_median	clustering_score_leiden.json	1.0	66564	117	117	1.0	1.0	net_59_10488_net_115_11153_net_84_11226	config_noise	2
net_59_10488	netmap_ensemble_nb_median	clustering_score_leiden.json	1.0	66564	87	87	1.0	1.0	net_59_10488_net_115_11153_net_84_11226	config_noise	2
net_115_11153	netmap_ensemble_zinb_mean	clustering_score_leiden.json	1.0	66564	117	117	1.0	1.0	net_59_10488_net_115_11153_net_84_11226	config_noise	2
net_59_10488	netmap_ensemble_zinb_mean	clustering_score_leiden.json	1.0	66564	87	87	1.0	1.0	net_59_10488_net_115_11153_net_84_11226	config_noise	2
net_115_11153	netmap_ensemble_zinb_median	clustering_score_leiden.json	1.0	66564	117	117	1.0	1.0	net_59_10488_net_115_11153_net_84_11226	config_noise	2
net_59_10488	netmap_ensemble_zinb_median	clustering_score_leiden.json	1.0	66564	87	87	1.0	1.0	net_59_10488_net_115_11153_net_84_11226	config_noise	2
net_115_11153	scgenerai_config	clustering_score_leiden.json	0.5	33153	14	117	0.11965811965811966	0.11965811965811966	net_59_10488_net_115_11153_net_84_11226	config_noise	2
net_59_10488	scgenerai_config	clustering_score_leiden.json	0.5	33153	43	87	0.4942528735632184	0.4942528735632184	net_59_10488_net_115_11153_net_84_11226	config_noise	2
net_172_10626	netmap_config_1	clustering_score_leiden.json	1.0	113569	239	239	1.0	1.0	net_172_10626_net_89_11634_net_76_10367	config_noise	2
net_89_11634	netmap_config_1	clustering_score_leiden.json	1.0	113569	98	98	1.0	1.0	net_172_10626_net_89_11634_net_76_10367	config_noise	2
net_172_10626	netmap_config_2	clustering_score_leiden.json		113569	239	239	1.0	1.0	net_172_10626_net_89_11634_net_76_10367	config_noise	2
net_89_11634	netmap_config_2	clustering_score_leiden.json		113569	98	98	1.0	1.0	net_172_10626_net_89_11634_net_76_10367	config_noise	2
net_172_10626	netmap_config_3	clustering_score_leiden.json	1.0	113569	239	239	1.0	1.0	net_172_10626_net_89_11634_net_76_10367	config_noise	2
net_89_11634	netmap_config_3	clustering_score_leiden.json	1.0	113569	98	98	1.0	1.0	net_172_10626_net_89_11634_net_76_10367	config_noise	2
net_172_10626	netmap_config_4	clustering_score_leiden.json		113569	239	239	1.0	1.0	net_172_10626_net_89_11634_net_76_10367	config_noise	2
net_89_11634	netmap_config_4	clustering_score_leiden.json		113569	98	98	1.0	1.0	net_172_10626_net_89_11634_net_76_10367	config_noise	2
net_172_10626	netmap_config_5	clustering_score_leiden.json		113569	239	239	1.0	1.0	net_172_10626_net_89_11634_net_76_10367	config_noise	2
net_89_11634	netmap_config_5	clustering_score_leiden.json		113569	98	98	1.0	1.0	net_172_10626_net_89_11634_net_76_10367	config_noise	2
net_172_10626	netmap_config_6	clustering_score_leiden.json	1.0	113569	239	239	1.0	1.0	net_172_10626_net_89_11634_net_76_10367	config_noise	2
net_89_11634	netmap_config_6	clustering_score_leiden.json	1.0	113569	98	98	1.0	1.0	net_172_10626_net_89_11634_net_76_10367	config_noise	2
net_172_10626	netmap_config_7	clustering_score_leiden.json	0.5	113569	239	239	1.0	1.0	net_172_10626_net_89_11634_net_76_10367	config_noise	2
net_89_11634	netmap_config_7	clustering_score_leiden.json	0.5	113569	98	98	1.0	1.0	net_172_10626_net_89_11634_net_76_10367	config_noise	2
net_172_10626	netmap_config_8	clustering_score_leiden.json		113569	239	239	1.0	1.0	net_172_10626_net_89_11634_net_76_10367	config_noise	2
net_89_11634	netmap_config_8	clustering_score_leiden.json		113569	98	98	1.0	1.0	net_172_10626_net_89_11634_net_76_10367	config_noise	2
net_172_10626	netmap_config_9	clustering_score_leiden.json		113569	239	239	1.0	1.0	net_172_10626_net_89_11634_net_76_10367	config_noise	2
net_89_11634	netmap_config_9	clustering_score_leiden.json		113569	98	98	1.0	1.0	net_172_10626_net_89_11634_net_76_10367	config_noise	2
net_172_10626	netmap_ensemble_nb_mean	clustering_score_leiden.json		113569	239	239	1.0	1.0	net_172_10626_net_89_11634_net_76_10367	config_noise	2
net_89_11634	netmap_ensemble_nb_mean	clustering_score_leiden.json		113569	98	98	1.0	1.0	net_172_10626_net_89_11634_net_76_10367	config_noise	2
net_172_10626	netmap_ensemble_nb_median	clustering_score_leiden.json		113569	239	239	1.0	1.0	net_172_10626_net_89_11634_net_76_10367	config_noise	2
net_89_11634	netmap_ensemble_nb_median	clustering_score_leiden.json		113569	98	98	1.0	1.0	net_172_10626_net_89_11634_net_76_10367	config_noise	2
net_172_10626	netmap_ensemble_zinb_mean	clustering_score_leiden.json	1.0	113569	239	239	1.0	1.0	net_172_10626_net_89_11634_net_76_10367	config_noise	2
net_89_11634	netmap_ensemble_zinb_mean	clustering_score_leiden.json	1.0	113569	98	98	1.0	1.0	net_172_10626_net_89_11634_net_76_10367	config_noise	2
net_172_10626	netmap_ensemble_zinb_median	clustering_score_leiden.json	1.0	113569	239	239	1.0	1.0	net_172_10626_net_89_11634_net_76_10367	config_noise	2
net_89_11634	netmap_ensemble_zinb_median	clustering_score_leiden.json	1.0	113569	98	98	1.0	1.0	net_172_10626_net_89_11634_net_76_10367	config_noise	2
net_172_10626	scgenerai_config	clustering_score_leiden.json	0.5	56616	136	239	0.5690376569037657	0.5690376569037657	net_172_10626_net_89_11634_net_76_10367	config_noise	2
net_89_11634	scgenerai_config	clustering_score_leiden.json	0.5	56616	40	98	0.40816326530612246	0.40816326530612246	net_172_10626_net_89_11634_net_76_10367	config_noise	2
net_60_10082	netmap_config_1	clustering_score_leiden.json	1.0	43264	104	104	1.0	1.0	net_60_10082_net_64_11307_net_84_11226	config_noise	2
net_64_11307	netmap_config_1	clustering_score_leiden.json	1.0	43264	71	71	1.0	1.0	net_60_10082_net_64_11307_net_84_11226	config_noise	2
net_60_10082	netmap_config_2	clustering_score_leiden.json	1.0	43264	104	104	1.0	1.0	net_60_10082_net_64_11307_net_84_11226	config_noise	2
net_64_11307	netmap_config_2	clustering_score_leiden.json	1.0	43264	71	71	1.0	1.0	net_60_10082_net_64_11307_net_84_11226	config_noise	2
net_60_10082	netmap_config_3	clustering_score_leiden.json	1.0	43264	104	104	1.0	1.0	net_60_10082_net_64_11307_net_84_11226	config_noise	2
net_64_11307	netmap_config_3	clustering_score_leiden.json	1.0	43264	71	71	1.0	1.0	net_60_10082_net_64_11307_net_84_11226	config_noise	2
net_60_10082	netmap_config_4	clustering_score_leiden.json		43264	104	104	1.0	1.0	net_60_10082_net_64_11307_net_84_11226	config_noise	2
net_64_11307	netmap_config_4	clustering_score_leiden.json		43264	71	71	1.0	1.0	net_60_10082_net_64_11307_net_84_11226	config_noise	2
net_60_10082	netmap_config_5	clustering_score_leiden.json	0.5	43264	104	104	1.0	1.0	net_60_10082_net_64_11307_net_84_11226	config_noise	2
net_64_11307	netmap_config_5	clustering_score_leiden.json	0.5	43264	71	71	1.0	1.0	net_60_10082_net_64_11307_net_84_11226	config_noise	2
net_60_10082	netmap_config_6	clustering_score_leiden.json	1.0	43264	104	104	1.0	1.0	net_60_10082_net_64_11307_net_84_11226	config_noise	2
net_64_11307	netmap_config_6	clustering_score_leiden.json	1.0	43264	71	71	1.0	1.0	net_60_10082_net_64_11307_net_84_11226	config_noise	2
net_60_10082	netmap_config_8	clustering_score_leiden.json	1.0	43264	104	104	1.0	1.0	net_60_10082_net_64_11307_net_84_11226	config_noise	2
net_64_11307	netmap_config_8	clustering_score_leiden.json	1.0	43264	71	71	1.0	1.0	net_60_10082_net_64_11307_net_84_11226	config_noise	2
net_60_10082	netmap_config_9	clustering_score_leiden.json		43264	104	104	1.0	1.0	net_60_10082_net_64_11307_net_84_11226	config_noise	2
net_64_11307	netmap_config_9	clustering_score_leiden.json		43264	71	71	1.0	1.0	net_60_10082_net_64_11307_net_84_11226	config_noise	2
net_60_10082	netmap_ensemble_nb_mean	clustering_score_leiden.json	1.0	43264	104	104	1.0	1.0	net_60_10082_net_64_11307_net_84_11226	config_noise	2
net_64_11307	netmap_ensemble_nb_mean	clustering_score_leiden.json	1.0	43264	71	71	1.0	1.0	net_60_10082_net_64_11307_net_84_11226	config_noise	2
net_60_10082	netmap_ensemble_nb_median	clustering_score_leiden.json	1.0	43264	104	104	1.0	1.0	net_60_10082_net_64_11307_net_84_11226	config_noise	2
net_64_11307	netmap_ensemble_nb_median	clustering_score_leiden.json	1.0	43264	71	71	1.0	1.0	net_60_10082_net_64_11307_net_84_11226	config_noise	2
net_60_10082	netmap_ensemble_zinb_mean	clustering_score_leiden.json	0.5	43264	104	104	1.0	1.0	net_60_10082_net_64_11307_net_84_11226	config_noise	2
net_64_11307	netmap_ensemble_zinb_mean	clustering_score_leiden.json	0.5	43264	71	71	1.0	1.0	net_60_10082_net_64_11307_net_84_11226	config_noise	2
net_60_10082	netmap_ensemble_zinb_median	clustering_score_leiden.json	0.5	43264	104	104	1.0	1.0	net_60_10082_net_64_11307_net_84_11226	config_noise	2
net_64_11307	netmap_ensemble_zinb_median	clustering_score_leiden.json	0.5	43264	71	71	1.0	1.0	net_60_10082_net_64_11307_net_84_11226	config_noise	2
net_60_10082	scgenerai_config	clustering_score_leiden.json	0.5	21528	14	104	0.1346153846153846	0.1346153846153846	net_60_10082_net_64_11307_net_84_11226	config_noise	2
net_64_11307	scgenerai_config	clustering_score_leiden.json	0.5	21528	18	71	0.2535211267605634	0.2535211267605634	net_60_10082_net_64_11307_net_84_11226	config_noise	2
net_133_10773	netmap_config_1	clustering_score_leiden.json	1.0	82369	201	201	1.0	1.0	net_133_10773_net_82_10152_net_72_10551	config_noise	2
net_82_10152	netmap_config_1	clustering_score_leiden.json	1.0	82369	164	164	1.0	1.0	net_133_10773_net_82_10152_net_72_10551	config_noise	2
net_133_10773	netmap_config_2	clustering_score_leiden.json	1.0	82369	201	201	1.0	1.0	net_133_10773_net_82_10152_net_72_10551	config_noise	2
net_82_10152	netmap_config_2	clustering_score_leiden.json	1.0	82369	164	164	1.0	1.0	net_133_10773_net_82_10152_net_72_10551	config_noise	2
net_133_10773	netmap_config_3	clustering_score_leiden.json	1.0	82369	201	201	1.0	1.0	net_133_10773_net_82_10152_net_72_10551	config_noise	2
net_82_10152	netmap_config_3	clustering_score_leiden.json	1.0	82369	164	164	1.0	1.0	net_133_10773_net_82_10152_net_72_10551	config_noise	2
net_133_10773	netmap_config_4	clustering_score_leiden.json		82369	201	201	1.0	1.0	net_133_10773_net_82_10152_net_72_10551	config_noise	2
net_82_10152	netmap_config_4	clustering_score_leiden.json		82369	164	164	1.0	1.0	net_133_10773_net_82_10152_net_72_10551	config_noise	2
net_133_10773	netmap_config_5	clustering_score_leiden.json		82369	201	201	1.0	1.0	net_133_10773_net_82_10152_net_72_10551	config_noise	2
net_82_10152	netmap_config_5	clustering_score_leiden.json		82369	164	164	1.0	1.0	net_133_10773_net_82_10152_net_72_10551	config_noise	2
net_133_10773	netmap_config_6	clustering_score_leiden.json	1.0	82369	201	201	1.0	1.0	net_133_10773_net_82_10152_net_72_10551	config_noise	2
net_82_10152	netmap_config_6	clustering_score_leiden.json	1.0	82369	164	164	1.0	1.0	net_133_10773_net_82_10152_net_72_10551	config_noise	2
net_133_10773	netmap_config_7	clustering_score_leiden.json	1.0	82369	201	201	1.0	1.0	net_133_10773_net_82_10152_net_72_10551	config_noise	2
net_82_10152	netmap_config_7	clustering_score_leiden.json	1.0	82369	164	164	1.0	1.0	net_133_10773_net_82_10152_net_72_10551	config_noise	2
net_133_10773	netmap_config_8	clustering_score_leiden.json		82369	201	201	1.0	1.0	net_133_10773_net_82_10152_net_72_10551	config_noise	2
net_82_10152	netmap_config_8	clustering_score_leiden.json		82369	164	164	1.0	1.0	net_133_10773_net_82_10152_net_72_10551	config_noise	2
net_133_10773	netmap_config_9	clustering_score_leiden.json	1.0	82369	201	201	1.0	1.0	net_133_10773_net_82_10152_net_72_10551	config_noise	2
net_82_10152	netmap_config_9	clustering_score_leiden.json	1.0	82369	164	164	1.0	1.0	net_133_10773_net_82_10152_net_72_10551	config_noise	2
net_133_10773	netmap_ensemble_nb_mean	clustering_score_leiden.json	1.0	82369	201	201	1.0	1.0	net_133_10773_net_82_10152_net_72_10551	config_noise	2
net_82_10152	netmap_ensemble_nb_mean	clustering_score_leiden.json	1.0	82369	164	164	1.0	1.0	net_133_10773_net_82_10152_net_72_10551	config_noise	2
net_133_10773	netmap_ensemble_nb_median	clustering_score_leiden.json	1.0	82369	201	201	1.0	1.0	net_133_10773_net_82_10152_net_72_10551	config_noise	2
net_82_10152	netmap_ensemble_nb_median	clustering_score_leiden.json	1.0	82369	164	164	1.0	1.0	net_133_10773_net_82_10152_net_72_10551	config_noise	2
net_133_10773	netmap_ensemble_zinb_mean	clustering_score_leiden.json	1.0	82369	201	201	1.0	1.0	net_133_10773_net_82_10152_net_72_10551	config_noise	2
net_82_10152	netmap_ensemble_zinb_mean	clustering_score_leiden.json	1.0	82369	164	164	1.0	1.0	net_133_10773_net_82_10152_net_72_10551	config_noise	2
net_133_10773	netmap_ensemble_zinb_median	clustering_score_leiden.json	1.0	82369	201	201	1.0	1.0	net_133_10773_net_82_10152_net_72_10551	config_noise	2
net_82_10152	netmap_ensemble_zinb_median	clustering_score_leiden.json	1.0	82369	164	164	1.0	1.0	net_133_10773_net_82_10152_net_72_10551	config_noise	2
net_133_10773	scgenerai_config	clustering_score_leiden.json	0.5	41041	90	201	0.44776119402985076	0.44776119402985076	net_133_10773_net_82_10152_net_72_10551	config_noise	2
net_82_10152	scgenerai_config	clustering_score_leiden.json	0.5	41041	121	164	0.7378048780487805	0.7378048780487805	net_133_10773_net_82_10152_net_72_10551	config_noise	2
net_51_10906	netmap_config_1	clustering_score_leiden.json	1.0	43681	90	90	1.0	1.0	net_98_11932_net_51_10906_net_60_10082	config_noise	2
net_98_11932	netmap_config_1	clustering_score_leiden.json	1.0	43681	105	105	1.0	1.0	net_98_11932_net_51_10906_net_60_10082	config_noise	2
net_51_10906	netmap_config_10	clustering_score_leiden.json	1.0	43681	90	90	1.0	1.0	net_98_11932_net_51_10906_net_60_10082	config_noise	2
net_98_11932	netmap_config_10	clustering_score_leiden.json	1.0	43681	105	105	1.0	1.0	net_98_11932_net_51_10906_net_60_10082	config_noise	2
net_51_10906	netmap_config_2	clustering_score_leiden.json		43681	90	90	1.0	1.0	net_98_11932_net_51_10906_net_60_10082	config_noise	2
net_98_11932	netmap_config_2	clustering_score_leiden.json		43681	105	105	1.0	1.0	net_98_11932_net_51_10906_net_60_10082	config_noise	2
net_51_10906	netmap_config_3	clustering_score_leiden.json		43681	90	90	1.0	1.0	net_98_11932_net_51_10906_net_60_10082	config_noise	2
net_98_11932	netmap_config_3	clustering_score_leiden.json		43681	105	105	1.0	1.0	net_98_11932_net_51_10906_net_60_10082	config_noise	2
net_51_10906	netmap_config_4	clustering_score_leiden.json	1.0	43681	90	90	1.0	1.0	net_98_11932_net_51_10906_net_60_10082	config_noise	2
net_98_11932	netmap_config_4	clustering_score_leiden.json	1.0	43681	105	105	1.0	1.0	net_98_11932_net_51_10906_net_60_10082	config_noise	2
net_51_10906	netmap_config_5	clustering_score_leiden.json	1.0	43681	90	90	1.0	1.0	net_98_11932_net_51_10906_net_60_10082	config_noise	2
net_98_11932	netmap_config_5	clustering_score_leiden.json	1.0	43681	105	105	1.0	1.0	net_98_11932_net_51_10906_net_60_10082	config_noise	2
net_51_10906	netmap_config_6	clustering_score_leiden.json	1.0	43681	90	90	1.0	1.0	net_98_11932_net_51_10906_net_60_10082	config_noise	2
net_98_11932	netmap_config_6	clustering_score_leiden.json	1.0	43681	105	105	1.0	1.0	net_98_11932_net_51_10906_net_60_10082	config_noise	2
net_51_10906	netmap_config_7	clustering_score_leiden.json	1.0	43681	90	90	1.0	1.0	net_98_11932_net_51_10906_net_60_10082	config_noise	2
net_98_11932	netmap_config_7	clustering_score_leiden.json	1.0	43681	105	105	1.0	1.0	net_98_11932_net_51_10906_net_60_10082	config_noise	2
net_51_10906	netmap_config_8	clustering_score_leiden.json	1.0	43681	90	90	1.0	1.0	net_98_11932_net_51_10906_net_60_10082	config_noise	2
net_98_11932	netmap_config_8	clustering_score_leiden.json	1.0	43681	105	105	1.0	1.0	net_98_11932_net_51_10906_net_60_10082	config_noise	2
net_51_10906	netmap_config_9	clustering_score_leiden.json	1.0	43681	90	90	1.0	1.0	net_98_11932_net_51_10906_net_60_10082	config_noise	2
net_98_11932	netmap_config_9	clustering_score_leiden.json	1.0	43681	105	105	1.0	1.0	net_98_11932_net_51_10906_net_60_10082	config_noise	2
net_51_10906	netmap_ensemble_nb_mean	clustering_score_leiden.json	1.0	43681	90	90	1.0	1.0	net_98_11932_net_51_10906_net_60_10082	config_noise	2
net_98_11932	netmap_ensemble_nb_mean	clustering_score_leiden.json	1.0	43681	105	105	1.0	1.0	net_98_11932_net_51_10906_net_60_10082	config_noise	2
net_51_10906	netmap_ensemble_nb_median	clustering_score_leiden.json	1.0	43681	90	90	1.0	1.0	net_98_11932_net_51_10906_net_60_10082	config_noise	2
net_98_11932	netmap_ensemble_nb_median	clustering_score_leiden.json	1.0	43681	105	105	1.0	1.0	net_98_11932_net_51_10906_net_60_10082	config_noise	2
net_51_10906	netmap_ensemble_zinb_mean	clustering_score_leiden.json		43681	90	90	1.0	1.0	net_98_11932_net_51_10906_net_60_10082	config_noise	2
net_98_11932	netmap_ensemble_zinb_mean	clustering_score_leiden.json		43681	105	105	1.0	1.0	net_98_11932_net_51_10906_net_60_10082	config_noise	2
net_51_10906	netmap_ensemble_zinb_median	clustering_score_leiden.json	1.0	43681	90	90	1.0	1.0	net_98_11932_net_51_10906_net_60_10082	config_noise	2
net_98_11932	netmap_ensemble_zinb_median	clustering_score_leiden.json	1.0	43681	105	105	1.0	1.0	net_98_11932_net_51_10906_net_60_10082	config_noise	2
net_51_10906	scgenerai_config	clustering_score_leiden.json	0.5	21736	57	90	0.6333333333333333	0.6333333333333333	net_98_11932_net_51_10906_net_60_10082	config_noise	2
net_98_11932	scgenerai_config	clustering_score_leiden.json	0.5	21736	38	105	0.3619047619047619	0.3619047619047619	net_98_11932_net_51_10906_net_60_10082	config_noise	2
net_75_10306	netmap_config_1	clustering_score_leiden.json	1.0	58564	175	175	1.0	1.0	net_90_11013_net_75_10306_net_77_11506	config_noise	2
net_90_11013	netmap_config_1	clustering_score_leiden.json	1.0	58564	216	216	1.0	1.0	net_90_11013_net_75_10306_net_77_11506	config_noise	2
net_75_10306	netmap_config_2	clustering_score_leiden.json	1.0	58564	175	175	1.0	1.0	net_90_11013_net_75_10306_net_77_11506	config_noise	2
net_90_11013	netmap_config_2	clustering_score_leiden.json	1.0	58564	216	216	1.0	1.0	net_90_11013_net_75_10306_net_77_11506	config_noise	2
net_75_10306	netmap_config_3	clustering_score_leiden.json	1.0	58564	175	175	1.0	1.0	net_90_11013_net_75_10306_net_77_11506	config_noise	2
net_90_11013	netmap_config_3	clustering_score_leiden.json	1.0	58564	216	216	1.0	1.0	net_90_11013_net_75_10306_net_77_11506	config_noise	2
net_75_10306	netmap_config_4	clustering_score_leiden.json	1.0	58564	175	175	1.0	1.0	net_90_11013_net_75_10306_net_77_11506	config_noise	2
net_90_11013	netmap_config_4	clustering_score_leiden.json	1.0	58564	216	216	1.0	1.0	net_90_11013_net_75_10306_net_77_11506	config_noise	2
net_75_10306	netmap_config_5	clustering_score_leiden.json	1.0	58564	175	175	1.0	1.0	net_90_11013_net_75_10306_net_77_11506	config_noise	2
net_90_11013	netmap_config_5	clustering_score_leiden.json	1.0	58564	216	216	1.0	1.0	net_90_11013_net_75_10306_net_77_11506	config_noise	2
net_75_10306	netmap_config_6	clustering_score_leiden.json	1.0	58564	175	175	1.0	1.0	net_90_11013_net_75_10306_net_77_11506	config_noise	2
net_90_11013	netmap_config_6	clustering_score_leiden.json	1.0	58564	216	216	1.0	1.0	net_90_11013_net_75_10306_net_77_11506	config_noise	2
net_75_10306	netmap_config_7	clustering_score_leiden.json	1.0	58564	175	175	1.0	1.0	net_90_11013_net_75_10306_net_77_11506	config_noise	2
net_90_11013	netmap_config_7	clustering_score_leiden.json	1.0	58564	216	216	1.0	1.0	net_90_11013_net_75_10306_net_77_11506	config_noise	2
net_75_10306	netmap_config_8	clustering_score_leiden.json	1.0	58564	175	175	1.0	1.0	net_90_11013_net_75_10306_net_77_11506	config_noise	2
net_90_11013	netmap_config_8	clustering_score_leiden.json	1.0	58564	216	216	1.0	1.0	net_90_11013_net_75_10306_net_77_11506	config_noise	2
net_75_10306	netmap_config_9	clustering_score_leiden.json	1.0	58564	175	175	1.0	1.0	net_90_11013_net_75_10306_net_77_11506	config_noise	2
net_90_11013	netmap_config_9	clustering_score_leiden.json	1.0	58564	216	216	1.0	1.0	net_90_11013_net_75_10306_net_77_11506	config_noise	2
net_75_10306	netmap_ensemble_nb_mean	clustering_score_leiden.json	1.0	58564	175	175	1.0	1.0	net_90_11013_net_75_10306_net_77_11506	config_noise	2
net_90_11013	netmap_ensemble_nb_mean	clustering_score_leiden.json	1.0	58564	216	216	1.0	1.0	net_90_11013_net_75_10306_net_77_11506	config_noise	2
net_75_10306	netmap_ensemble_nb_median	clustering_score_leiden.json	1.0	58564	175	175	1.0	1.0	net_90_11013_net_75_10306_net_77_11506	config_noise	2
net_90_11013	netmap_ensemble_nb_median	clustering_score_leiden.json	1.0	58564	216	216	1.0	1.0	net_90_11013_net_75_10306_net_77_11506	config_noise	2
net_75_10306	netmap_ensemble_zinb_mean	clustering_score_leiden.json	1.0	58564	175	175	1.0	1.0	net_90_11013_net_75_10306_net_77_11506	config_noise	2
net_90_11013	netmap_ensemble_zinb_mean	clustering_score_leiden.json	1.0	58564	216	216	1.0	1.0	net_90_11013_net_75_10306_net_77_11506	config_noise	2
net_75_10306	netmap_ensemble_zinb_median	clustering_score_leiden.json	1.0	58564	175	175	1.0	1.0	net_90_11013_net_75_10306_net_77_11506	config_noise	2
net_90_11013	netmap_ensemble_zinb_median	clustering_score_leiden.json	1.0	58564	216	216	1.0	1.0	net_90_11013_net_75_10306_net_77_11506	config_noise	2
net_75_10306	scgenerai_config	clustering_score_leiden.json	0.5	29161	123	175	0.7028571428571428	0.7028571428571428	net_90_11013_net_75_10306_net_77_11506	config_noise	2
net_90_11013	scgenerai_config	clustering_score_leiden.json	0.5	29161	126	216	0.5833333333333334	0.5833333333333334	net_90_11013_net_75_10306_net_77_11506	config_noise	2
net_84_10865	netmap_config_1	clustering_score_leiden.json	1.0	68644	154	154	1.0	1.0	net_84_10865_net_88_10937_net_90_11013	config_noise	2
net_88_10937	netmap_config_1	clustering_score_leiden.json	1.0	68644	184	184	1.0	1.0	net_84_10865_net_88_10937_net_90_11013	config_noise	2
net_84_10865	netmap_config_10	clustering_score_leiden.json		68644	154	154	1.0	1.0	net_84_10865_net_88_10937_net_90_11013	config_noise	2
net_88_10937	netmap_config_10	clustering_score_leiden.json		68644	184	184	1.0	1.0	net_84_10865_net_88_10937_net_90_11013	config_noise	2
net_84_10865	netmap_config_2	clustering_score_leiden.json	1.0	68644	154	154	1.0	1.0	net_84_10865_net_88_10937_net_90_11013	config_noise	2
net_88_10937	netmap_config_2	clustering_score_leiden.json	1.0	68644	184	184	1.0	1.0	net_84_10865_net_88_10937_net_90_11013	config_noise	2
net_84_10865	netmap_config_3	clustering_score_leiden.json	1.0	68644	154	154	1.0	1.0	net_84_10865_net_88_10937_net_90_11013	config_noise	2
net_88_10937	netmap_config_3	clustering_score_leiden.json	1.0	68644	184	184	1.0	1.0	net_84_10865_net_88_10937_net_90_11013	config_noise	2
net_84_10865	netmap_config_4	clustering_score_leiden.json	1.0	68644	154	154	1.0	1.0	net_84_10865_net_88_10937_net_90_11013	config_noise	2
net_88_10937	netmap_config_4	clustering_score_leiden.json	1.0	68644	184	184	1.0	1.0	net_84_10865_net_88_10937_net_90_11013	config_noise	2
net_84_10865	netmap_config_5	clustering_score_leiden.json		68644	154	154	1.0	1.0	net_84_10865_net_88_10937_net_90_11013	config_noise	2
net_88_10937	netmap_config_5	clustering_score_leiden.json		68644	184	184	1.0	1.0	net_84_10865_net_88_10937_net_90_11013	config_noise	2
net_84_10865	netmap_config_6	clustering_score_leiden.json	1.0	68644	154	154	1.0	1.0	net_84_10865_net_88_10937_net_90_11013	config_noise	2
net_88_10937	netmap_config_6	clustering_score_leiden.json	1.0	68644	184	184	1.0	1.0	net_84_10865_net_88_10937_net_90_11013	config_noise	2
net_84_10865	netmap_config_7	clustering_score_leiden.json	1.0	68644	154	154	1.0	1.0	net_84_10865_net_88_10937_net_90_11013	config_noise	2
net_88_10937	netmap_config_7	clustering_score_leiden.json	1.0	68644	184	184	1.0	1.0	net_84_10865_net_88_10937_net_90_11013	config_noise	2
net_84_10865	netmap_config_8	clustering_score_leiden.json	1.0	68644	154	154	1.0	1.0	net_84_10865_net_88_10937_net_90_11013	config_noise	2
net_88_10937	netmap_config_8	clustering_score_leiden.json	1.0	68644	184	184	1.0	1.0	net_84_10865_net_88_10937_net_90_11013	config_noise	2
net_84_10865	netmap_config_9	clustering_score_leiden.json	1.0	68644	154	154	1.0	1.0	net_84_10865_net_88_10937_net_90_11013	config_noise	2
net_88_10937	netmap_config_9	clustering_score_leiden.json	1.0	68644	184	184	1.0	1.0	net_84_10865_net_88_10937_net_90_11013	config_noise	2
net_84_10865	netmap_ensemble_nb_mean	clustering_score_leiden.json	1.0	68644	154	154	1.0	1.0	net_84_10865_net_88_10937_net_90_11013	config_noise	2
net_88_10937	netmap_ensemble_nb_mean	clustering_score_leiden.json	1.0	68644	184	184	1.0	1.0	net_84_10865_net_88_10937_net_90_11013	config_noise	2
net_84_10865	netmap_ensemble_nb_median	clustering_score_leiden.json	1.0	68644	154	154	1.0	1.0	net_84_10865_net_88_10937_net_90_11013	config_noise	2
net_88_10937	netmap_ensemble_nb_median	clustering_score_leiden.json	1.0	68644	184	184	1.0	1.0	net_84_10865_net_88_10937_net_90_11013	config_noise	2
net_84_10865	netmap_ensemble_zinb_mean	clustering_score_leiden.json	1.0	68644	154	154	1.0	1.0	net_84_10865_net_88_10937_net_90_11013	config_noise	2
net_88_10937	netmap_ensemble_zinb_mean	clustering_score_leiden.json	1.0	68644	184	184	1.0	1.0	net_84_10865_net_88_10937_net_90_11013	config_noise	2
net_84_10865	netmap_ensemble_zinb_median	clustering_score_leiden.json	1.0	68644	154	154	1.0	1.0	net_84_10865_net_88_10937_net_90_11013	config_noise	2
net_88_10937	netmap_ensemble_zinb_median	clustering_score_leiden.json	1.0	68644	184	184	1.0	1.0	net_84_10865_net_88_10937_net_90_11013	config_noise	2
net_84_10865	scgenerai_config	clustering_score_leiden.json	0.5	34191	86	154	0.5584415584415584	0.5584415584415584	net_84_10865_net_88_10937_net_90_11013	config_noise	2
net_88_10937	scgenerai_config	clustering_score_leiden.json	0.5	34191	129	184	0.7010869565217391	0.7010869565217391	net_84_10865_net_88_10937_net_90_11013	config_noise	2
net_141_11706	netmap_config_1	clustering_score_leiden.json	1.0	79524	175	175	1.0	1.0	net_60_10703_net_141_11706_net_81_10586	config_noise	2
net_60_10703	netmap_config_1	clustering_score_leiden.json	1.0	79524	92	92	1.0	1.0	net_60_10703_net_141_11706_net_81_10586	config_noise	2
net_141_11706	netmap_config_2	clustering_score_leiden.json	1.0	79524	175	175	1.0	1.0	net_60_10703_net_141_11706_net_81_10586	config_noise	2
net_60_10703	netmap_config_2	clustering_score_leiden.json	1.0	79524	92	92	1.0	1.0	net_60_10703_net_141_11706_net_81_10586	config_noise	2
net_141_11706	netmap_config_3	clustering_score_leiden.json	1.0	79524	175	175	1.0	1.0	net_60_10703_net_141_11706_net_81_10586	config_noise	2
net_60_10703	netmap_config_3	clustering_score_leiden.json	1.0	79524	92	92	1.0	1.0	net_60_10703_net_141_11706_net_81_10586	config_noise	2
net_141_11706	netmap_config_4	clustering_score_leiden.json	1.0	79524	175	175	1.0	1.0	net_60_10703_net_141_11706_net_81_10586	config_noise	2
net_60_10703	netmap_config_4	clustering_score_leiden.json	1.0	79524	92	92	1.0	1.0	net_60_10703_net_141_11706_net_81_10586	config_noise	2
net_141_11706	netmap_config_5	clustering_score_leiden.json		79524	175	175	1.0	1.0	net_60_10703_net_141_11706_net_81_10586	config_noise	2
net_60_10703	netmap_config_5	clustering_score_leiden.json		79524	92	92	1.0	1.0	net_60_10703_net_141_11706_net_81_10586	config_noise	2
net_141_11706	netmap_config_6	clustering_score_leiden.json	1.0	79524	175	175	1.0	1.0	net_60_10703_net_141_11706_net_81_10586	config_noise	2
net_60_10703	netmap_config_6	clustering_score_leiden.json	1.0	79524	92	92	1.0	1.0	net_60_10703_net_141_11706_net_81_10586	config_noise	2
net_141_11706	netmap_config_7	clustering_score_leiden.json	0.5	79524	175	175	1.0	1.0	net_60_10703_net_141_11706_net_81_10586	config_noise	2
net_60_10703	netmap_config_7	clustering_score_leiden.json	0.5	79524	92	92	1.0	1.0	net_60_10703_net_141_11706_net_81_10586	config_noise	2
net_141_11706	netmap_config_8	clustering_score_leiden.json	1.0	79524	175	175	1.0	1.0	net_60_10703_net_141_11706_net_81_10586	config_noise	2
net_60_10703	netmap_config_8	clustering_score_leiden.json	1.0	79524	92	92	1.0	1.0	net_60_10703_net_141_11706_net_81_10586	config_noise	2
net_141_11706	netmap_config_9	clustering_score_leiden.json	1.0	79524	175	175	1.0	1.0	net_60_10703_net_141_11706_net_81_10586	config_noise	2
net_60_10703	netmap_config_9	clustering_score_leiden.json	1.0	79524	92	92	1.0	1.0	net_60_10703_net_141_11706_net_81_10586	config_noise	2
net_141_11706	netmap_ensemble_nb_mean	clustering_score_leiden.json	1.0	79524	175	175	1.0	1.0	net_60_10703_net_141_11706_net_81_10586	config_noise	2
net_60_10703	netmap_ensemble_nb_mean	clustering_score_leiden.json	1.0	79524	92	92	1.0	1.0	net_60_10703_net_141_11706_net_81_10586	config_noise	2
net_141_11706	netmap_ensemble_nb_median	clustering_score_leiden.json	1.0	79524	175	175	1.0	1.0	net_60_10703_net_141_11706_net_81_10586	config_noise	2
net_60_10703	netmap_ensemble_nb_median	clustering_score_leiden.json	1.0	79524	92	92	1.0	1.0	net_60_10703_net_141_11706_net_81_10586	config_noise	2
net_141_11706	netmap_ensemble_zinb_mean	clustering_score_leiden.json	1.0	79524	175	175	1.0	1.0	net_60_10703_net_141_11706_net_81_10586	config_noise	2
net_60_10703	netmap_ensemble_zinb_mean	clustering_score_leiden.json	1.0	79524	92	92	1.0	1.0	net_60_10703_net_141_11706_net_81_10586	config_noise	2
net_141_11706	netmap_ensemble_zinb_median	clustering_score_leiden.json	1.0	79524	175	175	1.0	1.0	net_60_10703_net_141_11706_net_81_10586	config_noise	2
net_60_10703	netmap_ensemble_zinb_median	clustering_score_leiden.json	1.0	79524	92	92	1.0	1.0	net_60_10703_net_141_11706_net_81_10586	config_noise	2
net_141_11706	scgenerai_config	clustering_score_leiden.json	0.5	39621	127	175	0.7257142857142858	0.7257142857142858	net_60_10703_net_141_11706_net_81_10586	config_noise	2
net_60_10703	scgenerai_config	clustering_score_leiden.json	0.5	39621	63	92	0.6847826086956522	0.6847826086956522	net_60_10703_net_141_11706_net_81_10586	config_noise	2
net_135_11054	netmap_config_1	clustering_score_leiden.json	1.0	101124	264	264	1.0	1.0	net_70_11431_net_60_10082_net_135_11054_net_53_11196	config_three	3
net_60_10082	netmap_config_1	clustering_score_leiden.json	1.0	101124	104	104	1.0	1.0	net_70_11431_net_60_10082_net_135_11054_net_53_11196	config_three	3
net_70_11431	netmap_config_1	clustering_score_leiden.json	1.0	101124	88	88	1.0	1.0	net_70_11431_net_60_10082_net_135_11054_net_53_11196	config_three	3
net_135_11054	netmap_config_2	clustering_score_leiden.json	1.0	101124	264	264	1.0	1.0	net_70_11431_net_60_10082_net_135_11054_net_53_11196	config_three	3
net_60_10082	netmap_config_2	clustering_score_leiden.json	1.0	101124	104	104	1.0	1.0	net_70_11431_net_60_10082_net_135_11054_net_53_11196	config_three	3
net_70_11431	netmap_config_2	clustering_score_leiden.json	1.0	101124	88	88	1.0	1.0	net_70_11431_net_60_10082_net_135_11054_net_53_11196	config_three	3
net_135_11054	netmap_config_3	clustering_score_leiden.json	1.0	101124	264	264	1.0	1.0	net_70_11431_net_60_10082_net_135_11054_net_53_11196	config_three	3
net_60_10082	netmap_config_3	clustering_score_leiden.json	1.0	101124	104	104	1.0	1.0	net_70_11431_net_60_10082_net_135_11054_net_53_11196	config_three	3
net_70_11431	netmap_config_3	clustering_score_leiden.json	1.0	101124	88	88	1.0	1.0	net_70_11431_net_60_10082_net_135_11054_net_53_11196	config_three	3
net_135_11054	netmap_config_4	clustering_score_leiden.json		101124	264	264	1.0	1.0	net_70_11431_net_60_10082_net_135_11054_net_53_11196	config_three	3
net_60_10082	netmap_config_4	clustering_score_leiden.json		101124	104	104	1.0	1.0	net_70_11431_net_60_10082_net_135_11054_net_53_11196	config_three	3
net_70_11431	netmap_config_4	clustering_score_leiden.json		101124	88	88	1.0	1.0	net_70_11431_net_60_10082_net_135_11054_net_53_11196	config_three	3
net_135_11054	netmap_config_5	clustering_score_leiden.json	1.0	101124	264	264	1.0	1.0	net_70_11431_net_60_10082_net_135_11054_net_53_11196	config_three	3
net_60_10082	netmap_config_5	clustering_score_leiden.json	1.0	101124	104	104	1.0	1.0	net_70_11431_net_60_10082_net_135_11054_net_53_11196	config_three	3
net_70_11431	netmap_config_5	clustering_score_leiden.json	1.0	101124	88	88	1.0	1.0	net_70_11431_net_60_10082_net_135_11054_net_53_11196	config_three	3
net_135_11054	netmap_config_6	clustering_score_leiden.json	1.0	101124	264	264	1.0	1.0	net_70_11431_net_60_10082_net_135_11054_net_53_11196	config_three	3
net_60_10082	netmap_config_6	clustering_score_leiden.json	1.0	101124	104	104	1.0	1.0	net_70_11431_net_60_10082_net_135_11054_net_53_11196	config_three	3
net_70_11431	netmap_config_6	clustering_score_leiden.json	1.0	101124	88	88	1.0	1.0	net_70_11431_net_60_10082_net_135_11054_net_53_11196	config_three	3
net_135_11054	netmap_config_7	clustering_score_leiden.json	0.3333333333333333	101124	264	264	1.0	1.0	net_70_11431_net_60_10082_net_135_11054_net_53_11196	config_three	3
net_60_10082	netmap_config_7	clustering_score_leiden.json	0.3333333333333333	101124	104	104	1.0	1.0	net_70_11431_net_60_10082_net_135_11054_net_53_11196	config_three	3
net_70_11431	netmap_config_7	clustering_score_leiden.json	0.3333333333333333	101124	88	88	1.0	1.0	net_70_11431_net_60_10082_net_135_11054_net_53_11196	config_three	3
net_135_11054	netmap_config_8	clustering_score_leiden.json	1.0	101124	264	264	1.0	1.0	net_70_11431_net_60_10082_net_135_11054_net_53_11196	config_three	3
net_60_10082	netmap_config_8	clustering_score_leiden.json	1.0	101124	104	104	1.0	1.0	net_70_11431_net_60_10082_net_135_11054_net_53_11196	config_three	3
net_70_11431	netmap_config_8	clustering_score_leiden.json	1.0	101124	88	88	1.0	1.0	net_70_11431_net_60_10082_net_135_11054_net_53_11196	config_three	3
net_135_11054	netmap_config_9	clustering_score_leiden.json	1.0	101124	264	264	1.0	1.0	net_70_11431_net_60_10082_net_135_11054_net_53_11196	config_three	3
net_60_10082	netmap_config_9	clustering_score_leiden.json	1.0	101124	104	104	1.0	1.0	net_70_11431_net_60_10082_net_135_11054_net_53_11196	config_three	3
net_70_11431	netmap_config_9	clustering_score_leiden.json	1.0	101124	88	88	1.0	1.0	net_70_11431_net_60_10082_net_135_11054_net_53_11196	config_three	3
net_135_11054	netmap_ensemble_nb_mean	clustering_score_leiden.json	1.0	101124	264	264	1.0	1.0	net_70_11431_net_60_10082_net_135_11054_net_53_11196	config_three	3
net_60_10082	netmap_ensemble_nb_mean	clustering_score_leiden.json	1.0	101124	104	104	1.0	1.0	net_70_11431_net_60_10082_net_135_11054_net_53_11196	config_three	3
net_70_11431	netmap_ensemble_nb_mean	clustering_score_leiden.json	1.0	101124	88	88	1.0	1.0	net_70_11431_net_60_10082_net_135_11054_net_53_11196	config_three	3
net_135_11054	netmap_ensemble_nb_median	clustering_score_leiden.json	1.0	101124	264	264	1.0	1.0	net_70_11431_net_60_10082_net_135_11054_net_53_11196	config_three	3
net_60_10082	netmap_ensemble_nb_median	clustering_score_leiden.json	1.0	101124	104	104	1.0	1.0	net_70_11431_net_60_10082_net_135_11054_net_53_11196	config_three	3
net_70_11431	netmap_ensemble_nb_median	clustering_score_leiden.json	1.0	101124	88	88	1.0	1.0	net_70_11431_net_60_10082_net_135_11054_net_53_11196	config_three	3
net_135_11054	netmap_ensemble_zinb_mean	clustering_score_leiden.json	1.0	101124	264	264	1.0	1.0	net_70_11431_net_60_10082_net_135_11054_net_53_11196	config_three	3
net_60_10082	netmap_ensemble_zinb_mean	clustering_score_leiden.json	1.0	101124	104	104	1.0	1.0	net_70_11431_net_60_10082_net_135_11054_net_53_11196	config_three	3
net_70_11431	netmap_ensemble_zinb_mean	clustering_score_leiden.json	1.0	101124	88	88	1.0	1.0	net_70_11431_net_60_10082_net_135_11054_net_53_11196	config_three	3
net_135_11054	netmap_ensemble_zinb_median	clustering_score_leiden.json	1.0	101124	264	264	1.0	1.0	net_70_11431_net_60_10082_net_135_11054_net_53_11196	config_three	3
net_60_10082	netmap_ensemble_zinb_median	clustering_score_leiden.json	1.0	101124	104	104	1.0	1.0	net_70_11431_net_60_10082_net_135_11054_net_53_11196	config_three	3
net_70_11431	netmap_ensemble_zinb_median	clustering_score_leiden.json	1.0	101124	88	88	1.0	1.0	net_70_11431_net_60_10082_net_135_11054_net_53_11196	config_three	3
net_135_11054	scgenerai_config	clustering_score_leiden.json	0.334	50403	180	264	0.6818181818181818	0.6818181818181818	net_70_11431_net_60_10082_net_135_11054_net_53_11196	config_three	3
net_60_10082	scgenerai_config	clustering_score_leiden.json	0.334	50403	14	104	0.1346153846153846	0.1346153846153846	net_70_11431_net_60_10082_net_135_11054_net_53_11196	config_three	3
net_70_11431	scgenerai_config	clustering_score_leiden.json	0.334	50403	39	88	0.4431818181818182	0.4431818181818182	net_70_11431_net_60_10082_net_135_11054_net_53_11196	config_three	3
net_59_10488	netmap_config_1	clustering_score_leiden.json		107584	87	87	1.0	1.0	net_70_11431_net_84_9903_net_59_10488_net_115_11153	config_three	3
net_70_11431	netmap_config_1	clustering_score_leiden.json		107584	88	88	1.0	1.0	net_70_11431_net_84_9903_net_59_10488_net_115_11153	config_three	3
net_84_9903	netmap_config_1	clustering_score_leiden.json		107584	117	117	1.0	1.0	net_70_11431_net_84_9903_net_59_10488_net_115_11153	config_three	3
net_59_10488	netmap_config_2	clustering_score_leiden.json		107584	87	87	1.0	1.0	net_70_11431_net_84_9903_net_59_10488_net_115_11153	config_three	3
net_70_11431	netmap_config_2	clustering_score_leiden.json		107584	88	88	1.0	1.0	net_70_11431_net_84_9903_net_59_10488_net_115_11153	config_three	3
net_84_9903	netmap_config_2	clustering_score_leiden.json		107584	117	117	1.0	1.0	net_70_11431_net_84_9903_net_59_10488_net_115_11153	config_three	3
net_59_10488	netmap_config_3	clustering_score_leiden.json		107584	87	87	1.0	1.0	net_70_11431_net_84_9903_net_59_10488_net_115_11153	config_three	3
net_70_11431	netmap_config_3	clustering_score_leiden.json		107584	88	88	1.0	1.0	net_70_11431_net_84_9903_net_59_10488_net_115_11153	config_three	3
net_84_9903	netmap_config_3	clustering_score_leiden.json		107584	117	117	1.0	1.0	net_70_11431_net_84_9903_net_59_10488_net_115_11153	config_three	3
net_59_10488	netmap_config_4	clustering_score_leiden.json		107584	87	87	1.0	1.0	net_70_11431_net_84_9903_net_59_10488_net_115_11153	config_three	3
net_70_11431	netmap_config_4	clustering_score_leiden.json		107584	88	88	1.0	1.0	net_70_11431_net_84_9903_net_59_10488_net_115_11153	config_three	3
net_84_9903	netmap_config_4	clustering_score_leiden.json		107584	117	117	1.0	1.0	net_70_11431_net_84_9903_net_59_10488_net_115_11153	config_three	3
net_59_10488	netmap_config_5	clustering_score_leiden.json		107584	87	87	1.0	1.0	net_70_11431_net_84_9903_net_59_10488_net_115_11153	config_three	3
net_70_11431	netmap_config_5	clustering_score_leiden.json		107584	88	88	1.0	1.0	net_70_11431_net_84_9903_net_59_10488_net_115_11153	config_three	3
net_84_9903	netmap_config_5	clustering_score_leiden.json		107584	117	117	1.0	1.0	net_70_11431_net_84_9903_net_59_10488_net_115_11153	config_three	3
net_59_10488	netmap_config_6	clustering_score_leiden.json		107584	87	87	1.0	1.0	net_70_11431_net_84_9903_net_59_10488_net_115_11153	config_three	3
net_70_11431	netmap_config_6	clustering_score_leiden.json		107584	88	88	1.0	1.0	net_70_11431_net_84_9903_net_59_10488_net_115_11153	config_three	3
net_84_9903	netmap_config_6	clustering_score_leiden.json		107584	117	117	1.0	1.0	net_70_11431_net_84_9903_net_59_10488_net_115_11153	config_three	3
net_59_10488	netmap_config_7	clustering_score_leiden.json	0.3333333333333333	107584	87	87	1.0	1.0	net_70_11431_net_84_9903_net_59_10488_net_115_11153	config_three	3
net_70_11431	netmap_config_7	clustering_score_leiden.json	0.3333333333333333	107584	88	88	1.0	1.0	net_70_11431_net_84_9903_net_59_10488_net_115_11153	config_three	3
net_84_9903	netmap_config_7	clustering_score_leiden.json	0.3333333333333333	107584	117	117	1.0	1.0	net_70_11431_net_84_9903_net_59_10488_net_115_11153	config_three	3
net_59_10488	netmap_config_8	clustering_score_leiden.json		107584	87	87	1.0	1.0	net_70_11431_net_84_9903_net_59_10488_net_115_11153	config_three	3
net_70_11431	netmap_config_8	clustering_score_leiden.json		107584	88	88	1.0	1.0	net_70_11431_net_84_9903_net_59_10488_net_115_11153	config_three	3
net_84_9903	netmap_config_8	clustering_score_leiden.json		107584	117	117	1.0	1.0	net_70_11431_net_84_9903_net_59_10488_net_115_11153	config_three	3
net_59_10488	netmap_config_9	clustering_score_leiden.json		107584	87	87	1.0	1.0	net_70_11431_net_84_9903_net_59_10488_net_115_11153	config_three	3
net_70_11431	netmap_config_9	clustering_score_leiden.json		107584	88	88	1.0	1.0	net_70_11431_net_84_9903_net_59_10488_net_115_11153	config_three	3
net_84_9903	netmap_config_9	clustering_score_leiden.json		107584	117	117	1.0	1.0	net_70_11431_net_84_9903_net_59_10488_net_115_11153	config_three	3
net_59_10488	netmap_ensemble_nb_mean	clustering_score_leiden.json		107584	87	87	1.0	1.0	net_70_11431_net_84_9903_net_59_10488_net_115_11153	config_three	3
net_70_11431	netmap_ensemble_nb_mean	clustering_score_leiden.json		107584	88	88	1.0	1.0	net_70_11431_net_84_9903_net_59_10488_net_115_11153	config_three	3
net_84_9903	netmap_ensemble_nb_mean	clustering_score_leiden.json		107584	117	117	1.0	1.0	net_70_11431_net_84_9903_net_59_10488_net_115_11153	config_three	3
net_59_10488	netmap_ensemble_nb_median	clustering_score_leiden.json		107584	87	87	1.0	1.0	net_70_11431_net_84_9903_net_59_10488_net_115_11153	config_three	3
net_70_11431	netmap_ensemble_nb_median	clustering_score_leiden.json		107584	88	88	1.0	1.0	net_70_11431_net_84_9903_net_59_10488_net_115_11153	config_three	3
net_84_9903	netmap_ensemble_nb_median	clustering_score_leiden.json		107584	117	117	1.0	1.0	net_70_11431_net_84_9903_net_59_10488_net_115_11153	config_three	3
net_59_10488	netmap_ensemble_zinb_mean	clustering_score_leiden.json		107584	87	87	1.0	1.0	net_70_11431_net_84_9903_net_59_10488_net_115_11153	config_three	3
net_70_11431	netmap_ensemble_zinb_mean	clustering_score_leiden.json		107584	88	88	1.0	1.0	net_70_11431_net_84_9903_net_59_10488_net_115_11153	config_three	3
net_84_9903	netmap_ensemble_zinb_mean	clustering_score_leiden.json		107584	117	117	1.0	1.0	net_70_11431_net_84_9903_net_59_10488_net_115_11153	config_three	3
net_59_10488	netmap_ensemble_zinb_median	clustering_score_leiden.json		107584	87	87	1.0	1.0	net_70_11431_net_84_9903_net_59_10488_net_115_11153	config_three	3
net_70_11431	netmap_ensemble_zinb_median	clustering_score_leiden.json		107584	88	88	1.0	1.0	net_70_11431_net_84_9903_net_59_10488_net_115_11153	config_three	3
net_84_9903	netmap_ensemble_zinb_median	clustering_score_leiden.json		107584	117	117	1.0	1.0	net_70_11431_net_84_9903_net_59_10488_net_115_11153	config_three	3
net_59_10488	scgenerai_config	clustering_score_leiden.json		53628	43	87	0.4942528735632184	0.4942528735632184	net_70_11431_net_84_9903_net_59_10488_net_115_11153	config_three	3
net_70_11431	scgenerai_config	clustering_score_leiden.json		53628	39	88	0.4431818181818182	0.4431818181818182	net_70_11431_net_84_9903_net_59_10488_net_115_11153	config_three	3
net_84_9903	scgenerai_config	clustering_score_leiden.json		53628	19	117	0.1623931623931624	0.1623931623931624	net_70_11431_net_84_9903_net_59_10488_net_115_11153	config_three	3
net_172_10626	netmap_config_1	clustering_score_leiden.json	1.0	177241	239	239	1.0	1.0	net_84_11226_net_172_10626_net_89_11634_net_76_10367	config_three	3
net_84_11226	netmap_config_1	clustering_score_leiden.json	1.0	177241	98	98	1.0	1.0	net_84_11226_net_172_10626_net_89_11634_net_76_10367	config_three	3
net_89_11634	netmap_config_1	clustering_score_leiden.json	1.0	177241	98	98	1.0	1.0	net_84_11226_net_172_10626_net_89_11634_net_76_10367	config_three	3
net_172_10626	netmap_config_2	clustering_score_leiden.json	1.0	177241	239	239	1.0	1.0	net_84_11226_net_172_10626_net_89_11634_net_76_10367	config_three	3
net_84_11226	netmap_config_2	clustering_score_leiden.json	1.0	177241	98	98	1.0	1.0	net_84_11226_net_172_10626_net_89_11634_net_76_10367	config_three	3
net_89_11634	netmap_config_2	clustering_score_leiden.json	1.0	177241	98	98	1.0	1.0	net_84_11226_net_172_10626_net_89_11634_net_76_10367	config_three	3
net_172_10626	netmap_config_3	clustering_score_leiden.json	1.0	177241	239	239	1.0	1.0	net_84_11226_net_172_10626_net_89_11634_net_76_10367	config_three	3
net_84_11226	netmap_config_3	clustering_score_leiden.json	1.0	177241	98	98	1.0	1.0	net_84_11226_net_172_10626_net_89_11634_net_76_10367	config_three	3
net_89_11634	netmap_config_3	clustering_score_leiden.json	1.0	177241	98	98	1.0	1.0	net_84_11226_net_172_10626_net_89_11634_net_76_10367	config_three	3
net_172_10626	netmap_config_4	clustering_score_leiden.json	1.0	177241	239	239	1.0	1.0	net_84_11226_net_172_10626_net_89_11634_net_76_10367	config_three	3
net_84_11226	netmap_config_4	clustering_score_leiden.json	1.0	177241	98	98	1.0	1.0	net_84_11226_net_172_10626_net_89_11634_net_76_10367	config_three	3
net_89_11634	netmap_config_4	clustering_score_leiden.json	1.0	177241	98	98	1.0	1.0	net_84_11226_net_172_10626_net_89_11634_net_76_10367	config_three	3
net_172_10626	netmap_config_5	clustering_score_leiden.json	1.0	177241	239	239	1.0	1.0	net_84_11226_net_172_10626_net_89_11634_net_76_10367	config_three	3
net_84_11226	netmap_config_5	clustering_score_leiden.json	1.0	177241	98	98	1.0	1.0	net_84_11226_net_172_10626_net_89_11634_net_76_10367	config_three	3
net_89_11634	netmap_config_5	clustering_score_leiden.json	1.0	177241	98	98	1.0	1.0	net_84_11226_net_172_10626_net_89_11634_net_76_10367	config_three	3
net_172_10626	netmap_config_6	clustering_score_leiden.json	1.0	177241	239	239	1.0	1.0	net_84_11226_net_172_10626_net_89_11634_net_76_10367	config_three	3
net_84_11226	netmap_config_6	clustering_score_leiden.json	1.0	177241	98	98	1.0	1.0	net_84_11226_net_172_10626_net_89_11634_net_76_10367	config_three	3
net_89_11634	netmap_config_6	clustering_score_leiden.json	1.0	177241	98	98	1.0	1.0	net_84_11226_net_172_10626_net_89_11634_net_76_10367	config_three	3
net_172_10626	netmap_config_7	clustering_score_leiden.json	1.0	177241	239	239	1.0	1.0	net_84_11226_net_172_10626_net_89_11634_net_76_10367	config_three	3
net_84_11226	netmap_config_7	clustering_score_leiden.json	1.0	177241	98	98	1.0	1.0	net_84_11226_net_172_10626_net_89_11634_net_76_10367	config_three	3
net_89_11634	netmap_config_7	clustering_score_leiden.json	1.0	177241	98	98	1.0	1.0	net_84_11226_net_172_10626_net_89_11634_net_76_10367	config_three	3
net_172_10626	netmap_config_8	clustering_score_leiden.json	1.0	177241	239	239	1.0	1.0	net_84_11226_net_172_10626_net_89_11634_net_76_10367	config_three	3
net_84_11226	netmap_config_8	clustering_score_leiden.json	1.0	177241	98	98	1.0	1.0	net_84_11226_net_172_10626_net_89_11634_net_76_10367	config_three	3
net_89_11634	netmap_config_8	clustering_score_leiden.json	1.0	177241	98	98	1.0	1.0	net_84_11226_net_172_10626_net_89_11634_net_76_10367	config_three	3
net_172_10626	netmap_config_9	clustering_score_leiden.json	1.0	177241	239	239	1.0	1.0	net_84_11226_net_172_10626_net_89_11634_net_76_10367	config_three	3
net_84_11226	netmap_config_9	clustering_score_leiden.json	1.0	177241	98	98	1.0	1.0	net_84_11226_net_172_10626_net_89_11634_net_76_10367	config_three	3
net_89_11634	netmap_config_9	clustering_score_leiden.json	1.0	177241	98	98	1.0	1.0	net_84_11226_net_172_10626_net_89_11634_net_76_10367	config_three	3
net_172_10626	netmap_ensemble_nb_mean	clustering_score_leiden.json	1.0	177241	239	239	1.0	1.0	net_84_11226_net_172_10626_net_89_11634_net_76_10367	config_three	3
net_84_11226	netmap_ensemble_nb_mean	clustering_score_leiden.json	1.0	177241	98	98	1.0	1.0	net_84_11226_net_172_10626_net_89_11634_net_76_10367	config_three	3
net_89_11634	netmap_ensemble_nb_mean	clustering_score_leiden.json	1.0	177241	98	98	1.0	1.0	net_84_11226_net_172_10626_net_89_11634_net_76_10367	config_three	3
net_172_10626	netmap_ensemble_nb_median	clustering_score_leiden.json	1.0	177241	239	239	1.0	1.0	net_84_11226_net_172_10626_net_89_11634_net_76_10367	config_three	3
net_84_11226	netmap_ensemble_nb_median	clustering_score_leiden.json	1.0	177241	98	98	1.0	1.0	net_84_11226_net_172_10626_net_89_11634_net_76_10367	config_three	3
net_89_11634	netmap_ensemble_nb_median	clustering_score_leiden.json	1.0	177241	98	98	1.0	1.0	net_84_11226_net_172_10626_net_89_11634_net_76_10367	config_three	3
net_172_10626	netmap_ensemble_zinb_mean	clustering_score_leiden.json	1.0	177241	239	239	1.0	1.0	net_84_11226_net_172_10626_net_89_11634_net_76_10367	config_three	3
net_84_11226	netmap_ensemble_zinb_mean	clustering_score_leiden.json	1.0	177241	98	98	1.0	1.0	net_84_11226_net_172_10626_net_89_11634_net_76_10367	config_three	3
net_89_11634	netmap_ensemble_zinb_mean	clustering_score_leiden.json	1.0	177241	98	98	1.0	1.0	net_84_11226_net_172_10626_net_89_11634_net_76_10367	config_three	3
net_172_10626	netmap_ensemble_zinb_median	clustering_score_leiden.json	1.0	177241	239	239	1.0	1.0	net_84_11226_net_172_10626_net_89_11634_net_76_10367	config_three	3
net_84_11226	netmap_ensemble_zinb_median	clustering_score_leiden.json	1.0	177241	98	98	1.0	1.0	net_84_11226_net_172_10626_net_89_11634_net_76_10367	config_three	3
net_89_11634	netmap_ensemble_zinb_median	clustering_score_leiden.json	1.0	177241	98	98	1.0	1.0	net_84_11226_net_172_10626_net_89_11634_net_76_10367	config_three	3
net_172_10626	scgenerai_config	clustering_score_leiden.json	0.334	88410	136	239	0.5690376569037657	0.5690376569037657	net_84_11226_net_172_10626_net_89_11634_net_76_10367	config_three	3
net_84_11226	scgenerai_config	clustering_score_leiden.json	0.334	88410	35	98	0.35714285714285715	0.35714285714285715	net_84_11226_net_172_10626_net_89_11634_net_76_10367	config_three	3
net_89_11634	scgenerai_config	clustering_score_leiden.json	0.334	88410	40	98	0.40816326530612246	0.40816326530612246	net_84_11226_net_172_10626_net_89_11634_net_76_10367	config_three	3
net_60_10082	netmap_config_1	clustering_score_leiden.json	1.0	116281	104	104	1.0	1.0	net_60_10082_net_64_11307_net_84_11226_net_133_10773	config_three	3
net_64_11307	netmap_config_1	clustering_score_leiden.json	1.0	116281	71	71	1.0	1.0	net_60_10082_net_64_11307_net_84_11226_net_133_10773	config_three	3
net_84_11226	netmap_config_1	clustering_score_leiden.json	1.0	116281	98	98	1.0	1.0	net_60_10082_net_64_11307_net_84_11226_net_133_10773	config_three	3
net_60_10082	netmap_config_10	clustering_score_leiden.json	1.0	116281	104	104	1.0	1.0	net_60_10082_net_64_11307_net_84_11226_net_133_10773	config_three	3
net_64_11307	netmap_config_10	clustering_score_leiden.json	1.0	116281	71	71	1.0	1.0	net_60_10082_net_64_11307_net_84_11226_net_133_10773	config_three	3
net_84_11226	netmap_config_10	clustering_score_leiden.json	1.0	116281	98	98	1.0	1.0	net_60_10082_net_64_11307_net_84_11226_net_133_10773	config_three	3
net_60_10082	netmap_config_2	clustering_score_leiden.json	1.0	116281	104	104	1.0	1.0	net_60_10082_net_64_11307_net_84_11226_net_133_10773	config_three	3
net_64_11307	netmap_config_2	clustering_score_leiden.json	1.0	116281	71	71	1.0	1.0	net_60_10082_net_64_11307_net_84_11226_net_133_10773	config_three	3
net_84_11226	netmap_config_2	clustering_score_leiden.json	1.0	116281	98	98	1.0	1.0	net_60_10082_net_64_11307_net_84_11226_net_133_10773	config_three	3
net_60_10082	netmap_config_3	clustering_score_leiden.json	1.0	116281	104	104	1.0	1.0	net_60_10082_net_64_11307_net_84_11226_net_133_10773	config_three	3
net_64_11307	netmap_config_3	clustering_score_leiden.json	1.0	116281	71	71	1.0	1.0	net_60_10082_net_64_11307_net_84_11226_net_133_10773	config_three	3
net_84_11226	netmap_config_3	clustering_score_leiden.json	1.0	116281	98	98	1.0	1.0	net_60_10082_net_64_11307_net_84_11226_net_133_10773	config_three	3
net_60_10082	netmap_config_4	clustering_score_leiden.json	1.0	116281	104	104	1.0	1.0	net_60_10082_net_64_11307_net_84_11226_net_133_10773	config_three	3
net_64_11307	netmap_config_4	clustering_score_leiden.json	1.0	116281	71	71	1.0	1.0	net_60_10082_net_64_11307_net_84_11226_net_133_10773	config_three	3
net_84_11226	netmap_config_4	clustering_score_leiden.json	1.0	116281	98	98	1.0	1.0	net_60_10082_net_64_11307_net_84_11226_net_133_10773	config_three	3
net_60_10082	netmap_config_5	clustering_score_leiden.json	1.0	116281	104	104	1.0	1.0	net_60_10082_net_64_11307_net_84_11226_net_133_10773	config_three	3
net_64_11307	netmap_config_5	clustering_score_leiden.json	1.0	116281	71	71	1.0	1.0	net_60_10082_net_64_11307_net_84_11226_net_133_10773	config_three	3
net_84_11226	netmap_config_5	clustering_score_leiden.json	1.0	116281	98	98	1.0	1.0	net_60_10082_net_64_11307_net_84_11226_net_133_10773	config_three	3
net_60_10082	netmap_config_6	clustering_score_leiden.json	1.0	116281	104	104	1.0	1.0	net_60_10082_net_64_11307_net_84_11226_net_133_10773	config_three	3
net_64_11307	netmap_config_6	clustering_score_leiden.json	1.0	116281	71	71	1.0	1.0	net_60_10082_net_64_11307_net_84_11226_net_133_10773	config_three	3
net_84_11226	netmap_config_6	clustering_score_leiden.json	1.0	116281	98	98	1.0	1.0	net_60_10082_net_64_11307_net_84_11226_net_133_10773	config_three	3
net_60_10082	netmap_config_7	clustering_score_leiden.json	1.0	116281	104	104	1.0	1.0	net_60_10082_net_64_11307_net_84_11226_net_133_10773	config_three	3
net_64_11307	netmap_config_7	clustering_score_leiden.json	1.0	116281	71	71	1.0	1.0	net_60_10082_net_64_11307_net_84_11226_net_133_10773	config_three	3
net_84_11226	netmap_config_7	clustering_score_leiden.json	1.0	116281	98	98	1.0	1.0	net_60_10082_net_64_11307_net_84_11226_net_133_10773	config_three	3
net_60_10082	netmap_config_8	clustering_score_leiden.json		116281	104	104	1.0	1.0	net_60_10082_net_64_11307_net_84_11226_net_133_10773	config_three	3
net_64_11307	netmap_config_8	clustering_score_leiden.json		116281	71	71	1.0	1.0	net_60_10082_net_64_11307_net_84_11226_net_133_10773	config_three	3
net_84_11226	netmap_config_8	clustering_score_leiden.json		116281	98	98	1.0	1.0	net_60_10082_net_64_11307_net_84_11226_net_133_10773	config_three	3
net_60_10082	netmap_config_9	clustering_score_leiden.json		116281	104	104	1.0	1.0	net_60_10082_net_64_11307_net_84_11226_net_133_10773	config_three	3
net_64_11307	netmap_config_9	clustering_score_leiden.json		116281	71	71	1.0	1.0	net_60_10082_net_64_11307_net_84_11226_net_133_10773	config_three	3
net_84_11226	netmap_config_9	clustering_score_leiden.json		116281	98	98	1.0	1.0	net_60_10082_net_64_11307_net_84_11226_net_133_10773	config_three	3
net_60_10082	netmap_ensemble_nb_mean	clustering_score_leiden.json	1.0	116281	104	104	1.0	1.0	net_60_10082_net_64_11307_net_84_11226_net_133_10773	config_three	3
net_64_11307	netmap_ensemble_nb_mean	clustering_score_leiden.json	1.0	116281	71	71	1.0	1.0	net_60_10082_net_64_11307_net_84_11226_net_133_10773	config_three	3
net_84_11226	netmap_ensemble_nb_mean	clustering_score_leiden.json	1.0	116281	98	98	1.0	1.0	net_60_10082_net_64_11307_net_84_11226_net_133_10773	config_three	3
net_60_10082	netmap_ensemble_nb_median	clustering_score_leiden.json	1.0	116281	104	104	1.0	1.0	net_60_10082_net_64_11307_net_84_11226_net_133_10773	config_three	3
net_64_11307	netmap_ensemble_nb_median	clustering_score_leiden.json	1.0	116281	71	71	1.0	1.0	net_60_10082_net_64_11307_net_84_11226_net_133_10773	config_three	3
net_84_11226	netmap_ensemble_nb_median	clustering_score_leiden.json	1.0	116281	98	98	1.0	1.0	net_60_10082_net_64_11307_net_84_11226_net_133_10773	config_three	3
net_60_10082	netmap_ensemble_zinb_mean	clustering_score_leiden.json	1.0	116281	104	104	1.0	1.0	net_60_10082_net_64_11307_net_84_11226_net_133_10773	config_three	3
net_64_11307	netmap_ensemble_zinb_mean	clustering_score_leiden.json	1.0	116281	71	71	1.0	1.0	net_60_10082_net_64_11307_net_84_11226_net_133_10773	config_three	3
net_84_11226	netmap_ensemble_zinb_mean	clustering_score_leiden.json	1.0	116281	98	98	1.0	1.0	net_60_10082_net_64_11307_net_84_11226_net_133_10773	config_three	3
net_60_10082	netmap_ensemble_zinb_median	clustering_score_leiden.json	1.0	116281	104	104	1.0	1.0	net_60_10082_net_64_11307_net_84_11226_net_133_10773	config_three	3
net_64_11307	netmap_ensemble_zinb_median	clustering_score_leiden.json	1.0	116281	71	71	1.0	1.0	net_60_10082_net_64_11307_net_84_11226_net_133_10773	config_three	3
net_84_11226	netmap_ensemble_zinb_median	clustering_score_leiden.json	1.0	116281	98	98	1.0	1.0	net_60_10082_net_64_11307_net_84_11226_net_133_10773	config_three	3
net_60_10082	scgenerai_config	clustering_score_leiden.json	0.334	57970	14	104	0.1346153846153846	0.1346153846153846	net_60_10082_net_64_11307_net_84_11226_net_133_10773	config_three	3
net_64_11307	scgenerai_config	clustering_score_leiden.json	0.334	57970	18	71	0.2535211267605634	0.2535211267605634	net_60_10082_net_64_11307_net_84_11226_net_133_10773	config_three	3
net_84_11226	scgenerai_config	clustering_score_leiden.json	0.334	57970	35	98	0.35714285714285715	0.35714285714285715	net_60_10082_net_64_11307_net_84_11226_net_133_10773	config_three	3
net_72_10551	netmap_config_1	clustering_score_leiden.json	1.0	91809	189	189	1.0	1.0	net_82_10152_net_72_10551_net_98_11932_net_51_10906	config_three	3
net_82_10152	netmap_config_1	clustering_score_leiden.json	1.0	91809	164	164	1.0	1.0	net_82_10152_net_72_10551_net_98_11932_net_51_10906	config_three	3
net_98_11932	netmap_config_1	clustering_score_leiden.json	1.0	91809	105	105	1.0	1.0	net_82_10152_net_72_10551_net_98_11932_net_51_10906	config_three	3
net_72_10551	netmap_config_2	clustering_score_leiden.json	1.0	91809	189	189	1.0	1.0	net_82_10152_net_72_10551_net_98_11932_net_51_10906	config_three	3
net_82_10152	netmap_config_2	clustering_score_leiden.json	1.0	91809	164	164	1.0	1.0	net_82_10152_net_72_10551_net_98_11932_net_51_10906	config_three	3
net_98_11932	netmap_config_2	clustering_score_leiden.json	1.0	91809	105	105	1.0	1.0	net_82_10152_net_72_10551_net_98_11932_net_51_10906	config_three	3
net_72_10551	netmap_config_3	clustering_score_leiden.json	1.0	91809	189	189	1.0	1.0	net_82_10152_net_72_10551_net_98_11932_net_51_10906	config_three	3
net_82_10152	netmap_config_3	clustering_score_leiden.json	1.0	91809	164	164	1.0	1.0	net_82_10152_net_72_10551_net_98_11932_net_51_10906	config_three	3
net_98_11932	netmap_config_3	clustering_score_leiden.json	1.0	91809	105	105	1.0	1.0	net_82_10152_net_72_10551_net_98_11932_net_51_10906	config_three	3
net_72_10551	netmap_config_4	clustering_score_leiden.json	1.0	91809	189	189	1.0	1.0	net_82_10152_net_72_10551_net_98_11932_net_51_10906	config_three	3
net_82_10152	netmap_config_4	clustering_score_leiden.json	1.0	91809	164	164	1.0	1.0	net_82_10152_net_72_10551_net_98_11932_net_51_10906	config_three	3
net_98_11932	netmap_config_4	clustering_score_leiden.json	1.0	91809	105	105	1.0	1.0	net_82_10152_net_72_10551_net_98_11932_net_51_10906	config_three	3
net_72_10551	netmap_config_5	clustering_score_leiden.json	1.0	91809	189	189	1.0	1.0	net_82_10152_net_72_10551_net_98_11932_net_51_10906	config_three	3
net_82_10152	netmap_config_5	clustering_score_leiden.json	1.0	91809	164	164	1.0	1.0	net_82_10152_net_72_10551_net_98_11932_net_51_10906	config_three	3
net_98_11932	netmap_config_5	clustering_score_leiden.json	1.0	91809	105	105	1.0	1.0	net_82_10152_net_72_10551_net_98_11932_net_51_10906	config_three	3
net_72_10551	netmap_config_6	clustering_score_leiden.json	1.0	91809	189	189	1.0	1.0	net_82_10152_net_72_10551_net_98_11932_net_51_10906	config_three	3
net_82_10152	netmap_config_6	clustering_score_leiden.json	1.0	91809	164	164	1.0	1.0	net_82_10152_net_72_10551_net_98_11932_net_51_10906	config_three	3
net_98_11932	netmap_config_6	clustering_score_leiden.json	1.0	91809	105	105	1.0	1.0	net_82_10152_net_72_10551_net_98_11932_net_51_10906	config_three	3
net_72_10551	netmap_config_7	clustering_score_leiden.json	0.3333333333333333	91809	189	189	1.0	1.0	net_82_10152_net_72_10551_net_98_11932_net_51_10906	config_three	3
net_82_10152	netmap_config_7	clustering_score_leiden.json	0.3333333333333333	91809	164	164	1.0	1.0	net_82_10152_net_72_10551_net_98_11932_net_51_10906	config_three	3
net_98_11932	netmap_config_7	clustering_score_leiden.json	0.3333333333333333	91809	105	105	1.0	1.0	net_82_10152_net_72_10551_net_98_11932_net_51_10906	config_three	3
net_72_10551	netmap_config_8	clustering_score_leiden.json	0.3333333333333333	91809	189	189	1.0	1.0	net_82_10152_net_72_10551_net_98_11932_net_51_10906	config_three	3
net_82_10152	netmap_config_8	clustering_score_leiden.json	0.3333333333333333	91809	164	164	1.0	1.0	net_82_10152_net_72_10551_net_98_11932_net_51_10906	config_three	3
net_98_11932	netmap_config_8	clustering_score_leiden.json	0.3333333333333333	91809	105	105	1.0	1.0	net_82_10152_net_72_10551_net_98_11932_net_51_10906	config_three	3
net_72_10551	netmap_config_9	clustering_score_leiden.json	0.3333333333333333	91809	189	189	1.0	1.0	net_82_10152_net_72_10551_net_98_11932_net_51_10906	config_three	3
net_82_10152	netmap_config_9	clustering_score_leiden.json	0.3333333333333333	91809	164	164	1.0	1.0	net_82_10152_net_72_10551_net_98_11932_net_51_10906	config_three	3
net_98_11932	netmap_config_9	clustering_score_leiden.json	0.3333333333333333	91809	105	105	1.0	1.0	net_82_10152_net_72_10551_net_98_11932_net_51_10906	config_three	3
net_72_10551	netmap_ensemble_nb_mean	clustering_score_leiden.json	1.0	91809	189	189	1.0	1.0	net_82_10152_net_72_10551_net_98_11932_net_51_10906	config_three	3
net_82_10152	netmap_ensemble_nb_mean	clustering_score_leiden.json	1.0	91809	164	164	1.0	1.0	net_82_10152_net_72_10551_net_98_11932_net_51_10906	config_three	3
net_98_11932	netmap_ensemble_nb_mean	clustering_score_leiden.json	1.0	91809	105	105	1.0	1.0	net_82_10152_net_72_10551_net_98_11932_net_51_10906	config_three	3
net_72_10551	netmap_ensemble_nb_median	clustering_score_leiden.json	1.0	91809	189	189	1.0	1.0	net_82_10152_net_72_10551_net_98_11932_net_51_10906	config_three	3
net_82_10152	netmap_ensemble_nb_median	clustering_score_leiden.json	1.0	91809	164	164	1.0	1.0	net_82_10152_net_72_10551_net_98_11932_net_51_10906	config_three	3
net_98_11932	netmap_ensemble_nb_median	clustering_score_leiden.json	1.0	91809	105	105	1.0	1.0	net_82_10152_net_72_10551_net_98_11932_net_51_10906	config_three	3
net_72_10551	netmap_ensemble_zinb_mean	clustering_score_leiden.json	1.0	91809	189	189	1.0	1.0	net_82_10152_net_72_10551_net_98_11932_net_51_10906	config_three	3
net_82_10152	netmap_ensemble_zinb_mean	clustering_score_leiden.json	1.0	91809	164	164	1.0	1.0	net_82_10152_net_72_10551_net_98_11932_net_51_10906	config_three	3
net_98_11932	netmap_ensemble_zinb_mean	clustering_score_leiden.json	1.0	91809	105	105	1.0	1.0	net_82_10152_net_72_10551_net_98_11932_net_51_10906	config_three	3
net_72_10551	netmap_ensemble_zinb_median	clustering_score_leiden.json	1.0	91809	189	189	1.0	1.0	net_82_10152_net_72_10551_net_98_11932_net_51_10906	config_three	3
net_82_10152	netmap_ensemble_zinb_median	clustering_score_leiden.json	1.0	91809	164	164	1.0	1.0	net_82_10152_net_72_10551_net_98_11932_net_51_10906	config_three	3
net_98_11932	netmap_ensemble_zinb_median	clustering_score_leiden.json	1.0	91809	105	105	1.0	1.0	net_82_10152_net_72_10551_net_98_11932_net_51_10906	config_three	3
net_72_10551	scgenerai_config	clustering_score_leiden.json	0.334	45753	97	189	0.5132275132275133	0.5132275132275133	net_82_10152_net_72_10551_net_98_11932_net_51_10906	config_three	3
net_82_10152	scgenerai_config	clustering_score_leiden.json	0.334	45753	121	164	0.7378048780487805	0.7378048780487805	net_82_10152_net_72_10551_net_98_11932_net_51_10906	config_three	3
net_98_11932	scgenerai_config	clustering_score_leiden.json	0.334	45753	38	105	0.3619047619047619	0.3619047619047619	net_82_10152_net_72_10551_net_98_11932_net_51_10906	config_three	3
net_60_10082	netmap_config_1	clustering_score_leiden.json	1.0	91204	104	104	1.0	1.0	net_60_10082_net_90_11013_net_75_10306_net_77_11506	config_three	3
net_75_10306	netmap_config_1	clustering_score_leiden.json	1.0	91204	175	175	1.0	1.0	net_60_10082_net_90_11013_net_75_10306_net_77_11506	config_three	3
net_90_11013	netmap_config_1	clustering_score_leiden.json	1.0	91204	216	216	1.0	1.0	net_60_10082_net_90_11013_net_75_10306_net_77_11506	config_three	3
net_60_10082	netmap_config_10	clustering_score_leiden.json	1.0	91204	104	104	1.0	1.0	net_60_10082_net_90_11013_net_75_10306_net_77_11506	config_three	3
net_75_10306	netmap_config_10	clustering_score_leiden.json	1.0	91204	175	175	1.0	1.0	net_60_10082_net_90_11013_net_75_10306_net_77_11506	config_three	3
net_90_11013	netmap_config_10	clustering_score_leiden.json	1.0	91204	216	216	1.0	1.0	net_60_10082_net_90_11013_net_75_10306_net_77_11506	config_three	3
net_60_10082	netmap_config_2	clustering_score_leiden.json	1.0	91204	104	104	1.0	1.0	net_60_10082_net_90_11013_net_75_10306_net_77_11506	config_three	3
net_75_10306	netmap_config_2	clustering_score_leiden.json	1.0	91204	175	175	1.0	1.0	net_60_10082_net_90_11013_net_75_10306_net_77_11506	config_three	3
net_90_11013	netmap_config_2	clustering_score_leiden.json	1.0	91204	216	216	1.0	1.0	net_60_10082_net_90_11013_net_75_10306_net_77_11506	config_three	3
net_60_10082	netmap_config_3	clustering_score_leiden.json	1.0	91204	104	104	1.0	1.0	net_60_10082_net_90_11013_net_75_10306_net_77_11506	config_three	3
net_75_10306	netmap_config_3	clustering_score_leiden.json	1.0	91204	175	175	1.0	1.0	net_60_10082_net_90_11013_net_75_10306_net_77_11506	config_three	3
net_90_11013	netmap_config_3	clustering_score_leiden.json	1.0	91204	216	216	1.0	1.0	net_60_10082_net_90_11013_net_75_10306_net_77_11506	config_three	3
net_60_10082	netmap_config_4	clustering_score_leiden.json	1.0	91204	104	104	1.0	1.0	net_60_10082_net_90_11013_net_75_10306_net_77_11506	config_three	3
net_75_10306	netmap_config_4	clustering_score_leiden.json	1.0	91204	175	175	1.0	1.0	net_60_10082_net_90_11013_net_75_10306_net_77_11506	config_three	3
net_90_11013	netmap_config_4	clustering_score_leiden.json	1.0	91204	216	216	1.0	1.0	net_60_10082_net_90_11013_net_75_10306_net_77_11506	config_three	3
net_60_10082	netmap_config_5	clustering_score_leiden.json	1.0	91204	104	104	1.0	1.0	net_60_10082_net_90_11013_net_75_10306_net_77_11506	config_three	3
net_75_10306	netmap_config_5	clustering_score_leiden.json	1.0	91204	175	175	1.0	1.0	net_60_10082_net_90_11013_net_75_10306_net_77_11506	config_three	3
net_90_11013	netmap_config_5	clustering_score_leiden.json	1.0	91204	216	216	1.0	1.0	net_60_10082_net_90_11013_net_75_10306_net_77_11506	config_three	3
net_60_10082	netmap_config_6	clustering_score_leiden.json	1.0	91204	104	104	1.0	1.0	net_60_10082_net_90_11013_net_75_10306_net_77_11506	config_three	3
net_75_10306	netmap_config_6	clustering_score_leiden.json	1.0	91204	175	175	1.0	1.0	net_60_10082_net_90_11013_net_75_10306_net_77_11506	config_three	3
net_90_11013	netmap_config_6	clustering_score_leiden.json	1.0	91204	216	216	1.0	1.0	net_60_10082_net_90_11013_net_75_10306_net_77_11506	config_three	3
net_60_10082	netmap_config_7	clustering_score_leiden.json	1.0	91204	104	104	1.0	1.0	net_60_10082_net_90_11013_net_75_10306_net_77_11506	config_three	3
net_75_10306	netmap_config_7	clustering_score_leiden.json	1.0	91204	175	175	1.0	1.0	net_60_10082_net_90_11013_net_75_10306_net_77_11506	config_three	3
net_90_11013	netmap_config_7	clustering_score_leiden.json	1.0	91204	216	216	1.0	1.0	net_60_10082_net_90_11013_net_75_10306_net_77_11506	config_three	3
net_60_10082	netmap_config_8	clustering_score_leiden.json	1.0	91204	104	104	1.0	1.0	net_60_10082_net_90_11013_net_75_10306_net_77_11506	config_three	3
net_75_10306	netmap_config_8	clustering_score_leiden.json	1.0	91204	175	175	1.0	1.0	net_60_10082_net_90_11013_net_75_10306_net_77_11506	config_three	3
net_90_11013	netmap_config_8	clustering_score_leiden.json	1.0	91204	216	216	1.0	1.0	net_60_10082_net_90_11013_net_75_10306_net_77_11506	config_three	3
net_60_10082	netmap_config_9	clustering_score_leiden.json	1.0	91204	104	104	1.0	1.0	net_60_10082_net_90_11013_net_75_10306_net_77_11506	config_three	3
net_75_10306	netmap_config_9	clustering_score_leiden.json	1.0	91204	175	175	1.0	1.0	net_60_10082_net_90_11013_net_75_10306_net_77_11506	config_three	3
net_90_11013	netmap_config_9	clustering_score_leiden.json	1.0	91204	216	216	1.0	1.0	net_60_10082_net_90_11013_net_75_10306_net_77_11506	config_three	3
net_60_10082	netmap_ensemble_nb_mean	clustering_score_leiden.json	1.0	91204	104	104	1.0	1.0	net_60_10082_net_90_11013_net_75_10306_net_77_11506	config_three	3
net_75_10306	netmap_ensemble_nb_mean	clustering_score_leiden.json	1.0	91204	175	175	1.0	1.0	net_60_10082_net_90_11013_net_75_10306_net_77_11506	config_three	3
net_90_11013	netmap_ensemble_nb_mean	clustering_score_leiden.json	1.0	91204	216	216	1.0	1.0	net_60_10082_net_90_11013_net_75_10306_net_77_11506	config_three	3
net_60_10082	netmap_ensemble_nb_median	clustering_score_leiden.json	1.0	91204	104	104	1.0	1.0	net_60_10082_net_90_11013_net_75_10306_net_77_11506	config_three	3
net_75_10306	netmap_ensemble_nb_median	clustering_score_leiden.json	1.0	91204	175	175	1.0	1.0	net_60_10082_net_90_11013_net_75_10306_net_77_11506	config_three	3
net_90_11013	netmap_ensemble_nb_median	clustering_score_leiden.json	1.0	91204	216	216	1.0	1.0	net_60_10082_net_90_11013_net_75_10306_net_77_11506	config_three	3
net_60_10082	netmap_ensemble_zinb_mean	clustering_score_leiden.json	1.0	91204	104	104	1.0	1.0	net_60_10082_net_90_11013_net_75_10306_net_77_11506	config_three	3
net_75_10306	netmap_ensemble_zinb_mean	clustering_score_leiden.json	1.0	91204	175	175	1.0	1.0	net_60_10082_net_90_11013_net_75_10306_net_77_11506	config_three	3
net_90_11013	netmap_ensemble_zinb_mean	clustering_score_leiden.json	1.0	91204	216	216	1.0	1.0	net_60_10082_net_90_11013_net_75_10306_net_77_11506	config_three	3
net_60_10082	netmap_ensemble_zinb_median	clustering_score_leiden.json	1.0	91204	104	104	1.0	1.0	net_60_10082_net_90_11013_net_75_10306_net_77_11506	config_three	3
net_75_10306	netmap_ensemble_zinb_median	clustering_score_leiden.json	1.0	91204	175	175	1.0	1.0	net_60_10082_net_90_11013_net_75_10306_net_77_11506	config_three	3
net_90_11013	netmap_ensemble_zinb_median	clustering_score_leiden.json	1.0	91204	216	216	1.0	1.0	net_60_10082_net_90_11013_net_75_10306_net_77_11506	config_three	3
net_60_10082	scgenerai_config	clustering_score_leiden.json	0.334	45451	14	104	0.1346153846153846	0.1346153846153846	net_60_10082_net_90_11013_net_75_10306_net_77_11506	config_three	3
net_75_10306	scgenerai_config	clustering_score_leiden.json	0.334	45451	123	175	0.7028571428571428	0.7028571428571428	net_60_10082_net_90_11013_net_75_10306_net_77_11506	config_three	3
net_90_11013	scgenerai_config	clustering_score_leiden.json	0.334	45451	126	216	0.5833333333333334	0.5833333333333334	net_60_10082_net_90_11013_net_75_10306_net_77_11506	config_three	3
net_84_10865	netmap_config_1	clustering_score_leiden.json	1.0	103684	154	154	1.0	1.0	net_84_10865_net_88_10937_net_90_11013_net_60_10703	config_three	3
net_88_10937	netmap_config_1	clustering_score_leiden.json	1.0	103684	184	184	1.0	1.0	net_84_10865_net_88_10937_net_90_11013_net_60_10703	config_three	3
net_90_11013	netmap_config_1	clustering_score_leiden.json	1.0	103684	216	216	1.0	1.0	net_84_10865_net_88_10937_net_90_11013_net_60_10703	config_three	3
net_84_10865	netmap_config_2	clustering_score_leiden.json	1.0	103684	154	154	1.0	1.0	net_84_10865_net_88_10937_net_90_11013_net_60_10703	config_three	3
net_88_10937	netmap_config_2	clustering_score_leiden.json	1.0	103684	184	184	1.0	1.0	net_84_10865_net_88_10937_net_90_11013_net_60_10703	config_three	3
net_90_11013	netmap_config_2	clustering_score_leiden.json	1.0	103684	216	216	1.0	1.0	net_84_10865_net_88_10937_net_90_11013_net_60_10703	config_three	3
net_84_10865	netmap_config_3	clustering_score_leiden.json	1.0	103684	154	154	1.0	1.0	net_84_10865_net_88_10937_net_90_11013_net_60_10703	config_three	3
net_88_10937	netmap_config_3	clustering_score_leiden.json	1.0	103684	184	184	1.0	1.0	net_84_10865_net_88_10937_net_90_11013_net_60_10703	config_three	3
net_90_11013	netmap_config_3	clustering_score_leiden.json	1.0	103684	216	216	1.0	1.0	net_84_10865_net_88_10937_net_90_11013_net_60_10703	config_three	3
net_84_10865	netmap_config_4	clustering_score_leiden.json	1.0	103684	154	154	1.0	1.0	net_84_10865_net_88_10937_net_90_11013_net_60_10703	config_three	3
net_88_10937	netmap_config_4	clustering_score_leiden.json	1.0	103684	184	184	1.0	1.0	net_84_10865_net_88_10937_net_90_11013_net_60_10703	config_three	3
net_90_11013	netmap_config_4	clustering_score_leiden.json	1.0	103684	216	216	1.0	1.0	net_84_10865_net_88_10937_net_90_11013_net_60_10703	config_three	3
net_84_10865	netmap_config_5	clustering_score_leiden.json		103684	154	154	1.0	1.0	net_84_10865_net_88_10937_net_90_11013_net_60_10703	config_three	3
net_88_10937	netmap_config_5	clustering_score_leiden.json		103684	184	184	1.0	1.0	net_84_10865_net_88_10937_net_90_11013_net_60_10703	config_three	3
net_90_11013	netmap_config_5	clustering_score_leiden.json		103684	216	216	1.0	1.0	net_84_10865_net_88_10937_net_90_11013_net_60_10703	config_three	3
net_84_10865	netmap_config_6	clustering_score_leiden.json	1.0	103684	154	154	1.0	1.0	net_84_10865_net_88_10937_net_90_11013_net_60_10703	config_three	3
net_88_10937	netmap_config_6	clustering_score_leiden.json	1.0	103684	184	184	1.0	1.0	net_84_10865_net_88_10937_net_90_11013_net_60_10703	config_three	3
net_90_11013	netmap_config_6	clustering_score_leiden.json	1.0	103684	216	216	1.0	1.0	net_84_10865_net_88_10937_net_90_11013_net_60_10703	config_three	3
net_84_10865	netmap_config_7	clustering_score_leiden.json	0.3333333333333333	103684	154	154	1.0	1.0	net_84_10865_net_88_10937_net_90_11013_net_60_10703	config_three	3
net_88_10937	netmap_config_7	clustering_score_leiden.json	0.3333333333333333	103684	184	184	1.0	1.0	net_84_10865_net_88_10937_net_90_11013_net_60_10703	config_three	3
net_90_11013	netmap_config_7	clustering_score_leiden.json	0.3333333333333333	103684	216	216	1.0	1.0	net_84_10865_net_88_10937_net_90_11013_net_60_10703	config_three	3
net_84_10865	netmap_config_8	clustering_score_leiden.json		103684	154	154	1.0	1.0	net_84_10865_net_88_10937_net_90_11013_net_60_10703	config_three	3
net_88_10937	netmap_config_8	clustering_score_leiden.json		103684	184	184	1.0	1.0	net_84_10865_net_88_10937_net_90_11013_net_60_10703	config_three	3
net_90_11013	netmap_config_8	clustering_score_leiden.json		103684	216	216	1.0	1.0	net_84_10865_net_88_10937_net_90_11013_net_60_10703	config_three	3
net_84_10865	netmap_config_9	clustering_score_leiden.json		103684	154	154	1.0	1.0	net_84_10865_net_88_10937_net_90_11013_net_60_10703	config_three	3
net_88_10937	netmap_config_9	clustering_score_leiden.json		103684	184	184	1.0	1.0	net_84_10865_net_88_10937_net_90_11013_net_60_10703	config_three	3
net_90_11013	netmap_config_9	clustering_score_leiden.json		103684	216	216	1.0	1.0	net_84_10865_net_88_10937_net_90_11013_net_60_10703	config_three	3
net_84_10865	netmap_ensemble_nb_mean	clustering_score_leiden.json	1.0	103684	154	154	1.0	1.0	net_84_10865_net_88_10937_net_90_11013_net_60_10703	config_three	3
net_88_10937	netmap_ensemble_nb_mean	clustering_score_leiden.json	1.0	103684	184	184	1.0	1.0	net_84_10865_net_88_10937_net_90_11013_net_60_10703	config_three	3
net_90_11013	netmap_ensemble_nb_mean	clustering_score_leiden.json	1.0	103684	216	216	1.0	1.0	net_84_10865_net_88_10937_net_90_11013_net_60_10703	config_three	3
net_84_10865	netmap_ensemble_nb_median	clustering_score_leiden.json	1.0	103684	154	154	1.0	1.0	net_84_10865_net_88_10937_net_90_11013_net_60_10703	config_three	3
net_88_10937	netmap_ensemble_nb_median	clustering_score_leiden.json	1.0	103684	184	184	1.0	1.0	net_84_10865_net_88_10937_net_90_11013_net_60_10703	config_three	3
net_90_11013	netmap_ensemble_nb_median	clustering_score_leiden.json	1.0	103684	216	216	1.0	1.0	net_84_10865_net_88_10937_net_90_11013_net_60_10703	config_three	3
net_84_10865	netmap_ensemble_zinb_mean	clustering_score_leiden.json	1.0	103684	154	154	1.0	1.0	net_84_10865_net_88_10937_net_90_11013_net_60_10703	config_three	3
net_88_10937	netmap_ensemble_zinb_mean	clustering_score_leiden.json	1.0	103684	184	184	1.0	1.0	net_84_10865_net_88_10937_net_90_11013_net_60_10703	config_three	3
net_90_11013	netmap_ensemble_zinb_mean	clustering_score_leiden.json	1.0	103684	216	216	1.0	1.0	net_84_10865_net_88_10937_net_90_11013_net_60_10703	config_three	3
net_84_10865	netmap_ensemble_zinb_median	clustering_score_leiden.json	1.0	103684	154	154	1.0	1.0	net_84_10865_net_88_10937_net_90_11013_net_60_10703	config_three	3
net_88_10937	netmap_ensemble_zinb_median	clustering_score_leiden.json	1.0	103684	184	184	1.0	1.0	net_84_10865_net_88_10937_net_90_11013_net_60_10703	config_three	3
net_90_11013	netmap_ensemble_zinb_median	clustering_score_leiden.json	1.0	103684	216	216	1.0	1.0	net_84_10865_net_88_10937_net_90_11013_net_60_10703	config_three	3
net_84_10865	scgenerai_config	clustering_score_leiden.json		51681	86	154	0.5584415584415584	0.5584415584415584	net_84_10865_net_88_10937_net_90_11013_net_60_10703	config_three	3
net_88_10937	scgenerai_config	clustering_score_leiden.json		51681	129	184	0.7010869565217391	0.7010869565217391	net_84_10865_net_88_10937_net_90_11013_net_60_10703	config_three	3
net_90_11013	scgenerai_config	clustering_score_leiden.json		51681	126	216	0.5833333333333334	0.5833333333333334	net_84_10865_net_88_10937_net_90_11013_net_60_10703	config_three	3
net_115_11153	netmap_config_1	clustering_score_leiden.json	1.0	155236	117	117	1.0	1.0	net_141_11706_net_81_10586_net_115_11153_net_57_10409	config_three	3
net_141_11706	netmap_config_1	clustering_score_leiden.json	1.0	155236	175	175	1.0	1.0	net_141_11706_net_81_10586_net_115_11153_net_57_10409	config_three	3
net_81_10586	netmap_config_1	clustering_score_leiden.json	1.0	155236	101	101	1.0	1.0	net_141_11706_net_81_10586_net_115_11153_net_57_10409	config_three	3
net_115_11153	netmap_config_2	clustering_score_leiden.json	1.0	155236	117	117	1.0	1.0	net_141_11706_net_81_10586_net_115_11153_net_57_10409	config_three	3
net_141_11706	netmap_config_2	clustering_score_leiden.json	1.0	155236	175	175	1.0	1.0	net_141_11706_net_81_10586_net_115_11153_net_57_10409	config_three	3
net_81_10586	netmap_config_2	clustering_score_leiden.json	1.0	155236	101	101	1.0	1.0	net_141_11706_net_81_10586_net_115_11153_net_57_10409	config_three	3
net_115_11153	netmap_config_3	clustering_score_leiden.json	1.0	155236	117	117	1.0	1.0	net_141_11706_net_81_10586_net_115_11153_net_57_10409	config_three	3
net_141_11706	netmap_config_3	clustering_score_leiden.json	1.0	155236	175	175	1.0	1.0	net_141_11706_net_81_10586_net_115_11153_net_57_10409	config_three	3
net_81_10586	netmap_config_3	clustering_score_leiden.json	1.0	155236	101	101	1.0	1.0	net_141_11706_net_81_10586_net_115_11153_net_57_10409	config_three	3
net_115_11153	netmap_config_4	clustering_score_leiden.json	1.0	155236	117	117	1.0	1.0	net_141_11706_net_81_10586_net_115_11153_net_57_10409	config_three	3
net_141_11706	netmap_config_4	clustering_score_leiden.json	1.0	155236	175	175	1.0	1.0	net_141_11706_net_81_10586_net_115_11153_net_57_10409	config_three	3
net_81_10586	netmap_config_4	clustering_score_leiden.json	1.0	155236	101	101	1.0	1.0	net_141_11706_net_81_10586_net_115_11153_net_57_10409	config_three	3
net_115_11153	netmap_config_5	clustering_score_leiden.json		155236	117	117	1.0	1.0	net_141_11706_net_81_10586_net_115_11153_net_57_10409	config_three	3
net_141_11706	netmap_config_5	clustering_score_leiden.json		155236	175	175	1.0	1.0	net_141_11706_net_81_10586_net_115_11153_net_57_10409	config_three	3
net_81_10586	netmap_config_5	clustering_score_leiden.json		155236	101	101	1.0	1.0	net_141_11706_net_81_10586_net_115_11153_net_57_10409	config_three	3
net_115_11153	netmap_config_6	clustering_score_leiden.json	1.0	155236	117	117	1.0	1.0	net_141_11706_net_81_10586_net_115_11153_net_57_10409	config_three	3
net_141_11706	netmap_config_6	clustering_score_leiden.json	1.0	155236	175	175	1.0	1.0	net_141_11706_net_81_10586_net_115_11153_net_57_10409	config_three	3
net_81_10586	netmap_config_6	clustering_score_leiden.json	1.0	155236	101	101	1.0	1.0	net_141_11706_net_81_10586_net_115_11153_net_57_10409	config_three	3
net_115_11153	netmap_config_7	clustering_score_leiden.json		155236	117	117	1.0	1.0	net_141_11706_net_81_10586_net_115_11153_net_57_10409	config_three	3
net_141_11706	netmap_config_7	clustering_score_leiden.json		155236	175	175	1.0	1.0	net_141_11706_net_81_10586_net_115_11153_net_57_10409	config_three	3
net_81_10586	netmap_config_7	clustering_score_leiden.json		155236	101	101	1.0	1.0	net_141_11706_net_81_10586_net_115_11153_net_57_10409	config_three	3
net_115_11153	netmap_config_8	clustering_score_leiden.json	1.0	155236	117	117	1.0	1.0	net_141_11706_net_81_10586_net_115_11153_net_57_10409	config_three	3
net_141_11706	netmap_config_8	clustering_score_leiden.json	1.0	155236	175	175	1.0	1.0	net_141_11706_net_81_10586_net_115_11153_net_57_10409	config_three	3
net_81_10586	netmap_config_8	clustering_score_leiden.json	1.0	155236	101	101	1.0	1.0	net_141_11706_net_81_10586_net_115_11153_net_57_10409	config_three	3
net_115_11153	netmap_config_9	clustering_score_leiden.json	1.0	155236	117	117	1.0	1.0	net_141_11706_net_81_10586_net_115_11153_net_57_10409	config_three	3
net_141_11706	netmap_config_9	clustering_score_leiden.json	1.0	155236	175	175	1.0	1.0	net_141_11706_net_81_10586_net_115_11153_net_57_10409	config_three	3
net_81_10586	netmap_config_9	clustering_score_leiden.json	1.0	155236	101	101	1.0	1.0	net_141_11706_net_81_10586_net_115_11153_net_57_10409	config_three	3
net_115_11153	netmap_ensemble_nb_mean	clustering_score_leiden.json	1.0	155236	117	117	1.0	1.0	net_141_11706_net_81_10586_net_115_11153_net_57_10409	config_three	3
net_141_11706	netmap_ensemble_nb_mean	clustering_score_leiden.json	1.0	155236	175	175	1.0	1.0	net_141_11706_net_81_10586_net_115_11153_net_57_10409	config_three	3
net_81_10586	netmap_ensemble_nb_mean	clustering_score_leiden.json	1.0	155236	101	101	1.0	1.0	net_141_11706_net_81_10586_net_115_11153_net_57_10409	config_three	3
net_115_11153	netmap_ensemble_nb_median	clustering_score_leiden.json	1.0	155236	117	117	1.0	1.0	net_141_11706_net_81_10586_net_115_11153_net_57_10409	config_three	3
net_141_11706	netmap_ensemble_nb_median	clustering_score_leiden.json	1.0	155236	175	175	1.0	1.0	net_141_11706_net_81_10586_net_115_11153_net_57_10409	config_three	3
net_81_10586	netmap_ensemble_nb_median	clustering_score_leiden.json	1.0	155236	101	101	1.0	1.0	net_141_11706_net_81_10586_net_115_11153_net_57_10409	config_three	3
net_115_11153	netmap_ensemble_zinb_mean	clustering_score_leiden.json	1.0	155236	117	117	1.0	1.0	net_141_11706_net_81_10586_net_115_11153_net_57_10409	config_three	3
net_141_11706	netmap_ensemble_zinb_mean	clustering_score_leiden.json	1.0	155236	175	175	1.0	1.0	net_141_11706_net_81_10586_net_115_11153_net_57_10409	config_three	3
net_81_10586	netmap_ensemble_zinb_mean	clustering_score_leiden.json	1.0	155236	101	101	1.0	1.0	net_141_11706_net_81_10586_net_115_11153_net_57_10409	config_three	3
net_115_11153	netmap_ensemble_zinb_median	clustering_score_leiden.json	1.0	155236	117	117	1.0	1.0	net_141_11706_net_81_10586_net_115_11153_net_57_10409	config_three	3
net_141_11706	netmap_ensemble_zinb_median	clustering_score_leiden.json	1.0	155236	175	175	1.0	1.0	net_141_11706_net_81_10586_net_115_11153_net_57_10409	config_three	3
net_81_10586	netmap_ensemble_zinb_median	clustering_score_leiden.json	1.0	155236	101	101	1.0	1.0	net_141_11706_net_81_10586_net_115_11153_net_57_10409	config_three	3
net_115_11153	scgenerai_config	clustering_score_leiden.json	0.334	77421	14	117	0.11965811965811966	0.11965811965811966	net_141_11706_net_81_10586_net_115_11153_net_57_10409	config_three	3
net_141_11706	scgenerai_config	clustering_score_leiden.json	0.334	77421	127	175	0.7257142857142858	0.7257142857142858	net_141_11706_net_81_10586_net_115_11153_net_57_10409	config_three	3
net_81_10586	scgenerai_config	clustering_score_leiden.json	0.334	77421	51	101	0.504950495049505	0.504950495049505	net_141_11706_net_81_10586_net_115_11153_net_57_10409	config_three	3
net_141_11706	netmap_config_1	clustering_score_leiden.json	1.0	104329	175	175	1.0	1.0	net_141_11706_net_61_10737_net_70_11670_net_51_10906	config_three	3
net_61_10737	netmap_config_1	clustering_score_leiden.json	1.0	104329	132	132	1.0	1.0	net_141_11706_net_61_10737_net_70_11670_net_51_10906	config_three	3
net_70_11670	netmap_config_1	clustering_score_leiden.json	1.0	104329	80	80	1.0	1.0	net_141_11706_net_61_10737_net_70_11670_net_51_10906	config_three	3
net_141_11706	netmap_config_2	clustering_score_leiden.json	1.0	104329	175	175	1.0	1.0	net_141_11706_net_61_10737_net_70_11670_net_51_10906	config_three	3
net_61_10737	netmap_config_2	clustering_score_leiden.json	1.0	104329	132	132	1.0	1.0	net_141_11706_net_61_10737_net_70_11670_net_51_10906	config_three	3
net_70_11670	netmap_config_2	clustering_score_leiden.json	1.0	104329	80	80	1.0	1.0	net_141_11706_net_61_10737_net_70_11670_net_51_10906	config_three	3
net_141_11706	netmap_config_3	clustering_score_leiden.json	1.0	104329	175	175	1.0	1.0	net_141_11706_net_61_10737_net_70_11670_net_51_10906	config_three	3
net_61_10737	netmap_config_3	clustering_score_leiden.json	1.0	104329	132	132	1.0	1.0	net_141_11706_net_61_10737_net_70_11670_net_51_10906	config_three	3
net_70_11670	netmap_config_3	clustering_score_leiden.json	1.0	104329	80	80	1.0	1.0	net_141_11706_net_61_10737_net_70_11670_net_51_10906	config_three	3
net_141_11706	netmap_config_4	clustering_score_leiden.json	1.0	104329	175	175	1.0	1.0	net_141_11706_net_61_10737_net_70_11670_net_51_10906	config_three	3
net_61_10737	netmap_config_4	clustering_score_leiden.json	1.0	104329	132	132	1.0	1.0	net_141_11706_net_61_10737_net_70_11670_net_51_10906	config_three	3
net_70_11670	netmap_config_4	clustering_score_leiden.json	1.0	104329	80	80	1.0	1.0	net_141_11706_net_61_10737_net_70_11670_net_51_10906	config_three	3
net_141_11706	netmap_config_5	clustering_score_leiden.json	1.0	104329	175	175	1.0	1.0	net_141_11706_net_61_10737_net_70_11670_net_51_10906	config_three	3
net_61_10737	netmap_config_5	clustering_score_leiden.json	1.0	104329	132	132	1.0	1.0	net_141_11706_net_61_10737_net_70_11670_net_51_10906	config_three	3
net_70_11670	netmap_config_5	clustering_score_leiden.json	1.0	104329	80	80	1.0	1.0	net_141_11706_net_61_10737_net_70_11670_net_51_10906	config_three	3
net_141_11706	netmap_config_6	clustering_score_leiden.json	1.0	104329	175	175	1.0	1.0	net_141_11706_net_61_10737_net_70_11670_net_51_10906	config_three	3
net_61_10737	netmap_config_6	clustering_score_leiden.json	1.0	104329	132	132	1.0	1.0	net_141_11706_net_61_10737_net_70_11670_net_51_10906	config_three	3
net_70_11670	netmap_config_6	clustering_score_leiden.json	1.0	104329	80	80	1.0	1.0	net_141_11706_net_61_10737_net_70_11670_net_51_10906	config_three	3
net_141_11706	netmap_config_7	clustering_score_leiden.json	0.3333333333333333	104329	175	175	1.0	1.0	net_141_11706_net_61_10737_net_70_11670_net_51_10906	config_three	3
net_61_10737	netmap_config_7	clustering_score_leiden.json	0.3333333333333333	104329	132	132	1.0	1.0	net_141_11706_net_61_10737_net_70_11670_net_51_10906	config_three	3
net_70_11670	netmap_config_7	clustering_score_leiden.json	0.3333333333333333	104329	80	80	1.0	1.0	net_141_11706_net_61_10737_net_70_11670_net_51_10906	config_three	3
net_141_11706	netmap_config_8	clustering_score_leiden.json	0.3333333333333333	104329	175	175	1.0	1.0	net_141_11706_net_61_10737_net_70_11670_net_51_10906	config_three	3
net_61_10737	netmap_config_8	clustering_score_leiden.json	0.3333333333333333	104329	132	132	1.0	1.0	net_141_11706_net_61_10737_net_70_11670_net_51_10906	config_three	3
net_70_11670	netmap_config_8	clustering_score_leiden.json	0.3333333333333333	104329	80	80	1.0	1.0	net_141_11706_net_61_10737_net_70_11670_net_51_10906	config_three	3
net_141_11706	netmap_config_9	clustering_score_leiden.json	0.3333333333333333	104329	175	175	1.0	1.0	net_141_11706_net_61_10737_net_70_11670_net_51_10906	config_three	3
net_61_10737	netmap_config_9	clustering_score_leiden.json	0.3333333333333333	104329	132	132	1.0	1.0	net_141_11706_net_61_10737_net_70_11670_net_51_10906	config_three	3
net_70_11670	netmap_config_9	clustering_score_leiden.json	0.3333333333333333	104329	80	80	1.0	1.0	net_141_11706_net_61_10737_net_70_11670_net_51_10906	config_three	3
net_141_11706	netmap_ensemble_nb_mean	clustering_score_leiden.json	1.0	104329	175	175	1.0	1.0	net_141_11706_net_61_10737_net_70_11670_net_51_10906	config_three	3
net_61_10737	netmap_ensemble_nb_mean	clustering_score_leiden.json	1.0	104329	132	132	1.0	1.0	net_141_11706_net_61_10737_net_70_11670_net_51_10906	config_three	3
net_70_11670	netmap_ensemble_nb_mean	clustering_score_leiden.json	1.0	104329	80	80	1.0	1.0	net_141_11706_net_61_10737_net_70_11670_net_51_10906	config_three	3
net_141_11706	netmap_ensemble_nb_median	clustering_score_leiden.json	1.0	104329	175	175	1.0	1.0	net_141_11706_net_61_10737_net_70_11670_net_51_10906	config_three	3
net_61_10737	netmap_ensemble_nb_median	clustering_score_leiden.json	1.0	104329	132	132	1.0	1.0	net_141_11706_net_61_10737_net_70_11670_net_51_10906	config_three	3
net_70_11670	netmap_ensemble_nb_median	clustering_score_leiden.json	1.0	104329	80	80	1.0	1.0	net_141_11706_net_61_10737_net_70_11670_net_51_10906	config_three	3
net_141_11706	netmap_ensemble_zinb_mean	clustering_score_leiden.json	1.0	104329	175	175	1.0	1.0	net_141_11706_net_61_10737_net_70_11670_net_51_10906	config_three	3
net_61_10737	netmap_ensemble_zinb_mean	clustering_score_leiden.json	1.0	104329	132	132	1.0	1.0	net_141_11706_net_61_10737_net_70_11670_net_51_10906	config_three	3
net_70_11670	netmap_ensemble_zinb_mean	clustering_score_leiden.json	1.0	104329	80	80	1.0	1.0	net_141_11706_net_61_10737_net_70_11670_net_51_10906	config_three	3
net_141_11706	netmap_ensemble_zinb_median	clustering_score_leiden.json	1.0	104329	175	175	1.0	1.0	net_141_11706_net_61_10737_net_70_11670_net_51_10906	config_three	3
net_61_10737	netmap_ensemble_zinb_median	clustering_score_leiden.json	1.0	104329	132	132	1.0	1.0	net_141_11706_net_61_10737_net_70_11670_net_51_10906	config_three	3
net_70_11670	netmap_ensemble_zinb_median	clustering_score_leiden.json	1.0	104329	80	80	1.0	1.0	net_141_11706_net_61_10737_net_70_11670_net_51_10906	config_three	3
net_141_11706	scgenerai_config	clustering_score_leiden.json	0.334	52003	127	175	0.7257142857142858	0.7257142857142858	net_141_11706_net_61_10737_net_70_11670_net_51_10906	config_three	3
net_61_10737	scgenerai_config	clustering_score_leiden.json	0.334	52003	80	132	0.6060606060606061	0.6060606060606061	net_141_11706_net_61_10737_net_70_11670_net_51_10906	config_three	3
net_70_11670	scgenerai_config	clustering_score_leiden.json	0.334	52003	47	80	0.5875	0.5875	net_141_11706_net_61_10737_net_70_11670_net_51_10906	config_three	3
net_115_11153	netmap_config_1	clustering_score_leiden.json	1.0	140625	117	117	1.0	1.0	net_75_10306_net_115_11153_net_72_10551_net_113_11113	config_three	3
net_72_10551	netmap_config_1	clustering_score_leiden.json	1.0	140625	189	189	1.0	1.0	net_75_10306_net_115_11153_net_72_10551_net_113_11113	config_three	3
net_75_10306	netmap_config_1	clustering_score_leiden.json	1.0	140625	175	175	1.0	1.0	net_75_10306_net_115_11153_net_72_10551_net_113_11113	config_three	3
net_115_11153	netmap_config_2	clustering_score_leiden.json	1.0	140625	117	117	1.0	1.0	net_75_10306_net_115_11153_net_72_10551_net_113_11113	config_three	3
net_72_10551	netmap_config_2	clustering_score_leiden.json	1.0	140625	189	189	1.0	1.0	net_75_10306_net_115_11153_net_72_10551_net_113_11113	config_three	3
net_75_10306	netmap_config_2	clustering_score_leiden.json	1.0	140625	175	175	1.0	1.0	net_75_10306_net_115_11153_net_72_10551_net_113_11113	config_three	3
net_115_11153	netmap_config_3	clustering_score_leiden.json	1.0	140625	117	117	1.0	1.0	net_75_10306_net_115_11153_net_72_10551_net_113_11113	config_three	3
net_72_10551	netmap_config_3	clustering_score_leiden.json	1.0	140625	189	189	1.0	1.0	net_75_10306_net_115_11153_net_72_10551_net_113_11113	config_three	3
net_75_10306	netmap_config_3	clustering_score_leiden.json	1.0	140625	175	175	1.0	1.0	net_75_10306_net_115_11153_net_72_10551_net_113_11113	config_three	3
net_115_11153	netmap_config_4	clustering_score_leiden.json	1.0	140625	117	117	1.0	1.0	net_75_10306_net_115_11153_net_72_10551_net_113_11113	config_three	3
net_72_10551	netmap_config_4	clustering_score_leiden.json	1.0	140625	189	189	1.0	1.0	net_75_10306_net_115_11153_net_72_10551_net_113_11113	config_three	3
net_75_10306	netmap_config_4	clustering_score_leiden.json	1.0	140625	175	175	1.0	1.0	net_75_10306_net_115_11153_net_72_10551_net_113_11113	config_three	3
net_115_11153	netmap_config_5	clustering_score_leiden.json	1.0	140625	117	117	1.0	1.0	net_75_10306_net_115_11153_net_72_10551_net_113_11113	config_three	3
net_72_10551	netmap_config_5	clustering_score_leiden.json	1.0	140625	189	189	1.0	1.0	net_75_10306_net_115_11153_net_72_10551_net_113_11113	config_three	3
net_75_10306	netmap_config_5	clustering_score_leiden.json	1.0	140625	175	175	1.0	1.0	net_75_10306_net_115_11153_net_72_10551_net_113_11113	config_three	3
net_115_11153	netmap_config_6	clustering_score_leiden.json	1.0	140625	117	117	1.0	1.0	net_75_10306_net_115_11153_net_72_10551_net_113_11113	config_three	3
net_72_10551	netmap_config_6	clustering_score_leiden.json	1.0	140625	189	189	1.0	1.0	net_75_10306_net_115_11153_net_72_10551_net_113_11113	config_three	3
net_75_10306	netmap_config_6	clustering_score_leiden.json	1.0	140625	175	175	1.0	1.0	net_75_10306_net_115_11153_net_72_10551_net_113_11113	config_three	3
net_115_11153	netmap_config_7	clustering_score_leiden.json		140625	117	117	1.0	1.0	net_75_10306_net_115_11153_net_72_10551_net_113_11113	config_three	3
net_72_10551	netmap_config_7	clustering_score_leiden.json		140625	189	189	1.0	1.0	net_75_10306_net_115_11153_net_72_10551_net_113_11113	config_three	3
net_75_10306	netmap_config_7	clustering_score_leiden.json		140625	175	175	1.0	1.0	net_75_10306_net_115_11153_net_72_10551_net_113_11113	config_three	3
net_115_11153	netmap_config_8	clustering_score_leiden.json	1.0	140625	117	117	1.0	1.0	net_75_10306_net_115_11153_net_72_10551_net_113_11113	config_three	3
net_72_10551	netmap_config_8	clustering_score_leiden.json	1.0	140625	189	189	1.0	1.0	net_75_10306_net_115_11153_net_72_10551_net_113_11113	config_three	3
net_75_10306	netmap_config_8	clustering_score_leiden.json	1.0	140625	175	175	1.0	1.0	net_75_10306_net_115_11153_net_72_10551_net_113_11113	config_three	3
net_115_11153	netmap_config_9	clustering_score_leiden.json	1.0	140625	117	117	1.0	1.0	net_75_10306_net_115_11153_net_72_10551_net_113_11113	config_three	3
net_72_10551	netmap_config_9	clustering_score_leiden.json	1.0	140625	189	189	1.0	1.0	net_75_10306_net_115_11153_net_72_10551_net_113_11113	config_three	3
net_75_10306	netmap_config_9	clustering_score_leiden.json	1.0	140625	175	175	1.0	1.0	net_75_10306_net_115_11153_net_72_10551_net_113_11113	config_three	3
net_115_11153	netmap_ensemble_nb_mean	clustering_score_leiden.json	1.0	140625	117	117	1.0	1.0	net_75_10306_net_115_11153_net_72_10551_net_113_11113	config_three	3
net_72_10551	netmap_ensemble_nb_mean	clustering_score_leiden.json	1.0	140625	189	189	1.0	1.0	net_75_10306_net_115_11153_net_72_10551_net_113_11113	config_three	3
net_75_10306	netmap_ensemble_nb_mean	clustering_score_leiden.json	1.0	140625	175	175	1.0	1.0	net_75_10306_net_115_11153_net_72_10551_net_113_11113	config_three	3
net_115_11153	netmap_ensemble_nb_median	clustering_score_leiden.json	1.0	140625	117	117	1.0	1.0	net_75_10306_net_115_11153_net_72_10551_net_113_11113	config_three	3
net_72_10551	netmap_ensemble_nb_median	clustering_score_leiden.json	1.0	140625	189	189	1.0	1.0	net_75_10306_net_115_11153_net_72_10551_net_113_11113	config_three	3
net_75_10306	netmap_ensemble_nb_median	clustering_score_leiden.json	1.0	140625	175	175	1.0	1.0	net_75_10306_net_115_11153_net_72_10551_net_113_11113	config_three	3
net_115_11153	netmap_ensemble_zinb_mean	clustering_score_leiden.json	1.0	140625	117	117	1.0	1.0	net_75_10306_net_115_11153_net_72_10551_net_113_11113	config_three	3
net_72_10551	netmap_ensemble_zinb_mean	clustering_score_leiden.json	1.0	140625	189	189	1.0	1.0	net_75_10306_net_115_11153_net_72_10551_net_113_11113	config_three	3
net_75_10306	netmap_ensemble_zinb_mean	clustering_score_leiden.json	1.0	140625	175	175	1.0	1.0	net_75_10306_net_115_11153_net_72_10551_net_113_11113	config_three	3
net_115_11153	netmap_ensemble_zinb_median	clustering_score_leiden.json	1.0	140625	117	117	1.0	1.0	net_75_10306_net_115_11153_net_72_10551_net_113_11113	config_three	3
net_72_10551	netmap_ensemble_zinb_median	clustering_score_leiden.json	1.0	140625	189	189	1.0	1.0	net_75_10306_net_115_11153_net_72_10551_net_113_11113	config_three	3
net_75_10306	netmap_ensemble_zinb_median	clustering_score_leiden.json	1.0	140625	175	175	1.0	1.0	net_75_10306_net_115_11153_net_72_10551_net_113_11113	config_three	3
net_115_11153	scgenerai_config	clustering_score_leiden.json	0.334	70125	14	117	0.11965811965811966	0.11965811965811966	net_75_10306_net_115_11153_net_72_10551_net_113_11113	config_three	3
net_72_10551	scgenerai_config	clustering_score_leiden.json	0.334	70125	97	189	0.5132275132275133	0.5132275132275133	net_75_10306_net_115_11153_net_72_10551_net_113_11113	config_three	3
net_75_10306	scgenerai_config	clustering_score_leiden.json	0.334	70125	123	175	0.7028571428571428	0.7028571428571428	net_75_10306_net_115_11153_net_72_10551_net_113_11113	config_three	3
net_135_11054	netmap_config_1	clustering_score_leiden.json	1.0	101124	264	264	1.0	1.0	net_70_11431_net_60_10082_net_135_11054_net_53_11196	config_three_noise	3
net_60_10082	netmap_config_1	clustering_score_leiden.json	1.0	101124	104	104	1.0	1.0	net_70_11431_net_60_10082_net_135_11054_net_53_11196	config_three_noise	3
net_70_11431	netmap_config_1	clustering_score_leiden.json	1.0	101124	88	88	1.0	1.0	net_70_11431_net_60_10082_net_135_11054_net_53_11196	config_three_noise	3
net_135_11054	netmap_config_10	clustering_score_leiden.json	1.0	101124	264	264	1.0	1.0	net_70_11431_net_60_10082_net_135_11054_net_53_11196	config_three_noise	3
net_60_10082	netmap_config_10	clustering_score_leiden.json	1.0	101124	104	104	1.0	1.0	net_70_11431_net_60_10082_net_135_11054_net_53_11196	config_three_noise	3
net_70_11431	netmap_config_10	clustering_score_leiden.json	1.0	101124	88	88	1.0	1.0	net_70_11431_net_60_10082_net_135_11054_net_53_11196	config_three_noise	3
net_135_11054	netmap_config_2	clustering_score_leiden.json	1.0	101124	264	264	1.0	1.0	net_70_11431_net_60_10082_net_135_11054_net_53_11196	config_three_noise	3
net_60_10082	netmap_config_2	clustering_score_leiden.json	1.0	101124	104	104	1.0	1.0	net_70_11431_net_60_10082_net_135_11054_net_53_11196	config_three_noise	3
net_70_11431	netmap_config_2	clustering_score_leiden.json	1.0	101124	88	88	1.0	1.0	net_70_11431_net_60_10082_net_135_11054_net_53_11196	config_three_noise	3
net_135_11054	netmap_config_3	clustering_score_leiden.json	1.0	101124	264	264	1.0	1.0	net_70_11431_net_60_10082_net_135_11054_net_53_11196	config_three_noise	3
net_60_10082	netmap_config_3	clustering_score_leiden.json	1.0	101124	104	104	1.0	1.0	net_70_11431_net_60_10082_net_135_11054_net_53_11196	config_three_noise	3
net_70_11431	netmap_config_3	clustering_score_leiden.json	1.0	101124	88	88	1.0	1.0	net_70_11431_net_60_10082_net_135_11054_net_53_11196	config_three_noise	3
net_135_11054	netmap_config_4	clustering_score_leiden.json	1.0	101124	264	264	1.0	1.0	net_70_11431_net_60_10082_net_135_11054_net_53_11196	config_three_noise	3
net_60_10082	netmap_config_4	clustering_score_leiden.json	1.0	101124	104	104	1.0	1.0	net_70_11431_net_60_10082_net_135_11054_net_53_11196	config_three_noise	3
net_70_11431	netmap_config_4	clustering_score_leiden.json	1.0	101124	88	88	1.0	1.0	net_70_11431_net_60_10082_net_135_11054_net_53_11196	config_three_noise	3
net_135_11054	netmap_config_5	clustering_score_leiden.json	1.0	101124	264	264	1.0	1.0	net_70_11431_net_60_10082_net_135_11054_net_53_11196	config_three_noise	3
net_60_10082	netmap_config_5	clustering_score_leiden.json	1.0	101124	104	104	1.0	1.0	net_70_11431_net_60_10082_net_135_11054_net_53_11196	config_three_noise	3
net_70_11431	netmap_config_5	clustering_score_leiden.json	1.0	101124	88	88	1.0	1.0	net_70_11431_net_60_10082_net_135_11054_net_53_11196	config_three_noise	3
net_135_11054	netmap_config_6	clustering_score_leiden.json	1.0	101124	264	264	1.0	1.0	net_70_11431_net_60_10082_net_135_11054_net_53_11196	config_three_noise	3
net_60_10082	netmap_config_6	clustering_score_leiden.json	1.0	101124	104	104	1.0	1.0	net_70_11431_net_60_10082_net_135_11054_net_53_11196	config_three_noise	3
net_70_11431	netmap_config_6	clustering_score_leiden.json	1.0	101124	88	88	1.0	1.0	net_70_11431_net_60_10082_net_135_11054_net_53_11196	config_three_noise	3
net_135_11054	netmap_config_7	clustering_score_leiden.json	1.0	101124	264	264	1.0	1.0	net_70_11431_net_60_10082_net_135_11054_net_53_11196	config_three_noise	3
net_60_10082	netmap_config_7	clustering_score_leiden.json	1.0	101124	104	104	1.0	1.0	net_70_11431_net_60_10082_net_135_11054_net_53_11196	config_three_noise	3
net_70_11431	netmap_config_7	clustering_score_leiden.json	1.0	101124	88	88	1.0	1.0	net_70_11431_net_60_10082_net_135_11054_net_53_11196	config_three_noise	3
net_135_11054	netmap_config_8	clustering_score_leiden.json	1.0	101124	264	264	1.0	1.0	net_70_11431_net_60_10082_net_135_11054_net_53_11196	config_three_noise	3
net_60_10082	netmap_config_8	clustering_score_leiden.json	1.0	101124	104	104	1.0	1.0	net_70_11431_net_60_10082_net_135_11054_net_53_11196	config_three_noise	3
net_70_11431	netmap_config_8	clustering_score_leiden.json	1.0	101124	88	88	1.0	1.0	net_70_11431_net_60_10082_net_135_11054_net_53_11196	config_three_noise	3
net_135_11054	netmap_config_9	clustering_score_leiden.json	1.0	101124	264	264	1.0	1.0	net_70_11431_net_60_10082_net_135_11054_net_53_11196	config_three_noise	3
net_60_10082	netmap_config_9	clustering_score_leiden.json	1.0	101124	104	104	1.0	1.0	net_70_11431_net_60_10082_net_135_11054_net_53_11196	config_three_noise	3
net_70_11431	netmap_config_9	clustering_score_leiden.json	1.0	101124	88	88	1.0	1.0	net_70_11431_net_60_10082_net_135_11054_net_53_11196	config_three_noise	3
net_135_11054	netmap_ensemble_nb_mean	clustering_score_leiden.json	1.0	101124	264	264	1.0	1.0	net_70_11431_net_60_10082_net_135_11054_net_53_11196	config_three_noise	3
net_60_10082	netmap_ensemble_nb_mean	clustering_score_leiden.json	1.0	101124	104	104	1.0	1.0	net_70_11431_net_60_10082_net_135_11054_net_53_11196	config_three_noise	3
net_70_11431	netmap_ensemble_nb_mean	clustering_score_leiden.json	1.0	101124	88	88	1.0	1.0	net_70_11431_net_60_10082_net_135_11054_net_53_11196	config_three_noise	3
net_135_11054	netmap_ensemble_nb_median	clustering_score_leiden.json	1.0	101124	264	264	1.0	1.0	net_70_11431_net_60_10082_net_135_11054_net_53_11196	config_three_noise	3
net_60_10082	netmap_ensemble_nb_median	clustering_score_leiden.json	1.0	101124	104	104	1.0	1.0	net_70_11431_net_60_10082_net_135_11054_net_53_11196	config_three_noise	3
net_70_11431	netmap_ensemble_nb_median	clustering_score_leiden.json	1.0	101124	88	88	1.0	1.0	net_70_11431_net_60_10082_net_135_11054_net_53_11196	config_three_noise	3
net_135_11054	netmap_ensemble_zinb_mean	clustering_score_leiden.json	1.0	101124	264	264	1.0	1.0	net_70_11431_net_60_10082_net_135_11054_net_53_11196	config_three_noise	3
net_60_10082	netmap_ensemble_zinb_mean	clustering_score_leiden.json	1.0	101124	104	104	1.0	1.0	net_70_11431_net_60_10082_net_135_11054_net_53_11196	config_three_noise	3
net_70_11431	netmap_ensemble_zinb_mean	clustering_score_leiden.json	1.0	101124	88	88	1.0	1.0	net_70_11431_net_60_10082_net_135_11054_net_53_11196	config_three_noise	3
net_135_11054	netmap_ensemble_zinb_median	clustering_score_leiden.json	1.0	101124	264	264	1.0	1.0	net_70_11431_net_60_10082_net_135_11054_net_53_11196	config_three_noise	3
net_60_10082	netmap_ensemble_zinb_median	clustering_score_leiden.json	1.0	101124	104	104	1.0	1.0	net_70_11431_net_60_10082_net_135_11054_net_53_11196	config_three_noise	3
net_70_11431	netmap_ensemble_zinb_median	clustering_score_leiden.json	1.0	101124	88	88	1.0	1.0	net_70_11431_net_60_10082_net_135_11054_net_53_11196	config_three_noise	3
net_135_11054	scgenerai_config	clustering_score_leiden.json	0.334	50403	180	264	0.6818181818181818	0.6818181818181818	net_70_11431_net_60_10082_net_135_11054_net_53_11196	config_three_noise	3
net_60_10082	scgenerai_config	clustering_score_leiden.json	0.334	50403	14	104	0.1346153846153846	0.1346153846153846	net_70_11431_net_60_10082_net_135_11054_net_53_11196	config_three_noise	3
net_70_11431	scgenerai_config	clustering_score_leiden.json	0.334	50403	39	88	0.4431818181818182	0.4431818181818182	net_70_11431_net_60_10082_net_135_11054_net_53_11196	config_three_noise	3
net_59_10488	netmap_config_1	clustering_score_leiden.json	1.0	107584	87	87	1.0	1.0	net_70_11431_net_84_9903_net_59_10488_net_115_11153	config_three_noise	3
net_70_11431	netmap_config_1	clustering_score_leiden.json	1.0	107584	88	88	1.0	1.0	net_70_11431_net_84_9903_net_59_10488_net_115_11153	config_three_noise	3
net_84_9903	netmap_config_1	clustering_score_leiden.json	1.0	107584	117	117	1.0	1.0	net_70_11431_net_84_9903_net_59_10488_net_115_11153	config_three_noise	3
net_59_10488	netmap_config_2	clustering_score_leiden.json	1.0	107584	87	87	1.0	1.0	net_70_11431_net_84_9903_net_59_10488_net_115_11153	config_three_noise	3
net_70_11431	netmap_config_2	clustering_score_leiden.json	1.0	107584	88	88	1.0	1.0	net_70_11431_net_84_9903_net_59_10488_net_115_11153	config_three_noise	3
net_84_9903	netmap_config_2	clustering_score_leiden.json	1.0	107584	117	117	1.0	1.0	net_70_11431_net_84_9903_net_59_10488_net_115_11153	config_three_noise	3
net_59_10488	netmap_config_3	clustering_score_leiden.json	1.0	107584	87	87	1.0	1.0	net_70_11431_net_84_9903_net_59_10488_net_115_11153	config_three_noise	3
net_70_11431	netmap_config_3	clustering_score_leiden.json	1.0	107584	88	88	1.0	1.0	net_70_11431_net_84_9903_net_59_10488_net_115_11153	config_three_noise	3
net_84_9903	netmap_config_3	clustering_score_leiden.json	1.0	107584	117	117	1.0	1.0	net_70_11431_net_84_9903_net_59_10488_net_115_11153	config_three_noise	3
net_59_10488	netmap_config_4	clustering_score_leiden.json	1.0	107584	87	87	1.0	1.0	net_70_11431_net_84_9903_net_59_10488_net_115_11153	config_three_noise	3
net_70_11431	netmap_config_4	clustering_score_leiden.json	1.0	107584	88	88	1.0	1.0	net_70_11431_net_84_9903_net_59_10488_net_115_11153	config_three_noise	3
net_84_9903	netmap_config_4	clustering_score_leiden.json	1.0	107584	117	117	1.0	1.0	net_70_11431_net_84_9903_net_59_10488_net_115_11153	config_three_noise	3
net_59_10488	netmap_config_5	clustering_score_leiden.json	1.0	107584	87	87	1.0	1.0	net_70_11431_net_84_9903_net_59_10488_net_115_11153	config_three_noise	3
net_70_11431	netmap_config_5	clustering_score_leiden.json	1.0	107584	88	88	1.0	1.0	net_70_11431_net_84_9903_net_59_10488_net_115_11153	config_three_noise	3
net_84_9903	netmap_config_5	clustering_score_leiden.json	1.0	107584	117	117	1.0	1.0	net_70_11431_net_84_9903_net_59_10488_net_115_11153	config_three_noise	3
net_59_10488	netmap_config_6	clustering_score_leiden.json	1.0	107584	87	87	1.0	1.0	net_70_11431_net_84_9903_net_59_10488_net_115_11153	config_three_noise	3
net_70_11431	netmap_config_6	clustering_score_leiden.json	1.0	107584	88	88	1.0	1.0	net_70_11431_net_84_9903_net_59_10488_net_115_11153	config_three_noise	3
net_84_9903	netmap_config_6	clustering_score_leiden.json	1.0	107584	117	117	1.0	1.0	net_70_11431_net_84_9903_net_59_10488_net_115_11153	config_three_noise	3
net_59_10488	netmap_config_7	clustering_score_leiden.json	0.3333333333333333	107584	87	87	1.0	1.0	net_70_11431_net_84_9903_net_59_10488_net_115_11153	config_three_noise	3
net_70_11431	netmap_config_7	clustering_score_leiden.json	0.3333333333333333	107584	88	88	1.0	1.0	net_70_11431_net_84_9903_net_59_10488_net_115_11153	config_three_noise	3
net_84_9903	netmap_config_7	clustering_score_leiden.json	0.3333333333333333	107584	117	117	1.0	1.0	net_70_11431_net_84_9903_net_59_10488_net_115_11153	config_three_noise	3
net_59_10488	netmap_config_8	clustering_score_leiden.json	1.0	107584	87	87	1.0	1.0	net_70_11431_net_84_9903_net_59_10488_net_115_11153	config_three_noise	3
net_70_11431	netmap_config_8	clustering_score_leiden.json	1.0	107584	88	88	1.0	1.0	net_70_11431_net_84_9903_net_59_10488_net_115_11153	config_three_noise	3
net_84_9903	netmap_config_8	clustering_score_leiden.json	1.0	107584	117	117	1.0	1.0	net_70_11431_net_84_9903_net_59_10488_net_115_11153	config_three_noise	3
net_59_10488	netmap_config_9	clustering_score_leiden.json	1.0	107584	87	87	1.0	1.0	net_70_11431_net_84_9903_net_59_10488_net_115_11153	config_three_noise	3
net_70_11431	netmap_config_9	clustering_score_leiden.json	1.0	107584	88	88	1.0	1.0	net_70_11431_net_84_9903_net_59_10488_net_115_11153	config_three_noise	3
net_84_9903	netmap_config_9	clustering_score_leiden.json	1.0	107584	117	117	1.0	1.0	net_70_11431_net_84_9903_net_59_10488_net_115_11153	config_three_noise	3
net_59_10488	netmap_ensemble_nb_mean	clustering_score_leiden.json	1.0	107584	87	87	1.0	1.0	net_70_11431_net_84_9903_net_59_10488_net_115_11153	config_three_noise	3
net_70_11431	netmap_ensemble_nb_mean	clustering_score_leiden.json	1.0	107584	88	88	1.0	1.0	net_70_11431_net_84_9903_net_59_10488_net_115_11153	config_three_noise	3
net_84_9903	netmap_ensemble_nb_mean	clustering_score_leiden.json	1.0	107584	117	117	1.0	1.0	net_70_11431_net_84_9903_net_59_10488_net_115_11153	config_three_noise	3
net_59_10488	netmap_ensemble_nb_median	clustering_score_leiden.json	1.0	107584	87	87	1.0	1.0	net_70_11431_net_84_9903_net_59_10488_net_115_11153	config_three_noise	3
net_70_11431	netmap_ensemble_nb_median	clustering_score_leiden.json	1.0	107584	88	88	1.0	1.0	net_70_11431_net_84_9903_net_59_10488_net_115_11153	config_three_noise	3
net_84_9903	netmap_ensemble_nb_median	clustering_score_leiden.json	1.0	107584	117	117	1.0	1.0	net_70_11431_net_84_9903_net_59_10488_net_115_11153	config_three_noise	3
net_59_10488	netmap_ensemble_zinb_mean	clustering_score_leiden.json	1.0	107584	87	87	1.0	1.0	net_70_11431_net_84_9903_net_59_10488_net_115_11153	config_three_noise	3
net_70_11431	netmap_ensemble_zinb_mean	clustering_score_leiden.json	1.0	107584	88	88	1.0	1.0	net_70_11431_net_84_9903_net_59_10488_net_115_11153	config_three_noise	3
net_84_9903	netmap_ensemble_zinb_mean	clustering_score_leiden.json	1.0	107584	117	117	1.0	1.0	net_70_11431_net_84_9903_net_59_10488_net_115_11153	config_three_noise	3
net_59_10488	netmap_ensemble_zinb_median	clustering_score_leiden.json	1.0	107584	87	87	1.0	1.0	net_70_11431_net_84_9903_net_59_10488_net_115_11153	config_three_noise	3
net_70_11431	netmap_ensemble_zinb_median	clustering_score_leiden.json	1.0	107584	88	88	1.0	1.0	net_70_11431_net_84_9903_net_59_10488_net_115_11153	config_three_noise	3
net_84_9903	netmap_ensemble_zinb_median	clustering_score_leiden.json	1.0	107584	117	117	1.0	1.0	net_70_11431_net_84_9903_net_59_10488_net_115_11153	config_three_noise	3
net_59_10488	scgenerai_config	clustering_score_leiden.json	0.334	53628	43	87	0.4942528735632184	0.4942528735632184	net_70_11431_net_84_9903_net_59_10488_net_115_11153	config_three_noise	3
net_70_11431	scgenerai_config	clustering_score_leiden.json	0.334	53628	39	88	0.4431818181818182	0.4431818181818182	net_70_11431_net_84_9903_net_59_10488_net_115_11153	config_three_noise	3
net_84_9903	scgenerai_config	clustering_score_leiden.json	0.334	53628	19	117	0.1623931623931624	0.1623931623931624	net_70_11431_net_84_9903_net_59_10488_net_115_11153	config_three_noise	3
net_172_10626	netmap_config_1	clustering_score_leiden.json	1.0	177241	239	239	1.0	1.0	net_84_11226_net_172_10626_net_89_11634_net_76_10367	config_three_noise	3
net_84_11226	netmap_config_1	clustering_score_leiden.json	1.0	177241	98	98	1.0	1.0	net_84_11226_net_172_10626_net_89_11634_net_76_10367	config_three_noise	3
net_89_11634	netmap_config_1	clustering_score_leiden.json	1.0	177241	98	98	1.0	1.0	net_84_11226_net_172_10626_net_89_11634_net_76_10367	config_three_noise	3
net_172_10626	netmap_config_10	clustering_score_leiden.json	1.0	177241	239	239	1.0	1.0	net_84_11226_net_172_10626_net_89_11634_net_76_10367	config_three_noise	3
net_84_11226	netmap_config_10	clustering_score_leiden.json	1.0	177241	98	98	1.0	1.0	net_84_11226_net_172_10626_net_89_11634_net_76_10367	config_three_noise	3
net_89_11634	netmap_config_10	clustering_score_leiden.json	1.0	177241	98	98	1.0	1.0	net_84_11226_net_172_10626_net_89_11634_net_76_10367	config_three_noise	3
net_172_10626	netmap_config_2	clustering_score_leiden.json	1.0	177241	239	239	1.0	1.0	net_84_11226_net_172_10626_net_89_11634_net_76_10367	config_three_noise	3
net_84_11226	netmap_config_2	clustering_score_leiden.json	1.0	177241	98	98	1.0	1.0	net_84_11226_net_172_10626_net_89_11634_net_76_10367	config_three_noise	3
net_89_11634	netmap_config_2	clustering_score_leiden.json	1.0	177241	98	98	1.0	1.0	net_84_11226_net_172_10626_net_89_11634_net_76_10367	config_three_noise	3
net_172_10626	netmap_config_3	clustering_score_leiden.json	1.0	177241	239	239	1.0	1.0	net_84_11226_net_172_10626_net_89_11634_net_76_10367	config_three_noise	3
net_84_11226	netmap_config_3	clustering_score_leiden.json	1.0	177241	98	98	1.0	1.0	net_84_11226_net_172_10626_net_89_11634_net_76_10367	config_three_noise	3
net_89_11634	netmap_config_3	clustering_score_leiden.json	1.0	177241	98	98	1.0	1.0	net_84_11226_net_172_10626_net_89_11634_net_76_10367	config_three_noise	3
net_172_10626	netmap_config_4	clustering_score_leiden.json	1.0	177241	239	239	1.0	1.0	net_84_11226_net_172_10626_net_89_11634_net_76_10367	config_three_noise	3
net_84_11226	netmap_config_4	clustering_score_leiden.json	1.0	177241	98	98	1.0	1.0	net_84_11226_net_172_10626_net_89_11634_net_76_10367	config_three_noise	3
net_89_11634	netmap_config_4	clustering_score_leiden.json	1.0	177241	98	98	1.0	1.0	net_84_11226_net_172_10626_net_89_11634_net_76_10367	config_three_noise	3
net_172_10626	netmap_config_5	clustering_score_leiden.json	1.0	177241	239	239	1.0	1.0	net_84_11226_net_172_10626_net_89_11634_net_76_10367	config_three_noise	3
net_84_11226	netmap_config_5	clustering_score_leiden.json	1.0	177241	98	98	1.0	1.0	net_84_11226_net_172_10626_net_89_11634_net_76_10367	config_three_noise	3
net_89_11634	netmap_config_5	clustering_score_leiden.json	1.0	177241	98	98	1.0	1.0	net_84_11226_net_172_10626_net_89_11634_net_76_10367	config_three_noise	3
net_172_10626	netmap_config_6	clustering_score_leiden.json	1.0	177241	239	239	1.0	1.0	net_84_11226_net_172_10626_net_89_11634_net_76_10367	config_three_noise	3
net_84_11226	netmap_config_6	clustering_score_leiden.json	1.0	177241	98	98	1.0	1.0	net_84_11226_net_172_10626_net_89_11634_net_76_10367	config_three_noise	3
net_89_11634	netmap_config_6	clustering_score_leiden.json	1.0	177241	98	98	1.0	1.0	net_84_11226_net_172_10626_net_89_11634_net_76_10367	config_three_noise	3
net_172_10626	netmap_config_7	clustering_score_leiden.json		177241	239	239	1.0	1.0	net_84_11226_net_172_10626_net_89_11634_net_76_10367	config_three_noise	3
net_84_11226	netmap_config_7	clustering_score_leiden.json		177241	98	98	1.0	1.0	net_84_11226_net_172_10626_net_89_11634_net_76_10367	config_three_noise	3
net_89_11634	netmap_config_7	clustering_score_leiden.json		177241	98	98	1.0	1.0	net_84_11226_net_172_10626_net_89_11634_net_76_10367	config_three_noise	3
net_172_10626	netmap_config_8	clustering_score_leiden.json	1.0	177241	239	239	1.0	1.0	net_84_11226_net_172_10626_net_89_11634_net_76_10367	config_three_noise	3
net_84_11226	netmap_config_8	clustering_score_leiden.json	1.0	177241	98	98	1.0	1.0	net_84_11226_net_172_10626_net_89_11634_net_76_10367	config_three_noise	3
net_89_11634	netmap_config_8	clustering_score_leiden.json	1.0	177241	98	98	1.0	1.0	net_84_11226_net_172_10626_net_89_11634_net_76_10367	config_three_noise	3
net_172_10626	netmap_config_9	clustering_score_leiden.json		177241	239	239	1.0	1.0	net_84_11226_net_172_10626_net_89_11634_net_76_10367	config_three_noise	3
net_84_11226	netmap_config_9	clustering_score_leiden.json		177241	98	98	1.0	1.0	net_84_11226_net_172_10626_net_89_11634_net_76_10367	config_three_noise	3
net_89_11634	netmap_config_9	clustering_score_leiden.json		177241	98	98	1.0	1.0	net_84_11226_net_172_10626_net_89_11634_net_76_10367	config_three_noise	3
net_172_10626	netmap_ensemble_nb_mean	clustering_score_leiden.json	1.0	177241	239	239	1.0	1.0	net_84_11226_net_172_10626_net_89_11634_net_76_10367	config_three_noise	3
net_84_11226	netmap_ensemble_nb_mean	clustering_score_leiden.json	1.0	177241	98	98	1.0	1.0	net_84_11226_net_172_10626_net_89_11634_net_76_10367	config_three_noise	3
net_89_11634	netmap_ensemble_nb_mean	clustering_score_leiden.json	1.0	177241	98	98	1.0	1.0	net_84_11226_net_172_10626_net_89_11634_net_76_10367	config_three_noise	3
net_172_10626	netmap_ensemble_nb_median	clustering_score_leiden.json	1.0	177241	239	239	1.0	1.0	net_84_11226_net_172_10626_net_89_11634_net_76_10367	config_three_noise	3
net_84_11226	netmap_ensemble_nb_median	clustering_score_leiden.json	1.0	177241	98	98	1.0	1.0	net_84_11226_net_172_10626_net_89_11634_net_76_10367	config_three_noise	3
net_89_11634	netmap_ensemble_nb_median	clustering_score_leiden.json	1.0	177241	98	98	1.0	1.0	net_84_11226_net_172_10626_net_89_11634_net_76_10367	config_three_noise	3
net_172_10626	netmap_ensemble_zinb_mean	clustering_score_leiden.json	1.0	177241	239	239	1.0	1.0	net_84_11226_net_172_10626_net_89_11634_net_76_10367	config_three_noise	3
net_84_11226	netmap_ensemble_zinb_mean	clustering_score_leiden.json	1.0	177241	98	98	1.0	1.0	net_84_11226_net_172_10626_net_89_11634_net_76_10367	config_three_noise	3
net_89_11634	netmap_ensemble_zinb_mean	clustering_score_leiden.json	1.0	177241	98	98	1.0	1.0	net_84_11226_net_172_10626_net_89_11634_net_76_10367	config_three_noise	3
net_172_10626	netmap_ensemble_zinb_median	clustering_score_leiden.json	1.0	177241	239	239	1.0	1.0	net_84_11226_net_172_10626_net_89_11634_net_76_10367	config_three_noise	3
net_84_11226	netmap_ensemble_zinb_median	clustering_score_leiden.json	1.0	177241	98	98	1.0	1.0	net_84_11226_net_172_10626_net_89_11634_net_76_10367	config_three_noise	3
net_89_11634	netmap_ensemble_zinb_median	clustering_score_leiden.json	1.0	177241	98	98	1.0	1.0	net_84_11226_net_172_10626_net_89_11634_net_76_10367	config_three_noise	3
net_172_10626	scgenerai_config	clustering_score_leiden.json	0.334	88410	136	239	0.5690376569037657	0.5690376569037657	net_84_11226_net_172_10626_net_89_11634_net_76_10367	config_three_noise	3
net_84_11226	scgenerai_config	clustering_score_leiden.json	0.334	88410	35	98	0.35714285714285715	0.35714285714285715	net_84_11226_net_172_10626_net_89_11634_net_76_10367	config_three_noise	3
net_89_11634	scgenerai_config	clustering_score_leiden.json	0.334	88410	40	98	0.40816326530612246	0.40816326530612246	net_84_11226_net_172_10626_net_89_11634_net_76_10367	config_three_noise	3
net_60_10082	netmap_config_1	clustering_score_leiden.json	1.0	116281	104	104	1.0	1.0	net_60_10082_net_64_11307_net_84_11226_net_133_10773	config_three_noise	3
net_64_11307	netmap_config_1	clustering_score_leiden.json	1.0	116281	71	71	1.0	1.0	net_60_10082_net_64_11307_net_84_11226_net_133_10773	config_three_noise	3
net_84_11226	netmap_config_1	clustering_score_leiden.json	1.0	116281	98	98	1.0	1.0	net_60_10082_net_64_11307_net_84_11226_net_133_10773	config_three_noise	3
net_60_10082	netmap_config_10	clustering_score_leiden.json	1.0	116281	104	104	1.0	1.0	net_60_10082_net_64_11307_net_84_11226_net_133_10773	config_three_noise	3
net_64_11307	netmap_config_10	clustering_score_leiden.json	1.0	116281	71	71	1.0	1.0	net_60_10082_net_64_11307_net_84_11226_net_133_10773	config_three_noise	3
net_84_11226	netmap_config_10	clustering_score_leiden.json	1.0	116281	98	98	1.0	1.0	net_60_10082_net_64_11307_net_84_11226_net_133_10773	config_three_noise	3
net_60_10082	netmap_config_2	clustering_score_leiden.json	1.0	116281	104	104	1.0	1.0	net_60_10082_net_64_11307_net_84_11226_net_133_10773	config_three_noise	3
net_64_11307	netmap_config_2	clustering_score_leiden.json	1.0	116281	71	71	1.0	1.0	net_60_10082_net_64_11307_net_84_11226_net_133_10773	config_three_noise	3
net_84_11226	netmap_config_2	clustering_score_leiden.json	1.0	116281	98	98	1.0	1.0	net_60_10082_net_64_11307_net_84_11226_net_133_10773	config_three_noise	3
net_60_10082	netmap_config_3	clustering_score_leiden.json	1.0	116281	104	104	1.0	1.0	net_60_10082_net_64_11307_net_84_11226_net_133_10773	config_three_noise	3
net_64_11307	netmap_config_3	clustering_score_leiden.json	1.0	116281	71	71	1.0	1.0	net_60_10082_net_64_11307_net_84_11226_net_133_10773	config_three_noise	3
net_84_11226	netmap_config_3	clustering_score_leiden.json	1.0	116281	98	98	1.0	1.0	net_60_10082_net_64_11307_net_84_11226_net_133_10773	config_three_noise	3
net_60_10082	netmap_config_4	clustering_score_leiden.json	1.0	116281	104	104	1.0	1.0	net_60_10082_net_64_11307_net_84_11226_net_133_10773	config_three_noise	3
net_64_11307	netmap_config_4	clustering_score_leiden.json	1.0	116281	71	71	1.0	1.0	net_60_10082_net_64_11307_net_84_11226_net_133_10773	config_three_noise	3
net_84_11226	netmap_config_4	clustering_score_leiden.json	1.0	116281	98	98	1.0	1.0	net_60_10082_net_64_11307_net_84_11226_net_133_10773	config_three_noise	3
net_60_10082	netmap_config_5	clustering_score_leiden.json	1.0	116281	104	104	1.0	1.0	net_60_10082_net_64_11307_net_84_11226_net_133_10773	config_three_noise	3
net_64_11307	netmap_config_5	clustering_score_leiden.json	1.0	116281	71	71	1.0	1.0	net_60_10082_net_64_11307_net_84_11226_net_133_10773	config_three_noise	3
net_84_11226	netmap_config_5	clustering_score_leiden.json	1.0	116281	98	98	1.0	1.0	net_60_10082_net_64_11307_net_84_11226_net_133_10773	config_three_noise	3
net_60_10082	netmap_config_6	clustering_score_leiden.json	1.0	116281	104	104	1.0	1.0	net_60_10082_net_64_11307_net_84_11226_net_133_10773	config_three_noise	3
net_64_11307	netmap_config_6	clustering_score_leiden.json	1.0	116281	71	71	1.0	1.0	net_60_10082_net_64_11307_net_84_11226_net_133_10773	config_three_noise	3
net_84_11226	netmap_config_6	clustering_score_leiden.json	1.0	116281	98	98	1.0	1.0	net_60_10082_net_64_11307_net_84_11226_net_133_10773	config_three_noise	3
net_60_10082	netmap_config_7	clustering_score_leiden.json	1.0	116281	104	104	1.0	1.0	net_60_10082_net_64_11307_net_84_11226_net_133_10773	config_three_noise	3
net_64_11307	netmap_config_7	clustering_score_leiden.json	1.0	116281	71	71	1.0	1.0	net_60_10082_net_64_11307_net_84_11226_net_133_10773	config_three_noise	3
net_84_11226	netmap_config_7	clustering_score_leiden.json	1.0	116281	98	98	1.0	1.0	net_60_10082_net_64_11307_net_84_11226_net_133_10773	config_three_noise	3
net_60_10082	netmap_config_8	clustering_score_leiden.json	1.0	116281	104	104	1.0	1.0	net_60_10082_net_64_11307_net_84_11226_net_133_10773	config_three_noise	3
net_64_11307	netmap_config_8	clustering_score_leiden.json	1.0	116281	71	71	1.0	1.0	net_60_10082_net_64_11307_net_84_11226_net_133_10773	config_three_noise	3
net_84_11226	netmap_config_8	clustering_score_leiden.json	1.0	116281	98	98	1.0	1.0	net_60_10082_net_64_11307_net_84_11226_net_133_10773	config_three_noise	3
net_60_10082	netmap_config_9	clustering_score_leiden.json	1.0	116281	104	104	1.0	1.0	net_60_10082_net_64_11307_net_84_11226_net_133_10773	config_three_noise	3
net_64_11307	netmap_config_9	clustering_score_leiden.json	1.0	116281	71	71	1.0	1.0	net_60_10082_net_64_11307_net_84_11226_net_133_10773	config_three_noise	3
net_84_11226	netmap_config_9	clustering_score_leiden.json	1.0	116281	98	98	1.0	1.0	net_60_10082_net_64_11307_net_84_11226_net_133_10773	config_three_noise	3
net_60_10082	netmap_ensemble_nb_mean	clustering_score_leiden.json	1.0	116281	104	104	1.0	1.0	net_60_10082_net_64_11307_net_84_11226_net_133_10773	config_three_noise	3
net_64_11307	netmap_ensemble_nb_mean	clustering_score_leiden.json	1.0	116281	71	71	1.0	1.0	net_60_10082_net_64_11307_net_84_11226_net_133_10773	config_three_noise	3
net_84_11226	netmap_ensemble_nb_mean	clustering_score_leiden.json	1.0	116281	98	98	1.0	1.0	net_60_10082_net_64_11307_net_84_11226_net_133_10773	config_three_noise	3
net_60_10082	netmap_ensemble_nb_median	clustering_score_leiden.json	1.0	116281	104	104	1.0	1.0	net_60_10082_net_64_11307_net_84_11226_net_133_10773	config_three_noise	3
net_64_11307	netmap_ensemble_nb_median	clustering_score_leiden.json	1.0	116281	71	71	1.0	1.0	net_60_10082_net_64_11307_net_84_11226_net_133_10773	config_three_noise	3
net_84_11226	netmap_ensemble_nb_median	clustering_score_leiden.json	1.0	116281	98	98	1.0	1.0	net_60_10082_net_64_11307_net_84_11226_net_133_10773	config_three_noise	3
net_60_10082	netmap_ensemble_zinb_mean	clustering_score_leiden.json	1.0	116281	104	104	1.0	1.0	net_60_10082_net_64_11307_net_84_11226_net_133_10773	config_three_noise	3
net_64_11307	netmap_ensemble_zinb_mean	clustering_score_leiden.json	1.0	116281	71	71	1.0	1.0	net_60_10082_net_64_11307_net_84_11226_net_133_10773	config_three_noise	3
net_84_11226	netmap_ensemble_zinb_mean	clustering_score_leiden.json	1.0	116281	98	98	1.0	1.0	net_60_10082_net_64_11307_net_84_11226_net_133_10773	config_three_noise	3
net_60_10082	netmap_ensemble_zinb_median	clustering_score_leiden.json	1.0	116281	104	104	1.0	1.0	net_60_10082_net_64_11307_net_84_11226_net_133_10773	config_three_noise	3
net_64_11307	netmap_ensemble_zinb_median	clustering_score_leiden.json	1.0	116281	71	71	1.0	1.0	net_60_10082_net_64_11307_net_84_11226_net_133_10773	config_three_noise	3
net_84_11226	netmap_ensemble_zinb_median	clustering_score_leiden.json	1.0	116281	98	98	1.0	1.0	net_60_10082_net_64_11307_net_84_11226_net_133_10773	config_three_noise	3
net_60_10082	scgenerai_config	clustering_score_leiden.json	0.334	57970	14	104	0.1346153846153846	0.1346153846153846	net_60_10082_net_64_11307_net_84_11226_net_133_10773	config_three_noise	3
net_64_11307	scgenerai_config	clustering_score_leiden.json	0.334	57970	18	71	0.2535211267605634	0.2535211267605634	net_60_10082_net_64_11307_net_84_11226_net_133_10773	config_three_noise	3
net_84_11226	scgenerai_config	clustering_score_leiden.json	0.334	57970	35	98	0.35714285714285715	0.35714285714285715	net_60_10082_net_64_11307_net_84_11226_net_133_10773	config_three_noise	3
net_72_10551	netmap_config_1	clustering_score_leiden.json	1.0	91809	189	189	1.0	1.0	net_82_10152_net_72_10551_net_98_11932_net_51_10906	config_three_noise	3
net_82_10152	netmap_config_1	clustering_score_leiden.json	1.0	91809	164	164	1.0	1.0	net_82_10152_net_72_10551_net_98_11932_net_51_10906	config_three_noise	3
net_98_11932	netmap_config_1	clustering_score_leiden.json	1.0	91809	105	105	1.0	1.0	net_82_10152_net_72_10551_net_98_11932_net_51_10906	config_three_noise	3
net_72_10551	netmap_config_2	clustering_score_leiden.json	1.0	91809	189	189	1.0	1.0	net_82_10152_net_72_10551_net_98_11932_net_51_10906	config_three_noise	3
net_82_10152	netmap_config_2	clustering_score_leiden.json	1.0	91809	164	164	1.0	1.0	net_82_10152_net_72_10551_net_98_11932_net_51_10906	config_three_noise	3
net_98_11932	netmap_config_2	clustering_score_leiden.json	1.0	91809	105	105	1.0	1.0	net_82_10152_net_72_10551_net_98_11932_net_51_10906	config_three_noise	3
net_72_10551	netmap_config_3	clustering_score_leiden.json	1.0	91809	189	189	1.0	1.0	net_82_10152_net_72_10551_net_98_11932_net_51_10906	config_three_noise	3
net_82_10152	netmap_config_3	clustering_score_leiden.json	1.0	91809	164	164	1.0	1.0	net_82_10152_net_72_10551_net_98_11932_net_51_10906	config_three_noise	3
net_98_11932	netmap_config_3	clustering_score_leiden.json	1.0	91809	105	105	1.0	1.0	net_82_10152_net_72_10551_net_98_11932_net_51_10906	config_three_noise	3
net_72_10551	netmap_config_4	clustering_score_leiden.json	1.0	91809	189	189	1.0	1.0	net_82_10152_net_72_10551_net_98_11932_net_51_10906	config_three_noise	3
net_82_10152	netmap_config_4	clustering_score_leiden.json	1.0	91809	164	164	1.0	1.0	net_82_10152_net_72_10551_net_98_11932_net_51_10906	config_three_noise	3
net_98_11932	netmap_config_4	clustering_score_leiden.json	1.0	91809	105	105	1.0	1.0	net_82_10152_net_72_10551_net_98_11932_net_51_10906	config_three_noise	3
net_72_10551	netmap_config_5	clustering_score_leiden.json		91809	189	189	1.0	1.0	net_82_10152_net_72_10551_net_98_11932_net_51_10906	config_three_noise	3
net_82_10152	netmap_config_5	clustering_score_leiden.json		91809	164	164	1.0	1.0	net_82_10152_net_72_10551_net_98_11932_net_51_10906	config_three_noise	3
net_98_11932	netmap_config_5	clustering_score_leiden.json		91809	105	105	1.0	1.0	net_82_10152_net_72_10551_net_98_11932_net_51_10906	config_three_noise	3
net_72_10551	netmap_config_6	clustering_score_leiden.json	1.0	91809	189	189	1.0	1.0	net_82_10152_net_72_10551_net_98_11932_net_51_10906	config_three_noise	3
net_82_10152	netmap_config_6	clustering_score_leiden.json	1.0	91809	164	164	1.0	1.0	net_82_10152_net_72_10551_net_98_11932_net_51_10906	config_three_noise	3
net_98_11932	netmap_config_6	clustering_score_leiden.json	1.0	91809	105	105	1.0	1.0	net_82_10152_net_72_10551_net_98_11932_net_51_10906	config_three_noise	3
net_72_10551	netmap_config_7	clustering_score_leiden.json	1.0	91809	189	189	1.0	1.0	net_82_10152_net_72_10551_net_98_11932_net_51_10906	config_three_noise	3
net_82_10152	netmap_config_7	clustering_score_leiden.json	1.0	91809	164	164	1.0	1.0	net_82_10152_net_72_10551_net_98_11932_net_51_10906	config_three_noise	3
net_98_11932	netmap_config_7	clustering_score_leiden.json	1.0	91809	105	105	1.0	1.0	net_82_10152_net_72_10551_net_98_11932_net_51_10906	config_three_noise	3
net_72_10551	netmap_config_8	clustering_score_leiden.json	1.0	91809	189	189	1.0	1.0	net_82_10152_net_72_10551_net_98_11932_net_51_10906	config_three_noise	3
net_82_10152	netmap_config_8	clustering_score_leiden.json	1.0	91809	164	164	1.0	1.0	net_82_10152_net_72_10551_net_98_11932_net_51_10906	config_three_noise	3
net_98_11932	netmap_config_8	clustering_score_leiden.json	1.0	91809	105	105	1.0	1.0	net_82_10152_net_72_10551_net_98_11932_net_51_10906	config_three_noise	3
net_72_10551	netmap_config_9	clustering_score_leiden.json	1.0	91809	189	189	1.0	1.0	net_82_10152_net_72_10551_net_98_11932_net_51_10906	config_three_noise	3
net_82_10152	netmap_config_9	clustering_score_leiden.json	1.0	91809	164	164	1.0	1.0	net_82_10152_net_72_10551_net_98_11932_net_51_10906	config_three_noise	3
net_98_11932	netmap_config_9	clustering_score_leiden.json	1.0	91809	105	105	1.0	1.0	net_82_10152_net_72_10551_net_98_11932_net_51_10906	config_three_noise	3
net_72_10551	netmap_ensemble_nb_mean	clustering_score_leiden.json	1.0	91809	189	189	1.0	1.0	net_82_10152_net_72_10551_net_98_11932_net_51_10906	config_three_noise	3
net_82_10152	netmap_ensemble_nb_mean	clustering_score_leiden.json	1.0	91809	164	164	1.0	1.0	net_82_10152_net_72_10551_net_98_11932_net_51_10906	config_three_noise	3
net_98_11932	netmap_ensemble_nb_mean	clustering_score_leiden.json	1.0	91809	105	105	1.0	1.0	net_82_10152_net_72_10551_net_98_11932_net_51_10906	config_three_noise	3
net_72_10551	netmap_ensemble_nb_median	clustering_score_leiden.json	1.0	91809	189	189	1.0	1.0	net_82_10152_net_72_10551_net_98_11932_net_51_10906	config_three_noise	3
net_82_10152	netmap_ensemble_nb_median	clustering_score_leiden.json	1.0	91809	164	164	1.0	1.0	net_82_10152_net_72_10551_net_98_11932_net_51_10906	config_three_noise	3
net_98_11932	netmap_ensemble_nb_median	clustering_score_leiden.json	1.0	91809	105	105	1.0	1.0	net_82_10152_net_72_10551_net_98_11932_net_51_10906	config_three_noise	3
net_72_10551	netmap_ensemble_zinb_mean	clustering_score_leiden.json	1.0	91809	189	189	1.0	1.0	net_82_10152_net_72_10551_net_98_11932_net_51_10906	config_three_noise	3
net_82_10152	netmap_ensemble_zinb_mean	clustering_score_leiden.json	1.0	91809	164	164	1.0	1.0	net_82_10152_net_72_10551_net_98_11932_net_51_10906	config_three_noise	3
net_98_11932	netmap_ensemble_zinb_mean	clustering_score_leiden.json	1.0	91809	105	105	1.0	1.0	net_82_10152_net_72_10551_net_98_11932_net_51_10906	config_three_noise	3
net_72_10551	netmap_ensemble_zinb_median	clustering_score_leiden.json	1.0	91809	189	189	1.0	1.0	net_82_10152_net_72_10551_net_98_11932_net_51_10906	config_three_noise	3
net_82_10152	netmap_ensemble_zinb_median	clustering_score_leiden.json	1.0	91809	164	164	1.0	1.0	net_82_10152_net_72_10551_net_98_11932_net_51_10906	config_three_noise	3
net_98_11932	netmap_ensemble_zinb_median	clustering_score_leiden.json	1.0	91809	105	105	1.0	1.0	net_82_10152_net_72_10551_net_98_11932_net_51_10906	config_three_noise	3
net_72_10551	scgenerai_config	clustering_score_leiden.json	0.334	45753	97	189	0.5132275132275133	0.5132275132275133	net_82_10152_net_72_10551_net_98_11932_net_51_10906	config_three_noise	3
net_82_10152	scgenerai_config	clustering_score_leiden.json	0.334	45753	121	164	0.7378048780487805	0.7378048780487805	net_82_10152_net_72_10551_net_98_11932_net_51_10906	config_three_noise	3
net_98_11932	scgenerai_config	clustering_score_leiden.json	0.334	45753	38	105	0.3619047619047619	0.3619047619047619	net_82_10152_net_72_10551_net_98_11932_net_51_10906	config_three_noise	3
net_60_10082	netmap_config_1	clustering_score_leiden.json	1.0	91204	104	104	1.0	1.0	net_60_10082_net_90_11013_net_75_10306_net_77_11506	config_three_noise	3
net_75_10306	netmap_config_1	clustering_score_leiden.json	1.0	91204	175	175	1.0	1.0	net_60_10082_net_90_11013_net_75_10306_net_77_11506	config_three_noise	3
net_90_11013	netmap_config_1	clustering_score_leiden.json	1.0	91204	216	216	1.0	1.0	net_60_10082_net_90_11013_net_75_10306_net_77_11506	config_three_noise	3
net_60_10082	netmap_config_2	clustering_score_leiden.json	1.0	91204	104	104	1.0	1.0	net_60_10082_net_90_11013_net_75_10306_net_77_11506	config_three_noise	3
net_75_10306	netmap_config_2	clustering_score_leiden.json	1.0	91204	175	175	1.0	1.0	net_60_10082_net_90_11013_net_75_10306_net_77_11506	config_three_noise	3
net_90_11013	netmap_config_2	clustering_score_leiden.json	1.0	91204	216	216	1.0	1.0	net_60_10082_net_90_11013_net_75_10306_net_77_11506	config_three_noise	3
net_60_10082	netmap_config_3	clustering_score_leiden.json	1.0	91204	104	104	1.0	1.0	net_60_10082_net_90_11013_net_75_10306_net_77_11506	config_three_noise	3
net_75_10306	netmap_config_3	clustering_score_leiden.json	1.0	91204	175	175	1.0	1.0	net_60_10082_net_90_11013_net_75_10306_net_77_11506	config_three_noise	3
net_90_11013	netmap_config_3	clustering_score_leiden.json	1.0	91204	216	216	1.0	1.0	net_60_10082_net_90_11013_net_75_10306_net_77_11506	config_three_noise	3
net_60_10082	netmap_config_4	clustering_score_leiden.json	1.0	91204	104	104	1.0	1.0	net_60_10082_net_90_11013_net_75_10306_net_77_11506	config_three_noise	3
net_75_10306	netmap_config_4	clustering_score_leiden.json	1.0	91204	175	175	1.0	1.0	net_60_10082_net_90_11013_net_75_10306_net_77_11506	config_three_noise	3
net_90_11013	netmap_config_4	clustering_score_leiden.json	1.0	91204	216	216	1.0	1.0	net_60_10082_net_90_11013_net_75_10306_net_77_11506	config_three_noise	3
net_60_10082	netmap_config_5	clustering_score_leiden.json		91204	104	104	1.0	1.0	net_60_10082_net_90_11013_net_75_10306_net_77_11506	config_three_noise	3
net_75_10306	netmap_config_5	clustering_score_leiden.json		91204	175	175	1.0	1.0	net_60_10082_net_90_11013_net_75_10306_net_77_11506	config_three_noise	3
net_90_11013	netmap_config_5	clustering_score_leiden.json		91204	216	216	1.0	1.0	net_60_10082_net_90_11013_net_75_10306_net_77_11506	config_three_noise	3
net_60_10082	netmap_config_6	clustering_score_leiden.json	1.0	91204	104	104	1.0	1.0	net_60_10082_net_90_11013_net_75_10306_net_77_11506	config_three_noise	3
net_75_10306	netmap_config_6	clustering_score_leiden.json	1.0	91204	175	175	1.0	1.0	net_60_10082_net_90_11013_net_75_10306_net_77_11506	config_three_noise	3
net_90_11013	netmap_config_6	clustering_score_leiden.json	1.0	91204	216	216	1.0	1.0	net_60_10082_net_90_11013_net_75_10306_net_77_11506	config_three_noise	3
net_60_10082	netmap_config_7	clustering_score_leiden.json	1.0	91204	104	104	1.0	1.0	net_60_10082_net_90_11013_net_75_10306_net_77_11506	config_three_noise	3
net_75_10306	netmap_config_7	clustering_score_leiden.json	1.0	91204	175	175	1.0	1.0	net_60_10082_net_90_11013_net_75_10306_net_77_11506	config_three_noise	3
net_90_11013	netmap_config_7	clustering_score_leiden.json	1.0	91204	216	216	1.0	1.0	net_60_10082_net_90_11013_net_75_10306_net_77_11506	config_three_noise	3
net_60_10082	netmap_config_8	clustering_score_leiden.json	1.0	91204	104	104	1.0	1.0	net_60_10082_net_90_11013_net_75_10306_net_77_11506	config_three_noise	3
net_75_10306	netmap_config_8	clustering_score_leiden.json	1.0	91204	175	175	1.0	1.0	net_60_10082_net_90_11013_net_75_10306_net_77_11506	config_three_noise	3
net_90_11013	netmap_config_8	clustering_score_leiden.json	1.0	91204	216	216	1.0	1.0	net_60_10082_net_90_11013_net_75_10306_net_77_11506	config_three_noise	3
net_60_10082	netmap_config_9	clustering_score_leiden.json	1.0	91204	104	104	1.0	1.0	net_60_10082_net_90_11013_net_75_10306_net_77_11506	config_three_noise	3
net_75_10306	netmap_config_9	clustering_score_leiden.json	1.0	91204	175	175	1.0	1.0	net_60_10082_net_90_11013_net_75_10306_net_77_11506	config_three_noise	3
net_90_11013	netmap_config_9	clustering_score_leiden.json	1.0	91204	216	216	1.0	1.0	net_60_10082_net_90_11013_net_75_10306_net_77_11506	config_three_noise	3
net_60_10082	netmap_ensemble_nb_mean	clustering_score_leiden.json	1.0	91204	104	104	1.0	1.0	net_60_10082_net_90_11013_net_75_10306_net_77_11506	config_three_noise	3
net_75_10306	netmap_ensemble_nb_mean	clustering_score_leiden.json	1.0	91204	175	175	1.0	1.0	net_60_10082_net_90_11013_net_75_10306_net_77_11506	config_three_noise	3
net_90_11013	netmap_ensemble_nb_mean	clustering_score_leiden.json	1.0	91204	216	216	1.0	1.0	net_60_10082_net_90_11013_net_75_10306_net_77_11506	config_three_noise	3
net_60_10082	netmap_ensemble_nb_median	clustering_score_leiden.json	1.0	91204	104	104	1.0	1.0	net_60_10082_net_90_11013_net_75_10306_net_77_11506	config_three_noise	3
net_75_10306	netmap_ensemble_nb_median	clustering_score_leiden.json	1.0	91204	175	175	1.0	1.0	net_60_10082_net_90_11013_net_75_10306_net_77_11506	config_three_noise	3
net_90_11013	netmap_ensemble_nb_median	clustering_score_leiden.json	1.0	91204	216	216	1.0	1.0	net_60_10082_net_90_11013_net_75_10306_net_77_11506	config_three_noise	3
net_60_10082	netmap_ensemble_zinb_mean	clustering_score_leiden.json	1.0	91204	104	104	1.0	1.0	net_60_10082_net_90_11013_net_75_10306_net_77_11506	config_three_noise	3
net_75_10306	netmap_ensemble_zinb_mean	clustering_score_leiden.json	1.0	91204	175	175	1.0	1.0	net_60_10082_net_90_11013_net_75_10306_net_77_11506	config_three_noise	3
net_90_11013	netmap_ensemble_zinb_mean	clustering_score_leiden.json	1.0	91204	216	216	1.0	1.0	net_60_10082_net_90_11013_net_75_10306_net_77_11506	config_three_noise	3
net_60_10082	netmap_ensemble_zinb_median	clustering_score_leiden.json	1.0	91204	104	104	1.0	1.0	net_60_10082_net_90_11013_net_75_10306_net_77_11506	config_three_noise	3
net_75_10306	netmap_ensemble_zinb_median	clustering_score_leiden.json	1.0	91204	175	175	1.0	1.0	net_60_10082_net_90_11013_net_75_10306_net_77_11506	config_three_noise	3
net_90_11013	netmap_ensemble_zinb_median	clustering_score_leiden.json	1.0	91204	216	216	1.0	1.0	net_60_10082_net_90_11013_net_75_10306_net_77_11506	config_three_noise	3
net_60_10082	scgenerai_config	clustering_score_leiden.json		45451	14	104	0.1346153846153846	0.1346153846153846	net_60_10082_net_90_11013_net_75_10306_net_77_11506	config_three_noise	3
net_75_10306	scgenerai_config	clustering_score_leiden.json		45451	123	175	0.7028571428571428	0.7028571428571428	net_60_10082_net_90_11013_net_75_10306_net_77_11506	config_three_noise	3
net_90_11013	scgenerai_config	clustering_score_leiden.json		45451	126	216	0.5833333333333334	0.5833333333333334	net_60_10082_net_90_11013_net_75_10306_net_77_11506	config_three_noise	3
net_84_10865	netmap_config_1	clustering_score_leiden.json	1.0	103684	154	154	1.0	1.0	net_84_10865_net_88_10937_net_90_11013_net_60_10703	config_three_noise	3
net_88_10937	netmap_config_1	clustering_score_leiden.json	1.0	103684	184	184	1.0	1.0	net_84_10865_net_88_10937_net_90_11013_net_60_10703	config_three_noise	3
net_90_11013	netmap_config_1	clustering_score_leiden.json	1.0	103684	216	216	1.0	1.0	net_84_10865_net_88_10937_net_90_11013_net_60_10703	config_three_noise	3
net_84_10865	netmap_config_2	clustering_score_leiden.json		103684	154	154	1.0	1.0	net_84_10865_net_88_10937_net_90_11013_net_60_10703	config_three_noise	3
net_88_10937	netmap_config_2	clustering_score_leiden.json		103684	184	184	1.0	1.0	net_84_10865_net_88_10937_net_90_11013_net_60_10703	config_three_noise	3
net_90_11013	netmap_config_2	clustering_score_leiden.json		103684	216	216	1.0	1.0	net_84_10865_net_88_10937_net_90_11013_net_60_10703	config_three_noise	3
net_84_10865	netmap_config_3	clustering_score_leiden.json		103684	154	154	1.0	1.0	net_84_10865_net_88_10937_net_90_11013_net_60_10703	config_three_noise	3
net_88_10937	netmap_config_3	clustering_score_leiden.json		103684	184	184	1.0	1.0	net_84_10865_net_88_10937_net_90_11013_net_60_10703	config_three_noise	3
net_90_11013	netmap_config_3	clustering_score_leiden.json		103684	216	216	1.0	1.0	net_84_10865_net_88_10937_net_90_11013_net_60_10703	config_three_noise	3
net_84_10865	netmap_config_4	clustering_score_leiden.json		103684	154	154	1.0	1.0	net_84_10865_net_88_10937_net_90_11013_net_60_10703	config_three_noise	3
net_88_10937	netmap_config_4	clustering_score_leiden.json		103684	184	184	1.0	1.0	net_84_10865_net_88_10937_net_90_11013_net_60_10703	config_three_noise	3
net_90_11013	netmap_config_4	clustering_score_leiden.json		103684	216	216	1.0	1.0	net_84_10865_net_88_10937_net_90_11013_net_60_10703	config_three_noise	3
net_84_10865	netmap_config_5	clustering_score_leiden.json		103684	154	154	1.0	1.0	net_84_10865_net_88_10937_net_90_11013_net_60_10703	config_three_noise	3
net_88_10937	netmap_config_5	clustering_score_leiden.json		103684	184	184	1.0	1.0	net_84_10865_net_88_10937_net_90_11013_net_60_10703	config_three_noise	3
net_90_11013	netmap_config_5	clustering_score_leiden.json		103684	216	216	1.0	1.0	net_84_10865_net_88_10937_net_90_11013_net_60_10703	config_three_noise	3
net_84_10865	netmap_config_6	clustering_score_leiden.json	1.0	103684	154	154	1.0	1.0	net_84_10865_net_88_10937_net_90_11013_net_60_10703	config_three_noise	3
net_88_10937	netmap_config_6	clustering_score_leiden.json	1.0	103684	184	184	1.0	1.0	net_84_10865_net_88_10937_net_90_11013_net_60_10703	config_three_noise	3
net_90_11013	netmap_config_6	clustering_score_leiden.json	1.0	103684	216	216	1.0	1.0	net_84_10865_net_88_10937_net_90_11013_net_60_10703	config_three_noise	3
net_84_10865	netmap_config_7	clustering_score_leiden.json		103684	154	154	1.0	1.0	net_84_10865_net_88_10937_net_90_11013_net_60_10703	config_three_noise	3
net_88_10937	netmap_config_7	clustering_score_leiden.json		103684	184	184	1.0	1.0	net_84_10865_net_88_10937_net_90_11013_net_60_10703	config_three_noise	3
net_90_11013	netmap_config_7	clustering_score_leiden.json		103684	216	216	1.0	1.0	net_84_10865_net_88_10937_net_90_11013_net_60_10703	config_three_noise	3
net_84_10865	netmap_config_8	clustering_score_leiden.json		103684	154	154	1.0	1.0	net_84_10865_net_88_10937_net_90_11013_net_60_10703	config_three_noise	3
net_88_10937	netmap_config_8	clustering_score_leiden.json		103684	184	184	1.0	1.0	net_84_10865_net_88_10937_net_90_11013_net_60_10703	config_three_noise	3
net_90_11013	netmap_config_8	clustering_score_leiden.json		103684	216	216	1.0	1.0	net_84_10865_net_88_10937_net_90_11013_net_60_10703	config_three_noise	3
net_84_10865	netmap_config_9	clustering_score_leiden.json		103684	154	154	1.0	1.0	net_84_10865_net_88_10937_net_90_11013_net_60_10703	config_three_noise	3
net_88_10937	netmap_config_9	clustering_score_leiden.json		103684	184	184	1.0	1.0	net_84_10865_net_88_10937_net_90_11013_net_60_10703	config_three_noise	3
net_90_11013	netmap_config_9	clustering_score_leiden.json		103684	216	216	1.0	1.0	net_84_10865_net_88_10937_net_90_11013_net_60_10703	config_three_noise	3
net_84_10865	netmap_ensemble_nb_mean	clustering_score_leiden.json		103684	154	154	1.0	1.0	net_84_10865_net_88_10937_net_90_11013_net_60_10703	config_three_noise	3
net_88_10937	netmap_ensemble_nb_mean	clustering_score_leiden.json		103684	184	184	1.0	1.0	net_84_10865_net_88_10937_net_90_11013_net_60_10703	config_three_noise	3
net_90_11013	netmap_ensemble_nb_mean	clustering_score_leiden.json		103684	216	216	1.0	1.0	net_84_10865_net_88_10937_net_90_11013_net_60_10703	config_three_noise	3
net_84_10865	netmap_ensemble_nb_median	clustering_score_leiden.json	1.0	103684	154	154	1.0	1.0	net_84_10865_net_88_10937_net_90_11013_net_60_10703	config_three_noise	3
net_88_10937	netmap_ensemble_nb_median	clustering_score_leiden.json	1.0	103684	184	184	1.0	1.0	net_84_10865_net_88_10937_net_90_11013_net_60_10703	config_three_noise	3
net_90_11013	netmap_ensemble_nb_median	clustering_score_leiden.json	1.0	103684	216	216	1.0	1.0	net_84_10865_net_88_10937_net_90_11013_net_60_10703	config_three_noise	3
net_84_10865	netmap_ensemble_zinb_mean	clustering_score_leiden.json		103684	154	154	1.0	1.0	net_84_10865_net_88_10937_net_90_11013_net_60_10703	config_three_noise	3
net_88_10937	netmap_ensemble_zinb_mean	clustering_score_leiden.json		103684	184	184	1.0	1.0	net_84_10865_net_88_10937_net_90_11013_net_60_10703	config_three_noise	3
net_90_11013	netmap_ensemble_zinb_mean	clustering_score_leiden.json		103684	216	216	1.0	1.0	net_84_10865_net_88_10937_net_90_11013_net_60_10703	config_three_noise	3
net_84_10865	netmap_ensemble_zinb_median	clustering_score_leiden.json	1.0	103684	154	154	1.0	1.0	net_84_10865_net_88_10937_net_90_11013_net_60_10703	config_three_noise	3
net_88_10937	netmap_ensemble_zinb_median	clustering_score_leiden.json	1.0	103684	184	184	1.0	1.0	net_84_10865_net_88_10937_net_90_11013_net_60_10703	config_three_noise	3
net_90_11013	netmap_ensemble_zinb_median	clustering_score_leiden.json	1.0	103684	216	216	1.0	1.0	net_84_10865_net_88_10937_net_90_11013_net_60_10703	config_three_noise	3
net_84_10865	scgenerai_config	clustering_score_leiden.json		51681	86	154	0.5584415584415584	0.5584415584415584	net_84_10865_net_88_10937_net_90_11013_net_60_10703	config_three_noise	3
net_88_10937	scgenerai_config	clustering_score_leiden.json		51681	129	184	0.7010869565217391	0.7010869565217391	net_84_10865_net_88_10937_net_90_11013_net_60_10703	config_three_noise	3
net_90_11013	scgenerai_config	clustering_score_leiden.json		51681	126	216	0.5833333333333334	0.5833333333333334	net_84_10865_net_88_10937_net_90_11013_net_60_10703	config_three_noise	3
net_115_11153	netmap_config_1	clustering_score_leiden.json	1.0	155236	117	117	1.0	1.0	net_141_11706_net_81_10586_net_115_11153_net_57_10409	config_three_noise	3
net_141_11706	netmap_config_1	clustering_score_leiden.json	1.0	155236	175	175	1.0	1.0	net_141_11706_net_81_10586_net_115_11153_net_57_10409	config_three_noise	3
net_81_10586	netmap_config_1	clustering_score_leiden.json	1.0	155236	101	101	1.0	1.0	net_141_11706_net_81_10586_net_115_11153_net_57_10409	config_three_noise	3
net_115_11153	netmap_config_2	clustering_score_leiden.json		155236	117	117	1.0	1.0	net_141_11706_net_81_10586_net_115_11153_net_57_10409	config_three_noise	3
net_141_11706	netmap_config_2	clustering_score_leiden.json		155236	175	175	1.0	1.0	net_141_11706_net_81_10586_net_115_11153_net_57_10409	config_three_noise	3
net_81_10586	netmap_config_2	clustering_score_leiden.json		155236	101	101	1.0	1.0	net_141_11706_net_81_10586_net_115_11153_net_57_10409	config_three_noise	3
net_115_11153	netmap_config_3	clustering_score_leiden.json		155236	117	117	1.0	1.0	net_141_11706_net_81_10586_net_115_11153_net_57_10409	config_three_noise	3
net_141_11706	netmap_config_3	clustering_score_leiden.json		155236	175	175	1.0	1.0	net_141_11706_net_81_10586_net_115_11153_net_57_10409	config_three_noise	3
net_81_10586	netmap_config_3	clustering_score_leiden.json		155236	101	101	1.0	1.0	net_141_11706_net_81_10586_net_115_11153_net_57_10409	config_three_noise	3
net_115_11153	netmap_config_4	clustering_score_leiden.json	1.0	155236	117	117	1.0	1.0	net_141_11706_net_81_10586_net_115_11153_net_57_10409	config_three_noise	3
net_141_11706	netmap_config_4	clustering_score_leiden.json	1.0	155236	175	175	1.0	1.0	net_141_11706_net_81_10586_net_115_11153_net_57_10409	config_three_noise	3
net_81_10586	netmap_config_4	clustering_score_leiden.json	1.0	155236	101	101	1.0	1.0	net_141_11706_net_81_10586_net_115_11153_net_57_10409	config_three_noise	3
net_115_11153	netmap_config_5	clustering_score_leiden.json	1.0	155236	117	117	1.0	1.0	net_141_11706_net_81_10586_net_115_11153_net_57_10409	config_three_noise	3
net_141_11706	netmap_config_5	clustering_score_leiden.json	1.0	155236	175	175	1.0	1.0	net_141_11706_net_81_10586_net_115_11153_net_57_10409	config_three_noise	3
net_81_10586	netmap_config_5	clustering_score_leiden.json	1.0	155236	101	101	1.0	1.0	net_141_11706_net_81_10586_net_115_11153_net_57_10409	config_three_noise	3
net_115_11153	netmap_config_6	clustering_score_leiden.json	1.0	155236	117	117	1.0	1.0	net_141_11706_net_81_10586_net_115_11153_net_57_10409	config_three_noise	3
net_141_11706	netmap_config_6	clustering_score_leiden.json	1.0	155236	175	175	1.0	1.0	net_141_11706_net_81_10586_net_115_11153_net_57_10409	config_three_noise	3
net_81_10586	netmap_config_6	clustering_score_leiden.json	1.0	155236	101	101	1.0	1.0	net_141_11706_net_81_10586_net_115_11153_net_57_10409	config_three_noise	3
net_115_11153	netmap_config_7	clustering_score_leiden.json		155236	117	117	1.0	1.0	net_141_11706_net_81_10586_net_115_11153_net_57_10409	config_three_noise	3
net_141_11706	netmap_config_7	clustering_score_leiden.json		155236	175	175	1.0	1.0	net_141_11706_net_81_10586_net_115_11153_net_57_10409	config_three_noise	3
net_81_10586	netmap_config_7	clustering_score_leiden.json		155236	101	101	1.0	1.0	net_141_11706_net_81_10586_net_115_11153_net_57_10409	config_three_noise	3
net_115_11153	netmap_config_8	clustering_score_leiden.json		155236	117	117	1.0	1.0	net_141_11706_net_81_10586_net_115_11153_net_57_10409	config_three_noise	3
net_141_11706	netmap_config_8	clustering_score_leiden.json		155236	175	175	1.0	1.0	net_141_11706_net_81_10586_net_115_11153_net_57_10409	config_three_noise	3
net_81_10586	netmap_config_8	clustering_score_leiden.json		155236	101	101	1.0	1.0	net_141_11706_net_81_10586_net_115_11153_net_57_10409	config_three_noise	3
net_115_11153	netmap_config_9	clustering_score_leiden.json		155236	117	117	1.0	1.0	net_141_11706_net_81_10586_net_115_11153_net_57_10409	config_three_noise	3
net_141_11706	netmap_config_9	clustering_score_leiden.json		155236	175	175	1.0	1.0	net_141_11706_net_81_10586_net_115_11153_net_57_10409	config_three_noise	3
net_81_10586	netmap_config_9	clustering_score_leiden.json		155236	101	101	1.0	1.0	net_141_11706_net_81_10586_net_115_11153_net_57_10409	config_three_noise	3
net_115_11153	netmap_ensemble_nb_mean	clustering_score_leiden.json		155236	117	117	1.0	1.0	net_141_11706_net_81_10586_net_115_11153_net_57_10409	config_three_noise	3
net_141_11706	netmap_ensemble_nb_mean	clustering_score_leiden.json		155236	175	175	1.0	1.0	net_141_11706_net_81_10586_net_115_11153_net_57_10409	config_three_noise	3
net_81_10586	netmap_ensemble_nb_mean	clustering_score_leiden.json		155236	101	101	1.0	1.0	net_141_11706_net_81_10586_net_115_11153_net_57_10409	config_three_noise	3
net_115_11153	netmap_ensemble_nb_median	clustering_score_leiden.json		155236	117	117	1.0	1.0	net_141_11706_net_81_10586_net_115_11153_net_57_10409	config_three_noise	3
net_141_11706	netmap_ensemble_nb_median	clustering_score_leiden.json		155236	175	175	1.0	1.0	net_141_11706_net_81_10586_net_115_11153_net_57_10409	config_three_noise	3
net_81_10586	netmap_ensemble_nb_median	clustering_score_leiden.json		155236	101	101	1.0	1.0	net_141_11706_net_81_10586_net_115_11153_net_57_10409	config_three_noise	3
net_115_11153	netmap_ensemble_zinb_mean	clustering_score_leiden.json		155236	117	117	1.0	1.0	net_141_11706_net_81_10586_net_115_11153_net_57_10409	config_three_noise	3
net_141_11706	netmap_ensemble_zinb_mean	clustering_score_leiden.json		155236	175	175	1.0	1.0	net_141_11706_net_81_10586_net_115_11153_net_57_10409	config_three_noise	3
net_81_10586	netmap_ensemble_zinb_mean	clustering_score_leiden.json		155236	101	101	1.0	1.0	net_141_11706_net_81_10586_net_115_11153_net_57_10409	config_three_noise	3
net_115_11153	netmap_ensemble_zinb_median	clustering_score_leiden.json		155236	117	117	1.0	1.0	net_141_11706_net_81_10586_net_115_11153_net_57_10409	config_three_noise	3
net_141_11706	netmap_ensemble_zinb_median	clustering_score_leiden.json		155236	175	175	1.0	1.0	net_141_11706_net_81_10586_net_115_11153_net_57_10409	config_three_noise	3
net_81_10586	netmap_ensemble_zinb_median	clustering_score_leiden.json		155236	101	101	1.0	1.0	net_141_11706_net_81_10586_net_115_11153_net_57_10409	config_three_noise	3
net_115_11153	scgenerai_config	clustering_score_leiden.json	0.334	77421	14	117	0.11965811965811966	0.11965811965811966	net_141_11706_net_81_10586_net_115_11153_net_57_10409	config_three_noise	3
net_141_11706	scgenerai_config	clustering_score_leiden.json	0.334	77421	127	175	0.7257142857142858	0.7257142857142858	net_141_11706_net_81_10586_net_115_11153_net_57_10409	config_three_noise	3
net_81_10586	scgenerai_config	clustering_score_leiden.json	0.334	77421	51	101	0.504950495049505	0.504950495049505	net_141_11706_net_81_10586_net_115_11153_net_57_10409	config_three_noise	3
net_141_11706	netmap_config_1	clustering_score_leiden.json	1.0	104329	175	175	1.0	1.0	net_141_11706_net_61_10737_net_70_11670_net_51_10906	config_three_noise	3
net_61_10737	netmap_config_1	clustering_score_leiden.json	1.0	104329	132	132	1.0	1.0	net_141_11706_net_61_10737_net_70_11670_net_51_10906	config_three_noise	3
net_70_11670	netmap_config_1	clustering_score_leiden.json	1.0	104329	80	80	1.0	1.0	net_141_11706_net_61_10737_net_70_11670_net_51_10906	config_three_noise	3
net_141_11706	netmap_config_2	clustering_score_leiden.json	1.0	104329	175	175	1.0	1.0	net_141_11706_net_61_10737_net_70_11670_net_51_10906	config_three_noise	3
net_61_10737	netmap_config_2	clustering_score_leiden.json	1.0	104329	132	132	1.0	1.0	net_141_11706_net_61_10737_net_70_11670_net_51_10906	config_three_noise	3
net_70_11670	netmap_config_2	clustering_score_leiden.json	1.0	104329	80	80	1.0	1.0	net_141_11706_net_61_10737_net_70_11670_net_51_10906	config_three_noise	3
net_141_11706	netmap_config_3	clustering_score_leiden.json	1.0	104329	175	175	1.0	1.0	net_141_11706_net_61_10737_net_70_11670_net_51_10906	config_three_noise	3
net_61_10737	netmap_config_3	clustering_score_leiden.json	1.0	104329	132	132	1.0	1.0	net_141_11706_net_61_10737_net_70_11670_net_51_10906	config_three_noise	3
net_70_11670	netmap_config_3	clustering_score_leiden.json	1.0	104329	80	80	1.0	1.0	net_141_11706_net_61_10737_net_70_11670_net_51_10906	config_three_noise	3
net_141_11706	netmap_config_4	clustering_score_leiden.json	1.0	104329	175	175	1.0	1.0	net_141_11706_net_61_10737_net_70_11670_net_51_10906	config_three_noise	3
net_61_10737	netmap_config_4	clustering_score_leiden.json	1.0	104329	132	132	1.0	1.0	net_141_11706_net_61_10737_net_70_11670_net_51_10906	config_three_noise	3
net_70_11670	netmap_config_4	clustering_score_leiden.json	1.0	104329	80	80	1.0	1.0	net_141_11706_net_61_10737_net_70_11670_net_51_10906	config_three_noise	3
net_141_11706	netmap_config_5	clustering_score_leiden.json	1.0	104329	175	175	1.0	1.0	net_141_11706_net_61_10737_net_70_11670_net_51_10906	config_three_noise	3
net_61_10737	netmap_config_5	clustering_score_leiden.json	1.0	104329	132	132	1.0	1.0	net_141_11706_net_61_10737_net_70_11670_net_51_10906	config_three_noise	3
net_70_11670	netmap_config_5	clustering_score_leiden.json	1.0	104329	80	80	1.0	1.0	net_141_11706_net_61_10737_net_70_11670_net_51_10906	config_three_noise	3
net_141_11706	netmap_config_6	clustering_score_leiden.json	1.0	104329	175	175	1.0	1.0	net_141_11706_net_61_10737_net_70_11670_net_51_10906	config_three_noise	3
net_61_10737	netmap_config_6	clustering_score_leiden.json	1.0	104329	132	132	1.0	1.0	net_141_11706_net_61_10737_net_70_11670_net_51_10906	config_three_noise	3
net_70_11670	netmap_config_6	clustering_score_leiden.json	1.0	104329	80	80	1.0	1.0	net_141_11706_net_61_10737_net_70_11670_net_51_10906	config_three_noise	3
net_141_11706	netmap_config_7	clustering_score_leiden.json	1.0	104329	175	175	1.0	1.0	net_141_11706_net_61_10737_net_70_11670_net_51_10906	config_three_noise	3
net_61_10737	netmap_config_7	clustering_score_leiden.json	1.0	104329	132	132	1.0	1.0	net_141_11706_net_61_10737_net_70_11670_net_51_10906	config_three_noise	3
net_70_11670	netmap_config_7	clustering_score_leiden.json	1.0	104329	80	80	1.0	1.0	net_141_11706_net_61_10737_net_70_11670_net_51_10906	config_three_noise	3
net_141_11706	netmap_config_8	clustering_score_leiden.json	1.0	104329	175	175	1.0	1.0	net_141_11706_net_61_10737_net_70_11670_net_51_10906	config_three_noise	3
net_61_10737	netmap_config_8	clustering_score_leiden.json	1.0	104329	132	132	1.0	1.0	net_141_11706_net_61_10737_net_70_11670_net_51_10906	config_three_noise	3
net_70_11670	netmap_config_8	clustering_score_leiden.json	1.0	104329	80	80	1.0	1.0	net_141_11706_net_61_10737_net_70_11670_net_51_10906	config_three_noise	3
net_141_11706	netmap_config_9	clustering_score_leiden.json	1.0	104329	175	175	1.0	1.0	net_141_11706_net_61_10737_net_70_11670_net_51_10906	config_three_noise	3
net_61_10737	netmap_config_9	clustering_score_leiden.json	1.0	104329	132	132	1.0	1.0	net_141_11706_net_61_10737_net_70_11670_net_51_10906	config_three_noise	3
net_70_11670	netmap_config_9	clustering_score_leiden.json	1.0	104329	80	80	1.0	1.0	net_141_11706_net_61_10737_net_70_11670_net_51_10906	config_three_noise	3
net_141_11706	netmap_ensemble_nb_mean	clustering_score_leiden.json	1.0	104329	175	175	1.0	1.0	net_141_11706_net_61_10737_net_70_11670_net_51_10906	config_three_noise	3
net_61_10737	netmap_ensemble_nb_mean	clustering_score_leiden.json	1.0	104329	132	132	1.0	1.0	net_141_11706_net_61_10737_net_70_11670_net_51_10906	config_three_noise	3
net_70_11670	netmap_ensemble_nb_mean	clustering_score_leiden.json	1.0	104329	80	80	1.0	1.0	net_141_11706_net_61_10737_net_70_11670_net_51_10906	config_three_noise	3
net_141_11706	netmap_ensemble_nb_median	clustering_score_leiden.json	1.0	104329	175	175	1.0	1.0	net_141_11706_net_61_10737_net_70_11670_net_51_10906	config_three_noise	3
net_61_10737	netmap_ensemble_nb_median	clustering_score_leiden.json	1.0	104329	132	132	1.0	1.0	net_141_11706_net_61_10737_net_70_11670_net_51_10906	config_three_noise	3
net_70_11670	netmap_ensemble_nb_median	clustering_score_leiden.json	1.0	104329	80	80	1.0	1.0	net_141_11706_net_61_10737_net_70_11670_net_51_10906	config_three_noise	3
net_141_11706	netmap_ensemble_zinb_mean	clustering_score_leiden.json	1.0	104329	175	175	1.0	1.0	net_141_11706_net_61_10737_net_70_11670_net_51_10906	config_three_noise	3
net_61_10737	netmap_ensemble_zinb_mean	clustering_score_leiden.json	1.0	104329	132	132	1.0	1.0	net_141_11706_net_61_10737_net_70_11670_net_51_10906	config_three_noise	3
net_70_11670	netmap_ensemble_zinb_mean	clustering_score_leiden.json	1.0	104329	80	80	1.0	1.0	net_141_11706_net_61_10737_net_70_11670_net_51_10906	config_three_noise	3
net_141_11706	netmap_ensemble_zinb_median	clustering_score_leiden.json	1.0	104329	175	175	1.0	1.0	net_141_11706_net_61_10737_net_70_11670_net_51_10906	config_three_noise	3
net_61_10737	netmap_ensemble_zinb_median	clustering_score_leiden.json	1.0	104329	132	132	1.0	1.0	net_141_11706_net_61_10737_net_70_11670_net_51_10906	config_three_noise	3
net_70_11670	netmap_ensemble_zinb_median	clustering_score_leiden.json	1.0	104329	80	80	1.0	1.0	net_141_11706_net_61_10737_net_70_11670_net_51_10906	config_three_noise	3
net_141_11706	scgenerai_config	clustering_score_leiden.json	0.334	52003	127	175	0.7257142857142858	0.7257142857142858	net_141_11706_net_61_10737_net_70_11670_net_51_10906	config_three_noise	3
net_61_10737	scgenerai_config	clustering_score_leiden.json	0.334	52003	80	132	0.6060606060606061	0.6060606060606061	net_141_11706_net_61_10737_net_70_11670_net_51_10906	config_three_noise	3
net_70_11670	scgenerai_config	clustering_score_leiden.json	0.334	52003	47	80	0.5875	0.5875	net_141_11706_net_61_10737_net_70_11670_net_51_10906	config_three_noise	3
