,method,clustering_score,training_time,inference_time,dataset
0,GuidedBackprop_64_1_0_NegativeBinomialAutoencoder_zeros,1.0,252.47279800899923,111.5673365540024,net_84_10865_net_88_10937_net_90_11013
1,GradientShap_64_1_0_NegativeBinomialAutoencoder_zeros,1.0,252.47279800899923,213.55216339899926,net_84_10865_net_88_10937_net_90_11013
2,GradientShap_64_1_0_NegativeBinomialAutoencoder_randomize,1.0,252.47279800899923,216.65823235100106,net_84_10865_net_88_10937_net_90_11013
3,GradientShap_64_1_0_NegativeBinomialAutoencoder_data,1.0,252.47279800899923,216.56428797699846,net_84_10865_net_88_10937_net_90_11013
4,Deconvolution_64_1_0_NegativeBinomialAutoencoder_zeros,1.0,252.47279800899923,105.253250578,net_84_10865_net_88_10937_net_90_11013
5,GuidedBackprop_64_1_0_ZINBAutoencoder_zeros,0.506,385.3434171700028,112.8302008339997,net_84_10865_net_88_10937_net_90_11013
6,GradientShap_64_1_0_ZINBAutoencoder_zeros,0.506,385.3434171700028,211.56180244600182,net_84_10865_net_88_10937_net_90_11013
7,GradientShap_64_1_0_ZINBAutoencoder_randomize,0.506,385.3434171700028,214.45816854900113,net_84_10865_net_88_10937_net_90_11013
8,GradientShap_64_1_0_ZINBAutoencoder_data,0.506,385.3434171700028,214.63210838099985,net_84_10865_net_88_10937_net_90_11013
9,Deconvolution_64_1_0_ZINBAutoencoder_zeros,0.506,385.3434171700028,106.3346770850003,net_84_10865_net_88_10937_net_90_11013
10,GuidedBackprop_64_1_0.1_NegativeBinomialAutoencoder_zeros,1.0,398.94029103199864,111.86267137699906,net_84_10865_net_88_10937_net_90_11013
11,GradientShap_64_1_0.1_NegativeBinomialAutoencoder_zeros,1.0,398.94029103199864,213.5891850830012,net_84_10865_net_88_10937_net_90_11013
12,GradientShap_64_1_0.1_NegativeBinomialAutoencoder_randomize,1.0,398.94029103199864,212.35550322699783,net_84_10865_net_88_10937_net_90_11013
13,GradientShap_64_1_0.1_NegativeBinomialAutoencoder_data,1.0,398.94029103199864,212.7642478159978,net_84_10865_net_88_10937_net_90_11013
14,Deconvolution_64_1_0.1_NegativeBinomialAutoencoder_zeros,1.0,398.94029103199864,107.19691427399812,net_84_10865_net_88_10937_net_90_11013
15,GuidedBackprop_64_1_0.1_ZINBAutoencoder_zeros,1.0,581.8411953299947,113.0782103149977,net_84_10865_net_88_10937_net_90_11013
16,GradientShap_64_1_0.1_ZINBAutoencoder_zeros,1.0,581.8411953299947,216.1644846880008,net_84_10865_net_88_10937_net_90_11013
17,GradientShap_64_1_0.1_ZINBAutoencoder_randomize,1.0,581.8411953299947,213.7309580459987,net_84_10865_net_88_10937_net_90_11013
18,GradientShap_64_1_0.1_ZINBAutoencoder_data,1.0,581.8411953299947,212.37893082100345,net_84_10865_net_88_10937_net_90_11013
19,Deconvolution_64_1_0.1_ZINBAutoencoder_zeros,1.0,581.8411953299947,104.18691891799972,net_84_10865_net_88_10937_net_90_11013
20,GuidedBackprop_64_2_0_NegativeBinomialAutoencoder_zeros,1.0,261.92319919700094,112.5861785560046,net_84_10865_net_88_10937_net_90_11013
21,GradientShap_64_2_0_NegativeBinomialAutoencoder_zeros,1.0,261.92319919700094,214.33490451300167,net_84_10865_net_88_10937_net_90_11013
22,GradientShap_64_2_0_NegativeBinomialAutoencoder_randomize,1.0,261.92319919700094,212.37562984100077,net_84_10865_net_88_10937_net_90_11013
23,GradientShap_64_2_0_NegativeBinomialAutoencoder_data,1.0,261.92319919700094,213.29814154299675,net_84_10865_net_88_10937_net_90_11013
24,Deconvolution_64_2_0_NegativeBinomialAutoencoder_zeros,1.0,261.92319919700094,108.93207323100069,net_84_10865_net_88_10937_net_90_11013
25,GuidedBackprop_64_2_0_ZINBAutoencoder_zeros,1.0,385.33802640999784,112.8093018599975,net_84_10865_net_88_10937_net_90_11013
26,GradientShap_64_2_0_ZINBAutoencoder_zeros,1.0,385.33802640999784,216.15071905799414,net_84_10865_net_88_10937_net_90_11013
27,GradientShap_64_2_0_ZINBAutoencoder_randomize,1.0,385.33802640999784,212.0389980129985,net_84_10865_net_88_10937_net_90_11013
28,GradientShap_64_2_0_ZINBAutoencoder_data,1.0,385.33802640999784,214.11839120699733,net_84_10865_net_88_10937_net_90_11013
29,Deconvolution_64_2_0_ZINBAutoencoder_zeros,1.0,385.33802640999784,107.13599793700268,net_84_10865_net_88_10937_net_90_11013
30,GuidedBackprop_64_2_0.1_NegativeBinomialAutoencoder_zeros,1.0,277.9652081669992,113.9808166369985,net_84_10865_net_88_10937_net_90_11013
31,GradientShap_64_2_0.1_NegativeBinomialAutoencoder_zeros,1.0,277.9652081669992,214.1294207940009,net_84_10865_net_88_10937_net_90_11013
32,GradientShap_64_2_0.1_NegativeBinomialAutoencoder_randomize,1.0,277.9652081669992,213.30165256300097,net_84_10865_net_88_10937_net_90_11013
33,GradientShap_64_2_0.1_NegativeBinomialAutoencoder_data,1.0,277.9652081669992,213.23523415900127,net_84_10865_net_88_10937_net_90_11013
34,Deconvolution_64_2_0.1_NegativeBinomialAutoencoder_zeros,1.0,277.9652081669992,104.4342693189974,net_84_10865_net_88_10937_net_90_11013
35,GuidedBackprop_64_2_0.1_ZINBAutoencoder_zeros,1.0,403.6204876180054,114.30348950999905,net_84_10865_net_88_10937_net_90_11013
36,GradientShap_64_2_0.1_ZINBAutoencoder_zeros,1.0,403.6204876180054,212.61509314199793,net_84_10865_net_88_10937_net_90_11013
37,GradientShap_64_2_0.1_ZINBAutoencoder_randomize,1.0,403.6204876180054,212.04851342599432,net_84_10865_net_88_10937_net_90_11013
38,GradientShap_64_2_0.1_ZINBAutoencoder_data,1.0,403.6204876180054,213.1726963159963,net_84_10865_net_88_10937_net_90_11013
39,Deconvolution_64_2_0.1_ZINBAutoencoder_zeros,1.0,403.6204876180054,106.65748695000366,net_84_10865_net_88_10937_net_90_11013
40,GuidedBackprop_64_3_0_NegativeBinomialAutoencoder_zeros,1.0,328.84291861399834,114.96859603699704,net_84_10865_net_88_10937_net_90_11013
41,GradientShap_64_3_0_NegativeBinomialAutoencoder_zeros,1.0,328.84291861399834,215.94156340900372,net_84_10865_net_88_10937_net_90_11013
42,GradientShap_64_3_0_NegativeBinomialAutoencoder_randomize,1.0,328.84291861399834,214.31595609500073,net_84_10865_net_88_10937_net_90_11013
43,GradientShap_64_3_0_NegativeBinomialAutoencoder_data,1.0,328.84291861399834,212.3720110610011,net_84_10865_net_88_10937_net_90_11013
44,Deconvolution_64_3_0_NegativeBinomialAutoencoder_zeros,1.0,328.84291861399834,109.14284961900557,net_84_10865_net_88_10937_net_90_11013
45,GuidedBackprop_64_3_0_ZINBAutoencoder_zeros,1.0,457.9463335469991,116.19595920100255,net_84_10865_net_88_10937_net_90_11013
46,GradientShap_64_3_0_ZINBAutoencoder_zeros,1.0,457.9463335469991,216.36043908599822,net_84_10865_net_88_10937_net_90_11013
47,GradientShap_64_3_0_ZINBAutoencoder_randomize,1.0,457.9463335469991,214.98066291699797,net_84_10865_net_88_10937_net_90_11013
48,GradientShap_64_3_0_ZINBAutoencoder_data,1.0,457.9463335469991,215.1826207990016,net_84_10865_net_88_10937_net_90_11013
49,Deconvolution_64_3_0_ZINBAutoencoder_zeros,1.0,457.9463335469991,111.2807896239974,net_84_10865_net_88_10937_net_90_11013
50,GuidedBackprop_64_3_0.1_NegativeBinomialAutoencoder_zeros,1.0,226.14681064899924,114.78438345099858,net_84_10865_net_88_10937_net_90_11013
51,GradientShap_64_3_0.1_NegativeBinomialAutoencoder_zeros,1.0,226.14681064899924,214.93684852600563,net_84_10865_net_88_10937_net_90_11013
52,GradientShap_64_3_0.1_NegativeBinomialAutoencoder_randomize,1.0,226.14681064899924,213.86403336699732,net_84_10865_net_88_10937_net_90_11013
53,GradientShap_64_3_0.1_NegativeBinomialAutoencoder_data,1.0,226.14681064899924,214.49196133000078,net_84_10865_net_88_10937_net_90_11013
54,Deconvolution_64_3_0.1_NegativeBinomialAutoencoder_zeros,1.0,226.14681064899924,107.33772033800051,net_84_10865_net_88_10937_net_90_11013
55,GuidedBackprop_64_3_0.1_ZINBAutoencoder_zeros,1.0,307.50598685500154,116.353652263002,net_84_10865_net_88_10937_net_90_11013
56,GradientShap_64_3_0.1_ZINBAutoencoder_zeros,1.0,307.50598685500154,218.3431641490024,net_84_10865_net_88_10937_net_90_11013
57,GradientShap_64_3_0.1_ZINBAutoencoder_randomize,1.0,307.50598685500154,215.7124694479935,net_84_10865_net_88_10937_net_90_11013
58,GradientShap_64_3_0.1_ZINBAutoencoder_data,1.0,307.50598685500154,213.39947135400143,net_84_10865_net_88_10937_net_90_11013
59,Deconvolution_64_3_0.1_ZINBAutoencoder_zeros,1.0,307.50598685500154,109.21810225700028,net_84_10865_net_88_10937_net_90_11013
60,GuidedBackprop_32_1_0_NegativeBinomialAutoencoder_zeros,1.0,319.6327427549986,111.12649565700121,net_84_10865_net_88_10937_net_90_11013
61,GradientShap_32_1_0_NegativeBinomialAutoencoder_zeros,1.0,319.6327427549986,213.91991678799968,net_84_10865_net_88_10937_net_90_11013
62,GradientShap_32_1_0_NegativeBinomialAutoencoder_randomize,1.0,319.6327427549986,212.23436885500269,net_84_10865_net_88_10937_net_90_11013
63,GradientShap_32_1_0_NegativeBinomialAutoencoder_data,1.0,319.6327427549986,213.36649057199975,net_84_10865_net_88_10937_net_90_11013
64,Deconvolution_32_1_0_NegativeBinomialAutoencoder_zeros,1.0,319.6327427549986,106.89386669199303,net_84_10865_net_88_10937_net_90_11013
65,GuidedBackprop_32_1_0_ZINBAutoencoder_zeros,1.0,469.6742532139979,111.49742518499988,net_84_10865_net_88_10937_net_90_11013
66,GradientShap_32_1_0_ZINBAutoencoder_zeros,1.0,469.6742532139979,213.70028078400355,net_84_10865_net_88_10937_net_90_11013
67,GradientShap_32_1_0_ZINBAutoencoder_randomize,1.0,469.6742532139979,212.62956686699908,net_84_10865_net_88_10937_net_90_11013
68,GradientShap_32_1_0_ZINBAutoencoder_data,1.0,469.6742532139979,211.70286283899623,net_84_10865_net_88_10937_net_90_11013
69,Deconvolution_32_1_0_ZINBAutoencoder_zeros,1.0,469.6742532139979,106.64649946700229,net_84_10865_net_88_10937_net_90_11013
70,GuidedBackprop_32_1_0.1_NegativeBinomialAutoencoder_zeros,1.0,425.3474475250041,111.05711958699976,net_84_10865_net_88_10937_net_90_11013
71,GradientShap_32_1_0.1_NegativeBinomialAutoencoder_zeros,1.0,425.3474475250041,212.75957159999962,net_84_10865_net_88_10937_net_90_11013
72,GradientShap_32_1_0.1_NegativeBinomialAutoencoder_randomize,1.0,425.3474475250041,212.5882408969992,net_84_10865_net_88_10937_net_90_11013
73,GradientShap_32_1_0.1_NegativeBinomialAutoencoder_data,1.0,425.3474475250041,211.93917150099878,net_84_10865_net_88_10937_net_90_11013
74,Deconvolution_32_1_0.1_NegativeBinomialAutoencoder_zeros,1.0,425.3474475250041,106.20648242600146,net_84_10865_net_88_10937_net_90_11013
75,GuidedBackprop_32_1_0.1_ZINBAutoencoder_zeros,1.0,666.223764219998,110.62612953200005,net_84_10865_net_88_10937_net_90_11013
76,GradientShap_32_1_0.1_ZINBAutoencoder_zeros,1.0,666.223764219998,214.69650094899407,net_84_10865_net_88_10937_net_90_11013
77,GradientShap_32_1_0.1_ZINBAutoencoder_randomize,1.0,666.223764219998,211.70392972399713,net_84_10865_net_88_10937_net_90_11013
78,GradientShap_32_1_0.1_ZINBAutoencoder_data,1.0,666.223764219998,213.04257890800363,net_84_10865_net_88_10937_net_90_11013
79,Deconvolution_32_1_0.1_ZINBAutoencoder_zeros,1.0,666.223764219998,105.09491579400492,net_84_10865_net_88_10937_net_90_11013
80,GuidedBackprop_32_2_0_NegativeBinomialAutoencoder_zeros,1.0,329.7875054739998,111.88964174699504,net_84_10865_net_88_10937_net_90_11013
81,GradientShap_32_2_0_NegativeBinomialAutoencoder_zeros,1.0,329.7875054739998,214.7861539450023,net_84_10865_net_88_10937_net_90_11013
82,GradientShap_32_2_0_NegativeBinomialAutoencoder_randomize,1.0,329.7875054739998,211.48844712999562,net_84_10865_net_88_10937_net_90_11013
83,GradientShap_32_2_0_NegativeBinomialAutoencoder_data,1.0,329.7875054739998,211.2028070269953,net_84_10865_net_88_10937_net_90_11013
84,Deconvolution_32_2_0_NegativeBinomialAutoencoder_zeros,1.0,329.7875054739998,106.29647640299663,net_84_10865_net_88_10937_net_90_11013
85,GuidedBackprop_32_2_0_ZINBAutoencoder_zeros,1.0,486.90824371000053,113.13537321199692,net_84_10865_net_88_10937_net_90_11013
86,GradientShap_32_2_0_ZINBAutoencoder_zeros,1.0,486.90824371000053,215.79070992999914,net_84_10865_net_88_10937_net_90_11013
87,GradientShap_32_2_0_ZINBAutoencoder_randomize,1.0,486.90824371000053,210.96528689299885,net_84_10865_net_88_10937_net_90_11013
88,GradientShap_32_2_0_ZINBAutoencoder_data,1.0,486.90824371000053,213.17408550299297,net_84_10865_net_88_10937_net_90_11013
89,Deconvolution_32_2_0_ZINBAutoencoder_zeros,1.0,486.90824371000053,109.18498716600152,net_84_10865_net_88_10937_net_90_11013
90,GuidedBackprop_32_2_0.1_NegativeBinomialAutoencoder_zeros,1.0,354.2685344870042,112.73120577100053,net_84_10865_net_88_10937_net_90_11013
91,GradientShap_32_2_0.1_NegativeBinomialAutoencoder_zeros,1.0,354.2685344870042,215.36339920500177,net_84_10865_net_88_10937_net_90_11013
92,GradientShap_32_2_0.1_NegativeBinomialAutoencoder_randomize,1.0,354.2685344870042,212.0201309230033,net_84_10865_net_88_10937_net_90_11013
93,GradientShap_32_2_0.1_NegativeBinomialAutoencoder_data,1.0,354.2685344870042,213.18716384899744,net_84_10865_net_88_10937_net_90_11013
94,Deconvolution_32_2_0.1_NegativeBinomialAutoencoder_zeros,1.0,354.2685344870042,104.9666788350005,net_84_10865_net_88_10937_net_90_11013
95,GuidedBackprop_32_2_0.1_ZINBAutoencoder_zeros,1.0,478.2075664570002,114.31687100199633,net_84_10865_net_88_10937_net_90_11013
96,GradientShap_32_2_0.1_ZINBAutoencoder_zeros,1.0,478.2075664570002,213.3899759650012,net_84_10865_net_88_10937_net_90_11013
97,GradientShap_32_2_0.1_ZINBAutoencoder_randomize,1.0,478.2075664570002,211.851093502999,net_84_10865_net_88_10937_net_90_11013
98,GradientShap_32_2_0.1_ZINBAutoencoder_data,1.0,478.2075664570002,212.81790768499923,net_84_10865_net_88_10937_net_90_11013
99,Deconvolution_32_2_0.1_ZINBAutoencoder_zeros,1.0,478.2075664570002,104.68424212899845,net_84_10865_net_88_10937_net_90_11013
100,GuidedBackprop_32_3_0_NegativeBinomialAutoencoder_zeros,1.0,435.1504268880017,113.87160878499708,net_84_10865_net_88_10937_net_90_11013
101,GradientShap_32_3_0_NegativeBinomialAutoencoder_zeros,1.0,435.1504268880017,215.8653527409988,net_84_10865_net_88_10937_net_90_11013
102,GradientShap_32_3_0_NegativeBinomialAutoencoder_randomize,1.0,435.1504268880017,214.3327487350034,net_84_10865_net_88_10937_net_90_11013
103,GradientShap_32_3_0_NegativeBinomialAutoencoder_data,1.0,435.1504268880017,214.32315133199882,net_84_10865_net_88_10937_net_90_11013
104,Deconvolution_32_3_0_NegativeBinomialAutoencoder_zeros,1.0,435.1504268880017,110.06540436999785,net_84_10865_net_88_10937_net_90_11013
105,GuidedBackprop_32_3_0_ZINBAutoencoder_zeros,1.0,584.1006437589967,114.42919497100229,net_84_10865_net_88_10937_net_90_11013
106,GradientShap_32_3_0_ZINBAutoencoder_zeros,1.0,584.1006437589967,217.15089994799928,net_84_10865_net_88_10937_net_90_11013
107,GradientShap_32_3_0_ZINBAutoencoder_randomize,1.0,584.1006437589967,212.20056577599462,net_84_10865_net_88_10937_net_90_11013
108,GradientShap_32_3_0_ZINBAutoencoder_data,1.0,584.1006437589967,213.39133258900256,net_84_10865_net_88_10937_net_90_11013
109,Deconvolution_32_3_0_ZINBAutoencoder_zeros,1.0,584.1006437589967,109.95394199900329,net_84_10865_net_88_10937_net_90_11013
110,GuidedBackprop_32_3_0.1_NegativeBinomialAutoencoder_zeros,1.0,310.53645359399525,114.217376943001,net_84_10865_net_88_10937_net_90_11013
111,GradientShap_32_3_0.1_NegativeBinomialAutoencoder_zeros,1.0,310.53645359399525,216.17786318100116,net_84_10865_net_88_10937_net_90_11013
112,GradientShap_32_3_0.1_NegativeBinomialAutoencoder_randomize,1.0,310.53645359399525,212.9124688410011,net_84_10865_net_88_10937_net_90_11013
113,GradientShap_32_3_0.1_NegativeBinomialAutoencoder_data,1.0,310.53645359399525,215.6092254940013,net_84_10865_net_88_10937_net_90_11013
114,Deconvolution_32_3_0.1_NegativeBinomialAutoencoder_zeros,1.0,310.53645359399525,106.87969904700003,net_84_10865_net_88_10937_net_90_11013
115,GuidedBackprop_32_3_0.1_ZINBAutoencoder_zeros,1.0,428.7718890220058,115.94740085500234,net_84_10865_net_88_10937_net_90_11013
116,GradientShap_32_3_0.1_ZINBAutoencoder_zeros,1.0,428.7718890220058,216.81990476200008,net_84_10865_net_88_10937_net_90_11013
117,GradientShap_32_3_0.1_ZINBAutoencoder_randomize,1.0,428.7718890220058,214.9715399390043,net_84_10865_net_88_10937_net_90_11013
118,GradientShap_32_3_0.1_ZINBAutoencoder_data,1.0,428.7718890220058,213.12624255700212,net_84_10865_net_88_10937_net_90_11013
119,Deconvolution_32_3_0.1_ZINBAutoencoder_zeros,1.0,428.7718890220058,108.48667699300131,net_84_10865_net_88_10937_net_90_11013
120,GuidedBackprop_16_1_0_NegativeBinomialAutoencoder_zeros,1.0,394.1589621860039,109.34522876700066,net_84_10865_net_88_10937_net_90_11013
121,GradientShap_16_1_0_NegativeBinomialAutoencoder_zeros,1.0,394.1589621860039,214.43550911700004,net_84_10865_net_88_10937_net_90_11013
122,GradientShap_16_1_0_NegativeBinomialAutoencoder_randomize,1.0,394.1589621860039,212.70894936800323,net_84_10865_net_88_10937_net_90_11013
123,GradientShap_16_1_0_NegativeBinomialAutoencoder_data,1.0,394.1589621860039,212.733177848997,net_84_10865_net_88_10937_net_90_11013
124,Deconvolution_16_1_0_NegativeBinomialAutoencoder_zeros,1.0,394.1589621860039,105.5880764790054,net_84_10865_net_88_10937_net_90_11013
125,GuidedBackprop_16_1_0_ZINBAutoencoder_zeros,0.761,618.7267777059969,109.2487886759991,net_84_10865_net_88_10937_net_90_11013
126,GradientShap_16_1_0_ZINBAutoencoder_zeros,1.0,618.7267777059969,214.1202914050009,net_84_10865_net_88_10937_net_90_11013
127,GradientShap_16_1_0_ZINBAutoencoder_randomize,1.0,618.7267777059969,213.29340676599531,net_84_10865_net_88_10937_net_90_11013
128,GradientShap_16_1_0_ZINBAutoencoder_data,1.0,618.7267777059969,213.18844174299738,net_84_10865_net_88_10937_net_90_11013
129,Deconvolution_16_1_0_ZINBAutoencoder_zeros,1.0,618.7267777059969,106.36814728099853,net_84_10865_net_88_10937_net_90_11013
130,GuidedBackprop_16_1_0.1_NegativeBinomialAutoencoder_zeros,0.603,679.9558473299985,107.35643734400219,net_84_10865_net_88_10937_net_90_11013
131,GradientShap_16_1_0.1_NegativeBinomialAutoencoder_zeros,1.0,679.9558473299985,214.1169227779974,net_84_10865_net_88_10937_net_90_11013
132,GradientShap_16_1_0.1_NegativeBinomialAutoencoder_randomize,1.0,679.9558473299985,211.77441832699697,net_84_10865_net_88_10937_net_90_11013
133,GradientShap_16_1_0.1_NegativeBinomialAutoencoder_data,1.0,679.9558473299985,212.03620319599577,net_84_10865_net_88_10937_net_90_11013
134,Deconvolution_16_1_0.1_NegativeBinomialAutoencoder_zeros,1.0,679.9558473299985,104.99594351901032,net_84_10865_net_88_10937_net_90_11013
135,GuidedBackprop_16_1_0.1_ZINBAutoencoder_zeros,1.0,1076.5794081740023,108.34644843400747,net_84_10865_net_88_10937_net_90_11013
136,GradientShap_16_1_0.1_ZINBAutoencoder_zeros,1.0,1076.5794081740023,213.27830138501304,net_84_10865_net_88_10937_net_90_11013
137,GradientShap_16_1_0.1_ZINBAutoencoder_randomize,1.0,1076.5794081740023,211.808431611993,net_84_10865_net_88_10937_net_90_11013
138,GradientShap_16_1_0.1_ZINBAutoencoder_data,1.0,1076.5794081740023,210.50379621201137,net_84_10865_net_88_10937_net_90_11013
139,Deconvolution_16_1_0.1_ZINBAutoencoder_zeros,1.0,1076.5794081740023,104.21431246300926,net_84_10865_net_88_10937_net_90_11013
140,GuidedBackprop_16_2_0_NegativeBinomialAutoencoder_zeros,1.0,494.3842934830027,111.21484488400165,net_84_10865_net_88_10937_net_90_11013
141,GradientShap_16_2_0_NegativeBinomialAutoencoder_zeros,1.0,494.3842934830027,213.99325078299444,net_84_10865_net_88_10937_net_90_11013
142,GradientShap_16_2_0_NegativeBinomialAutoencoder_randomize,1.0,494.3842934830027,211.13071263200254,net_84_10865_net_88_10937_net_90_11013
143,GradientShap_16_2_0_NegativeBinomialAutoencoder_data,1.0,494.3842934830027,210.70608688899665,net_84_10865_net_88_10937_net_90_11013
144,Deconvolution_16_2_0_NegativeBinomialAutoencoder_zeros,1.0,494.3842934830027,108.71845304399903,net_84_10865_net_88_10937_net_90_11013
145,GuidedBackprop_16_2_0_ZINBAutoencoder_zeros,1.0,753.6981418420037,111.56295436499931,net_84_10865_net_88_10937_net_90_11013
146,GradientShap_16_2_0_ZINBAutoencoder_zeros,1.0,753.6981418420037,212.72130212601041,net_84_10865_net_88_10937_net_90_11013
147,GradientShap_16_2_0_ZINBAutoencoder_randomize,1.0,753.6981418420037,211.65763632899325,net_84_10865_net_88_10937_net_90_11013
148,GradientShap_16_2_0_ZINBAutoencoder_data,1.0,753.6981418420037,212.91813453000213,net_84_10865_net_88_10937_net_90_11013
149,Deconvolution_16_2_0_ZINBAutoencoder_zeros,1.0,753.6981418420037,107.37794619500346,net_84_10865_net_88_10937_net_90_11013
150,GuidedBackprop_16_2_0.1_NegativeBinomialAutoencoder_zeros,1.0,520.210054538009,111.96378468099283,net_84_10865_net_88_10937_net_90_11013
151,GradientShap_16_2_0.1_NegativeBinomialAutoencoder_zeros,1.0,520.210054538009,216.1244733670028,net_84_10865_net_88_10937_net_90_11013
152,GradientShap_16_2_0.1_NegativeBinomialAutoencoder_randomize,1.0,520.210054538009,212.37303793200408,net_84_10865_net_88_10937_net_90_11013
153,GradientShap_16_2_0.1_NegativeBinomialAutoencoder_data,1.0,520.210054538009,211.24489675699442,net_84_10865_net_88_10937_net_90_11013
154,Deconvolution_16_2_0.1_NegativeBinomialAutoencoder_zeros,1.0,520.210054538009,104.11797914000636,net_84_10865_net_88_10937_net_90_11013
155,GuidedBackprop_16_2_0.1_ZINBAutoencoder_zeros,1.0,734.2616972499964,112.70189426999423,net_84_10865_net_88_10937_net_90_11013
156,GradientShap_16_2_0.1_ZINBAutoencoder_zeros,1.0,734.2616972499964,216.13984562500264,net_84_10865_net_88_10937_net_90_11013
157,GradientShap_16_2_0.1_ZINBAutoencoder_randomize,1.0,734.2616972499964,211.9313646780065,net_84_10865_net_88_10937_net_90_11013
158,GradientShap_16_2_0.1_ZINBAutoencoder_data,1.0,734.2616972499964,212.34897181700217,net_84_10865_net_88_10937_net_90_11013
159,Deconvolution_16_2_0.1_ZINBAutoencoder_zeros,1.0,734.2616972499964,106.92936545399425,net_84_10865_net_88_10937_net_90_11013
160,GuidedBackprop_16_3_0_NegativeBinomialAutoencoder_zeros,1.0,635.8996088569984,113.23065968700394,net_84_10865_net_88_10937_net_90_11013
161,GradientShap_16_3_0_NegativeBinomialAutoencoder_zeros,1.0,635.8996088569984,216.65765491999628,net_84_10865_net_88_10937_net_90_11013
162,GradientShap_16_3_0_NegativeBinomialAutoencoder_randomize,1.0,635.8996088569984,212.52838093899481,net_84_10865_net_88_10937_net_90_11013
163,GradientShap_16_3_0_NegativeBinomialAutoencoder_data,1.0,635.8996088569984,214.1116047520045,net_84_10865_net_88_10937_net_90_11013
164,Deconvolution_16_3_0_NegativeBinomialAutoencoder_zeros,1.0,635.8996088569984,110.51974065699324,net_84_10865_net_88_10937_net_90_11013
165,GuidedBackprop_16_3_0_ZINBAutoencoder_zeros,0.659,877.1841292809986,112.63644930800365,net_84_10865_net_88_10937_net_90_11013
166,GradientShap_16_3_0_ZINBAutoencoder_zeros,1.0,877.1841292809986,216.46600333500828,net_84_10865_net_88_10937_net_90_11013
167,GradientShap_16_3_0_ZINBAutoencoder_randomize,1.0,877.1841292809986,214.28451467999548,net_84_10865_net_88_10937_net_90_11013
168,GradientShap_16_3_0_ZINBAutoencoder_data,1.0,877.1841292809986,213.61523854800907,net_84_10865_net_88_10937_net_90_11013
169,Deconvolution_16_3_0_ZINBAutoencoder_zeros,1.0,877.1841292809986,109.6856603329943,net_84_10865_net_88_10937_net_90_11013
170,GuidedBackprop_16_3_0.1_NegativeBinomialAutoencoder_zeros,1.0,425.9671696830046,115.33595169099863,net_84_10865_net_88_10937_net_90_11013
171,GradientShap_16_3_0.1_NegativeBinomialAutoencoder_zeros,1.0,425.9671696830046,215.1901846779947,net_84_10865_net_88_10937_net_90_11013
172,GradientShap_16_3_0.1_NegativeBinomialAutoencoder_randomize,1.0,425.9671696830046,219.22674238499894,net_84_10865_net_88_10937_net_90_11013
173,GradientShap_16_3_0.1_NegativeBinomialAutoencoder_data,1.0,425.9671696830046,230.9956024790008,net_84_10865_net_88_10937_net_90_11013
174,Deconvolution_16_3_0.1_NegativeBinomialAutoencoder_zeros,1.0,425.9671696830046,114.85665010700177,net_84_10865_net_88_10937_net_90_11013
175,GuidedBackprop_16_3_0.1_ZINBAutoencoder_zeros,1.0,490.9115168279968,113.09197109199886,net_84_10865_net_88_10937_net_90_11013
176,GradientShap_16_3_0.1_ZINBAutoencoder_zeros,1.0,490.9115168279968,224.64230526699976,net_84_10865_net_88_10937_net_90_11013
177,GradientShap_16_3_0.1_ZINBAutoencoder_randomize,1.0,490.9115168279968,221.99913716599985,net_84_10865_net_88_10937_net_90_11013
178,GradientShap_16_3_0.1_ZINBAutoencoder_data,1.0,490.9115168279968,220.1096847410081,net_84_10865_net_88_10937_net_90_11013
179,Deconvolution_16_3_0.1_ZINBAutoencoder_zeros,1.0,490.9115168279968,107.5084885010001,net_84_10865_net_88_10937_net_90_11013
180,GuidedBackprop_64_1_0_NegativeBinomialAutoencoder_zeros,1.0,1518.0487550410035,452.42114843500894,net_141_11706_net_61_10737_net_70_11670_net_51_10906
181,GradientShap_64_1_0_NegativeBinomialAutoencoder_zeros,1.0,1518.0487550410035,811.8830201580131,net_141_11706_net_61_10737_net_70_11670_net_51_10906
182,GradientShap_64_1_0_NegativeBinomialAutoencoder_randomize,0.78,1518.0487550410035,832.0384316529962,net_141_11706_net_61_10737_net_70_11670_net_51_10906
183,GradientShap_64_1_0_NegativeBinomialAutoencoder_data,0.7806666666666666,1518.0487550410035,828.2652140439895,net_141_11706_net_61_10737_net_70_11670_net_51_10906
184,Deconvolution_64_1_0_NegativeBinomialAutoencoder_zeros,1.0,1518.0487550410035,388.42083044099854,net_141_11706_net_61_10737_net_70_11670_net_51_10906
185,GuidedBackprop_64_1_0_ZINBAutoencoder_zeros,0.5013333333333333,2391.45275460399,450.27244809499825,net_141_11706_net_61_10737_net_70_11670_net_51_10906
186,GradientShap_64_1_0_ZINBAutoencoder_zeros,1.0,2391.45275460399,840.0369975670183,net_141_11706_net_61_10737_net_70_11670_net_51_10906
187,GradientShap_64_1_0_ZINBAutoencoder_randomize,1.0,2391.45275460399,833.475651709974,net_141_11706_net_61_10737_net_70_11670_net_51_10906
188,GradientShap_64_1_0_ZINBAutoencoder_data,1.0,2391.45275460399,832.2691387390078,net_141_11706_net_61_10737_net_70_11670_net_51_10906
189,Deconvolution_64_1_0_ZINBAutoencoder_zeros,1.0,2391.45275460399,393.228065015981,net_141_11706_net_61_10737_net_70_11670_net_51_10906
190,GuidedBackprop_64_1_0.1_NegativeBinomialAutoencoder_zeros,1.0,2208.668413729989,446.42890200798865,net_141_11706_net_61_10737_net_70_11670_net_51_10906
191,GradientShap_64_1_0.1_NegativeBinomialAutoencoder_zeros,0.9753333333333334,2208.668413729989,824.8577123610012,net_141_11706_net_61_10737_net_70_11670_net_51_10906
192,GradientShap_64_1_0.1_NegativeBinomialAutoencoder_randomize,1.0,2208.668413729989,830.9429870349995,net_141_11706_net_61_10737_net_70_11670_net_51_10906
193,GradientShap_64_1_0.1_NegativeBinomialAutoencoder_data,0.918,2208.668413729989,814.0990273439966,net_141_11706_net_61_10737_net_70_11670_net_51_10906
194,Deconvolution_64_1_0.1_NegativeBinomialAutoencoder_zeros,0.5206666666666667,2208.668413729989,378.2127297469997,net_141_11706_net_61_10737_net_70_11670_net_51_10906
195,GuidedBackprop_64_1_0.1_ZINBAutoencoder_zeros,1.0,3154.899167010997,445.22782490597456,net_141_11706_net_61_10737_net_70_11670_net_51_10906
196,GradientShap_64_1_0.1_ZINBAutoencoder_zeros,1.0,3154.899167010997,842.2298911469989,net_141_11706_net_61_10737_net_70_11670_net_51_10906
197,GradientShap_64_1_0.1_ZINBAutoencoder_randomize,1.0,3154.899167010997,837.8476319339825,net_141_11706_net_61_10737_net_70_11670_net_51_10906
198,GradientShap_64_1_0.1_ZINBAutoencoder_data,0.9286666666666666,3154.899167010997,851.8165682630206,net_141_11706_net_61_10737_net_70_11670_net_51_10906
199,Deconvolution_64_1_0.1_ZINBAutoencoder_zeros,1.0,3154.899167010997,392.09394757499103,net_141_11706_net_61_10737_net_70_11670_net_51_10906
200,GuidedBackprop_64_2_0_NegativeBinomialAutoencoder_zeros,1.0,1562.645161648019,454.6903926960076,net_141_11706_net_61_10737_net_70_11670_net_51_10906
201,GradientShap_64_2_0_NegativeBinomialAutoencoder_zeros,0.8193333333333334,1562.645161648019,861.5319578169729,net_141_11706_net_61_10737_net_70_11670_net_51_10906
202,GradientShap_64_2_0_NegativeBinomialAutoencoder_randomize,0.8093333333333333,1562.645161648019,854.9064637899864,net_141_11706_net_61_10737_net_70_11670_net_51_10906
203,GradientShap_64_2_0_NegativeBinomialAutoencoder_data,1.0,1562.645161648019,857.4358044079854,net_141_11706_net_61_10737_net_70_11670_net_51_10906
204,Deconvolution_64_2_0_NegativeBinomialAutoencoder_zeros,0.7353333333333333,1562.645161648019,403.70960835702135,net_141_11706_net_61_10737_net_70_11670_net_51_10906
205,GuidedBackprop_64_2_0_ZINBAutoencoder_zeros,1.0,2523.362227585021,462.9005168750009,net_141_11706_net_61_10737_net_70_11670_net_51_10906
206,GradientShap_64_2_0_ZINBAutoencoder_zeros,0.9813333333333333,2523.362227585021,864.0302382670052,net_141_11706_net_61_10737_net_70_11670_net_51_10906
207,GradientShap_64_2_0_ZINBAutoencoder_randomize,1.0,2523.362227585021,864.6265802159905,net_141_11706_net_61_10737_net_70_11670_net_51_10906
208,GradientShap_64_2_0_ZINBAutoencoder_data,0.846,2523.362227585021,859.5347671759955,net_141_11706_net_61_10737_net_70_11670_net_51_10906
209,Deconvolution_64_2_0_ZINBAutoencoder_zeros,1.0,2523.362227585021,404.1513614630094,net_141_11706_net_61_10737_net_70_11670_net_51_10906
210,GuidedBackprop_64_2_0.1_NegativeBinomialAutoencoder_zeros,1.0,1713.5502879609994,470.1379346019821,net_141_11706_net_61_10737_net_70_11670_net_51_10906
211,GradientShap_64_2_0.1_NegativeBinomialAutoencoder_zeros,1.0,1713.5502879609994,872.9383619459986,net_141_11706_net_61_10737_net_70_11670_net_51_10906
212,GradientShap_64_2_0.1_NegativeBinomialAutoencoder_randomize,1.0,1713.5502879609994,855.6529539559851,net_141_11706_net_61_10737_net_70_11670_net_51_10906
213,GradientShap_64_2_0.1_NegativeBinomialAutoencoder_data,1.0,1713.5502879609994,853.8715006069979,net_141_11706_net_61_10737_net_70_11670_net_51_10906
214,Deconvolution_64_2_0.1_NegativeBinomialAutoencoder_zeros,0.7946666666666666,1713.5502879609994,392.00440600697766,net_141_11706_net_61_10737_net_70_11670_net_51_10906
215,GuidedBackprop_64_2_0.1_ZINBAutoencoder_zeros,0.7346666666666667,2224.905868091999,450.3647723829781,net_141_11706_net_61_10737_net_70_11670_net_51_10906
216,GradientShap_64_2_0.1_ZINBAutoencoder_zeros,1.0,2224.905868091999,835.0660118680098,net_141_11706_net_61_10737_net_70_11670_net_51_10906
217,GradientShap_64_2_0.1_ZINBAutoencoder_randomize,0.9513333333333334,2224.905868091999,835.7998219400179,net_141_11706_net_61_10737_net_70_11670_net_51_10906
218,GradientShap_64_2_0.1_ZINBAutoencoder_data,0.748,2224.905868091999,838.9669231449952,net_141_11706_net_61_10737_net_70_11670_net_51_10906
219,Deconvolution_64_2_0.1_ZINBAutoencoder_zeros,0.502,2224.905868091999,395.8804835760093,net_141_11706_net_61_10737_net_70_11670_net_51_10906
220,GuidedBackprop_64_3_0_NegativeBinomialAutoencoder_zeros,0.9666666666666667,2224.3382487010094,450.0469508669921,net_141_11706_net_61_10737_net_70_11670_net_51_10906
221,GradientShap_64_3_0_NegativeBinomialAutoencoder_zeros,1.0,2224.3382487010094,839.091065635992,net_141_11706_net_61_10737_net_70_11670_net_51_10906
222,GradientShap_64_3_0_NegativeBinomialAutoencoder_randomize,0.8193333333333334,2224.3382487010094,837.9854848399991,net_141_11706_net_61_10737_net_70_11670_net_51_10906
223,GradientShap_64_3_0_NegativeBinomialAutoencoder_data,1.0,2224.3382487010094,835.7820370709815,net_141_11706_net_61_10737_net_70_11670_net_51_10906
224,Deconvolution_64_3_0_NegativeBinomialAutoencoder_zeros,0.7786666666666666,2224.3382487010094,398.8906944949995,net_141_11706_net_61_10737_net_70_11670_net_51_10906
225,GuidedBackprop_64_3_0_ZINBAutoencoder_zeros,0.9206666666666666,3408.4860667629982,438.7669989669812,net_141_11706_net_61_10737_net_70_11670_net_51_10906
226,GradientShap_64_3_0_ZINBAutoencoder_zeros,1.0,3408.4860667629982,833.9638505010225,net_141_11706_net_61_10737_net_70_11670_net_51_10906
227,GradientShap_64_3_0_ZINBAutoencoder_randomize,0.782,3408.4860667629982,819.6137411020172,net_141_11706_net_61_10737_net_70_11670_net_51_10906
228,GradientShap_64_3_0_ZINBAutoencoder_data,1.0,3408.4860667629982,807.9515036419907,net_141_11706_net_61_10737_net_70_11670_net_51_10906
229,Deconvolution_64_3_0_ZINBAutoencoder_zeros,1.0,3408.4860667629982,396.30936040799133,net_141_11706_net_61_10737_net_70_11670_net_51_10906
230,GuidedBackprop_64_3_0.1_NegativeBinomialAutoencoder_zeros,1.0,1273.5452656729904,442.2136227709998,net_141_11706_net_61_10737_net_70_11670_net_51_10906
231,GradientShap_64_3_0.1_NegativeBinomialAutoencoder_zeros,1.0,1273.5452656729904,816.347124227992,net_141_11706_net_61_10737_net_70_11670_net_51_10906
232,GradientShap_64_3_0.1_NegativeBinomialAutoencoder_randomize,1.0,1273.5452656729904,826.4866950300056,net_141_11706_net_61_10737_net_70_11670_net_51_10906
233,GradientShap_64_3_0.1_NegativeBinomialAutoencoder_data,0.932,1273.5452656729904,834.910365705,net_141_11706_net_61_10737_net_70_11670_net_51_10906
234,Deconvolution_64_3_0.1_NegativeBinomialAutoencoder_zeros,0.5026666666666667,1273.5452656729904,391.9890210760059,net_141_11706_net_61_10737_net_70_11670_net_51_10906
235,GuidedBackprop_64_3_0.1_ZINBAutoencoder_zeros,0.7873333333333333,1776.6589036459918,462.7953373179771,net_141_11706_net_61_10737_net_70_11670_net_51_10906
236,GradientShap_64_3_0.1_ZINBAutoencoder_zeros,1.0,1776.6589036459918,833.481575955986,net_141_11706_net_61_10737_net_70_11670_net_51_10906
237,GradientShap_64_3_0.1_ZINBAutoencoder_randomize,0.5866666666666667,1776.6589036459918,839.3934179070056,net_141_11706_net_61_10737_net_70_11670_net_51_10906
238,GradientShap_64_3_0.1_ZINBAutoencoder_data,0.752,1776.6589036459918,840.00720236302,net_141_11706_net_61_10737_net_70_11670_net_51_10906
239,Deconvolution_64_3_0.1_ZINBAutoencoder_zeros,1.0,1776.6589036459918,399.5079852369963,net_141_11706_net_61_10737_net_70_11670_net_51_10906
240,GuidedBackprop_32_1_0_NegativeBinomialAutoencoder_zeros,0.8013333333333333,1807.5536762099946,435.0200689499907,net_141_11706_net_61_10737_net_70_11670_net_51_10906
241,GradientShap_32_1_0_NegativeBinomialAutoencoder_zeros,0.7873333333333333,1807.5536762099946,833.8579611710156,net_141_11706_net_61_10737_net_70_11670_net_51_10906
242,GradientShap_32_1_0_NegativeBinomialAutoencoder_randomize,1.0,1807.5536762099946,829.3813073549827,net_141_11706_net_61_10737_net_70_11670_net_51_10906
243,GradientShap_32_1_0_NegativeBinomialAutoencoder_data,1.0,1807.5536762099946,830.9726124820008,net_141_11706_net_61_10737_net_70_11670_net_51_10906
244,Deconvolution_32_1_0_NegativeBinomialAutoencoder_zeros,1.0,1807.5536762099946,383.83939997002017,net_141_11706_net_61_10737_net_70_11670_net_51_10906
245,GuidedBackprop_32_1_0_ZINBAutoencoder_zeros,0.7206666666666667,2869.9332628030097,422.62694014800945,net_141_11706_net_61_10737_net_70_11670_net_51_10906
246,GradientShap_32_1_0_ZINBAutoencoder_zeros,1.0,2869.9332628030097,810.7147829320165,net_141_11706_net_61_10737_net_70_11670_net_51_10906
247,GradientShap_32_1_0_ZINBAutoencoder_randomize,1.0,2869.9332628030097,802.6549795019964,net_141_11706_net_61_10737_net_70_11670_net_51_10906
248,GradientShap_32_1_0_ZINBAutoencoder_data,1.0,2869.9332628030097,810.7889661129739,net_141_11706_net_61_10737_net_70_11670_net_51_10906
249,Deconvolution_32_1_0_ZINBAutoencoder_zeros,0.9993333333333333,2869.9332628030097,382.39877150801476,net_141_11706_net_61_10737_net_70_11670_net_51_10906
250,GuidedBackprop_32_1_0.1_NegativeBinomialAutoencoder_zeros,0.7966666666666666,2442.080016895983,437.93762086500647,net_141_11706_net_61_10737_net_70_11670_net_51_10906
251,GradientShap_32_1_0.1_NegativeBinomialAutoencoder_zeros,1.0,2442.080016895983,827.4430028510105,net_141_11706_net_61_10737_net_70_11670_net_51_10906
252,GradientShap_32_1_0.1_NegativeBinomialAutoencoder_randomize,1.0,2442.080016895983,827.8091896229889,net_141_11706_net_61_10737_net_70_11670_net_51_10906
253,GradientShap_32_1_0.1_NegativeBinomialAutoencoder_data,1.0,2442.080016895983,832.3949030009971,net_141_11706_net_61_10737_net_70_11670_net_51_10906
254,Deconvolution_32_1_0.1_NegativeBinomialAutoencoder_zeros,0.8253333333333334,2442.080016895983,380.43992534300196,net_141_11706_net_61_10737_net_70_11670_net_51_10906
255,GuidedBackprop_32_1_0.1_ZINBAutoencoder_zeros,1.0,3684.9691649889864,446.69815453799674,net_141_11706_net_61_10737_net_70_11670_net_51_10906
256,GradientShap_32_1_0.1_ZINBAutoencoder_zeros,1.0,3684.9691649889864,850.4543305179977,net_141_11706_net_61_10737_net_70_11670_net_51_10906
257,GradientShap_32_1_0.1_ZINBAutoencoder_randomize,1.0,3684.9691649889864,861.8245462909981,net_141_11706_net_61_10737_net_70_11670_net_51_10906
258,GradientShap_32_1_0.1_ZINBAutoencoder_data,0.7386666666666667,3684.9691649889864,867.7943793020095,net_141_11706_net_61_10737_net_70_11670_net_51_10906
259,Deconvolution_32_1_0.1_ZINBAutoencoder_zeros,1.0,3684.9691649889864,385.56031184698804,net_141_11706_net_61_10737_net_70_11670_net_51_10906
260,GuidedBackprop_32_2_0_NegativeBinomialAutoencoder_zeros,1.0,1975.5022151879966,449.3491194710077,net_141_11706_net_61_10737_net_70_11670_net_51_10906
261,GradientShap_32_2_0_NegativeBinomialAutoencoder_zeros,1.0,1975.5022151879966,844.7732022640121,net_141_11706_net_61_10737_net_70_11670_net_51_10906
262,GradientShap_32_2_0_NegativeBinomialAutoencoder_randomize,1.0,1975.5022151879966,852.1251548609871,net_141_11706_net_61_10737_net_70_11670_net_51_10906
263,GradientShap_32_2_0_NegativeBinomialAutoencoder_data,1.0,1975.5022151879966,840.5227434090048,net_141_11706_net_61_10737_net_70_11670_net_51_10906
264,Deconvolution_32_2_0_NegativeBinomialAutoencoder_zeros,0.856,1975.5022151879966,399.8675048049772,net_141_11706_net_61_10737_net_70_11670_net_51_10906
265,GuidedBackprop_32_2_0_ZINBAutoencoder_zeros,0.508,3191.960735129018,444.44266605499433,net_141_11706_net_61_10737_net_70_11670_net_51_10906
266,GradientShap_32_2_0_ZINBAutoencoder_zeros,1.0,3191.960735129018,859.6340103329858,net_141_11706_net_61_10737_net_70_11670_net_51_10906
267,GradientShap_32_2_0_ZINBAutoencoder_randomize,0.8086666666666666,3191.960735129018,861.1250744980061,net_141_11706_net_61_10737_net_70_11670_net_51_10906
268,GradientShap_32_2_0_ZINBAutoencoder_data,1.0,3191.960735129018,865.8534278979932,net_141_11706_net_61_10737_net_70_11670_net_51_10906
269,Deconvolution_32_2_0_ZINBAutoencoder_zeros,1.0,3191.960735129018,402.4345990240108,net_141_11706_net_61_10737_net_70_11670_net_51_10906
270,GuidedBackprop_32_2_0.1_NegativeBinomialAutoencoder_zeros,1.0,1942.621525288996,462.8944527520216,net_141_11706_net_61_10737_net_70_11670_net_51_10906
271,GradientShap_32_2_0.1_NegativeBinomialAutoencoder_zeros,0.8133333333333334,1942.621525288996,856.6358853490092,net_141_11706_net_61_10737_net_70_11670_net_51_10906
272,GradientShap_32_2_0.1_NegativeBinomialAutoencoder_randomize,0.744,1942.621525288996,833.4546487859916,net_141_11706_net_61_10737_net_70_11670_net_51_10906
273,GradientShap_32_2_0.1_NegativeBinomialAutoencoder_data,1.0,1942.621525288996,829.5213258200092,net_141_11706_net_61_10737_net_70_11670_net_51_10906
274,Deconvolution_32_2_0.1_NegativeBinomialAutoencoder_zeros,1.0,1942.621525288996,396.7373098509852,net_141_11706_net_61_10737_net_70_11670_net_51_10906
275,GuidedBackprop_32_2_0.1_ZINBAutoencoder_zeros,1.0,2649.8947523870156,447.10623502600356,net_141_11706_net_61_10737_net_70_11670_net_51_10906
276,GradientShap_32_2_0.1_ZINBAutoencoder_zeros,1.0,2649.8947523870156,832.1388900410093,net_141_11706_net_61_10737_net_70_11670_net_51_10906
277,GradientShap_32_2_0.1_ZINBAutoencoder_randomize,0.7546666666666667,2649.8947523870156,817.1621426480124,net_141_11706_net_61_10737_net_70_11670_net_51_10906
278,GradientShap_32_2_0.1_ZINBAutoencoder_data,1.0,2649.8947523870156,824.4249853150104,net_141_11706_net_61_10737_net_70_11670_net_51_10906
279,Deconvolution_32_2_0.1_ZINBAutoencoder_zeros,1.0,2649.8947523870156,386.91297583302367,net_141_11706_net_61_10737_net_70_11670_net_51_10906
280,GuidedBackprop_32_3_0_NegativeBinomialAutoencoder_zeros,0.8006666666666666,2915.4637564959994,433.184636437014,net_141_11706_net_61_10737_net_70_11670_net_51_10906
281,GradientShap_32_3_0_NegativeBinomialAutoencoder_zeros,1.0,2915.4637564959994,833.8637581749936,net_141_11706_net_61_10737_net_70_11670_net_51_10906
282,GradientShap_32_3_0_NegativeBinomialAutoencoder_randomize,1.0,2915.4637564959994,828.0826078989776,net_141_11706_net_61_10737_net_70_11670_net_51_10906
283,GradientShap_32_3_0_NegativeBinomialAutoencoder_data,1.0,2915.4637564959994,836.6109443869791,net_141_11706_net_61_10737_net_70_11670_net_51_10906
284,Deconvolution_32_3_0_NegativeBinomialAutoencoder_zeros,0.756,2915.4637564959994,401.6926823910326,net_141_11706_net_61_10737_net_70_11670_net_51_10906
285,GuidedBackprop_32_3_0_ZINBAutoencoder_zeros,0.8386666666666667,4425.2056607059785,442.45050497498596,net_141_11706_net_61_10737_net_70_11670_net_51_10906
286,GradientShap_32_3_0_ZINBAutoencoder_zeros,1.0,4425.2056607059785,841.8260985449888,net_141_11706_net_61_10737_net_70_11670_net_51_10906
287,GradientShap_32_3_0_ZINBAutoencoder_randomize,0.8053333333333333,4425.2056607059785,829.6873774809646,net_141_11706_net_61_10737_net_70_11670_net_51_10906
288,GradientShap_32_3_0_ZINBAutoencoder_data,1.0,4425.2056607059785,837.4198813939583,net_141_11706_net_61_10737_net_70_11670_net_51_10906
289,Deconvolution_32_3_0_ZINBAutoencoder_zeros,1.0,4425.2056607059785,399.4334010320017,net_141_11706_net_61_10737_net_70_11670_net_51_10906
290,GuidedBackprop_32_3_0.1_NegativeBinomialAutoencoder_zeros,1.0,1880.8231051529874,452.54160092398524,net_141_11706_net_61_10737_net_70_11670_net_51_10906
291,GradientShap_32_3_0.1_NegativeBinomialAutoencoder_zeros,1.0,1880.8231051529874,825.5761941820383,net_141_11706_net_61_10737_net_70_11670_net_51_10906
292,GradientShap_32_3_0.1_NegativeBinomialAutoencoder_randomize,1.0,1880.8231051529874,819.2817540250253,net_141_11706_net_61_10737_net_70_11670_net_51_10906
293,GradientShap_32_3_0.1_NegativeBinomialAutoencoder_data,1.0,1880.8231051529874,803.534887442016,net_141_11706_net_61_10737_net_70_11670_net_51_10906
294,Deconvolution_32_3_0.1_NegativeBinomialAutoencoder_zeros,0.8273333333333334,1880.8231051529874,380.11894252704224,net_141_11706_net_61_10737_net_70_11670_net_51_10906
295,GuidedBackprop_32_3_0.1_ZINBAutoencoder_zeros,1.0,2838.8947641100385,446.38363758596824,net_141_11706_net_61_10737_net_70_11670_net_51_10906
296,GradientShap_32_3_0.1_ZINBAutoencoder_zeros,1.0,2838.8947641100385,843.5307155810297,net_141_11706_net_61_10737_net_70_11670_net_51_10906
297,GradientShap_32_3_0.1_ZINBAutoencoder_randomize,0.7713333333333333,2838.8947641100385,835.6337193080108,net_141_11706_net_61_10737_net_70_11670_net_51_10906
298,GradientShap_32_3_0.1_ZINBAutoencoder_data,1.0,2838.8947641100385,841.3651697349851,net_141_11706_net_61_10737_net_70_11670_net_51_10906
299,Deconvolution_32_3_0.1_ZINBAutoencoder_zeros,0.836,2838.8947641100385,392.6676798319677,net_141_11706_net_61_10737_net_70_11670_net_51_10906
300,GuidedBackprop_16_1_0_NegativeBinomialAutoencoder_zeros,0.8406666666666667,3634.2791429699864,419.7479389630025,net_141_11706_net_61_10737_net_70_11670_net_51_10906
301,GradientShap_16_1_0_NegativeBinomialAutoencoder_zeros,1.0,3634.2791429699864,830.8564576649806,net_141_11706_net_61_10737_net_70_11670_net_51_10906
302,GradientShap_16_1_0_NegativeBinomialAutoencoder_randomize,1.0,3634.2791429699864,838.0012883430463,net_141_11706_net_61_10737_net_70_11670_net_51_10906
303,GradientShap_16_1_0_NegativeBinomialAutoencoder_data,1.0,3634.2791429699864,831.4739764329861,net_141_11706_net_61_10737_net_70_11670_net_51_10906
304,Deconvolution_16_1_0_NegativeBinomialAutoencoder_zeros,1.0,3634.2791429699864,388.02609795803437,net_141_11706_net_61_10737_net_70_11670_net_51_10906
305,GuidedBackprop_16_1_0_ZINBAutoencoder_zeros,0.582,4056.6893661000067,418.5553637549747,net_141_11706_net_61_10737_net_70_11670_net_51_10906
306,GradientShap_16_1_0_ZINBAutoencoder_zeros,1.0,4056.6893661000067,803.9480761479936,net_141_11706_net_61_10737_net_70_11670_net_51_10906
307,GradientShap_16_1_0_ZINBAutoencoder_randomize,0.7766666666666666,4056.6893661000067,805.190879724978,net_141_11706_net_61_10737_net_70_11670_net_51_10906
308,GradientShap_16_1_0_ZINBAutoencoder_data,1.0,4056.6893661000067,804.941912670969,net_141_11706_net_61_10737_net_70_11670_net_51_10906
309,Deconvolution_16_1_0_ZINBAutoencoder_zeros,0.7966666666666666,4056.6893661000067,382.9710740800365,net_141_11706_net_61_10737_net_70_11670_net_51_10906
310,GuidedBackprop_16_1_0.1_NegativeBinomialAutoencoder_zeros,0.688,4238.956706224999,420.0554637230234,net_141_11706_net_61_10737_net_70_11670_net_51_10906
311,GradientShap_16_1_0.1_NegativeBinomialAutoencoder_zeros,1.0,4238.956706224999,829.9486729119672,net_141_11706_net_61_10737_net_70_11670_net_51_10906
312,GradientShap_16_1_0.1_NegativeBinomialAutoencoder_randomize,1.0,4238.956706224999,835.1345263849944,net_141_11706_net_61_10737_net_70_11670_net_51_10906
313,GradientShap_16_1_0.1_NegativeBinomialAutoencoder_data,0.7826666666666666,4238.956706224999,828.9329670300358,net_141_11706_net_61_10737_net_70_11670_net_51_10906
314,Deconvolution_16_1_0.1_NegativeBinomialAutoencoder_zeros,0.7906666666666666,4238.956706224999,389.8009240429965,net_141_11706_net_61_10737_net_70_11670_net_51_10906
315,GuidedBackprop_16_1_0.1_ZINBAutoencoder_zeros,0.546,6367.27366277203,406.0083989650011,net_141_11706_net_61_10737_net_70_11670_net_51_10906
316,GradientShap_16_1_0.1_ZINBAutoencoder_zeros,1.0,6367.27366277203,813.1905059189885,net_141_11706_net_61_10737_net_70_11670_net_51_10906
317,GradientShap_16_1_0.1_ZINBAutoencoder_randomize,1.0,6367.27366277203,823.4807806559838,net_141_11706_net_61_10737_net_70_11670_net_51_10906
318,GradientShap_16_1_0.1_ZINBAutoencoder_data,1.0,6367.27366277203,819.1299149000552,net_141_11706_net_61_10737_net_70_11670_net_51_10906
319,Deconvolution_16_1_0.1_ZINBAutoencoder_zeros,0.9046666666666666,6367.27366277203,385.73095977900084,net_141_11706_net_61_10737_net_70_11670_net_51_10906
320,GuidedBackprop_16_2_0_NegativeBinomialAutoencoder_zeros,0.9133333333333333,3501.515108200023,423.11734351102496,net_141_11706_net_61_10737_net_70_11670_net_51_10906
321,GradientShap_16_2_0_NegativeBinomialAutoencoder_zeros,1.0,3501.515108200023,816.6551079920027,net_141_11706_net_61_10737_net_70_11670_net_51_10906
322,GradientShap_16_2_0_NegativeBinomialAutoencoder_randomize,0.78,3501.515108200023,808.7932724640123,net_141_11706_net_61_10737_net_70_11670_net_51_10906
323,GradientShap_16_2_0_NegativeBinomialAutoencoder_data,1.0,3501.515108200023,816.780699711002,net_141_11706_net_61_10737_net_70_11670_net_51_10906
324,Deconvolution_16_2_0_NegativeBinomialAutoencoder_zeros,0.792,3501.515108200023,397.4932820549584,net_141_11706_net_61_10737_net_70_11670_net_51_10906
325,GuidedBackprop_16_2_0_ZINBAutoencoder_zeros,0.7846666666666666,5081.749462911976,429.71178817999316,net_141_11706_net_61_10737_net_70_11670_net_51_10906
326,GradientShap_16_2_0_ZINBAutoencoder_zeros,1.0,5081.749462911976,842.3317758469493,net_141_11706_net_61_10737_net_70_11670_net_51_10906
327,GradientShap_16_2_0_ZINBAutoencoder_randomize,1.0,5081.749462911976,823.8049305090099,net_141_11706_net_61_10737_net_70_11670_net_51_10906
328,GradientShap_16_2_0_ZINBAutoencoder_data,1.0,5081.749462911976,845.4903188110329,net_141_11706_net_61_10737_net_70_11670_net_51_10906
329,Deconvolution_16_2_0_ZINBAutoencoder_zeros,0.5233333333333333,5081.749462911976,386.08897783601424,net_141_11706_net_61_10737_net_70_11670_net_51_10906
330,GuidedBackprop_16_2_0.1_NegativeBinomialAutoencoder_zeros,1.0,3605.603149550967,423.5349374010111,net_141_11706_net_61_10737_net_70_11670_net_51_10906
331,GradientShap_16_2_0.1_NegativeBinomialAutoencoder_zeros,1.0,3605.603149550967,837.6619528260198,net_141_11706_net_61_10737_net_70_11670_net_51_10906
332,GradientShap_16_2_0.1_NegativeBinomialAutoencoder_randomize,0.79,3605.603149550967,843.3515036649769,net_141_11706_net_61_10737_net_70_11670_net_51_10906
333,GradientShap_16_2_0.1_NegativeBinomialAutoencoder_data,1.0,3605.603149550967,840.0358178600436,net_141_11706_net_61_10737_net_70_11670_net_51_10906
334,Deconvolution_16_2_0.1_NegativeBinomialAutoencoder_zeros,1.0,3605.603149550967,391.3586994310026,net_141_11706_net_61_10737_net_70_11670_net_51_10906
335,GuidedBackprop_16_2_0.1_ZINBAutoencoder_zeros,0.6046666666666667,5442.996281133965,447.68687767896336,net_141_11706_net_61_10737_net_70_11670_net_51_10906
336,GradientShap_16_2_0.1_ZINBAutoencoder_zeros,0.7286666666666667,5442.996281133965,860.8039637620095,net_141_11706_net_61_10737_net_70_11670_net_51_10906
337,GradientShap_16_2_0.1_ZINBAutoencoder_randomize,1.0,5442.996281133965,870.610257317021,net_141_11706_net_61_10737_net_70_11670_net_51_10906
338,GradientShap_16_2_0.1_ZINBAutoencoder_data,1.0,5442.996281133965,869.8985456689843,net_141_11706_net_61_10737_net_70_11670_net_51_10906
339,Deconvolution_16_2_0.1_ZINBAutoencoder_zeros,0.808,5442.996281133965,400.3073560820194,net_141_11706_net_61_10737_net_70_11670_net_51_10906
340,GuidedBackprop_16_3_0_NegativeBinomialAutoencoder_zeros,0.8033333333333333,4631.707096546001,93.56033033800122,net_141_11706_net_61_10737_net_70_11670_net_51_10906
341,GradientShap_16_3_0_NegativeBinomialAutoencoder_zeros,1.0,4631.707096546001,420.6722171469992,net_141_11706_net_61_10737_net_70_11670_net_51_10906
342,GradientShap_16_3_0_NegativeBinomialAutoencoder_randomize,0.7926666666666666,4631.707096546001,413.2926664580009,net_141_11706_net_61_10737_net_70_11670_net_51_10906
343,GradientShap_16_3_0_NegativeBinomialAutoencoder_data,1.0,4631.707096546001,415.1200044799989,net_141_11706_net_61_10737_net_70_11670_net_51_10906
344,Deconvolution_16_3_0_NegativeBinomialAutoencoder_zeros,0.878,4631.707096546001,91.0961986470029,net_141_11706_net_61_10737_net_70_11670_net_51_10906
345,GuidedBackprop_16_3_0_ZINBAutoencoder_zeros,1.0,6225.412296512997,97.44509877300152,net_141_11706_net_61_10737_net_70_11670_net_51_10906
346,GradientShap_16_3_0_ZINBAutoencoder_zeros,0.5013333333333333,6225.412296512997,409.634458696004,net_141_11706_net_61_10737_net_70_11670_net_51_10906
347,GradientShap_16_3_0_ZINBAutoencoder_randomize,1.0,6225.412296512997,415.97894911399635,net_141_11706_net_61_10737_net_70_11670_net_51_10906
348,GradientShap_16_3_0_ZINBAutoencoder_data,0.716,6225.412296512997,417.611202657994,net_141_11706_net_61_10737_net_70_11670_net_51_10906
349,Deconvolution_16_3_0_ZINBAutoencoder_zeros,1.0,6225.412296512997,96.65954447499826,net_141_11706_net_61_10737_net_70_11670_net_51_10906
350,GuidedBackprop_16_3_0.1_NegativeBinomialAutoencoder_zeros,1.0,2986.5003753280034,92.80636874699849,net_141_11706_net_61_10737_net_70_11670_net_51_10906
351,GradientShap_16_3_0.1_NegativeBinomialAutoencoder_zeros,1.0,2986.5003753280034,423.284842770001,net_141_11706_net_61_10737_net_70_11670_net_51_10906
352,GradientShap_16_3_0.1_NegativeBinomialAutoencoder_randomize,1.0,2986.5003753280034,418.55775843399897,net_141_11706_net_61_10737_net_70_11670_net_51_10906
353,GradientShap_16_3_0.1_NegativeBinomialAutoencoder_data,0.7653333333333333,2986.5003753280034,419.3910345589975,net_141_11706_net_61_10737_net_70_11670_net_51_10906
354,Deconvolution_16_3_0.1_NegativeBinomialAutoencoder_zeros,1.0,2986.5003753280034,95.70260060600413,net_141_11706_net_61_10737_net_70_11670_net_51_10906
355,GuidedBackprop_16_3_0.1_ZINBAutoencoder_zeros,0.7786666666666666,1773.4914499880033,93.863060028998,net_141_11706_net_61_10737_net_70_11670_net_51_10906
356,GradientShap_16_3_0.1_ZINBAutoencoder_zeros,1.0,1773.4914499880033,418.7574330809948,net_141_11706_net_61_10737_net_70_11670_net_51_10906
357,GradientShap_16_3_0.1_ZINBAutoencoder_randomize,1.0,1773.4914499880033,419.1462434619971,net_141_11706_net_61_10737_net_70_11670_net_51_10906
358,GradientShap_16_3_0.1_ZINBAutoencoder_data,1.0,1773.4914499880033,421.5405103909943,net_141_11706_net_61_10737_net_70_11670_net_51_10906
359,Deconvolution_16_3_0.1_ZINBAutoencoder_zeros,0.646,1773.4914499880033,97.8426859589963,net_141_11706_net_61_10737_net_70_11670_net_51_10906
360,GuidedBackprop_64_1_0_NegativeBinomialAutoencoder_zeros,0.6416,2635.320824928989,1899.3205308849865,net_115_11153_net_57_10409_net_141_11706_net_61_10737_net_70_11670_net_51_10906
361,GradientShap_64_1_0_NegativeBinomialAutoencoder_zeros,0.7088,2635.320824928989,2867.0248911859817,net_115_11153_net_57_10409_net_141_11706_net_61_10737_net_70_11670_net_51_10906
362,GradientShap_64_1_0_NegativeBinomialAutoencoder_randomize,0.7304,2635.320824928989,3078.577300511999,net_115_11153_net_57_10409_net_141_11706_net_61_10737_net_70_11670_net_51_10906
363,GradientShap_64_1_0_NegativeBinomialAutoencoder_data,0.7772,2635.320824928989,2987.351470849011,net_115_11153_net_57_10409_net_141_11706_net_61_10737_net_70_11670_net_51_10906
364,Deconvolution_64_1_0_NegativeBinomialAutoencoder_zeros,0.7764,2635.320824928989,1659.9602817539999,net_115_11153_net_57_10409_net_141_11706_net_61_10737_net_70_11670_net_51_10906
365,GuidedBackprop_64_1_0_ZINBAutoencoder_zeros,0.5792,4415.036823892995,2031.783752560994,net_115_11153_net_57_10409_net_141_11706_net_61_10737_net_70_11670_net_51_10906
366,GradientShap_64_1_0_ZINBAutoencoder_zeros,0.7464,4415.036823892995,3209.3236328829953,net_115_11153_net_57_10409_net_141_11706_net_61_10737_net_70_11670_net_51_10906
367,GradientShap_64_1_0_ZINBAutoencoder_randomize,1.0,4415.036823892995,3135.4012054289924,net_115_11153_net_57_10409_net_141_11706_net_61_10737_net_70_11670_net_51_10906
368,GradientShap_64_1_0_ZINBAutoencoder_data,0.6552,4415.036823892995,3251.360479122988,net_115_11153_net_57_10409_net_141_11706_net_61_10737_net_70_11670_net_51_10906
369,Deconvolution_64_1_0_ZINBAutoencoder_zeros,0.9988,4415.036823892995,1718.262458696001,net_115_11153_net_57_10409_net_141_11706_net_61_10737_net_70_11670_net_51_10906
370,GuidedBackprop_64_1_0.1_NegativeBinomialAutoencoder_zeros,0.5752,3693.257487719995,1917.6691351930203,net_115_11153_net_57_10409_net_141_11706_net_61_10737_net_70_11670_net_51_10906
371,GradientShap_64_1_0.1_NegativeBinomialAutoencoder_zeros,0.6636,3693.257487719995,2930.50461781802,net_115_11153_net_57_10409_net_141_11706_net_61_10737_net_70_11670_net_51_10906
372,GradientShap_64_1_0.1_NegativeBinomialAutoencoder_randomize,0.6616,3693.257487719995,3055.11763305802,net_115_11153_net_57_10409_net_141_11706_net_61_10737_net_70_11670_net_51_10906
373,GradientShap_64_1_0.1_NegativeBinomialAutoencoder_data,0.642,3693.257487719995,2942.2006011129997,net_115_11153_net_57_10409_net_141_11706_net_61_10737_net_70_11670_net_51_10906
374,Deconvolution_64_1_0.1_NegativeBinomialAutoencoder_zeros,0.6908,3693.257487719995,1638.5385029060126,net_115_11153_net_57_10409_net_141_11706_net_61_10737_net_70_11670_net_51_10906
375,GuidedBackprop_64_1_0.1_ZINBAutoencoder_zeros,0.626,4909.774545580993,1912.4868352129997,net_115_11153_net_57_10409_net_141_11706_net_61_10737_net_70_11670_net_51_10906
376,GradientShap_64_1_0.1_ZINBAutoencoder_zeros,0.5836,4909.774545580993,2951.432292317011,net_115_11153_net_57_10409_net_141_11706_net_61_10737_net_70_11670_net_51_10906
377,GradientShap_64_1_0.1_ZINBAutoencoder_randomize,0.676,4909.774545580993,2947.711829451,net_115_11153_net_57_10409_net_141_11706_net_61_10737_net_70_11670_net_51_10906
378,GradientShap_64_1_0.1_ZINBAutoencoder_data,0.5252,4909.774545580993,3068.8607975940104,net_115_11153_net_57_10409_net_141_11706_net_61_10737_net_70_11670_net_51_10906
379,Deconvolution_64_1_0.1_ZINBAutoencoder_zeros,0.6596,4909.774545580993,1601.806717355008,net_115_11153_net_57_10409_net_141_11706_net_61_10737_net_70_11670_net_51_10906
380,GuidedBackprop_64_2_0_NegativeBinomialAutoencoder_zeros,0.8276,3415.5097720090125,1861.6700701399823,net_115_11153_net_57_10409_net_141_11706_net_61_10737_net_70_11670_net_51_10906
381,GradientShap_64_2_0_NegativeBinomialAutoencoder_zeros,0.7772,3415.5097720090125,3012.3153979799827,net_115_11153_net_57_10409_net_141_11706_net_61_10737_net_70_11670_net_51_10906
382,GradientShap_64_2_0_NegativeBinomialAutoencoder_randomize,0.7424,3415.5097720090125,2941.323515094002,net_115_11153_net_57_10409_net_141_11706_net_61_10737_net_70_11670_net_51_10906
383,GradientShap_64_2_0_NegativeBinomialAutoencoder_data,0.5724,3415.5097720090125,3286.8408356849977,net_115_11153_net_57_10409_net_141_11706_net_61_10737_net_70_11670_net_51_10906
384,Deconvolution_64_2_0_NegativeBinomialAutoencoder_zeros,0.7164,3415.5097720090125,1767.289058903989,net_115_11153_net_57_10409_net_141_11706_net_61_10737_net_70_11670_net_51_10906
385,GuidedBackprop_64_2_0_ZINBAutoencoder_zeros,0.4896,5651.723515368998,2039.0036113200185,net_115_11153_net_57_10409_net_141_11706_net_61_10737_net_70_11670_net_51_10906
386,GradientShap_64_2_0_ZINBAutoencoder_zeros,0.8232,5651.723515368998,3174.2412522970117,net_115_11153_net_57_10409_net_141_11706_net_61_10737_net_70_11670_net_51_10906
387,GradientShap_64_2_0_ZINBAutoencoder_randomize,0.8672,5651.723515368998,3222.522115836997,net_115_11153_net_57_10409_net_141_11706_net_61_10737_net_70_11670_net_51_10906
388,GradientShap_64_2_0_ZINBAutoencoder_data,0.514,5651.723515368998,2963.693264013011,net_115_11153_net_57_10409_net_141_11706_net_61_10737_net_70_11670_net_51_10906
389,Deconvolution_64_2_0_ZINBAutoencoder_zeros,1.0,5651.723515368998,1646.7569845220132,net_115_11153_net_57_10409_net_141_11706_net_61_10737_net_70_11670_net_51_10906
390,GuidedBackprop_64_2_0.1_NegativeBinomialAutoencoder_zeros,0.6404,3155.0701671419956,1972.664280212979,net_115_11153_net_57_10409_net_141_11706_net_61_10737_net_70_11670_net_51_10906
391,GradientShap_64_2_0.1_NegativeBinomialAutoencoder_zeros,0.6996,3155.0701671419956,2912.0914171490003,net_115_11153_net_57_10409_net_141_11706_net_61_10737_net_70_11670_net_51_10906
392,GradientShap_64_2_0.1_NegativeBinomialAutoencoder_randomize,0.6436,3155.0701671419956,2969.7633012249717,net_115_11153_net_57_10409_net_141_11706_net_61_10737_net_70_11670_net_51_10906
393,GradientShap_64_2_0.1_NegativeBinomialAutoencoder_data,1.0,3155.0701671419956,3031.4735410329886,net_115_11153_net_57_10409_net_141_11706_net_61_10737_net_70_11670_net_51_10906
394,Deconvolution_64_2_0.1_NegativeBinomialAutoencoder_zeros,0.7816,3155.0701671419956,1666.649495257996,net_115_11153_net_57_10409_net_141_11706_net_61_10737_net_70_11670_net_51_10906
395,GuidedBackprop_64_2_0.1_ZINBAutoencoder_zeros,0.7236,3952.393920715025,1934.6781155770295,net_115_11153_net_57_10409_net_141_11706_net_61_10737_net_70_11670_net_51_10906
396,GradientShap_64_2_0.1_ZINBAutoencoder_zeros,0.5884,3952.393920715025,2972.1870589359896,net_115_11153_net_57_10409_net_141_11706_net_61_10737_net_70_11670_net_51_10906
397,GradientShap_64_2_0.1_ZINBAutoencoder_randomize,0.8232,3952.393920715025,2966.2825029239757,net_115_11153_net_57_10409_net_141_11706_net_61_10737_net_70_11670_net_51_10906
398,GradientShap_64_2_0.1_ZINBAutoencoder_data,0.7772,3952.393920715025,3052.069467652007,net_115_11153_net_57_10409_net_141_11706_net_61_10737_net_70_11670_net_51_10906
399,Deconvolution_64_2_0.1_ZINBAutoencoder_zeros,0.6748,3952.393920715025,1630.0184563749935,net_115_11153_net_57_10409_net_141_11706_net_61_10737_net_70_11670_net_51_10906
400,GuidedBackprop_64_3_0_NegativeBinomialAutoencoder_zeros,0.8232,4812.638743236021,1847.4633220260148,net_115_11153_net_57_10409_net_141_11706_net_61_10737_net_70_11670_net_51_10906
401,GradientShap_64_3_0_NegativeBinomialAutoencoder_zeros,0.8652,4812.638743236021,3005.048057056032,net_115_11153_net_57_10409_net_141_11706_net_61_10737_net_70_11670_net_51_10906
402,GradientShap_64_3_0_NegativeBinomialAutoencoder_randomize,1.0,4812.638743236021,2973.1156641969574,net_115_11153_net_57_10409_net_141_11706_net_61_10737_net_70_11670_net_51_10906
403,GradientShap_64_3_0_NegativeBinomialAutoencoder_data,0.7772,4812.638743236021,2944.3466813489795,net_115_11153_net_57_10409_net_141_11706_net_61_10737_net_70_11670_net_51_10906
404,Deconvolution_64_3_0_NegativeBinomialAutoencoder_zeros,0.9992,4812.638743236021,1698.100547730981,net_115_11153_net_57_10409_net_141_11706_net_61_10737_net_70_11670_net_51_10906
405,GuidedBackprop_64_3_0_ZINBAutoencoder_zeros,0.538,6699.618563137017,1866.6864469099673,net_115_11153_net_57_10409_net_141_11706_net_61_10737_net_70_11670_net_51_10906
406,GradientShap_64_3_0_ZINBAutoencoder_zeros,0.8244,6699.618563137017,2902.34356095799,net_115_11153_net_57_10409_net_141_11706_net_61_10737_net_70_11670_net_51_10906
407,GradientShap_64_3_0_ZINBAutoencoder_randomize,0.566,6699.618563137017,3066.001176822989,net_115_11153_net_57_10409_net_141_11706_net_61_10737_net_70_11670_net_51_10906
408,GradientShap_64_3_0_ZINBAutoencoder_data,0.7052,6699.618563137017,2950.923663256981,net_115_11153_net_57_10409_net_141_11706_net_61_10737_net_70_11670_net_51_10906
409,Deconvolution_64_3_0_ZINBAutoencoder_zeros,1.0,6699.618563137017,1699.9252373290365,net_115_11153_net_57_10409_net_141_11706_net_61_10737_net_70_11670_net_51_10906
410,GuidedBackprop_64_3_0.1_NegativeBinomialAutoencoder_zeros,0.6592,2615.8690127920127,2052.0460442179465,net_115_11153_net_57_10409_net_141_11706_net_61_10737_net_70_11670_net_51_10906
411,GradientShap_64_3_0.1_NegativeBinomialAutoencoder_zeros,0.7016,2615.8690127920127,3139.6811061690096,net_115_11153_net_57_10409_net_141_11706_net_61_10737_net_70_11670_net_51_10906
412,GuidedBackprop_64_3_0.1_ZINBAutoencoder_zeros,0.8256,2907.7597929329986,318.8861279600005,net_115_11153_net_57_10409_net_141_11706_net_61_10737_net_70_11670_net_51_10906
413,GradientShap_64_3_0.1_ZINBAutoencoder_zeros,0.794,2907.7597929329986,1199.1333725980003,net_115_11153_net_57_10409_net_141_11706_net_61_10737_net_70_11670_net_51_10906
414,GradientShap_64_3_0.1_ZINBAutoencoder_randomize,0.6492,2907.7597929329986,1123.4670483440023,net_115_11153_net_57_10409_net_141_11706_net_61_10737_net_70_11670_net_51_10906
415,GradientShap_64_3_0.1_ZINBAutoencoder_data,0.4236,2907.7597929329986,1119.164919232,net_115_11153_net_57_10409_net_141_11706_net_61_10737_net_70_11670_net_51_10906
416,Deconvolution_64_3_0.1_ZINBAutoencoder_zeros,0.6512,2907.7597929329986,249.43815765700128,net_115_11153_net_57_10409_net_141_11706_net_61_10737_net_70_11670_net_51_10906
417,GuidedBackprop_32_1_0_NegativeBinomialAutoencoder_zeros,0.8472,3557.8594918029994,242.12949431600282,net_115_11153_net_57_10409_net_141_11706_net_61_10737_net_70_11670_net_51_10906
418,GradientShap_32_1_0_NegativeBinomialAutoencoder_zeros,0.7416,3557.8594918029994,1102.243003828,net_115_11153_net_57_10409_net_141_11706_net_61_10737_net_70_11670_net_51_10906
419,GradientShap_32_1_0_NegativeBinomialAutoencoder_randomize,0.532,3557.8594918029994,1113.0397058900016,net_115_11153_net_57_10409_net_141_11706_net_61_10737_net_70_11670_net_51_10906
420,GradientShap_32_1_0_NegativeBinomialAutoencoder_data,0.7384,3557.8594918029994,1129.1055671909999,net_115_11153_net_57_10409_net_141_11706_net_61_10737_net_70_11670_net_51_10906
421,Deconvolution_32_1_0_NegativeBinomialAutoencoder_zeros,0.7188,3557.8594918029994,240.03903960400203,net_115_11153_net_57_10409_net_141_11706_net_61_10737_net_70_11670_net_51_10906
422,GuidedBackprop_32_1_0_ZINBAutoencoder_zeros,0.6276,4651.600780955003,246.27392901099665,net_115_11153_net_57_10409_net_141_11706_net_61_10737_net_70_11670_net_51_10906
423,GradientShap_32_1_0_ZINBAutoencoder_zeros,1.0,4651.600780955003,1107.9267471720013,net_115_11153_net_57_10409_net_141_11706_net_61_10737_net_70_11670_net_51_10906
424,GradientShap_32_1_0_ZINBAutoencoder_randomize,0.8244,4651.600780955003,1122.393376273998,net_115_11153_net_57_10409_net_141_11706_net_61_10737_net_70_11670_net_51_10906
425,GradientShap_32_1_0_ZINBAutoencoder_data,0.8256,4651.600780955003,1112.0207500820034,net_115_11153_net_57_10409_net_141_11706_net_61_10737_net_70_11670_net_51_10906
426,Deconvolution_32_1_0_ZINBAutoencoder_zeros,0.9992,4651.600780955003,238.50937676900503,net_115_11153_net_57_10409_net_141_11706_net_61_10737_net_70_11670_net_51_10906
427,GuidedBackprop_32_1_0.1_NegativeBinomialAutoencoder_zeros,0.4992,4250.890234156999,235.00307238900132,net_115_11153_net_57_10409_net_141_11706_net_61_10737_net_70_11670_net_51_10906
428,GradientShap_32_1_0.1_NegativeBinomialAutoencoder_zeros,0.626,4250.890234156999,1130.197691428999,net_115_11153_net_57_10409_net_141_11706_net_61_10737_net_70_11670_net_51_10906
429,GradientShap_32_1_0.1_NegativeBinomialAutoencoder_randomize,1.0,4250.890234156999,1149.9055811910002,net_115_11153_net_57_10409_net_141_11706_net_61_10737_net_70_11670_net_51_10906
430,GradientShap_32_1_0.1_NegativeBinomialAutoencoder_data,0.7064,4250.890234156999,1153.179229871006,net_115_11153_net_57_10409_net_141_11706_net_61_10737_net_70_11670_net_51_10906
431,Deconvolution_32_1_0.1_NegativeBinomialAutoencoder_zeros,0.9296,4250.890234156999,247.7067517309988,net_115_11153_net_57_10409_net_141_11706_net_61_10737_net_70_11670_net_51_10906
432,GuidedBackprop_32_1_0.1_ZINBAutoencoder_zeros,0.6468,6405.807692477996,249.23611009799788,net_115_11153_net_57_10409_net_141_11706_net_61_10737_net_70_11670_net_51_10906
433,GradientShap_32_1_0.1_ZINBAutoencoder_zeros,0.8228,6405.807692477996,1145.0741186800005,net_115_11153_net_57_10409_net_141_11706_net_61_10737_net_70_11670_net_51_10906
434,GradientShap_32_1_0.1_ZINBAutoencoder_randomize,0.8228,6405.807692477996,1148.3149496639962,net_115_11153_net_57_10409_net_141_11706_net_61_10737_net_70_11670_net_51_10906
435,GradientShap_32_1_0.1_ZINBAutoencoder_data,0.8232,6405.807692477996,1152.1149863929895,net_115_11153_net_57_10409_net_141_11706_net_61_10737_net_70_11670_net_51_10906
436,Deconvolution_32_1_0.1_ZINBAutoencoder_zeros,0.6536,6405.807692477996,250.48158426900045,net_115_11153_net_57_10409_net_141_11706_net_61_10737_net_70_11670_net_51_10906
437,GuidedBackprop_32_2_0_NegativeBinomialAutoencoder_zeros,0.5488,4530.938227856997,250.3214382839942,net_115_11153_net_57_10409_net_141_11706_net_61_10737_net_70_11670_net_51_10906
438,GradientShap_32_2_0_NegativeBinomialAutoencoder_zeros,0.7756,4530.938227856997,1115.3157872199954,net_115_11153_net_57_10409_net_141_11706_net_61_10737_net_70_11670_net_51_10906
439,GradientShap_32_2_0_NegativeBinomialAutoencoder_randomize,0.7776,4530.938227856997,1103.964661924998,net_115_11153_net_57_10409_net_141_11706_net_61_10737_net_70_11670_net_51_10906
440,GradientShap_32_2_0_NegativeBinomialAutoencoder_data,0.8244,4530.938227856997,1111.040863178001,net_115_11153_net_57_10409_net_141_11706_net_61_10737_net_70_11670_net_51_10906
441,Deconvolution_32_2_0_NegativeBinomialAutoencoder_zeros,0.8832,4530.938227856997,241.13034801000322,net_115_11153_net_57_10409_net_141_11706_net_61_10737_net_70_11670_net_51_10906
442,GuidedBackprop_32_2_0_ZINBAutoencoder_zeros,0.7504,7070.349107539994,242.6374802509963,net_115_11153_net_57_10409_net_141_11706_net_61_10737_net_70_11670_net_51_10906
443,GradientShap_32_2_0_ZINBAutoencoder_zeros,0.7752,7070.349107539994,1135.4589401820122,net_115_11153_net_57_10409_net_141_11706_net_61_10737_net_70_11670_net_51_10906
444,GradientShap_32_2_0_ZINBAutoencoder_randomize,0.8784,7070.349107539994,1122.2273767809966,net_115_11153_net_57_10409_net_141_11706_net_61_10737_net_70_11670_net_51_10906
445,GradientShap_32_2_0_ZINBAutoencoder_data,0.5504,7070.349107539994,1126.2711559559975,net_115_11153_net_57_10409_net_141_11706_net_61_10737_net_70_11670_net_51_10906
446,Deconvolution_32_2_0_ZINBAutoencoder_zeros,1.0,7070.349107539994,288.7529303589981,net_115_11153_net_57_10409_net_141_11706_net_61_10737_net_70_11670_net_51_10906
447,GuidedBackprop_32_2_0.1_NegativeBinomialAutoencoder_zeros,0.5704,2558.112711740003,282.24220915201295,net_115_11153_net_57_10409_net_141_11706_net_61_10737_net_70_11670_net_51_10906
448,GradientShap_32_2_0.1_NegativeBinomialAutoencoder_zeros,0.6272,2558.112711740003,1230.7987824890006,net_115_11153_net_57_10409_net_141_11706_net_61_10737_net_70_11670_net_51_10906
449,GradientShap_32_2_0.1_NegativeBinomialAutoencoder_randomize,0.5556,2558.112711740003,1241.8915866939933,net_115_11153_net_57_10409_net_141_11706_net_61_10737_net_70_11670_net_51_10906
450,GradientShap_32_2_0.1_NegativeBinomialAutoencoder_data,0.8228,2558.112711740003,1202.1684407840075,net_115_11153_net_57_10409_net_141_11706_net_61_10737_net_70_11670_net_51_10906
451,Deconvolution_32_2_0.1_NegativeBinomialAutoencoder_zeros,0.714,2558.112711740003,243.70872546700411,net_115_11153_net_57_10409_net_141_11706_net_61_10737_net_70_11670_net_51_10906
452,GuidedBackprop_32_2_0.1_ZINBAutoencoder_zeros,0.7228,3381.6865052109933,284.0856448359991,net_115_11153_net_57_10409_net_141_11706_net_61_10737_net_70_11670_net_51_10906
453,GradientShap_32_2_0.1_ZINBAutoencoder_zeros,0.618,3381.6865052109933,1180.4479414720117,net_115_11153_net_57_10409_net_141_11706_net_61_10737_net_70_11670_net_51_10906
454,GradientShap_32_2_0.1_ZINBAutoencoder_randomize,0.5216,3381.6865052109933,1196.225205597002,net_115_11153_net_57_10409_net_141_11706_net_61_10737_net_70_11670_net_51_10906
455,GradientShap_32_2_0.1_ZINBAutoencoder_data,1.0,3381.6865052109933,1189.519740400996,net_115_11153_net_57_10409_net_141_11706_net_61_10737_net_70_11670_net_51_10906
456,Deconvolution_32_2_0.1_ZINBAutoencoder_zeros,0.5024,3381.6865052109933,273.0676285669906,net_115_11153_net_57_10409_net_141_11706_net_61_10737_net_70_11670_net_51_10906
457,GuidedBackprop_32_3_0_NegativeBinomialAutoencoder_zeros,0.8904,4289.605639740999,279.75489524999284,net_115_11153_net_57_10409_net_141_11706_net_61_10737_net_70_11670_net_51_10906
458,GradientShap_32_3_0_NegativeBinomialAutoencoder_zeros,0.6136,4289.605639740999,1198.356989138003,net_115_11153_net_57_10409_net_141_11706_net_61_10737_net_70_11670_net_51_10906
459,GradientShap_32_3_0_NegativeBinomialAutoencoder_randomize,0.8264,4289.605639740999,1171.768278869,net_115_11153_net_57_10409_net_141_11706_net_61_10737_net_70_11670_net_51_10906
460,GradientShap_32_3_0_NegativeBinomialAutoencoder_data,0.692,4289.605639740999,1136.7322189550177,net_115_11153_net_57_10409_net_141_11706_net_61_10737_net_70_11670_net_51_10906
461,Deconvolution_32_3_0_NegativeBinomialAutoencoder_zeros,0.8056,4289.605639740999,245.3971060460026,net_115_11153_net_57_10409_net_141_11706_net_61_10737_net_70_11670_net_51_10906
462,GuidedBackprop_32_3_0_ZINBAutoencoder_zeros,0.7248,9963.216414766997,299.21619543398265,net_115_11153_net_57_10409_net_141_11706_net_61_10737_net_70_11670_net_51_10906
463,GradientShap_32_3_0_ZINBAutoencoder_zeros,0.726,9963.216414766997,1208.1173776889918,net_115_11153_net_57_10409_net_141_11706_net_61_10737_net_70_11670_net_51_10906
464,GradientShap_32_3_0_ZINBAutoencoder_randomize,0.7156,9963.216414766997,1236.1950730730023,net_115_11153_net_57_10409_net_141_11706_net_61_10737_net_70_11670_net_51_10906
465,GradientShap_32_3_0_ZINBAutoencoder_data,0.7708,9963.216414766997,1242.9521397959907,net_115_11153_net_57_10409_net_141_11706_net_61_10737_net_70_11670_net_51_10906
466,Deconvolution_32_3_0_ZINBAutoencoder_zeros,0.9992,9963.216414766997,277.08287309500156,net_115_11153_net_57_10409_net_141_11706_net_61_10737_net_70_11670_net_51_10906
467,GuidedBackprop_32_3_0.1_NegativeBinomialAutoencoder_zeros,0.7008,3509.0613717530214,284.66283405400463,net_115_11153_net_57_10409_net_141_11706_net_61_10737_net_70_11670_net_51_10906
468,GradientShap_32_3_0.1_NegativeBinomialAutoencoder_zeros,0.5784,3509.0613717530214,1209.060193665995,net_115_11153_net_57_10409_net_141_11706_net_61_10737_net_70_11670_net_51_10906
469,GradientShap_32_3_0.1_NegativeBinomialAutoencoder_randomize,0.5732,3509.0613717530214,1214.7779609349964,net_115_11153_net_57_10409_net_141_11706_net_61_10737_net_70_11670_net_51_10906
470,GradientShap_32_3_0.1_NegativeBinomialAutoencoder_data,0.8232,3509.0613717530214,1220.9965772989963,net_115_11153_net_57_10409_net_141_11706_net_61_10737_net_70_11670_net_51_10906
471,Deconvolution_32_3_0.1_NegativeBinomialAutoencoder_zeros,0.582,3509.0613717530214,610.0196614809975,net_115_11153_net_57_10409_net_141_11706_net_61_10737_net_70_11670_net_51_10906
472,GuidedBackprop_32_3_0.1_ZINBAutoencoder_zeros,0.4728,5029.529942969995,375.27115785202477,net_115_11153_net_57_10409_net_141_11706_net_61_10737_net_70_11670_net_51_10906
473,GradientShap_32_3_0.1_ZINBAutoencoder_zeros,1.0,5029.529942969995,1710.2601306599972,net_115_11153_net_57_10409_net_141_11706_net_61_10737_net_70_11670_net_51_10906
474,GradientShap_32_3_0.1_ZINBAutoencoder_randomize,0.6988,5029.529942969995,1479.4169358159998,net_115_11153_net_57_10409_net_141_11706_net_61_10737_net_70_11670_net_51_10906
475,GradientShap_32_3_0.1_ZINBAutoencoder_data,1.0,5029.529942969995,1458.5859764530032,net_115_11153_net_57_10409_net_141_11706_net_61_10737_net_70_11670_net_51_10906
476,Deconvolution_32_3_0.1_ZINBAutoencoder_zeros,0.5104,5029.529942969995,359.0372839460033,net_115_11153_net_57_10409_net_141_11706_net_61_10737_net_70_11670_net_51_10906
477,GuidedBackprop_16_1_0_NegativeBinomialAutoencoder_zeros,0.5204,7825.1957920940185,329.8156087579846,net_115_11153_net_57_10409_net_141_11706_net_61_10737_net_70_11670_net_51_10906
478,GradientShap_16_1_0_NegativeBinomialAutoencoder_zeros,0.848,7825.1957920940185,1459.6135613890074,net_115_11153_net_57_10409_net_141_11706_net_61_10737_net_70_11670_net_51_10906
479,GradientShap_16_1_0_NegativeBinomialAutoencoder_randomize,0.7444,7825.1957920940185,1473.720014527993,net_115_11153_net_57_10409_net_141_11706_net_61_10737_net_70_11670_net_51_10906
480,GradientShap_16_1_0_NegativeBinomialAutoencoder_data,1.0,7825.1957920940185,1491.0028185709962,net_115_11153_net_57_10409_net_141_11706_net_61_10737_net_70_11670_net_51_10906
481,Deconvolution_16_1_0_NegativeBinomialAutoencoder_zeros,0.5704,7825.1957920940185,334.34483197997906,net_115_11153_net_57_10409_net_141_11706_net_61_10737_net_70_11670_net_51_10906
482,GuidedBackprop_16_1_0_ZINBAutoencoder_zeros,0.6352,4927.172672385001,331.50815878101275,net_115_11153_net_57_10409_net_141_11706_net_61_10737_net_70_11670_net_51_10906
483,GradientShap_16_1_0_ZINBAutoencoder_zeros,0.558,4927.172672385001,1408.0606147949875,net_115_11153_net_57_10409_net_141_11706_net_61_10737_net_70_11670_net_51_10906
484,GradientShap_16_1_0_ZINBAutoencoder_randomize,0.6288,4927.172672385001,1437.6028817289916,net_115_11153_net_57_10409_net_141_11706_net_61_10737_net_70_11670_net_51_10906
485,GradientShap_16_1_0_ZINBAutoencoder_data,0.7192,4927.172672385001,1351.0946268599946,net_115_11153_net_57_10409_net_141_11706_net_61_10737_net_70_11670_net_51_10906
486,Deconvolution_16_1_0_ZINBAutoencoder_zeros,0.8288,4927.172672385001,263.79972181800986,net_115_11153_net_57_10409_net_141_11706_net_61_10737_net_70_11670_net_51_10906
487,GuidedBackprop_16_1_0.1_NegativeBinomialAutoencoder_zeros,0.6204,6858.360597660998,252.81566032901173,net_115_11153_net_57_10409_net_141_11706_net_61_10737_net_70_11670_net_51_10906
488,GradientShap_16_1_0.1_NegativeBinomialAutoencoder_zeros,0.7768,6858.360597660998,1331.8606147450046,net_115_11153_net_57_10409_net_141_11706_net_61_10737_net_70_11670_net_51_10906
489,GradientShap_16_1_0.1_NegativeBinomialAutoencoder_randomize,0.5692,6858.360597660998,1314.5412958429952,net_115_11153_net_57_10409_net_141_11706_net_61_10737_net_70_11670_net_51_10906
490,GradientShap_16_1_0.1_NegativeBinomialAutoencoder_data,1.0,6858.360597660998,1305.3240646400081,net_115_11153_net_57_10409_net_141_11706_net_61_10737_net_70_11670_net_51_10906
491,Deconvolution_16_1_0.1_NegativeBinomialAutoencoder_zeros,0.7052,6858.360597660998,310.54088343898184,net_115_11153_net_57_10409_net_141_11706_net_61_10737_net_70_11670_net_51_10906
492,GuidedBackprop_16_1_0.1_ZINBAutoencoder_zeros,0.7464,11716.852470156999,271.8204871210037,net_115_11153_net_57_10409_net_141_11706_net_61_10737_net_70_11670_net_51_10906
493,GradientShap_16_1_0.1_ZINBAutoencoder_zeros,0.7848,11716.852470156999,1200.9016599540191,net_115_11153_net_57_10409_net_141_11706_net_61_10737_net_70_11670_net_51_10906
494,GradientShap_16_1_0.1_ZINBAutoencoder_randomize,0.7768,11716.852470156999,1182.2287041709933,net_115_11153_net_57_10409_net_141_11706_net_61_10737_net_70_11670_net_51_10906
495,GradientShap_16_1_0.1_ZINBAutoencoder_data,1.0,11716.852470156999,1207.0208399469848,net_115_11153_net_57_10409_net_141_11706_net_61_10737_net_70_11670_net_51_10906
496,Deconvolution_16_1_0.1_ZINBAutoencoder_zeros,0.7436,11716.852470156999,274.2085423730023,net_115_11153_net_57_10409_net_141_11706_net_61_10737_net_70_11670_net_51_10906
497,GuidedBackprop_16_2_0_NegativeBinomialAutoencoder_zeros,0.5824,8398.081161941984,294.50018951203674,net_115_11153_net_57_10409_net_141_11706_net_61_10737_net_70_11670_net_51_10906
498,GradientShap_16_2_0_NegativeBinomialAutoencoder_zeros,1.0,8398.081161941984,1307.513239183987,net_115_11153_net_57_10409_net_141_11706_net_61_10737_net_70_11670_net_51_10906
499,GradientShap_16_2_0_NegativeBinomialAutoencoder_randomize,0.6756,8398.081161941984,1244.0369411360007,net_115_11153_net_57_10409_net_141_11706_net_61_10737_net_70_11670_net_51_10906
500,GradientShap_16_2_0_NegativeBinomialAutoencoder_data,1.0,8398.081161941984,1285.2637247120147,net_115_11153_net_57_10409_net_141_11706_net_61_10737_net_70_11670_net_51_10906
501,Deconvolution_16_2_0_NegativeBinomialAutoencoder_zeros,0.6316,8398.081161941984,322.008986647008,net_115_11153_net_57_10409_net_141_11706_net_61_10737_net_70_11670_net_51_10906
502,GuidedBackprop_16_2_0_ZINBAutoencoder_zeros,0.6052,9909.929390528996,301.45303060900187,net_115_11153_net_57_10409_net_141_11706_net_61_10737_net_70_11670_net_51_10906
503,GradientShap_16_2_0_ZINBAutoencoder_zeros,0.7236,9909.929390528996,1308.2446428450057,net_115_11153_net_57_10409_net_141_11706_net_61_10737_net_70_11670_net_51_10906
504,GradientShap_16_2_0_ZINBAutoencoder_randomize,0.6316,9909.929390528996,1310.6931878949981,net_115_11153_net_57_10409_net_141_11706_net_61_10737_net_70_11670_net_51_10906
505,GradientShap_16_2_0_ZINBAutoencoder_data,1.0,9909.929390528996,1308.2724040970206,net_115_11153_net_57_10409_net_141_11706_net_61_10737_net_70_11670_net_51_10906
506,Deconvolution_16_2_0_ZINBAutoencoder_zeros,0.8852,9909.929390528996,299.6147834630101,net_115_11153_net_57_10409_net_141_11706_net_61_10737_net_70_11670_net_51_10906
507,GuidedBackprop_16_2_0.1_NegativeBinomialAutoencoder_zeros,0.4888,8259.740216339997,285.15880540403305,net_115_11153_net_57_10409_net_141_11706_net_61_10737_net_70_11670_net_51_10906
508,GradientShap_16_2_0.1_NegativeBinomialAutoencoder_zeros,0.8228,8259.740216339997,1261.883327555959,net_115_11153_net_57_10409_net_141_11706_net_61_10737_net_70_11670_net_51_10906
509,GradientShap_16_2_0.1_NegativeBinomialAutoencoder_randomize,0.566,8259.740216339997,1257.966489946004,net_115_11153_net_57_10409_net_141_11706_net_61_10737_net_70_11670_net_51_10906
510,GradientShap_16_2_0.1_NegativeBinomialAutoencoder_data,0.662,8259.740216339997,1274.469743455993,net_115_11153_net_57_10409_net_141_11706_net_61_10737_net_70_11670_net_51_10906
511,Deconvolution_16_2_0.1_NegativeBinomialAutoencoder_zeros,0.5752,8259.740216339997,306.95286443200894,net_115_11153_net_57_10409_net_141_11706_net_61_10737_net_70_11670_net_51_10906
512,GuidedBackprop_16_2_0.1_ZINBAutoencoder_zeros,0.5384,11700.46828371496,288.43516335001914,net_115_11153_net_57_10409_net_141_11706_net_61_10737_net_70_11670_net_51_10906
513,GradientShap_16_2_0.1_ZINBAutoencoder_zeros,0.6356,11700.46828371496,1255.4501882319455,net_115_11153_net_57_10409_net_141_11706_net_61_10737_net_70_11670_net_51_10906
514,GradientShap_16_2_0.1_ZINBAutoencoder_randomize,0.7756,11700.46828371496,1273.2103844269877,net_115_11153_net_57_10409_net_141_11706_net_61_10737_net_70_11670_net_51_10906
515,GradientShap_16_2_0.1_ZINBAutoencoder_data,1.0,11700.46828371496,1282.1133184329956,net_115_11153_net_57_10409_net_141_11706_net_61_10737_net_70_11670_net_51_10906
516,Deconvolution_16_2_0.1_ZINBAutoencoder_zeros,0.6128,11700.46828371496,289.84422673803056,net_115_11153_net_57_10409_net_141_11706_net_61_10737_net_70_11670_net_51_10906
517,GuidedBackprop_16_3_0_NegativeBinomialAutoencoder_zeros,0.6112,13067.080395772005,290.776901610021,net_115_11153_net_57_10409_net_141_11706_net_61_10737_net_70_11670_net_51_10906
518,GradientShap_16_3_0_NegativeBinomialAutoencoder_zeros,0.8244,13067.080395772005,1261.3911516850349,net_115_11153_net_57_10409_net_141_11706_net_61_10737_net_70_11670_net_51_10906
519,GradientShap_16_3_0_NegativeBinomialAutoencoder_randomize,0.642,13067.080395772005,1261.998754380038,net_115_11153_net_57_10409_net_141_11706_net_61_10737_net_70_11670_net_51_10906
520,GradientShap_16_3_0_NegativeBinomialAutoencoder_data,1.0,13067.080395772005,1262.7869803300127,net_115_11153_net_57_10409_net_141_11706_net_61_10737_net_70_11670_net_51_10906
521,Deconvolution_16_3_0_NegativeBinomialAutoencoder_zeros,0.72,13067.080395772005,293.09655297902646,net_115_11153_net_57_10409_net_141_11706_net_61_10737_net_70_11670_net_51_10906
522,GuidedBackprop_16_3_0_ZINBAutoencoder_zeros,0.6644,18485.321010719985,296.01331441901857,net_115_11153_net_57_10409_net_141_11706_net_61_10737_net_70_11670_net_51_10906
523,GradientShap_16_3_0_ZINBAutoencoder_zeros,0.8048,18485.321010719985,1267.605155628,net_115_11153_net_57_10409_net_141_11706_net_61_10737_net_70_11670_net_51_10906
524,GradientShap_16_3_0_ZINBAutoencoder_randomize,0.6952,18485.321010719985,1269.8687418149784,net_115_11153_net_57_10409_net_141_11706_net_61_10737_net_70_11670_net_51_10906
525,GradientShap_16_3_0_ZINBAutoencoder_data,1.0,18485.321010719985,1277.3593874849612,net_115_11153_net_57_10409_net_141_11706_net_61_10737_net_70_11670_net_51_10906
526,Deconvolution_16_3_0_ZINBAutoencoder_zeros,0.7188,18485.321010719985,301.4957339930115,net_115_11153_net_57_10409_net_141_11706_net_61_10737_net_70_11670_net_51_10906
527,GuidedBackprop_16_3_0.1_NegativeBinomialAutoencoder_zeros,0.6536,9306.018741849985,294.72264392400393,net_115_11153_net_57_10409_net_141_11706_net_61_10737_net_70_11670_net_51_10906
528,GradientShap_16_3_0.1_NegativeBinomialAutoencoder_zeros,1.0,9306.018741849985,1267.3256938389968,net_115_11153_net_57_10409_net_141_11706_net_61_10737_net_70_11670_net_51_10906
529,GradientShap_16_3_0.1_NegativeBinomialAutoencoder_randomize,0.9992,9306.018741849985,1266.7775361349923,net_115_11153_net_57_10409_net_141_11706_net_61_10737_net_70_11670_net_51_10906
530,GradientShap_16_3_0.1_NegativeBinomialAutoencoder_data,0.9968,9306.018741849985,1267.875161930977,net_115_11153_net_57_10409_net_141_11706_net_61_10737_net_70_11670_net_51_10906
531,Deconvolution_16_3_0.1_NegativeBinomialAutoencoder_zeros,0.54,9306.018741849985,291.3175154060009,net_115_11153_net_57_10409_net_141_11706_net_61_10737_net_70_11670_net_51_10906
532,GuidedBackprop_16_3_0.1_ZINBAutoencoder_zeros,0.8356,3194.5026181269786,296.14534042199375,net_115_11153_net_57_10409_net_141_11706_net_61_10737_net_70_11670_net_51_10906
533,GradientShap_16_3_0.1_ZINBAutoencoder_zeros,1.0,3194.5026181269786,1270.8918752400205,net_115_11153_net_57_10409_net_141_11706_net_61_10737_net_70_11670_net_51_10906
534,GradientShap_16_3_0.1_ZINBAutoencoder_randomize,1.0,3194.5026181269786,1268.5520053469809,net_115_11153_net_57_10409_net_141_11706_net_61_10737_net_70_11670_net_51_10906
535,GradientShap_16_3_0.1_ZINBAutoencoder_data,0.7768,3194.5026181269786,1266.4637575880042,net_115_11153_net_57_10409_net_141_11706_net_61_10737_net_70_11670_net_51_10906
536,Deconvolution_16_3_0.1_ZINBAutoencoder_zeros,0.4612,3194.5026181269786,296.9371449199971,net_115_11153_net_57_10409_net_141_11706_net_61_10737_net_70_11670_net_51_10906
537,GuidedBackprop_64_1_0_ZINBAutoencoder_zeros,1.0,1728.5269368509998,51.893012468999586,net_133_10773_net_82_10152_net_72_10551
538,GradientShap_64_1_0_ZINBAutoencoder_zeros,1.0,1728.5269368509998,246.32156380700144,net_133_10773_net_82_10152_net_72_10551
539,GradientShap_64_1_0_ZINBAutoencoder_randomize,1.0,1728.5269368509998,240.470143079001,net_133_10773_net_82_10152_net_72_10551
540,GradientShap_64_1_0_ZINBAutoencoder_data,1.0,1728.5269368509998,235.5951469899992,net_133_10773_net_82_10152_net_72_10551
541,Deconvolution_64_1_0_ZINBAutoencoder_zeros,1.0,1728.5269368509998,51.60359559899916,net_133_10773_net_82_10152_net_72_10551
542,GuidedBackprop_64_1_0.1_NegativeBinomialAutoencoder_zeros,1.0,1851.7227754430005,51.13121625599888,net_133_10773_net_82_10152_net_72_10551
543,GradientShap_64_1_0.1_NegativeBinomialAutoencoder_zeros,1.0,1851.7227754430005,236.4515267609986,net_133_10773_net_82_10152_net_72_10551
544,GradientShap_64_1_0.1_NegativeBinomialAutoencoder_randomize,1.0,1851.7227754430005,236.34283813299953,net_133_10773_net_82_10152_net_72_10551
545,GradientShap_64_1_0.1_NegativeBinomialAutoencoder_data,1.0,1851.7227754430005,235.84270559000106,net_133_10773_net_82_10152_net_72_10551
546,Deconvolution_64_1_0.1_NegativeBinomialAutoencoder_zeros,1.0,1851.7227754430005,51.084450804999506,net_133_10773_net_82_10152_net_72_10551
547,GuidedBackprop_64_1_0.1_ZINBAutoencoder_zeros,1.0,2628.1180528269997,51.609196016999704,net_133_10773_net_82_10152_net_72_10551
548,GradientShap_64_1_0.1_ZINBAutoencoder_zeros,1.0,2628.1180528269997,235.3476276349993,net_133_10773_net_82_10152_net_72_10551
549,GradientShap_64_1_0.1_ZINBAutoencoder_randomize,0.576,2628.1180528269997,236.26915197800008,net_133_10773_net_82_10152_net_72_10551
550,GradientShap_64_1_0.1_ZINBAutoencoder_data,0.576,2628.1180528269997,237.0037383479994,net_133_10773_net_82_10152_net_72_10551
551,Deconvolution_64_1_0.1_ZINBAutoencoder_zeros,1.0,2628.1180528269997,51.87477793400103,net_133_10773_net_82_10152_net_72_10551
552,GuidedBackprop_64_2_0_NegativeBinomialAutoencoder_zeros,1.0,1285.8177822500002,53.79153843200038,net_133_10773_net_82_10152_net_72_10551
553,GradientShap_64_2_0_NegativeBinomialAutoencoder_zeros,1.0,1285.8177822500002,236.49507123399962,net_133_10773_net_82_10152_net_72_10551
554,GradientShap_64_2_0_NegativeBinomialAutoencoder_randomize,1.0,1285.8177822500002,238.38712242900147,net_133_10773_net_82_10152_net_72_10551
555,GradientShap_64_2_0_NegativeBinomialAutoencoder_data,1.0,1285.8177822500002,237.03969117499946,net_133_10773_net_82_10152_net_72_10551
556,Deconvolution_64_2_0_NegativeBinomialAutoencoder_zeros,1.0,1285.8177822500002,52.79618947200288,net_133_10773_net_82_10152_net_72_10551
557,GuidedBackprop_64_2_0_ZINBAutoencoder_zeros,1.0,1896.7250458400013,55.37004579299901,net_133_10773_net_82_10152_net_72_10551
558,GradientShap_64_2_0_ZINBAutoencoder_zeros,1.0,1896.7250458400013,246.95270526199965,net_133_10773_net_82_10152_net_72_10551
559,GradientShap_64_2_0_ZINBAutoencoder_randomize,1.0,1896.7250458400013,248.09814401900076,net_133_10773_net_82_10152_net_72_10551
560,GradientShap_64_2_0_ZINBAutoencoder_data,1.0,1896.7250458400013,246.65629727800115,net_133_10773_net_82_10152_net_72_10551
561,Deconvolution_64_2_0_ZINBAutoencoder_zeros,1.0,1896.7250458400013,55.365337344999716,net_133_10773_net_82_10152_net_72_10551
562,GuidedBackprop_64_2_0.1_NegativeBinomialAutoencoder_zeros,1.0,1334.057836715001,54.3962801839989,net_133_10773_net_82_10152_net_72_10551
563,GradientShap_64_2_0.1_NegativeBinomialAutoencoder_zeros,1.0,1334.057836715001,242.67366703800144,net_133_10773_net_82_10152_net_72_10551
564,GradientShap_64_2_0.1_NegativeBinomialAutoencoder_randomize,1.0,1334.057836715001,243.04403604500112,net_133_10773_net_82_10152_net_72_10551
565,GradientShap_64_2_0.1_NegativeBinomialAutoencoder_data,1.0,1334.057836715001,244.77665485100079,net_133_10773_net_82_10152_net_72_10551
566,Deconvolution_64_2_0.1_NegativeBinomialAutoencoder_zeros,1.0,1334.057836715001,54.633149574001436,net_133_10773_net_82_10152_net_72_10551
567,GuidedBackprop_64_2_0.1_ZINBAutoencoder_zeros,1.0,1707.9250864599999,55.22735646400179,net_133_10773_net_82_10152_net_72_10551
568,GradientShap_64_2_0.1_ZINBAutoencoder_zeros,1.0,1707.9250864599999,245.24092781299987,net_133_10773_net_82_10152_net_72_10551
569,GradientShap_64_2_0.1_ZINBAutoencoder_randomize,1.0,1707.9250864599999,247.69808481400105,net_133_10773_net_82_10152_net_72_10551
570,GradientShap_64_2_0.1_ZINBAutoencoder_data,1.0,1707.9250864599999,248.12823471400043,net_133_10773_net_82_10152_net_72_10551
571,Deconvolution_64_2_0.1_ZINBAutoencoder_zeros,1.0,1707.9250864599999,56.09326989300098,net_133_10773_net_82_10152_net_72_10551
572,GuidedBackprop_64_3_0_NegativeBinomialAutoencoder_zeros,1.0,1480.3218999849996,55.98511631400106,net_133_10773_net_82_10152_net_72_10551
573,GradientShap_64_3_0_NegativeBinomialAutoencoder_zeros,1.0,1480.3218999849996,246.13129149400265,net_133_10773_net_82_10152_net_72_10551
574,GradientShap_64_3_0_NegativeBinomialAutoencoder_randomize,1.0,1480.3218999849996,247.2731593690005,net_133_10773_net_82_10152_net_72_10551
575,GradientShap_64_3_0_NegativeBinomialAutoencoder_data,1.0,1480.3218999849996,246.59645524900043,net_133_10773_net_82_10152_net_72_10551
576,Deconvolution_64_3_0_NegativeBinomialAutoencoder_zeros,1.0,1480.3218999849996,57.01397653700042,net_133_10773_net_82_10152_net_72_10551
577,GuidedBackprop_64_3_0_ZINBAutoencoder_zeros,1.0,2245.0511532689998,59.00741064099566,net_133_10773_net_82_10152_net_72_10551
578,GradientShap_64_3_0_ZINBAutoencoder_zeros,1.0,2245.0511532689998,246.21023099000013,net_133_10773_net_82_10152_net_72_10551
579,GradientShap_64_3_0_ZINBAutoencoder_randomize,1.0,2245.0511532689998,243.10783073899802,net_133_10773_net_82_10152_net_72_10551
580,GradientShap_64_3_0_ZINBAutoencoder_data,1.0,2245.0511532689998,248.12765846699767,net_133_10773_net_82_10152_net_72_10551
581,Deconvolution_64_3_0_ZINBAutoencoder_zeros,1.0,2245.0511532689998,59.24962848699943,net_133_10773_net_82_10152_net_72_10551
582,GuidedBackprop_64_3_0.1_NegativeBinomialAutoencoder_zeros,1.0,935.6040890660006,57.023118118995626,net_133_10773_net_82_10152_net_72_10551
583,GradientShap_64_3_0.1_NegativeBinomialAutoencoder_zeros,1.0,935.6040890660006,246.40984385000047,net_133_10773_net_82_10152_net_72_10551
584,GradientShap_64_3_0.1_NegativeBinomialAutoencoder_randomize,1.0,935.6040890660006,242.0502951890012,net_133_10773_net_82_10152_net_72_10551
585,GradientShap_64_3_0.1_NegativeBinomialAutoencoder_data,1.0,935.6040890660006,248.33638643099403,net_133_10773_net_82_10152_net_72_10551
586,Deconvolution_64_3_0.1_NegativeBinomialAutoencoder_zeros,1.0,935.6040890660006,58.65157674700458,net_133_10773_net_82_10152_net_72_10551
587,GuidedBackprop_64_3_0.1_ZINBAutoencoder_zeros,1.0,1306.2341465980062,59.48094802199921,net_133_10773_net_82_10152_net_72_10551
588,GradientShap_64_3_0.1_ZINBAutoencoder_zeros,1.0,1306.2341465980062,250.99655939199874,net_133_10773_net_82_10152_net_72_10551
589,GradientShap_64_3_0.1_ZINBAutoencoder_randomize,1.0,1306.2341465980062,248.56129350000265,net_133_10773_net_82_10152_net_72_10551
590,GradientShap_64_3_0.1_ZINBAutoencoder_data,1.0,1306.2341465980062,248.08689604300162,net_133_10773_net_82_10152_net_72_10551
591,Deconvolution_64_3_0.1_ZINBAutoencoder_zeros,1.0,1306.2341465980062,57.812522906002414,net_133_10773_net_82_10152_net_72_10551
592,GuidedBackprop_32_1_0_NegativeBinomialAutoencoder_zeros,1.0,1604.299680420998,52.21733293700527,net_133_10773_net_82_10152_net_72_10551
593,GradientShap_32_1_0_NegativeBinomialAutoencoder_zeros,1.0,1604.299680420998,241.07892564200301,net_133_10773_net_82_10152_net_72_10551
594,GradientShap_32_1_0_NegativeBinomialAutoencoder_randomize,1.0,1604.299680420998,242.49161804300093,net_133_10773_net_82_10152_net_72_10551
595,GradientShap_32_1_0_NegativeBinomialAutoencoder_data,1.0,1604.299680420998,248.22491583300143,net_133_10773_net_82_10152_net_72_10551
596,Deconvolution_32_1_0_NegativeBinomialAutoencoder_zeros,1.0,1604.299680420998,52.0547092429988,net_133_10773_net_82_10152_net_72_10551
597,GuidedBackprop_32_1_0_ZINBAutoencoder_zeros,0.783,1988.2238423750023,53.268010371000855,net_133_10773_net_82_10152_net_72_10551
598,GradientShap_32_1_0_ZINBAutoencoder_zeros,1.0,1988.2238423750023,241.96390225299547,net_133_10773_net_82_10152_net_72_10551
599,GradientShap_32_1_0_ZINBAutoencoder_randomize,1.0,1988.2238423750023,242.3468902530003,net_133_10773_net_82_10152_net_72_10551
600,GradientShap_32_1_0_ZINBAutoencoder_data,1.0,1988.2238423750023,241.3363399860027,net_133_10773_net_82_10152_net_72_10551
601,Deconvolution_32_1_0_ZINBAutoencoder_zeros,1.0,1988.2238423750023,53.28502346800087,net_133_10773_net_82_10152_net_72_10551
602,GuidedBackprop_32_1_0.1_NegativeBinomialAutoencoder_zeros,1.0,1825.7295658119983,50.79842113799532,net_133_10773_net_82_10152_net_72_10551
603,GradientShap_32_1_0.1_NegativeBinomialAutoencoder_zeros,1.0,1825.7295658119983,245.46138325399806,net_133_10773_net_82_10152_net_72_10551
604,GradientShap_32_1_0.1_NegativeBinomialAutoencoder_randomize,1.0,1825.7295658119983,238.4452958460024,net_133_10773_net_82_10152_net_72_10551
605,GradientShap_32_1_0.1_NegativeBinomialAutoencoder_data,1.0,1825.7295658119983,237.78858802500326,net_133_10773_net_82_10152_net_72_10551
606,Deconvolution_32_1_0.1_NegativeBinomialAutoencoder_zeros,1.0,1825.7295658119983,51.311212325999804,net_133_10773_net_82_10152_net_72_10551
607,GuidedBackprop_32_1_0.1_ZINBAutoencoder_zeros,1.0,2999.4638442470023,51.68130880499666,net_133_10773_net_82_10152_net_72_10551
608,GradientShap_32_1_0.1_ZINBAutoencoder_zeros,1.0,2999.4638442470023,237.47816394300025,net_133_10773_net_82_10152_net_72_10551
609,GradientShap_32_1_0.1_ZINBAutoencoder_randomize,1.0,2999.4638442470023,237.75157322199811,net_133_10773_net_82_10152_net_72_10551
610,GradientShap_32_1_0.1_ZINBAutoencoder_data,1.0,2999.4638442470023,237.28836602599768,net_133_10773_net_82_10152_net_72_10551
611,Deconvolution_32_1_0.1_ZINBAutoencoder_zeros,1.0,2999.4638442470023,51.929757348996645,net_133_10773_net_82_10152_net_72_10551
612,GuidedBackprop_32_2_0_NegativeBinomialAutoencoder_zeros,1.0,1414.2887868059988,53.70462485399912,net_133_10773_net_82_10152_net_72_10551
613,GradientShap_32_2_0_NegativeBinomialAutoencoder_zeros,1.0,1414.2887868059988,237.07887861599738,net_133_10773_net_82_10152_net_72_10551
614,GradientShap_32_2_0_NegativeBinomialAutoencoder_randomize,1.0,1414.2887868059988,225.9627674949952,net_133_10773_net_82_10152_net_72_10551
615,GradientShap_32_2_0_NegativeBinomialAutoencoder_data,1.0,1414.2887868059988,237.4088496040058,net_133_10773_net_82_10152_net_72_10551
616,Deconvolution_32_2_0_NegativeBinomialAutoencoder_zeros,1.0,1414.2887868059988,53.93125026100461,net_133_10773_net_82_10152_net_72_10551
617,GuidedBackprop_32_2_0_ZINBAutoencoder_zeros,1.0,2006.8440399709943,55.20252441200137,net_133_10773_net_82_10152_net_72_10551
618,GradientShap_32_2_0_ZINBAutoencoder_zeros,1.0,2006.8440399709943,239.00899241099978,net_133_10773_net_82_10152_net_72_10551
619,GradientShap_32_2_0_ZINBAutoencoder_randomize,1.0,2006.8440399709943,238.90438026899938,net_133_10773_net_82_10152_net_72_10551
620,GradientShap_32_2_0_ZINBAutoencoder_data,1.0,2006.8440399709943,238.27341546899697,net_133_10773_net_82_10152_net_72_10551
621,Deconvolution_32_2_0_ZINBAutoencoder_zeros,1.0,2006.8440399709943,55.412983326998074,net_133_10773_net_82_10152_net_72_10551
622,GuidedBackprop_32_2_0.1_NegativeBinomialAutoencoder_zeros,1.0,1506.2605799630037,53.61542831499537,net_133_10773_net_82_10152_net_72_10551
623,GradientShap_32_2_0.1_NegativeBinomialAutoencoder_zeros,1.0,1506.2605799630037,238.03070546500385,net_133_10773_net_82_10152_net_72_10551
624,GradientShap_32_2_0.1_NegativeBinomialAutoencoder_randomize,1.0,1506.2605799630037,238.9472083569999,net_133_10773_net_82_10152_net_72_10551
625,GradientShap_32_2_0.1_NegativeBinomialAutoencoder_data,1.0,1506.2605799630037,239.53112246000092,net_133_10773_net_82_10152_net_72_10551
626,Deconvolution_32_2_0.1_NegativeBinomialAutoencoder_zeros,1.0,1506.2605799630037,54.27858841299894,net_133_10773_net_82_10152_net_72_10551
627,GuidedBackprop_32_2_0.1_ZINBAutoencoder_zeros,1.0,2021.9510221880046,55.12214277399471,net_133_10773_net_82_10152_net_72_10551
628,GradientShap_32_2_0.1_ZINBAutoencoder_zeros,1.0,2021.9510221880046,238.94465830599802,net_133_10773_net_82_10152_net_72_10551
629,GradientShap_32_2_0.1_ZINBAutoencoder_randomize,1.0,2021.9510221880046,240.6117882660037,net_133_10773_net_82_10152_net_72_10551
630,GradientShap_32_2_0.1_ZINBAutoencoder_data,1.0,2021.9510221880046,239.974048778,net_133_10773_net_82_10152_net_72_10551
631,Deconvolution_32_2_0.1_ZINBAutoencoder_zeros,1.0,2021.9510221880046,55.78695651199814,net_133_10773_net_82_10152_net_72_10551
632,GuidedBackprop_32_3_0_NegativeBinomialAutoencoder_zeros,1.0,1884.3962492560022,57.689718611996796,net_133_10773_net_82_10152_net_72_10551
633,GradientShap_32_3_0_NegativeBinomialAutoencoder_zeros,1.0,1884.3962492560022,250.84017266199953,net_133_10773_net_82_10152_net_72_10551
634,GradientShap_32_3_0_NegativeBinomialAutoencoder_randomize,1.0,1884.3962492560022,251.29076907999843,net_133_10773_net_82_10152_net_72_10551
635,GradientShap_32_3_0_NegativeBinomialAutoencoder_data,1.0,1884.3962492560022,250.8848470390003,net_133_10773_net_82_10152_net_72_10551
636,Deconvolution_32_3_0_NegativeBinomialAutoencoder_zeros,1.0,1884.3962492560022,57.292826213997614,net_133_10773_net_82_10152_net_72_10551
637,GuidedBackprop_32_3_0_ZINBAutoencoder_zeros,1.0,2613.2051880040017,60.54341043900058,net_133_10773_net_82_10152_net_72_10551
638,GradientShap_32_3_0_ZINBAutoencoder_zeros,1.0,2613.2051880040017,251.48355239500233,net_133_10773_net_82_10152_net_72_10551
639,GradientShap_32_3_0_ZINBAutoencoder_randomize,1.0,2613.2051880040017,252.75564044399653,net_133_10773_net_82_10152_net_72_10551
640,GradientShap_32_3_0_ZINBAutoencoder_data,1.0,2613.2051880040017,251.1912622989912,net_133_10773_net_82_10152_net_72_10551
641,Deconvolution_32_3_0_ZINBAutoencoder_zeros,1.0,2613.2051880040017,60.42819543000951,net_133_10773_net_82_10152_net_72_10551
642,GuidedBackprop_32_3_0.1_NegativeBinomialAutoencoder_zeros,1.0,1397.4277393350058,58.94814839899482,net_133_10773_net_82_10152_net_72_10551
643,GradientShap_32_3_0.1_NegativeBinomialAutoencoder_zeros,1.0,1397.4277393350058,248.49659734699526,net_133_10773_net_82_10152_net_72_10551
644,GradientShap_32_3_0.1_NegativeBinomialAutoencoder_randomize,1.0,1397.4277393350058,251.95641120801156,net_133_10773_net_82_10152_net_72_10551
645,GradientShap_32_3_0.1_NegativeBinomialAutoencoder_data,1.0,1397.4277393350058,250.56275035699946,net_133_10773_net_82_10152_net_72_10551
646,Deconvolution_32_3_0.1_NegativeBinomialAutoencoder_zeros,1.0,1397.4277393350058,59.116011338992394,net_133_10773_net_82_10152_net_72_10551
647,GuidedBackprop_32_3_0.1_ZINBAutoencoder_zeros,1.0,1890.038862521993,60.80030122899916,net_133_10773_net_82_10152_net_72_10551
648,GradientShap_32_3_0.1_ZINBAutoencoder_zeros,1.0,1890.038862521993,251.34420591699018,net_133_10773_net_82_10152_net_72_10551
649,GradientShap_32_3_0.1_ZINBAutoencoder_randomize,1.0,1890.038862521993,249.0453944089968,net_133_10773_net_82_10152_net_72_10551
650,GradientShap_32_3_0.1_ZINBAutoencoder_data,1.0,1890.038862521993,251.99986452999292,net_133_10773_net_82_10152_net_72_10551
651,Deconvolution_32_3_0.1_ZINBAutoencoder_zeros,1.0,1890.038862521993,61.182070558992564,net_133_10773_net_82_10152_net_72_10551
652,GuidedBackprop_16_1_0_NegativeBinomialAutoencoder_zeros,1.0,1664.1063294909982,53.36014188500121,net_133_10773_net_82_10152_net_72_10551
653,GradientShap_16_1_0_NegativeBinomialAutoencoder_zeros,1.0,1664.1063294909982,247.26058663701406,net_133_10773_net_82_10152_net_72_10551
654,GradientShap_16_1_0_NegativeBinomialAutoencoder_randomize,1.0,1664.1063294909982,248.23711871399428,net_133_10773_net_82_10152_net_72_10551
655,GradientShap_16_1_0_NegativeBinomialAutoencoder_data,1.0,1664.1063294909982,249.08754570200108,net_133_10773_net_82_10152_net_72_10551
656,Deconvolution_16_1_0_NegativeBinomialAutoencoder_zeros,1.0,1664.1063294909982,53.01352561599924,net_133_10773_net_82_10152_net_72_10551
657,GuidedBackprop_16_1_0_ZINBAutoencoder_zeros,0.515,2562.213718494997,53.745386994007276,net_133_10773_net_82_10152_net_72_10551
658,GradientShap_16_1_0_ZINBAutoencoder_zeros,1.0,2562.213718494997,247.19756176699593,net_133_10773_net_82_10152_net_72_10551
659,GradientShap_16_1_0_ZINBAutoencoder_randomize,1.0,2562.213718494997,247.91472520600655,net_133_10773_net_82_10152_net_72_10551
660,GradientShap_16_1_0_ZINBAutoencoder_data,1.0,2562.213718494997,248.63832563899632,net_133_10773_net_82_10152_net_72_10551
661,Deconvolution_16_1_0_ZINBAutoencoder_zeros,1.0,2562.213718494997,53.845914272998925,net_133_10773_net_82_10152_net_72_10551
662,GuidedBackprop_16_1_0.1_NegativeBinomialAutoencoder_zeros,0.527,2852.9351117999904,53.36323302000528,net_133_10773_net_82_10152_net_72_10551
663,GradientShap_16_1_0.1_NegativeBinomialAutoencoder_zeros,1.0,2852.9351117999904,249.2003146670031,net_133_10773_net_82_10152_net_72_10551
664,GradientShap_16_1_0.1_NegativeBinomialAutoencoder_randomize,1.0,2852.9351117999904,244.57510567099962,net_133_10773_net_82_10152_net_72_10551
665,GradientShap_16_1_0.1_NegativeBinomialAutoencoder_data,1.0,2852.9351117999904,240.9740501060005,net_133_10773_net_82_10152_net_72_10551
666,Deconvolution_16_1_0.1_NegativeBinomialAutoencoder_zeros,1.0,2852.9351117999904,52.53231997200055,net_133_10773_net_82_10152_net_72_10551
667,GuidedBackprop_16_1_0.1_ZINBAutoencoder_zeros,0.708,4054.7484717739862,52.93066586999339,net_133_10773_net_82_10152_net_72_10551
668,GradientShap_16_1_0.1_ZINBAutoencoder_zeros,1.0,4054.7484717739862,242.721299842,net_133_10773_net_82_10152_net_72_10551
669,GradientShap_16_1_0.1_ZINBAutoencoder_randomize,1.0,4054.7484717739862,241.85741828099708,net_133_10773_net_82_10152_net_72_10551
670,GradientShap_16_1_0.1_ZINBAutoencoder_data,1.0,4054.7484717739862,241.13868075900245,net_133_10773_net_82_10152_net_72_10551
671,Deconvolution_16_1_0.1_ZINBAutoencoder_zeros,1.0,4054.7484717739862,52.97182406700449,net_133_10773_net_82_10152_net_72_10551
672,GuidedBackprop_16_2_0_NegativeBinomialAutoencoder_zeros,1.0,2063.807430289002,54.97148389900394,net_133_10773_net_82_10152_net_72_10551
673,GradientShap_16_2_0_NegativeBinomialAutoencoder_zeros,1.0,2063.807430289002,242.62142093399598,net_133_10773_net_82_10152_net_72_10551
674,GradientShap_16_2_0_NegativeBinomialAutoencoder_randomize,1.0,2063.807430289002,248.88355401399895,net_133_10773_net_82_10152_net_72_10551
675,GradientShap_16_2_0_NegativeBinomialAutoencoder_data,1.0,2063.807430289002,249.99071533000097,net_133_10773_net_82_10152_net_72_10551
676,Deconvolution_16_2_0_NegativeBinomialAutoencoder_zeros,1.0,2063.807430289002,54.823041046998696,net_133_10773_net_82_10152_net_72_10551
677,GuidedBackprop_16_2_0_ZINBAutoencoder_zeros,1.0,3222.721591977999,56.31188916700194,net_133_10773_net_82_10152_net_72_10551
678,GradientShap_16_2_0_ZINBAutoencoder_zeros,1.0,3222.721591977999,236.66182603000198,net_133_10773_net_82_10152_net_72_10551
679,GradientShap_16_2_0_ZINBAutoencoder_randomize,1.0,3222.721591977999,250.19502564199502,net_133_10773_net_82_10152_net_72_10551
680,GradientShap_16_2_0_ZINBAutoencoder_data,1.0,3222.721591977999,249.93603548199462,net_133_10773_net_82_10152_net_72_10551
681,Deconvolution_16_2_0_ZINBAutoencoder_zeros,1.0,3222.721591977999,55.97413788898848,net_133_10773_net_82_10152_net_72_10551
682,GuidedBackprop_16_2_0.1_NegativeBinomialAutoencoder_zeros,0.557,2189.2074919010047,54.911758103000466,net_133_10773_net_82_10152_net_72_10551
683,GradientShap_16_2_0.1_NegativeBinomialAutoencoder_zeros,1.0,2189.2074919010047,245.0728565689933,net_133_10773_net_82_10152_net_72_10551
684,GradientShap_16_2_0.1_NegativeBinomialAutoencoder_randomize,1.0,2189.2074919010047,245.55266581299657,net_133_10773_net_82_10152_net_72_10551
685,GradientShap_16_2_0.1_NegativeBinomialAutoencoder_data,1.0,2189.2074919010047,244.68504403499537,net_133_10773_net_82_10152_net_72_10551
686,Deconvolution_16_2_0.1_NegativeBinomialAutoencoder_zeros,1.0,2189.2074919010047,54.3995942229958,net_133_10773_net_82_10152_net_72_10551
687,GuidedBackprop_16_2_0.1_ZINBAutoencoder_zeros,1.0,2996.1287844119943,55.26739048899617,net_133_10773_net_82_10152_net_72_10551
688,GradientShap_16_2_0.1_ZINBAutoencoder_zeros,1.0,2996.1287844119943,247.62874722400738,net_133_10773_net_82_10152_net_72_10551
689,GradientShap_16_2_0.1_ZINBAutoencoder_randomize,1.0,2996.1287844119943,248.87034537,net_133_10773_net_82_10152_net_72_10551
690,GradientShap_16_2_0.1_ZINBAutoencoder_data,1.0,2996.1287844119943,250.08668347200728,net_133_10773_net_82_10152_net_72_10551
691,Deconvolution_16_2_0.1_ZINBAutoencoder_zeros,1.0,2996.1287844119943,56.75577430600242,net_133_10773_net_82_10152_net_72_10551
692,GuidedBackprop_16_3_0_NegativeBinomialAutoencoder_zeros,1.0,2301.898173990994,57.55476942600217,net_133_10773_net_82_10152_net_72_10551
693,GradientShap_16_3_0_NegativeBinomialAutoencoder_zeros,1.0,2301.898173990994,246.8534707899962,net_133_10773_net_82_10152_net_72_10551
694,GradientShap_16_3_0_NegativeBinomialAutoencoder_randomize,1.0,2301.898173990994,247.5522306819912,net_133_10773_net_82_10152_net_72_10551
695,GradientShap_16_3_0_NegativeBinomialAutoencoder_data,1.0,2301.898173990994,247.19731801799207,net_133_10773_net_82_10152_net_72_10551
696,Deconvolution_16_3_0_NegativeBinomialAutoencoder_zeros,1.0,2301.898173990994,57.91160795500036,net_133_10773_net_82_10152_net_72_10551
697,GuidedBackprop_16_3_0_ZINBAutoencoder_zeros,0.704,3324.389313845997,59.65988436999032,net_133_10773_net_82_10152_net_72_10551
698,GradientShap_16_3_0_ZINBAutoencoder_zeros,1.0,3324.389313845997,247.96419466000225,net_133_10773_net_82_10152_net_72_10551
699,GradientShap_16_3_0_ZINBAutoencoder_randomize,1.0,3324.389313845997,248.4521436149953,net_133_10773_net_82_10152_net_72_10551
700,GradientShap_16_3_0_ZINBAutoencoder_data,1.0,3324.389313845997,247.8018474610144,net_133_10773_net_82_10152_net_72_10551
701,Deconvolution_16_3_0_ZINBAutoencoder_zeros,1.0,3324.389313845997,59.45707141800085,net_133_10773_net_82_10152_net_72_10551
702,GuidedBackprop_16_3_0.1_NegativeBinomialAutoencoder_zeros,1.0,1847.4208497229993,57.74638357499498,net_133_10773_net_82_10152_net_72_10551
703,GradientShap_16_3_0.1_NegativeBinomialAutoencoder_zeros,1.0,1847.4208497229993,251.89218319799693,net_133_10773_net_82_10152_net_72_10551
704,GradientShap_16_3_0.1_NegativeBinomialAutoencoder_randomize,1.0,1847.4208497229993,248.38378339100746,net_133_10773_net_82_10152_net_72_10551
705,GradientShap_16_3_0.1_NegativeBinomialAutoencoder_data,1.0,1847.4208497229993,252.64659337599005,net_133_10773_net_82_10152_net_72_10551
706,Deconvolution_16_3_0.1_NegativeBinomialAutoencoder_zeros,1.0,1847.4208497229993,57.74847864698677,net_133_10773_net_82_10152_net_72_10551
707,GuidedBackprop_16_3_0.1_ZINBAutoencoder_zeros,1.0,1878.2226028970035,59.49807883100584,net_133_10773_net_82_10152_net_72_10551
708,GradientShap_16_3_0.1_ZINBAutoencoder_zeros,1.0,1878.2226028970035,248.62186818099872,net_133_10773_net_82_10152_net_72_10551
709,GradientShap_16_3_0.1_ZINBAutoencoder_randomize,1.0,1878.2226028970035,248.1129775599984,net_133_10773_net_82_10152_net_72_10551
710,GradientShap_16_3_0.1_ZINBAutoencoder_data,1.0,1878.2226028970035,246.2958838140039,net_133_10773_net_82_10152_net_72_10551
711,Deconvolution_16_3_0.1_ZINBAutoencoder_zeros,1.0,1878.2226028970035,59.426892792005674,net_133_10773_net_82_10152_net_72_10551
712,GuidedBackprop_64_1_0_ZINBAutoencoder_zeros,1.0,1869.087404490987,35.59742049399938,net_53_11196_net_70_11431_net_84_9903
713,GradientShap_64_1_0_ZINBAutoencoder_zeros,1.0,1869.087404490987,170.83444649798912,net_53_11196_net_70_11431_net_84_9903
714,GradientShap_64_1_0_ZINBAutoencoder_randomize,1.0,1869.087404490987,169.6617591039976,net_53_11196_net_70_11431_net_84_9903
715,GradientShap_64_1_0_ZINBAutoencoder_data,1.0,1869.087404490987,170.66645720599627,net_53_11196_net_70_11431_net_84_9903
716,Deconvolution_64_1_0_ZINBAutoencoder_zeros,1.0,1869.087404490987,35.49093795299996,net_53_11196_net_70_11431_net_84_9903
717,GuidedBackprop_64_1_0.1_NegativeBinomialAutoencoder_zeros,1.0,2179.025922501998,35.33041042700643,net_53_11196_net_70_11431_net_84_9903
718,GradientShap_64_1_0.1_NegativeBinomialAutoencoder_zeros,1.0,2179.025922501998,167.09110361299827,net_53_11196_net_70_11431_net_84_9903
719,GradientShap_64_1_0.1_NegativeBinomialAutoencoder_randomize,1.0,2179.025922501998,167.81218038199586,net_53_11196_net_70_11431_net_84_9903
720,GradientShap_64_1_0.1_NegativeBinomialAutoencoder_data,1.0,2179.025922501998,168.0289862040081,net_53_11196_net_70_11431_net_84_9903
721,Deconvolution_64_1_0.1_NegativeBinomialAutoencoder_zeros,1.0,2179.025922501998,35.758650611998746,net_53_11196_net_70_11431_net_84_9903
722,GuidedBackprop_64_1_0.1_ZINBAutoencoder_zeros,1.0,2999.5181253430055,35.534798416993,net_53_11196_net_70_11431_net_84_9903
723,GradientShap_64_1_0.1_ZINBAutoencoder_zeros,1.0,2999.5181253430055,170.53369818799547,net_53_11196_net_70_11431_net_84_9903
724,GradientShap_64_1_0.1_ZINBAutoencoder_randomize,1.0,2999.5181253430055,169.98746084899176,net_53_11196_net_70_11431_net_84_9903
725,GradientShap_64_1_0.1_ZINBAutoencoder_data,1.0,2999.5181253430055,169.0326400139893,net_53_11196_net_70_11431_net_84_9903
726,Deconvolution_64_1_0.1_ZINBAutoencoder_zeros,1.0,2999.5181253430055,35.91691637299664,net_53_11196_net_70_11431_net_84_9903
727,GuidedBackprop_64_2_0_NegativeBinomialAutoencoder_zeros,1.0,1102.1375975880073,36.980380305001745,net_53_11196_net_70_11431_net_84_9903
728,GradientShap_64_2_0_NegativeBinomialAutoencoder_zeros,1.0,1102.1375975880073,168.26712191000115,net_53_11196_net_70_11431_net_84_9903
729,GradientShap_64_2_0_NegativeBinomialAutoencoder_randomize,1.0,1102.1375975880073,170.3315099140018,net_53_11196_net_70_11431_net_84_9903
730,GradientShap_64_2_0_NegativeBinomialAutoencoder_data,1.0,1102.1375975880073,169.49253478900937,net_53_11196_net_70_11431_net_84_9903
731,Deconvolution_64_2_0_NegativeBinomialAutoencoder_zeros,1.0,1102.1375975880073,37.37578968099842,net_53_11196_net_70_11431_net_84_9903
732,GuidedBackprop_64_2_0_ZINBAutoencoder_zeros,1.0,2125.3121438799863,37.90565566398436,net_53_11196_net_70_11431_net_84_9903
733,GradientShap_64_2_0_ZINBAutoencoder_zeros,1.0,2125.3121438799863,173.1199573170161,net_53_11196_net_70_11431_net_84_9903
734,GradientShap_64_2_0_ZINBAutoencoder_randomize,1.0,2125.3121438799863,175.45189466900774,net_53_11196_net_70_11431_net_84_9903
735,GradientShap_64_2_0_ZINBAutoencoder_data,1.0,2125.3121438799863,173.22572263597976,net_53_11196_net_70_11431_net_84_9903
736,Deconvolution_64_2_0_ZINBAutoencoder_zeros,1.0,2125.3121438799863,37.91274607399828,net_53_11196_net_70_11431_net_84_9903
737,GuidedBackprop_64_2_0.1_NegativeBinomialAutoencoder_zeros,1.0,1848.8249785639928,37.968182674987474,net_53_11196_net_70_11431_net_84_9903
738,GradientShap_64_2_0.1_NegativeBinomialAutoencoder_zeros,1.0,1848.8249785639928,171.2373462189862,net_53_11196_net_70_11431_net_84_9903
739,GradientShap_64_2_0.1_NegativeBinomialAutoencoder_randomize,1.0,1848.8249785639928,170.36867140899994,net_53_11196_net_70_11431_net_84_9903
740,GradientShap_64_2_0.1_NegativeBinomialAutoencoder_data,1.0,1848.8249785639928,169.5406737390149,net_53_11196_net_70_11431_net_84_9903
741,Deconvolution_64_2_0.1_NegativeBinomialAutoencoder_zeros,1.0,1848.8249785639928,37.030232893012,net_53_11196_net_70_11431_net_84_9903
742,GuidedBackprop_64_2_0.1_ZINBAutoencoder_zeros,1.0,2694.5101519210148,38.04329393900116,net_53_11196_net_70_11431_net_84_9903
743,GradientShap_64_2_0.1_ZINBAutoencoder_zeros,1.0,2694.5101519210148,170.9624533239985,net_53_11196_net_70_11431_net_84_9903
744,GradientShap_64_2_0.1_ZINBAutoencoder_randomize,1.0,2694.5101519210148,172.4304742559907,net_53_11196_net_70_11431_net_84_9903
745,GradientShap_64_2_0.1_ZINBAutoencoder_data,1.0,2694.5101519210148,172.5050038829795,net_53_11196_net_70_11431_net_84_9903
746,Deconvolution_64_2_0.1_ZINBAutoencoder_zeros,1.0,2694.5101519210148,38.09686846501427,net_53_11196_net_70_11431_net_84_9903
747,GuidedBackprop_64_3_0_NegativeBinomialAutoencoder_zeros,1.0,1421.7874251540052,39.305661743012024,net_53_11196_net_70_11431_net_84_9903
748,GradientShap_64_3_0_NegativeBinomialAutoencoder_zeros,1.0,1421.7874251540052,174.6944857040071,net_53_11196_net_70_11431_net_84_9903
749,GradientShap_64_3_0_NegativeBinomialAutoencoder_randomize,1.0,1421.7874251540052,174.63526303399703,net_53_11196_net_70_11431_net_84_9903
750,GradientShap_64_3_0_NegativeBinomialAutoencoder_data,1.0,1421.7874251540052,176.61663089998183,net_53_11196_net_70_11431_net_84_9903
751,Deconvolution_64_3_0_NegativeBinomialAutoencoder_zeros,1.0,1421.7874251540052,39.08469621499535,net_53_11196_net_70_11431_net_84_9903
752,GuidedBackprop_64_3_0_ZINBAutoencoder_zeros,1.0,2351.4672588560206,40.427073742990615,net_53_11196_net_70_11431_net_84_9903
753,GradientShap_64_3_0_ZINBAutoencoder_zeros,1.0,2351.4672588560206,176.64724505401682,net_53_11196_net_70_11431_net_84_9903
754,GradientShap_64_3_0_ZINBAutoencoder_randomize,1.0,2351.4672588560206,175.1439105089812,net_53_11196_net_70_11431_net_84_9903
755,GradientShap_64_3_0_ZINBAutoencoder_data,1.0,2351.4672588560206,177.80579046500497,net_53_11196_net_70_11431_net_84_9903
756,Deconvolution_64_3_0_ZINBAutoencoder_zeros,1.0,2351.4672588560206,40.52759101599804,net_53_11196_net_70_11431_net_84_9903
757,GuidedBackprop_64_3_0.1_NegativeBinomialAutoencoder_zeros,1.0,1188.210658482014,39.63603023000178,net_53_11196_net_70_11431_net_84_9903
758,GradientShap_64_3_0.1_NegativeBinomialAutoencoder_zeros,1.0,1188.210658482014,175.4221957620175,net_53_11196_net_70_11431_net_84_9903
759,GradientShap_64_3_0.1_NegativeBinomialAutoencoder_randomize,1.0,1188.210658482014,173.50506063600187,net_53_11196_net_70_11431_net_84_9903
760,GradientShap_64_3_0.1_NegativeBinomialAutoencoder_data,1.0,1188.210658482014,172.98860583800706,net_53_11196_net_70_11431_net_84_9903
761,Deconvolution_64_3_0.1_NegativeBinomialAutoencoder_zeros,1.0,1188.210658482014,40.145664095005486,net_53_11196_net_70_11431_net_84_9903
762,GuidedBackprop_64_3_0.1_ZINBAutoencoder_zeros,1.0,1684.7707074650098,39.48437499301508,net_53_11196_net_70_11431_net_84_9903
763,GradientShap_64_3_0.1_ZINBAutoencoder_zeros,1.0,1684.7707074650098,172.32066553400364,net_53_11196_net_70_11431_net_84_9903
764,GradientShap_64_3_0.1_ZINBAutoencoder_randomize,1.0,1684.7707074650098,177.30021837499226,net_53_11196_net_70_11431_net_84_9903
765,GradientShap_64_3_0.1_ZINBAutoencoder_data,1.0,1684.7707074650098,175.69523330999073,net_53_11196_net_70_11431_net_84_9903
766,Deconvolution_64_3_0.1_ZINBAutoencoder_zeros,1.0,1684.7707074650098,40.321947962016566,net_53_11196_net_70_11431_net_84_9903
767,GuidedBackprop_32_1_0_NegativeBinomialAutoencoder_zeros,1.0,1432.4492379039875,36.023267550976016,net_53_11196_net_70_11431_net_84_9903
768,GradientShap_32_1_0_NegativeBinomialAutoencoder_zeros,1.0,1432.4492379039875,172.1556001979916,net_53_11196_net_70_11431_net_84_9903
769,GradientShap_32_1_0_NegativeBinomialAutoencoder_randomize,1.0,1432.4492379039875,173.9343997160031,net_53_11196_net_70_11431_net_84_9903
770,GradientShap_32_1_0_NegativeBinomialAutoencoder_data,1.0,1432.4492379039875,174.3558595040231,net_53_11196_net_70_11431_net_84_9903
771,Deconvolution_32_1_0_NegativeBinomialAutoencoder_zeros,1.0,1432.4492379039875,35.64241123601096,net_53_11196_net_70_11431_net_84_9903
772,GuidedBackprop_32_1_0_ZINBAutoencoder_zeros,1.0,2108.641463039996,36.08343487200909,net_53_11196_net_70_11431_net_84_9903
773,GradientShap_32_1_0_ZINBAutoencoder_zeros,1.0,2108.641463039996,168.99274289500318,net_53_11196_net_70_11431_net_84_9903
774,GradientShap_32_1_0_ZINBAutoencoder_randomize,1.0,2108.641463039996,170.07877328901668,net_53_11196_net_70_11431_net_84_9903
775,GradientShap_32_1_0_ZINBAutoencoder_data,1.0,2108.641463039996,170.22058964302414,net_53_11196_net_70_11431_net_84_9903
776,Deconvolution_32_1_0_ZINBAutoencoder_zeros,1.0,2108.641463039996,35.888119770999765,net_53_11196_net_70_11431_net_84_9903
777,GuidedBackprop_32_1_0.1_NegativeBinomialAutoencoder_zeros,1.0,2348.869537536986,35.635583680006675,net_53_11196_net_70_11431_net_84_9903
778,GradientShap_32_1_0.1_NegativeBinomialAutoencoder_zeros,1.0,2348.869537536986,172.45389908499783,net_53_11196_net_70_11431_net_84_9903
779,GradientShap_32_1_0.1_NegativeBinomialAutoencoder_randomize,1.0,2348.869537536986,174.10314044400002,net_53_11196_net_70_11431_net_84_9903
780,GradientShap_32_1_0.1_NegativeBinomialAutoencoder_data,1.0,2348.869537536986,172.70877847500378,net_53_11196_net_70_11431_net_84_9903
781,Deconvolution_32_1_0.1_NegativeBinomialAutoencoder_zeros,1.0,2348.869537536986,35.6837279459869,net_53_11196_net_70_11431_net_84_9903
782,GuidedBackprop_32_1_0.1_ZINBAutoencoder_zeros,1.0,3500.795441107999,35.73163705598563,net_53_11196_net_70_11431_net_84_9903
783,GradientShap_32_1_0.1_ZINBAutoencoder_zeros,1.0,3500.795441107999,175.1443849830248,net_53_11196_net_70_11431_net_84_9903
784,GradientShap_32_1_0.1_ZINBAutoencoder_randomize,1.0,3500.795441107999,175.4318498620123,net_53_11196_net_70_11431_net_84_9903
785,GradientShap_32_1_0.1_ZINBAutoencoder_data,1.0,3500.795441107999,174.5241259339964,net_53_11196_net_70_11431_net_84_9903
786,Deconvolution_32_1_0.1_ZINBAutoencoder_zeros,1.0,3500.795441107999,36.47892441099975,net_53_11196_net_70_11431_net_84_9903
787,GuidedBackprop_32_2_0_NegativeBinomialAutoencoder_zeros,1.0,1700.215036864014,38.03241434600204,net_53_11196_net_70_11431_net_84_9903
788,GradientShap_32_2_0_NegativeBinomialAutoencoder_zeros,1.0,1700.215036864014,177.43228301100316,net_53_11196_net_70_11431_net_84_9903
789,GradientShap_32_2_0_NegativeBinomialAutoencoder_randomize,1.0,1700.215036864014,179.45270638499642,net_53_11196_net_70_11431_net_84_9903
790,GradientShap_32_2_0_NegativeBinomialAutoencoder_data,1.0,1700.215036864014,179.03130598997814,net_53_11196_net_70_11431_net_84_9903
791,Deconvolution_32_2_0_NegativeBinomialAutoencoder_zeros,1.0,1700.215036864014,38.0660025299876,net_53_11196_net_70_11431_net_84_9903
792,GuidedBackprop_32_2_0_ZINBAutoencoder_zeros,1.0,2524.459839859017,38.73197889997391,net_53_11196_net_70_11431_net_84_9903
793,GradientShap_32_2_0_ZINBAutoencoder_zeros,1.0,2524.459839859017,177.79169398601516,net_53_11196_net_70_11431_net_84_9903
794,GradientShap_32_2_0_ZINBAutoencoder_randomize,1.0,2524.459839859017,177.62419773000875,net_53_11196_net_70_11431_net_84_9903
795,GradientShap_32_2_0_ZINBAutoencoder_data,1.0,2524.459839859017,177.59888451598817,net_53_11196_net_70_11431_net_84_9903
796,Deconvolution_32_2_0_ZINBAutoencoder_zeros,1.0,2524.459839859017,37.79240856002434,net_53_11196_net_70_11431_net_84_9903
797,GuidedBackprop_32_2_0.1_NegativeBinomialAutoencoder_zeros,1.0,1757.871607314999,37.66237808202277,net_53_11196_net_70_11431_net_84_9903
798,GradientShap_32_2_0.1_NegativeBinomialAutoencoder_zeros,1.0,1757.871607314999,177.00953347902396,net_53_11196_net_70_11431_net_84_9903
799,GradientShap_32_2_0.1_NegativeBinomialAutoencoder_randomize,1.0,1757.871607314999,180.11953932599863,net_53_11196_net_70_11431_net_84_9903
800,GradientShap_32_2_0.1_NegativeBinomialAutoencoder_data,1.0,1757.871607314999,179.57428233599057,net_53_11196_net_70_11431_net_84_9903
801,Deconvolution_32_2_0.1_NegativeBinomialAutoencoder_zeros,1.0,1757.871607314999,37.7229249390075,net_53_11196_net_70_11431_net_84_9903
802,GuidedBackprop_32_2_0.1_ZINBAutoencoder_zeros,1.0,2477.751876850991,38.90025465202052,net_53_11196_net_70_11431_net_84_9903
803,GradientShap_32_2_0.1_ZINBAutoencoder_zeros,1.0,2477.751876850991,176.45758200797718,net_53_11196_net_70_11431_net_84_9903
804,GradientShap_32_2_0.1_ZINBAutoencoder_randomize,1.0,2477.751876850991,178.65305469901068,net_53_11196_net_70_11431_net_84_9903
805,GradientShap_32_2_0.1_ZINBAutoencoder_data,1.0,2477.751876850991,178.08900254499167,net_53_11196_net_70_11431_net_84_9903
806,Deconvolution_32_2_0.1_ZINBAutoencoder_zeros,0.995,2477.751876850991,38.35279892402468,net_53_11196_net_70_11431_net_84_9903
807,GuidedBackprop_32_3_0_NegativeBinomialAutoencoder_zeros,1.0,2234.285802000988,40.391498810000485,net_53_11196_net_70_11431_net_84_9903
808,GradientShap_32_3_0_NegativeBinomialAutoencoder_zeros,1.0,2234.285802000988,180.61377882800298,net_53_11196_net_70_11431_net_84_9903
809,GradientShap_32_3_0_NegativeBinomialAutoencoder_randomize,1.0,2234.285802000988,177.47837446199264,net_53_11196_net_70_11431_net_84_9903
810,GradientShap_32_3_0_NegativeBinomialAutoencoder_data,1.0,2234.285802000988,179.66805404500337,net_53_11196_net_70_11431_net_84_9903
811,Deconvolution_32_3_0_NegativeBinomialAutoencoder_zeros,1.0,2234.285802000988,40.629922371997964,net_53_11196_net_70_11431_net_84_9903
812,GuidedBackprop_32_3_0_ZINBAutoencoder_zeros,1.0,3063.591924837994,41.386357896990376,net_53_11196_net_70_11431_net_84_9903
813,GradientShap_32_3_0_ZINBAutoencoder_zeros,1.0,3063.591924837994,179.85042642397457,net_53_11196_net_70_11431_net_84_9903
814,GradientShap_32_3_0_ZINBAutoencoder_randomize,1.0,3063.591924837994,180.2660468519898,net_53_11196_net_70_11431_net_84_9903
815,GradientShap_32_3_0_ZINBAutoencoder_data,1.0,3063.591924837994,180.45487367198803,net_53_11196_net_70_11431_net_84_9903
816,Deconvolution_32_3_0_ZINBAutoencoder_zeros,1.0,3063.591924837994,41.416642480005976,net_53_11196_net_70_11431_net_84_9903
817,GuidedBackprop_32_3_0.1_NegativeBinomialAutoencoder_zeros,1.0,1691.0883129279828,40.45194642501883,net_53_11196_net_70_11431_net_84_9903
818,GradientShap_32_3_0.1_NegativeBinomialAutoencoder_zeros,1.0,1691.0883129279828,179.46073237701785,net_53_11196_net_70_11431_net_84_9903
819,GradientShap_32_3_0.1_NegativeBinomialAutoencoder_randomize,1.0,1691.0883129279828,178.10607259601238,net_53_11196_net_70_11431_net_84_9903
820,GradientShap_32_3_0.1_NegativeBinomialAutoencoder_data,1.0,1691.0883129279828,176.4215861929988,net_53_11196_net_70_11431_net_84_9903
821,Deconvolution_32_3_0.1_NegativeBinomialAutoencoder_zeros,1.0,1691.0883129279828,39.669543413998326,net_53_11196_net_70_11431_net_84_9903
822,GuidedBackprop_32_3_0.1_ZINBAutoencoder_zeros,1.0,2469.6987430209992,40.234963627008256,net_53_11196_net_70_11431_net_84_9903
823,GradientShap_32_3_0.1_ZINBAutoencoder_zeros,1.0,2469.6987430209992,172.10903690298437,net_53_11196_net_70_11431_net_84_9903
824,GradientShap_32_3_0.1_ZINBAutoencoder_randomize,1.0,2469.6987430209992,173.39896090098773,net_53_11196_net_70_11431_net_84_9903
825,GradientShap_32_3_0.1_ZINBAutoencoder_data,1.0,2469.6987430209992,173.01893440799904,net_53_11196_net_70_11431_net_84_9903
826,Deconvolution_32_3_0.1_ZINBAutoencoder_zeros,1.0,2469.6987430209992,40.528431865008315,net_53_11196_net_70_11431_net_84_9903
827,GuidedBackprop_16_1_0_NegativeBinomialAutoencoder_zeros,1.0,2051.2361322760116,36.098560329002794,net_53_11196_net_70_11431_net_84_9903
828,GradientShap_16_1_0_NegativeBinomialAutoencoder_zeros,1.0,2051.2361322760116,171.4723655859998,net_53_11196_net_70_11431_net_84_9903
829,GradientShap_16_1_0_NegativeBinomialAutoencoder_randomize,1.0,2051.2361322760116,172.22114720600075,net_53_11196_net_70_11431_net_84_9903
830,GradientShap_16_1_0_NegativeBinomialAutoencoder_data,1.0,2051.2361322760116,173.43833622700186,net_53_11196_net_70_11431_net_84_9903
831,Deconvolution_16_1_0_NegativeBinomialAutoencoder_zeros,1.0,2051.2361322760116,36.003822498983936,net_53_11196_net_70_11431_net_84_9903
832,GuidedBackprop_16_1_0_ZINBAutoencoder_zeros,1.0,2923.413108212,36.040107423003064,net_53_11196_net_70_11431_net_84_9903
833,GradientShap_16_1_0_ZINBAutoencoder_zeros,1.0,2923.413108212,169.11945026300964,net_53_11196_net_70_11431_net_84_9903
834,GradientShap_16_1_0_ZINBAutoencoder_randomize,1.0,2923.413108212,170.33936050802004,net_53_11196_net_70_11431_net_84_9903
835,GradientShap_16_1_0_ZINBAutoencoder_data,1.0,2923.413108212,169.55768029700266,net_53_11196_net_70_11431_net_84_9903
836,Deconvolution_16_1_0_ZINBAutoencoder_zeros,1.0,2923.413108212,35.79544120200444,net_53_11196_net_70_11431_net_84_9903
837,GuidedBackprop_16_1_0.1_NegativeBinomialAutoencoder_zeros,1.0,2829.551248205011,35.638012234994676,net_53_11196_net_70_11431_net_84_9903
838,GradientShap_16_1_0.1_NegativeBinomialAutoencoder_zeros,1.0,2829.551248205011,170.97820786200464,net_53_11196_net_70_11431_net_84_9903
839,GradientShap_16_1_0.1_NegativeBinomialAutoencoder_randomize,1.0,2829.551248205011,173.83811711799353,net_53_11196_net_70_11431_net_84_9903
840,GradientShap_16_1_0.1_NegativeBinomialAutoencoder_data,1.0,2829.551248205011,171.59626474499237,net_53_11196_net_70_11431_net_84_9903
841,Deconvolution_16_1_0.1_NegativeBinomialAutoencoder_zeros,0.651,2829.551248205011,35.008020957990084,net_53_11196_net_70_11431_net_84_9903
842,GuidedBackprop_16_1_0.1_ZINBAutoencoder_zeros,0.647,4588.573393019993,35.839889869996114,net_53_11196_net_70_11431_net_84_9903
843,GradientShap_16_1_0.1_ZINBAutoencoder_zeros,1.0,4588.573393019993,171.556020885997,net_53_11196_net_70_11431_net_84_9903
844,GradientShap_16_1_0.1_ZINBAutoencoder_randomize,1.0,4588.573393019993,170.33274449201417,net_53_11196_net_70_11431_net_84_9903
845,GradientShap_16_1_0.1_ZINBAutoencoder_data,1.0,4588.573393019993,173.54674635399715,net_53_11196_net_70_11431_net_84_9903
846,Deconvolution_16_1_0.1_ZINBAutoencoder_zeros,0.999,4588.573393019993,35.88233863800997,net_53_11196_net_70_11431_net_84_9903
847,GuidedBackprop_16_2_0_NegativeBinomialAutoencoder_zeros,1.0,2576.2958858230268,37.39463276701281,net_53_11196_net_70_11431_net_84_9903
848,GradientShap_16_2_0_NegativeBinomialAutoencoder_zeros,1.0,2576.2958858230268,169.97710001200903,net_53_11196_net_70_11431_net_84_9903
849,GradientShap_16_2_0_NegativeBinomialAutoencoder_randomize,1.0,2576.2958858230268,168.59034613901167,net_53_11196_net_70_11431_net_84_9903
850,GradientShap_16_2_0_NegativeBinomialAutoencoder_data,1.0,2576.2958858230268,164.93000763602322,net_53_11196_net_70_11431_net_84_9903
851,Deconvolution_16_2_0_NegativeBinomialAutoencoder_zeros,1.0,2576.2958858230268,38.38346121300128,net_53_11196_net_70_11431_net_84_9903
852,GuidedBackprop_16_2_0_ZINBAutoencoder_zeros,1.0,3301.211694222002,38.62615179401473,net_53_11196_net_70_11431_net_84_9903
853,GradientShap_16_2_0_ZINBAutoencoder_zeros,1.0,3301.211694222002,173.86309090498253,net_53_11196_net_70_11431_net_84_9903
854,GradientShap_16_2_0_ZINBAutoencoder_randomize,1.0,3301.211694222002,175.39757330997963,net_53_11196_net_70_11431_net_84_9903
855,GradientShap_16_2_0_ZINBAutoencoder_data,1.0,3301.211694222002,174.2405290720053,net_53_11196_net_70_11431_net_84_9903
856,Deconvolution_16_2_0_ZINBAutoencoder_zeros,1.0,3301.211694222002,38.07695804699324,net_53_11196_net_70_11431_net_84_9903
857,GuidedBackprop_16_2_0.1_NegativeBinomialAutoencoder_zeros,1.0,3061.1726851249987,37.912316873000236,net_53_11196_net_70_11431_net_84_9903
858,GradientShap_16_2_0.1_NegativeBinomialAutoencoder_zeros,1.0,3061.1726851249987,170.47939127500285,net_53_11196_net_70_11431_net_84_9903
859,GradientShap_16_2_0.1_NegativeBinomialAutoencoder_randomize,1.0,3061.1726851249987,171.60735552900587,net_53_11196_net_70_11431_net_84_9903
860,GradientShap_16_2_0.1_NegativeBinomialAutoencoder_data,1.0,3061.1726851249987,170.50384939601645,net_53_11196_net_70_11431_net_84_9903
861,Deconvolution_16_2_0.1_NegativeBinomialAutoencoder_zeros,1.0,3061.1726851249987,35.47598371797358,net_53_11196_net_70_11431_net_84_9903
862,GuidedBackprop_16_2_0.1_ZINBAutoencoder_zeros,1.0,4578.673258755007,38.118183101993054,net_53_11196_net_70_11431_net_84_9903
863,GradientShap_16_2_0.1_ZINBAutoencoder_zeros,1.0,4578.673258755007,175.9042161690013,net_53_11196_net_70_11431_net_84_9903
864,GradientShap_16_2_0.1_ZINBAutoencoder_randomize,1.0,4578.673258755007,174.68767997197574,net_53_11196_net_70_11431_net_84_9903
865,GradientShap_16_2_0.1_ZINBAutoencoder_data,1.0,4578.673258755007,174.98618830702617,net_53_11196_net_70_11431_net_84_9903
866,Deconvolution_16_2_0.1_ZINBAutoencoder_zeros,1.0,4578.673258755007,38.286714260990266,net_53_11196_net_70_11431_net_84_9903
867,GuidedBackprop_16_3_0_NegativeBinomialAutoencoder_zeros,1.0,3575.024857335986,39.60143605101621,net_53_11196_net_70_11431_net_84_9903
868,GradientShap_16_3_0_NegativeBinomialAutoencoder_zeros,1.0,3575.024857335986,175.87053300099797,net_53_11196_net_70_11431_net_84_9903
869,GradientShap_16_3_0_NegativeBinomialAutoencoder_randomize,1.0,3575.024857335986,177.32852438400732,net_53_11196_net_70_11431_net_84_9903
870,GradientShap_16_3_0_NegativeBinomialAutoencoder_data,1.0,3575.024857335986,177.5805615639838,net_53_11196_net_70_11431_net_84_9903
871,Deconvolution_16_3_0_NegativeBinomialAutoencoder_zeros,1.0,3575.024857335986,39.71550169101101,net_53_11196_net_70_11431_net_84_9903
872,GuidedBackprop_16_3_0_ZINBAutoencoder_zeros,0.685,5309.310502836015,40.792241788993124,net_53_11196_net_70_11431_net_84_9903
873,GradientShap_16_3_0_ZINBAutoencoder_zeros,1.0,5309.310502836015,176.73112840598333,net_53_11196_net_70_11431_net_84_9903
874,GradientShap_16_3_0_ZINBAutoencoder_randomize,1.0,5309.310502836015,177.29201617999934,net_53_11196_net_70_11431_net_84_9903
875,GradientShap_16_3_0_ZINBAutoencoder_data,1.0,5309.310502836015,177.14560655798414,net_53_11196_net_70_11431_net_84_9903
876,Deconvolution_16_3_0_ZINBAutoencoder_zeros,1.0,5309.310502836015,40.786076678021345,net_53_11196_net_70_11431_net_84_9903
877,GuidedBackprop_16_3_0.1_NegativeBinomialAutoencoder_zeros,1.0,2121.6706971499952,41.11436030801269,net_53_11196_net_70_11431_net_84_9903
878,GradientShap_16_3_0.1_NegativeBinomialAutoencoder_zeros,1.0,2121.6706971499952,178.0646232260042,net_53_11196_net_70_11431_net_84_9903
879,GradientShap_16_3_0.1_NegativeBinomialAutoencoder_randomize,1.0,2121.6706971499952,179.7715621739917,net_53_11196_net_70_11431_net_84_9903
880,GradientShap_16_3_0.1_NegativeBinomialAutoencoder_data,1.0,2121.6706971499952,180.67153368901927,net_53_11196_net_70_11431_net_84_9903
881,Deconvolution_16_3_0.1_NegativeBinomialAutoencoder_zeros,1.0,2121.6706971499952,39.375127507024445,net_53_11196_net_70_11431_net_84_9903
882,GuidedBackprop_16_3_0.1_ZINBAutoencoder_zeros,1.0,3366.3964481400035,42.1855638550187,net_53_11196_net_70_11431_net_84_9903
883,GradientShap_16_3_0.1_ZINBAutoencoder_zeros,1.0,3366.3964481400035,180.67680544001632,net_53_11196_net_70_11431_net_84_9903
884,GradientShap_16_3_0.1_ZINBAutoencoder_randomize,1.0,3366.3964481400035,181.69675637298496,net_53_11196_net_70_11431_net_84_9903
885,GradientShap_16_3_0.1_ZINBAutoencoder_data,1.0,3366.3964481400035,179.75780724498327,net_53_11196_net_70_11431_net_84_9903
886,Deconvolution_16_3_0.1_ZINBAutoencoder_zeros,1.0,3366.3964481400035,41.947453964006854,net_53_11196_net_70_11431_net_84_9903
887,GuidedBackprop_64_1_0.1_NegativeBinomialAutoencoder_zeros,1.0,1885.859975935,35.49787214600019,net_60_10082_net_64_11307_net_84_11226
888,GradientShap_64_1_0.1_NegativeBinomialAutoencoder_zeros,1.0,1885.859975935,168.47580805799953,net_60_10082_net_64_11307_net_84_11226
889,GradientShap_64_1_0.1_NegativeBinomialAutoencoder_randomize,1.0,1885.859975935,169.51728871100022,net_60_10082_net_64_11307_net_84_11226
890,GradientShap_64_1_0.1_NegativeBinomialAutoencoder_data,1.0,1885.859975935,169.3034072899991,net_60_10082_net_64_11307_net_84_11226
891,Deconvolution_64_1_0.1_NegativeBinomialAutoencoder_zeros,1.0,1885.859975935,34.948753611999564,net_60_10082_net_64_11307_net_84_11226
892,GuidedBackprop_64_2_0_NegativeBinomialAutoencoder_zeros,1.0,1152.9576025889983,39.84639367600903,net_60_10082_net_64_11307_net_84_11226
893,GradientShap_64_2_0_NegativeBinomialAutoencoder_zeros,1.0,1152.9576025889983,186.748583329987,net_60_10082_net_64_11307_net_84_11226
894,GradientShap_64_2_0_NegativeBinomialAutoencoder_randomize,1.0,1152.9576025889983,189.14351265699952,net_60_10082_net_64_11307_net_84_11226
895,GradientShap_64_2_0_NegativeBinomialAutoencoder_data,1.0,1152.9576025889983,188.01584013400134,net_60_10082_net_64_11307_net_84_11226
896,Deconvolution_64_2_0_NegativeBinomialAutoencoder_zeros,1.0,1152.9576025889983,37.62992966399179,net_60_10082_net_64_11307_net_84_11226
897,GuidedBackprop_64_2_0_ZINBAutoencoder_zeros,1.0,1963.901031608999,38.821418421997805,net_60_10082_net_64_11307_net_84_11226
898,GradientShap_64_2_0_ZINBAutoencoder_zeros,1.0,1963.901031608999,183.25189687800594,net_60_10082_net_64_11307_net_84_11226
899,GradientShap_64_2_0_ZINBAutoencoder_randomize,1.0,1963.901031608999,182.25600167499215,net_60_10082_net_64_11307_net_84_11226
900,GradientShap_64_2_0_ZINBAutoencoder_data,1.0,1963.901031608999,182.72447832699982,net_60_10082_net_64_11307_net_84_11226
901,Deconvolution_64_2_0_ZINBAutoencoder_zeros,1.0,1963.901031608999,39.28587425699516,net_60_10082_net_64_11307_net_84_11226
902,GuidedBackprop_64_2_0.1_NegativeBinomialAutoencoder_zeros,1.0,1257.362090170005,38.70194975199411,net_60_10082_net_64_11307_net_84_11226
903,GradientShap_64_2_0.1_NegativeBinomialAutoencoder_zeros,1.0,1257.362090170005,181.43770198700076,net_60_10082_net_64_11307_net_84_11226
904,GradientShap_64_2_0.1_NegativeBinomialAutoencoder_randomize,1.0,1257.362090170005,180.7981764819997,net_60_10082_net_64_11307_net_84_11226
905,GradientShap_64_2_0.1_NegativeBinomialAutoencoder_data,1.0,1257.362090170005,181.08819723098713,net_60_10082_net_64_11307_net_84_11226
906,Deconvolution_64_2_0.1_NegativeBinomialAutoencoder_zeros,1.0,1257.362090170005,38.47975693800254,net_60_10082_net_64_11307_net_84_11226
907,GuidedBackprop_64_2_0.1_ZINBAutoencoder_zeros,1.0,1652.3874660380097,39.58378033401095,net_60_10082_net_64_11307_net_84_11226
908,GradientShap_64_2_0.1_ZINBAutoencoder_zeros,1.0,1652.3874660380097,183.32874258399534,net_60_10082_net_64_11307_net_84_11226
909,GradientShap_64_2_0.1_ZINBAutoencoder_randomize,1.0,1652.3874660380097,184.64337558099942,net_60_10082_net_64_11307_net_84_11226
910,GradientShap_64_2_0.1_ZINBAutoencoder_data,1.0,1652.3874660380097,184.52222558700305,net_60_10082_net_64_11307_net_84_11226
911,Deconvolution_64_2_0.1_ZINBAutoencoder_zeros,1.0,1652.3874660380097,39.871542494001915,net_60_10082_net_64_11307_net_84_11226
912,GuidedBackprop_64_3_0_NegativeBinomialAutoencoder_zeros,1.0,1569.5129215930065,41.69764033400861,net_60_10082_net_64_11307_net_84_11226
913,GradientShap_64_3_0_NegativeBinomialAutoencoder_zeros,1.0,1569.5129215930065,183.5300178870093,net_60_10082_net_64_11307_net_84_11226
914,GradientShap_64_3_0_NegativeBinomialAutoencoder_randomize,1.0,1569.5129215930065,184.32751916100096,net_60_10082_net_64_11307_net_84_11226
915,GradientShap_64_3_0_NegativeBinomialAutoencoder_data,1.0,1569.5129215930065,182.97914223000407,net_60_10082_net_64_11307_net_84_11226
916,Deconvolution_64_3_0_NegativeBinomialAutoencoder_zeros,1.0,1569.5129215930065,41.14383391200681,net_60_10082_net_64_11307_net_84_11226
917,GuidedBackprop_64_3_0_ZINBAutoencoder_zeros,1.0,2202.55546127299,40.80564033299743,net_60_10082_net_64_11307_net_84_11226
918,GradientShap_64_3_0_ZINBAutoencoder_zeros,1.0,2202.55546127299,181.59646626499307,net_60_10082_net_64_11307_net_84_11226
919,GradientShap_64_3_0_ZINBAutoencoder_randomize,1.0,2202.55546127299,184.41578697900695,net_60_10082_net_64_11307_net_84_11226
920,GradientShap_64_3_0_ZINBAutoencoder_data,1.0,2202.55546127299,187.97761341099977,net_60_10082_net_64_11307_net_84_11226
921,Deconvolution_64_3_0_ZINBAutoencoder_zeros,1.0,2202.55546127299,42.68496567000693,net_60_10082_net_64_11307_net_84_11226
922,GuidedBackprop_64_3_0.1_NegativeBinomialAutoencoder_zeros,1.0,837.6181261399906,41.44818826801202,net_60_10082_net_64_11307_net_84_11226
923,GradientShap_64_3_0.1_NegativeBinomialAutoencoder_zeros,1.0,837.6181261399906,180.0065022050112,net_60_10082_net_64_11307_net_84_11226
924,GradientShap_64_3_0.1_NegativeBinomialAutoencoder_randomize,1.0,837.6181261399906,184.23722791299224,net_60_10082_net_64_11307_net_84_11226
925,GradientShap_64_3_0.1_NegativeBinomialAutoencoder_data,1.0,837.6181261399906,184.23346532198775,net_60_10082_net_64_11307_net_84_11226
926,Deconvolution_64_3_0.1_NegativeBinomialAutoencoder_zeros,1.0,837.6181261399906,41.06724232999841,net_60_10082_net_64_11307_net_84_11226
927,GuidedBackprop_64_3_0.1_ZINBAutoencoder_zeros,1.0,1228.4508520249947,42.166240185004426,net_60_10082_net_64_11307_net_84_11226
928,GradientShap_64_3_0.1_ZINBAutoencoder_zeros,1.0,1228.4508520249947,181.70223974100372,net_60_10082_net_64_11307_net_84_11226
929,GradientShap_64_3_0.1_ZINBAutoencoder_randomize,1.0,1228.4508520249947,182.9557151570043,net_60_10082_net_64_11307_net_84_11226
930,GradientShap_64_3_0.1_ZINBAutoencoder_data,1.0,1228.4508520249947,182.29031193799165,net_60_10082_net_64_11307_net_84_11226
931,Deconvolution_64_3_0.1_ZINBAutoencoder_zeros,1.0,1228.4508520249947,41.9386483039998,net_60_10082_net_64_11307_net_84_11226
932,GuidedBackprop_32_1_0_NegativeBinomialAutoencoder_zeros,1.0,1574.4999711059936,33.952255502998014,net_60_10082_net_64_11307_net_84_11226
933,GradientShap_32_1_0_NegativeBinomialAutoencoder_zeros,1.0,1574.4999711059936,182.9351169260044,net_60_10082_net_64_11307_net_84_11226
934,GradientShap_32_1_0_NegativeBinomialAutoencoder_randomize,1.0,1574.4999711059936,182.54448806300934,net_60_10082_net_64_11307_net_84_11226
935,GradientShap_32_1_0_NegativeBinomialAutoencoder_data,1.0,1574.4999711059936,182.20511088900093,net_60_10082_net_64_11307_net_84_11226
936,Deconvolution_32_1_0_NegativeBinomialAutoencoder_zeros,1.0,1574.4999711059936,35.65346881799633,net_60_10082_net_64_11307_net_84_11226
937,GuidedBackprop_32_1_0.1_NegativeBinomialAutoencoder_zeros,1.0,1909.0899202779983,40.68595425298554,net_60_10082_net_64_11307_net_84_11226
938,GradientShap_32_1_0.1_NegativeBinomialAutoencoder_zeros,1.0,1909.0899202779983,187.167630387994,net_60_10082_net_64_11307_net_84_11226
939,GradientShap_32_1_0.1_NegativeBinomialAutoencoder_randomize,1.0,1909.0899202779983,186.57695771,net_60_10082_net_64_11307_net_84_11226
940,GradientShap_32_1_0.1_NegativeBinomialAutoencoder_data,1.0,1909.0899202779983,184.73526779399253,net_60_10082_net_64_11307_net_84_11226
941,Deconvolution_32_1_0.1_NegativeBinomialAutoencoder_zeros,1.0,1909.0899202779983,38.16000246501062,net_60_10082_net_64_11307_net_84_11226
942,GuidedBackprop_32_2_0_NegativeBinomialAutoencoder_zeros,1.0,1764.8635519389936,46.18072139902506,net_60_10082_net_64_11307_net_84_11226
943,GradientShap_32_2_0_NegativeBinomialAutoencoder_zeros,1.0,1764.8635519389936,202.06604112198693,net_60_10082_net_64_11307_net_84_11226
944,GradientShap_32_2_0_NegativeBinomialAutoencoder_randomize,1.0,1764.8635519389936,210.35234069501166,net_60_10082_net_64_11307_net_84_11226
945,GradientShap_32_2_0_NegativeBinomialAutoencoder_data,1.0,1764.8635519389936,201.86441785100033,net_60_10082_net_64_11307_net_84_11226
946,Deconvolution_32_2_0_NegativeBinomialAutoencoder_zeros,1.0,1764.8635519389936,47.352706159988884,net_60_10082_net_64_11307_net_84_11226
947,GuidedBackprop_32_2_0_ZINBAutoencoder_zeros,1.0,2480.5640727170103,47.01398579200031,net_60_10082_net_64_11307_net_84_11226
948,GradientShap_32_2_0_ZINBAutoencoder_zeros,1.0,2480.5640727170103,207.97215025901096,net_60_10082_net_64_11307_net_84_11226
949,GradientShap_32_2_0_ZINBAutoencoder_randomize,1.0,2480.5640727170103,197.96087588899536,net_60_10082_net_64_11307_net_84_11226
950,GradientShap_32_2_0_ZINBAutoencoder_data,1.0,2480.5640727170103,201.43396975801443,net_60_10082_net_64_11307_net_84_11226
951,Deconvolution_32_2_0_ZINBAutoencoder_zeros,1.0,2480.5640727170103,51.34017605998088,net_60_10082_net_64_11307_net_84_11226
952,GuidedBackprop_32_2_0.1_NegativeBinomialAutoencoder_zeros,1.0,1288.7726959880092,48.60621468501631,net_60_10082_net_64_11307_net_84_11226
953,GradientShap_32_2_0.1_NegativeBinomialAutoencoder_zeros,1.0,1288.7726959880092,205.62750165100442,net_60_10082_net_64_11307_net_84_11226
954,GradientShap_32_2_0.1_NegativeBinomialAutoencoder_randomize,1.0,1288.7726959880092,210.09996260600747,net_60_10082_net_64_11307_net_84_11226
955,GradientShap_32_2_0.1_NegativeBinomialAutoencoder_data,1.0,1288.7726959880092,206.80642350000562,net_60_10082_net_64_11307_net_84_11226
956,Deconvolution_32_2_0.1_NegativeBinomialAutoencoder_zeros,1.0,1288.7726959880092,54.615097928006435,net_60_10082_net_64_11307_net_84_11226
957,GuidedBackprop_32_2_0.1_ZINBAutoencoder_zeros,1.0,1757.539112270024,43.777705621003406,net_60_10082_net_64_11307_net_84_11226
958,GradientShap_32_2_0.1_ZINBAutoencoder_zeros,1.0,1757.539112270024,199.0848530199728,net_60_10082_net_64_11307_net_84_11226
959,GradientShap_32_2_0.1_ZINBAutoencoder_randomize,1.0,1757.539112270024,200.29385069897398,net_60_10082_net_64_11307_net_84_11226
960,GradientShap_32_2_0.1_ZINBAutoencoder_data,1.0,1757.539112270024,198.96704998699715,net_60_10082_net_64_11307_net_84_11226
961,Deconvolution_32_2_0.1_ZINBAutoencoder_zeros,1.0,1757.539112270024,45.41426682699239,net_60_10082_net_64_11307_net_84_11226
962,GuidedBackprop_32_3_0_NegativeBinomialAutoencoder_zeros,0.63,2032.2880780110136,45.50574576802319,net_60_10082_net_64_11307_net_84_11226
963,GradientShap_32_3_0_NegativeBinomialAutoencoder_zeros,1.0,2032.2880780110136,195.49687013000948,net_60_10082_net_64_11307_net_84_11226
964,GradientShap_32_3_0_NegativeBinomialAutoencoder_randomize,1.0,2032.2880780110136,197.3087426580023,net_60_10082_net_64_11307_net_84_11226
965,GradientShap_32_3_0_NegativeBinomialAutoencoder_data,1.0,2032.2880780110136,194.85911529898294,net_60_10082_net_64_11307_net_84_11226
966,Deconvolution_32_3_0_NegativeBinomialAutoencoder_zeros,1.0,2032.2880780110136,45.643148797011236,net_60_10082_net_64_11307_net_84_11226
967,GuidedBackprop_32_3_0_ZINBAutoencoder_zeros,1.0,2995.855596505018,43.57852591801202,net_60_10082_net_64_11307_net_84_11226
968,GradientShap_32_3_0_ZINBAutoencoder_zeros,1.0,2995.855596505018,187.42744983598823,net_60_10082_net_64_11307_net_84_11226
969,GradientShap_32_3_0_ZINBAutoencoder_randomize,1.0,2995.855596505018,181.3404838790011,net_60_10082_net_64_11307_net_84_11226
970,GradientShap_32_3_0_ZINBAutoencoder_data,1.0,2995.855596505018,180.7327838659985,net_60_10082_net_64_11307_net_84_11226
971,Deconvolution_32_3_0_ZINBAutoencoder_zeros,1.0,2995.855596505018,41.98217718102387,net_60_10082_net_64_11307_net_84_11226
972,GuidedBackprop_32_3_0.1_NegativeBinomialAutoencoder_zeros,1.0,1139.4894116659998,41.38235720200464,net_60_10082_net_64_11307_net_84_11226
973,GradientShap_32_3_0.1_NegativeBinomialAutoencoder_zeros,1.0,1139.4894116659998,183.45751670800382,net_60_10082_net_64_11307_net_84_11226
974,GradientShap_32_3_0.1_NegativeBinomialAutoencoder_randomize,1.0,1139.4894116659998,184.59771409499808,net_60_10082_net_64_11307_net_84_11226
975,GradientShap_32_3_0.1_NegativeBinomialAutoencoder_data,1.0,1139.4894116659998,185.27051810800913,net_60_10082_net_64_11307_net_84_11226
976,Deconvolution_32_3_0.1_NegativeBinomialAutoencoder_zeros,1.0,1139.4894116659998,41.31931126798736,net_60_10082_net_64_11307_net_84_11226
977,GuidedBackprop_32_3_0.1_ZINBAutoencoder_zeros,1.0,1609.9858920239785,58.28588189498987,net_60_10082_net_64_11307_net_84_11226
978,GradientShap_32_3_0.1_ZINBAutoencoder_zeros,1.0,1609.9858920239785,194.16984427600983,net_60_10082_net_64_11307_net_84_11226
979,GradientShap_32_3_0.1_ZINBAutoencoder_randomize,1.0,1609.9858920239785,203.5825048990082,net_60_10082_net_64_11307_net_84_11226
980,GradientShap_32_3_0.1_ZINBAutoencoder_data,1.0,1609.9858920239785,207.8240912730107,net_60_10082_net_64_11307_net_84_11226
981,Deconvolution_32_3_0.1_ZINBAutoencoder_zeros,1.0,1609.9858920239785,48.26642010101932,net_60_10082_net_64_11307_net_84_11226
982,GuidedBackprop_16_1_0_NegativeBinomialAutoencoder_zeros,1.0,1884.1365619039861,43.67063765099738,net_60_10082_net_64_11307_net_84_11226
983,GradientShap_16_1_0_NegativeBinomialAutoencoder_zeros,1.0,1884.1365619039861,198.0352714289911,net_60_10082_net_64_11307_net_84_11226
984,GradientShap_16_1_0_NegativeBinomialAutoencoder_randomize,1.0,1884.1365619039861,195.52233392000198,net_60_10082_net_64_11307_net_84_11226
985,GradientShap_16_1_0_NegativeBinomialAutoencoder_data,1.0,1884.1365619039861,200.03131400799612,net_60_10082_net_64_11307_net_84_11226
986,Deconvolution_16_1_0_NegativeBinomialAutoencoder_zeros,1.0,1884.1365619039861,41.87345577601809,net_60_10082_net_64_11307_net_84_11226
987,GuidedBackprop_16_1_0.1_NegativeBinomialAutoencoder_zeros,1.0,2768.531390626973,41.7909902590327,net_60_10082_net_64_11307_net_84_11226
988,GradientShap_16_1_0.1_NegativeBinomialAutoencoder_zeros,1.0,2768.531390626973,225.43860124394996,net_60_10082_net_64_11307_net_84_11226
989,GradientShap_16_1_0.1_NegativeBinomialAutoencoder_randomize,1.0,2768.531390626973,224.91490012896247,net_60_10082_net_64_11307_net_84_11226
990,GradientShap_16_1_0.1_NegativeBinomialAutoencoder_data,1.0,2768.531390626973,220.4214922389947,net_60_10082_net_64_11307_net_84_11226
991,Deconvolution_16_1_0.1_NegativeBinomialAutoencoder_zeros,1.0,2768.531390626973,41.24683574895607,net_60_10082_net_64_11307_net_84_11226
992,GuidedBackprop_16_2_0_NegativeBinomialAutoencoder_zeros,1.0,2209.572874077945,40.34029176796321,net_60_10082_net_64_11307_net_84_11226
993,GradientShap_16_2_0_NegativeBinomialAutoencoder_zeros,1.0,2209.572874077945,214.65372295491397,net_60_10082_net_64_11307_net_84_11226
994,GradientShap_16_2_0_NegativeBinomialAutoencoder_randomize,1.0,2209.572874077945,197.20703279192094,net_60_10082_net_64_11307_net_84_11226
995,GradientShap_16_2_0_NegativeBinomialAutoencoder_data,1.0,2209.572874077945,203.16676315595396,net_60_10082_net_64_11307_net_84_11226
996,Deconvolution_16_2_0_NegativeBinomialAutoencoder_zeros,1.0,2209.572874077945,66.80461595195811,net_60_10082_net_64_11307_net_84_11226
997,GuidedBackprop_16_2_0_ZINBAutoencoder_zeros,1.0,3219.786112211994,60.01913906901609,net_60_10082_net_64_11307_net_84_11226
998,GradientShap_16_2_0_ZINBAutoencoder_zeros,1.0,3219.786112211994,197.10034669702873,net_60_10082_net_64_11307_net_84_11226
999,GradientShap_16_2_0_ZINBAutoencoder_randomize,1.0,3219.786112211994,215.15288377995603,net_60_10082_net_64_11307_net_84_11226
1000,GradientShap_16_2_0_ZINBAutoencoder_data,1.0,3219.786112211994,192.4224890919868,net_60_10082_net_64_11307_net_84_11226
1001,Deconvolution_16_2_0_ZINBAutoencoder_zeros,1.0,3219.786112211994,41.67185625107959,net_60_10082_net_64_11307_net_84_11226
1002,GuidedBackprop_16_2_0.1_NegativeBinomialAutoencoder_zeros,1.0,1649.2215024320176,41.78974184195977,net_60_10082_net_64_11307_net_84_11226
1003,GradientShap_16_2_0.1_NegativeBinomialAutoencoder_zeros,1.0,1649.2215024320176,194.56546886300202,net_60_10082_net_64_11307_net_84_11226
1004,GradientShap_16_2_0.1_NegativeBinomialAutoencoder_randomize,1.0,1649.2215024320176,190.82044953806326,net_60_10082_net_64_11307_net_84_11226
1005,GradientShap_16_2_0.1_NegativeBinomialAutoencoder_data,1.0,1649.2215024320176,190.91885548899882,net_60_10082_net_64_11307_net_84_11226
1006,Deconvolution_16_2_0.1_NegativeBinomialAutoencoder_zeros,1.0,1649.2215024320176,41.889304031967185,net_60_10082_net_64_11307_net_84_11226
1007,GuidedBackprop_16_2_0.1_ZINBAutoencoder_zeros,1.0,3149.0419275929453,46.36193923000246,net_60_10082_net_64_11307_net_84_11226
1008,GradientShap_16_2_0.1_ZINBAutoencoder_zeros,1.0,3149.0419275929453,444.39782937208656,net_60_10082_net_64_11307_net_84_11226
1009,GradientShap_16_2_0.1_ZINBAutoencoder_randomize,1.0,3149.0419275929453,190.30365547398105,net_60_10082_net_64_11307_net_84_11226
1010,GradientShap_16_2_0.1_ZINBAutoencoder_data,1.0,3149.0419275929453,190.52778635302093,net_60_10082_net_64_11307_net_84_11226
1011,Deconvolution_16_2_0.1_ZINBAutoencoder_zeros,1.0,3149.0419275929453,41.54265325795859,net_60_10082_net_64_11307_net_84_11226
1012,GuidedBackprop_16_3_0_NegativeBinomialAutoencoder_zeros,1.0,2393.018147276016,41.95665704703424,net_60_10082_net_64_11307_net_84_11226
1013,GradientShap_16_3_0_NegativeBinomialAutoencoder_zeros,1.0,2393.018147276016,188.3487098950427,net_60_10082_net_64_11307_net_84_11226
1014,GradientShap_16_3_0_NegativeBinomialAutoencoder_randomize,1.0,2393.018147276016,194.49520456499886,net_60_10082_net_64_11307_net_84_11226
1015,GradientShap_16_3_0_NegativeBinomialAutoencoder_data,1.0,2393.018147276016,193.6125046609668,net_60_10082_net_64_11307_net_84_11226
1016,Deconvolution_16_3_0_NegativeBinomialAutoencoder_zeros,1.0,2393.018147276016,44.031498129013926,net_60_10082_net_64_11307_net_84_11226
1017,GuidedBackprop_16_3_0_ZINBAutoencoder_zeros,1.0,5102.824188463972,44.863161469926126,net_60_10082_net_64_11307_net_84_11226
1018,GradientShap_16_3_0_ZINBAutoencoder_zeros,1.0,5102.824188463972,192.67907412501518,net_60_10082_net_64_11307_net_84_11226
1019,GradientShap_16_3_0_ZINBAutoencoder_randomize,1.0,5102.824188463972,192.65283880999777,net_60_10082_net_64_11307_net_84_11226
1020,GradientShap_16_3_0_ZINBAutoencoder_data,1.0,5102.824188463972,195.21812516998034,net_60_10082_net_64_11307_net_84_11226
1021,Deconvolution_16_3_0_ZINBAutoencoder_zeros,1.0,5102.824188463972,45.593794259941205,net_60_10082_net_64_11307_net_84_11226
1022,GuidedBackprop_16_3_0.1_NegativeBinomialAutoencoder_zeros,1.0,1435.907109099906,44.278242277912796,net_60_10082_net_64_11307_net_84_11226
1023,GradientShap_16_3_0.1_NegativeBinomialAutoencoder_zeros,1.0,1435.907109099906,190.10811652906705,net_60_10082_net_64_11307_net_84_11226
1024,GradientShap_16_3_0.1_NegativeBinomialAutoencoder_randomize,1.0,1435.907109099906,188.275977893034,net_60_10082_net_64_11307_net_84_11226
1025,GradientShap_16_3_0.1_NegativeBinomialAutoencoder_data,1.0,1435.907109099906,190.48992883705068,net_60_10082_net_64_11307_net_84_11226
1026,Deconvolution_16_3_0.1_NegativeBinomialAutoencoder_zeros,1.0,1435.907109099906,45.372663700953126,net_60_10082_net_64_11307_net_84_11226
1027,GuidedBackprop_16_3_0.1_ZINBAutoencoder_zeros,1.0,2036.8532951710513,46.04969707899727,net_60_10082_net_64_11307_net_84_11226
1028,GradientShap_16_3_0.1_ZINBAutoencoder_zeros,1.0,2036.8532951710513,190.87158038001508,net_60_10082_net_64_11307_net_84_11226
1029,GradientShap_16_3_0.1_ZINBAutoencoder_randomize,1.0,2036.8532951710513,192.12737699400168,net_60_10082_net_64_11307_net_84_11226
1030,GradientShap_16_3_0.1_ZINBAutoencoder_data,1.0,2036.8532951710513,191.78051668801345,net_60_10082_net_64_11307_net_84_11226
1031,Deconvolution_16_3_0.1_ZINBAutoencoder_zeros,1.0,2036.8532951710513,44.68025296903215,net_60_10082_net_64_11307_net_84_11226
1032,GuidedBackprop_64_1_0.1_NegativeBinomialAutoencoder_zeros,1.0,1901.4376391320002,47.56778539900006,net_70_11431_net_60_10082_net_135_11054
1033,GradientShap_64_1_0.1_NegativeBinomialAutoencoder_zeros,1.0,1901.4376391320002,228.5164523200001,net_70_11431_net_60_10082_net_135_11054
1034,GradientShap_64_1_0.1_NegativeBinomialAutoencoder_randomize,1.0,1901.4376391320002,229.5914970089998,net_70_11431_net_60_10082_net_135_11054
1035,GradientShap_64_1_0.1_NegativeBinomialAutoencoder_data,1.0,1901.4376391320002,226.59966675599935,net_70_11431_net_60_10082_net_135_11054
1036,Deconvolution_64_1_0.1_NegativeBinomialAutoencoder_zeros,1.0,1901.4376391320002,45.93988977000117,net_70_11431_net_60_10082_net_135_11054
1037,GuidedBackprop_64_2_0_NegativeBinomialAutoencoder_zeros,1.0,1470.218946197987,48.00185493400204,net_70_11431_net_60_10082_net_135_11054
1038,GradientShap_64_2_0_NegativeBinomialAutoencoder_zeros,1.0,1470.218946197987,236.903818294988,net_70_11431_net_60_10082_net_135_11054
1039,GradientShap_64_2_0_NegativeBinomialAutoencoder_randomize,1.0,1470.218946197987,243.86870410499978,net_70_11431_net_60_10082_net_135_11054
1040,GradientShap_64_2_0_NegativeBinomialAutoencoder_data,1.0,1470.218946197987,240.21486432899837,net_70_11431_net_60_10082_net_135_11054
1041,Deconvolution_64_2_0_NegativeBinomialAutoencoder_zeros,1.0,1470.218946197987,53.477982516007614,net_70_11431_net_60_10082_net_135_11054
1042,GuidedBackprop_64_2_0_ZINBAutoencoder_zeros,1.0,1939.6071483039996,52.741547264988185,net_70_11431_net_60_10082_net_135_11054
1043,GradientShap_64_2_0_ZINBAutoencoder_zeros,1.0,1939.6071483039996,246.68979827000294,net_70_11431_net_60_10082_net_135_11054
1044,GradientShap_64_2_0_ZINBAutoencoder_randomize,1.0,1939.6071483039996,244.0393561630044,net_70_11431_net_60_10082_net_135_11054
1045,GradientShap_64_2_0_ZINBAutoencoder_data,1.0,1939.6071483039996,237.27526064000267,net_70_11431_net_60_10082_net_135_11054
1046,Deconvolution_64_2_0_ZINBAutoencoder_zeros,1.0,1939.6071483039996,53.00931590498658,net_70_11431_net_60_10082_net_135_11054
1047,GuidedBackprop_64_2_0.1_NegativeBinomialAutoencoder_zeros,1.0,1118.0705807979975,61.159947092004586,net_70_11431_net_60_10082_net_135_11054
1048,GradientShap_64_2_0.1_NegativeBinomialAutoencoder_zeros,1.0,1118.0705807979975,263.5427628710022,net_70_11431_net_60_10082_net_135_11054
1049,GradientShap_64_2_0.1_NegativeBinomialAutoencoder_randomize,1.0,1118.0705807979975,259.880903458994,net_70_11431_net_60_10082_net_135_11054
1050,GradientShap_64_2_0.1_NegativeBinomialAutoencoder_data,1.0,1118.0705807979975,269.6121261869994,net_70_11431_net_60_10082_net_135_11054
1051,Deconvolution_64_2_0.1_NegativeBinomialAutoencoder_zeros,1.0,1118.0705807979975,54.535664914001245,net_70_11431_net_60_10082_net_135_11054
1052,GuidedBackprop_64_2_0.1_ZINBAutoencoder_zeros,1.0,1315.1204481690074,61.036674570001196,net_70_11431_net_60_10082_net_135_11054
1053,GradientShap_64_2_0.1_ZINBAutoencoder_zeros,1.0,1315.1204481690074,244.11331928300206,net_70_11431_net_60_10082_net_135_11054
1054,GradientShap_64_2_0.1_ZINBAutoencoder_randomize,1.0,1315.1204481690074,243.43688797199866,net_70_11431_net_60_10082_net_135_11054
1055,GradientShap_64_2_0.1_ZINBAutoencoder_data,1.0,1315.1204481690074,277.45373506900796,net_70_11431_net_60_10082_net_135_11054
1056,Deconvolution_64_2_0.1_ZINBAutoencoder_zeros,1.0,1315.1204481690074,52.439170937999734,net_70_11431_net_60_10082_net_135_11054
1057,GuidedBackprop_64_3_0_NegativeBinomialAutoencoder_zeros,1.0,1401.630207091992,54.898315462007304,net_70_11431_net_60_10082_net_135_11054
1058,GradientShap_64_3_0_NegativeBinomialAutoencoder_zeros,1.0,1401.630207091992,239.8400343809917,net_70_11431_net_60_10082_net_135_11054
1059,GradientShap_64_3_0_NegativeBinomialAutoencoder_randomize,1.0,1401.630207091992,287.9556029480009,net_70_11431_net_60_10082_net_135_11054
1060,GradientShap_64_3_0_NegativeBinomialAutoencoder_data,1.0,1401.630207091992,283.0621188600053,net_70_11431_net_60_10082_net_135_11054
1061,Deconvolution_64_3_0_NegativeBinomialAutoencoder_zeros,1.0,1401.630207091992,55.55131325300317,net_70_11431_net_60_10082_net_135_11054
1062,GuidedBackprop_64_3_0_ZINBAutoencoder_zeros,1.0,1687.2262340710004,57.44173751700146,net_70_11431_net_60_10082_net_135_11054
1063,GradientShap_64_3_0_ZINBAutoencoder_zeros,1.0,1687.2262340710004,252.7231375810079,net_70_11431_net_60_10082_net_135_11054
1064,GradientShap_64_3_0_ZINBAutoencoder_randomize,1.0,1687.2262340710004,269.4708743719966,net_70_11431_net_60_10082_net_135_11054
1065,GradientShap_64_3_0_ZINBAutoencoder_data,1.0,1687.2262340710004,265.4643540519901,net_70_11431_net_60_10082_net_135_11054
1066,Deconvolution_64_3_0_ZINBAutoencoder_zeros,1.0,1687.2262340710004,67.65911499499634,net_70_11431_net_60_10082_net_135_11054
1067,GuidedBackprop_64_3_0.1_NegativeBinomialAutoencoder_zeros,1.0,671.3019812780112,53.48478377700667,net_70_11431_net_60_10082_net_135_11054
1068,GradientShap_64_3_0.1_NegativeBinomialAutoencoder_zeros,1.0,671.3019812780112,285.78411133600457,net_70_11431_net_60_10082_net_135_11054
1069,GradientShap_64_3_0.1_NegativeBinomialAutoencoder_randomize,1.0,671.3019812780112,239.29761180499918,net_70_11431_net_60_10082_net_135_11054
1070,GradientShap_64_3_0.1_NegativeBinomialAutoencoder_data,1.0,671.3019812780112,239.58395070699044,net_70_11431_net_60_10082_net_135_11054
1071,Deconvolution_64_3_0.1_NegativeBinomialAutoencoder_zeros,1.0,671.3019812780112,54.05195412800822,net_70_11431_net_60_10082_net_135_11054
1072,GuidedBackprop_64_3_0.1_ZINBAutoencoder_zeros,1.0,1118.3049934059964,54.53361790899362,net_70_11431_net_60_10082_net_135_11054
1073,GradientShap_64_3_0.1_ZINBAutoencoder_zeros,1.0,1118.3049934059964,242.6400053480029,net_70_11431_net_60_10082_net_135_11054
1074,GradientShap_64_3_0.1_ZINBAutoencoder_randomize,1.0,1118.3049934059964,285.56472887400014,net_70_11431_net_60_10082_net_135_11054
1075,GradientShap_64_3_0.1_ZINBAutoencoder_data,1.0,1118.3049934059964,243.42364177299896,net_70_11431_net_60_10082_net_135_11054
1076,Deconvolution_64_3_0.1_ZINBAutoencoder_zeros,1.0,1118.3049934059964,57.49603522699908,net_70_11431_net_60_10082_net_135_11054
1077,GuidedBackprop_32_1_0_NegativeBinomialAutoencoder_zeros,1.0,983.3594638820068,55.534397024996,net_70_11431_net_60_10082_net_135_11054
1078,GradientShap_32_1_0_NegativeBinomialAutoencoder_zeros,1.0,983.3594638820068,240.88953347499773,net_70_11431_net_60_10082_net_135_11054
1079,GradientShap_32_1_0_NegativeBinomialAutoencoder_randomize,1.0,983.3594638820068,275.84506763500394,net_70_11431_net_60_10082_net_135_11054
1080,GradientShap_32_1_0_NegativeBinomialAutoencoder_data,1.0,983.3594638820068,267.5348970040068,net_70_11431_net_60_10082_net_135_11054
1081,Deconvolution_32_1_0_NegativeBinomialAutoencoder_zeros,1.0,983.3594638820068,49.50267672899645,net_70_11431_net_60_10082_net_135_11054
1082,GuidedBackprop_32_1_0_ZINBAutoencoder_zeros,1.0,1843.5282019430015,50.96923259700998,net_70_11431_net_60_10082_net_135_11054
1083,GradientShap_32_1_0_ZINBAutoencoder_zeros,1.0,1843.5282019430015,272.7119048769964,net_70_11431_net_60_10082_net_135_11054
1084,GradientShap_32_1_0_ZINBAutoencoder_randomize,1.0,1843.5282019430015,244.86651469700155,net_70_11431_net_60_10082_net_135_11054
1085,GradientShap_32_1_0_ZINBAutoencoder_data,1.0,1843.5282019430015,245.8157254849939,net_70_11431_net_60_10082_net_135_11054
1086,Deconvolution_32_1_0_ZINBAutoencoder_zeros,1.0,1843.5282019430015,57.52050028700614,net_70_11431_net_60_10082_net_135_11054
1087,GuidedBackprop_32_1_0.1_NegativeBinomialAutoencoder_zeros,1.0,1144.410566999999,49.20045097099501,net_70_11431_net_60_10082_net_135_11054
1088,GradientShap_32_1_0.1_NegativeBinomialAutoencoder_data,1.0,1144.410566999999,246.31979299300292,net_70_11431_net_60_10082_net_135_11054
1089,GradientShap_32_1_0.1_NegativeBinomialAutoencoder_zeros,1.0,1144.410566999999,251.82850936199247,net_70_11431_net_60_10082_net_135_11054
1090,GradientShap_32_1_0.1_NegativeBinomialAutoencoder_randomize,1.0,1144.410566999999,292.76308025400795,net_70_11431_net_60_10082_net_135_11054
1091,Deconvolution_32_1_0.1_NegativeBinomialAutoencoder_zeros,1.0,1144.410566999999,53.687291034992086,net_70_11431_net_60_10082_net_135_11054
1092,GuidedBackprop_32_2_0_NegativeBinomialAutoencoder_zeros,1.0,1664.4915999750083,255.9281883299991,net_70_11431_net_60_10082_net_135_11054
1093,GradientShap_32_2_0_NegativeBinomialAutoencoder_zeros,1.0,1664.4915999750083,233.39607548498316,net_70_11431_net_60_10082_net_135_11054
1094,GradientShap_32_2_0_NegativeBinomialAutoencoder_randomize,1.0,1664.4915999750083,371.4457940279972,net_70_11431_net_60_10082_net_135_11054
1095,GradientShap_32_2_0_NegativeBinomialAutoencoder_data,1.0,1664.4915999750083,310.3551756129891,net_70_11431_net_60_10082_net_135_11054
1096,Deconvolution_32_2_0_NegativeBinomialAutoencoder_zeros,1.0,1664.4915999750083,70.30736310899374,net_70_11431_net_60_10082_net_135_11054
1097,GuidedBackprop_32_2_0_ZINBAutoencoder_zeros,1.0,2774.5070284079993,58.94138421100797,net_70_11431_net_60_10082_net_135_11054
1098,GradientShap_32_2_0_ZINBAutoencoder_zeros,1.0,2774.5070284079993,252.37182417401345,net_70_11431_net_60_10082_net_135_11054
1099,GradientShap_32_2_0_ZINBAutoencoder_randomize,1.0,2774.5070284079993,298.4146722200094,net_70_11431_net_60_10082_net_135_11054
1100,GradientShap_32_2_0_ZINBAutoencoder_data,1.0,2774.5070284079993,272.8746986979968,net_70_11431_net_60_10082_net_135_11054
1101,Deconvolution_32_2_0_ZINBAutoencoder_zeros,1.0,2774.5070284079993,59.60526876599761,net_70_11431_net_60_10082_net_135_11054
1102,GuidedBackprop_32_2_0.1_NegativeBinomialAutoencoder_zeros,1.0,1419.7414076190034,62.384610423992854,net_70_11431_net_60_10082_net_135_11054
1103,GradientShap_32_2_0.1_NegativeBinomialAutoencoder_zeros,1.0,1419.7414076190034,330.82692413398763,net_70_11431_net_60_10082_net_135_11054
1104,GradientShap_32_2_0.1_NegativeBinomialAutoencoder_randomize,1.0,1419.7414076190034,336.0395141810004,net_70_11431_net_60_10082_net_135_11054
1105,GradientShap_32_2_0.1_NegativeBinomialAutoencoder_data,1.0,1419.7414076190034,303.43947184301214,net_70_11431_net_60_10082_net_135_11054
1106,Deconvolution_32_2_0.1_NegativeBinomialAutoencoder_zeros,1.0,1419.7414076190034,57.96396244200878,net_70_11431_net_60_10082_net_135_11054
1107,GuidedBackprop_32_2_0.1_ZINBAutoencoder_zeros,1.0,1797.1843558769906,68.19383340500644,net_70_11431_net_60_10082_net_135_11054
1108,GradientShap_32_2_0.1_ZINBAutoencoder_zeros,1.0,1797.1843558769906,261.2761590429873,net_70_11431_net_60_10082_net_135_11054
1109,GradientShap_32_2_0.1_ZINBAutoencoder_randomize,1.0,1797.1843558769906,262.538700834004,net_70_11431_net_60_10082_net_135_11054
1110,GradientShap_32_2_0.1_ZINBAutoencoder_data,1.0,1797.1843558769906,257.80527692401665,net_70_11431_net_60_10082_net_135_11054
1111,Deconvolution_32_2_0.1_ZINBAutoencoder_zeros,1.0,1797.1843558769906,71.45423733800999,net_70_11431_net_60_10082_net_135_11054
1112,GuidedBackprop_32_3_0_NegativeBinomialAutoencoder_zeros,1.0,2068.1265094269766,75.42815013497602,net_70_11431_net_60_10082_net_135_11054
1113,GradientShap_32_3_0_NegativeBinomialAutoencoder_zeros,1.0,2068.1265094269766,260.9536792440049,net_70_11431_net_60_10082_net_135_11054
1114,GradientShap_32_3_0_NegativeBinomialAutoencoder_randomize,1.0,2068.1265094269766,264.22977875202196,net_70_11431_net_60_10082_net_135_11054
1115,GradientShap_32_3_0_NegativeBinomialAutoencoder_data,1.0,2068.1265094269766,264.4486194830097,net_70_11431_net_60_10082_net_135_11054
1116,Deconvolution_32_3_0_NegativeBinomialAutoencoder_zeros,1.0,2068.1265094269766,73.88537896200432,net_70_11431_net_60_10082_net_135_11054
1117,GuidedBackprop_32_3_0_ZINBAutoencoder_zeros,1.0,2812.4984989140066,81.37413504198776,net_70_11431_net_60_10082_net_135_11054
1118,GradientShap_32_3_0_ZINBAutoencoder_zeros,1.0,2812.4984989140066,276.54282280500047,net_70_11431_net_60_10082_net_135_11054
1119,GradientShap_32_3_0_ZINBAutoencoder_randomize,1.0,2812.4984989140066,279.4771942709922,net_70_11431_net_60_10082_net_135_11054
1120,GradientShap_32_3_0_ZINBAutoencoder_data,1.0,2812.4984989140066,267.9318654499948,net_70_11431_net_60_10082_net_135_11054
1121,Deconvolution_32_3_0_ZINBAutoencoder_zeros,1.0,2812.4984989140066,77.39388951100409,net_70_11431_net_60_10082_net_135_11054
1122,GuidedBackprop_32_3_0.1_NegativeBinomialAutoencoder_zeros,1.0,1248.3961962199828,73.85932624299312,net_70_11431_net_60_10082_net_135_11054
1123,GradientShap_32_3_0.1_NegativeBinomialAutoencoder_zeros,1.0,1248.3961962199828,273.64868564601056,net_70_11431_net_60_10082_net_135_11054
1124,GradientShap_32_3_0.1_NegativeBinomialAutoencoder_randomize,1.0,1248.3961962199828,267.97332044600626,net_70_11431_net_60_10082_net_135_11054
1125,GradientShap_32_3_0.1_NegativeBinomialAutoencoder_data,1.0,1248.3961962199828,271.2109614519868,net_70_11431_net_60_10082_net_135_11054
1126,Deconvolution_32_3_0.1_NegativeBinomialAutoencoder_zeros,1.0,1248.3961962199828,66.80032797800959,net_70_11431_net_60_10082_net_135_11054
1127,GuidedBackprop_32_3_0.1_ZINBAutoencoder_zeros,1.0,1611.7807095890166,71.27842037100345,net_70_11431_net_60_10082_net_135_11054
1128,GradientShap_32_3_0.1_ZINBAutoencoder_zeros,1.0,1611.7807095890166,271.18802825399325,net_70_11431_net_60_10082_net_135_11054
1129,GradientShap_32_3_0.1_ZINBAutoencoder_randomize,1.0,1611.7807095890166,277.128756555001,net_70_11431_net_60_10082_net_135_11054
1130,GradientShap_32_3_0.1_ZINBAutoencoder_data,1.0,1611.7807095890166,273.0349166489905,net_70_11431_net_60_10082_net_135_11054
1131,Deconvolution_32_3_0.1_ZINBAutoencoder_zeros,1.0,1611.7807095890166,79.54246334900381,net_70_11431_net_60_10082_net_135_11054
1132,GuidedBackprop_16_1_0_NegativeBinomialAutoencoder_zeros,1.0,1883.0823030259926,65.30396361200837,net_70_11431_net_60_10082_net_135_11054
1133,GradientShap_16_1_0_NegativeBinomialAutoencoder_zeros,1.0,1883.0823030259926,276.1976471579983,net_70_11431_net_60_10082_net_135_11054
1134,GradientShap_16_1_0_NegativeBinomialAutoencoder_randomize,1.0,1883.0823030259926,273.3336818309908,net_70_11431_net_60_10082_net_135_11054
1135,GradientShap_16_1_0_NegativeBinomialAutoencoder_data,1.0,1883.0823030259926,270.28906630698475,net_70_11431_net_60_10082_net_135_11054
1136,Deconvolution_16_1_0_NegativeBinomialAutoencoder_zeros,1.0,1883.0823030259926,65.15550001600059,net_70_11431_net_60_10082_net_135_11054
1137,GuidedBackprop_16_1_0_ZINBAutoencoder_zeros,0.747,2617.76252805299,58.140304233995266,net_70_11431_net_60_10082_net_135_11054
1138,GradientShap_16_1_0_ZINBAutoencoder_zeros,1.0,2617.76252805299,241.81644132497604,net_70_11431_net_60_10082_net_135_11054
1139,GradientShap_16_1_0_ZINBAutoencoder_randomize,1.0,2617.76252805299,230.38703695699223,net_70_11431_net_60_10082_net_135_11054
1140,GradientShap_16_1_0_ZINBAutoencoder_data,1.0,2617.76252805299,233.95948282798054,net_70_11431_net_60_10082_net_135_11054
1141,Deconvolution_16_1_0_ZINBAutoencoder_zeros,1.0,2617.76252805299,60.61727654200513,net_70_11431_net_60_10082_net_135_11054
1142,GuidedBackprop_16_1_0.1_NegativeBinomialAutoencoder_zeros,1.0,2546.0187841820007,62.86638718598988,net_70_11431_net_60_10082_net_135_11054
1143,GradientShap_16_1_0.1_NegativeBinomialAutoencoder_zeros,1.0,2546.0187841820007,257.6098520900123,net_70_11431_net_60_10082_net_135_11054
1144,GradientShap_16_1_0.1_NegativeBinomialAutoencoder_randomize,1.0,2546.0187841820007,257.11447457500617,net_70_11431_net_60_10082_net_135_11054
1145,GradientShap_16_1_0.1_NegativeBinomialAutoencoder_data,1.0,2546.0187841820007,262.5017447459977,net_70_11431_net_60_10082_net_135_11054
1146,Deconvolution_16_1_0.1_NegativeBinomialAutoencoder_zeros,1.0,2546.0187841820007,64.8705517440103,net_70_11431_net_60_10082_net_135_11054
1147,GuidedBackprop_16_2_0_NegativeBinomialAutoencoder_zeros,1.0,2082.152060911001,60.40982361900387,net_70_11431_net_60_10082_net_135_11054
1148,GradientShap_16_2_0_NegativeBinomialAutoencoder_zeros,1.0,2082.152060911001,255.73309516900918,net_70_11431_net_60_10082_net_135_11054
1149,GradientShap_16_2_0_NegativeBinomialAutoencoder_randomize,1.0,2082.152060911001,252.49643701099558,net_70_11431_net_60_10082_net_135_11054
1150,GradientShap_16_2_0_NegativeBinomialAutoencoder_data,1.0,2082.152060911001,247.20941592400777,net_70_11431_net_60_10082_net_135_11054
1151,Deconvolution_16_2_0_NegativeBinomialAutoencoder_zeros,1.0,2082.152060911001,69.7495162000123,net_70_11431_net_60_10082_net_135_11054
1152,GuidedBackprop_16_2_0_ZINBAutoencoder_zeros,1.0,2836.019270164019,65.06789286699495,net_70_11431_net_60_10082_net_135_11054
1153,GradientShap_16_2_0_ZINBAutoencoder_zeros,1.0,2836.019270164019,250.61157781397924,net_70_11431_net_60_10082_net_135_11054
1154,GradientShap_16_2_0_ZINBAutoencoder_randomize,1.0,2836.019270164019,245.36754668099456,net_70_11431_net_60_10082_net_135_11054
1155,GradientShap_16_2_0_ZINBAutoencoder_data,1.0,2836.019270164019,252.68156015698332,net_70_11431_net_60_10082_net_135_11054
1156,Deconvolution_16_2_0_ZINBAutoencoder_zeros,1.0,2836.019270164019,55.189068762003444,net_70_11431_net_60_10082_net_135_11054
1157,GuidedBackprop_16_2_0.1_NegativeBinomialAutoencoder_zeros,1.0,1944.6193447789992,57.81535445799818,net_70_11431_net_60_10082_net_135_11054
1158,GradientShap_16_2_0.1_NegativeBinomialAutoencoder_zeros,1.0,1944.6193447789992,251.84104784598458,net_70_11431_net_60_10082_net_135_11054
1159,GradientShap_16_2_0.1_NegativeBinomialAutoencoder_randomize,1.0,1944.6193447789992,249.26267928100424,net_70_11431_net_60_10082_net_135_11054
1160,GradientShap_16_2_0.1_NegativeBinomialAutoencoder_data,1.0,1944.6193447789992,241.12331379100215,net_70_11431_net_60_10082_net_135_11054
1161,Deconvolution_16_2_0.1_NegativeBinomialAutoencoder_zeros,1.0,1944.6193447789992,54.933581296005286,net_70_11431_net_60_10082_net_135_11054
1162,GuidedBackprop_16_2_0.1_ZINBAutoencoder_zeros,1.0,2669.3737380240054,65.11796497099567,net_70_11431_net_60_10082_net_135_11054
1163,GradientShap_16_2_0.1_ZINBAutoencoder_zeros,1.0,2669.3737380240054,243.91059845100972,net_70_11431_net_60_10082_net_135_11054
1164,GradientShap_16_2_0.1_ZINBAutoencoder_randomize,1.0,2669.3737380240054,237.52793325399398,net_70_11431_net_60_10082_net_135_11054
1165,GradientShap_16_2_0.1_ZINBAutoencoder_data,1.0,2669.3737380240054,241.4468698030105,net_70_11431_net_60_10082_net_135_11054
1166,Deconvolution_16_2_0.1_ZINBAutoencoder_zeros,1.0,2669.3737380240054,57.19635828200262,net_70_11431_net_60_10082_net_135_11054
1167,GuidedBackprop_16_3_0_NegativeBinomialAutoencoder_zeros,0.793,2768.5308270330133,58.45238137198612,net_70_11431_net_60_10082_net_135_11054
1168,GradientShap_16_3_0_NegativeBinomialAutoencoder_zeros,1.0,2768.5308270330133,238.502896830003,net_70_11431_net_60_10082_net_135_11054
1169,GradientShap_16_3_0_NegativeBinomialAutoencoder_randomize,1.0,2768.5308270330133,241.80047912200098,net_70_11431_net_60_10082_net_135_11054
1170,GradientShap_16_3_0_NegativeBinomialAutoencoder_data,1.0,2768.5308270330133,239.50650510398555,net_70_11431_net_60_10082_net_135_11054
1171,Deconvolution_16_3_0_NegativeBinomialAutoencoder_zeros,1.0,2768.5308270330133,57.29742871000781,net_70_11431_net_60_10082_net_135_11054
1172,GuidedBackprop_16_3_0_ZINBAutoencoder_zeros,1.0,3922.139745507011,55.10006300298846,net_70_11431_net_60_10082_net_135_11054
1173,GradientShap_16_3_0_ZINBAutoencoder_zeros,1.0,3922.139745507011,232.05855265798164,net_70_11431_net_60_10082_net_135_11054
1174,GradientShap_16_3_0_ZINBAutoencoder_randomize,1.0,3922.139745507011,261.8471475139959,net_70_11431_net_60_10082_net_135_11054
1175,GradientShap_16_3_0_ZINBAutoencoder_data,1.0,3922.139745507011,239.82221525299246,net_70_11431_net_60_10082_net_135_11054
1176,Deconvolution_16_3_0_ZINBAutoencoder_zeros,1.0,3922.139745507011,56.933655202010414,net_70_11431_net_60_10082_net_135_11054
1177,GuidedBackprop_16_3_0.1_NegativeBinomialAutoencoder_zeros,1.0,1758.249641972012,55.56768324400764,net_70_11431_net_60_10082_net_135_11054
1178,GradientShap_16_3_0.1_NegativeBinomialAutoencoder_zeros,1.0,1758.249641972012,235.73586138000246,net_70_11431_net_60_10082_net_135_11054
1179,GradientShap_16_3_0.1_NegativeBinomialAutoencoder_randomize,1.0,1758.249641972012,239.7121401669865,net_70_11431_net_60_10082_net_135_11054
1180,GradientShap_16_3_0.1_NegativeBinomialAutoencoder_data,1.0,1758.249641972012,248.0890183399897,net_70_11431_net_60_10082_net_135_11054
1181,Deconvolution_16_3_0.1_NegativeBinomialAutoencoder_zeros,1.0,1758.249641972012,56.370504632999655,net_70_11431_net_60_10082_net_135_11054
1182,GuidedBackprop_16_3_0.1_ZINBAutoencoder_zeros,1.0,1879.0982151039934,56.105044258001726,net_70_11431_net_60_10082_net_135_11054
1183,GradientShap_16_3_0.1_ZINBAutoencoder_zeros,1.0,1879.0982151039934,250.45621663698694,net_70_11431_net_60_10082_net_135_11054
1184,GradientShap_16_3_0.1_ZINBAutoencoder_randomize,1.0,1879.0982151039934,237.97606614799588,net_70_11431_net_60_10082_net_135_11054
1185,GradientShap_16_3_0.1_ZINBAutoencoder_data,1.0,1879.0982151039934,248.70429930399405,net_70_11431_net_60_10082_net_135_11054
1186,Deconvolution_16_3_0.1_ZINBAutoencoder_zeros,1.0,1879.0982151039934,57.185164372000145,net_70_11431_net_60_10082_net_135_11054
1187,GuidedBackprop_64_1_0_ZINBAutoencoder_zeros,0.538,1645.1550192050636,63.87830037786625,net_90_11013_net_75_10306_net_77_11506
1188,GradientShap_64_1_0_ZINBAutoencoder_zeros,1.0,1645.1550192050636,229.19989848602563,net_90_11013_net_75_10306_net_77_11506
1189,GradientShap_64_1_0_ZINBAutoencoder_randomize,1.0,1645.1550192050636,232.2316169659607,net_90_11013_net_75_10306_net_77_11506
1190,GradientShap_64_1_0_ZINBAutoencoder_data,1.0,1645.1550192050636,236.80253151780926,net_90_11013_net_75_10306_net_77_11506
1191,Deconvolution_64_1_0_ZINBAutoencoder_zeros,1.0,1645.1550192050636,51.52797185303643,net_90_11013_net_75_10306_net_77_11506
1192,GuidedBackprop_64_1_0.1_NegativeBinomialAutoencoder_zeros,0.962,1988.3383969180286,73.79292788216844,net_90_11013_net_75_10306_net_77_11506
1193,GradientShap_64_1_0.1_NegativeBinomialAutoencoder_zeros,1.0,1988.3383969180286,248.30022779013962,net_90_11013_net_75_10306_net_77_11506
1194,GradientShap_64_1_0.1_NegativeBinomialAutoencoder_randomize,1.0,1988.3383969180286,227.4286887049675,net_90_11013_net_75_10306_net_77_11506
1195,GradientShap_64_1_0.1_NegativeBinomialAutoencoder_data,1.0,1988.3383969180286,236.34255114779808,net_90_11013_net_75_10306_net_77_11506
1196,Deconvolution_64_1_0.1_NegativeBinomialAutoencoder_zeros,0.555,1988.3383969180286,58.88958004815504,net_90_11013_net_75_10306_net_77_11506
1197,GuidedBackprop_64_2_0_NegativeBinomialAutoencoder_zeros,1.0,1108.5582198170014,49.319583889999194,net_90_11013_net_75_10306_net_77_11506
1198,GradientShap_64_2_0_NegativeBinomialAutoencoder_zeros,1.0,1108.5582198170014,263.02986224900087,net_90_11013_net_75_10306_net_77_11506
1199,GradientShap_64_2_0_NegativeBinomialAutoencoder_randomize,1.0,1108.5582198170014,216.13828457399904,net_90_11013_net_75_10306_net_77_11506
1200,GradientShap_64_2_0_NegativeBinomialAutoencoder_data,1.0,1108.5582198170014,213.7267727469989,net_90_11013_net_75_10306_net_77_11506
1201,Deconvolution_64_2_0_NegativeBinomialAutoencoder_zeros,1.0,1108.5582198170014,46.32535861500037,net_90_11013_net_75_10306_net_77_11506
1202,GuidedBackprop_64_2_0_ZINBAutoencoder_zeros,0.538,1787.3098660329997,46.59771869999895,net_90_11013_net_75_10306_net_77_11506
1203,GradientShap_64_2_0_ZINBAutoencoder_zeros,1.0,1787.3098660329997,215.77028214299935,net_90_11013_net_75_10306_net_77_11506
1204,GradientShap_64_2_0_ZINBAutoencoder_randomize,1.0,1787.3098660329997,216.0623862909997,net_90_11013_net_75_10306_net_77_11506
1205,GradientShap_64_2_0_ZINBAutoencoder_data,1.0,1787.3098660329997,215.39550047500234,net_90_11013_net_75_10306_net_77_11506
1206,Deconvolution_64_2_0_ZINBAutoencoder_zeros,1.0,1787.3098660329997,45.837226904001,net_90_11013_net_75_10306_net_77_11506
1207,GuidedBackprop_64_2_0.1_NegativeBinomialAutoencoder_zeros,0.962,1438.4553183860007,46.48271167100029,net_90_11013_net_75_10306_net_77_11506
1208,GradientShap_64_2_0.1_NegativeBinomialAutoencoder_zeros,0.555,1438.4553183860007,215.51573183000073,net_90_11013_net_75_10306_net_77_11506
1209,GradientShap_64_2_0.1_NegativeBinomialAutoencoder_randomize,1.0,1438.4553183860007,215.12258689400187,net_90_11013_net_75_10306_net_77_11506
1210,GradientShap_64_2_0.1_NegativeBinomialAutoencoder_data,1.0,1438.4553183860007,215.24421331199846,net_90_11013_net_75_10306_net_77_11506
1211,Deconvolution_64_2_0.1_NegativeBinomialAutoencoder_zeros,0.517,1438.4553183860007,46.43788497499918,net_90_11013_net_75_10306_net_77_11506
1212,GuidedBackprop_64_2_0.1_ZINBAutoencoder_zeros,0.945,2153.069419301002,46.774904848000006,net_90_11013_net_75_10306_net_77_11506
1213,GradientShap_64_2_0.1_ZINBAutoencoder_zeros,0.907,2153.069419301002,209.86311999999816,net_90_11013_net_75_10306_net_77_11506
1214,GradientShap_64_2_0.1_ZINBAutoencoder_randomize,1.0,2153.069419301002,209.70385116000034,net_90_11013_net_75_10306_net_77_11506
1215,GradientShap_64_2_0.1_ZINBAutoencoder_data,1.0,2153.069419301002,212.98278464800023,net_90_11013_net_75_10306_net_77_11506
1216,Deconvolution_64_2_0.1_ZINBAutoencoder_zeros,0.517,2153.069419301002,46.52247108899974,net_90_11013_net_75_10306_net_77_11506
1217,GuidedBackprop_64_3_0_NegativeBinomialAutoencoder_zeros,0.538,1464.764864233999,48.838414306999766,net_90_11013_net_75_10306_net_77_11506
1218,GradientShap_64_3_0_NegativeBinomialAutoencoder_zeros,0.539,1464.764864233999,215.36264029200174,net_90_11013_net_75_10306_net_77_11506
1219,GradientShap_64_3_0_NegativeBinomialAutoencoder_randomize,1.0,1464.764864233999,216.40943046699977,net_90_11013_net_75_10306_net_77_11506
1220,GradientShap_64_3_0_NegativeBinomialAutoencoder_data,1.0,1464.764864233999,213.95270345099925,net_90_11013_net_75_10306_net_77_11506
1221,Deconvolution_64_3_0_NegativeBinomialAutoencoder_zeros,0.555,1464.764864233999,48.44070391399873,net_90_11013_net_75_10306_net_77_11506
1222,GuidedBackprop_64_3_0_ZINBAutoencoder_zeros,1.0,2425.300210321002,50.61348424899916,net_90_11013_net_75_10306_net_77_11506
1223,GradientShap_64_3_0_ZINBAutoencoder_zeros,1.0,2425.300210321002,212.66377818499677,net_90_11013_net_75_10306_net_77_11506
1224,GradientShap_64_3_0_ZINBAutoencoder_randomize,1.0,2425.300210321002,216.87556136200146,net_90_11013_net_75_10306_net_77_11506
1225,GradientShap_64_3_0_ZINBAutoencoder_data,1.0,2425.300210321002,215.5729211129983,net_90_11013_net_75_10306_net_77_11506
1226,Deconvolution_64_3_0_ZINBAutoencoder_zeros,1.0,2425.300210321002,49.542611422002665,net_90_11013_net_75_10306_net_77_11506
1227,GuidedBackprop_64_3_0.1_NegativeBinomialAutoencoder_zeros,1.0,912.0310926309976,49.935524501001055,net_90_11013_net_75_10306_net_77_11506
1228,GradientShap_64_3_0.1_NegativeBinomialAutoencoder_zeros,1.0,912.0310926309976,219.67266407900024,net_90_11013_net_75_10306_net_77_11506
1229,GradientShap_64_3_0.1_NegativeBinomialAutoencoder_randomize,1.0,912.0310926309976,217.0073863559992,net_90_11013_net_75_10306_net_77_11506
1230,GradientShap_64_3_0.1_NegativeBinomialAutoencoder_data,1.0,912.0310926309976,220.65999131900026,net_90_11013_net_75_10306_net_77_11506
1231,Deconvolution_64_3_0.1_NegativeBinomialAutoencoder_zeros,1.0,912.0310926309976,49.50002350599971,net_90_11013_net_75_10306_net_77_11506
1232,GuidedBackprop_64_3_0.1_ZINBAutoencoder_zeros,1.0,1261.3857818629986,50.80298299900096,net_90_11013_net_75_10306_net_77_11506
1233,GradientShap_64_3_0.1_ZINBAutoencoder_zeros,1.0,1261.3857818629986,218.39973656300208,net_90_11013_net_75_10306_net_77_11506
1234,GradientShap_64_3_0.1_ZINBAutoencoder_randomize,1.0,1261.3857818629986,217.63365467999756,net_90_11013_net_75_10306_net_77_11506
1235,GradientShap_64_3_0.1_ZINBAutoencoder_data,1.0,1261.3857818629986,217.6062865140011,net_90_11013_net_75_10306_net_77_11506
1236,Deconvolution_64_3_0.1_ZINBAutoencoder_zeros,1.0,1261.3857818629986,47.2063309490004,net_90_11013_net_75_10306_net_77_11506
1237,GuidedBackprop_32_1_0_NegativeBinomialAutoencoder_zeros,1.0,1590.8905407660022,44.32554195600096,net_90_11013_net_75_10306_net_77_11506
1238,GradientShap_32_1_0_NegativeBinomialAutoencoder_zeros,1.0,1590.8905407660022,214.08096923300036,net_90_11013_net_75_10306_net_77_11506
1239,GradientShap_32_1_0_NegativeBinomialAutoencoder_randomize,1.0,1590.8905407660022,213.64309435600444,net_90_11013_net_75_10306_net_77_11506
1240,GradientShap_32_1_0_NegativeBinomialAutoencoder_data,0.541,1590.8905407660022,209.61694695299957,net_90_11013_net_75_10306_net_77_11506
1241,Deconvolution_32_1_0_NegativeBinomialAutoencoder_zeros,1.0,1590.8905407660022,44.59137735499826,net_90_11013_net_75_10306_net_77_11506
1242,GuidedBackprop_32_1_0_ZINBAutoencoder_zeros,1.0,2355.546215231996,44.79080042800342,net_90_11013_net_75_10306_net_77_11506
1243,GradientShap_32_1_0_ZINBAutoencoder_zeros,1.0,2355.546215231996,212.63333829500334,net_90_11013_net_75_10306_net_77_11506
1244,GradientShap_32_1_0_ZINBAutoencoder_randomize,1.0,2355.546215231996,218.61793610000313,net_90_11013_net_75_10306_net_77_11506
1245,GradientShap_32_1_0_ZINBAutoencoder_data,1.0,2355.546215231996,216.61781298599817,net_90_11013_net_75_10306_net_77_11506
1246,Deconvolution_32_1_0_ZINBAutoencoder_zeros,1.0,2355.546215231996,45.1675923340008,net_90_11013_net_75_10306_net_77_11506
1247,GuidedBackprop_32_1_0.1_NegativeBinomialAutoencoder_zeros,1.0,2091.411841467998,44.11026934400434,net_90_11013_net_75_10306_net_77_11506
1248,GradientShap_32_1_0.1_NegativeBinomialAutoencoder_zeros,1.0,2091.411841467998,213.91399917299714,net_90_11013_net_75_10306_net_77_11506
1249,GradientShap_32_1_0.1_NegativeBinomialAutoencoder_randomize,1.0,2091.411841467998,215.65554290699947,net_90_11013_net_75_10306_net_77_11506
1250,GradientShap_32_1_0.1_NegativeBinomialAutoencoder_data,1.0,2091.411841467998,212.75567825900362,net_90_11013_net_75_10306_net_77_11506
1251,Deconvolution_32_1_0.1_NegativeBinomialAutoencoder_zeros,1.0,2091.411841467998,44.42242632400303,net_90_11013_net_75_10306_net_77_11506
1252,GuidedBackprop_32_2_0_NegativeBinomialAutoencoder_zeros,0.962,2161.5309684210224,50.069753673975356,net_90_11013_net_75_10306_net_77_11506
1253,GradientShap_32_2_0_NegativeBinomialAutoencoder_zeros,1.0,2161.5309684210224,257.85759629897075,net_90_11013_net_75_10306_net_77_11506
1254,GradientShap_32_2_0_NegativeBinomialAutoencoder_randomize,1.0,2161.5309684210224,265.45960895501776,net_90_11013_net_75_10306_net_77_11506
1255,GradientShap_32_2_0_NegativeBinomialAutoencoder_data,1.0,2161.5309684210224,264.5270624780096,net_90_11013_net_75_10306_net_77_11506
1256,Deconvolution_32_2_0_NegativeBinomialAutoencoder_zeros,1.0,2161.5309684210224,68.83410997298779,net_90_11013_net_75_10306_net_77_11506
1257,GuidedBackprop_32_2_0_ZINBAutoencoder_zeros,1.0,3123.781848034996,79.64948067098157,net_90_11013_net_75_10306_net_77_11506
1258,GradientShap_32_2_0_ZINBAutoencoder_zeros,1.0,3123.781848034996,278.2469507729984,net_90_11013_net_75_10306_net_77_11506
1259,GradientShap_32_2_0_ZINBAutoencoder_randomize,1.0,3123.781848034996,269.95658677699976,net_90_11013_net_75_10306_net_77_11506
1260,GradientShap_32_2_0_ZINBAutoencoder_data,0.54,3123.781848034996,266.37102197797503,net_90_11013_net_75_10306_net_77_11506
1261,Deconvolution_32_2_0_ZINBAutoencoder_zeros,1.0,3123.781848034996,55.356639448029455,net_90_11013_net_75_10306_net_77_11506
1262,GuidedBackprop_32_2_0.1_NegativeBinomialAutoencoder_zeros,0.962,1916.3509473829763,74.43592586100567,net_90_11013_net_75_10306_net_77_11506
1263,GradientShap_32_2_0.1_NegativeBinomialAutoencoder_zeros,1.0,1916.3509473829763,300.85875899298117,net_90_11013_net_75_10306_net_77_11506
1264,GradientShap_32_2_0.1_NegativeBinomialAutoencoder_randomize,1.0,1916.3509473829763,300.6448699319735,net_90_11013_net_75_10306_net_77_11506
1265,GradientShap_32_2_0.1_NegativeBinomialAutoencoder_data,1.0,1916.3509473829763,264.80945751600666,net_90_11013_net_75_10306_net_77_11506
1266,Deconvolution_32_2_0.1_NegativeBinomialAutoencoder_zeros,1.0,1916.3509473829763,53.778644039994106,net_90_11013_net_75_10306_net_77_11506
1267,GuidedBackprop_32_2_0.1_ZINBAutoencoder_zeros,0.538,2365.257616368006,85.41543600999285,net_90_11013_net_75_10306_net_77_11506
1268,GradientShap_32_2_0.1_ZINBAutoencoder_zeros,1.0,2365.257616368006,289.6862483760342,net_90_11013_net_75_10306_net_77_11506
1269,GradientShap_32_2_0.1_ZINBAutoencoder_randomize,1.0,2365.257616368006,301.54996682703495,net_90_11013_net_75_10306_net_77_11506
1270,GradientShap_32_2_0.1_ZINBAutoencoder_data,1.0,2365.257616368006,288.5387127250433,net_90_11013_net_75_10306_net_77_11506
1271,Deconvolution_32_2_0.1_ZINBAutoencoder_zeros,0.555,2365.257616368006,55.97733700100798,net_90_11013_net_75_10306_net_77_11506
1272,GuidedBackprop_32_3_0_NegativeBinomialAutoencoder_zeros,1.0,2803.533471256029,98.56759321899153,net_90_11013_net_75_10306_net_77_11506
1273,GradientShap_32_3_0_NegativeBinomialAutoencoder_zeros,1.0,2803.533471256029,264.85477009101305,net_90_11013_net_75_10306_net_77_11506
1274,GradientShap_32_3_0_NegativeBinomialAutoencoder_randomize,1.0,2803.533471256029,267.68434060702566,net_90_11013_net_75_10306_net_77_11506
1275,GradientShap_32_3_0_NegativeBinomialAutoencoder_data,1.0,2803.533471256029,266.24363277101656,net_90_11013_net_75_10306_net_77_11506
1276,Deconvolution_32_3_0_NegativeBinomialAutoencoder_zeros,1.0,2803.533471256029,58.80116981698666,net_90_11013_net_75_10306_net_77_11506
1277,GuidedBackprop_32_3_0_ZINBAutoencoder_zeros,1.0,4237.310827639012,100.61645758204395,net_90_11013_net_75_10306_net_77_11506
1278,GradientShap_32_3_0_ZINBAutoencoder_zeros,0.538,4237.310827639012,272.930914423021,net_90_11013_net_75_10306_net_77_11506
1279,GradientShap_32_3_0_ZINBAutoencoder_randomize,1.0,4237.310827639012,276.0190111210104,net_90_11013_net_75_10306_net_77_11506
1280,GradientShap_32_3_0_ZINBAutoencoder_data,1.0,4237.310827639012,273.25120047904784,net_90_11013_net_75_10306_net_77_11506
1281,Deconvolution_32_3_0_ZINBAutoencoder_zeros,1.0,4237.310827639012,60.24201553402236,net_90_11013_net_75_10306_net_77_11506
1282,GuidedBackprop_32_3_0.1_NegativeBinomialAutoencoder_zeros,1.0,1309.471468558011,81.39961603301344,net_90_11013_net_75_10306_net_77_11506
1283,GradientShap_32_3_0.1_NegativeBinomialAutoencoder_zeros,1.0,1309.471468558011,280.0198039509705,net_90_11013_net_75_10306_net_77_11506
1284,GradientShap_32_3_0.1_NegativeBinomialAutoencoder_randomize,1.0,1309.471468558011,266.64410537597723,net_90_11013_net_75_10306_net_77_11506
1285,GradientShap_32_3_0.1_NegativeBinomialAutoencoder_data,1.0,1309.471468558011,266.1727619600133,net_90_11013_net_75_10306_net_77_11506
1286,Deconvolution_32_3_0.1_NegativeBinomialAutoencoder_zeros,1.0,1309.471468558011,65.62384715699591,net_90_11013_net_75_10306_net_77_11506
1287,GuidedBackprop_32_3_0.1_ZINBAutoencoder_zeros,1.0,1815.7461140319938,85.14069348602789,net_90_11013_net_75_10306_net_77_11506
1288,GradientShap_32_3_0.1_ZINBAutoencoder_zeros,1.0,1815.7461140319938,278.0579401690047,net_90_11013_net_75_10306_net_77_11506
1289,GradientShap_32_3_0.1_ZINBAutoencoder_randomize,1.0,1815.7461140319938,283.45236806897447,net_90_11013_net_75_10306_net_77_11506
1290,GradientShap_32_3_0.1_ZINBAutoencoder_data,1.0,1815.7461140319938,269.22721742198337,net_90_11013_net_75_10306_net_77_11506
1291,Deconvolution_32_3_0.1_ZINBAutoencoder_zeros,1.0,1815.7461140319938,77.35929257096723,net_90_11013_net_75_10306_net_77_11506
1292,GuidedBackprop_16_1_0_NegativeBinomialAutoencoder_zeros,1.0,2239.11017683096,59.33055348304333,net_90_11013_net_75_10306_net_77_11506
1293,GradientShap_16_1_0_NegativeBinomialAutoencoder_zeros,1.0,2239.11017683096,264.44473391299834,net_90_11013_net_75_10306_net_77_11506
1294,GradientShap_16_1_0_NegativeBinomialAutoencoder_randomize,1.0,2239.11017683096,273.0873353049974,net_90_11013_net_75_10306_net_77_11506
1295,GradientShap_16_1_0_NegativeBinomialAutoencoder_data,1.0,2239.11017683096,269.6755745150149,net_90_11013_net_75_10306_net_77_11506
1296,Deconvolution_16_1_0_NegativeBinomialAutoencoder_zeros,1.0,2239.11017683096,53.79638023796724,net_90_11013_net_75_10306_net_77_11506
1297,GuidedBackprop_16_1_0_ZINBAutoencoder_zeros,0.564,3616.051927315013,81.75300603295909,net_90_11013_net_75_10306_net_77_11506
1298,GradientShap_16_1_0_ZINBAutoencoder_zeros,0.539,3616.051927315013,278.64785623399075,net_90_11013_net_75_10306_net_77_11506
1299,GradientShap_16_1_0_ZINBAutoencoder_randomize,1.0,3616.051927315013,270.2716777920141,net_90_11013_net_75_10306_net_77_11506
1300,GradientShap_16_1_0_ZINBAutoencoder_data,1.0,3616.051927315013,264.49475122400327,net_90_11013_net_75_10306_net_77_11506
1301,Deconvolution_16_1_0_ZINBAutoencoder_zeros,1.0,3616.051927315013,55.072437620023265,net_90_11013_net_75_10306_net_77_11506
1302,GuidedBackprop_16_1_0.1_NegativeBinomialAutoencoder_zeros,0.929,3092.802950945974,52.229411374020856,net_90_11013_net_75_10306_net_77_11506
1303,GradientShap_16_1_0.1_NegativeBinomialAutoencoder_zeros,1.0,3092.802950945974,263.2548333329614,net_90_11013_net_75_10306_net_77_11506
1304,GradientShap_16_1_0.1_NegativeBinomialAutoencoder_randomize,1.0,3092.802950945974,276.61018446896924,net_90_11013_net_75_10306_net_77_11506
1305,GradientShap_16_1_0.1_NegativeBinomialAutoencoder_data,1.0,3092.802950945974,274.51125456101727,net_90_11013_net_75_10306_net_77_11506
1306,Deconvolution_16_1_0.1_NegativeBinomialAutoencoder_zeros,1.0,3092.802950945974,83.21105156297563,net_90_11013_net_75_10306_net_77_11506
1307,GuidedBackprop_16_1_0.1_ZINBAutoencoder_zeros,0.863,4484.947921949963,77.1423788649845,net_90_11013_net_75_10306_net_77_11506
1308,GradientShap_16_1_0.1_ZINBAutoencoder_zeros,0.962,4484.947921949963,275.0900160869933,net_90_11013_net_75_10306_net_77_11506
1309,GradientShap_16_1_0.1_ZINBAutoencoder_randomize,1.0,4484.947921949963,294.3897460300359,net_90_11013_net_75_10306_net_77_11506
1310,GradientShap_16_1_0.1_ZINBAutoencoder_data,1.0,4484.947921949963,283.91864818002796,net_90_11013_net_75_10306_net_77_11506
1311,Deconvolution_16_1_0.1_ZINBAutoencoder_zeros,0.555,4484.947921949963,79.81382681499235,net_90_11013_net_75_10306_net_77_11506
1312,GuidedBackprop_16_2_0_NegativeBinomialAutoencoder_zeros,1.0,3082.2262246360187,77.78011168097146,net_90_11013_net_75_10306_net_77_11506
1313,GradientShap_16_2_0_NegativeBinomialAutoencoder_zeros,1.0,3082.2262246360187,277.12856403400656,net_90_11013_net_75_10306_net_77_11506
1314,GradientShap_16_2_0_NegativeBinomialAutoencoder_randomize,1.0,3082.2262246360187,268.8963235139963,net_90_11013_net_75_10306_net_77_11506
1315,GradientShap_16_2_0_NegativeBinomialAutoencoder_data,1.0,3082.2262246360187,279.0523514180095,net_90_11013_net_75_10306_net_77_11506
1316,Deconvolution_16_2_0_NegativeBinomialAutoencoder_zeros,1.0,3082.2262246360187,95.32343163801124,net_90_11013_net_75_10306_net_77_11506
1317,GuidedBackprop_16_2_0_ZINBAutoencoder_zeros,1.0,3036.930252899998,99.17515767901205,net_90_11013_net_75_10306_net_77_11506
1318,GradientShap_16_2_0_ZINBAutoencoder_zeros,1.0,3036.930252899998,273.2645704160095,net_90_11013_net_75_10306_net_77_11506
1319,GradientShap_16_2_0_ZINBAutoencoder_randomize,1.0,3036.930252899998,276.1512805930106,net_90_11013_net_75_10306_net_77_11506
1320,GradientShap_16_2_0_ZINBAutoencoder_data,1.0,3036.930252899998,280.4090543559869,net_90_11013_net_75_10306_net_77_11506
1321,Deconvolution_16_2_0_ZINBAutoencoder_zeros,1.0,3036.930252899998,90.70835365104722,net_90_11013_net_75_10306_net_77_11506
1322,GuidedBackprop_16_2_0.1_NegativeBinomialAutoencoder_zeros,1.0,2102.4672490829835,93.56687334296294,net_90_11013_net_75_10306_net_77_11506
1323,GradientShap_16_2_0.1_NegativeBinomialAutoencoder_zeros,1.0,2102.4672490829835,285.09796793799615,net_90_11013_net_75_10306_net_77_11506
1324,GradientShap_16_2_0.1_NegativeBinomialAutoencoder_randomize,1.0,2102.4672490829835,276.65941013704287,net_90_11013_net_75_10306_net_77_11506
1325,GradientShap_16_2_0.1_NegativeBinomialAutoencoder_data,1.0,2102.4672490829835,281.8869236279861,net_90_11013_net_75_10306_net_77_11506
1326,Deconvolution_16_2_0.1_NegativeBinomialAutoencoder_zeros,1.0,2102.4672490829835,85.99141420598608,net_90_11013_net_75_10306_net_77_11506
1327,GuidedBackprop_16_2_0.1_ZINBAutoencoder_zeros,0.829,2932.322121705045,84.70697152701905,net_90_11013_net_75_10306_net_77_11506
1328,GradientShap_16_2_0.1_ZINBAutoencoder_zeros,1.0,2932.322121705045,274.80155321897473,net_90_11013_net_75_10306_net_77_11506
1329,GradientShap_16_2_0.1_ZINBAutoencoder_randomize,1.0,2932.322121705045,277.2257661410258,net_90_11013_net_75_10306_net_77_11506
1330,GradientShap_16_2_0.1_ZINBAutoencoder_data,1.0,2932.322121705045,287.6618334230152,net_90_11013_net_75_10306_net_77_11506
1331,Deconvolution_16_2_0.1_ZINBAutoencoder_zeros,1.0,2932.322121705045,83.0231427870458,net_90_11013_net_75_10306_net_77_11506
1332,GuidedBackprop_16_3_0_NegativeBinomialAutoencoder_zeros,1.0,3564.2755294679664,96.53329256200232,net_90_11013_net_75_10306_net_77_11506
1333,GradientShap_16_3_0_NegativeBinomialAutoencoder_zeros,1.0,3564.2755294679664,285.51349981100066,net_90_11013_net_75_10306_net_77_11506
1334,GradientShap_16_3_0_NegativeBinomialAutoencoder_randomize,1.0,3564.2755294679664,299.0179037959897,net_90_11013_net_75_10306_net_77_11506
1335,GradientShap_16_3_0_NegativeBinomialAutoencoder_data,1.0,3564.2755294679664,288.1769118279917,net_90_11013_net_75_10306_net_77_11506
1336,Deconvolution_16_3_0_NegativeBinomialAutoencoder_zeros,1.0,3564.2755294679664,74.67918691900559,net_90_11013_net_75_10306_net_77_11506
1337,GuidedBackprop_16_3_0_ZINBAutoencoder_zeros,0.538,4826.417622898996,65.72090947302058,net_90_11013_net_75_10306_net_77_11506
1338,GradientShap_16_3_0_ZINBAutoencoder_zeros,1.0,4826.417622898996,297.19968960096594,net_90_11013_net_75_10306_net_77_11506
1339,GradientShap_16_3_0_ZINBAutoencoder_randomize,1.0,4826.417622898996,287.52282297902275,net_90_11013_net_75_10306_net_77_11506
1340,GradientShap_16_3_0_ZINBAutoencoder_data,1.0,4826.417622898996,300.19583029998466,net_90_11013_net_75_10306_net_77_11506
1341,Deconvolution_16_3_0_ZINBAutoencoder_zeros,0.555,4826.417622898996,104.52620630798629,net_90_11013_net_75_10306_net_77_11506
1342,GuidedBackprop_16_3_0.1_NegativeBinomialAutoencoder_zeros,1.0,2250.5393030029954,62.702277883014176,net_90_11013_net_75_10306_net_77_11506
1343,GradientShap_16_3_0.1_NegativeBinomialAutoencoder_zeros,1.0,2250.5393030029954,276.0285333750071,net_90_11013_net_75_10306_net_77_11506
1344,GradientShap_16_3_0.1_NegativeBinomialAutoencoder_randomize,1.0,2250.5393030029954,277.96029442502186,net_90_11013_net_75_10306_net_77_11506
1345,GradientShap_16_3_0.1_NegativeBinomialAutoencoder_data,1.0,2250.5393030029954,275.1269303720328,net_90_11013_net_75_10306_net_77_11506
1346,Deconvolution_16_3_0.1_NegativeBinomialAutoencoder_zeros,1.0,2250.5393030029954,62.06632451200858,net_90_11013_net_75_10306_net_77_11506
1347,GuidedBackprop_16_3_0.1_ZINBAutoencoder_zeros,1.0,2492.2699277080246,63.52722228196217,net_90_11013_net_75_10306_net_77_11506
1348,GradientShap_16_3_0.1_ZINBAutoencoder_zeros,1.0,2492.2699277080246,269.50463751296047,net_90_11013_net_75_10306_net_77_11506
1349,GradientShap_16_3_0.1_ZINBAutoencoder_randomize,0.555,2492.2699277080246,274.19103754498065,net_90_11013_net_75_10306_net_77_11506
1350,GradientShap_16_3_0.1_ZINBAutoencoder_data,1.0,2492.2699277080246,274.14938490401255,net_90_11013_net_75_10306_net_77_11506
1351,Deconvolution_16_3_0.1_ZINBAutoencoder_zeros,1.0,2492.2699277080246,60.81362554297084,net_90_11013_net_75_10306_net_77_11506
1352,GuidedBackprop_64_1_0.1_NegativeBinomialAutoencoder_zeros,1.0,1654.1694796449738,73.56717615696834,net_172_10626_net_89_11634_net_76_10367
1353,GradientShap_64_1_0.1_NegativeBinomialAutoencoder_zeros,1.0,1654.1694796449738,369.4285339550115,net_172_10626_net_89_11634_net_76_10367
1354,GradientShap_64_1_0.1_NegativeBinomialAutoencoder_randomize,1.0,1654.1694796449738,396.4697434519767,net_172_10626_net_89_11634_net_76_10367
1355,GradientShap_64_1_0.1_NegativeBinomialAutoencoder_data,1.0,1654.1694796449738,416.8702859170153,net_172_10626_net_89_11634_net_76_10367
1356,Deconvolution_64_1_0.1_NegativeBinomialAutoencoder_zeros,1.0,1654.1694796449738,175.84558798203943,net_172_10626_net_89_11634_net_76_10367
1357,GuidedBackprop_64_2_0_NegativeBinomialAutoencoder_zeros,1.0,1319.2835957789794,68.34353850793559,net_172_10626_net_89_11634_net_76_10367
1358,GradientShap_64_2_0_NegativeBinomialAutoencoder_zeros,1.0,1319.2835957789794,305.3135603220435,net_172_10626_net_89_11634_net_76_10367
1359,GradientShap_64_2_0_NegativeBinomialAutoencoder_randomize,1.0,1319.2835957789794,304.9948696549982,net_172_10626_net_89_11634_net_76_10367
1360,GradientShap_64_2_0_NegativeBinomialAutoencoder_data,1.0,1319.2835957789794,309.6404289799975,net_172_10626_net_89_11634_net_76_10367
1361,Deconvolution_64_2_0_NegativeBinomialAutoencoder_zeros,1.0,1319.2835957789794,70.14942559995688,net_172_10626_net_89_11634_net_76_10367
1362,GuidedBackprop_64_2_0_ZINBAutoencoder_zeros,1.0,1773.9290699979756,72.61560776503757,net_172_10626_net_89_11634_net_76_10367
1363,GradientShap_64_2_0_ZINBAutoencoder_zeros,1.0,1773.9290699979756,313.99466156808194,net_172_10626_net_89_11634_net_76_10367
1364,GradientShap_64_2_0_ZINBAutoencoder_randomize,1.0,1773.9290699979756,311.2729627940571,net_172_10626_net_89_11634_net_76_10367
1365,GradientShap_64_2_0_ZINBAutoencoder_data,1.0,1773.9290699979756,315.6822012219345,net_172_10626_net_89_11634_net_76_10367
1366,Deconvolution_64_2_0_ZINBAutoencoder_zeros,1.0,1773.9290699979756,73.42613531695679,net_172_10626_net_89_11634_net_76_10367
1367,GuidedBackprop_64_2_0.1_NegativeBinomialAutoencoder_zeros,1.0,1120.9143131170422,68.2552296280628,net_172_10626_net_89_11634_net_76_10367
1368,GradientShap_64_2_0.1_NegativeBinomialAutoencoder_zeros,1.0,1120.9143131170422,309.983835768071,net_172_10626_net_89_11634_net_76_10367
1369,GradientShap_64_2_0.1_NegativeBinomialAutoencoder_randomize,1.0,1120.9143131170422,313.91428738902323,net_172_10626_net_89_11634_net_76_10367
1370,GradientShap_64_2_0.1_NegativeBinomialAutoencoder_data,1.0,1120.9143131170422,313.3406420459505,net_172_10626_net_89_11634_net_76_10367
1371,Deconvolution_64_2_0.1_NegativeBinomialAutoencoder_zeros,1.0,1120.9143131170422,69.10181698994711,net_172_10626_net_89_11634_net_76_10367
1372,GuidedBackprop_64_2_0.1_ZINBAutoencoder_zeros,1.0,1490.2882265009684,70.03255415195599,net_172_10626_net_89_11634_net_76_10367
1373,GradientShap_64_2_0.1_ZINBAutoencoder_zeros,1.0,1490.2882265009684,312.01233719999436,net_172_10626_net_89_11634_net_76_10367
1374,GradientShap_64_2_0.1_ZINBAutoencoder_randomize,1.0,1490.2882265009684,307.3876582350349,net_172_10626_net_89_11634_net_76_10367
1375,GradientShap_64_2_0.1_ZINBAutoencoder_data,1.0,1490.2882265009684,312.9651334959781,net_172_10626_net_89_11634_net_76_10367
1376,Deconvolution_64_2_0.1_ZINBAutoencoder_zeros,1.0,1490.2882265009684,72.67799105099402,net_172_10626_net_89_11634_net_76_10367
1377,GuidedBackprop_64_3_0_NegativeBinomialAutoencoder_zeros,1.0,1482.4966772730695,72.7200059320312,net_172_10626_net_89_11634_net_76_10367
1378,GradientShap_64_3_0_NegativeBinomialAutoencoder_zeros,1.0,1482.4966772730695,309.46959369198885,net_172_10626_net_89_11634_net_76_10367
1379,GradientShap_64_3_0_NegativeBinomialAutoencoder_randomize,1.0,1482.4966772730695,318.31453751400113,net_172_10626_net_89_11634_net_76_10367
1380,GradientShap_64_3_0_NegativeBinomialAutoencoder_data,1.0,1482.4966772730695,310.43840495101176,net_172_10626_net_89_11634_net_76_10367
1381,Deconvolution_64_3_0_NegativeBinomialAutoencoder_zeros,1.0,1482.4966772730695,73.98007524805143,net_172_10626_net_89_11634_net_76_10367
1382,GuidedBackprop_64_3_0_ZINBAutoencoder_zeros,1.0,2195.5730803359766,78.1349279040005,net_172_10626_net_89_11634_net_76_10367
1383,GradientShap_64_3_0_ZINBAutoencoder_zeros,1.0,2195.5730803359766,317.2623626139248,net_172_10626_net_89_11634_net_76_10367
1384,GradientShap_64_3_0_ZINBAutoencoder_randomize,1.0,2195.5730803359766,312.39103530801367,net_172_10626_net_89_11634_net_76_10367
1385,GradientShap_64_3_0_ZINBAutoencoder_data,1.0,2195.5730803359766,319.94569531304296,net_172_10626_net_89_11634_net_76_10367
1386,Deconvolution_64_3_0_ZINBAutoencoder_zeros,1.0,2195.5730803359766,75.72759778494947,net_172_10626_net_89_11634_net_76_10367
1387,GuidedBackprop_64_3_0.1_NegativeBinomialAutoencoder_zeros,1.0,870.2059596019099,74.22334884305019,net_172_10626_net_89_11634_net_76_10367
1388,GradientShap_64_3_0.1_NegativeBinomialAutoencoder_zeros,1.0,870.2059596019099,310.2351386900991,net_172_10626_net_89_11634_net_76_10367
1389,GradientShap_64_3_0.1_NegativeBinomialAutoencoder_randomize,1.0,870.2059596019099,316.7067607440986,net_172_10626_net_89_11634_net_76_10367
1390,GradientShap_64_3_0.1_NegativeBinomialAutoencoder_data,1.0,870.2059596019099,320.47024741303176,net_172_10626_net_89_11634_net_76_10367
1391,Deconvolution_64_3_0.1_NegativeBinomialAutoencoder_zeros,1.0,870.2059596019099,75.71106106298976,net_172_10626_net_89_11634_net_76_10367
1392,GuidedBackprop_64_3_0.1_ZINBAutoencoder_zeros,1.0,1184.1184868098935,75.09139807405882,net_172_10626_net_89_11634_net_76_10367
1393,GradientShap_64_3_0.1_ZINBAutoencoder_zeros,1.0,1184.1184868098935,305.3024724998977,net_172_10626_net_89_11634_net_76_10367
1394,GradientShap_64_3_0.1_ZINBAutoencoder_randomize,1.0,1184.1184868098935,317.9775127490284,net_172_10626_net_89_11634_net_76_10367
1395,GradientShap_64_3_0.1_ZINBAutoencoder_data,1.0,1184.1184868098935,317.14107599202543,net_172_10626_net_89_11634_net_76_10367
1396,Deconvolution_64_3_0.1_ZINBAutoencoder_zeros,1.0,1184.1184868098935,76.11756551091094,net_172_10626_net_89_11634_net_76_10367
1397,GuidedBackprop_32_1_0_NegativeBinomialAutoencoder_zeros,1.0,1298.5335302770836,64.01492955395952,net_172_10626_net_89_11634_net_76_10367
1398,GradientShap_32_1_0_NegativeBinomialAutoencoder_zeros,1.0,1298.5335302770836,307.2064427550649,net_172_10626_net_89_11634_net_76_10367
1399,GradientShap_32_1_0_NegativeBinomialAutoencoder_randomize,1.0,1298.5335302770836,299.0283141079126,net_172_10626_net_89_11634_net_76_10367
1400,GradientShap_32_1_0_NegativeBinomialAutoencoder_data,1.0,1298.5335302770836,309.65530138195027,net_172_10626_net_89_11634_net_76_10367
1401,Deconvolution_32_1_0_NegativeBinomialAutoencoder_zeros,1.0,1298.5335302770836,67.19491656601895,net_172_10626_net_89_11634_net_76_10367
1402,GuidedBackprop_64_1_0.1_NegativeBinomialAutoencoder_zeros,1.0,479.3675873070024,26.12055574898841,net_59_10488_net_115_11153_net_84_11226
1403,GradientShap_64_1_0.1_NegativeBinomialAutoencoder_zeros,1.0,479.3675873070024,114.4682735989918,net_59_10488_net_115_11153_net_84_11226
1404,GradientShap_64_1_0.1_NegativeBinomialAutoencoder_randomize,1.0,479.3675873070024,114.84379664598964,net_59_10488_net_115_11153_net_84_11226
1405,GradientShap_64_1_0.1_NegativeBinomialAutoencoder_data,1.0,479.3675873070024,114.91198527900269,net_59_10488_net_115_11153_net_84_11226
1406,Deconvolution_64_1_0.1_NegativeBinomialAutoencoder_zeros,1.0,479.3675873070024,24.94876999402186,net_59_10488_net_115_11153_net_84_11226
1407,GuidedBackprop_64_2_0_NegativeBinomialAutoencoder_zeros,1.0,309.729945561965,27.549319837999064,net_59_10488_net_115_11153_net_84_11226
1408,GradientShap_64_2_0_NegativeBinomialAutoencoder_zeros,1.0,309.729945561965,116.01019846799318,net_59_10488_net_115_11153_net_84_11226
1409,GradientShap_64_2_0_NegativeBinomialAutoencoder_randomize,1.0,309.729945561965,116.71610420901561,net_59_10488_net_115_11153_net_84_11226
1410,GradientShap_64_2_0_NegativeBinomialAutoencoder_data,1.0,309.729945561965,116.63984201598214,net_59_10488_net_115_11153_net_84_11226
1411,Deconvolution_64_2_0_NegativeBinomialAutoencoder_zeros,1.0,309.729945561965,26.207390767987818,net_59_10488_net_115_11153_net_84_11226
1412,GuidedBackprop_64_2_0_ZINBAutoencoder_zeros,1.0,515.1491262320196,27.13011190900579,net_59_10488_net_115_11153_net_84_11226
1413,GradientShap_64_2_0_ZINBAutoencoder_zeros,1.0,515.1491262320196,117.02363086497644,net_59_10488_net_115_11153_net_84_11226
1414,GradientShap_64_2_0_ZINBAutoencoder_randomize,1.0,515.1491262320196,117.26074929098831,net_59_10488_net_115_11153_net_84_11226
1415,GradientShap_64_2_0_ZINBAutoencoder_data,1.0,515.1491262320196,117.55489348398987,net_59_10488_net_115_11153_net_84_11226
1416,Deconvolution_64_2_0_ZINBAutoencoder_zeros,1.0,515.1491262320196,27.244093774002977,net_59_10488_net_115_11153_net_84_11226
1417,GuidedBackprop_64_2_0.1_NegativeBinomialAutoencoder_zeros,1.0,376.37476944201626,26.6094728379976,net_59_10488_net_115_11153_net_84_11226
1418,GradientShap_64_2_0.1_NegativeBinomialAutoencoder_zeros,1.0,376.37476944201626,116.98042805999285,net_59_10488_net_115_11153_net_84_11226
1419,GradientShap_64_2_0.1_NegativeBinomialAutoencoder_randomize,1.0,376.37476944201626,117.09096308500739,net_59_10488_net_115_11153_net_84_11226
1420,GradientShap_64_2_0.1_NegativeBinomialAutoencoder_data,1.0,376.37476944201626,117.13568421895616,net_59_10488_net_115_11153_net_84_11226
1421,Deconvolution_64_2_0.1_NegativeBinomialAutoencoder_zeros,1.0,376.37476944201626,26.52020997501677,net_59_10488_net_115_11153_net_84_11226
1422,GuidedBackprop_64_2_0.1_ZINBAutoencoder_zeros,1.0,521.0639539069962,27.394890002033208,net_59_10488_net_115_11153_net_84_11226
1423,GradientShap_64_2_0.1_ZINBAutoencoder_zeros,1.0,521.0639539069962,117.41601508198073,net_59_10488_net_115_11153_net_84_11226
1424,GradientShap_64_2_0.1_ZINBAutoencoder_randomize,1.0,521.0639539069962,117.71642825601157,net_59_10488_net_115_11153_net_84_11226
1425,GradientShap_64_2_0.1_ZINBAutoencoder_data,1.0,521.0639539069962,117.79331317194737,net_59_10488_net_115_11153_net_84_11226
1426,Deconvolution_64_2_0.1_ZINBAutoencoder_zeros,0.73,521.0639539069962,27.30780585500179,net_59_10488_net_115_11153_net_84_11226
1427,GuidedBackprop_64_3_0_NegativeBinomialAutoencoder_zeros,1.0,401.0885976870195,27.724913500016555,net_59_10488_net_115_11153_net_84_11226
1428,GradientShap_64_3_0_NegativeBinomialAutoencoder_zeros,1.0,401.0885976870195,117.51013708300889,net_59_10488_net_115_11153_net_84_11226
1429,GradientShap_64_3_0_NegativeBinomialAutoencoder_randomize,1.0,401.0885976870195,118.21526992396684,net_59_10488_net_115_11153_net_84_11226
1430,GradientShap_64_3_0_NegativeBinomialAutoencoder_data,1.0,401.0885976870195,118.05786036403151,net_59_10488_net_115_11153_net_84_11226
1431,Deconvolution_64_3_0_NegativeBinomialAutoencoder_zeros,1.0,401.0885976870195,27.773184853955172,net_59_10488_net_115_11153_net_84_11226
1432,GuidedBackprop_64_3_0_ZINBAutoencoder_zeros,1.0,587.2957472029957,28.769058234000113,net_59_10488_net_115_11153_net_84_11226
1433,GradientShap_64_3_0_ZINBAutoencoder_zeros,1.0,587.2957472029957,118.18228397000348,net_59_10488_net_115_11153_net_84_11226
1434,GradientShap_64_3_0_ZINBAutoencoder_randomize,1.0,587.2957472029957,118.75560079497518,net_59_10488_net_115_11153_net_84_11226
1435,GradientShap_64_3_0_ZINBAutoencoder_data,1.0,587.2957472029957,118.86300350498641,net_59_10488_net_115_11153_net_84_11226
1436,Deconvolution_64_3_0_ZINBAutoencoder_zeros,1.0,587.2957472029957,28.799965012993198,net_59_10488_net_115_11153_net_84_11226
1437,GuidedBackprop_64_3_0.1_NegativeBinomialAutoencoder_zeros,1.0,298.9866591739701,27.77078044001246,net_59_10488_net_115_11153_net_84_11226
1438,GradientShap_64_3_0.1_NegativeBinomialAutoencoder_zeros,1.0,298.9866591739701,117.79493841802469,net_59_10488_net_115_11153_net_84_11226
1439,GradientShap_64_3_0.1_NegativeBinomialAutoencoder_randomize,1.0,298.9866591739701,118.43463042000076,net_59_10488_net_115_11153_net_84_11226
1440,GradientShap_64_3_0.1_NegativeBinomialAutoencoder_data,1.0,298.9866591739701,118.5410469659837,net_59_10488_net_115_11153_net_84_11226
1441,Deconvolution_64_3_0.1_NegativeBinomialAutoencoder_zeros,1.0,298.9866591739701,27.8343560770154,net_59_10488_net_115_11153_net_84_11226
1442,GuidedBackprop_64_3_0.1_ZINBAutoencoder_zeros,1.0,348.37298900599126,28.805182887997944,net_59_10488_net_115_11153_net_84_11226
1443,GradientShap_64_3_0.1_ZINBAutoencoder_zeros,1.0,348.37298900599126,118.36004270298872,net_59_10488_net_115_11153_net_84_11226
1444,GradientShap_64_3_0.1_ZINBAutoencoder_randomize,1.0,348.37298900599126,118.848285184009,net_59_10488_net_115_11153_net_84_11226
1445,GradientShap_64_3_0.1_ZINBAutoencoder_data,1.0,348.37298900599126,118.64085966499988,net_59_10488_net_115_11153_net_84_11226
1446,Deconvolution_64_3_0.1_ZINBAutoencoder_zeros,1.0,348.37298900599126,28.72610774304485,net_59_10488_net_115_11153_net_84_11226
1447,GuidedBackprop_32_1_0_NegativeBinomialAutoencoder_zeros,1.0,380.57546502997866,25.263706010009628,net_59_10488_net_115_11153_net_84_11226
1448,GradientShap_32_1_0_NegativeBinomialAutoencoder_zeros,1.0,380.57546502997866,116.99178277997999,net_59_10488_net_115_11153_net_84_11226
1449,GradientShap_32_1_0_NegativeBinomialAutoencoder_randomize,1.0,380.57546502997866,117.46677945798729,net_59_10488_net_115_11153_net_84_11226
1450,GradientShap_32_1_0_NegativeBinomialAutoencoder_data,1.0,380.57546502997866,117.28004559699912,net_59_10488_net_115_11153_net_84_11226
1451,Deconvolution_32_1_0_NegativeBinomialAutoencoder_zeros,1.0,380.57546502997866,25.37801142700482,net_59_10488_net_115_11153_net_84_11226
1452,GuidedBackprop_32_1_0.1_NegativeBinomialAutoencoder_zeros,1.0,1975.4449599999934,141.69496044900734,net_59_10488_net_115_11153_net_84_11226
1453,GradientShap_32_1_0.1_NegativeBinomialAutoencoder_zeros,1.0,1975.4449599999934,333.0647435829742,net_59_10488_net_115_11153_net_84_11226
1454,GradientShap_32_1_0.1_NegativeBinomialAutoencoder_randomize,1.0,1975.4449599999934,312.6421633309801,net_59_10488_net_115_11153_net_84_11226
1455,GradientShap_32_1_0.1_NegativeBinomialAutoencoder_data,1.0,1975.4449599999934,309.05294999602484,net_59_10488_net_115_11153_net_84_11226
1456,GuidedBackprop_32_2_0_NegativeBinomialAutoencoder_zeros,1.0,486.37062342098216,27.993610136967618,net_59_10488_net_115_11153_net_84_11226
1457,Deconvolution_32_1_0.1_NegativeBinomialAutoencoder_zeros,1.0,1975.4449599999934,101.79673051903956,net_59_10488_net_115_11153_net_84_11226
1458,GradientShap_32_2_0_NegativeBinomialAutoencoder_zeros,1.0,486.37062342098216,117.30511881801067,net_59_10488_net_115_11153_net_84_11226
1459,GradientShap_32_2_0_NegativeBinomialAutoencoder_randomize,1.0,486.37062342098216,117.74483584903646,net_59_10488_net_115_11153_net_84_11226
1460,GradientShap_32_2_0_NegativeBinomialAutoencoder_data,1.0,486.37062342098216,117.72644279897213,net_59_10488_net_115_11153_net_84_11226
1461,Deconvolution_32_2_0_NegativeBinomialAutoencoder_zeros,1.0,486.37062342098216,26.638646782026626,net_59_10488_net_115_11153_net_84_11226
1462,GuidedBackprop_32_2_0_ZINBAutoencoder_zeros,1.0,636.5811401919927,27.629074361990206,net_59_10488_net_115_11153_net_84_11226
1463,GradientShap_32_2_0_ZINBAutoencoder_zeros,1.0,636.5811401919927,118.04974981502164,net_59_10488_net_115_11153_net_84_11226
1464,GradientShap_32_2_0_ZINBAutoencoder_randomize,1.0,636.5811401919927,118.54432087100577,net_59_10488_net_115_11153_net_84_11226
1465,GradientShap_32_2_0_ZINBAutoencoder_data,1.0,636.5811401919927,118.71155892097158,net_59_10488_net_115_11153_net_84_11226
1466,Deconvolution_32_2_0_ZINBAutoencoder_zeros,1.0,636.5811401919927,27.58059226698242,net_59_10488_net_115_11153_net_84_11226
1467,GuidedBackprop_32_2_0.1_NegativeBinomialAutoencoder_zeros,1.0,431.57247018197086,26.70737956301309,net_59_10488_net_115_11153_net_84_11226
1468,GradientShap_32_2_0.1_NegativeBinomialAutoencoder_zeros,1.0,431.57247018197086,117.84587070799898,net_59_10488_net_115_11153_net_84_11226
1469,GradientShap_32_2_0.1_NegativeBinomialAutoencoder_randomize,1.0,431.57247018197086,118.4074866840383,net_59_10488_net_115_11153_net_84_11226
1470,GradientShap_32_2_0.1_NegativeBinomialAutoencoder_data,1.0,431.57247018197086,118.41684488393366,net_59_10488_net_115_11153_net_84_11226
1471,Deconvolution_32_2_0.1_NegativeBinomialAutoencoder_zeros,1.0,431.57247018197086,26.65667305304669,net_59_10488_net_115_11153_net_84_11226
1472,GuidedBackprop_32_2_0.1_ZINBAutoencoder_zeros,1.0,610.4537632300053,27.6197565960465,net_59_10488_net_115_11153_net_84_11226
1473,GradientShap_32_2_0.1_ZINBAutoencoder_zeros,1.0,610.4537632300053,118.34049608104397,net_59_10488_net_115_11153_net_84_11226
1474,GradientShap_32_2_0.1_ZINBAutoencoder_randomize,1.0,610.4537632300053,118.81180372799281,net_59_10488_net_115_11153_net_84_11226
1475,GradientShap_32_2_0.1_ZINBAutoencoder_data,1.0,610.4537632300053,118.85885779000819,net_59_10488_net_115_11153_net_84_11226
1476,Deconvolution_32_2_0.1_ZINBAutoencoder_zeros,1.0,610.4537632300053,27.525478665018454,net_59_10488_net_115_11153_net_84_11226
1477,GuidedBackprop_32_3_0_NegativeBinomialAutoencoder_zeros,1.0,613.4896829089848,28.144405412022024,net_59_10488_net_115_11153_net_84_11226
1478,GradientShap_32_3_0_NegativeBinomialAutoencoder_zeros,1.0,613.4896829089848,118.71900060598273,net_59_10488_net_115_11153_net_84_11226
1479,GradientShap_32_3_0_NegativeBinomialAutoencoder_randomize,1.0,613.4896829089848,119.14414709201083,net_59_10488_net_115_11153_net_84_11226
1480,GradientShap_32_3_0_NegativeBinomialAutoencoder_data,1.0,613.4896829089848,119.08967905200552,net_59_10488_net_115_11153_net_84_11226
1481,Deconvolution_32_3_0_NegativeBinomialAutoencoder_zeros,1.0,613.4896829089848,28.15846257901285,net_59_10488_net_115_11153_net_84_11226
1482,GuidedBackprop_32_3_0_ZINBAutoencoder_zeros,1.0,855.6573473750614,29.10679979203269,net_59_10488_net_115_11153_net_84_11226
1483,GradientShap_32_3_0_ZINBAutoencoder_zeros,1.0,855.6573473750614,119.29874304600526,net_59_10488_net_115_11153_net_84_11226
1484,GradientShap_32_3_0_ZINBAutoencoder_randomize,1.0,855.6573473750614,119.74428118090145,net_59_10488_net_115_11153_net_84_11226
1485,GradientShap_32_3_0_ZINBAutoencoder_data,1.0,855.6573473750614,119.61869664501864,net_59_10488_net_115_11153_net_84_11226
1486,Deconvolution_32_3_0_ZINBAutoencoder_zeros,1.0,855.6573473750614,29.26350070803892,net_59_10488_net_115_11153_net_84_11226
1487,GuidedBackprop_32_3_0.1_NegativeBinomialAutoencoder_zeros,1.0,325.5191118370276,27.976467972039245,net_59_10488_net_115_11153_net_84_11226
1488,GradientShap_32_3_0.1_NegativeBinomialAutoencoder_zeros,1.0,325.5191118370276,118.61412283591926,net_59_10488_net_115_11153_net_84_11226
1489,GradientShap_32_3_0.1_NegativeBinomialAutoencoder_randomize,1.0,325.5191118370276,119.25414978095796,net_59_10488_net_115_11153_net_84_11226
1490,GradientShap_32_3_0.1_NegativeBinomialAutoencoder_data,1.0,325.5191118370276,119.3116331170313,net_59_10488_net_115_11153_net_84_11226
1491,Deconvolution_32_3_0.1_NegativeBinomialAutoencoder_zeros,1.0,325.5191118370276,28.152910570031963,net_59_10488_net_115_11153_net_84_11226
1492,GuidedBackprop_32_3_0.1_ZINBAutoencoder_zeros,1.0,461.7214640089078,29.114576517953537,net_59_10488_net_115_11153_net_84_11226
1493,GradientShap_32_3_0.1_ZINBAutoencoder_zeros,1.0,461.7214640089078,119.0359321370488,net_59_10488_net_115_11153_net_84_11226
1494,GradientShap_32_3_0.1_ZINBAutoencoder_randomize,1.0,461.7214640089078,119.95266992296092,net_59_10488_net_115_11153_net_84_11226
1495,GradientShap_32_3_0.1_ZINBAutoencoder_data,1.0,461.7214640089078,119.83650306810159,net_59_10488_net_115_11153_net_84_11226
1496,Deconvolution_32_3_0.1_ZINBAutoencoder_zeros,1.0,461.7214640089078,29.27329376898706,net_59_10488_net_115_11153_net_84_11226
1497,GuidedBackprop_16_1_0_NegativeBinomialAutoencoder_zeros,1.0,491.72979428898543,25.876911366940476,net_59_10488_net_115_11153_net_84_11226
1498,GradientShap_16_1_0_NegativeBinomialAutoencoder_zeros,1.0,491.72979428898543,118.16193223302253,net_59_10488_net_115_11153_net_84_11226
1499,GradientShap_16_1_0_NegativeBinomialAutoencoder_randomize,1.0,491.72979428898543,118.6467931070365,net_59_10488_net_115_11153_net_84_11226
1500,GradientShap_16_1_0_NegativeBinomialAutoencoder_data,1.0,491.72979428898543,118.38258262304589,net_59_10488_net_115_11153_net_84_11226
1501,Deconvolution_16_1_0_NegativeBinomialAutoencoder_zeros,1.0,491.72979428898543,25.905280607985333,net_59_10488_net_115_11153_net_84_11226
1502,GuidedBackprop_16_1_0_ZINBAutoencoder_zeros,0.563,705.0541693700943,26.02883911097888,net_59_10488_net_115_11153_net_84_11226
1503,GradientShap_16_1_0_ZINBAutoencoder_zeros,1.0,705.0541693700943,118.04861398600042,net_59_10488_net_115_11153_net_84_11226
1504,GradientShap_16_1_0_ZINBAutoencoder_randomize,1.0,705.0541693700943,118.2353851730004,net_59_10488_net_115_11153_net_84_11226
1505,GradientShap_16_1_0_ZINBAutoencoder_data,1.0,705.0541693700943,118.44255275395699,net_59_10488_net_115_11153_net_84_11226
1506,Deconvolution_16_1_0_ZINBAutoencoder_zeros,1.0,705.0541693700943,26.230290586943738,net_59_10488_net_115_11153_net_84_11226
1507,GuidedBackprop_16_1_0.1_NegativeBinomialAutoencoder_zeros,1.0,679.6024156420026,25.722946131019853,net_59_10488_net_115_11153_net_84_11226
1508,GradientShap_16_1_0.1_NegativeBinomialAutoencoder_zeros,1.0,679.6024156420026,117.51654018298723,net_59_10488_net_115_11153_net_84_11226
1509,GradientShap_16_1_0.1_NegativeBinomialAutoencoder_randomize,1.0,679.6024156420026,118.24750120402314,net_59_10488_net_115_11153_net_84_11226
1510,GradientShap_16_1_0.1_NegativeBinomialAutoencoder_data,1.0,679.6024156420026,118.12677250604611,net_59_10488_net_115_11153_net_84_11226
1511,Deconvolution_16_1_0.1_NegativeBinomialAutoencoder_zeros,1.0,679.6024156420026,25.833669926039875,net_59_10488_net_115_11153_net_84_11226
1512,GuidedBackprop_16_2_0_NegativeBinomialAutoencoder_zeros,0.511,568.3440778710647,27.745126398978755,net_59_10488_net_115_11153_net_84_11226
1513,GradientShap_16_2_0_NegativeBinomialAutoencoder_zeros,1.0,568.3440778710647,116.60710733092856,net_59_10488_net_115_11153_net_84_11226
1514,GradientShap_16_2_0_NegativeBinomialAutoencoder_randomize,1.0,568.3440778710647,116.73469934100285,net_59_10488_net_115_11153_net_84_11226
1515,GradientShap_16_2_0_NegativeBinomialAutoencoder_data,1.0,568.3440778710647,116.37083982408512,net_59_10488_net_115_11153_net_84_11226
1516,Deconvolution_16_2_0_NegativeBinomialAutoencoder_zeros,1.0,568.3440778710647,26.310730341007,net_59_10488_net_115_11153_net_84_11226
1517,GuidedBackprop_16_2_0_ZINBAutoencoder_zeros,1.0,856.4341240609065,27.37783698097337,net_59_10488_net_115_11153_net_84_11226
1518,GradientShap_16_2_0_ZINBAutoencoder_zeros,1.0,856.4341240609065,116.87235573795624,net_59_10488_net_115_11153_net_84_11226
1519,GradientShap_16_2_0_ZINBAutoencoder_randomize,1.0,856.4341240609065,117.2742581369821,net_59_10488_net_115_11153_net_84_11226
1520,GradientShap_16_2_0_ZINBAutoencoder_data,1.0,856.4341240609065,117.54582673695404,net_59_10488_net_115_11153_net_84_11226
1521,Deconvolution_16_2_0_ZINBAutoencoder_zeros,1.0,856.4341240609065,27.3635145209264,net_59_10488_net_115_11153_net_84_11226
1522,GuidedBackprop_16_2_0.1_NegativeBinomialAutoencoder_zeros,1.0,552.31623342901,26.72030457900837,net_59_10488_net_115_11153_net_84_11226
1523,GradientShap_16_2_0.1_NegativeBinomialAutoencoder_zeros,1.0,552.31623342901,116.76388750097249,net_59_10488_net_115_11153_net_84_11226
1524,GradientShap_16_2_0.1_NegativeBinomialAutoencoder_randomize,1.0,552.31623342901,117.37268593499903,net_59_10488_net_115_11153_net_84_11226
1525,GradientShap_16_2_0.1_NegativeBinomialAutoencoder_data,1.0,552.31623342901,117.23247758694924,net_59_10488_net_115_11153_net_84_11226
1526,Deconvolution_16_2_0.1_NegativeBinomialAutoencoder_zeros,1.0,552.31623342901,26.495139448088594,net_59_10488_net_115_11153_net_84_11226
1527,GuidedBackprop_16_2_0.1_ZINBAutoencoder_zeros,1.0,768.2524063520832,27.5714044990018,net_59_10488_net_115_11153_net_84_11226
1528,GradientShap_16_2_0.1_ZINBAutoencoder_zeros,1.0,768.2524063520832,117.0085949859349,net_59_10488_net_115_11153_net_84_11226
1529,GradientShap_16_2_0.1_ZINBAutoencoder_randomize,1.0,768.2524063520832,117.8795500890119,net_59_10488_net_115_11153_net_84_11226
1530,GradientShap_16_2_0.1_ZINBAutoencoder_data,1.0,768.2524063520832,117.7943380069919,net_59_10488_net_115_11153_net_84_11226
1531,Deconvolution_16_2_0.1_ZINBAutoencoder_zeros,1.0,768.2524063520832,27.409238151973113,net_59_10488_net_115_11153_net_84_11226
1532,GuidedBackprop_16_3_0_NegativeBinomialAutoencoder_zeros,1.0,711.102771188016,27.905625664978288,net_59_10488_net_115_11153_net_84_11226
1533,GradientShap_16_3_0_NegativeBinomialAutoencoder_zeros,1.0,711.102771188016,117.54730521305464,net_59_10488_net_115_11153_net_84_11226
1534,GradientShap_16_3_0_NegativeBinomialAutoencoder_randomize,1.0,711.102771188016,118.19623293995392,net_59_10488_net_115_11153_net_84_11226
1535,GradientShap_16_3_0_NegativeBinomialAutoencoder_data,1.0,711.102771188016,118.02763529901858,net_59_10488_net_115_11153_net_84_11226
1536,Deconvolution_16_3_0_NegativeBinomialAutoencoder_zeros,1.0,711.102771188016,28.006214758032,net_59_10488_net_115_11153_net_84_11226
1537,GuidedBackprop_16_3_0_ZINBAutoencoder_zeros,1.0,1028.0984935320448,28.94642684608698,net_59_10488_net_115_11153_net_84_11226
1538,GradientShap_16_3_0_ZINBAutoencoder_zeros,1.0,1028.0984935320448,118.20515562803484,net_59_10488_net_115_11153_net_84_11226
1539,GradientShap_16_3_0_ZINBAutoencoder_randomize,1.0,1028.0984935320448,119.01806089596357,net_59_10488_net_115_11153_net_84_11226
1540,GradientShap_16_3_0_ZINBAutoencoder_data,1.0,1028.0984935320448,118.72213210596237,net_59_10488_net_115_11153_net_84_11226
1541,Deconvolution_16_3_0_ZINBAutoencoder_zeros,1.0,1028.0984935320448,28.967869377927855,net_59_10488_net_115_11153_net_84_11226
1542,GuidedBackprop_16_3_0.1_NegativeBinomialAutoencoder_zeros,1.0,416.03053527791053,27.997556514921598,net_59_10488_net_115_11153_net_84_11226
1543,GradientShap_16_3_0.1_NegativeBinomialAutoencoder_data,1.0,416.03053527791053,118.5996845450718,net_59_10488_net_115_11153_net_84_11226
1544,GradientShap_16_3_0.1_NegativeBinomialAutoencoder_zeros,1.0,416.03053527791053,117.9540432819631,net_59_10488_net_115_11153_net_84_11226
1545,GradientShap_16_3_0.1_NegativeBinomialAutoencoder_randomize,1.0,416.03053527791053,118.36723840609193,net_59_10488_net_115_11153_net_84_11226
1546,Deconvolution_16_3_0.1_NegativeBinomialAutoencoder_zeros,1.0,416.03053527791053,28.052204701001756,net_59_10488_net_115_11153_net_84_11226
1547,GuidedBackprop_16_3_0.1_ZINBAutoencoder_zeros,1.0,490.01304690598045,28.69200980302412,net_59_10488_net_115_11153_net_84_11226
1548,GradientShap_16_3_0.1_ZINBAutoencoder_zeros,1.0,490.01304690598045,118.3803646620363,net_59_10488_net_115_11153_net_84_11226
1549,GradientShap_16_3_0.1_ZINBAutoencoder_randomize,1.0,490.01304690598045,118.95315369300079,net_59_10488_net_115_11153_net_84_11226
1550,GradientShap_16_3_0.1_ZINBAutoencoder_data,1.0,490.01304690598045,118.87901396793313,net_59_10488_net_115_11153_net_84_11226
1551,Deconvolution_16_3_0.1_ZINBAutoencoder_zeros,1.0,490.01304690598045,28.893488786998205,net_59_10488_net_115_11153_net_84_11226
1552,GuidedBackprop_64_1_0_ZINBAutoencoder_zeros,1.0,1956.5662941918708,75.67528893216513,net_60_10703_net_141_11706_net_81_10586
1553,GradientShap_64_1_0_ZINBAutoencoder_zeros,1.0,1956.5662941918708,282.1917698360048,net_60_10703_net_141_11706_net_81_10586
1554,GradientShap_64_1_0_ZINBAutoencoder_randomize,1.0,1956.5662941918708,259.5650227079168,net_60_10703_net_141_11706_net_81_10586
1555,GradientShap_64_1_0_ZINBAutoencoder_data,1.0,1956.5662941918708,285.2049457791727,net_60_10703_net_141_11706_net_81_10586
1556,Deconvolution_64_1_0_ZINBAutoencoder_zeros,1.0,1956.5662941918708,49.33959765709005,net_60_10703_net_141_11706_net_81_10586
1557,GuidedBackprop_64_1_0.1_NegativeBinomialAutoencoder_zeros,1.0,2005.0815217141062,70.14739197585732,net_60_10703_net_141_11706_net_81_10586
1558,GradientShap_64_1_0.1_NegativeBinomialAutoencoder_zeros,1.0,2005.0815217141062,294.74854199704714,net_60_10703_net_141_11706_net_81_10586
1559,GradientShap_64_1_0.1_NegativeBinomialAutoencoder_randomize,1.0,2005.0815217141062,277.60420046700165,net_60_10703_net_141_11706_net_81_10586
1560,GradientShap_64_1_0.1_NegativeBinomialAutoencoder_data,1.0,2005.0815217141062,295.8681524731219,net_60_10703_net_141_11706_net_81_10586
1561,Deconvolution_64_1_0.1_NegativeBinomialAutoencoder_zeros,1.0,2005.0815217141062,74.09150611003861,net_60_10703_net_141_11706_net_81_10586
1562,GuidedBackprop_64_1_0.1_ZINBAutoencoder_zeros,1.0,2924.6768970789853,61.16260345000774,net_60_10703_net_141_11706_net_81_10586
1563,GradientShap_64_1_0.1_ZINBAutoencoder_zeros,1.0,2924.6768970789853,283.50919412611984,net_60_10703_net_141_11706_net_81_10586
1564,GradientShap_64_1_0.1_ZINBAutoencoder_randomize,1.0,2924.6768970789853,255.02624719101004,net_60_10703_net_141_11706_net_81_10586
1565,GradientShap_64_1_0.1_ZINBAutoencoder_data,1.0,2924.6768970789853,268.39302835287526,net_60_10703_net_141_11706_net_81_10586
1566,Deconvolution_64_1_0.1_ZINBAutoencoder_zeros,1.0,2924.6768970789853,63.36474403599277,net_60_10703_net_141_11706_net_81_10586
1567,GuidedBackprop_64_2_0_NegativeBinomialAutoencoder_zeros,1.0,1280.2217815348413,97.2220937749371,net_60_10703_net_141_11706_net_81_10586
1568,GradientShap_64_2_0_NegativeBinomialAutoencoder_zeros,0.625,1280.2217815348413,294.5551140469033,net_60_10703_net_141_11706_net_81_10586
1569,GradientShap_64_2_0_NegativeBinomialAutoencoder_randomize,1.0,1280.2217815348413,268.10425901087,net_60_10703_net_141_11706_net_81_10586
1570,GradientShap_64_2_0_NegativeBinomialAutoencoder_data,1.0,1280.2217815348413,284.31103319791146,net_60_10703_net_141_11706_net_81_10586
1571,Deconvolution_64_2_0_NegativeBinomialAutoencoder_zeros,1.0,1280.2217815348413,87.67445166199468,net_60_10703_net_141_11706_net_81_10586
1572,GuidedBackprop_64_2_0_ZINBAutoencoder_zeros,1.0,2050.9166732451413,80.31121385912411,net_60_10703_net_141_11706_net_81_10586
1573,GradientShap_64_2_0_ZINBAutoencoder_zeros,1.0,2050.9166732451413,282.6735103260726,net_60_10703_net_141_11706_net_81_10586
1574,GradientShap_64_2_0_ZINBAutoencoder_randomize,1.0,2050.9166732451413,270.1126064131968,net_60_10703_net_141_11706_net_81_10586
1575,GradientShap_64_2_0_ZINBAutoencoder_data,1.0,2050.9166732451413,285.943566825008,net_60_10703_net_141_11706_net_81_10586
1576,Deconvolution_64_2_0_ZINBAutoencoder_zeros,1.0,2050.9166732451413,59.70734149985947,net_60_10703_net_141_11706_net_81_10586
1577,GuidedBackprop_64_2_0.1_NegativeBinomialAutoencoder_zeros,1.0,1439.0879967811052,100.26308028493077,net_60_10703_net_141_11706_net_81_10586
1578,GradientShap_64_2_0.1_NegativeBinomialAutoencoder_zeros,1.0,1439.0879967811052,260.873455807101,net_60_10703_net_141_11706_net_81_10586
1579,GradientShap_64_2_0.1_NegativeBinomialAutoencoder_randomize,1.0,1439.0879967811052,291.0565057459753,net_60_10703_net_141_11706_net_81_10586
1580,GradientShap_64_2_0.1_NegativeBinomialAutoencoder_data,1.0,1439.0879967811052,287.3403333048336,net_60_10703_net_141_11706_net_81_10586
1581,Deconvolution_64_2_0.1_NegativeBinomialAutoencoder_zeros,1.0,1439.0879967811052,73.49154289695434,net_60_10703_net_141_11706_net_81_10586
1582,GuidedBackprop_64_2_0.1_ZINBAutoencoder_zeros,1.0,2010.295338734053,84.966294238111,net_60_10703_net_141_11706_net_81_10586
1583,GradientShap_64_2_0.1_ZINBAutoencoder_zeros,1.0,2010.295338734053,271.5742078111507,net_60_10703_net_141_11706_net_81_10586
1584,GradientShap_64_2_0.1_ZINBAutoencoder_randomize,1.0,2010.295338734053,274.9849934591912,net_60_10703_net_141_11706_net_81_10586
1585,GradientShap_64_2_0.1_ZINBAutoencoder_data,1.0,2010.295338734053,273.06519791902974,net_60_10703_net_141_11706_net_81_10586
1586,Deconvolution_64_2_0.1_ZINBAutoencoder_zeros,1.0,2010.295338734053,69.17435155599378,net_60_10703_net_141_11706_net_81_10586
1587,GuidedBackprop_64_3_0_NegativeBinomialAutoencoder_zeros,1.0,1841.204580788035,86.23534563113935,net_60_10703_net_141_11706_net_81_10586
1588,GradientShap_64_3_0_NegativeBinomialAutoencoder_zeros,1.0,1841.204580788035,273.16994916903786,net_60_10703_net_141_11706_net_81_10586
1589,GradientShap_64_3_0_NegativeBinomialAutoencoder_randomize,1.0,1841.204580788035,277.6329539520666,net_60_10703_net_141_11706_net_81_10586
1590,GradientShap_64_3_0_NegativeBinomialAutoencoder_data,1.0,1841.204580788035,273.8909535501152,net_60_10703_net_141_11706_net_81_10586
1591,Deconvolution_64_3_0_NegativeBinomialAutoencoder_zeros,1.0,1841.204580788035,73.14157725102268,net_60_10703_net_141_11706_net_81_10586
1592,GuidedBackprop_64_3_0_ZINBAutoencoder_zeros,1.0,2553.905190827092,84.44067683094181,net_60_10703_net_141_11706_net_81_10586
1593,GradientShap_64_3_0_ZINBAutoencoder_zeros,1.0,2553.905190827092,274.68219720595516,net_60_10703_net_141_11706_net_81_10586
1594,GradientShap_64_3_0_ZINBAutoencoder_randomize,1.0,2553.905190827092,294.6100409440696,net_60_10703_net_141_11706_net_81_10586
1595,GradientShap_64_3_0_ZINBAutoencoder_data,1.0,2553.905190827092,287.75497418106534,net_60_10703_net_141_11706_net_81_10586
1596,Deconvolution_64_3_0_ZINBAutoencoder_zeros,1.0,2553.905190827092,82.8166166790761,net_60_10703_net_141_11706_net_81_10586
1597,GuidedBackprop_64_3_0.1_NegativeBinomialAutoencoder_zeros,1.0,964.2253784232307,71.46553613687865,net_60_10703_net_141_11706_net_81_10586
1598,GradientShap_64_3_0.1_NegativeBinomialAutoencoder_zeros,1.0,964.2253784232307,270.14230980398133,net_60_10703_net_141_11706_net_81_10586
1599,GradientShap_64_3_0.1_NegativeBinomialAutoencoder_randomize,1.0,964.2253784232307,273.2254231891129,net_60_10703_net_141_11706_net_81_10586
1600,GradientShap_64_3_0.1_NegativeBinomialAutoencoder_data,1.0,964.2253784232307,269.6920110110659,net_60_10703_net_141_11706_net_81_10586
1601,Deconvolution_64_3_0.1_NegativeBinomialAutoencoder_zeros,1.0,964.2253784232307,75.59298429894261,net_60_10703_net_141_11706_net_81_10586
1602,GuidedBackprop_64_3_0.1_ZINBAutoencoder_zeros,1.0,1196.0810352070257,75.14780854107812,net_60_10703_net_141_11706_net_81_10586
1603,GradientShap_64_3_0.1_ZINBAutoencoder_zeros,1.0,1196.0810352070257,295.6894378599245,net_60_10703_net_141_11706_net_81_10586
1604,GradientShap_64_3_0.1_ZINBAutoencoder_randomize,1.0,1196.0810352070257,296.5271915020421,net_60_10703_net_141_11706_net_81_10586
1605,GradientShap_64_3_0.1_ZINBAutoencoder_data,1.0,1196.0810352070257,282.9437617978547,net_60_10703_net_141_11706_net_81_10586
1606,Deconvolution_64_3_0.1_ZINBAutoencoder_zeros,1.0,1196.0810352070257,94.81367195001803,net_60_10703_net_141_11706_net_81_10586
1607,GuidedBackprop_32_1_0_NegativeBinomialAutoencoder_zeros,1.0,1645.3122209168505,69.47768093994819,net_60_10703_net_141_11706_net_81_10586
1608,GradientShap_32_1_0_NegativeBinomialAutoencoder_zeros,0.625,1645.3122209168505,272.1103730502073,net_60_10703_net_141_11706_net_81_10586
1609,GradientShap_32_1_0_NegativeBinomialAutoencoder_randomize,1.0,1645.3122209168505,274.09116399497725,net_60_10703_net_141_11706_net_81_10586
1610,GradientShap_32_1_0_NegativeBinomialAutoencoder_data,1.0,1645.3122209168505,278.616239663912,net_60_10703_net_141_11706_net_81_10586
1611,Deconvolution_32_1_0_NegativeBinomialAutoencoder_zeros,1.0,1645.3122209168505,64.68422369309701,net_60_10703_net_141_11706_net_81_10586
1612,GuidedBackprop_32_1_0_ZINBAutoencoder_zeros,1.0,2726.7007768109906,61.69869795208797,net_60_10703_net_141_11706_net_81_10586
1613,GradientShap_32_1_0_ZINBAutoencoder_zeros,1.0,2726.7007768109906,282.57794955093414,net_60_10703_net_141_11706_net_81_10586
1614,GradientShap_32_1_0_ZINBAutoencoder_randomize,0.624,2726.7007768109906,290.97209861013107,net_60_10703_net_141_11706_net_81_10586
1615,GradientShap_32_1_0_ZINBAutoencoder_data,1.0,2726.7007768109906,279.01274869707413,net_60_10703_net_141_11706_net_81_10586
1616,Deconvolution_32_1_0_ZINBAutoencoder_zeros,1.0,2726.7007768109906,63.94276945712045,net_60_10703_net_141_11706_net_81_10586
1617,GuidedBackprop_32_1_0.1_NegativeBinomialAutoencoder_zeros,1.0,2258.104504928924,85.59547861595638,net_60_10703_net_141_11706_net_81_10586
1618,GradientShap_32_1_0.1_NegativeBinomialAutoencoder_zeros,1.0,2258.104504928924,276.3112175320275,net_60_10703_net_141_11706_net_81_10586
1619,GradientShap_32_1_0.1_NegativeBinomialAutoencoder_randomize,1.0,2258.104504928924,265.2127747228369,net_60_10703_net_141_11706_net_81_10586
1620,GradientShap_32_1_0.1_NegativeBinomialAutoencoder_data,1.0,2258.104504928924,267.182665216038,net_60_10703_net_141_11706_net_81_10586
1621,Deconvolution_32_1_0.1_NegativeBinomialAutoencoder_zeros,1.0,2258.104504928924,67.1976165168453,net_60_10703_net_141_11706_net_81_10586
1622,GuidedBackprop_32_1_0.1_ZINBAutoencoder_zeros,1.0,2907.582047495991,103.6774067808874,net_60_10703_net_141_11706_net_81_10586
1623,GradientShap_32_1_0.1_ZINBAutoencoder_zeros,1.0,2907.582047495991,263.5371523560025,net_60_10703_net_141_11706_net_81_10586
1624,GradientShap_32_1_0.1_ZINBAutoencoder_randomize,1.0,2907.582047495991,276.8227985361591,net_60_10703_net_141_11706_net_81_10586
1625,GradientShap_32_1_0.1_ZINBAutoencoder_data,1.0,2907.582047495991,269.15024972194806,net_60_10703_net_141_11706_net_81_10586
1626,Deconvolution_32_1_0.1_ZINBAutoencoder_zeros,1.0,2907.582047495991,63.56396043486893,net_60_10703_net_141_11706_net_81_10586
1627,GuidedBackprop_32_2_0_NegativeBinomialAutoencoder_zeros,1.0,1750.4712025870103,62.093322216998786,net_60_10703_net_141_11706_net_81_10586
1628,GradientShap_32_2_0_NegativeBinomialAutoencoder_zeros,1.0,1750.4712025870103,277.5413471998181,net_60_10703_net_141_11706_net_81_10586
1629,GradientShap_32_2_0_NegativeBinomialAutoencoder_randomize,1.0,1750.4712025870103,282.9468484320678,net_60_10703_net_141_11706_net_81_10586
1630,GradientShap_32_2_0_NegativeBinomialAutoencoder_data,1.0,1750.4712025870103,274.2220988320187,net_60_10703_net_141_11706_net_81_10586
1631,Deconvolution_32_2_0_NegativeBinomialAutoencoder_zeros,1.0,1750.4712025870103,79.73041895683855,net_60_10703_net_141_11706_net_81_10586
1632,GuidedBackprop_32_2_0_ZINBAutoencoder_zeros,1.0,2532.7669022229966,81.93895748094656,net_60_10703_net_141_11706_net_81_10586
1633,GradientShap_32_2_0_ZINBAutoencoder_zeros,1.0,2532.7669022229966,276.7561599200126,net_60_10703_net_141_11706_net_81_10586
1634,GradientShap_32_2_0_ZINBAutoencoder_randomize,1.0,2532.7669022229966,290.36623228690587,net_60_10703_net_141_11706_net_81_10586
1635,GradientShap_32_2_0_ZINBAutoencoder_data,1.0,2532.7669022229966,266.75642109196633,net_60_10703_net_141_11706_net_81_10586
1636,Deconvolution_32_2_0_ZINBAutoencoder_zeros,1.0,2532.7669022229966,65.83416521386243,net_60_10703_net_141_11706_net_81_10586
1637,GuidedBackprop_32_2_0.1_NegativeBinomialAutoencoder_zeros,1.0,1429.8753023168538,67.70520592783578,net_60_10703_net_141_11706_net_81_10586
1638,GradientShap_32_2_0.1_NegativeBinomialAutoencoder_zeros,1.0,1429.8753023168538,282.85558171989396,net_60_10703_net_141_11706_net_81_10586
1639,GradientShap_32_2_0.1_NegativeBinomialAutoencoder_randomize,1.0,1429.8753023168538,280.0127662848681,net_60_10703_net_141_11706_net_81_10586
1640,GradientShap_32_2_0.1_NegativeBinomialAutoencoder_data,1.0,1429.8753023168538,279.2741029849276,net_60_10703_net_141_11706_net_81_10586
1641,Deconvolution_32_2_0.1_NegativeBinomialAutoencoder_zeros,1.0,1429.8753023168538,77.84535815194249,net_60_10703_net_141_11706_net_81_10586
1642,GuidedBackprop_32_2_0.1_ZINBAutoencoder_zeros,1.0,2006.35526484414,81.72540848888457,net_60_10703_net_141_11706_net_81_10586
1643,GradientShap_32_2_0.1_ZINBAutoencoder_zeros,1.0,2006.35526484414,267.81239106995054,net_60_10703_net_141_11706_net_81_10586
1644,GradientShap_32_2_0.1_ZINBAutoencoder_randomize,1.0,2006.35526484414,276.15215955488384,net_60_10703_net_141_11706_net_81_10586
1645,GradientShap_32_2_0.1_ZINBAutoencoder_data,1.0,2006.35526484414,276.41658194502816,net_60_10703_net_141_11706_net_81_10586
1646,Deconvolution_32_2_0.1_ZINBAutoencoder_zeros,1.0,2006.35526484414,65.61876049102284,net_60_10703_net_141_11706_net_81_10586
1647,GuidedBackprop_32_3_0_NegativeBinomialAutoencoder_zeros,1.0,2275.752536243992,56.42205446190201,net_60_10703_net_141_11706_net_81_10586
1648,GradientShap_32_3_0_NegativeBinomialAutoencoder_zeros,1.0,2275.752536243992,231.25512833800167,net_60_10703_net_141_11706_net_81_10586
1649,GradientShap_32_3_0_NegativeBinomialAutoencoder_randomize,1.0,2275.752536243992,240.98468832485378,net_60_10703_net_141_11706_net_81_10586
1650,GradientShap_32_3_0_NegativeBinomialAutoencoder_data,1.0,2275.752536243992,239.4538620931562,net_60_10703_net_141_11706_net_81_10586
1651,Deconvolution_32_3_0_NegativeBinomialAutoencoder_zeros,1.0,2275.752536243992,56.617737454827875,net_60_10703_net_141_11706_net_81_10586
1652,GuidedBackprop_32_3_0_ZINBAutoencoder_zeros,1.0,3101.1763240909204,58.273007282055914,net_60_10703_net_141_11706_net_81_10586
1653,GradientShap_32_3_0_ZINBAutoencoder_zeros,1.0,3101.1763240909204,252.3302615780849,net_60_10703_net_141_11706_net_81_10586
1654,GradientShap_32_3_0_ZINBAutoencoder_randomize,1.0,3101.1763240909204,242.70258699799888,net_60_10703_net_141_11706_net_81_10586
1655,GradientShap_32_3_0_ZINBAutoencoder_data,1.0,3101.1763240909204,240.45181086100638,net_60_10703_net_141_11706_net_81_10586
1656,Deconvolution_32_3_0_ZINBAutoencoder_zeros,1.0,3101.1763240909204,57.77922037104145,net_60_10703_net_141_11706_net_81_10586
1657,GuidedBackprop_32_3_0.1_NegativeBinomialAutoencoder_zeros,1.0,1280.4991109890398,56.49914046400227,net_60_10703_net_141_11706_net_81_10586
1658,GradientShap_32_3_0.1_NegativeBinomialAutoencoder_zeros,1.0,1280.4991109890398,240.74700482399203,net_60_10703_net_141_11706_net_81_10586
1659,GradientShap_32_3_0.1_NegativeBinomialAutoencoder_randomize,1.0,1280.4991109890398,241.38138316804543,net_60_10703_net_141_11706_net_81_10586
1660,GradientShap_32_3_0.1_NegativeBinomialAutoencoder_data,1.0,1280.4991109890398,233.3118847690057,net_60_10703_net_141_11706_net_81_10586
1661,Deconvolution_32_3_0.1_NegativeBinomialAutoencoder_zeros,1.0,1280.4991109890398,56.043215112993494,net_60_10703_net_141_11706_net_81_10586
1662,GuidedBackprop_32_3_0.1_ZINBAutoencoder_zeros,1.0,1720.001400121022,58.109193085925654,net_60_10703_net_141_11706_net_81_10586
1663,GradientShap_32_3_0.1_ZINBAutoencoder_zeros,1.0,1720.001400121022,244.7715425149072,net_60_10703_net_141_11706_net_81_10586
1664,GradientShap_32_3_0.1_ZINBAutoencoder_randomize,1.0,1720.001400121022,237.57823154400103,net_60_10703_net_141_11706_net_81_10586
1665,GradientShap_32_3_0.1_ZINBAutoencoder_data,1.0,1720.001400121022,244.48533604992554,net_60_10703_net_141_11706_net_81_10586
1666,Deconvolution_32_3_0.1_ZINBAutoencoder_zeros,1.0,1720.001400121022,57.6168888269458,net_60_10703_net_141_11706_net_81_10586
1667,GuidedBackprop_16_1_0_NegativeBinomialAutoencoder_zeros,1.0,1902.458546095062,51.679560733027756,net_60_10703_net_141_11706_net_81_10586
1668,GradientShap_16_1_0_NegativeBinomialAutoencoder_zeros,1.0,1902.458546095062,238.3111062911339,net_60_10703_net_141_11706_net_81_10586
1669,GradientShap_16_1_0_NegativeBinomialAutoencoder_randomize,1.0,1902.458546095062,242.75757715688087,net_60_10703_net_141_11706_net_81_10586
1670,GradientShap_16_1_0_NegativeBinomialAutoencoder_data,1.0,1902.458546095062,240.6302556360606,net_60_10703_net_141_11706_net_81_10586
1671,Deconvolution_16_1_0_NegativeBinomialAutoencoder_zeros,1.0,1902.458546095062,51.44406543392688,net_60_10703_net_141_11706_net_81_10586
1672,GuidedBackprop_16_1_0_ZINBAutoencoder_zeros,0.513,2438.321809579851,51.19104471011087,net_60_10703_net_141_11706_net_81_10586
1673,GradientShap_16_1_0_ZINBAutoencoder_zeros,1.0,2438.321809579851,234.23486071405932,net_60_10703_net_141_11706_net_81_10586
1674,GradientShap_16_1_0_ZINBAutoencoder_randomize,1.0,2438.321809579851,234.77900862088427,net_60_10703_net_141_11706_net_81_10586
1675,GradientShap_16_1_0_ZINBAutoencoder_data,1.0,2438.321809579851,236.2982269388158,net_60_10703_net_141_11706_net_81_10586
1676,Deconvolution_16_1_0_ZINBAutoencoder_zeros,1.0,2438.321809579851,51.604733454063535,net_60_10703_net_141_11706_net_81_10586
1677,GuidedBackprop_16_1_0.1_NegativeBinomialAutoencoder_zeros,0.516,2796.085146839032,51.56516802799888,net_60_10703_net_141_11706_net_81_10586
1678,GradientShap_16_1_0.1_NegativeBinomialAutoencoder_zeros,1.0,2796.085146839032,238.89577299216762,net_60_10703_net_141_11706_net_81_10586
1679,GradientShap_16_1_0.1_NegativeBinomialAutoencoder_randomize,1.0,2796.085146839032,237.27225419087335,net_60_10703_net_141_11706_net_81_10586
1680,GradientShap_16_1_0.1_NegativeBinomialAutoencoder_data,1.0,2796.085146839032,235.5389539268799,net_60_10703_net_141_11706_net_81_10586
1681,Deconvolution_16_1_0.1_NegativeBinomialAutoencoder_zeros,1.0,2796.085146839032,50.86664510006085,net_60_10703_net_141_11706_net_81_10586
1682,GuidedBackprop_16_1_0.1_ZINBAutoencoder_zeros,1.0,3812.610476962058,51.11178260506131,net_60_10703_net_141_11706_net_81_10586
1683,GradientShap_16_1_0.1_ZINBAutoencoder_zeros,1.0,3812.610476962058,233.82622465211898,net_60_10703_net_141_11706_net_81_10586
1684,GradientShap_16_1_0.1_ZINBAutoencoder_randomize,1.0,3812.610476962058,235.56178635987453,net_60_10703_net_141_11706_net_81_10586
1685,GradientShap_16_1_0.1_ZINBAutoencoder_data,1.0,3812.610476962058,236.0484275680501,net_60_10703_net_141_11706_net_81_10586
1686,Deconvolution_16_1_0.1_ZINBAutoencoder_zeros,1.0,3812.610476962058,51.55579721205868,net_60_10703_net_141_11706_net_81_10586
1687,GuidedBackprop_16_2_0_NegativeBinomialAutoencoder_zeros,1.0,1953.3076548490208,51.57748266798444,net_60_10703_net_141_11706_net_81_10586
1688,GradientShap_16_2_0_NegativeBinomialAutoencoder_zeros,1.0,1953.3076548490208,242.77854433911853,net_60_10703_net_141_11706_net_81_10586
1689,GradientShap_16_2_0_NegativeBinomialAutoencoder_randomize,1.0,1953.3076548490208,243.9099914219696,net_60_10703_net_141_11706_net_81_10586
1690,GradientShap_16_2_0_NegativeBinomialAutoencoder_data,1.0,1953.3076548490208,244.0048431570176,net_60_10703_net_141_11706_net_81_10586
1691,Deconvolution_16_2_0_NegativeBinomialAutoencoder_zeros,1.0,1953.3076548490208,53.49555842904374,net_60_10703_net_141_11706_net_81_10586
1692,GuidedBackprop_16_2_0_ZINBAutoencoder_zeros,0.999,2677.0894306569826,54.286812267964706,net_60_10703_net_141_11706_net_81_10586
1693,GradientShap_16_2_0_ZINBAutoencoder_zeros,1.0,2677.0894306569826,238.81060724589042,net_60_10703_net_141_11706_net_81_10586
1694,GradientShap_16_2_0_ZINBAutoencoder_randomize,1.0,2677.0894306569826,238.4586436059326,net_60_10703_net_141_11706_net_81_10586
1695,GradientShap_16_2_0_ZINBAutoencoder_data,1.0,2677.0894306569826,243.34406071295962,net_60_10703_net_141_11706_net_81_10586
1696,Deconvolution_16_2_0_ZINBAutoencoder_zeros,1.0,2677.0894306569826,55.07730096811429,net_60_10703_net_141_11706_net_81_10586
1697,GuidedBackprop_16_2_0.1_NegativeBinomialAutoencoder_zeros,1.0,1828.921708945185,53.17693835217506,net_60_10703_net_141_11706_net_81_10586
1698,GradientShap_16_2_0.1_NegativeBinomialAutoencoder_zeros,1.0,1828.921708945185,237.88787264702842,net_60_10703_net_141_11706_net_81_10586
1699,GradientShap_16_2_0.1_NegativeBinomialAutoencoder_randomize,1.0,1828.921708945185,239.00699823303148,net_60_10703_net_141_11706_net_81_10586
1700,GradientShap_16_2_0.1_NegativeBinomialAutoencoder_data,1.0,1828.921708945185,239.14956190111116,net_60_10703_net_141_11706_net_81_10586
1701,Deconvolution_16_2_0.1_NegativeBinomialAutoencoder_zeros,1.0,1828.921708945185,53.55807327898219,net_60_10703_net_141_11706_net_81_10586
1702,GuidedBackprop_16_2_0.1_ZINBAutoencoder_zeros,1.0,2805.5559892028105,54.16056306194514,net_60_10703_net_141_11706_net_81_10586
1703,GradientShap_16_2_0.1_ZINBAutoencoder_zeros,1.0,2805.5559892028105,240.6833210180048,net_60_10703_net_141_11706_net_81_10586
1704,GradientShap_16_2_0.1_ZINBAutoencoder_randomize,1.0,2805.5559892028105,240.57632094086148,net_60_10703_net_141_11706_net_81_10586
1705,GradientShap_16_2_0.1_ZINBAutoencoder_data,1.0,2805.5559892028105,244.4132523171138,net_60_10703_net_141_11706_net_81_10586
1706,Deconvolution_16_2_0.1_ZINBAutoencoder_zeros,1.0,2805.5559892028105,55.03271402907558,net_60_10703_net_141_11706_net_81_10586
1707,GuidedBackprop_16_3_0_NegativeBinomialAutoencoder_zeros,1.0,2529.132885454921,56.264494110131636,net_60_10703_net_141_11706_net_81_10586
1708,GradientShap_16_3_0_NegativeBinomialAutoencoder_zeros,1.0,2529.132885454921,234.4281994861085,net_60_10703_net_141_11706_net_81_10586
1709,GradientShap_16_3_0_NegativeBinomialAutoencoder_randomize,1.0,2529.132885454921,239.41904141381383,net_60_10703_net_141_11706_net_81_10586
1710,GradientShap_16_3_0_NegativeBinomialAutoencoder_data,1.0,2529.132885454921,243.7674038640689,net_60_10703_net_141_11706_net_81_10586
1711,Deconvolution_16_3_0_NegativeBinomialAutoencoder_zeros,1.0,2529.132885454921,56.793960131006315,net_60_10703_net_141_11706_net_81_10586
1712,GuidedBackprop_16_3_0_ZINBAutoencoder_zeros,0.566,3528.231558452826,58.16666875500232,net_60_10703_net_141_11706_net_81_10586
1713,GradientShap_16_3_0_ZINBAutoencoder_zeros,1.0,3528.231558452826,242.74391927802935,net_60_10703_net_141_11706_net_81_10586
1714,GradientShap_16_3_0_ZINBAutoencoder_randomize,1.0,3528.231558452826,242.97830780781806,net_60_10703_net_141_11706_net_81_10586
1715,GradientShap_16_3_0_ZINBAutoencoder_data,1.0,3528.231558452826,242.89957445603795,net_60_10703_net_141_11706_net_81_10586
1716,Deconvolution_16_3_0_ZINBAutoencoder_zeros,1.0,3528.231558452826,58.02259923797101,net_60_10703_net_141_11706_net_81_10586
1717,GuidedBackprop_16_3_0.1_NegativeBinomialAutoencoder_zeros,1.0,1671.1365416268818,56.50069293612614,net_60_10703_net_141_11706_net_81_10586
1718,GradientShap_16_3_0.1_NegativeBinomialAutoencoder_zeros,1.0,1671.1365416268818,245.39324385509826,net_60_10703_net_141_11706_net_81_10586
1719,GradientShap_16_3_0.1_NegativeBinomialAutoencoder_randomize,1.0,1671.1365416268818,243.3672385928221,net_60_10703_net_141_11706_net_81_10586
1720,GradientShap_16_3_0.1_NegativeBinomialAutoencoder_data,1.0,1671.1365416268818,241.97669053799473,net_60_10703_net_141_11706_net_81_10586
1721,Deconvolution_16_3_0.1_NegativeBinomialAutoencoder_zeros,1.0,1671.1365416268818,56.55292783607729,net_60_10703_net_141_11706_net_81_10586
1722,GuidedBackprop_16_3_0.1_ZINBAutoencoder_zeros,1.0,1797.5494767820928,58.32980478485115,net_60_10703_net_141_11706_net_81_10586
1723,GradientShap_16_3_0.1_ZINBAutoencoder_zeros,1.0,1797.5494767820928,239.13796073407866,net_60_10703_net_141_11706_net_81_10586
1724,GradientShap_16_3_0.1_ZINBAutoencoder_randomize,1.0,1797.5494767820928,246.919208758045,net_60_10703_net_141_11706_net_81_10586
1725,GradientShap_16_3_0.1_ZINBAutoencoder_data,1.0,1797.5494767820928,246.36102626193315,net_60_10703_net_141_11706_net_81_10586
1726,Deconvolution_16_3_0.1_ZINBAutoencoder_zeros,1.0,1797.5494767820928,58.26861244509928,net_60_10703_net_141_11706_net_81_10586
1727,GuidedBackprop_64_1_0_ZINBAutoencoder_zeros,1.0,395.271947857982,21.251931206032168,net_98_11932_net_51_10906_net_60_10082
1728,GradientShap_64_1_0_ZINBAutoencoder_zeros,1.0,395.271947857982,91.6031469090376,net_98_11932_net_51_10906_net_60_10082
1729,GradientShap_64_1_0_ZINBAutoencoder_randomize,1.0,395.271947857982,91.92090392200043,net_98_11932_net_51_10906_net_60_10082
1730,GradientShap_64_1_0_ZINBAutoencoder_data,1.0,395.271947857982,91.91460963705322,net_98_11932_net_51_10906_net_60_10082
1731,Deconvolution_64_1_0_ZINBAutoencoder_zeros,1.0,395.271947857982,20.033020686998498,net_98_11932_net_51_10906_net_60_10082
1732,GuidedBackprop_64_1_0.1_NegativeBinomialAutoencoder_zeros,1.0,520.4009232110111,19.68134246801492,net_98_11932_net_51_10906_net_60_10082
1733,GradientShap_64_1_0.1_NegativeBinomialAutoencoder_zeros,1.0,520.4009232110111,91.70774941303534,net_98_11932_net_51_10906_net_60_10082
1734,GradientShap_64_1_0.1_NegativeBinomialAutoencoder_randomize,1.0,520.4009232110111,91.98441090300912,net_98_11932_net_51_10906_net_60_10082
1735,GradientShap_64_1_0.1_NegativeBinomialAutoencoder_data,1.0,520.4009232110111,92.0813530079904,net_98_11932_net_51_10906_net_60_10082
1736,Deconvolution_64_1_0.1_NegativeBinomialAutoencoder_zeros,1.0,520.4009232110111,19.691403500037268,net_98_11932_net_51_10906_net_60_10082
1737,GuidedBackprop_64_1_0.1_ZINBAutoencoder_zeros,1.0,692.7054850899731,20.044945770001505,net_98_11932_net_51_10906_net_60_10082
1738,GradientShap_64_1_0.1_ZINBAutoencoder_zeros,1.0,692.7054850899731,91.81251108599827,net_98_11932_net_51_10906_net_60_10082
1739,GradientShap_64_1_0.1_ZINBAutoencoder_randomize,1.0,692.7054850899731,92.42485456797294,net_98_11932_net_51_10906_net_60_10082
1740,GradientShap_64_1_0.1_ZINBAutoencoder_data,1.0,692.7054850899731,91.98114681604784,net_98_11932_net_51_10906_net_60_10082
1741,Deconvolution_64_1_0.1_ZINBAutoencoder_zeros,1.0,692.7054850899731,20.149511771975085,net_98_11932_net_51_10906_net_60_10082
1742,GuidedBackprop_64_2_0_NegativeBinomialAutoencoder_zeros,1.0,311.444527707994,20.795498881023377,net_98_11932_net_51_10906_net_60_10082
1743,GradientShap_64_2_0_NegativeBinomialAutoencoder_zeros,1.0,311.444527707994,92.24438618699787,net_98_11932_net_51_10906_net_60_10082
1744,GradientShap_64_2_0_NegativeBinomialAutoencoder_randomize,1.0,311.444527707994,92.47277434897842,net_98_11932_net_51_10906_net_60_10082
1745,GradientShap_64_2_0_NegativeBinomialAutoencoder_data,1.0,311.444527707994,92.6006431079586,net_98_11932_net_51_10906_net_60_10082
1746,Deconvolution_64_2_0_NegativeBinomialAutoencoder_zeros,1.0,311.444527707994,20.73665743600577,net_98_11932_net_51_10906_net_60_10082
1747,GuidedBackprop_64_2_0_ZINBAutoencoder_zeros,1.0,451.4363760850392,21.337847290968057,net_98_11932_net_51_10906_net_60_10082
1748,GradientShap_64_2_0_ZINBAutoencoder_zeros,1.0,451.4363760850392,92.32682219095295,net_98_11932_net_51_10906_net_60_10082
1749,GradientShap_64_2_0_ZINBAutoencoder_randomize,1.0,451.4363760850392,92.95724246400641,net_98_11932_net_51_10906_net_60_10082
1750,GradientShap_64_2_0_ZINBAutoencoder_data,1.0,451.4363760850392,92.77352305996465,net_98_11932_net_51_10906_net_60_10082
1751,Deconvolution_64_2_0_ZINBAutoencoder_zeros,1.0,451.4363760850392,21.375927993969526,net_98_11932_net_51_10906_net_60_10082
1752,GuidedBackprop_64_2_0.1_NegativeBinomialAutoencoder_zeros,1.0,306.2640193059924,20.85174706898397,net_98_11932_net_51_10906_net_60_10082
1753,GradientShap_64_2_0.1_NegativeBinomialAutoencoder_zeros,1.0,306.2640193059924,92.27565390401287,net_98_11932_net_51_10906_net_60_10082
1754,GradientShap_64_2_0.1_NegativeBinomialAutoencoder_randomize,1.0,306.2640193059924,92.99150683399057,net_98_11932_net_51_10906_net_60_10082
1755,GradientShap_64_2_0.1_NegativeBinomialAutoencoder_data,1.0,306.2640193059924,92.65946644404903,net_98_11932_net_51_10906_net_60_10082
1756,Deconvolution_64_2_0.1_NegativeBinomialAutoencoder_zeros,1.0,306.2640193059924,20.82541923399549,net_98_11932_net_51_10906_net_60_10082
1757,GuidedBackprop_64_2_0.1_ZINBAutoencoder_zeros,1.0,469.4936627870193,21.28525446204003,net_98_11932_net_51_10906_net_60_10082
1758,GradientShap_64_2_0.1_ZINBAutoencoder_zeros,1.0,469.4936627870193,92.36519126797793,net_98_11932_net_51_10906_net_60_10082
1759,GradientShap_64_2_0.1_ZINBAutoencoder_randomize,1.0,469.4936627870193,92.88380406500073,net_98_11932_net_51_10906_net_60_10082
1760,GradientShap_64_2_0.1_ZINBAutoencoder_data,1.0,469.4936627870193,92.91981324204244,net_98_11932_net_51_10906_net_60_10082
1761,Deconvolution_64_2_0.1_ZINBAutoencoder_zeros,1.0,469.4936627870193,21.433484177978244,net_98_11932_net_51_10906_net_60_10082
1762,GuidedBackprop_64_3_0_NegativeBinomialAutoencoder_zeros,1.0,387.5259755750303,21.77198111504549,net_98_11932_net_51_10906_net_60_10082
1763,GradientShap_64_3_0_NegativeBinomialAutoencoder_zeros,1.0,387.5259755750303,92.72249849699438,net_98_11932_net_51_10906_net_60_10082
1764,GradientShap_64_3_0_NegativeBinomialAutoencoder_randomize,1.0,387.5259755750303,92.80234335700516,net_98_11932_net_51_10906_net_60_10082
1765,GradientShap_64_3_0_NegativeBinomialAutoencoder_data,1.0,387.5259755750303,93.31898560601985,net_98_11932_net_51_10906_net_60_10082
1766,Deconvolution_64_3_0_NegativeBinomialAutoencoder_zeros,1.0,387.5259755750303,21.778578074998222,net_98_11932_net_51_10906_net_60_10082
1767,GuidedBackprop_64_3_0_ZINBAutoencoder_zeros,1.0,574.4383655320271,22.453586206014734,net_98_11932_net_51_10906_net_60_10082
1768,GradientShap_64_3_0_ZINBAutoencoder_zeros,1.0,574.4383655320271,93.0253488580347,net_98_11932_net_51_10906_net_60_10082
1769,GradientShap_64_3_0_ZINBAutoencoder_randomize,1.0,574.4383655320271,93.30017801403301,net_98_11932_net_51_10906_net_60_10082
1770,GradientShap_64_3_0_ZINBAutoencoder_data,1.0,574.4383655320271,93.76791715901345,net_98_11932_net_51_10906_net_60_10082
1771,Deconvolution_64_3_0_ZINBAutoencoder_zeros,1.0,574.4383655320271,22.524652104999404,net_98_11932_net_51_10906_net_60_10082
1772,GuidedBackprop_64_3_0.1_NegativeBinomialAutoencoder_zeros,1.0,225.6902371289907,21.71930987003725,net_98_11932_net_51_10906_net_60_10082
1773,GradientShap_64_3_0.1_NegativeBinomialAutoencoder_zeros,1.0,225.6902371289907,93.02533987601055,net_98_11932_net_51_10906_net_60_10082
1774,GradientShap_64_3_0.1_NegativeBinomialAutoencoder_randomize,1.0,225.6902371289907,93.49522810097551,net_98_11932_net_51_10906_net_60_10082
1775,GradientShap_64_3_0.1_NegativeBinomialAutoencoder_data,1.0,225.6902371289907,93.36721793102333,net_98_11932_net_51_10906_net_60_10082
1776,Deconvolution_64_3_0.1_NegativeBinomialAutoencoder_zeros,1.0,225.6902371289907,21.73871656600386,net_98_11932_net_51_10906_net_60_10082
1777,GuidedBackprop_64_3_0.1_ZINBAutoencoder_zeros,1.0,314.77466112101683,22.592381253023632,net_98_11932_net_51_10906_net_60_10082
1778,GradientShap_64_3_0.1_ZINBAutoencoder_zeros,1.0,314.77466112101683,93.55717984697549,net_98_11932_net_51_10906_net_60_10082
1779,GradientShap_64_3_0.1_ZINBAutoencoder_randomize,1.0,314.77466112101683,94.10559660202125,net_98_11932_net_51_10906_net_60_10082
1780,GradientShap_64_3_0.1_ZINBAutoencoder_data,1.0,314.77466112101683,93.51542418595636,net_98_11932_net_51_10906_net_60_10082
1781,Deconvolution_64_3_0.1_ZINBAutoencoder_zeros,1.0,314.77466112101683,22.557900273997802,net_98_11932_net_51_10906_net_60_10082
1782,GuidedBackprop_32_1_0_NegativeBinomialAutoencoder_zeros,1.0,337.7586964779766,20.01913702400634,net_98_11932_net_51_10906_net_60_10082
1783,GradientShap_32_1_0_NegativeBinomialAutoencoder_zeros,1.0,337.7586964779766,92.30190614104504,net_98_11932_net_51_10906_net_60_10082
1784,GradientShap_32_1_0_NegativeBinomialAutoencoder_randomize,1.0,337.7586964779766,92.6881572540151,net_98_11932_net_51_10906_net_60_10082
1785,GradientShap_32_1_0_NegativeBinomialAutoencoder_data,1.0,337.7586964779766,92.60233229200821,net_98_11932_net_51_10906_net_60_10082
1786,Deconvolution_32_1_0_NegativeBinomialAutoencoder_zeros,1.0,337.7586964779766,20.059675947006326,net_98_11932_net_51_10906_net_60_10082
1787,GuidedBackprop_32_1_0_ZINBAutoencoder_zeros,1.0,519.7816721199779,20.115749011049047,net_98_11932_net_51_10906_net_60_10082
1788,GradientShap_32_1_0_ZINBAutoencoder_zeros,1.0,519.7816721199779,92.03056198603008,net_98_11932_net_51_10906_net_60_10082
1789,GradientShap_32_1_0_ZINBAutoencoder_randomize,1.0,519.7816721199779,92.54601727396948,net_98_11932_net_51_10906_net_60_10082
1790,GradientShap_32_1_0_ZINBAutoencoder_data,1.0,519.7816721199779,92.567299782997,net_98_11932_net_51_10906_net_60_10082
1791,Deconvolution_32_1_0_ZINBAutoencoder_zeros,1.0,519.7816721199779,20.06279708299553,net_98_11932_net_51_10906_net_60_10082
1792,GuidedBackprop_32_1_0.1_NegativeBinomialAutoencoder_zeros,1.0,455.1637579429662,19.721258814970497,net_98_11932_net_51_10906_net_60_10082
1793,GradientShap_32_1_0.1_NegativeBinomialAutoencoder_zeros,1.0,455.1637579429662,91.7947603869834,net_98_11932_net_51_10906_net_60_10082
1794,GradientShap_32_1_0.1_NegativeBinomialAutoencoder_randomize,1.0,455.1637579429662,92.34178662701743,net_98_11932_net_51_10906_net_60_10082
1795,GradientShap_32_1_0.1_NegativeBinomialAutoencoder_data,1.0,455.1637579429662,92.47001008200459,net_98_11932_net_51_10906_net_60_10082
1796,Deconvolution_32_1_0.1_NegativeBinomialAutoencoder_zeros,1.0,455.1637579429662,19.93105358001776,net_98_11932_net_51_10906_net_60_10082
1797,GuidedBackprop_32_1_0.1_ZINBAutoencoder_zeros,1.0,666.9446470190305,20.195732733001933,net_98_11932_net_51_10906_net_60_10082
1798,GradientShap_32_1_0.1_ZINBAutoencoder_zeros,1.0,666.9446470190305,92.03677887801314,net_98_11932_net_51_10906_net_60_10082
1799,GradientShap_32_1_0.1_ZINBAutoencoder_randomize,1.0,666.9446470190305,92.49100520001957,net_98_11932_net_51_10906_net_60_10082
1800,GradientShap_32_1_0.1_ZINBAutoencoder_data,1.0,666.9446470190305,92.47226612002123,net_98_11932_net_51_10906_net_60_10082
1801,Deconvolution_32_1_0.1_ZINBAutoencoder_zeros,1.0,666.9446470190305,20.09305555804167,net_98_11932_net_51_10906_net_60_10082
1802,GuidedBackprop_32_2_0_NegativeBinomialAutoencoder_zeros,1.0,426.4570485490258,20.57756885897834,net_98_11932_net_51_10906_net_60_10082
1803,GradientShap_32_2_0_NegativeBinomialAutoencoder_zeros,1.0,426.4570485490258,92.26762684399728,net_98_11932_net_51_10906_net_60_10082
1804,GradientShap_32_2_0_NegativeBinomialAutoencoder_randomize,1.0,426.4570485490258,92.67306337604532,net_98_11932_net_51_10906_net_60_10082
1805,GradientShap_32_2_0_NegativeBinomialAutoencoder_data,1.0,426.4570485490258,92.69786259898683,net_98_11932_net_51_10906_net_60_10082
1806,Deconvolution_32_2_0_NegativeBinomialAutoencoder_zeros,1.0,426.4570485490258,20.862078589037992,net_98_11932_net_51_10906_net_60_10082
1807,GuidedBackprop_32_2_0_ZINBAutoencoder_zeros,1.0,626.1805924120126,21.159055831027217,net_98_11932_net_51_10906_net_60_10082
1808,GradientShap_32_2_0_ZINBAutoencoder_zeros,1.0,626.1805924120126,92.44808853795985,net_98_11932_net_51_10906_net_60_10082
1809,GradientShap_32_2_0_ZINBAutoencoder_randomize,1.0,626.1805924120126,92.88528007501736,net_98_11932_net_51_10906_net_60_10082
1810,GradientShap_32_2_0_ZINBAutoencoder_data,1.0,626.1805924120126,93.10296868497971,net_98_11932_net_51_10906_net_60_10082
1811,Deconvolution_32_2_0_ZINBAutoencoder_zeros,1.0,626.1805924120126,21.368878658977337,net_98_11932_net_51_10906_net_60_10082
1812,GuidedBackprop_32_2_0.1_NegativeBinomialAutoencoder_zeros,1.0,352.1299263900146,20.684526606986765,net_98_11932_net_51_10906_net_60_10082
1813,GradientShap_32_2_0.1_NegativeBinomialAutoencoder_zeros,1.0,352.1299263900146,92.6306332660024,net_98_11932_net_51_10906_net_60_10082
1814,GradientShap_32_2_0.1_NegativeBinomialAutoencoder_randomize,1.0,352.1299263900146,92.71320006699534,net_98_11932_net_51_10906_net_60_10082
1815,GradientShap_32_2_0.1_NegativeBinomialAutoencoder_data,1.0,352.1299263900146,92.95926687697647,net_98_11932_net_51_10906_net_60_10082
1816,Deconvolution_32_2_0.1_NegativeBinomialAutoencoder_zeros,1.0,352.1299263900146,20.840657747001387,net_98_11932_net_51_10906_net_60_10082
1817,GuidedBackprop_32_2_0.1_ZINBAutoencoder_zeros,1.0,477.96258358698105,21.24503311305307,net_98_11932_net_51_10906_net_60_10082
1818,GradientShap_32_2_0.1_ZINBAutoencoder_zeros,1.0,477.96258358698105,92.73067957401508,net_98_11932_net_51_10906_net_60_10082
1819,GradientShap_32_2_0.1_ZINBAutoencoder_randomize,1.0,477.96258358698105,93.15653028304223,net_98_11932_net_51_10906_net_60_10082
1820,GradientShap_32_2_0.1_ZINBAutoencoder_data,1.0,477.96258358698105,92.97249357297551,net_98_11932_net_51_10906_net_60_10082
1821,Deconvolution_32_2_0.1_ZINBAutoencoder_zeros,1.0,477.96258358698105,21.367043735983316,net_98_11932_net_51_10906_net_60_10082
1822,GuidedBackprop_32_3_0_NegativeBinomialAutoencoder_zeros,1.0,447.72396827000193,21.71624784701271,net_98_11932_net_51_10906_net_60_10082
1823,GradientShap_32_3_0_NegativeBinomialAutoencoder_zeros,1.0,447.72396827000193,92.85563173901755,net_98_11932_net_51_10906_net_60_10082
1824,GradientShap_32_3_0_NegativeBinomialAutoencoder_randomize,1.0,447.72396827000193,93.43320722895442,net_98_11932_net_51_10906_net_60_10082
1825,GradientShap_32_3_0_NegativeBinomialAutoencoder_data,1.0,447.72396827000193,93.38788519997615,net_98_11932_net_51_10906_net_60_10082
1826,Deconvolution_32_3_0_NegativeBinomialAutoencoder_zeros,1.0,447.72396827000193,21.81536182796117,net_98_11932_net_51_10906_net_60_10082
1827,GuidedBackprop_32_3_0_ZINBAutoencoder_zeros,1.0,638.0492791330325,22.535804371989798,net_98_11932_net_51_10906_net_60_10082
1828,GradientShap_32_3_0_ZINBAutoencoder_zeros,1.0,638.0492791330325,93.40930967399618,net_98_11932_net_51_10906_net_60_10082
1829,GradientShap_32_3_0_ZINBAutoencoder_randomize,1.0,638.0492791330325,93.66134152101586,net_98_11932_net_51_10906_net_60_10082
1830,GradientShap_32_3_0_ZINBAutoencoder_data,1.0,638.0492791330325,93.68826873996295,net_98_11932_net_51_10906_net_60_10082
1831,Deconvolution_32_3_0_ZINBAutoencoder_zeros,1.0,638.0492791330325,22.64915779401781,net_98_11932_net_51_10906_net_60_10082
1832,GuidedBackprop_32_3_0.1_NegativeBinomialAutoencoder_zeros,1.0,302.0540707069449,21.777103241998702,net_98_11932_net_51_10906_net_60_10082
1833,GradientShap_32_3_0.1_NegativeBinomialAutoencoder_zeros,1.0,302.0540707069449,93.01023611199344,net_98_11932_net_51_10906_net_60_10082
1834,GradientShap_32_3_0.1_NegativeBinomialAutoencoder_randomize,1.0,302.0540707069449,93.52422247204231,net_98_11932_net_51_10906_net_60_10082
1835,GradientShap_32_3_0.1_NegativeBinomialAutoencoder_data,1.0,302.0540707069449,93.55039833602495,net_98_11932_net_51_10906_net_60_10082
1836,Deconvolution_32_3_0.1_NegativeBinomialAutoencoder_zeros,1.0,302.0540707069449,21.84941764699761,net_98_11932_net_51_10906_net_60_10082
1837,GuidedBackprop_32_3_0.1_ZINBAutoencoder_zeros,1.0,415.6661120999488,22.257061004987918,net_98_11932_net_51_10906_net_60_10082
1838,GradientShap_32_3_0.1_ZINBAutoencoder_zeros,1.0,415.6661120999488,93.4188445089967,net_98_11932_net_51_10906_net_60_10082
1839,GradientShap_32_3_0.1_ZINBAutoencoder_randomize,1.0,415.6661120999488,93.94413961103419,net_98_11932_net_51_10906_net_60_10082
1840,GradientShap_32_3_0.1_ZINBAutoencoder_data,1.0,415.6661120999488,94.59587838000152,net_98_11932_net_51_10906_net_60_10082
1841,Deconvolution_32_3_0.1_ZINBAutoencoder_zeros,1.0,415.6661120999488,22.601112750999164,net_98_11932_net_51_10906_net_60_10082
1842,GuidedBackprop_16_1_0_NegativeBinomialAutoencoder_zeros,1.0,440.2768970420002,19.845739487966057,net_98_11932_net_51_10906_net_60_10082
1843,GradientShap_16_1_0_NegativeBinomialAutoencoder_zeros,1.0,440.2768970420002,92.3572132739937,net_98_11932_net_51_10906_net_60_10082
1844,GradientShap_16_1_0_NegativeBinomialAutoencoder_randomize,1.0,440.2768970420002,92.69359059497947,net_98_11932_net_51_10906_net_60_10082
1845,GradientShap_16_1_0_NegativeBinomialAutoencoder_data,1.0,440.2768970420002,92.70109844603576,net_98_11932_net_51_10906_net_60_10082
1846,Deconvolution_16_1_0_NegativeBinomialAutoencoder_zeros,1.0,440.2768970420002,20.05930412298767,net_98_11932_net_51_10906_net_60_10082
1847,GuidedBackprop_16_1_0_ZINBAutoencoder_zeros,0.576,671.4500657339813,20.178765447984915,net_98_11932_net_51_10906_net_60_10082
1848,GradientShap_16_1_0_ZINBAutoencoder_zeros,1.0,671.4500657339813,92.2812211579876,net_98_11932_net_51_10906_net_60_10082
1849,GradientShap_16_1_0_ZINBAutoencoder_randomize,1.0,671.4500657339813,92.74505244899774,net_98_11932_net_51_10906_net_60_10082
1850,GradientShap_16_1_0_ZINBAutoencoder_data,1.0,671.4500657339813,92.88467101397691,net_98_11932_net_51_10906_net_60_10082
1851,Deconvolution_16_1_0_ZINBAutoencoder_zeros,1.0,671.4500657339813,20.13966884301044,net_98_11932_net_51_10906_net_60_10082
1852,GuidedBackprop_16_1_0.1_NegativeBinomialAutoencoder_zeros,1.0,667.692288720049,19.94771156401839,net_98_11932_net_51_10906_net_60_10082
1853,GradientShap_16_1_0.1_NegativeBinomialAutoencoder_zeros,1.0,667.692288720049,91.86275738402037,net_98_11932_net_51_10906_net_60_10082
1854,GradientShap_16_1_0.1_NegativeBinomialAutoencoder_randomize,1.0,667.692288720049,92.6172309499816,net_98_11932_net_51_10906_net_60_10082
1855,GradientShap_16_1_0.1_NegativeBinomialAutoencoder_data,1.0,667.692288720049,92.34507966699312,net_98_11932_net_51_10906_net_60_10082
1856,Deconvolution_16_1_0.1_NegativeBinomialAutoencoder_zeros,1.0,667.692288720049,19.990293256996665,net_98_11932_net_51_10906_net_60_10082
1857,GuidedBackprop_16_1_0.1_ZINBAutoencoder_zeros,0.53,859.5079686869867,20.201210180995986,net_98_11932_net_51_10906_net_60_10082
1858,GradientShap_16_1_0.1_ZINBAutoencoder_zeros,1.0,859.5079686869867,91.71902629098622,net_98_11932_net_51_10906_net_60_10082
1859,GradientShap_16_1_0.1_ZINBAutoencoder_randomize,1.0,859.5079686869867,92.10321955999825,net_98_11932_net_51_10906_net_60_10082
1860,GradientShap_16_1_0.1_ZINBAutoencoder_data,1.0,859.5079686869867,92.01410067500547,net_98_11932_net_51_10906_net_60_10082
1861,Deconvolution_16_1_0.1_ZINBAutoencoder_zeros,1.0,859.5079686869867,20.00080118898768,net_98_11932_net_51_10906_net_60_10082
1862,GuidedBackprop_16_2_0_NegativeBinomialAutoencoder_zeros,1.0,500.15669756400166,20.818240296968725,net_98_11932_net_51_10906_net_60_10082
1863,GradientShap_16_2_0_NegativeBinomialAutoencoder_zeros,1.0,500.15669756400166,92.23577128304169,net_98_11932_net_51_10906_net_60_10082
1864,GradientShap_16_2_0_NegativeBinomialAutoencoder_randomize,1.0,500.15669756400166,92.72701660799794,net_98_11932_net_51_10906_net_60_10082
1865,GradientShap_16_2_0_NegativeBinomialAutoencoder_data,1.0,500.15669756400166,92.73412752099102,net_98_11932_net_51_10906_net_60_10082
1866,Deconvolution_16_2_0_NegativeBinomialAutoencoder_zeros,1.0,500.15669756400166,20.844928205013275,net_98_11932_net_51_10906_net_60_10082
1867,GuidedBackprop_16_2_0_ZINBAutoencoder_zeros,1.0,686.8226239520009,21.387189026980195,net_98_11932_net_51_10906_net_60_10082
1868,GradientShap_16_2_0_ZINBAutoencoder_zeros,1.0,686.8226239520009,92.68261778901797,net_98_11932_net_51_10906_net_60_10082
1869,GradientShap_16_2_0_ZINBAutoencoder_randomize,1.0,686.8226239520009,92.98109301400837,net_98_11932_net_51_10906_net_60_10082
1870,GradientShap_16_2_0_ZINBAutoencoder_data,1.0,686.8226239520009,92.9561424520216,net_98_11932_net_51_10906_net_60_10082
1871,Deconvolution_16_2_0_ZINBAutoencoder_zeros,1.0,686.8226239520009,21.39938674197765,net_98_11932_net_51_10906_net_60_10082
1872,GuidedBackprop_16_2_0.1_NegativeBinomialAutoencoder_zeros,1.0,483.66955397702986,20.85790049098432,net_98_11932_net_51_10906_net_60_10082
1873,GradientShap_16_2_0.1_NegativeBinomialAutoencoder_zeros,1.0,483.66955397702986,92.29883222503122,net_98_11932_net_51_10906_net_60_10082
1874,GradientShap_16_2_0.1_NegativeBinomialAutoencoder_randomize,1.0,483.66955397702986,92.9077825389686,net_98_11932_net_51_10906_net_60_10082
1875,GradientShap_16_2_0.1_NegativeBinomialAutoencoder_data,1.0,483.66955397702986,92.83006192801986,net_98_11932_net_51_10906_net_60_10082
1876,Deconvolution_16_2_0.1_NegativeBinomialAutoencoder_zeros,1.0,483.66955397702986,20.853114882018417,net_98_11932_net_51_10906_net_60_10082
1877,GuidedBackprop_16_2_0.1_ZINBAutoencoder_zeros,1.0,668.5590629029903,21.44208070501918,net_98_11932_net_51_10906_net_60_10082
1878,GradientShap_16_2_0.1_ZINBAutoencoder_zeros,1.0,668.5590629029903,92.65330931299832,net_98_11932_net_51_10906_net_60_10082
1879,GradientShap_16_2_0.1_ZINBAutoencoder_randomize,1.0,668.5590629029903,93.16345366399037,net_98_11932_net_51_10906_net_60_10082
1880,GradientShap_16_2_0.1_ZINBAutoencoder_data,1.0,668.5590629029903,92.90866762696533,net_98_11932_net_51_10906_net_60_10082
1881,Deconvolution_16_2_0.1_ZINBAutoencoder_zeros,1.0,668.5590629029903,21.255314542970154,net_98_11932_net_51_10906_net_60_10082
1882,GuidedBackprop_16_3_0_NegativeBinomialAutoencoder_zeros,1.0,590.2174407339771,21.799414982029703,net_98_11932_net_51_10906_net_60_10082
1883,GradientShap_16_3_0_NegativeBinomialAutoencoder_zeros,1.0,590.2174407339771,92.89885644597234,net_98_11932_net_51_10906_net_60_10082
1884,GradientShap_16_3_0_NegativeBinomialAutoencoder_randomize,1.0,590.2174407339771,93.53827363898745,net_98_11932_net_51_10906_net_60_10082
1885,GradientShap_16_3_0_NegativeBinomialAutoencoder_data,1.0,590.2174407339771,93.46531085600145,net_98_11932_net_51_10906_net_60_10082
1886,Deconvolution_16_3_0_NegativeBinomialAutoencoder_zeros,1.0,590.2174407339771,21.848134567029774,net_98_11932_net_51_10906_net_60_10082
1887,GuidedBackprop_16_3_0_ZINBAutoencoder_zeros,1.0,1005.6161233530147,22.389821608026978,net_98_11932_net_51_10906_net_60_10082
1888,GradientShap_16_3_0_ZINBAutoencoder_zeros,1.0,1005.6161233530147,93.40825473505538,net_98_11932_net_51_10906_net_60_10082
1889,GradientShap_16_3_0_ZINBAutoencoder_randomize,1.0,1005.6161233530147,93.77648140501697,net_98_11932_net_51_10906_net_60_10082
1890,GradientShap_16_3_0_ZINBAutoencoder_data,1.0,1005.6161233530147,93.93519710795954,net_98_11932_net_51_10906_net_60_10082
1891,Deconvolution_16_3_0_ZINBAutoencoder_zeros,1.0,1005.6161233530147,22.557501826027874,net_98_11932_net_51_10906_net_60_10082
1892,GuidedBackprop_16_3_0.1_NegativeBinomialAutoencoder_zeros,0.784,474.80939327698434,21.717740612046327,net_98_11932_net_51_10906_net_60_10082
1893,GradientShap_16_3_0.1_NegativeBinomialAutoencoder_zeros,1.0,474.80939327698434,92.94740275503136,net_98_11932_net_51_10906_net_60_10082
1894,GradientShap_16_3_0.1_NegativeBinomialAutoencoder_randomize,1.0,474.80939327698434,93.5419758540229,net_98_11932_net_51_10906_net_60_10082
1895,GradientShap_16_3_0.1_NegativeBinomialAutoencoder_data,1.0,474.80939327698434,93.54975507600466,net_98_11932_net_51_10906_net_60_10082
1896,Deconvolution_16_3_0.1_NegativeBinomialAutoencoder_zeros,1.0,474.80939327698434,21.84645330195781,net_98_11932_net_51_10906_net_60_10082
1897,GuidedBackprop_16_3_0.1_ZINBAutoencoder_zeros,1.0,458.6800119720283,22.290585579990875,net_98_11932_net_51_10906_net_60_10082
1898,GradientShap_16_3_0.1_ZINBAutoencoder_zeros,1.0,458.6800119720283,93.40322615299374,net_98_11932_net_51_10906_net_60_10082
1899,GradientShap_16_3_0.1_ZINBAutoencoder_randomize,1.0,458.6800119720283,93.99525607499527,net_98_11932_net_51_10906_net_60_10082
1900,GradientShap_16_3_0.1_ZINBAutoencoder_data,1.0,458.6800119720283,93.75718265300384,net_98_11932_net_51_10906_net_60_10082
1901,Deconvolution_16_3_0.1_ZINBAutoencoder_zeros,1.0,458.6800119720283,22.591799436020665,net_98_11932_net_51_10906_net_60_10082
1902,GuidedBackprop_64_1_0_NegativeBinomialAutoencoder_zeros,1.0,1995.7322726590064,106.62549856799887,net_141_11706_net_81_10586_net_115_11153_net_57_10409
1903,GradientShap_64_1_0_NegativeBinomialAutoencoder_zeros,1.0,1995.7322726590064,506.4517350380047,net_141_11706_net_81_10586_net_115_11153_net_57_10409
1904,GradientShap_64_1_0_NegativeBinomialAutoencoder_randomize,1.0,1995.7322726590064,510.18526725599077,net_141_11706_net_81_10586_net_115_11153_net_57_10409
1905,GradientShap_64_1_0_NegativeBinomialAutoencoder_data,0.772,1995.7322726590064,510.0686002380098,net_141_11706_net_81_10586_net_115_11153_net_57_10409
1906,Deconvolution_64_1_0_NegativeBinomialAutoencoder_zeros,1.0,1995.7322726590064,107.86055962799583,net_141_11706_net_81_10586_net_115_11153_net_57_10409
1907,GuidedBackprop_64_1_0_ZINBAutoencoder_zeros,0.56,2965.966141187004,110.65356694698858,net_141_11706_net_81_10586_net_115_11153_net_57_10409
1908,GradientShap_64_1_0_ZINBAutoencoder_zeros,0.8953333333333333,2965.966141187004,511.08122707800067,net_141_11706_net_81_10586_net_115_11153_net_57_10409
1909,GradientShap_64_1_0_ZINBAutoencoder_randomize,0.772,2965.966141187004,515.8429026869999,net_141_11706_net_81_10586_net_115_11153_net_57_10409
1910,GradientShap_64_1_0_ZINBAutoencoder_data,1.0,2965.966141187004,519.7660277070099,net_141_11706_net_81_10586_net_115_11153_net_57_10409
1911,Deconvolution_64_1_0_ZINBAutoencoder_zeros,0.9993333333333333,2965.966141187004,109.72678131199791,net_141_11706_net_81_10586_net_115_11153_net_57_10409
1912,GuidedBackprop_64_1_0.1_NegativeBinomialAutoencoder_zeros,0.7713333333333333,2900.8611913269997,109.50874613999622,net_141_11706_net_81_10586_net_115_11153_net_57_10409
1913,GradientShap_64_1_0.1_NegativeBinomialAutoencoder_zeros,1.0,2900.8611913269997,514.1527941520035,net_141_11706_net_81_10586_net_115_11153_net_57_10409
1914,GradientShap_64_1_0.1_NegativeBinomialAutoencoder_randomize,1.0,2900.8611913269997,509.4429914700013,net_141_11706_net_81_10586_net_115_11153_net_57_10409
1915,GradientShap_64_1_0.1_NegativeBinomialAutoencoder_data,0.7733333333333333,2900.8611913269997,511.5825732420053,net_141_11706_net_81_10586_net_115_11153_net_57_10409
1916,Deconvolution_64_1_0.1_NegativeBinomialAutoencoder_zeros,0.774,2900.8611913269997,108.9870360000059,net_141_11706_net_81_10586_net_115_11153_net_57_10409
1917,GuidedBackprop_64_1_0.1_ZINBAutoencoder_zeros,0.896,4073.0195250059915,110.29438384101377,net_141_11706_net_81_10586_net_115_11153_net_57_10409
1918,GradientShap_64_1_0.1_ZINBAutoencoder_zeros,0.7746666666666666,4073.0195250059915,514.2151409650105,net_141_11706_net_81_10586_net_115_11153_net_57_10409
1919,GradientShap_64_1_0.1_ZINBAutoencoder_randomize,0.7726666666666666,4073.0195250059915,519.4672230130091,net_141_11706_net_81_10586_net_115_11153_net_57_10409
1920,GradientShap_64_1_0.1_ZINBAutoencoder_data,1.0,4073.0195250059915,511.70442488600384,net_141_11706_net_81_10586_net_115_11153_net_57_10409
1921,Deconvolution_64_1_0.1_ZINBAutoencoder_zeros,0.8326666666666667,4073.0195250059915,110.18664180299675,net_141_11706_net_81_10586_net_115_11153_net_57_10409
1922,GuidedBackprop_64_2_0_NegativeBinomialAutoencoder_zeros,0.8966666666666666,2285.785110109995,114.93469863299106,net_141_11706_net_81_10586_net_115_11153_net_57_10409
1923,GradientShap_64_2_0_NegativeBinomialAutoencoder_zeros,1.0,2285.785110109995,512.8863428660115,net_141_11706_net_81_10586_net_115_11153_net_57_10409
1924,GradientShap_64_2_0_NegativeBinomialAutoencoder_randomize,0.8946666666666667,2285.785110109995,512.581648522013,net_141_11706_net_81_10586_net_115_11153_net_57_10409
1925,GradientShap_64_2_0_NegativeBinomialAutoencoder_data,1.0,2285.785110109995,514.8834296760033,net_141_11706_net_81_10586_net_115_11153_net_57_10409
1926,Deconvolution_64_2_0_NegativeBinomialAutoencoder_zeros,0.5613333333333334,2285.785110109995,113.1164649729908,net_141_11706_net_81_10586_net_115_11153_net_57_10409
1927,GuidedBackprop_64_2_0_ZINBAutoencoder_zeros,0.5226666666666666,3525.6715119850123,115.87015576200793,net_141_11706_net_81_10586_net_115_11153_net_57_10409
1928,GradientShap_64_2_0_ZINBAutoencoder_zeros,0.7713333333333333,3525.6715119850123,519.0498921910039,net_141_11706_net_81_10586_net_115_11153_net_57_10409
1929,GradientShap_64_2_0_ZINBAutoencoder_randomize,0.8953333333333333,3525.6715119850123,519.105669490993,net_141_11706_net_81_10586_net_115_11153_net_57_10409
1930,GradientShap_64_2_0_ZINBAutoencoder_data,0.772,3525.6715119850123,515.2794529759994,net_141_11706_net_81_10586_net_115_11153_net_57_10409
1931,Deconvolution_64_2_0_ZINBAutoencoder_zeros,1.0,3525.6715119850123,115.48963358699984,net_141_11706_net_81_10586_net_115_11153_net_57_10409
1932,GuidedBackprop_64_2_0.1_NegativeBinomialAutoencoder_zeros,0.812,2083.6393988580094,114.19215450200136,net_141_11706_net_81_10586_net_115_11153_net_57_10409
1933,GradientShap_64_2_0.1_NegativeBinomialAutoencoder_zeros,1.0,2083.6393988580094,513.9401428540004,net_141_11706_net_81_10586_net_115_11153_net_57_10409
1934,GradientShap_64_2_0.1_NegativeBinomialAutoencoder_randomize,0.8946666666666667,2083.6393988580094,515.1518724689959,net_141_11706_net_81_10586_net_115_11153_net_57_10409
1935,GradientShap_64_2_0.1_NegativeBinomialAutoencoder_data,0.772,2083.6393988580094,520.9072193250031,net_141_11706_net_81_10586_net_115_11153_net_57_10409
1936,Deconvolution_64_2_0.1_NegativeBinomialAutoencoder_zeros,1.0,2083.6393988580094,112.76397972300765,net_141_11706_net_81_10586_net_115_11153_net_57_10409
1937,GuidedBackprop_64_2_0.1_ZINBAutoencoder_zeros,1.0,3068.0875029279996,114.32239260099595,net_141_11706_net_81_10586_net_115_11153_net_57_10409
1938,GradientShap_64_2_0.1_ZINBAutoencoder_zeros,1.0,3068.0875029279996,513.7752144629922,net_141_11706_net_81_10586_net_115_11153_net_57_10409
1939,GradientShap_64_2_0.1_ZINBAutoencoder_randomize,1.0,3068.0875029279996,507.5647800690058,net_141_11706_net_81_10586_net_115_11153_net_57_10409
1940,GradientShap_64_2_0.1_ZINBAutoencoder_data,1.0,3068.0875029279996,516.6382692490006,net_141_11706_net_81_10586_net_115_11153_net_57_10409
1941,Deconvolution_64_2_0.1_ZINBAutoencoder_zeros,0.774,3068.0875029279996,115.68155640100304,net_141_11706_net_81_10586_net_115_11153_net_57_10409
1942,GuidedBackprop_64_3_0_NegativeBinomialAutoencoder_zeros,0.7713333333333333,3101.743935350998,116.87927466000838,net_141_11706_net_81_10586_net_115_11153_net_57_10409
1943,GradientShap_64_3_0_NegativeBinomialAutoencoder_zeros,0.772,3101.743935350998,508.3194137050159,net_141_11706_net_81_10586_net_115_11153_net_57_10409
1944,GradientShap_64_3_0_NegativeBinomialAutoencoder_randomize,1.0,3101.743935350998,521.7236102219904,net_141_11706_net_81_10586_net_115_11153_net_57_10409
1945,GradientShap_64_3_0_NegativeBinomialAutoencoder_data,0.7713333333333333,3101.743935350998,516.9033185720036,net_141_11706_net_81_10586_net_115_11153_net_57_10409
1946,Deconvolution_64_3_0_NegativeBinomialAutoencoder_zeros,1.0,3101.743935350998,119.00494647599407,net_141_11706_net_81_10586_net_115_11153_net_57_10409
1947,GuidedBackprop_64_3_0_ZINBAutoencoder_zeros,1.0,4897.121692652989,122.33215619000839,net_141_11706_net_81_10586_net_115_11153_net_57_10409
1948,GradientShap_64_3_0_ZINBAutoencoder_zeros,0.772,4897.121692652989,516.7402120520128,net_141_11706_net_81_10586_net_115_11153_net_57_10409
1949,GradientShap_64_3_0_ZINBAutoencoder_randomize,0.8953333333333333,4897.121692652989,517.6902599089954,net_141_11706_net_81_10586_net_115_11153_net_57_10409
1950,GradientShap_64_3_0_ZINBAutoencoder_data,1.0,4897.121692652989,522.0537966710108,net_141_11706_net_81_10586_net_115_11153_net_57_10409
1951,Deconvolution_64_3_0_ZINBAutoencoder_zeros,0.772,4897.121692652989,122.75924322899664,net_141_11706_net_81_10586_net_115_11153_net_57_10409
1952,GuidedBackprop_64_3_0.1_NegativeBinomialAutoencoder_zeros,1.0,1760.5615177360014,119.05349964299239,net_141_11706_net_81_10586_net_115_11153_net_57_10409
1953,GradientShap_64_3_0.1_NegativeBinomialAutoencoder_zeros,0.788,1760.5615177360014,518.0028412429965,net_141_11706_net_81_10586_net_115_11153_net_57_10409
1954,GradientShap_64_3_0.1_NegativeBinomialAutoencoder_randomize,1.0,1760.5615177360014,520.0705446389911,net_141_11706_net_81_10586_net_115_11153_net_57_10409
1955,GradientShap_64_3_0.1_NegativeBinomialAutoencoder_data,0.8,1760.5615177360014,518.3110976319876,net_141_11706_net_81_10586_net_115_11153_net_57_10409
1956,Deconvolution_64_3_0.1_NegativeBinomialAutoencoder_zeros,1.0,1760.5615177360014,114.2119508899923,net_141_11706_net_81_10586_net_115_11153_net_57_10409
1957,GuidedBackprop_64_3_0.1_ZINBAutoencoder_zeros,0.8473333333333334,2391.7493893880164,121.9553112499998,net_141_11706_net_81_10586_net_115_11153_net_57_10409
1958,GradientShap_64_3_0.1_ZINBAutoencoder_zeros,1.0,2391.7493893880164,520.189427573001,net_141_11706_net_81_10586_net_115_11153_net_57_10409
1959,GradientShap_64_3_0.1_ZINBAutoencoder_randomize,1.0,2391.7493893880164,517.830403407017,net_141_11706_net_81_10586_net_115_11153_net_57_10409
1960,GradientShap_64_3_0.1_ZINBAutoencoder_data,1.0,2391.7493893880164,517.3538537790009,net_141_11706_net_81_10586_net_115_11153_net_57_10409
1961,Deconvolution_64_3_0.1_ZINBAutoencoder_zeros,0.784,2391.7493893880164,121.79926920300932,net_141_11706_net_81_10586_net_115_11153_net_57_10409
1962,GuidedBackprop_32_1_0_NegativeBinomialAutoencoder_zeros,1.0,3227.7431965069845,109.09009105799487,net_141_11706_net_81_10586_net_115_11153_net_57_10409
1963,GradientShap_32_1_0_NegativeBinomialAutoencoder_zeros,1.0,3227.7431965069845,515.6995417569997,net_141_11706_net_81_10586_net_115_11153_net_57_10409
1964,GradientShap_32_1_0_NegativeBinomialAutoencoder_randomize,1.0,3227.7431965069845,517.208595892007,net_141_11706_net_81_10586_net_115_11153_net_57_10409
1965,GradientShap_32_1_0_NegativeBinomialAutoencoder_data,1.0,3227.7431965069845,519.883090274001,net_141_11706_net_81_10586_net_115_11153_net_57_10409
1966,Deconvolution_32_1_0_NegativeBinomialAutoencoder_zeros,0.8386666666666667,3227.7431965069845,110.40246948300046,net_141_11706_net_81_10586_net_115_11153_net_57_10409
1967,GuidedBackprop_32_1_0_ZINBAutoencoder_zeros,1.0,4504.380829055997,112.79799721599557,net_141_11706_net_81_10586_net_115_11153_net_57_10409
1968,GradientShap_32_1_0_ZINBAutoencoder_zeros,1.0,4504.380829055997,523.946801293001,net_141_11706_net_81_10586_net_115_11153_net_57_10409
1969,GradientShap_32_1_0_ZINBAutoencoder_randomize,1.0,4504.380829055997,530.471965899982,net_141_11706_net_81_10586_net_115_11153_net_57_10409
1970,GradientShap_32_1_0_ZINBAutoencoder_data,1.0,4504.380829055997,524.1240111330117,net_141_11706_net_81_10586_net_115_11153_net_57_10409
1971,Deconvolution_32_1_0_ZINBAutoencoder_zeros,1.0,4504.380829055997,111.73422990500694,net_141_11706_net_81_10586_net_115_11153_net_57_10409
1972,GuidedBackprop_32_1_0.1_NegativeBinomialAutoencoder_zeros,0.7853333333333333,3076.244842142012,111.41603008299717,net_141_11706_net_81_10586_net_115_11153_net_57_10409
1973,GradientShap_32_1_0.1_NegativeBinomialAutoencoder_zeros,1.0,3076.244842142012,525.6252082589781,net_141_11706_net_81_10586_net_115_11153_net_57_10409
1974,GradientShap_32_1_0.1_NegativeBinomialAutoencoder_randomize,1.0,3076.244842142012,528.7499723040091,net_141_11706_net_81_10586_net_115_11153_net_57_10409
1975,GradientShap_32_1_0.1_NegativeBinomialAutoencoder_data,1.0,3076.244842142012,531.8443255540042,net_141_11706_net_81_10586_net_115_11153_net_57_10409
1976,Deconvolution_32_1_0.1_NegativeBinomialAutoencoder_zeros,0.926,3076.244842142012,110.19025679200422,net_141_11706_net_81_10586_net_115_11153_net_57_10409
1977,GuidedBackprop_32_1_0.1_ZINBAutoencoder_zeros,0.9553333333333334,4073.325748062023,113.3501257019816,net_141_11706_net_81_10586_net_115_11153_net_57_10409
1978,GradientShap_32_1_0.1_ZINBAutoencoder_zeros,0.8933333333333333,4073.325748062023,527.8446418659878,net_141_11706_net_81_10586_net_115_11153_net_57_10409
1979,GradientShap_32_1_0.1_ZINBAutoencoder_randomize,1.0,4073.325748062023,527.5076368470036,net_141_11706_net_81_10586_net_115_11153_net_57_10409
1980,GradientShap_32_1_0.1_ZINBAutoencoder_data,1.0,4073.325748062023,528.1722796620161,net_141_11706_net_81_10586_net_115_11153_net_57_10409
1981,Deconvolution_32_1_0.1_ZINBAutoencoder_zeros,0.512,4073.325748062023,113.16900061100023,net_141_11706_net_81_10586_net_115_11153_net_57_10409
1982,GuidedBackprop_32_2_0_NegativeBinomialAutoencoder_zeros,1.0,2957.5900098840066,115.64747840599739,net_141_11706_net_81_10586_net_115_11153_net_57_10409
1983,GradientShap_32_2_0_NegativeBinomialAutoencoder_zeros,1.0,2957.5900098840066,527.9900935679907,net_141_11706_net_81_10586_net_115_11153_net_57_10409
1984,GradientShap_32_2_0_NegativeBinomialAutoencoder_randomize,1.0,2957.5900098840066,530.8004916589998,net_141_11706_net_81_10586_net_115_11153_net_57_10409
1985,GradientShap_32_2_0_NegativeBinomialAutoencoder_data,1.0,2957.5900098840066,517.7964312230179,net_141_11706_net_81_10586_net_115_11153_net_57_10409
1986,Deconvolution_32_2_0_NegativeBinomialAutoencoder_zeros,1.0,2957.5900098840066,113.3241429059999,net_141_11706_net_81_10586_net_115_11153_net_57_10409
1987,GuidedBackprop_32_2_0_ZINBAutoencoder_zeros,1.0,4625.866044720024,116.45422102100565,net_141_11706_net_81_10586_net_115_11153_net_57_10409
1988,GradientShap_32_2_0_ZINBAutoencoder_zeros,1.0,4625.866044720024,520.4507673449989,net_141_11706_net_81_10586_net_115_11153_net_57_10409
1989,GradientShap_32_2_0_ZINBAutoencoder_randomize,1.0,4625.866044720024,517.1997239369957,net_141_11706_net_81_10586_net_115_11153_net_57_10409
1990,GradientShap_32_2_0_ZINBAutoencoder_data,0.772,4625.866044720024,517.8426251430064,net_141_11706_net_81_10586_net_115_11153_net_57_10409
1991,Deconvolution_32_2_0_ZINBAutoencoder_zeros,1.0,4625.866044720024,116.0528225589951,net_141_11706_net_81_10586_net_115_11153_net_57_10409
1992,GuidedBackprop_32_2_0.1_NegativeBinomialAutoencoder_zeros,0.792,2485.0005988659977,114.63169047998963,net_141_11706_net_81_10586_net_115_11153_net_57_10409
1993,GradientShap_32_2_0.1_NegativeBinomialAutoencoder_zeros,0.7806666666666666,2485.0005988659977,509.73953169802553,net_141_11706_net_81_10586_net_115_11153_net_57_10409
1994,GradientShap_32_2_0.1_NegativeBinomialAutoencoder_randomize,1.0,2485.0005988659977,514.2211492790084,net_141_11706_net_81_10586_net_115_11153_net_57_10409
1995,GradientShap_32_2_0.1_NegativeBinomialAutoencoder_data,0.888,2485.0005988659977,518.4126883860154,net_141_11706_net_81_10586_net_115_11153_net_57_10409
1996,Deconvolution_32_2_0.1_NegativeBinomialAutoencoder_zeros,0.7826666666666666,2485.0005988659977,114.9045718429843,net_141_11706_net_81_10586_net_115_11153_net_57_10409
1997,GuidedBackprop_32_2_0.1_ZINBAutoencoder_zeros,0.8473333333333334,3518.0148093519965,112.48112178200972,net_141_11706_net_81_10586_net_115_11153_net_57_10409
1998,GradientShap_32_2_0.1_ZINBAutoencoder_zeros,1.0,3518.0148093519965,515.5011680760072,net_141_11706_net_81_10586_net_115_11153_net_57_10409
1999,GradientShap_32_2_0.1_ZINBAutoencoder_randomize,1.0,3518.0148093519965,520.4805116400239,net_141_11706_net_81_10586_net_115_11153_net_57_10409
2000,GradientShap_32_2_0.1_ZINBAutoencoder_data,0.7826666666666666,3518.0148093519965,503.31034341600025,net_141_11706_net_81_10586_net_115_11153_net_57_10409
2001,Deconvolution_32_2_0.1_ZINBAutoencoder_zeros,0.794,3518.0148093519965,114.81685534201097,net_141_11706_net_81_10586_net_115_11153_net_57_10409
2002,GuidedBackprop_32_3_0_NegativeBinomialAutoencoder_zeros,1.0,4462.321902013995,119.89979495099396,net_141_11706_net_81_10586_net_115_11153_net_57_10409
2003,GradientShap_32_3_0_NegativeBinomialAutoencoder_zeros,0.7733333333333333,4462.321902013995,516.5134311219736,net_141_11706_net_81_10586_net_115_11153_net_57_10409
2004,GradientShap_32_3_0_NegativeBinomialAutoencoder_randomize,1.0,4462.321902013995,512.220602343994,net_141_11706_net_81_10586_net_115_11153_net_57_10409
2005,GradientShap_32_3_0_NegativeBinomialAutoencoder_data,1.0,4462.321902013995,524.5543851320108,net_141_11706_net_81_10586_net_115_11153_net_57_10409
2006,Deconvolution_32_3_0_NegativeBinomialAutoencoder_zeros,0.8913333333333333,4462.321902013995,119.62271422299091,net_141_11706_net_81_10586_net_115_11153_net_57_10409
2007,GuidedBackprop_32_3_0_ZINBAutoencoder_zeros,0.89,6266.836722692009,119.93015705200378,net_141_11706_net_81_10586_net_115_11153_net_57_10409
2008,GradientShap_32_3_0_ZINBAutoencoder_zeros,0.7726666666666666,6266.836722692009,516.3068777569861,net_141_11706_net_81_10586_net_115_11153_net_57_10409
2009,GradientShap_32_3_0_ZINBAutoencoder_randomize,0.7726666666666666,6266.836722692009,519.4267669190012,net_141_11706_net_81_10586_net_115_11153_net_57_10409
2010,GradientShap_32_3_0_ZINBAutoencoder_data,0.7733333333333333,6266.836722692009,526.2126430250064,net_141_11706_net_81_10586_net_115_11153_net_57_10409
2011,Deconvolution_32_3_0_ZINBAutoencoder_zeros,0.792,6266.836722692009,121.0456941529992,net_141_11706_net_81_10586_net_115_11153_net_57_10409
2012,GuidedBackprop_32_3_0.1_NegativeBinomialAutoencoder_zeros,0.816,2094.386399479001,119.75281366499257,net_141_11706_net_81_10586_net_115_11153_net_57_10409
2013,GradientShap_32_3_0.1_NegativeBinomialAutoencoder_zeros,1.0,2094.386399479001,519.1981992069923,net_141_11706_net_81_10586_net_115_11153_net_57_10409
2014,GradientShap_32_3_0.1_NegativeBinomialAutoencoder_randomize,1.0,2094.386399479001,527.5851408029848,net_141_11706_net_81_10586_net_115_11153_net_57_10409
2015,GradientShap_32_3_0.1_NegativeBinomialAutoencoder_data,0.8013333333333333,2094.386399479001,520.9293285660096,net_141_11706_net_81_10586_net_115_11153_net_57_10409
2016,Deconvolution_32_3_0.1_NegativeBinomialAutoencoder_zeros,0.796,2094.386399479001,119.44290672900388,net_141_11706_net_81_10586_net_115_11153_net_57_10409
2017,GuidedBackprop_32_3_0.1_ZINBAutoencoder_zeros,0.7546666666666667,2984.6800560569973,117.19276097399415,net_141_11706_net_81_10586_net_115_11153_net_57_10409
2018,GradientShap_32_3_0.1_ZINBAutoencoder_zeros,0.8073333333333333,2984.6800560569973,511.94368731600116,net_141_11706_net_81_10586_net_115_11153_net_57_10409
2019,GradientShap_32_3_0.1_ZINBAutoencoder_randomize,1.0,2984.6800560569973,519.8389861930045,net_141_11706_net_81_10586_net_115_11153_net_57_10409
2020,GradientShap_32_3_0.1_ZINBAutoencoder_data,0.7873333333333333,2984.6800560569973,525.2758570119913,net_141_11706_net_81_10586_net_115_11153_net_57_10409
2021,Deconvolution_32_3_0.1_ZINBAutoencoder_zeros,0.5053333333333333,2984.6800560569973,121.56875167501858,net_141_11706_net_81_10586_net_115_11153_net_57_10409
2022,GuidedBackprop_16_1_0_NegativeBinomialAutoencoder_zeros,0.9193333333333333,3942.255217404978,113.35782753498643,net_141_11706_net_81_10586_net_115_11153_net_57_10409
2023,GradientShap_16_1_0_NegativeBinomialAutoencoder_zeros,1.0,3942.255217404978,530.0964545090101,net_141_11706_net_81_10586_net_115_11153_net_57_10409
2024,GradientShap_16_1_0_NegativeBinomialAutoencoder_randomize,1.0,3942.255217404978,529.3312821690051,net_141_11706_net_81_10586_net_115_11153_net_57_10409
2025,GradientShap_16_1_0_NegativeBinomialAutoencoder_data,0.894,3942.255217404978,534.5270377620182,net_141_11706_net_81_10586_net_115_11153_net_57_10409
2026,Deconvolution_16_1_0_NegativeBinomialAutoencoder_zeros,1.0,3942.255217404978,112.00813714100514,net_141_11706_net_81_10586_net_115_11153_net_57_10409
2027,GuidedBackprop_16_1_0_ZINBAutoencoder_zeros,0.984,5379.393638177018,112.94277309600147,net_141_11706_net_81_10586_net_115_11153_net_57_10409
2028,GradientShap_16_1_0_ZINBAutoencoder_zeros,1.0,5379.393638177018,523.3749806349806,net_141_11706_net_81_10586_net_115_11153_net_57_10409
2029,GradientShap_16_1_0_ZINBAutoencoder_randomize,0.7773333333333333,5379.393638177018,522.0205709639995,net_141_11706_net_81_10586_net_115_11153_net_57_10409
2030,GradientShap_16_1_0_ZINBAutoencoder_data,1.0,5379.393638177018,522.8604870380077,net_141_11706_net_81_10586_net_115_11153_net_57_10409
2031,Deconvolution_16_1_0_ZINBAutoencoder_zeros,0.816,5379.393638177018,108.77941740499227,net_141_11706_net_81_10586_net_115_11153_net_57_10409
2032,GuidedBackprop_16_1_0.1_NegativeBinomialAutoencoder_zeros,1.0,4681.877274537983,112.45921479401295,net_141_11706_net_81_10586_net_115_11153_net_57_10409
2033,GradientShap_16_1_0.1_NegativeBinomialAutoencoder_zeros,0.8933333333333333,4681.877274537983,524.6400841530121,net_141_11706_net_81_10586_net_115_11153_net_57_10409
2034,GradientShap_16_1_0.1_NegativeBinomialAutoencoder_randomize,0.778,4681.877274537983,525.8963763420179,net_141_11706_net_81_10586_net_115_11153_net_57_10409
2035,GradientShap_16_1_0.1_NegativeBinomialAutoencoder_data,0.778,4681.877274537983,513.361991607002,net_141_11706_net_81_10586_net_115_11153_net_57_10409
2036,Deconvolution_16_1_0.1_NegativeBinomialAutoencoder_zeros,0.8353333333333334,4681.877274537983,108.42044577500201,net_141_11706_net_81_10586_net_115_11153_net_57_10409
2037,GuidedBackprop_16_1_0.1_ZINBAutoencoder_zeros,0.6066666666666667,6032.130791486998,108.86641770802089,net_141_11706_net_81_10586_net_115_11153_net_57_10409
2038,GradientShap_16_1_0.1_ZINBAutoencoder_zeros,1.0,6032.130791486998,503.49712110098335,net_141_11706_net_81_10586_net_115_11153_net_57_10409
2039,GradientShap_16_1_0.1_ZINBAutoencoder_randomize,0.7833333333333333,6032.130791486998,505.2724195460032,net_141_11706_net_81_10586_net_115_11153_net_57_10409
2040,GradientShap_16_1_0.1_ZINBAutoencoder_data,1.0,6032.130791486998,504.4403246899892,net_141_11706_net_81_10586_net_115_11153_net_57_10409
2041,Deconvolution_16_1_0.1_ZINBAutoencoder_zeros,0.8,6032.130791486998,108.27223137699184,net_141_11706_net_81_10586_net_115_11153_net_57_10409
2042,GuidedBackprop_16_2_0_NegativeBinomialAutoencoder_zeros,0.508,4331.77173019998,112.62892849202035,net_141_11706_net_81_10586_net_115_11153_net_57_10409
2043,GradientShap_16_2_0_NegativeBinomialAutoencoder_zeros,1.0,4331.77173019998,505.2932204930112,net_141_11706_net_81_10586_net_115_11153_net_57_10409
2044,GradientShap_16_2_0_NegativeBinomialAutoencoder_randomize,1.0,4331.77173019998,507.5864579050103,net_141_11706_net_81_10586_net_115_11153_net_57_10409
2045,GradientShap_16_2_0_NegativeBinomialAutoencoder_data,1.0,4331.77173019998,506.6683006170206,net_141_11706_net_81_10586_net_115_11153_net_57_10409
2046,Deconvolution_16_2_0_NegativeBinomialAutoencoder_zeros,0.814,4331.77173019998,112.96598575595999,net_141_11706_net_81_10586_net_115_11153_net_57_10409
2047,GuidedBackprop_16_2_0_ZINBAutoencoder_zeros,1.0,5244.874606075988,112.73263639496872,net_141_11706_net_81_10586_net_115_11153_net_57_10409
2048,GradientShap_16_2_0_ZINBAutoencoder_zeros,0.7786666666666666,5244.874606075988,504.84095730201807,net_141_11706_net_81_10586_net_115_11153_net_57_10409
2049,GradientShap_16_2_0_ZINBAutoencoder_randomize,0.8973333333333333,5244.874606075988,508.1672561680316,net_141_11706_net_81_10586_net_115_11153_net_57_10409
2050,GradientShap_16_2_0_ZINBAutoencoder_data,1.0,5244.874606075988,508.1837416969938,net_141_11706_net_81_10586_net_115_11153_net_57_10409
2051,Deconvolution_16_2_0_ZINBAutoencoder_zeros,1.0,5244.874606075988,110.01813722000225,net_141_11706_net_81_10586_net_115_11153_net_57_10409
2052,GuidedBackprop_16_2_0.1_NegativeBinomialAutoencoder_zeros,0.8146666666666667,3639.153350021981,113.36078712600283,net_141_11706_net_81_10586_net_115_11153_net_57_10409
2053,GradientShap_16_2_0.1_NegativeBinomialAutoencoder_zeros,0.82,3639.153350021981,505.5988777120365,net_141_11706_net_81_10586_net_115_11153_net_57_10409
2054,GradientShap_16_2_0.1_NegativeBinomialAutoencoder_randomize,1.0,3639.153350021981,508.609802063962,net_141_11706_net_81_10586_net_115_11153_net_57_10409
2055,GradientShap_16_2_0.1_NegativeBinomialAutoencoder_data,1.0,3639.153350021981,503.7347556379973,net_141_11706_net_81_10586_net_115_11153_net_57_10409
2056,Deconvolution_16_2_0.1_NegativeBinomialAutoencoder_zeros,0.7746666666666666,3639.153350021981,110.31566418003058,net_141_11706_net_81_10586_net_115_11153_net_57_10409
2057,GuidedBackprop_16_2_0.1_ZINBAutoencoder_zeros,0.5673333333333334,5088.617102649005,114.97267314296914,net_141_11706_net_81_10586_net_115_11153_net_57_10409
2058,GradientShap_16_2_0.1_ZINBAutoencoder_zeros,1.0,5088.617102649005,503.7139935059822,net_141_11706_net_81_10586_net_115_11153_net_57_10409
2059,GradientShap_16_2_0.1_ZINBAutoencoder_randomize,1.0,5088.617102649005,506.7186944599962,net_141_11706_net_81_10586_net_115_11153_net_57_10409
2060,GradientShap_16_2_0.1_ZINBAutoencoder_data,1.0,5088.617102649005,506.7576524920296,net_141_11706_net_81_10586_net_115_11153_net_57_10409
2061,Deconvolution_16_2_0.1_ZINBAutoencoder_zeros,1.0,5088.617102649005,113.7851686339709,net_141_11706_net_81_10586_net_115_11153_net_57_10409
2062,GuidedBackprop_16_3_0_NegativeBinomialAutoencoder_zeros,0.502,6516.732265080966,117.60633622005116,net_141_11706_net_81_10586_net_115_11153_net_57_10409
2063,GradientShap_16_3_0_NegativeBinomialAutoencoder_zeros,1.0,6516.732265080966,506.4814676080132,net_141_11706_net_81_10586_net_115_11153_net_57_10409
2064,GradientShap_16_3_0_NegativeBinomialAutoencoder_randomize,0.8266666666666667,6516.732265080966,509.19225725898286,net_141_11706_net_81_10586_net_115_11153_net_57_10409
2065,GradientShap_16_3_0_NegativeBinomialAutoencoder_data,1.0,6516.732265080966,509.040217791975,net_141_11706_net_81_10586_net_115_11153_net_57_10409
2066,Deconvolution_16_3_0_NegativeBinomialAutoencoder_zeros,0.8326666666666667,6516.732265080966,116.64896937698359,net_141_11706_net_81_10586_net_115_11153_net_57_10409
2067,GuidedBackprop_16_3_0_ZINBAutoencoder_zeros,0.7606666666666667,8241.776604986982,120.87262367201038,net_141_11706_net_81_10586_net_115_11153_net_57_10409
2068,GradientShap_16_3_0_ZINBAutoencoder_zeros,1.0,8241.776604986982,506.37191432499094,net_141_11706_net_81_10586_net_115_11153_net_57_10409
2069,GradientShap_16_3_0_ZINBAutoencoder_randomize,1.0,8241.776604986982,508.62165557197295,net_141_11706_net_81_10586_net_115_11153_net_57_10409
2070,GradientShap_16_3_0_ZINBAutoencoder_data,1.0,8241.776604986982,511.62542715203017,net_141_11706_net_81_10586_net_115_11153_net_57_10409
2071,Deconvolution_16_3_0_ZINBAutoencoder_zeros,1.0,8241.776604986982,120.80902301002061,net_141_11706_net_81_10586_net_115_11153_net_57_10409
2072,GuidedBackprop_16_3_0.1_NegativeBinomialAutoencoder_zeros,1.0,3949.0957828700193,118.55495043704286,net_141_11706_net_81_10586_net_115_11153_net_57_10409
2073,GradientShap_16_3_0.1_NegativeBinomialAutoencoder_zeros,1.0,3949.0957828700193,508.33492842002306,net_141_11706_net_81_10586_net_115_11153_net_57_10409
2074,GradientShap_16_3_0.1_NegativeBinomialAutoencoder_randomize,1.0,3949.0957828700193,510.596059093019,net_141_11706_net_81_10586_net_115_11153_net_57_10409
2075,GradientShap_16_3_0.1_NegativeBinomialAutoencoder_data,1.0,3949.0957828700193,502.6525141579914,net_141_11706_net_81_10586_net_115_11153_net_57_10409
2076,Deconvolution_16_3_0.1_NegativeBinomialAutoencoder_zeros,0.518,3949.0957828700193,118.276254426979,net_141_11706_net_81_10586_net_115_11153_net_57_10409
2077,GuidedBackprop_16_3_0.1_ZINBAutoencoder_zeros,1.0,3645.9062755339546,120.6582925869734,net_141_11706_net_81_10586_net_115_11153_net_57_10409
2078,GradientShap_16_3_0.1_ZINBAutoencoder_zeros,1.0,3645.9062755339546,504.9601299680071,net_141_11706_net_81_10586_net_115_11153_net_57_10409
2079,GradientShap_16_3_0.1_ZINBAutoencoder_randomize,0.782,3645.9062755339546,510.84404674201505,net_141_11706_net_81_10586_net_115_11153_net_57_10409
2080,GradientShap_16_3_0.1_ZINBAutoencoder_data,1.0,3645.9062755339546,511.3999134649639,net_141_11706_net_81_10586_net_115_11153_net_57_10409
2081,Deconvolution_16_3_0.1_ZINBAutoencoder_zeros,1.0,3645.9062755339546,121.21106230898295,net_141_11706_net_81_10586_net_115_11153_net_57_10409
2082,GuidedBackprop_64_1_0_NegativeBinomialAutoencoder_zeros,1.0,1700.7006033919752,146.4270881821867,net_60_10082_net_64_11307_net_84_11226_net_133_10773
2083,GradientShap_64_1_0_NegativeBinomialAutoencoder_zeros,0.7666666666666667,1700.7006033919752,532.3225417218637,net_60_10082_net_64_11307_net_84_11226_net_133_10773
2084,GradientShap_64_1_0_NegativeBinomialAutoencoder_randomize,1.0,1700.7006033919752,513.2080122251064,net_60_10082_net_64_11307_net_84_11226_net_133_10773
2085,GradientShap_64_1_0_NegativeBinomialAutoencoder_data,1.0,1700.7006033919752,510.8789787979331,net_60_10082_net_64_11307_net_84_11226_net_133_10773
2086,Deconvolution_64_1_0_NegativeBinomialAutoencoder_zeros,1.0,1700.7006033919752,173.23354010097682,net_60_10082_net_64_11307_net_84_11226_net_133_10773
2087,GuidedBackprop_64_1_0_ZINBAutoencoder_zeros,1.0,2427.797325653024,149.37713201413862,net_60_10082_net_64_11307_net_84_11226_net_133_10773
2088,GradientShap_64_1_0_ZINBAutoencoder_zeros,0.968,2427.797325653024,556.5925462271553,net_60_10082_net_64_11307_net_84_11226_net_133_10773
2089,GradientShap_64_1_0_ZINBAutoencoder_randomize,0.5026666666666667,2427.797325653024,525.7617805420887,net_60_10082_net_64_11307_net_84_11226_net_133_10773
2090,GradientShap_64_1_0_ZINBAutoencoder_data,1.0,2427.797325653024,518.8932703800965,net_60_10082_net_64_11307_net_84_11226_net_133_10773
2091,Deconvolution_64_1_0_ZINBAutoencoder_zeros,1.0,2427.797325653024,185.37699175812304,net_60_10082_net_64_11307_net_84_11226_net_133_10773
2092,GuidedBackprop_64_1_0.1_NegativeBinomialAutoencoder_zeros,0.7746666666666666,2730.298709508963,112.60762902488932,net_60_10082_net_64_11307_net_84_11226_net_133_10773
2093,GradientShap_64_1_0.1_NegativeBinomialAutoencoder_zeros,0.53,2730.298709508963,539.9171653189696,net_60_10082_net_64_11307_net_84_11226_net_133_10773
2094,GradientShap_64_1_0.1_NegativeBinomialAutoencoder_randomize,1.0,2730.298709508963,558.2863494111225,net_60_10082_net_64_11307_net_84_11226_net_133_10773
2095,GradientShap_64_1_0.1_NegativeBinomialAutoencoder_data,0.5333333333333333,2730.298709508963,530.1564200560097,net_60_10082_net_64_11307_net_84_11226_net_133_10773
2096,Deconvolution_64_1_0.1_NegativeBinomialAutoencoder_zeros,1.0,2730.298709508963,130.23094541113824,net_60_10082_net_64_11307_net_84_11226_net_133_10773
2097,GuidedBackprop_64_1_0.1_ZINBAutoencoder_zeros,0.816,3842.953811947955,170.95881685893983,net_60_10082_net_64_11307_net_84_11226_net_133_10773
2098,GradientShap_64_1_0.1_ZINBAutoencoder_zeros,1.0,3842.953811947955,536.4569593840279,net_60_10082_net_64_11307_net_84_11226_net_133_10773
2099,GradientShap_64_1_0.1_ZINBAutoencoder_randomize,1.0,3842.953811947955,510.7011735897977,net_60_10082_net_64_11307_net_84_11226_net_133_10773
2100,GradientShap_64_1_0.1_ZINBAutoencoder_data,0.7833333333333333,3842.953811947955,511.1064247568138,net_60_10082_net_64_11307_net_84_11226_net_133_10773
2101,Deconvolution_64_1_0.1_ZINBAutoencoder_zeros,1.0,3842.953811947955,141.8329980231356,net_60_10082_net_64_11307_net_84_11226_net_133_10773
2102,GuidedBackprop_64_2_0_NegativeBinomialAutoencoder_zeros,0.7653333333333333,2304.2907485109754,185.49639298394322,net_60_10082_net_64_11307_net_84_11226_net_133_10773
2103,GradientShap_64_2_0_NegativeBinomialAutoencoder_zeros,1.0,2304.2907485109754,530.3353536790237,net_60_10082_net_64_11307_net_84_11226_net_133_10773
2104,GradientShap_64_2_0_NegativeBinomialAutoencoder_randomize,1.0,2304.2907485109754,512.1214799659792,net_60_10082_net_64_11307_net_84_11226_net_133_10773
2105,GradientShap_64_2_0_NegativeBinomialAutoencoder_data,1.0,2304.2907485109754,514.6181602489669,net_60_10082_net_64_11307_net_84_11226_net_133_10773
2106,Deconvolution_64_2_0_NegativeBinomialAutoencoder_zeros,0.814,2304.2907485109754,136.3564978169743,net_60_10082_net_64_11307_net_84_11226_net_133_10773
2107,GuidedBackprop_64_2_0_ZINBAutoencoder_zeros,1.0,3271.06721505709,172.76696214196272,net_60_10082_net_64_11307_net_84_11226_net_133_10773
2108,GradientShap_64_2_0_ZINBAutoencoder_zeros,0.7933333333333333,3271.06721505709,545.4222360521089,net_60_10082_net_64_11307_net_84_11226_net_133_10773
2109,GradientShap_64_2_0_ZINBAutoencoder_randomize,1.0,3271.06721505709,540.6440426521003,net_60_10082_net_64_11307_net_84_11226_net_133_10773
2110,GradientShap_64_2_0_ZINBAutoencoder_data,1.0,3271.06721505709,523.8860968558583,net_60_10082_net_64_11307_net_84_11226_net_133_10773
2111,Deconvolution_64_2_0_ZINBAutoencoder_zeros,0.7833333333333333,3271.06721505709,140.63244739104994,net_60_10082_net_64_11307_net_84_11226_net_133_10773
2112,GuidedBackprop_64_2_0.1_NegativeBinomialAutoencoder_zeros,0.5293333333333333,1873.073606461985,137.73145643505268,net_60_10082_net_64_11307_net_84_11226_net_133_10773
2113,GradientShap_64_2_0.1_NegativeBinomialAutoencoder_zeros,0.524,1873.073606461985,524.5553112570196,net_60_10082_net_64_11307_net_84_11226_net_133_10773
2114,GradientShap_64_2_0.1_NegativeBinomialAutoencoder_randomize,1.0,1873.073606461985,526.9425117240753,net_60_10082_net_64_11307_net_84_11226_net_133_10773
2115,GradientShap_64_2_0.1_NegativeBinomialAutoencoder_data,1.0,1873.073606461985,538.5040225461125,net_60_10082_net_64_11307_net_84_11226_net_133_10773
2116,Deconvolution_64_2_0.1_NegativeBinomialAutoencoder_zeros,0.5286666666666666,1873.073606461985,144.42522736499086,net_60_10082_net_64_11307_net_84_11226_net_133_10773
2117,GuidedBackprop_64_2_0.1_ZINBAutoencoder_zeros,0.568,2617.4541567121632,131.15422497014515,net_60_10082_net_64_11307_net_84_11226_net_133_10773
2118,GradientShap_64_2_0.1_ZINBAutoencoder_zeros,1.0,2617.4541567121632,542.401607909007,net_60_10082_net_64_11307_net_84_11226_net_133_10773
2119,GradientShap_64_2_0.1_ZINBAutoencoder_randomize,0.5113333333333333,2617.4541567121632,534.7978757340461,net_60_10082_net_64_11307_net_84_11226_net_133_10773
2120,GradientShap_64_2_0.1_ZINBAutoencoder_data,1.0,2617.4541567121632,522.1436960559804,net_60_10082_net_64_11307_net_84_11226_net_133_10773
2121,Deconvolution_64_2_0.1_ZINBAutoencoder_zeros,0.5286666666666666,2617.4541567121632,157.8331244410947,net_60_10082_net_64_11307_net_84_11226_net_133_10773
2122,GuidedBackprop_64_3_0_NegativeBinomialAutoencoder_zeros,1.0,2607.7776534059085,139.73752355086617,net_60_10082_net_64_11307_net_84_11226_net_133_10773
2123,GradientShap_64_3_0_NegativeBinomialAutoencoder_zeros,0.7566666666666667,2607.7776534059085,555.2790719319601,net_60_10082_net_64_11307_net_84_11226_net_133_10773
2124,GradientShap_64_3_0_NegativeBinomialAutoencoder_randomize,1.0,2607.7776534059085,541.3130838549696,net_60_10082_net_64_11307_net_84_11226_net_133_10773
2125,GradientShap_64_3_0_NegativeBinomialAutoencoder_data,1.0,2607.7776534059085,533.658110889839,net_60_10082_net_64_11307_net_84_11226_net_133_10773
2126,Deconvolution_64_3_0_NegativeBinomialAutoencoder_zeros,0.534,2607.7776534059085,110.5471008468885,net_60_10082_net_64_11307_net_84_11226_net_133_10773
2127,GuidedBackprop_64_3_0_ZINBAutoencoder_zeros,0.5286666666666666,4614.293980116956,167.2792775761336,net_60_10082_net_64_11307_net_84_11226_net_133_10773
2128,GradientShap_64_3_0_ZINBAutoencoder_zeros,0.7606666666666667,4614.293980116956,551.151323561091,net_60_10082_net_64_11307_net_84_11226_net_133_10773
2129,GradientShap_64_3_0_ZINBAutoencoder_randomize,1.0,4614.293980116956,532.5319086371455,net_60_10082_net_64_11307_net_84_11226_net_133_10773
2130,GradientShap_64_3_0_ZINBAutoencoder_data,1.0,4614.293980116956,519.9942910710815,net_60_10082_net_64_11307_net_84_11226_net_133_10773
2131,Deconvolution_64_3_0_ZINBAutoencoder_zeros,1.0,4614.293980116956,147.154096738901,net_60_10082_net_64_11307_net_84_11226_net_133_10773
2132,GuidedBackprop_64_3_0.1_NegativeBinomialAutoencoder_zeros,1.0,1315.1170291930903,191.4751579130534,net_60_10082_net_64_11307_net_84_11226_net_133_10773
2133,GradientShap_64_3_0.1_NegativeBinomialAutoencoder_zeros,1.0,1315.1170291930903,543.4276145619806,net_60_10082_net_64_11307_net_84_11226_net_133_10773
2134,GradientShap_64_3_0.1_NegativeBinomialAutoencoder_randomize,1.0,1315.1170291930903,533.8432335681282,net_60_10082_net_64_11307_net_84_11226_net_133_10773
2135,GradientShap_64_3_0.1_NegativeBinomialAutoencoder_data,1.0,1315.1170291930903,514.777494198177,net_60_10082_net_64_11307_net_84_11226_net_133_10773
2136,Deconvolution_64_3_0.1_NegativeBinomialAutoencoder_zeros,0.8126666666666666,1315.1170291930903,166.69412125390954,net_60_10082_net_64_11307_net_84_11226_net_133_10773
2137,GuidedBackprop_64_3_0.1_ZINBAutoencoder_zeros,1.0,1674.9476835380774,157.22189679392613,net_60_10082_net_64_11307_net_84_11226_net_133_10773
2138,GradientShap_64_3_0.1_ZINBAutoencoder_zeros,1.0,1674.9476835380774,547.8159573820885,net_60_10082_net_64_11307_net_84_11226_net_133_10773
2139,GradientShap_64_3_0.1_ZINBAutoencoder_randomize,1.0,1674.9476835380774,539.8789060618728,net_60_10082_net_64_11307_net_84_11226_net_133_10773
2140,GradientShap_64_3_0.1_ZINBAutoencoder_data,1.0,1674.9476835380774,536.5791430259123,net_60_10082_net_64_11307_net_84_11226_net_133_10773
2141,Deconvolution_64_3_0.1_ZINBAutoencoder_zeros,0.5186666666666667,1674.9476835380774,150.46657115919515,net_60_10082_net_64_11307_net_84_11226_net_133_10773
2142,GuidedBackprop_32_1_0_NegativeBinomialAutoencoder_zeros,1.0,2079.321943689836,166.57432027114555,net_60_10082_net_64_11307_net_84_11226_net_133_10773
2143,GradientShap_32_1_0_NegativeBinomialAutoencoder_zeros,1.0,2079.321943689836,525.8538230301347,net_60_10082_net_64_11307_net_84_11226_net_133_10773
2144,GradientShap_32_1_0_NegativeBinomialAutoencoder_randomize,1.0,2079.321943689836,535.9981401688419,net_60_10082_net_64_11307_net_84_11226_net_133_10773
2145,GradientShap_32_1_0_NegativeBinomialAutoencoder_data,0.786,2079.321943689836,540.7628773660399,net_60_10082_net_64_11307_net_84_11226_net_133_10773
2146,Deconvolution_32_1_0_NegativeBinomialAutoencoder_zeros,0.848,2079.321943689836,131.10975255607627,net_60_10082_net_64_11307_net_84_11226_net_133_10773
2147,GuidedBackprop_32_1_0_ZINBAutoencoder_zeros,1.0,2887.2047225399874,135.45173575612716,net_60_10082_net_64_11307_net_84_11226_net_133_10773
2148,GradientShap_32_1_0_ZINBAutoencoder_zeros,1.0,2887.2047225399874,533.7995370160788,net_60_10082_net_64_11307_net_84_11226_net_133_10773
2149,GradientShap_32_1_0_ZINBAutoencoder_randomize,0.8093333333333333,2887.2047225399874,543.0259201661684,net_60_10082_net_64_11307_net_84_11226_net_133_10773
2150,GradientShap_32_1_0_ZINBAutoencoder_data,0.796,2887.2047225399874,551.1488985770848,net_60_10082_net_64_11307_net_84_11226_net_133_10773
2151,Deconvolution_32_1_0_ZINBAutoencoder_zeros,0.536,2887.2047225399874,142.58985072001815,net_60_10082_net_64_11307_net_84_11226_net_133_10773
2152,GuidedBackprop_32_1_0.1_NegativeBinomialAutoencoder_zeros,0.558,2820.4008624798153,94.28091660514474,net_60_10082_net_64_11307_net_84_11226_net_133_10773
2153,GradientShap_32_1_0.1_NegativeBinomialAutoencoder_zeros,1.0,2820.4008624798153,440.0782175150234,net_60_10082_net_64_11307_net_84_11226_net_133_10773
2154,GradientShap_32_1_0.1_NegativeBinomialAutoencoder_randomize,1.0,2820.4008624798153,440.04371071304195,net_60_10082_net_64_11307_net_84_11226_net_133_10773
2155,GradientShap_32_1_0.1_NegativeBinomialAutoencoder_data,1.0,2820.4008624798153,439.4930086489767,net_60_10082_net_64_11307_net_84_11226_net_133_10773
2156,Deconvolution_32_1_0.1_NegativeBinomialAutoencoder_zeros,1.0,2820.4008624798153,93.6860672228504,net_60_10082_net_64_11307_net_84_11226_net_133_10773
2157,GuidedBackprop_32_1_0.1_ZINBAutoencoder_zeros,0.8826666666666667,3776.51066396595,101.40785312303342,net_60_10082_net_64_11307_net_84_11226_net_133_10773
2158,GradientShap_32_1_0.1_ZINBAutoencoder_zeros,0.5226666666666666,3776.51066396595,437.22838704288006,net_60_10082_net_64_11307_net_84_11226_net_133_10773
2159,GradientShap_32_1_0.1_ZINBAutoencoder_randomize,1.0,3776.51066396595,439.72433336195536,net_60_10082_net_64_11307_net_84_11226_net_133_10773
2160,GradientShap_32_1_0.1_ZINBAutoencoder_data,1.0,3776.51066396595,445.61976441391744,net_60_10082_net_64_11307_net_84_11226_net_133_10773
2161,Deconvolution_32_1_0.1_ZINBAutoencoder_zeros,0.5573333333333333,3776.51066396595,95.34215147397481,net_60_10082_net_64_11307_net_84_11226_net_133_10773
2162,GuidedBackprop_32_2_0_NegativeBinomialAutoencoder_zeros,0.7886666666666666,2187.017528177006,98.47012829896994,net_60_10082_net_64_11307_net_84_11226_net_133_10773
2163,GradientShap_32_2_0_NegativeBinomialAutoencoder_zeros,1.0,2187.017528177006,446.112245908007,net_60_10082_net_64_11307_net_84_11226_net_133_10773
2164,GradientShap_32_2_0_NegativeBinomialAutoencoder_randomize,1.0,2187.017528177006,444.22182354610413,net_60_10082_net_64_11307_net_84_11226_net_133_10773
2165,GradientShap_32_2_0_NegativeBinomialAutoencoder_data,1.0,2187.017528177006,440.69236467708834,net_60_10082_net_64_11307_net_84_11226_net_133_10773
2166,Deconvolution_32_2_0_NegativeBinomialAutoencoder_zeros,0.756,2187.017528177006,98.45994483097456,net_60_10082_net_64_11307_net_84_11226_net_133_10773
2167,GuidedBackprop_32_2_0_ZINBAutoencoder_zeros,0.792,3317.765167198144,93.9474253829103,net_60_10082_net_64_11307_net_84_11226_net_133_10773
2168,GradientShap_32_2_0_ZINBAutoencoder_zeros,1.0,3317.765167198144,442.4405856800731,net_60_10082_net_64_11307_net_84_11226_net_133_10773
2169,GradientShap_32_2_0_ZINBAutoencoder_randomize,0.79,3317.765167198144,442.561883316841,net_60_10082_net_64_11307_net_84_11226_net_133_10773
2170,GradientShap_32_2_0_ZINBAutoencoder_data,0.798,3317.765167198144,437.3852657158859,net_60_10082_net_64_11307_net_84_11226_net_133_10773
2171,Deconvolution_32_2_0_ZINBAutoencoder_zeros,1.0,3317.765167198144,99.83342338702641,net_60_10082_net_64_11307_net_84_11226_net_133_10773
2172,GuidedBackprop_32_2_0.1_NegativeBinomialAutoencoder_zeros,0.8786666666666667,1973.616853207117,97.59997143410146,net_60_10082_net_64_11307_net_84_11226_net_133_10773
2173,GradientShap_32_2_0.1_NegativeBinomialAutoencoder_zeros,1.0,1973.616853207117,439.7486227909103,net_60_10082_net_64_11307_net_84_11226_net_133_10773
2174,GradientShap_32_2_0.1_NegativeBinomialAutoencoder_randomize,1.0,1973.616853207117,441.4036755110137,net_60_10082_net_64_11307_net_84_11226_net_133_10773
2175,GradientShap_32_2_0.1_NegativeBinomialAutoencoder_data,0.8886666666666667,1973.616853207117,442.638867252972,net_60_10082_net_64_11307_net_84_11226_net_133_10773
2176,Deconvolution_32_2_0.1_NegativeBinomialAutoencoder_zeros,0.528,1973.616853207117,97.48684755386785,net_60_10082_net_64_11307_net_84_11226_net_133_10773
2177,GuidedBackprop_32_2_0.1_ZINBAutoencoder_zeros,1.0,2688.6193976961076,98.51609238400124,net_60_10082_net_64_11307_net_84_11226_net_133_10773
2178,GradientShap_32_2_0.1_ZINBAutoencoder_zeros,1.0,2688.6193976961076,440.6480668389704,net_60_10082_net_64_11307_net_84_11226_net_133_10773
2179,GradientShap_32_2_0.1_ZINBAutoencoder_randomize,1.0,2688.6193976961076,442.29337520501576,net_60_10082_net_64_11307_net_84_11226_net_133_10773
2180,GradientShap_32_2_0.1_ZINBAutoencoder_data,0.8026666666666666,2688.6193976961076,444.0561966719106,net_60_10082_net_64_11307_net_84_11226_net_133_10773
2181,Deconvolution_32_2_0.1_ZINBAutoencoder_zeros,0.5146666666666667,2688.6193976961076,97.64160128403455,net_60_10082_net_64_11307_net_84_11226_net_133_10773
2182,GuidedBackprop_32_3_0_NegativeBinomialAutoencoder_zeros,0.9233333333333333,2875.1790650710464,103.07134019699879,net_60_10082_net_64_11307_net_84_11226_net_133_10773
2183,GradientShap_32_3_0_NegativeBinomialAutoencoder_zeros,1.0,2875.1790650710464,446.25577043602243,net_60_10082_net_64_11307_net_84_11226_net_133_10773
2184,GradientShap_32_3_0_NegativeBinomialAutoencoder_randomize,0.7806666666666666,2875.1790650710464,444.75228554499336,net_60_10082_net_64_11307_net_84_11226_net_133_10773
2185,GradientShap_32_3_0_NegativeBinomialAutoencoder_data,0.5206666666666667,2875.1790650710464,442.89347493392415,net_60_10082_net_64_11307_net_84_11226_net_133_10773
2186,Deconvolution_32_3_0_NegativeBinomialAutoencoder_zeros,0.5326666666666666,2875.1790650710464,101.33303456101567,net_60_10082_net_64_11307_net_84_11226_net_133_10773
2187,GuidedBackprop_32_3_0_ZINBAutoencoder_zeros,1.0,4135.955706820125,104.91880020801909,net_60_10082_net_64_11307_net_84_11226_net_133_10773
2188,GradientShap_32_3_0_ZINBAutoencoder_zeros,1.0,4135.955706820125,446.5438762488775,net_60_10082_net_64_11307_net_84_11226_net_133_10773
2189,GradientShap_32_3_0_ZINBAutoencoder_randomize,0.7773333333333333,4135.955706820125,445.8434460479766,net_60_10082_net_64_11307_net_84_11226_net_133_10773
2190,GradientShap_32_3_0_ZINBAutoencoder_data,1.0,4135.955706820125,443.19586741295643,net_60_10082_net_64_11307_net_84_11226_net_133_10773
2191,Deconvolution_32_3_0_ZINBAutoencoder_zeros,1.0,4135.955706820125,104.87989707500674,net_60_10082_net_64_11307_net_84_11226_net_133_10773
2192,GuidedBackprop_32_3_0.1_NegativeBinomialAutoencoder_zeros,1.0,1938.2041649280582,102.09890933404677,net_60_10082_net_64_11307_net_84_11226_net_133_10773
2193,GradientShap_32_3_0.1_NegativeBinomialAutoencoder_zeros,1.0,1938.2041649280582,446.0246225320734,net_60_10082_net_64_11307_net_84_11226_net_133_10773
2194,GradientShap_32_3_0.1_NegativeBinomialAutoencoder_randomize,0.8366666666666667,1938.2041649280582,443.35192238283344,net_60_10082_net_64_11307_net_84_11226_net_133_10773
2195,GradientShap_32_3_0.1_NegativeBinomialAutoencoder_data,1.0,1938.2041649280582,443.5174216958694,net_60_10082_net_64_11307_net_84_11226_net_133_10773
2196,Deconvolution_32_3_0.1_NegativeBinomialAutoencoder_zeros,0.9853333333333333,1938.2041649280582,102.30186045006849,net_60_10082_net_64_11307_net_84_11226_net_133_10773
2197,GuidedBackprop_32_3_0.1_ZINBAutoencoder_zeros,1.0,2870.33740561991,105.30882978090085,net_60_10082_net_64_11307_net_84_11226_net_133_10773
2198,GradientShap_32_3_0.1_ZINBAutoencoder_zeros,1.0,2870.33740561991,442.9289238038473,net_60_10082_net_64_11307_net_84_11226_net_133_10773
2199,GradientShap_32_3_0.1_ZINBAutoencoder_randomize,0.876,2870.33740561991,442.0237738280557,net_60_10082_net_64_11307_net_84_11226_net_133_10773
2200,GradientShap_32_3_0.1_ZINBAutoencoder_data,1.0,2870.33740561991,446.96581555414014,net_60_10082_net_64_11307_net_84_11226_net_133_10773
2201,Deconvolution_32_3_0.1_ZINBAutoencoder_zeros,1.0,2870.33740561991,105.23024358204566,net_60_10082_net_64_11307_net_84_11226_net_133_10773
2202,GuidedBackprop_16_1_0_NegativeBinomialAutoencoder_zeros,0.968,2568.8400209140964,95.4426354849711,net_60_10082_net_64_11307_net_84_11226_net_133_10773
2203,GradientShap_16_1_0_NegativeBinomialAutoencoder_zeros,1.0,2568.8400209140964,446.16973452991806,net_60_10082_net_64_11307_net_84_11226_net_133_10773
2204,GradientShap_16_1_0_NegativeBinomialAutoencoder_randomize,1.0,2568.8400209140964,434.1722764479928,net_60_10082_net_64_11307_net_84_11226_net_133_10773
2205,GradientShap_16_1_0_NegativeBinomialAutoencoder_data,1.0,2568.8400209140964,434.31126060988754,net_60_10082_net_64_11307_net_84_11226_net_133_10773
2206,Deconvolution_16_1_0_NegativeBinomialAutoencoder_zeros,0.9993333333333333,2568.8400209140964,93.31693138298579,net_60_10082_net_64_11307_net_84_11226_net_133_10773
2207,GuidedBackprop_16_1_0_ZINBAutoencoder_zeros,0.5373333333333333,4839.9544603799,93.37411237694323,net_60_10082_net_64_11307_net_84_11226_net_133_10773
2208,GradientShap_16_1_0_ZINBAutoencoder_zeros,1.0,4839.9544603799,430.6607661920134,net_60_10082_net_64_11307_net_84_11226_net_133_10773
2209,GradientShap_16_1_0_ZINBAutoencoder_randomize,1.0,4839.9544603799,432.68959326599725,net_60_10082_net_64_11307_net_84_11226_net_133_10773
2210,GradientShap_16_1_0_ZINBAutoencoder_data,1.0,4839.9544603799,431.23613049206324,net_60_10082_net_64_11307_net_84_11226_net_133_10773
2211,Deconvolution_16_1_0_ZINBAutoencoder_zeros,1.0,4839.9544603799,93.80808874592185,net_60_10082_net_64_11307_net_84_11226_net_133_10773
2212,GuidedBackprop_16_1_0.1_NegativeBinomialAutoencoder_zeros,0.7753333333333333,4117.989517048933,93.4863143088296,net_60_10082_net_64_11307_net_84_11226_net_133_10773
2213,GradientShap_16_1_0.1_NegativeBinomialAutoencoder_zeros,1.0,4117.989517048933,428.20652936189435,net_60_10082_net_64_11307_net_84_11226_net_133_10773
2214,GradientShap_16_1_0.1_NegativeBinomialAutoencoder_randomize,1.0,4117.989517048933,430.97556785307825,net_60_10082_net_64_11307_net_84_11226_net_133_10773
2215,GradientShap_16_1_0.1_NegativeBinomialAutoencoder_data,0.7833333333333333,4117.989517048933,430.62797878007405,net_60_10082_net_64_11307_net_84_11226_net_133_10773
2216,Deconvolution_16_1_0.1_NegativeBinomialAutoencoder_zeros,1.0,4117.989517048933,92.85825925390236,net_60_10082_net_64_11307_net_84_11226_net_133_10773
2217,GuidedBackprop_16_1_0.1_ZINBAutoencoder_zeros,0.954,5924.42344802781,99.17622415302321,net_60_10082_net_64_11307_net_84_11226_net_133_10773
2218,GradientShap_16_1_0.1_ZINBAutoencoder_zeros,1.0,5924.42344802781,452.33934930805117,net_60_10082_net_64_11307_net_84_11226_net_133_10773
2219,GradientShap_16_1_0.1_ZINBAutoencoder_randomize,1.0,5924.42344802781,450.81147462897934,net_60_10082_net_64_11307_net_84_11226_net_133_10773
2220,GradientShap_16_1_0.1_ZINBAutoencoder_data,1.0,5924.42344802781,457.80994063289836,net_60_10082_net_64_11307_net_84_11226_net_133_10773
2221,Deconvolution_16_1_0.1_ZINBAutoencoder_zeros,1.0,5924.42344802781,122.46514555299655,net_60_10082_net_64_11307_net_84_11226_net_133_10773
2222,GuidedBackprop_16_2_0_NegativeBinomialAutoencoder_zeros,0.9146666666666666,3525.8502264958806,155.45264291204512,net_60_10082_net_64_11307_net_84_11226_net_133_10773
2223,GradientShap_16_2_0_NegativeBinomialAutoencoder_zeros,1.0,3525.8502264958806,545.2577188750729,net_60_10082_net_64_11307_net_84_11226_net_133_10773
2224,GradientShap_16_2_0_NegativeBinomialAutoencoder_randomize,1.0,3525.8502264958806,550.4267056570388,net_60_10082_net_64_11307_net_84_11226_net_133_10773
2225,GradientShap_16_2_0_NegativeBinomialAutoencoder_data,0.7733333333333333,3525.8502264958806,541.7951989988796,net_60_10082_net_64_11307_net_84_11226_net_133_10773
2226,Deconvolution_16_2_0_NegativeBinomialAutoencoder_zeros,0.95,3525.8502264958806,145.49723379896022,net_60_10082_net_64_11307_net_84_11226_net_133_10773
2227,GuidedBackprop_16_2_0_ZINBAutoencoder_zeros,0.6353333333333333,4796.098662796896,106.13752489094622,net_60_10082_net_64_11307_net_84_11226_net_133_10773
2228,GradientShap_16_2_0_ZINBAutoencoder_zeros,1.0,4796.098662796896,431.87405219697393,net_60_10082_net_64_11307_net_84_11226_net_133_10773
2229,GradientShap_16_2_0_ZINBAutoencoder_randomize,1.0,4796.098662796896,431.26460738899186,net_60_10082_net_64_11307_net_84_11226_net_133_10773
2230,GradientShap_16_2_0_ZINBAutoencoder_data,1.0,4796.098662796896,428.65612415689975,net_60_10082_net_64_11307_net_84_11226_net_133_10773
2231,Deconvolution_16_2_0_ZINBAutoencoder_zeros,1.0,4796.098662796896,97.83691194886342,net_60_10082_net_64_11307_net_84_11226_net_133_10773
2232,GuidedBackprop_16_2_0.1_NegativeBinomialAutoencoder_zeros,0.7273333333333334,3274.8850712159183,97.98578108497895,net_60_10082_net_64_11307_net_84_11226_net_133_10773
2233,GradientShap_16_2_0.1_NegativeBinomialAutoencoder_zeros,1.0,3274.8850712159183,430.74464472499676,net_60_10082_net_64_11307_net_84_11226_net_133_10773
2234,GradientShap_16_2_0.1_NegativeBinomialAutoencoder_randomize,0.792,3274.8850712159183,432.2217788649723,net_60_10082_net_64_11307_net_84_11226_net_133_10773
2235,GradientShap_16_2_0.1_NegativeBinomialAutoencoder_data,1.0,3274.8850712159183,430.975719536189,net_60_10082_net_64_11307_net_84_11226_net_133_10773
2236,Deconvolution_16_2_0.1_NegativeBinomialAutoencoder_zeros,0.502,3274.8850712159183,97.08974372595549,net_60_10082_net_64_11307_net_84_11226_net_133_10773
2237,GuidedBackprop_16_2_0.1_ZINBAutoencoder_zeros,0.748,4915.417667473899,97.2622744529508,net_60_10082_net_64_11307_net_84_11226_net_133_10773
2238,GradientShap_16_2_0.1_ZINBAutoencoder_zeros,0.514,4915.417667473899,437.15767017914914,net_60_10082_net_64_11307_net_84_11226_net_133_10773
2239,GradientShap_16_2_0.1_ZINBAutoencoder_randomize,1.0,4915.417667473899,454.2873107350897,net_60_10082_net_64_11307_net_84_11226_net_133_10773
2240,GradientShap_16_2_0.1_ZINBAutoencoder_data,1.0,4915.417667473899,436.7155207970645,net_60_10082_net_64_11307_net_84_11226_net_133_10773
2241,Deconvolution_16_2_0.1_ZINBAutoencoder_zeros,1.0,4915.417667473899,100.60237892181613,net_60_10082_net_64_11307_net_84_11226_net_133_10773
2242,GuidedBackprop_16_3_0_NegativeBinomialAutoencoder_zeros,0.788,5077.233961805001,116.20772438899985,net_60_10082_net_64_11307_net_84_11226_net_133_10773
2243,GradientShap_16_3_0_NegativeBinomialAutoencoder_zeros,1.0,5077.233961805001,497.9870671380013,net_60_10082_net_64_11307_net_84_11226_net_133_10773
2244,GradientShap_16_3_0_NegativeBinomialAutoencoder_randomize,1.0,5077.233961805001,478.1074565130002,net_60_10082_net_64_11307_net_84_11226_net_133_10773
2245,GradientShap_16_3_0_NegativeBinomialAutoencoder_data,1.0,5077.233961805001,470.2341851330002,net_60_10082_net_64_11307_net_84_11226_net_133_10773
2246,Deconvolution_16_3_0_NegativeBinomialAutoencoder_zeros,1.0,5077.233961805001,105.53454462000082,net_60_10082_net_64_11307_net_84_11226_net_133_10773
2247,GuidedBackprop_16_3_0_ZINBAutoencoder_zeros,0.496,6132.320597184,109.08877299600135,net_60_10082_net_64_11307_net_84_11226_net_133_10773
2248,GradientShap_16_3_0_ZINBAutoencoder_zeros,1.0,6132.320597184,457.21379059600076,net_60_10082_net_64_11307_net_84_11226_net_133_10773
2249,GradientShap_16_3_0_ZINBAutoencoder_randomize,0.7746666666666666,6132.320597184,466.82163684699844,net_60_10082_net_64_11307_net_84_11226_net_133_10773
2250,GradientShap_16_3_0_ZINBAutoencoder_data,0.83,6132.320597184,467.85213363100047,net_60_10082_net_64_11307_net_84_11226_net_133_10773
2251,Deconvolution_16_3_0_ZINBAutoencoder_zeros,0.5253333333333333,6132.320597184,107.38610034399971,net_60_10082_net_64_11307_net_84_11226_net_133_10773
2252,GuidedBackprop_16_3_0.1_NegativeBinomialAutoencoder_zeros,0.814,3452.119567310001,105.69433798000318,net_60_10082_net_64_11307_net_84_11226_net_133_10773
2253,GradientShap_16_3_0.1_NegativeBinomialAutoencoder_zeros,1.0,3452.119567310001,474.4000990309978,net_60_10082_net_64_11307_net_84_11226_net_133_10773
2254,GradientShap_16_3_0.1_NegativeBinomialAutoencoder_randomize,1.0,3452.119567310001,477.22325661099967,net_60_10082_net_64_11307_net_84_11226_net_133_10773
2255,GradientShap_16_3_0.1_NegativeBinomialAutoencoder_data,1.0,3452.119567310001,468.1173244220008,net_60_10082_net_64_11307_net_84_11226_net_133_10773
2256,Deconvolution_16_3_0.1_NegativeBinomialAutoencoder_zeros,0.8193333333333334,3452.119567310001,106.48343135600226,net_60_10082_net_64_11307_net_84_11226_net_133_10773
2257,GuidedBackprop_16_3_0.1_ZINBAutoencoder_zeros,0.8966666666666666,1778.2280481570015,107.81423681400338,net_60_10082_net_64_11307_net_84_11226_net_133_10773
2258,GradientShap_16_3_0.1_ZINBAutoencoder_zeros,1.0,1778.2280481570015,453.60290341100335,net_60_10082_net_64_11307_net_84_11226_net_133_10773
2259,GradientShap_16_3_0.1_ZINBAutoencoder_randomize,1.0,1778.2280481570015,462.3697823609982,net_60_10082_net_64_11307_net_84_11226_net_133_10773
2260,GradientShap_16_3_0.1_ZINBAutoencoder_data,1.0,1778.2280481570015,466.49211751899566,net_60_10082_net_64_11307_net_84_11226_net_133_10773
2261,Deconvolution_16_3_0.1_ZINBAutoencoder_zeros,0.8586666666666667,1778.2280481570015,107.6764570689993,net_60_10082_net_64_11307_net_84_11226_net_133_10773
2262,GuidedBackprop_64_1_0_NegativeBinomialAutoencoder_zeros,1.0,1705.452428020013,101.8165701009566,net_70_11431_net_84_9903_net_59_10488_net_115_11153
2263,GradientShap_64_1_0_NegativeBinomialAutoencoder_zeros,0.534,1705.452428020013,533.5527959899628,net_70_11431_net_84_9903_net_59_10488_net_115_11153
2264,GradientShap_64_1_0_NegativeBinomialAutoencoder_randomize,1.0,1705.452428020013,544.0708807719639,net_70_11431_net_84_9903_net_59_10488_net_115_11153
2265,GradientShap_64_1_0_NegativeBinomialAutoencoder_data,1.0,1705.452428020013,541.5418306810316,net_70_11431_net_84_9903_net_59_10488_net_115_11153
2266,Deconvolution_64_1_0_NegativeBinomialAutoencoder_zeros,1.0,1705.452428020013,105.65274024097016,net_70_11431_net_84_9903_net_59_10488_net_115_11153
2267,GuidedBackprop_64_1_0_ZINBAutoencoder_zeros,0.712,2741.513367835956,107.79705661500338,net_70_11431_net_84_9903_net_59_10488_net_115_11153
2268,GradientShap_64_1_0_ZINBAutoencoder_zeros,1.0,2741.513367835956,566.7681265600258,net_70_11431_net_84_9903_net_59_10488_net_115_11153
2269,GradientShap_64_1_0_ZINBAutoencoder_randomize,0.7846666666666666,2741.513367835956,550.8023026550072,net_70_11431_net_84_9903_net_59_10488_net_115_11153
2270,GradientShap_64_1_0_ZINBAutoencoder_data,0.7846666666666666,2741.513367835956,586.0225774450228,net_70_11431_net_84_9903_net_59_10488_net_115_11153
2271,Deconvolution_64_1_0_ZINBAutoencoder_zeros,1.0,2741.513367835956,156.75116110499948,net_70_11431_net_84_9903_net_59_10488_net_115_11153
2272,GuidedBackprop_64_1_0.1_NegativeBinomialAutoencoder_zeros,1.0,2578.4963759439997,170.36190603702562,net_70_11431_net_84_9903_net_59_10488_net_115_11153
2273,GradientShap_64_1_0.1_NegativeBinomialAutoencoder_zeros,0.7853333333333333,2578.4963759439997,645.9551422430086,net_70_11431_net_84_9903_net_59_10488_net_115_11153
2274,GradientShap_64_1_0.1_NegativeBinomialAutoencoder_randomize,1.0,2578.4963759439997,544.3441781820147,net_70_11431_net_84_9903_net_59_10488_net_115_11153
2275,GradientShap_64_1_0.1_NegativeBinomialAutoencoder_data,1.0,2578.4963759439997,687.2837829749915,net_70_11431_net_84_9903_net_59_10488_net_115_11153
2276,Deconvolution_64_1_0.1_NegativeBinomialAutoencoder_zeros,0.5213333333333333,2578.4963759439997,179.8442042550305,net_70_11431_net_84_9903_net_59_10488_net_115_11153
2277,GuidedBackprop_64_1_0.1_ZINBAutoencoder_zeros,1.0,3404.807363831962,192.5548105610069,net_70_11431_net_84_9903_net_59_10488_net_115_11153
2278,GradientShap_64_1_0.1_ZINBAutoencoder_zeros,0.5393333333333333,3404.807363831962,615.9346705460339,net_70_11431_net_84_9903_net_59_10488_net_115_11153
2279,GradientShap_64_1_0.1_ZINBAutoencoder_randomize,1.0,3404.807363831962,566.6489110860275,net_70_11431_net_84_9903_net_59_10488_net_115_11153
2280,GradientShap_64_1_0.1_ZINBAutoencoder_data,1.0,3404.807363831962,539.1062128709746,net_70_11431_net_84_9903_net_59_10488_net_115_11153
2281,Deconvolution_64_1_0.1_ZINBAutoencoder_zeros,1.0,3404.807363831962,107.45745909999823,net_70_11431_net_84_9903_net_59_10488_net_115_11153
2282,GuidedBackprop_64_2_0_NegativeBinomialAutoencoder_zeros,1.0,1950.186384559027,111.8663565950119,net_70_11431_net_84_9903_net_59_10488_net_115_11153
2283,GradientShap_64_2_0_NegativeBinomialAutoencoder_zeros,1.0,1950.186384559027,558.2575982949929,net_70_11431_net_84_9903_net_59_10488_net_115_11153
2284,GradientShap_64_2_0_NegativeBinomialAutoencoder_randomize,0.8373333333333334,1950.186384559027,594.4637169140042,net_70_11431_net_84_9903_net_59_10488_net_115_11153
2285,GradientShap_64_2_0_NegativeBinomialAutoencoder_data,1.0,1950.186384559027,547.889969971031,net_70_11431_net_84_9903_net_59_10488_net_115_11153
2286,Deconvolution_64_2_0_NegativeBinomialAutoencoder_zeros,1.0,1950.186384559027,113.63077002100181,net_70_11431_net_84_9903_net_59_10488_net_115_11153
2287,GuidedBackprop_64_2_0_ZINBAutoencoder_zeros,1.0,2977.379988749977,123.27218862302834,net_70_11431_net_84_9903_net_59_10488_net_115_11153
2288,GradientShap_64_2_0_ZINBAutoencoder_zeros,1.0,2977.379988749977,556.1046478520148,net_70_11431_net_84_9903_net_59_10488_net_115_11153
2289,GradientShap_64_2_0_ZINBAutoencoder_randomize,1.0,2977.379988749977,584.0523120670114,net_70_11431_net_84_9903_net_59_10488_net_115_11153
2290,GradientShap_64_2_0_ZINBAutoencoder_data,0.816,2977.379988749977,568.4703065810027,net_70_11431_net_84_9903_net_59_10488_net_115_11153
2291,Deconvolution_64_2_0_ZINBAutoencoder_zeros,1.0,2977.379988749977,172.41049153602216,net_70_11431_net_84_9903_net_59_10488_net_115_11153
2292,GuidedBackprop_64_2_0.1_NegativeBinomialAutoencoder_zeros,0.736,1655.2374640449998,112.37056450295495,net_70_11431_net_84_9903_net_59_10488_net_115_11153
2293,GradientShap_64_2_0.1_NegativeBinomialAutoencoder_zeros,0.5633333333333334,1655.2374640449998,542.1871295740129,net_70_11431_net_84_9903_net_59_10488_net_115_11153
2294,GradientShap_64_2_0.1_NegativeBinomialAutoencoder_randomize,0.8333333333333334,1655.2374640449998,554.9536597910337,net_70_11431_net_84_9903_net_59_10488_net_115_11153
2295,GradientShap_64_2_0.1_NegativeBinomialAutoencoder_data,1.0,1655.2374640449998,587.0096892930451,net_70_11431_net_84_9903_net_59_10488_net_115_11153
2296,Deconvolution_64_2_0.1_NegativeBinomialAutoencoder_zeros,0.846,1655.2374640449998,167.61652413301636,net_70_11431_net_84_9903_net_59_10488_net_115_11153
2297,GuidedBackprop_64_2_0.1_ZINBAutoencoder_zeros,0.9493333333333334,2313.149723834009,178.49897015001625,net_70_11431_net_84_9903_net_59_10488_net_115_11153
2298,GradientShap_64_2_0.1_ZINBAutoencoder_zeros,1.0,2313.149723834009,540.8930057740072,net_70_11431_net_84_9903_net_59_10488_net_115_11153
2299,GradientShap_64_2_0.1_ZINBAutoencoder_randomize,1.0,2313.149723834009,566.066942245001,net_70_11431_net_84_9903_net_59_10488_net_115_11153
2300,GradientShap_64_2_0.1_ZINBAutoencoder_data,1.0,2313.149723834009,591.6240691380226,net_70_11431_net_84_9903_net_59_10488_net_115_11153
2301,Deconvolution_64_2_0.1_ZINBAutoencoder_zeros,0.9426666666666667,2313.149723834009,199.04674779099878,net_70_11431_net_84_9903_net_59_10488_net_115_11153
2302,GuidedBackprop_64_3_0_NegativeBinomialAutoencoder_zeros,1.0,2517.49437048001,182.45747888699407,net_70_11431_net_84_9903_net_59_10488_net_115_11153
2303,GradientShap_64_3_0_NegativeBinomialAutoencoder_zeros,0.5373333333333333,2517.49437048001,581.9582761619822,net_70_11431_net_84_9903_net_59_10488_net_115_11153
2304,GradientShap_64_3_0_NegativeBinomialAutoencoder_randomize,0.826,2517.49437048001,598.6367377369897,net_70_11431_net_84_9903_net_59_10488_net_115_11153
2305,GradientShap_64_3_0_NegativeBinomialAutoencoder_data,1.0,2517.49437048001,587.8514704630361,net_70_11431_net_84_9903_net_59_10488_net_115_11153
2306,Deconvolution_64_3_0_NegativeBinomialAutoencoder_zeros,1.0,2517.49437048001,162.02546532300767,net_70_11431_net_84_9903_net_59_10488_net_115_11153
2307,GuidedBackprop_64_3_0_ZINBAutoencoder_zeros,0.778,3527.179835230985,205.77501432201825,net_70_11431_net_84_9903_net_59_10488_net_115_11153
2308,GradientShap_64_3_0_ZINBAutoencoder_zeros,1.0,3527.179835230985,614.0385182659957,net_70_11431_net_84_9903_net_59_10488_net_115_11153
2309,GradientShap_64_3_0_ZINBAutoencoder_randomize,0.8046666666666666,3527.179835230985,592.2994234529906,net_70_11431_net_84_9903_net_59_10488_net_115_11153
2310,GradientShap_64_3_0_ZINBAutoencoder_data,1.0,3527.179835230985,590.9249060430448,net_70_11431_net_84_9903_net_59_10488_net_115_11153
2311,Deconvolution_64_3_0_ZINBAutoencoder_zeros,1.0,3527.179835230985,191.51917167101055,net_70_11431_net_84_9903_net_59_10488_net_115_11153
2312,GuidedBackprop_64_3_0.1_NegativeBinomialAutoencoder_zeros,0.7593333333333333,1206.7561940409942,166.2717261640355,net_70_11431_net_84_9903_net_59_10488_net_115_11153
2313,GradientShap_64_3_0.1_NegativeBinomialAutoencoder_zeros,0.9993333333333333,1206.7561940409942,585.2045548639726,net_70_11431_net_84_9903_net_59_10488_net_115_11153
2314,GradientShap_64_3_0.1_NegativeBinomialAutoencoder_randomize,0.812,1206.7561940409942,612.0578608969809,net_70_11431_net_84_9903_net_59_10488_net_115_11153
2315,GradientShap_64_3_0.1_NegativeBinomialAutoencoder_data,1.0,1206.7561940409942,615.6270735440194,net_70_11431_net_84_9903_net_59_10488_net_115_11153
2316,Deconvolution_64_3_0.1_NegativeBinomialAutoencoder_zeros,0.7626666666666667,1206.7561940409942,155.04871139203897,net_70_11431_net_84_9903_net_59_10488_net_115_11153
2317,GuidedBackprop_64_3_0.1_ZINBAutoencoder_zeros,1.0,1689.625572053017,202.08889350801473,net_70_11431_net_84_9903_net_59_10488_net_115_11153
2318,GradientShap_64_3_0.1_ZINBAutoencoder_zeros,0.9993333333333333,1689.625572053017,613.8273735310067,net_70_11431_net_84_9903_net_59_10488_net_115_11153
2319,GradientShap_64_3_0.1_ZINBAutoencoder_randomize,1.0,1689.625572053017,640.54608387599,net_70_11431_net_84_9903_net_59_10488_net_115_11153
2320,GradientShap_64_3_0.1_ZINBAutoencoder_data,1.0,1689.625572053017,622.8841006819857,net_70_11431_net_84_9903_net_59_10488_net_115_11153
2321,Deconvolution_64_3_0.1_ZINBAutoencoder_zeros,1.0,1689.625572053017,219.88681121100672,net_70_11431_net_84_9903_net_59_10488_net_115_11153
2322,GuidedBackprop_32_1_0_NegativeBinomialAutoencoder_zeros,1.0,1995.9951431109803,189.18938402697677,net_70_11431_net_84_9903_net_59_10488_net_115_11153
2323,GradientShap_32_1_0_NegativeBinomialAutoencoder_zeros,1.0,1995.9951431109803,602.6336644940311,net_70_11431_net_84_9903_net_59_10488_net_115_11153
2324,GradientShap_32_1_0_NegativeBinomialAutoencoder_randomize,0.792,1995.9951431109803,589.7968453610083,net_70_11431_net_84_9903_net_59_10488_net_115_11153
2325,GradientShap_32_1_0_NegativeBinomialAutoencoder_data,0.786,1995.9951431109803,579.7546666890266,net_70_11431_net_84_9903_net_59_10488_net_115_11153
2326,Deconvolution_32_1_0_NegativeBinomialAutoencoder_zeros,1.0,1995.9951431109803,182.9062707250123,net_70_11431_net_84_9903_net_59_10488_net_115_11153
2327,GuidedBackprop_32_1_0_ZINBAutoencoder_zeros,0.646,3355.0157591860043,181.9682311709621,net_70_11431_net_84_9903_net_59_10488_net_115_11153
2328,GradientShap_32_1_0_ZINBAutoencoder_zeros,1.0,3355.0157591860043,589.7610650010174,net_70_11431_net_84_9903_net_59_10488_net_115_11153
2329,GradientShap_32_1_0_ZINBAutoencoder_randomize,1.0,3355.0157591860043,595.3082719409722,net_70_11431_net_84_9903_net_59_10488_net_115_11153
2330,GradientShap_32_1_0_ZINBAutoencoder_data,1.0,3355.0157591860043,581.6716234110063,net_70_11431_net_84_9903_net_59_10488_net_115_11153
2331,Deconvolution_32_1_0_ZINBAutoencoder_zeros,0.836,3355.0157591860043,116.5642013179604,net_70_11431_net_84_9903_net_59_10488_net_115_11153
2332,GuidedBackprop_32_1_0.1_NegativeBinomialAutoencoder_zeros,0.7693333333333333,2757.7007514910074,111.01554994500475,net_70_11431_net_84_9903_net_59_10488_net_115_11153
2333,GradientShap_32_1_0.1_NegativeBinomialAutoencoder_zeros,1.0,2757.7007514910074,555.0205268700374,net_70_11431_net_84_9903_net_59_10488_net_115_11153
2334,GradientShap_32_1_0.1_NegativeBinomialAutoencoder_randomize,0.786,2757.7007514910074,560.9177166490117,net_70_11431_net_84_9903_net_59_10488_net_115_11153
2335,GradientShap_32_1_0.1_NegativeBinomialAutoencoder_data,1.0,2757.7007514910074,551.7383079730207,net_70_11431_net_84_9903_net_59_10488_net_115_11153
2336,Deconvolution_32_1_0.1_NegativeBinomialAutoencoder_zeros,1.0,2757.7007514910074,112.41886696597794,net_70_11431_net_84_9903_net_59_10488_net_115_11153
2337,GuidedBackprop_32_1_0.1_ZINBAutoencoder_zeros,0.7646666666666667,4131.453991679009,110.09442582196789,net_70_11431_net_84_9903_net_59_10488_net_115_11153
2338,GradientShap_32_1_0.1_ZINBAutoencoder_zeros,1.0,4131.453991679009,552.900831838022,net_70_11431_net_84_9903_net_59_10488_net_115_11153
2339,GradientShap_32_1_0.1_ZINBAutoencoder_randomize,1.0,4131.453991679009,630.0658013040083,net_70_11431_net_84_9903_net_59_10488_net_115_11153
2340,GradientShap_32_1_0.1_ZINBAutoencoder_data,0.7706666666666667,4131.453991679009,605.8991932479548,net_70_11431_net_84_9903_net_59_10488_net_115_11153
2341,Deconvolution_32_1_0.1_ZINBAutoencoder_zeros,0.5673333333333334,4131.453991679009,181.5369365339866,net_70_11431_net_84_9903_net_59_10488_net_115_11153
2342,GuidedBackprop_32_2_0_NegativeBinomialAutoencoder_zeros,0.8173333333333334,2994.3954924049904,208.0146145930048,net_70_11431_net_84_9903_net_59_10488_net_115_11153
2343,GradientShap_32_2_0_NegativeBinomialAutoencoder_zeros,0.532,2994.3954924049904,628.025361404987,net_70_11431_net_84_9903_net_59_10488_net_115_11153
2344,GradientShap_32_2_0_NegativeBinomialAutoencoder_randomize,0.812,2994.3954924049904,644.0772188910632,net_70_11431_net_84_9903_net_59_10488_net_115_11153
2345,GradientShap_32_2_0_NegativeBinomialAutoencoder_data,0.7926666666666666,2994.3954924049904,673.853444906068,net_70_11431_net_84_9903_net_59_10488_net_115_11153
2346,Deconvolution_32_2_0_NegativeBinomialAutoencoder_zeros,0.5786666666666667,2994.3954924049904,214.8185517610982,net_70_11431_net_84_9903_net_59_10488_net_115_11153
2347,GuidedBackprop_32_2_0_ZINBAutoencoder_zeros,0.8186666666666667,3967.975666627055,177.80092043895274,net_70_11431_net_84_9903_net_59_10488_net_115_11153
2348,GradientShap_32_2_0_ZINBAutoencoder_zeros,1.0,3967.975666627055,659.9310524959583,net_70_11431_net_84_9903_net_59_10488_net_115_11153
2349,GradientShap_32_2_0_ZINBAutoencoder_randomize,1.0,3967.975666627055,576.6619633829687,net_70_11431_net_84_9903_net_59_10488_net_115_11153
2350,GradientShap_32_2_0_ZINBAutoencoder_data,0.8266666666666667,3967.975666627055,576.3934431029484,net_70_11431_net_84_9903_net_59_10488_net_115_11153
2351,Deconvolution_32_2_0_ZINBAutoencoder_zeros,0.656,3967.975666627055,122.9388906849781,net_70_11431_net_84_9903_net_59_10488_net_115_11153
2352,GuidedBackprop_32_2_0.1_NegativeBinomialAutoencoder_zeros,1.0,1610.9422972819302,121.78626651503146,net_70_11431_net_84_9903_net_59_10488_net_115_11153
2353,GradientShap_32_2_0.1_NegativeBinomialAutoencoder_zeros,1.0,1610.9422972819302,572.6324123209342,net_70_11431_net_84_9903_net_59_10488_net_115_11153
2354,GradientShap_32_2_0.1_NegativeBinomialAutoencoder_randomize,1.0,1610.9422972819302,593.4813415210228,net_70_11431_net_84_9903_net_59_10488_net_115_11153
2355,GradientShap_32_2_0.1_NegativeBinomialAutoencoder_data,1.0,1610.9422972819302,585.5972414059797,net_70_11431_net_84_9903_net_59_10488_net_115_11153
2356,Deconvolution_32_2_0.1_NegativeBinomialAutoencoder_zeros,0.804,1610.9422972819302,153.28481651004404,net_70_11431_net_84_9903_net_59_10488_net_115_11153
2357,GuidedBackprop_32_2_0.1_ZINBAutoencoder_zeros,1.0,2791.2822435699636,120.84950102202129,net_70_11431_net_84_9903_net_59_10488_net_115_11153
2358,GradientShap_32_2_0.1_ZINBAutoencoder_zeros,0.518,2791.2822435699636,590.7493793669855,net_70_11431_net_84_9903_net_59_10488_net_115_11153
2359,GradientShap_32_2_0.1_ZINBAutoencoder_randomize,1.0,2791.2822435699636,590.0345762500074,net_70_11431_net_84_9903_net_59_10488_net_115_11153
2360,GradientShap_32_2_0.1_ZINBAutoencoder_data,1.0,2791.2822435699636,584.7758132560411,net_70_11431_net_84_9903_net_59_10488_net_115_11153
2361,Deconvolution_32_2_0.1_ZINBAutoencoder_zeros,0.8006666666666666,2791.2822435699636,152.40812864596955,net_70_11431_net_84_9903_net_59_10488_net_115_11153
2362,GuidedBackprop_32_3_0_NegativeBinomialAutoencoder_zeros,0.7586666666666667,4134.8982408139855,126.84382050600834,net_70_11431_net_84_9903_net_59_10488_net_115_11153
2363,GradientShap_32_3_0_NegativeBinomialAutoencoder_zeros,1.0,4134.8982408139855,582.5244808800053,net_70_11431_net_84_9903_net_59_10488_net_115_11153
2364,GradientShap_32_3_0_NegativeBinomialAutoencoder_randomize,1.0,4134.8982408139855,594.2700682230061,net_70_11431_net_84_9903_net_59_10488_net_115_11153
2365,GradientShap_32_3_0_NegativeBinomialAutoencoder_data,0.5133333333333333,4134.8982408139855,580.2801096789772,net_70_11431_net_84_9903_net_59_10488_net_115_11153
2366,Deconvolution_32_3_0_NegativeBinomialAutoencoder_zeros,1.0,4134.8982408139855,124.44171466305852,net_70_11431_net_84_9903_net_59_10488_net_115_11153
2367,GuidedBackprop_32_3_0_ZINBAutoencoder_zeros,1.0,5180.605505835032,129.5928034640383,net_70_11431_net_84_9903_net_59_10488_net_115_11153
2368,GradientShap_32_3_0_ZINBAutoencoder_zeros,1.0,5180.605505835032,588.2731382440543,net_70_11431_net_84_9903_net_59_10488_net_115_11153
2369,GradientShap_32_3_0_ZINBAutoencoder_randomize,0.7926666666666666,5180.605505835032,604.3039932779502,net_70_11431_net_84_9903_net_59_10488_net_115_11153
2370,GradientShap_32_3_0_ZINBAutoencoder_data,0.83,5180.605505835032,601.082386182039,net_70_11431_net_84_9903_net_59_10488_net_115_11153
2371,Deconvolution_32_3_0_ZINBAutoencoder_zeros,1.0,5180.605505835032,146.3792710219277,net_70_11431_net_84_9903_net_59_10488_net_115_11153
2372,GuidedBackprop_32_3_0.1_NegativeBinomialAutoencoder_zeros,1.0,1752.084449387039,128.5449149219785,net_70_11431_net_84_9903_net_59_10488_net_115_11153
2373,GradientShap_32_3_0.1_NegativeBinomialAutoencoder_zeros,1.0,1752.084449387039,601.9063394489931,net_70_11431_net_84_9903_net_59_10488_net_115_11153
2374,GradientShap_32_3_0.1_NegativeBinomialAutoencoder_randomize,0.802,1752.084449387039,614.5637819550466,net_70_11431_net_84_9903_net_59_10488_net_115_11153
2375,GradientShap_32_3_0.1_NegativeBinomialAutoencoder_data,1.0,1752.084449387039,639.2277796809794,net_70_11431_net_84_9903_net_59_10488_net_115_11153
2376,Deconvolution_32_3_0.1_NegativeBinomialAutoencoder_zeros,1.0,1752.084449387039,139.5502611589618,net_70_11431_net_84_9903_net_59_10488_net_115_11153
2377,GuidedBackprop_32_3_0.1_ZINBAutoencoder_zeros,0.7966666666666666,2350.4473176710308,216.51640798000153,net_70_11431_net_84_9903_net_59_10488_net_115_11153
2378,GradientShap_32_3_0.1_ZINBAutoencoder_zeros,0.7713333333333333,2350.4473176710308,630.36495744891,net_70_11431_net_84_9903_net_59_10488_net_115_11153
2379,GradientShap_32_3_0.1_ZINBAutoencoder_randomize,1.0,2350.4473176710308,643.3127954649972,net_70_11431_net_84_9903_net_59_10488_net_115_11153
2380,GradientShap_32_3_0.1_ZINBAutoencoder_data,1.0,2350.4473176710308,593.7784044649452,net_70_11431_net_84_9903_net_59_10488_net_115_11153
2381,Deconvolution_32_3_0.1_ZINBAutoencoder_zeros,0.8866666666666667,2350.4473176710308,200.70722613995895,net_70_11431_net_84_9903_net_59_10488_net_115_11153
2382,GuidedBackprop_16_1_0_NegativeBinomialAutoencoder_zeros,0.934,2751.496282628039,117.92441197205335,net_70_11431_net_84_9903_net_59_10488_net_115_11153
2383,GradientShap_16_1_0_NegativeBinomialAutoencoder_zeros,0.9053333333333333,2751.496282628039,589.9034652260598,net_70_11431_net_84_9903_net_59_10488_net_115_11153
2384,GradientShap_16_1_0_NegativeBinomialAutoencoder_randomize,1.0,2751.496282628039,586.0984026510268,net_70_11431_net_84_9903_net_59_10488_net_115_11153
2385,GradientShap_16_1_0_NegativeBinomialAutoencoder_data,0.9153333333333333,2751.496282628039,603.0078745370265,net_70_11431_net_84_9903_net_59_10488_net_115_11153
2386,Deconvolution_16_1_0_NegativeBinomialAutoencoder_zeros,1.0,2751.496282628039,111.4449678719975,net_70_11431_net_84_9903_net_59_10488_net_115_11153
2387,GuidedBackprop_16_1_0_ZINBAutoencoder_zeros,0.9886666666666667,3607.3546320090536,127.58166346210055,net_70_11431_net_84_9903_net_59_10488_net_115_11153
2388,GradientShap_16_1_0_ZINBAutoencoder_zeros,1.0,3607.3546320090536,606.9588454019977,net_70_11431_net_84_9903_net_59_10488_net_115_11153
2389,GradientShap_16_1_0_ZINBAutoencoder_randomize,0.518,3607.3546320090536,603.8974478821037,net_70_11431_net_84_9903_net_59_10488_net_115_11153
2390,GradientShap_16_1_0_ZINBAutoencoder_data,1.0,3607.3546320090536,656.6299605759559,net_70_11431_net_84_9903_net_59_10488_net_115_11153
2391,Deconvolution_16_1_0_ZINBAutoencoder_zeros,0.914,3607.3546320090536,150.51798003399745,net_70_11431_net_84_9903_net_59_10488_net_115_11153
2392,GuidedBackprop_16_1_0.1_NegativeBinomialAutoencoder_zeros,0.7033333333333334,3393.5850182719296,179.5533494289266,net_70_11431_net_84_9903_net_59_10488_net_115_11153
2393,GradientShap_16_1_0.1_NegativeBinomialAutoencoder_zeros,1.0,3393.5850182719296,573.6591800289461,net_70_11431_net_84_9903_net_59_10488_net_115_11153
2394,GradientShap_16_1_0.1_NegativeBinomialAutoencoder_randomize,1.0,3393.5850182719296,462.82323281501886,net_70_11431_net_84_9903_net_59_10488_net_115_11153
2395,GradientShap_16_1_0.1_NegativeBinomialAutoencoder_data,1.0,3393.5850182719296,464.6256540919421,net_70_11431_net_84_9903_net_59_10488_net_115_11153
2396,Deconvolution_16_1_0.1_NegativeBinomialAutoencoder_zeros,0.836,3393.5850182719296,109.41494658507872,net_70_11431_net_84_9903_net_59_10488_net_115_11153
2397,GuidedBackprop_16_1_0.1_ZINBAutoencoder_zeros,1.0,5443.2441319259815,100.64772066706792,net_70_11431_net_84_9903_net_59_10488_net_115_11153
2398,GradientShap_16_1_0.1_ZINBAutoencoder_zeros,1.0,5443.2441319259815,479.32570011902135,net_70_11431_net_84_9903_net_59_10488_net_115_11153
2399,GradientShap_16_1_0.1_ZINBAutoencoder_randomize,1.0,5443.2441319259815,462.9687524449546,net_70_11431_net_84_9903_net_59_10488_net_115_11153
2400,GradientShap_16_1_0.1_ZINBAutoencoder_data,1.0,5443.2441319259815,470.2574113080045,net_70_11431_net_84_9903_net_59_10488_net_115_11153
2401,Deconvolution_16_1_0.1_ZINBAutoencoder_zeros,0.826,5443.2441319259815,100.94503596797585,net_70_11431_net_84_9903_net_59_10488_net_115_11153
2402,GuidedBackprop_16_2_0_NegativeBinomialAutoencoder_zeros,0.5253333333333333,3070.663216787041,102.8035292730201,net_70_11431_net_84_9903_net_59_10488_net_115_11153
2403,GradientShap_16_2_0_NegativeBinomialAutoencoder_zeros,0.5286666666666666,3070.663216787041,470.94253296393435,net_70_11431_net_84_9903_net_59_10488_net_115_11153
2404,GradientShap_16_2_0_NegativeBinomialAutoencoder_randomize,1.0,3070.663216787041,472.68908596097026,net_70_11431_net_84_9903_net_59_10488_net_115_11153
2405,GradientShap_16_2_0_NegativeBinomialAutoencoder_data,1.0,3070.663216787041,477.10590678907465,net_70_11431_net_84_9903_net_59_10488_net_115_11153
2406,Deconvolution_16_2_0_NegativeBinomialAutoencoder_zeros,1.0,3070.663216787041,129.9532209330937,net_70_11431_net_84_9903_net_59_10488_net_115_11153
2407,GuidedBackprop_64_1_0_NegativeBinomialAutoencoder_zeros,1.0,1692.8401632530004,80.62369485700037,net_60_10082_net_90_11013_net_75_10306_net_77_11506
2408,GradientShap_64_1_0_NegativeBinomialAutoencoder_zeros,0.6293333333333333,1692.8401632530004,399.53790905200003,net_60_10082_net_90_11013_net_75_10306_net_77_11506
2409,GradientShap_64_1_0_NegativeBinomialAutoencoder_randomize,0.8126666666666666,1692.8401632530004,410.61137593499734,net_60_10082_net_90_11013_net_75_10306_net_77_11506
2410,GradientShap_64_1_0_NegativeBinomialAutoencoder_data,1.0,1692.8401632530004,412.404461469996,net_60_10082_net_90_11013_net_75_10306_net_77_11506
2411,Deconvolution_64_1_0_NegativeBinomialAutoencoder_zeros,1.0,1692.8401632530004,80.69773176300077,net_60_10082_net_90_11013_net_75_10306_net_77_11506
2412,GuidedBackprop_64_1_0_ZINBAutoencoder_zeros,0.7433333333333333,2434.345460921999,86.25580397800513,net_60_10082_net_90_11013_net_75_10306_net_77_11506
2413,GradientShap_64_1_0_ZINBAutoencoder_zeros,1.0,2434.345460921999,410.3988250090042,net_60_10082_net_90_11013_net_75_10306_net_77_11506
2414,GradientShap_64_1_0_ZINBAutoencoder_randomize,1.0,2434.345460921999,410.21719417499844,net_60_10082_net_90_11013_net_75_10306_net_77_11506
2415,GradientShap_64_1_0_ZINBAutoencoder_data,1.0,2434.345460921999,405.5916679410002,net_60_10082_net_90_11013_net_75_10306_net_77_11506
2416,Deconvolution_64_1_0_ZINBAutoencoder_zeros,1.0,2434.345460921999,83.75930610800424,net_60_10082_net_90_11013_net_75_10306_net_77_11506
2417,GuidedBackprop_64_1_0.1_NegativeBinomialAutoencoder_zeros,0.96,2219.018943242998,81.61047292700096,net_60_10082_net_90_11013_net_75_10306_net_77_11506
2418,GradientShap_64_1_0.1_NegativeBinomialAutoencoder_zeros,0.9706666666666667,2219.018943242998,396.6657377610027,net_60_10082_net_90_11013_net_75_10306_net_77_11506
2419,GradientShap_64_1_0.1_NegativeBinomialAutoencoder_randomize,0.5986666666666667,2219.018943242998,399.5214612400014,net_60_10082_net_90_11013_net_75_10306_net_77_11506
2420,GradientShap_64_1_0.1_NegativeBinomialAutoencoder_data,0.542,2219.018943242998,401.7253082640018,net_60_10082_net_90_11013_net_75_10306_net_77_11506
2421,Deconvolution_64_1_0.1_NegativeBinomialAutoencoder_zeros,1.0,2219.018943242998,81.787184806999,net_60_10082_net_90_11013_net_75_10306_net_77_11506
2422,GuidedBackprop_64_1_0.1_ZINBAutoencoder_zeros,1.0,3225.179367814999,82.03225403199758,net_60_10082_net_90_11013_net_75_10306_net_77_11506
2423,GradientShap_64_1_0.1_ZINBAutoencoder_zeros,0.9706666666666667,3225.179367814999,417.9221225450019,net_60_10082_net_90_11013_net_75_10306_net_77_11506
2424,GradientShap_64_1_0.1_ZINBAutoencoder_randomize,0.97,3225.179367814999,419.67659294400073,net_60_10082_net_90_11013_net_75_10306_net_77_11506
2425,GradientShap_64_1_0.1_ZINBAutoencoder_data,0.6093333333333333,3225.179367814999,421.340000846998,net_60_10082_net_90_11013_net_75_10306_net_77_11506
2426,Deconvolution_64_1_0.1_ZINBAutoencoder_zeros,0.6366666666666667,3225.179367814999,87.11889704599889,net_60_10082_net_90_11013_net_75_10306_net_77_11506
2427,GuidedBackprop_64_2_0_NegativeBinomialAutoencoder_zeros,1.0,1774.685154382998,90.4744411129941,net_60_10082_net_90_11013_net_75_10306_net_77_11506
2428,GradientShap_64_2_0_NegativeBinomialAutoencoder_zeros,1.0,1774.685154382998,419.6179713099991,net_60_10082_net_90_11013_net_75_10306_net_77_11506
2429,GradientShap_64_2_0_NegativeBinomialAutoencoder_randomize,1.0,1774.685154382998,421.23766481500206,net_60_10082_net_90_11013_net_75_10306_net_77_11506
2430,GradientShap_64_2_0_NegativeBinomialAutoencoder_data,1.0,1774.685154382998,422.07699684399995,net_60_10082_net_90_11013_net_75_10306_net_77_11506
2431,Deconvolution_64_2_0_NegativeBinomialAutoencoder_zeros,1.0,1774.685154382998,91.19509007700253,net_60_10082_net_90_11013_net_75_10306_net_77_11506
2432,GuidedBackprop_64_2_0_ZINBAutoencoder_zeros,0.5393333333333333,2613.529361785004,91.76797546300077,net_60_10082_net_90_11013_net_75_10306_net_77_11506
2433,GradientShap_64_2_0_ZINBAutoencoder_zeros,1.0,2613.529361785004,418.14142473200627,net_60_10082_net_90_11013_net_75_10306_net_77_11506
2434,GradientShap_64_2_0_ZINBAutoencoder_randomize,0.8473333333333334,2613.529361785004,419.5223794620033,net_60_10082_net_90_11013_net_75_10306_net_77_11506
2435,GradientShap_64_2_0_ZINBAutoencoder_data,1.0,2613.529361785004,414.7699084409978,net_60_10082_net_90_11013_net_75_10306_net_77_11506
2436,Deconvolution_64_2_0_ZINBAutoencoder_zeros,0.8393333333333334,2613.529361785004,87.44752670199523,net_60_10082_net_90_11013_net_75_10306_net_77_11506
2437,GuidedBackprop_64_2_0.1_NegativeBinomialAutoencoder_zeros,1.0,1896.454766490002,89.14565695700003,net_60_10082_net_90_11013_net_75_10306_net_77_11506
2438,GradientShap_64_2_0.1_NegativeBinomialAutoencoder_zeros,0.9586666666666667,1896.454766490002,414.09130752400233,net_60_10082_net_90_11013_net_75_10306_net_77_11506
2439,GradientShap_64_2_0.1_NegativeBinomialAutoencoder_randomize,1.0,1896.454766490002,421.0365959269984,net_60_10082_net_90_11013_net_75_10306_net_77_11506
2440,GradientShap_64_2_0.1_NegativeBinomialAutoencoder_data,1.0,1896.454766490002,419.6320577400038,net_60_10082_net_90_11013_net_75_10306_net_77_11506
2441,Deconvolution_64_2_0.1_NegativeBinomialAutoencoder_zeros,0.8366666666666667,1896.454766490002,90.45800019799935,net_60_10082_net_90_11013_net_75_10306_net_77_11506
2442,GuidedBackprop_64_2_0.1_ZINBAutoencoder_zeros,0.7433333333333333,2336.450008005995,92.06587519300228,net_60_10082_net_90_11013_net_75_10306_net_77_11506
2443,GradientShap_64_2_0.1_ZINBAutoencoder_zeros,0.636,2336.450008005995,422.57489870800055,net_60_10082_net_90_11013_net_75_10306_net_77_11506
2444,GradientShap_64_2_0.1_ZINBAutoencoder_randomize,1.0,2336.450008005995,423.1578073010023,net_60_10082_net_90_11013_net_75_10306_net_77_11506
2445,GradientShap_64_2_0.1_ZINBAutoencoder_data,1.0,2336.450008005995,425.6091367140034,net_60_10082_net_90_11013_net_75_10306_net_77_11506
2446,Deconvolution_64_2_0.1_ZINBAutoencoder_zeros,0.77,2336.450008005995,91.47857446000853,net_60_10082_net_90_11013_net_75_10306_net_77_11506
2447,GuidedBackprop_64_3_0_NegativeBinomialAutoencoder_zeros,1.0,2621.3711675960076,95.66578557601315,net_60_10082_net_90_11013_net_75_10306_net_77_11506
2448,GradientShap_64_3_0_NegativeBinomialAutoencoder_zeros,1.0,2621.3711675960076,418.755105550008,net_60_10082_net_90_11013_net_75_10306_net_77_11506
2449,GradientShap_64_3_0_NegativeBinomialAutoencoder_randomize,1.0,2621.3711675960076,403.9917692279996,net_60_10082_net_90_11013_net_75_10306_net_77_11506
2450,GradientShap_64_3_0_NegativeBinomialAutoencoder_data,1.0,2621.3711675960076,403.1684156029951,net_60_10082_net_90_11013_net_75_10306_net_77_11506
2451,Deconvolution_64_3_0_NegativeBinomialAutoencoder_zeros,1.0,2621.3711675960076,90.07974614900013,net_60_10082_net_90_11013_net_75_10306_net_77_11506
2452,GuidedBackprop_64_3_0_ZINBAutoencoder_zeros,1.0,4116.617148206002,94.04558610999084,net_60_10082_net_90_11013_net_75_10306_net_77_11506
2453,GradientShap_64_3_0_ZINBAutoencoder_zeros,1.0,4116.617148206002,409.1321007450024,net_60_10082_net_90_11013_net_75_10306_net_77_11506
2454,GradientShap_64_3_0_ZINBAutoencoder_randomize,1.0,4116.617148206002,412.94104769399564,net_60_10082_net_90_11013_net_75_10306_net_77_11506
2455,GradientShap_64_3_0_ZINBAutoencoder_data,1.0,4116.617148206002,410.8201791510073,net_60_10082_net_90_11013_net_75_10306_net_77_11506
2456,Deconvolution_64_3_0_ZINBAutoencoder_zeros,0.6333333333333333,4116.617148206002,93.44621284599998,net_60_10082_net_90_11013_net_75_10306_net_77_11506
2457,GuidedBackprop_64_3_0.1_NegativeBinomialAutoencoder_zeros,1.0,1255.5321581570024,90.44537783700798,net_60_10082_net_90_11013_net_75_10306_net_77_11506
2458,GradientShap_64_3_0.1_NegativeBinomialAutoencoder_zeros,1.0,1255.5321581570024,410.6981517709937,net_60_10082_net_90_11013_net_75_10306_net_77_11506
2459,GradientShap_64_3_0.1_NegativeBinomialAutoencoder_randomize,1.0,1255.5321581570024,413.54743471500115,net_60_10082_net_90_11013_net_75_10306_net_77_11506
2460,GradientShap_64_3_0.1_NegativeBinomialAutoencoder_data,1.0,1255.5321581570024,412.000715741,net_60_10082_net_90_11013_net_75_10306_net_77_11506
2461,Deconvolution_64_3_0.1_NegativeBinomialAutoencoder_zeros,0.5653333333333334,1255.5321581570024,88.02862887900847,net_60_10082_net_90_11013_net_75_10306_net_77_11506
2462,GuidedBackprop_64_3_0.1_ZINBAutoencoder_zeros,1.0,1670.0658546890045,93.94653415601351,net_60_10082_net_90_11013_net_75_10306_net_77_11506
2463,GradientShap_64_3_0.1_ZINBAutoencoder_zeros,1.0,1670.0658546890045,404.6509659840085,net_60_10082_net_90_11013_net_75_10306_net_77_11506
2464,GradientShap_64_3_0.1_ZINBAutoencoder_randomize,1.0,1670.0658546890045,401.21589941300044,net_60_10082_net_90_11013_net_75_10306_net_77_11506
2465,GradientShap_64_3_0.1_ZINBAutoencoder_data,1.0,1670.0658546890045,401.99610165199556,net_60_10082_net_90_11013_net_75_10306_net_77_11506
2466,Deconvolution_64_3_0.1_ZINBAutoencoder_zeros,0.528,1670.0658546890045,91.00814225799695,net_60_10082_net_90_11013_net_75_10306_net_77_11506
2467,GuidedBackprop_32_1_0_NegativeBinomialAutoencoder_zeros,0.524,1963.2539262380014,80.8113518099999,net_60_10082_net_90_11013_net_75_10306_net_77_11506
2468,GradientShap_32_1_0_NegativeBinomialAutoencoder_zeros,1.0,1963.2539262380014,400.61958849499933,net_60_10082_net_90_11013_net_75_10306_net_77_11506
2469,GradientShap_32_1_0_NegativeBinomialAutoencoder_randomize,1.0,1963.2539262380014,405.3228932780039,net_60_10082_net_90_11013_net_75_10306_net_77_11506
2470,GradientShap_32_1_0_NegativeBinomialAutoencoder_data,0.5786666666666667,1963.2539262380014,397.3990416320012,net_60_10082_net_90_11013_net_75_10306_net_77_11506
2471,Deconvolution_32_1_0_NegativeBinomialAutoencoder_zeros,0.8453333333333334,1963.2539262380014,81.61390165500052,net_60_10082_net_90_11013_net_75_10306_net_77_11506
2472,GuidedBackprop_32_1_0_ZINBAutoencoder_zeros,1.0,2884.5741756719945,88.34397043500212,net_60_10082_net_90_11013_net_75_10306_net_77_11506
2473,GradientShap_32_1_0_ZINBAutoencoder_zeros,1.0,2884.5741756719945,419.97231757300324,net_60_10082_net_90_11013_net_75_10306_net_77_11506
2474,GradientShap_32_1_0_ZINBAutoencoder_randomize,1.0,2884.5741756719945,424.3137250169966,net_60_10082_net_90_11013_net_75_10306_net_77_11506
2475,GradientShap_32_1_0_ZINBAutoencoder_data,1.0,2884.5741756719945,421.898416926997,net_60_10082_net_90_11013_net_75_10306_net_77_11506
2476,Deconvolution_32_1_0_ZINBAutoencoder_zeros,1.0,2884.5741756719945,83.93152419599937,net_60_10082_net_90_11013_net_75_10306_net_77_11506
2477,GuidedBackprop_32_1_0.1_NegativeBinomialAutoencoder_zeros,1.0,2158.908206737993,83.85704205599905,net_60_10082_net_90_11013_net_75_10306_net_77_11506
2478,GradientShap_32_1_0.1_NegativeBinomialAutoencoder_zeros,1.0,2158.908206737993,433.57182582400856,net_60_10082_net_90_11013_net_75_10306_net_77_11506
2479,GradientShap_32_1_0.1_NegativeBinomialAutoencoder_randomize,1.0,2158.908206737993,485.29451328299183,net_60_10082_net_90_11013_net_75_10306_net_77_11506
2480,GradientShap_32_1_0.1_NegativeBinomialAutoencoder_data,1.0,2158.908206737993,478.98831880500074,net_60_10082_net_90_11013_net_75_10306_net_77_11506
2481,Deconvolution_32_1_0.1_NegativeBinomialAutoencoder_zeros,1.0,2158.908206737993,88.26384941099968,net_60_10082_net_90_11013_net_75_10306_net_77_11506
2482,GuidedBackprop_32_1_0.1_ZINBAutoencoder_zeros,0.69,2646.2833831799944,83.37963159900391,net_60_10082_net_90_11013_net_75_10306_net_77_11506
2483,GradientShap_32_1_0.1_ZINBAutoencoder_zeros,1.0,2646.2833831799944,463.3192294430046,net_60_10082_net_90_11013_net_75_10306_net_77_11506
2484,GradientShap_32_1_0.1_ZINBAutoencoder_randomize,0.5533333333333333,2646.2833831799944,426.2491887990036,net_60_10082_net_90_11013_net_75_10306_net_77_11506
2485,GradientShap_32_1_0.1_ZINBAutoencoder_data,0.5593333333333333,2646.2833831799944,500.6564068359876,net_60_10082_net_90_11013_net_75_10306_net_77_11506
2486,Deconvolution_32_1_0.1_ZINBAutoencoder_zeros,1.0,2646.2833831799944,87.75896923799883,net_60_10082_net_90_11013_net_75_10306_net_77_11506
2487,GuidedBackprop_32_2_0_NegativeBinomialAutoencoder_zeros,1.0,1314.6133207240055,104.12042191799264,net_60_10082_net_90_11013_net_75_10306_net_77_11506
2488,GradientShap_32_2_0_NegativeBinomialAutoencoder_zeros,1.0,1314.6133207240055,429.51475765799114,net_60_10082_net_90_11013_net_75_10306_net_77_11506
2489,GradientShap_32_2_0_NegativeBinomialAutoencoder_randomize,1.0,1314.6133207240055,460.40448320099676,net_60_10082_net_90_11013_net_75_10306_net_77_11506
2490,GradientShap_32_2_0_NegativeBinomialAutoencoder_data,1.0,1314.6133207240055,472.9032862489985,net_60_10082_net_90_11013_net_75_10306_net_77_11506
2491,Deconvolution_32_2_0_NegativeBinomialAutoencoder_zeros,1.0,1314.6133207240055,90.35356861799664,net_60_10082_net_90_11013_net_75_10306_net_77_11506
2492,GuidedBackprop_32_2_0_ZINBAutoencoder_zeros,0.896,2425.146276112995,92.05235477999668,net_60_10082_net_90_11013_net_75_10306_net_77_11506
2493,GradientShap_32_2_0_ZINBAutoencoder_zeros,0.972,2425.146276112995,483.0336671900004,net_60_10082_net_90_11013_net_75_10306_net_77_11506
2494,GradientShap_32_2_0_ZINBAutoencoder_randomize,1.0,2425.146276112995,442.52147913898807,net_60_10082_net_90_11013_net_75_10306_net_77_11506
2495,GradientShap_32_2_0_ZINBAutoencoder_data,1.0,2425.146276112995,411.12935668700084,net_60_10082_net_90_11013_net_75_10306_net_77_11506
2496,Deconvolution_32_2_0_ZINBAutoencoder_zeros,1.0,2425.146276112995,100.30182342100306,net_60_10082_net_90_11013_net_75_10306_net_77_11506
2497,GuidedBackprop_32_2_0.1_NegativeBinomialAutoencoder_zeros,1.0,1353.6188074609963,90.51357308699517,net_60_10082_net_90_11013_net_75_10306_net_77_11506
2498,GradientShap_32_2_0.1_NegativeBinomialAutoencoder_zeros,1.0,1353.6188074609963,456.57859793100215,net_60_10082_net_90_11013_net_75_10306_net_77_11506
2499,GradientShap_32_2_0.1_NegativeBinomialAutoencoder_randomize,1.0,1353.6188074609963,429.42129326799477,net_60_10082_net_90_11013_net_75_10306_net_77_11506
2500,GradientShap_32_2_0.1_NegativeBinomialAutoencoder_data,1.0,1353.6188074609963,430.6126486780122,net_60_10082_net_90_11013_net_75_10306_net_77_11506
2501,Deconvolution_32_2_0.1_NegativeBinomialAutoencoder_zeros,0.5693333333333334,1353.6188074609963,104.29730734800978,net_60_10082_net_90_11013_net_75_10306_net_77_11506
2502,GuidedBackprop_32_2_0.1_ZINBAutoencoder_zeros,1.0,1823.2295702859992,87.22911747000762,net_60_10082_net_90_11013_net_75_10306_net_77_11506
2503,GradientShap_32_2_0.1_ZINBAutoencoder_zeros,0.9706666666666667,1823.2295702859992,478.33684908899886,net_60_10082_net_90_11013_net_75_10306_net_77_11506
2504,GradientShap_32_2_0.1_ZINBAutoencoder_randomize,1.0,1823.2295702859992,435.8974836500129,net_60_10082_net_90_11013_net_75_10306_net_77_11506
2505,GradientShap_32_2_0.1_ZINBAutoencoder_data,1.0,1823.2295702859992,418.2918258270074,net_60_10082_net_90_11013_net_75_10306_net_77_11506
2506,Deconvolution_32_2_0.1_ZINBAutoencoder_zeros,0.938,1823.2295702859992,102.82359693599574,net_60_10082_net_90_11013_net_75_10306_net_77_11506
2507,GuidedBackprop_32_3_0_NegativeBinomialAutoencoder_zeros,1.0,1887.5645694600098,103.33037918400078,net_60_10082_net_90_11013_net_75_10306_net_77_11506
2508,GradientShap_32_3_0_NegativeBinomialAutoencoder_zeros,0.6273333333333333,1887.5645694600098,428.6337827690004,net_60_10082_net_90_11013_net_75_10306_net_77_11506
2509,GradientShap_32_3_0_NegativeBinomialAutoencoder_randomize,1.0,1887.5645694600098,447.5972402299958,net_60_10082_net_90_11013_net_75_10306_net_77_11506
2510,GradientShap_32_3_0_NegativeBinomialAutoencoder_data,1.0,1887.5645694600098,454.5291975480068,net_60_10082_net_90_11013_net_75_10306_net_77_11506
2511,Deconvolution_32_3_0_NegativeBinomialAutoencoder_zeros,1.0,1887.5645694600098,96.66934780799784,net_60_10082_net_90_11013_net_75_10306_net_77_11506
2512,GuidedBackprop_32_3_0_ZINBAutoencoder_zeros,0.8493333333333334,2549.061078932995,102.11637628900644,net_60_10082_net_90_11013_net_75_10306_net_77_11506
2513,GradientShap_32_3_0_ZINBAutoencoder_zeros,1.0,2549.061078932995,443.57373701999313,net_60_10082_net_90_11013_net_75_10306_net_77_11506
2514,GradientShap_32_3_0_ZINBAutoencoder_randomize,1.0,2549.061078932995,413.3943613480078,net_60_10082_net_90_11013_net_75_10306_net_77_11506
2515,GradientShap_32_3_0_ZINBAutoencoder_data,1.0,2549.061078932995,476.94530540199776,net_60_10082_net_90_11013_net_75_10306_net_77_11506
2516,Deconvolution_32_3_0_ZINBAutoencoder_zeros,0.8066666666666666,2549.061078932995,92.56275182099489,net_60_10082_net_90_11013_net_75_10306_net_77_11506
2517,GuidedBackprop_32_3_0.1_NegativeBinomialAutoencoder_zeros,1.0,1383.7392269499978,104.89024329998938,net_60_10082_net_90_11013_net_75_10306_net_77_11506
2518,GradientShap_32_3_0.1_NegativeBinomialAutoencoder_zeros,1.0,1383.7392269499978,443.9638910579961,net_60_10082_net_90_11013_net_75_10306_net_77_11506
2519,GradientShap_32_3_0.1_NegativeBinomialAutoencoder_randomize,1.0,1383.7392269499978,454.9743675439968,net_60_10082_net_90_11013_net_75_10306_net_77_11506
2520,GradientShap_32_3_0.1_NegativeBinomialAutoencoder_data,1.0,1383.7392269499978,451.5848076019902,net_60_10082_net_90_11013_net_75_10306_net_77_11506
2521,Deconvolution_32_3_0.1_NegativeBinomialAutoencoder_zeros,1.0,1383.7392269499978,89.8806626029982,net_60_10082_net_90_11013_net_75_10306_net_77_11506
2522,GuidedBackprop_32_3_0.1_ZINBAutoencoder_zeros,1.0,3144.3533297730028,89.85427447300754,net_60_10082_net_90_11013_net_75_10306_net_77_11506
2523,GradientShap_32_3_0.1_ZINBAutoencoder_zeros,1.0,3144.3533297730028,393.7661395020259,net_60_10082_net_90_11013_net_75_10306_net_77_11506
2524,GradientShap_32_3_0.1_ZINBAutoencoder_randomize,1.0,3144.3533297730028,394.36332374601625,net_60_10082_net_90_11013_net_75_10306_net_77_11506
2525,GradientShap_32_3_0.1_ZINBAutoencoder_data,1.0,3144.3533297730028,395.4177021259966,net_60_10082_net_90_11013_net_75_10306_net_77_11506
2526,Deconvolution_32_3_0.1_ZINBAutoencoder_zeros,1.0,3144.3533297730028,89.70229128899518,net_60_10082_net_90_11013_net_75_10306_net_77_11506
2527,GuidedBackprop_16_1_0_NegativeBinomialAutoencoder_zeros,0.8966666666666666,2506.335216745996,80.25528873401345,net_60_10082_net_90_11013_net_75_10306_net_77_11506
2528,GradientShap_16_1_0_NegativeBinomialAutoencoder_zeros,1.0,2506.335216745996,393.08721973298816,net_60_10082_net_90_11013_net_75_10306_net_77_11506
2529,GradientShap_16_1_0_NegativeBinomialAutoencoder_randomize,0.8126666666666666,2506.335216745996,393.41899201797787,net_60_10082_net_90_11013_net_75_10306_net_77_11506
2530,GradientShap_16_1_0_NegativeBinomialAutoencoder_data,1.0,2506.335216745996,394.09768737698323,net_60_10082_net_90_11013_net_75_10306_net_77_11506
2531,Deconvolution_16_1_0_NegativeBinomialAutoencoder_zeros,1.0,2506.335216745996,82.2959808439773,net_60_10082_net_90_11013_net_75_10306_net_77_11506
2532,GuidedBackprop_16_1_0_ZINBAutoencoder_zeros,1.0,4501.4389942290145,94.31453909102129,net_60_10082_net_90_11013_net_75_10306_net_77_11506
2533,GradientShap_16_1_0_ZINBAutoencoder_zeros,1.0,4501.4389942290145,431.99580812998465,net_60_10082_net_90_11013_net_75_10306_net_77_11506
2534,GradientShap_16_1_0_ZINBAutoencoder_randomize,0.5613333333333334,4501.4389942290145,429.0219259870064,net_60_10082_net_90_11013_net_75_10306_net_77_11506
2535,GradientShap_16_1_0_ZINBAutoencoder_data,1.0,4501.4389942290145,424.4653429389873,net_60_10082_net_90_11013_net_75_10306_net_77_11506
2536,Deconvolution_16_1_0_ZINBAutoencoder_zeros,0.786,4501.4389942290145,93.20163395200507,net_60_10082_net_90_11013_net_75_10306_net_77_11506
2537,GuidedBackprop_16_1_0.1_NegativeBinomialAutoencoder_zeros,0.956,4267.320946277992,88.77924069698201,net_60_10082_net_90_11013_net_75_10306_net_77_11506
2538,GradientShap_16_1_0.1_NegativeBinomialAutoencoder_zeros,1.0,4267.320946277992,429.32863250598894,net_60_10082_net_90_11013_net_75_10306_net_77_11506
2539,GradientShap_16_1_0.1_NegativeBinomialAutoencoder_randomize,1.0,4267.320946277992,439.8629642899905,net_60_10082_net_90_11013_net_75_10306_net_77_11506
2540,GradientShap_16_1_0.1_NegativeBinomialAutoencoder_data,1.0,4267.320946277992,433.8407604439999,net_60_10082_net_90_11013_net_75_10306_net_77_11506
2541,Deconvolution_16_1_0.1_NegativeBinomialAutoencoder_zeros,0.818,4267.320946277992,84.54435750597622,net_60_10082_net_90_11013_net_75_10306_net_77_11506
2542,GuidedBackprop_16_1_0.1_ZINBAutoencoder_zeros,0.7693333333333333,5377.03481801998,87.11267385797692,net_60_10082_net_90_11013_net_75_10306_net_77_11506
2543,GradientShap_16_1_0.1_ZINBAutoencoder_zeros,1.0,5377.03481801998,418.53032592398813,net_60_10082_net_90_11013_net_75_10306_net_77_11506
2544,GradientShap_16_1_0.1_ZINBAutoencoder_randomize,1.0,5377.03481801998,430.7248983810132,net_60_10082_net_90_11013_net_75_10306_net_77_11506
2545,GradientShap_16_1_0.1_ZINBAutoencoder_data,1.0,5377.03481801998,445.84853194101015,net_60_10082_net_90_11013_net_75_10306_net_77_11506
2546,Deconvolution_16_1_0.1_ZINBAutoencoder_zeros,1.0,5377.03481801998,86.6777328249882,net_60_10082_net_90_11013_net_75_10306_net_77_11506
2547,GuidedBackprop_16_2_0_NegativeBinomialAutoencoder_zeros,0.51,3302.5599781089986,175.5662743059802,net_60_10082_net_90_11013_net_75_10306_net_77_11506
2548,GradientShap_16_2_0_NegativeBinomialAutoencoder_zeros,1.0,3302.5599781089986,500.88600035200943,net_60_10082_net_90_11013_net_75_10306_net_77_11506
2549,GradientShap_16_2_0_NegativeBinomialAutoencoder_randomize,0.5346666666666666,3302.5599781089986,637.6689904360101,net_60_10082_net_90_11013_net_75_10306_net_77_11506
2550,GradientShap_16_2_0_NegativeBinomialAutoencoder_data,1.0,3302.5599781089986,694.7474500370154,net_60_10082_net_90_11013_net_75_10306_net_77_11506
2551,Deconvolution_16_2_0_NegativeBinomialAutoencoder_zeros,1.0,3302.5599781089986,148.71437290098402,net_60_10082_net_90_11013_net_75_10306_net_77_11506
2552,GuidedBackprop_16_2_0_ZINBAutoencoder_zeros,0.534,3873.335232269019,98.04529610098689,net_60_10082_net_90_11013_net_75_10306_net_77_11506
2553,GradientShap_16_2_0_ZINBAutoencoder_zeros,1.0,3873.335232269019,553.6022319630138,net_60_10082_net_90_11013_net_75_10306_net_77_11506
2554,GradientShap_16_2_0_ZINBAutoencoder_randomize,1.0,3873.335232269019,478.28481259802356,net_60_10082_net_90_11013_net_75_10306_net_77_11506
2555,GradientShap_16_2_0_ZINBAutoencoder_data,1.0,3873.335232269019,480.65067460297723,net_60_10082_net_90_11013_net_75_10306_net_77_11506
2556,Deconvolution_16_2_0_ZINBAutoencoder_zeros,1.0,3873.335232269019,121.96699508099118,net_60_10082_net_90_11013_net_75_10306_net_77_11506
2557,GuidedBackprop_16_2_0.1_NegativeBinomialAutoencoder_zeros,0.7546666666666667,3337.7861429939803,115.76979844798916,net_60_10082_net_90_11013_net_75_10306_net_77_11506
2558,GradientShap_16_2_0.1_NegativeBinomialAutoencoder_zeros,1.0,3337.7861429939803,483.6995077120082,net_60_10082_net_90_11013_net_75_10306_net_77_11506
2559,GradientShap_16_2_0.1_NegativeBinomialAutoencoder_randomize,1.0,3337.7861429939803,470.42711278799106,net_60_10082_net_90_11013_net_75_10306_net_77_11506
2560,GradientShap_16_2_0.1_NegativeBinomialAutoencoder_data,0.5593333333333333,3337.7861429939803,470.7899460500048,net_60_10082_net_90_11013_net_75_10306_net_77_11506
2561,Deconvolution_16_2_0.1_NegativeBinomialAutoencoder_zeros,0.788,3337.7861429939803,125.47989510401385,net_60_10082_net_90_11013_net_75_10306_net_77_11506
2562,GuidedBackprop_16_2_0.1_ZINBAutoencoder_zeros,0.7146666666666667,5585.2721179559885,123.0243408580136,net_60_10082_net_90_11013_net_75_10306_net_77_11506
2563,GradientShap_16_2_0.1_ZINBAutoencoder_zeros,1.0,5585.2721179559885,488.7212711110187,net_60_10082_net_90_11013_net_75_10306_net_77_11506
2564,GradientShap_16_2_0.1_ZINBAutoencoder_randomize,1.0,5585.2721179559885,484.93126776299323,net_60_10082_net_90_11013_net_75_10306_net_77_11506
2565,GradientShap_16_2_0.1_ZINBAutoencoder_data,1.0,5585.2721179559885,477.85703689500224,net_60_10082_net_90_11013_net_75_10306_net_77_11506
2566,Deconvolution_16_2_0.1_ZINBAutoencoder_zeros,0.5206666666666667,5585.2721179559885,118.3642426969891,net_60_10082_net_90_11013_net_75_10306_net_77_11506
2567,GuidedBackprop_16_3_0_NegativeBinomialAutoencoder_zeros,1.0,4787.161348835012,110.30910555599257,net_60_10082_net_90_11013_net_75_10306_net_77_11506
2568,GradientShap_16_3_0_NegativeBinomialAutoencoder_zeros,1.0,4787.161348835012,470.3902633000107,net_60_10082_net_90_11013_net_75_10306_net_77_11506
2569,GradientShap_16_3_0_NegativeBinomialAutoencoder_randomize,1.0,4787.161348835012,506.6113094330067,net_60_10082_net_90_11013_net_75_10306_net_77_11506
2570,GradientShap_16_3_0_NegativeBinomialAutoencoder_data,1.0,4787.161348835012,503.64570967300097,net_60_10082_net_90_11013_net_75_10306_net_77_11506
2571,Deconvolution_16_3_0_NegativeBinomialAutoencoder_zeros,1.0,4787.161348835012,129.54456751598627,net_60_10082_net_90_11013_net_75_10306_net_77_11506
2572,GuidedBackprop_16_3_0_ZINBAutoencoder_zeros,1.0,5773.947366689012,112.14904551499058,net_60_10082_net_90_11013_net_75_10306_net_77_11506
2573,GradientShap_16_3_0_ZINBAutoencoder_zeros,1.0,5773.947366689012,468.37742925499333,net_60_10082_net_90_11013_net_75_10306_net_77_11506
2574,GradientShap_16_3_0_ZINBAutoencoder_randomize,1.0,5773.947366689012,486.3612749009917,net_60_10082_net_90_11013_net_75_10306_net_77_11506
2575,GradientShap_16_3_0_ZINBAutoencoder_data,1.0,5773.947366689012,490.35304657099186,net_60_10082_net_90_11013_net_75_10306_net_77_11506
2576,Deconvolution_16_3_0_ZINBAutoencoder_zeros,0.8493333333333334,5773.947366689012,127.40795960399555,net_60_10082_net_90_11013_net_75_10306_net_77_11506
2577,GuidedBackprop_16_3_0.1_NegativeBinomialAutoencoder_zeros,1.0,3371.7798047219985,127.66666667201207,net_60_10082_net_90_11013_net_75_10306_net_77_11506
2578,GradientShap_16_3_0.1_NegativeBinomialAutoencoder_zeros,0.97,3371.7798047219985,475.36022274402785,net_60_10082_net_90_11013_net_75_10306_net_77_11506
2579,GradientShap_16_3_0.1_NegativeBinomialAutoencoder_randomize,1.0,3371.7798047219985,489.1886732149869,net_60_10082_net_90_11013_net_75_10306_net_77_11506
2580,GradientShap_16_3_0.1_NegativeBinomialAutoencoder_data,0.5513333333333333,3371.7798047219985,490.8978706120106,net_60_10082_net_90_11013_net_75_10306_net_77_11506
2581,Deconvolution_16_3_0.1_NegativeBinomialAutoencoder_zeros,1.0,3371.7798047219985,118.78350055398187,net_60_10082_net_90_11013_net_75_10306_net_77_11506
2582,GuidedBackprop_16_3_0.1_ZINBAutoencoder_zeros,0.9486666666666667,2241.784841374989,128.45642458900693,net_60_10082_net_90_11013_net_75_10306_net_77_11506
2583,GradientShap_16_3_0.1_ZINBAutoencoder_zeros,1.0,2241.784841374989,482.3519128100015,net_60_10082_net_90_11013_net_75_10306_net_77_11506
2584,GradientShap_16_3_0.1_ZINBAutoencoder_randomize,1.0,2241.784841374989,473.7714167069935,net_60_10082_net_90_11013_net_75_10306_net_77_11506
2585,GradientShap_16_3_0.1_ZINBAutoencoder_data,1.0,2241.784841374989,496.3778348370106,net_60_10082_net_90_11013_net_75_10306_net_77_11506
2586,Deconvolution_16_3_0.1_ZINBAutoencoder_zeros,0.798,2241.784841374989,120.12816425200435,net_60_10082_net_90_11013_net_75_10306_net_77_11506
2587,GuidedBackprop_64_1_0_NegativeBinomialAutoencoder_zeros,1.0,1166.779945296992,103.92146133599454,net_70_11431_net_60_10082_net_135_11054_net_53_11196
2588,GradientShap_64_1_0_NegativeBinomialAutoencoder_zeros,1.0,1166.779945296992,446.602337652992,net_70_11431_net_60_10082_net_135_11054_net_53_11196
2589,GradientShap_64_1_0_NegativeBinomialAutoencoder_randomize,1.0,1166.779945296992,452.2643300500058,net_70_11431_net_60_10082_net_135_11054_net_53_11196
2590,GradientShap_64_1_0_NegativeBinomialAutoencoder_data,1.0,1166.779945296992,458.31056466000155,net_70_11431_net_60_10082_net_135_11054_net_53_11196
2591,Deconvolution_64_1_0_NegativeBinomialAutoencoder_zeros,0.506,1166.779945296992,97.4705004139978,net_70_11431_net_60_10082_net_135_11054_net_53_11196
2592,GuidedBackprop_64_1_0_ZINBAutoencoder_zeros,0.7613333333333333,2074.6052576359943,95.77139877498848,net_70_11431_net_60_10082_net_135_11054_net_53_11196
2593,GradientShap_64_1_0_ZINBAutoencoder_zeros,1.0,2074.6052576359943,449.0073341719981,net_70_11431_net_60_10082_net_135_11054_net_53_11196
2594,GradientShap_64_1_0_ZINBAutoencoder_randomize,1.0,2074.6052576359943,447.88903030299116,net_70_11431_net_60_10082_net_135_11054_net_53_11196
2595,GradientShap_64_1_0_ZINBAutoencoder_data,1.0,2074.6052576359943,452.8462713629997,net_70_11431_net_60_10082_net_135_11054_net_53_11196
2596,Deconvolution_64_1_0_ZINBAutoencoder_zeros,1.0,2074.6052576359943,92.95842865499435,net_70_11431_net_60_10082_net_135_11054_net_53_11196
2597,GuidedBackprop_64_1_0.1_NegativeBinomialAutoencoder_zeros,0.6206666666666667,1922.9922971999913,84.53224975001649,net_70_11431_net_60_10082_net_135_11054_net_53_11196
2598,GradientShap_64_1_0.1_NegativeBinomialAutoencoder_zeros,0.612,1922.9922971999913,416.61076821101597,net_70_11431_net_60_10082_net_135_11054_net_53_11196
2599,GradientShap_64_1_0.1_NegativeBinomialAutoencoder_randomize,0.518,1922.9922971999913,412.09385485900566,net_70_11431_net_60_10082_net_135_11054_net_53_11196
2600,GradientShap_64_1_0.1_NegativeBinomialAutoencoder_data,1.0,1922.9922971999913,419.09323290298926,net_70_11431_net_60_10082_net_135_11054_net_53_11196
2601,Deconvolution_64_1_0.1_NegativeBinomialAutoencoder_zeros,1.0,1922.9922971999913,85.68692045600619,net_70_11431_net_60_10082_net_135_11054_net_53_11196
2602,GuidedBackprop_64_1_0.1_ZINBAutoencoder_zeros,0.722,2629.062432161998,113.50309542298783,net_70_11431_net_60_10082_net_135_11054_net_53_11196
2603,GradientShap_64_1_0.1_ZINBAutoencoder_zeros,0.9693333333333334,2629.062432161998,469.01796916499734,net_70_11431_net_60_10082_net_135_11054_net_53_11196
2604,GradientShap_64_1_0.1_ZINBAutoencoder_randomize,0.502,2629.062432161998,450.1760635280225,net_70_11431_net_60_10082_net_135_11054_net_53_11196
2605,GradientShap_64_1_0.1_ZINBAutoencoder_data,1.0,2629.062432161998,450.75780307801324,net_70_11431_net_60_10082_net_135_11054_net_53_11196
2606,Deconvolution_64_1_0.1_ZINBAutoencoder_zeros,1.0,2629.062432161998,110.9452828450012,net_70_11431_net_60_10082_net_135_11054_net_53_11196
2607,GuidedBackprop_64_2_0_NegativeBinomialAutoencoder_zeros,0.5353333333333333,1332.789052188018,104.30167995102238,net_70_11431_net_60_10082_net_135_11054_net_53_11196
2608,GradientShap_64_2_0_NegativeBinomialAutoencoder_zeros,1.0,1332.789052188018,457.9838727170136,net_70_11431_net_60_10082_net_135_11054_net_53_11196
2609,GradientShap_64_2_0_NegativeBinomialAutoencoder_randomize,1.0,1332.789052188018,468.5620462859806,net_70_11431_net_60_10082_net_135_11054_net_53_11196
2610,GradientShap_64_2_0_NegativeBinomialAutoencoder_data,0.5026666666666667,1332.789052188018,446.3373621450155,net_70_11431_net_60_10082_net_135_11054_net_53_11196
2611,Deconvolution_64_2_0_NegativeBinomialAutoencoder_zeros,0.508,1332.789052188018,107.32399531401461,net_70_11431_net_60_10082_net_135_11054_net_53_11196
2612,GuidedBackprop_64_2_0_ZINBAutoencoder_zeros,1.0,1873.5217032649962,113.48246353899594,net_70_11431_net_60_10082_net_135_11054_net_53_11196
2613,GradientShap_64_2_0_ZINBAutoencoder_zeros,0.504,1873.5217032649962,471.339943295985,net_70_11431_net_60_10082_net_135_11054_net_53_11196
2614,GradientShap_64_2_0_ZINBAutoencoder_randomize,1.0,1873.5217032649962,482.0950015140115,net_70_11431_net_60_10082_net_135_11054_net_53_11196
2615,GradientShap_64_2_0_ZINBAutoencoder_data,0.5066666666666667,1873.5217032649962,487.98735882001347,net_70_11431_net_60_10082_net_135_11054_net_53_11196
2616,Deconvolution_64_2_0_ZINBAutoencoder_zeros,0.528,1873.5217032649962,116.28885495100985,net_70_11431_net_60_10082_net_135_11054_net_53_11196
2617,GuidedBackprop_64_2_0.1_NegativeBinomialAutoencoder_zeros,0.574,1385.7070826830168,108.33571493800264,net_70_11431_net_60_10082_net_135_11054_net_53_11196
2618,GradientShap_64_2_0.1_NegativeBinomialAutoencoder_zeros,1.0,1385.7070826830168,461.53598321499885,net_70_11431_net_60_10082_net_135_11054_net_53_11196
2619,GradientShap_64_2_0.1_NegativeBinomialAutoencoder_randomize,1.0,1385.7070826830168,478.52479913900606,net_70_11431_net_60_10082_net_135_11054_net_53_11196
2620,GradientShap_64_2_0.1_NegativeBinomialAutoencoder_data,1.0,1385.7070826830168,469.4454791749886,net_70_11431_net_60_10082_net_135_11054_net_53_11196
2621,Deconvolution_64_2_0.1_NegativeBinomialAutoencoder_zeros,1.0,1385.7070826830168,112.63197002399829,net_70_11431_net_60_10082_net_135_11054_net_53_11196
2622,GuidedBackprop_64_2_0.1_ZINBAutoencoder_zeros,1.0,1919.5636886899883,108.09294711201801,net_70_11431_net_60_10082_net_135_11054_net_53_11196
2623,GradientShap_64_2_0.1_ZINBAutoencoder_zeros,1.0,1919.5636886899883,457.07272481400287,net_70_11431_net_60_10082_net_135_11054_net_53_11196
2624,GradientShap_64_2_0.1_ZINBAutoencoder_randomize,0.8426666666666667,1919.5636886899883,463.55915980698774,net_70_11431_net_60_10082_net_135_11054_net_53_11196
2625,GradientShap_64_2_0.1_ZINBAutoencoder_data,0.7726666666666666,1919.5636886899883,449.4915079479979,net_70_11431_net_60_10082_net_135_11054_net_53_11196
2626,Deconvolution_64_2_0.1_ZINBAutoencoder_zeros,1.0,1919.5636886899883,96.05714475599234,net_70_11431_net_60_10082_net_135_11054_net_53_11196
2627,GuidedBackprop_64_3_0_NegativeBinomialAutoencoder_zeros,1.0,1865.9251369620033,99.03408992598997,net_70_11431_net_60_10082_net_135_11054_net_53_11196
2628,GradientShap_64_3_0_NegativeBinomialAutoencoder_zeros,1.0,1865.9251369620033,431.5294642020017,net_70_11431_net_60_10082_net_135_11054_net_53_11196
2629,GradientShap_64_3_0_NegativeBinomialAutoencoder_randomize,0.5153333333333333,1865.9251369620033,458.31386160699185,net_70_11431_net_60_10082_net_135_11054_net_53_11196
2630,GradientShap_64_3_0_NegativeBinomialAutoencoder_data,0.5053333333333333,1865.9251369620033,434.00502290198347,net_70_11431_net_60_10082_net_135_11054_net_53_11196
2631,Deconvolution_64_3_0_NegativeBinomialAutoencoder_zeros,1.0,1865.9251369620033,98.59426205398631,net_70_11431_net_60_10082_net_135_11054_net_53_11196
2632,GuidedBackprop_64_3_0_ZINBAutoencoder_zeros,0.8286666666666667,2381.031610573991,98.05962446902413,net_70_11431_net_60_10082_net_135_11054_net_53_11196
2633,GradientShap_64_3_0_ZINBAutoencoder_zeros,1.0,2381.031610573991,446.9172332669841,net_70_11431_net_60_10082_net_135_11054_net_53_11196
2634,GradientShap_64_3_0_ZINBAutoencoder_randomize,1.0,2381.031610573991,450.68097706200206,net_70_11431_net_60_10082_net_135_11054_net_53_11196
2635,GradientShap_64_3_0_ZINBAutoencoder_data,1.0,2381.031610573991,469.0179852049914,net_70_11431_net_60_10082_net_135_11054_net_53_11196
2636,Deconvolution_64_3_0_ZINBAutoencoder_zeros,0.53,2381.031610573991,101.55625577000319,net_70_11431_net_60_10082_net_135_11054_net_53_11196
2637,GuidedBackprop_64_3_0.1_NegativeBinomialAutoencoder_zeros,1.0,1109.1233951089962,101.31394448099309,net_70_11431_net_60_10082_net_135_11054_net_53_11196
2638,GradientShap_64_3_0.1_NegativeBinomialAutoencoder_zeros,1.0,1109.1233951089962,458.8331417669833,net_70_11431_net_60_10082_net_135_11054_net_53_11196
2639,GradientShap_64_3_0.1_NegativeBinomialAutoencoder_randomize,1.0,1109.1233951089962,457.30710959699354,net_70_11431_net_60_10082_net_135_11054_net_53_11196
2640,GradientShap_64_3_0.1_NegativeBinomialAutoencoder_data,1.0,1109.1233951089962,459.6934483719815,net_70_11431_net_60_10082_net_135_11054_net_53_11196
2641,Deconvolution_64_3_0.1_NegativeBinomialAutoencoder_zeros,0.7846666666666666,1109.1233951089962,98.74458325302112,net_70_11431_net_60_10082_net_135_11054_net_53_11196
2642,GuidedBackprop_64_3_0.1_ZINBAutoencoder_zeros,0.5133333333333333,1562.0907283250126,103.88566870900104,net_70_11431_net_60_10082_net_135_11054_net_53_11196
2643,GradientShap_64_3_0.1_ZINBAutoencoder_zeros,1.0,1562.0907283250126,435.6095744679915,net_70_11431_net_60_10082_net_135_11054_net_53_11196
2644,GradientShap_64_3_0.1_ZINBAutoencoder_randomize,1.0,1562.0907283250126,447.688867719,net_70_11431_net_60_10082_net_135_11054_net_53_11196
2645,GradientShap_64_3_0.1_ZINBAutoencoder_data,1.0,1562.0907283250126,439.81763333801064,net_70_11431_net_60_10082_net_135_11054_net_53_11196
2646,Deconvolution_64_3_0.1_ZINBAutoencoder_zeros,1.0,1562.0907283250126,100.3750241859816,net_70_11431_net_60_10082_net_135_11054_net_53_11196
2647,GuidedBackprop_32_1_0_NegativeBinomialAutoencoder_zeros,1.0,1549.585579614999,92.71234427101444,net_70_11431_net_60_10082_net_135_11054_net_53_11196
2648,GradientShap_32_1_0_NegativeBinomialAutoencoder_zeros,1.0,1549.585579614999,476.939220158034,net_70_11431_net_60_10082_net_135_11054_net_53_11196
2649,GradientShap_32_1_0_NegativeBinomialAutoencoder_randomize,1.0,1549.585579614999,448.52083866804605,net_70_11431_net_60_10082_net_135_11054_net_53_11196
2650,GradientShap_32_1_0_NegativeBinomialAutoencoder_data,1.0,1549.585579614999,456.7518663139781,net_70_11431_net_60_10082_net_135_11054_net_53_11196
2651,Deconvolution_32_1_0_NegativeBinomialAutoencoder_zeros,1.0,1549.585579614999,101.73380390997045,net_70_11431_net_60_10082_net_135_11054_net_53_11196
2652,GuidedBackprop_32_1_0_ZINBAutoencoder_zeros,1.0,2429.888213235012,100.47140852699522,net_70_11431_net_60_10082_net_135_11054_net_53_11196
2653,GradientShap_32_1_0_ZINBAutoencoder_zeros,1.0,2429.888213235012,455.58070514100837,net_70_11431_net_60_10082_net_135_11054_net_53_11196
2654,GradientShap_32_1_0_ZINBAutoencoder_randomize,1.0,2429.888213235012,448.1659764589858,net_70_11431_net_60_10082_net_135_11054_net_53_11196
2655,GradientShap_32_1_0_ZINBAutoencoder_data,1.0,2429.888213235012,452.15107773500495,net_70_11431_net_60_10082_net_135_11054_net_53_11196
2656,Deconvolution_32_1_0_ZINBAutoencoder_zeros,0.8706666666666667,2429.888213235012,108.65924549597548,net_70_11431_net_60_10082_net_135_11054_net_53_11196
2657,GuidedBackprop_32_1_0.1_NegativeBinomialAutoencoder_zeros,0.7773333333333333,2100.082358309999,105.97029920096975,net_70_11431_net_60_10082_net_135_11054_net_53_11196
2658,GradientShap_32_1_0.1_NegativeBinomialAutoencoder_zeros,0.5573333333333333,2100.082358309999,504.8628028570092,net_70_11431_net_60_10082_net_135_11054_net_53_11196
2659,GradientShap_32_1_0.1_NegativeBinomialAutoencoder_randomize,1.0,2100.082358309999,471.1229327560286,net_70_11431_net_60_10082_net_135_11054_net_53_11196
2660,GradientShap_32_1_0.1_NegativeBinomialAutoencoder_data,1.0,2100.082358309999,451.2338070120313,net_70_11431_net_60_10082_net_135_11054_net_53_11196
2661,Deconvolution_32_1_0.1_NegativeBinomialAutoencoder_zeros,0.782,2100.082358309999,96.38949447101913,net_70_11431_net_60_10082_net_135_11054_net_53_11196
2662,GuidedBackprop_32_1_0.1_ZINBAutoencoder_zeros,1.0,3331.849110473995,112.45436249498744,net_70_11431_net_60_10082_net_135_11054_net_53_11196
2663,GradientShap_32_1_0.1_ZINBAutoencoder_zeros,0.5153333333333333,3331.849110473995,497.4430343909771,net_70_11431_net_60_10082_net_135_11054_net_53_11196
2664,GradientShap_32_1_0.1_ZINBAutoencoder_randomize,1.0,3331.849110473995,470.98189762898255,net_70_11431_net_60_10082_net_135_11054_net_53_11196
2665,GradientShap_32_1_0.1_ZINBAutoencoder_data,1.0,3331.849110473995,521.0540679050027,net_70_11431_net_60_10082_net_135_11054_net_53_11196
2666,Deconvolution_32_1_0.1_ZINBAutoencoder_zeros,1.0,3331.849110473995,108.49268146400573,net_70_11431_net_60_10082_net_135_11054_net_53_11196
2667,GuidedBackprop_32_2_0_NegativeBinomialAutoencoder_zeros,0.7886666666666666,1977.378297229996,112.53080156596843,net_70_11431_net_60_10082_net_135_11054_net_53_11196
2668,GradientShap_32_2_0_NegativeBinomialAutoencoder_zeros,1.0,1977.378297229996,521.8952562750201,net_70_11431_net_60_10082_net_135_11054_net_53_11196
2669,GradientShap_32_2_0_NegativeBinomialAutoencoder_randomize,1.0,1977.378297229996,528.9858486049925,net_70_11431_net_60_10082_net_135_11054_net_53_11196
2670,GradientShap_32_2_0_NegativeBinomialAutoencoder_data,1.0,1977.378297229996,532.412808079971,net_70_11431_net_60_10082_net_135_11054_net_53_11196
2671,Deconvolution_32_2_0_NegativeBinomialAutoencoder_zeros,0.86,1977.378297229996,114.38191752100829,net_70_11431_net_60_10082_net_135_11054_net_53_11196
2672,GuidedBackprop_32_2_0_ZINBAutoencoder_zeros,1.0,3003.9363905449864,114.8775628900039,net_70_11431_net_60_10082_net_135_11054_net_53_11196
2673,GradientShap_32_2_0_ZINBAutoencoder_zeros,1.0,3003.9363905449864,519.6908998089493,net_70_11431_net_60_10082_net_135_11054_net_53_11196
2674,GradientShap_32_2_0_ZINBAutoencoder_randomize,1.0,3003.9363905449864,529.2877005360206,net_70_11431_net_60_10082_net_135_11054_net_53_11196
2675,GradientShap_32_2_0_ZINBAutoencoder_data,1.0,3003.9363905449864,529.3213861280237,net_70_11431_net_60_10082_net_135_11054_net_53_11196
2676,Deconvolution_32_2_0_ZINBAutoencoder_zeros,0.5326666666666666,3003.9363905449864,113.5230982080102,net_70_11431_net_60_10082_net_135_11054_net_53_11196
2677,GuidedBackprop_32_2_0.1_NegativeBinomialAutoencoder_zeros,1.0,1904.2357768189977,108.77432401600527,net_70_11431_net_60_10082_net_135_11054_net_53_11196
2678,GradientShap_32_2_0.1_NegativeBinomialAutoencoder_zeros,0.5166666666666667,1904.2357768189977,527.3527066370007,net_70_11431_net_60_10082_net_135_11054_net_53_11196
2679,GradientShap_32_2_0.1_NegativeBinomialAutoencoder_randomize,0.7813333333333333,1904.2357768189977,525.4737813959946,net_70_11431_net_60_10082_net_135_11054_net_53_11196
2680,GradientShap_32_2_0.1_NegativeBinomialAutoencoder_data,1.0,1904.2357768189977,535.158733728982,net_70_11431_net_60_10082_net_135_11054_net_53_11196
2681,Deconvolution_32_2_0.1_NegativeBinomialAutoencoder_zeros,1.0,1904.2357768189977,109.51508802600438,net_70_11431_net_60_10082_net_135_11054_net_53_11196
2682,GuidedBackprop_32_2_0.1_ZINBAutoencoder_zeros,0.8333333333333334,2725.9186888459953,110.81704426102806,net_70_11431_net_60_10082_net_135_11054_net_53_11196
2683,GradientShap_32_2_0.1_ZINBAutoencoder_zeros,1.0,2725.9186888459953,528.3517624280066,net_70_11431_net_60_10082_net_135_11054_net_53_11196
2684,GradientShap_32_2_0.1_ZINBAutoencoder_randomize,0.8026666666666666,2725.9186888459953,531.9288438420044,net_70_11431_net_60_10082_net_135_11054_net_53_11196
2685,GradientShap_32_2_0.1_ZINBAutoencoder_data,1.0,2725.9186888459953,528.4794633080019,net_70_11431_net_60_10082_net_135_11054_net_53_11196
2686,Deconvolution_32_2_0.1_ZINBAutoencoder_zeros,1.0,2725.9186888459953,110.24458051897818,net_70_11431_net_60_10082_net_135_11054_net_53_11196
2687,GuidedBackprop_32_3_0_NegativeBinomialAutoencoder_zeros,1.0,2702.7733358989935,111.62680193100823,net_70_11431_net_60_10082_net_135_11054_net_53_11196
2688,GradientShap_32_3_0_NegativeBinomialAutoencoder_zeros,1.0,2702.7733358989935,516.4537673550076,net_70_11431_net_60_10082_net_135_11054_net_53_11196
2689,GradientShap_32_3_0_NegativeBinomialAutoencoder_randomize,1.0,2702.7733358989935,530.122931527032,net_70_11431_net_60_10082_net_135_11054_net_53_11196
2690,GradientShap_32_3_0_NegativeBinomialAutoencoder_data,1.0,2702.7733358989935,520.6858254629769,net_70_11431_net_60_10082_net_135_11054_net_53_11196
2691,Deconvolution_32_3_0_NegativeBinomialAutoencoder_zeros,1.0,2702.7733358989935,111.4706058279844,net_70_11431_net_60_10082_net_135_11054_net_53_11196
2692,GuidedBackprop_32_3_0_ZINBAutoencoder_zeros,0.7593333333333333,3714.0716380999656,115.8831961939577,net_70_11431_net_60_10082_net_135_11054_net_53_11196
2693,GradientShap_32_3_0_ZINBAutoencoder_zeros,1.0,3714.0716380999656,516.4437780499575,net_70_11431_net_60_10082_net_135_11054_net_53_11196
2694,GradientShap_32_3_0_ZINBAutoencoder_randomize,1.0,3714.0716380999656,528.6321468660026,net_70_11431_net_60_10082_net_135_11054_net_53_11196
2695,GradientShap_32_3_0_ZINBAutoencoder_data,1.0,3714.0716380999656,517.5101245729602,net_70_11431_net_60_10082_net_135_11054_net_53_11196
2696,Deconvolution_32_3_0_ZINBAutoencoder_zeros,0.8493333333333334,3714.0716380999656,113.95537584798876,net_70_11431_net_60_10082_net_135_11054_net_53_11196
2697,GuidedBackprop_32_3_0.1_NegativeBinomialAutoencoder_zeros,1.0,1958.1590532360133,117.6441035810276,net_70_11431_net_60_10082_net_135_11054_net_53_11196
2698,GradientShap_32_3_0.1_NegativeBinomialAutoencoder_zeros,0.5473333333333333,1958.1590532360133,534.4072026839713,net_70_11431_net_60_10082_net_135_11054_net_53_11196
2699,GradientShap_32_3_0.1_NegativeBinomialAutoencoder_randomize,1.0,1958.1590532360133,537.9214946490247,net_70_11431_net_60_10082_net_135_11054_net_53_11196
2700,GradientShap_32_3_0.1_NegativeBinomialAutoencoder_data,1.0,1958.1590532360133,534.9350573490374,net_70_11431_net_60_10082_net_135_11054_net_53_11196
2701,Deconvolution_32_3_0.1_NegativeBinomialAutoencoder_zeros,0.5173333333333333,1958.1590532360133,117.55812123802025,net_70_11431_net_60_10082_net_135_11054_net_53_11196
2702,GuidedBackprop_32_3_0.1_ZINBAutoencoder_zeros,1.0,2605.4782069509965,112.47093947196845,net_70_11431_net_60_10082_net_135_11054_net_53_11196
2703,GradientShap_32_3_0.1_ZINBAutoencoder_zeros,1.0,2605.4782069509965,517.4402655630256,net_70_11431_net_60_10082_net_135_11054_net_53_11196
2704,GradientShap_32_3_0.1_ZINBAutoencoder_randomize,1.0,2605.4782069509965,523.0169241219992,net_70_11431_net_60_10082_net_135_11054_net_53_11196
2705,GradientShap_32_3_0.1_ZINBAutoencoder_data,1.0,2605.4782069509965,520.9878553019953,net_70_11431_net_60_10082_net_135_11054_net_53_11196
2706,Deconvolution_32_3_0.1_ZINBAutoencoder_zeros,0.5266666666666666,2605.4782069509965,116.22291433403734,net_70_11431_net_60_10082_net_135_11054_net_53_11196
2707,GuidedBackprop_16_1_0_NegativeBinomialAutoencoder_zeros,1.0,2912.2615814719466,103.97736923000775,net_70_11431_net_60_10082_net_135_11054_net_53_11196
2708,GradientShap_16_1_0_NegativeBinomialAutoencoder_zeros,1.0,2912.2615814719466,519.3284697139752,net_70_11431_net_60_10082_net_135_11054_net_53_11196
2709,GradientShap_16_1_0_NegativeBinomialAutoencoder_randomize,1.0,2912.2615814719466,522.6806779910112,net_70_11431_net_60_10082_net_135_11054_net_53_11196
2710,GradientShap_16_1_0_NegativeBinomialAutoencoder_data,1.0,2912.2615814719466,508.8836301009869,net_70_11431_net_60_10082_net_135_11054_net_53_11196
2711,Deconvolution_16_1_0_NegativeBinomialAutoencoder_zeros,1.0,2912.2615814719466,106.16451466298895,net_70_11431_net_60_10082_net_135_11054_net_53_11196
2712,GuidedBackprop_16_1_0_ZINBAutoencoder_zeros,0.9833333333333333,4601.939206438023,103.5988979699905,net_70_11431_net_60_10082_net_135_11054_net_53_11196
2713,GradientShap_16_1_0_ZINBAutoencoder_zeros,1.0,4601.939206438023,512.3316858570324,net_70_11431_net_60_10082_net_135_11054_net_53_11196
2714,GradientShap_16_1_0_ZINBAutoencoder_randomize,1.0,4601.939206438023,518.6924638400087,net_70_11431_net_60_10082_net_135_11054_net_53_11196
2715,GradientShap_16_1_0_ZINBAutoencoder_data,1.0,4601.939206438023,523.0617769070086,net_70_11431_net_60_10082_net_135_11054_net_53_11196
2716,Deconvolution_16_1_0_ZINBAutoencoder_zeros,1.0,4601.939206438023,105.2252902929904,net_70_11431_net_60_10082_net_135_11054_net_53_11196
2717,GuidedBackprop_16_1_0.1_NegativeBinomialAutoencoder_zeros,1.0,3929.53704137,103.8050264660269,net_70_11431_net_60_10082_net_135_11054_net_53_11196
2718,GradientShap_16_1_0.1_NegativeBinomialAutoencoder_zeros,1.0,3929.53704137,513.0828869019751,net_70_11431_net_60_10082_net_135_11054_net_53_11196
2719,GradientShap_16_1_0.1_NegativeBinomialAutoencoder_randomize,1.0,3929.53704137,516.5974503720063,net_70_11431_net_60_10082_net_135_11054_net_53_11196
2720,GradientShap_16_1_0.1_NegativeBinomialAutoencoder_data,1.0,3929.53704137,519.7843573979917,net_70_11431_net_60_10082_net_135_11054_net_53_11196
2721,Deconvolution_16_1_0.1_NegativeBinomialAutoencoder_zeros,1.0,3929.53704137,104.6580403019907,net_70_11431_net_60_10082_net_135_11054_net_53_11196
2722,GuidedBackprop_16_1_0.1_ZINBAutoencoder_zeros,0.7693333333333333,5501.72795691801,102.2280372530222,net_70_11431_net_60_10082_net_135_11054_net_53_11196
2723,GradientShap_16_1_0.1_ZINBAutoencoder_zeros,1.0,5501.72795691801,513.0793581769685,net_70_11431_net_60_10082_net_135_11054_net_53_11196
2724,GradientShap_16_1_0.1_ZINBAutoencoder_randomize,1.0,5501.72795691801,521.4696578689618,net_70_11431_net_60_10082_net_135_11054_net_53_11196
2725,GradientShap_16_1_0.1_ZINBAutoencoder_data,1.0,5501.72795691801,513.8989711730392,net_70_11431_net_60_10082_net_135_11054_net_53_11196
2726,Deconvolution_16_1_0.1_ZINBAutoencoder_zeros,1.0,5501.72795691801,104.08499772800133,net_70_11431_net_60_10082_net_135_11054_net_53_11196
2727,GuidedBackprop_16_2_0_NegativeBinomialAutoencoder_zeros,0.6153333333333333,3192.548256270995,106.69767166802194,net_70_11431_net_60_10082_net_135_11054_net_53_11196
2728,GradientShap_16_2_0_NegativeBinomialAutoencoder_zeros,1.0,3192.548256270995,514.8782777630258,net_70_11431_net_60_10082_net_135_11054_net_53_11196
2729,GradientShap_16_2_0_NegativeBinomialAutoencoder_randomize,1.0,3192.548256270995,521.2521805469878,net_70_11431_net_60_10082_net_135_11054_net_53_11196
2730,GradientShap_16_2_0_NegativeBinomialAutoencoder_data,1.0,3192.548256270995,514.4371571069933,net_70_11431_net_60_10082_net_135_11054_net_53_11196
2731,Deconvolution_16_2_0_NegativeBinomialAutoencoder_zeros,1.0,3192.548256270995,107.24681725300616,net_70_11431_net_60_10082_net_135_11054_net_53_11196
2732,GuidedBackprop_16_2_0_ZINBAutoencoder_zeros,1.0,5927.9706641979865,107.7387789139757,net_70_11431_net_60_10082_net_135_11054_net_53_11196
2733,GradientShap_16_2_0_ZINBAutoencoder_zeros,1.0,5927.9706641979865,513.0051639900194,net_70_11431_net_60_10082_net_135_11054_net_53_11196
2734,GradientShap_16_2_0_ZINBAutoencoder_randomize,1.0,5927.9706641979865,516.5855230220477,net_70_11431_net_60_10082_net_135_11054_net_53_11196
2735,GradientShap_16_2_0_ZINBAutoencoder_data,1.0,5927.9706641979865,515.4511618189863,net_70_11431_net_60_10082_net_135_11054_net_53_11196
2736,Deconvolution_16_2_0_ZINBAutoencoder_zeros,1.0,5927.9706641979865,108.49370573699707,net_70_11431_net_60_10082_net_135_11054_net_53_11196
2737,GuidedBackprop_16_2_0.1_NegativeBinomialAutoencoder_zeros,0.512,3469.245108335046,109.81311103497865,net_70_11431_net_60_10082_net_135_11054_net_53_11196
2738,GradientShap_16_2_0.1_NegativeBinomialAutoencoder_zeros,1.0,3469.245108335046,514.9296840759926,net_70_11431_net_60_10082_net_135_11054_net_53_11196
2739,GradientShap_16_2_0.1_NegativeBinomialAutoencoder_randomize,1.0,3469.245108335046,519.6039038600284,net_70_11431_net_60_10082_net_135_11054_net_53_11196
2740,GradientShap_16_2_0.1_NegativeBinomialAutoencoder_data,1.0,3469.245108335046,518.8691449940088,net_70_11431_net_60_10082_net_135_11054_net_53_11196
2741,Deconvolution_16_2_0.1_NegativeBinomialAutoencoder_zeros,1.0,3469.245108335046,105.59430742100812,net_70_11431_net_60_10082_net_135_11054_net_53_11196
2742,GuidedBackprop_16_2_0.1_ZINBAutoencoder_zeros,1.0,4946.095779849042,106.81118367001181,net_70_11431_net_60_10082_net_135_11054_net_53_11196
2743,GradientShap_16_2_0.1_ZINBAutoencoder_zeros,1.0,4946.095779849042,513.6690746810054,net_70_11431_net_60_10082_net_135_11054_net_53_11196
2744,GradientShap_16_2_0.1_ZINBAutoencoder_randomize,0.9906666666666667,4946.095779849042,518.7049995530397,net_70_11431_net_60_10082_net_135_11054_net_53_11196
2745,GradientShap_16_2_0.1_ZINBAutoencoder_data,1.0,4946.095779849042,517.8182438070071,net_70_11431_net_60_10082_net_135_11054_net_53_11196
2746,Deconvolution_16_2_0.1_ZINBAutoencoder_zeros,1.0,4946.095779849042,110.43035247398075,net_70_11431_net_60_10082_net_135_11054_net_53_11196
2747,GuidedBackprop_16_3_0_NegativeBinomialAutoencoder_zeros,1.0,5069.3071666400065,110.88496312702773,net_70_11431_net_60_10082_net_135_11054_net_53_11196
2748,GradientShap_16_3_0_NegativeBinomialAutoencoder_zeros,1.0,5069.3071666400065,515.960255835962,net_70_11431_net_60_10082_net_135_11054_net_53_11196
2749,GradientShap_16_3_0_NegativeBinomialAutoencoder_randomize,1.0,5069.3071666400065,518.4842050320003,net_70_11431_net_60_10082_net_135_11054_net_53_11196
2750,GradientShap_16_3_0_NegativeBinomialAutoencoder_data,1.0,5069.3071666400065,508.1301254479913,net_70_11431_net_60_10082_net_135_11054_net_53_11196
2751,Deconvolution_16_3_0_NegativeBinomialAutoencoder_zeros,1.0,5069.3071666400065,111.15212450001854,net_70_11431_net_60_10082_net_135_11054_net_53_11196
2752,GuidedBackprop_16_3_0_ZINBAutoencoder_zeros,0.746,6470.94674995105,114.22929708502488,net_70_11431_net_60_10082_net_135_11054_net_53_11196
2753,GradientShap_16_3_0_ZINBAutoencoder_zeros,1.0,6470.94674995105,516.5817675769795,net_70_11431_net_60_10082_net_135_11054_net_53_11196
2754,GradientShap_16_3_0_ZINBAutoencoder_randomize,1.0,6470.94674995105,515.5426969580003,net_70_11431_net_60_10082_net_135_11054_net_53_11196
2755,GradientShap_16_3_0_ZINBAutoencoder_data,1.0,6470.94674995105,523.9601363840047,net_70_11431_net_60_10082_net_135_11054_net_53_11196
2756,Deconvolution_16_3_0_ZINBAutoencoder_zeros,1.0,6470.94674995105,115.32417057495331,net_70_11431_net_60_10082_net_135_11054_net_53_11196
2757,GuidedBackprop_16_3_0.1_NegativeBinomialAutoencoder_zeros,0.7826666666666666,3286.499326919031,110.43856944399886,net_70_11431_net_60_10082_net_135_11054_net_53_11196
2758,GradientShap_16_3_0.1_NegativeBinomialAutoencoder_zeros,1.0,3286.499326919031,517.741097635997,net_70_11431_net_60_10082_net_135_11054_net_53_11196
2759,GradientShap_16_3_0.1_NegativeBinomialAutoencoder_randomize,1.0,3286.499326919031,524.1740604389925,net_70_11431_net_60_10082_net_135_11054_net_53_11196
2760,GradientShap_16_3_0.1_NegativeBinomialAutoencoder_data,1.0,3286.499326919031,521.2457472929964,net_70_11431_net_60_10082_net_135_11054_net_53_11196
2761,Deconvolution_16_3_0.1_NegativeBinomialAutoencoder_zeros,0.5186666666666667,3286.499326919031,111.25533999101026,net_70_11431_net_60_10082_net_135_11054_net_53_11196
2762,GuidedBackprop_16_3_0.1_ZINBAutoencoder_zeros,1.0,2065.0666787619703,113.49282474600477,net_70_11431_net_60_10082_net_135_11054_net_53_11196
2763,GradientShap_16_3_0.1_ZINBAutoencoder_zeros,1.0,2065.0666787619703,517.5252896589809,net_70_11431_net_60_10082_net_135_11054_net_53_11196
2764,GradientShap_16_3_0.1_ZINBAutoencoder_randomize,0.5046666666666667,2065.0666787619703,523.1540636590216,net_70_11431_net_60_10082_net_135_11054_net_53_11196
2765,GradientShap_16_3_0.1_ZINBAutoencoder_data,1.0,2065.0666787619703,521.9721923299949,net_70_11431_net_60_10082_net_135_11054_net_53_11196
2766,Deconvolution_16_3_0.1_ZINBAutoencoder_zeros,1.0,2065.0666787619703,113.37900081794942,net_70_11431_net_60_10082_net_135_11054_net_53_11196
2767,GuidedBackprop_64_1_0_NegativeBinomialAutoencoder_zeros,0.5776,2441.2208401410026,250.34246750501916,net_70_11431_net_60_10082_net_135_11054_net_53_11196_net_74_11972_net_84_9903
2768,GradientShap_64_1_0_NegativeBinomialAutoencoder_zeros,0.8668,2441.2208401410026,1266.5024544079788,net_70_11431_net_60_10082_net_135_11054_net_53_11196_net_74_11972_net_84_9903
2769,GradientShap_64_1_0_NegativeBinomialAutoencoder_randomize,0.7112,2441.2208401410026,1193.9490954119829,net_70_11431_net_60_10082_net_135_11054_net_53_11196_net_74_11972_net_84_9903
2770,GradientShap_64_1_0_NegativeBinomialAutoencoder_data,0.6828,2441.2208401410026,1449.6597617249936,net_70_11431_net_60_10082_net_135_11054_net_53_11196_net_74_11972_net_84_9903
2771,Deconvolution_64_1_0_NegativeBinomialAutoencoder_zeros,0.6456,2441.2208401410026,474.7579029839835,net_70_11431_net_60_10082_net_135_11054_net_53_11196_net_74_11972_net_84_9903
2772,GuidedBackprop_64_1_0_ZINBAutoencoder_zeros,0.5132,3711.1758449749905,346.35451902699424,net_70_11431_net_60_10082_net_135_11054_net_53_11196_net_74_11972_net_84_9903
2773,GradientShap_64_1_0_ZINBAutoencoder_zeros,0.874,3711.1758449749905,1238.4544441599865,net_70_11431_net_60_10082_net_135_11054_net_53_11196_net_74_11972_net_84_9903
2774,GradientShap_64_1_0_ZINBAutoencoder_randomize,0.676,3711.1758449749905,1296.0138971069828,net_70_11431_net_60_10082_net_135_11054_net_53_11196_net_74_11972_net_84_9903
2775,GradientShap_64_1_0_ZINBAutoencoder_data,0.6756,3711.1758449749905,1263.8461067290045,net_70_11431_net_60_10082_net_135_11054_net_53_11196_net_74_11972_net_84_9903
2776,Deconvolution_64_1_0_ZINBAutoencoder_zeros,0.9996,3711.1758449749905,298.090342423995,net_70_11431_net_60_10082_net_135_11054_net_53_11196_net_74_11972_net_84_9903
2777,GuidedBackprop_64_1_0.1_NegativeBinomialAutoencoder_zeros,0.6008,2988.90142902598,319.9119499080116,net_70_11431_net_60_10082_net_135_11054_net_53_11196_net_74_11972_net_84_9903
2778,GradientShap_64_1_0.1_NegativeBinomialAutoencoder_zeros,0.6488,2988.90142902598,1262.155459423957,net_70_11431_net_60_10082_net_135_11054_net_53_11196_net_74_11972_net_84_9903
2779,GradientShap_64_1_0.1_NegativeBinomialAutoencoder_randomize,0.6512,2988.90142902598,1285.9148724890547,net_70_11431_net_60_10082_net_135_11054_net_53_11196_net_74_11972_net_84_9903
2780,GradientShap_64_1_0.1_NegativeBinomialAutoencoder_data,0.662,2988.90142902598,1276.341199300019,net_70_11431_net_60_10082_net_135_11054_net_53_11196_net_74_11972_net_84_9903
2781,Deconvolution_64_1_0.1_NegativeBinomialAutoencoder_zeros,0.5088,2988.90142902598,350.05613787000766,net_70_11431_net_60_10082_net_135_11054_net_53_11196_net_74_11972_net_84_9903
2782,GuidedBackprop_64_1_0.1_ZINBAutoencoder_zeros,0.6092,4647.995050091005,491.51632107200567,net_70_11431_net_60_10082_net_135_11054_net_53_11196_net_74_11972_net_84_9903
2783,GradientShap_64_1_0.1_ZINBAutoencoder_zeros,0.4012,4647.995050091005,1399.5308694019914,net_70_11431_net_60_10082_net_135_11054_net_53_11196_net_74_11972_net_84_9903
2784,GradientShap_64_1_0.1_ZINBAutoencoder_randomize,0.6568,4647.995050091005,1421.4353152239928,net_70_11431_net_60_10082_net_135_11054_net_53_11196_net_74_11972_net_84_9903
2785,GradientShap_64_1_0.1_ZINBAutoencoder_data,1.0,4647.995050091005,1435.7623751430074,net_70_11431_net_60_10082_net_135_11054_net_53_11196_net_74_11972_net_84_9903
2786,Deconvolution_64_1_0.1_ZINBAutoencoder_zeros,0.7528,4647.995050091005,444.3390400290373,net_70_11431_net_60_10082_net_135_11054_net_53_11196_net_74_11972_net_84_9903
2787,GuidedBackprop_64_2_0_NegativeBinomialAutoencoder_zeros,0.6532,2734.329284359992,506.10829461098183,net_70_11431_net_60_10082_net_135_11054_net_53_11196_net_74_11972_net_84_9903
2788,GradientShap_64_2_0_NegativeBinomialAutoencoder_zeros,0.7092,2734.329284359992,1394.7071821970167,net_70_11431_net_60_10082_net_135_11054_net_53_11196_net_74_11972_net_84_9903
2789,GradientShap_64_2_0_NegativeBinomialAutoencoder_randomize,0.7712,2734.329284359992,1480.1658627820434,net_70_11431_net_60_10082_net_135_11054_net_53_11196_net_74_11972_net_84_9903
2790,GradientShap_64_2_0_NegativeBinomialAutoencoder_data,0.7776,2734.329284359992,1383.9089048369788,net_70_11431_net_60_10082_net_135_11054_net_53_11196_net_74_11972_net_84_9903
2791,Deconvolution_64_2_0_NegativeBinomialAutoencoder_zeros,1.0,2734.329284359992,267.960466886987,net_70_11431_net_60_10082_net_135_11054_net_53_11196_net_74_11972_net_84_9903
2792,GuidedBackprop_64_2_0_ZINBAutoencoder_zeros,0.7828,5176.6430053359945,274.2402347699972,net_70_11431_net_60_10082_net_135_11054_net_53_11196_net_74_11972_net_84_9903
2793,GradientShap_64_2_0_ZINBAutoencoder_zeros,0.7836,5176.6430053359945,1228.1266482159845,net_70_11431_net_60_10082_net_135_11054_net_53_11196_net_74_11972_net_84_9903
2794,GradientShap_64_2_0_ZINBAutoencoder_randomize,1.0,5176.6430053359945,1594.4813884670148,net_70_11431_net_60_10082_net_135_11054_net_53_11196_net_74_11972_net_84_9903
2795,GradientShap_64_2_0_ZINBAutoencoder_data,0.782,5176.6430053359945,1631.0928749339655,net_70_11431_net_60_10082_net_135_11054_net_53_11196_net_74_11972_net_84_9903
2796,Deconvolution_64_2_0_ZINBAutoencoder_zeros,0.9996,5176.6430053359945,679.7530038680416,net_70_11431_net_60_10082_net_135_11054_net_53_11196_net_74_11972_net_84_9903
2797,GuidedBackprop_64_2_0.1_NegativeBinomialAutoencoder_zeros,0.662,2516.422319986974,522.7835097589996,net_70_11431_net_60_10082_net_135_11054_net_53_11196_net_74_11972_net_84_9903
2798,GradientShap_64_2_0.1_NegativeBinomialAutoencoder_zeros,0.6556,2516.422319986974,1336.0187128409743,net_70_11431_net_60_10082_net_135_11054_net_53_11196_net_74_11972_net_84_9903
2799,GradientShap_64_2_0.1_NegativeBinomialAutoencoder_randomize,0.8552,2516.422319986974,1324.5213791449787,net_70_11431_net_60_10082_net_135_11054_net_53_11196_net_74_11972_net_84_9903
2800,GradientShap_64_2_0.1_NegativeBinomialAutoencoder_data,0.9832,2516.422319986974,1329.3291937159374,net_70_11431_net_60_10082_net_135_11054_net_53_11196_net_74_11972_net_84_9903
2801,Deconvolution_64_2_0.1_NegativeBinomialAutoencoder_zeros,0.5384,2516.422319986974,299.67485299508553,net_70_11431_net_60_10082_net_135_11054_net_53_11196_net_74_11972_net_84_9903
2802,GuidedBackprop_64_2_0.1_ZINBAutoencoder_zeros,0.7512,3464.674782463,302.7895877510309,net_70_11431_net_60_10082_net_135_11054_net_53_11196_net_74_11972_net_84_9903
2803,GradientShap_64_2_0.1_ZINBAutoencoder_zeros,0.6488,3464.674782463,1340.2853464479558,net_70_11431_net_60_10082_net_135_11054_net_53_11196_net_74_11972_net_84_9903
2804,GradientShap_64_2_0.1_ZINBAutoencoder_randomize,0.7252,3464.674782463,1310.4218175789574,net_70_11431_net_60_10082_net_135_11054_net_53_11196_net_74_11972_net_84_9903
2805,GradientShap_64_2_0.1_ZINBAutoencoder_data,0.6688,3464.674782463,1306.486412212951,net_70_11431_net_60_10082_net_135_11054_net_53_11196_net_74_11972_net_84_9903
2806,Deconvolution_64_2_0.1_ZINBAutoencoder_zeros,0.5028,3464.674782463,302.31175008800346,net_70_11431_net_60_10082_net_135_11054_net_53_11196_net_74_11972_net_84_9903
2807,GuidedBackprop_64_3_0_NegativeBinomialAutoencoder_zeros,0.6692,3591.8954691470135,317.50055877503473,net_70_11431_net_60_10082_net_135_11054_net_53_11196_net_74_11972_net_84_9903
2808,GradientShap_64_3_0_NegativeBinomialAutoencoder_zeros,0.5056,3591.8954691470135,1465.8569920579903,net_70_11431_net_60_10082_net_135_11054_net_53_11196_net_74_11972_net_84_9903
2809,GradientShap_64_3_0_NegativeBinomialAutoencoder_randomize,0.8168,3591.8954691470135,1472.1979580529733,net_70_11431_net_60_10082_net_135_11054_net_53_11196_net_74_11972_net_84_9903
2810,GradientShap_64_3_0_NegativeBinomialAutoencoder_data,0.7496,3591.8954691470135,1410.7470604979899,net_70_11431_net_60_10082_net_135_11054_net_53_11196_net_74_11972_net_84_9903
2811,Deconvolution_64_3_0_NegativeBinomialAutoencoder_zeros,0.8212,3591.8954691470135,364.7803503300529,net_70_11431_net_60_10082_net_135_11054_net_53_11196_net_74_11972_net_84_9903
2812,GuidedBackprop_64_3_0_ZINBAutoencoder_zeros,0.494,6009.077466821065,329.97063131595496,net_70_11431_net_60_10082_net_135_11054_net_53_11196_net_74_11972_net_84_9903
2813,GradientShap_64_3_0_ZINBAutoencoder_zeros,0.3996,6009.077466821065,1457.7807153809117,net_70_11431_net_60_10082_net_135_11054_net_53_11196_net_74_11972_net_84_9903
2814,GradientShap_64_3_0_ZINBAutoencoder_randomize,0.78,6009.077466821065,1345.262228421052,net_70_11431_net_60_10082_net_135_11054_net_53_11196_net_74_11972_net_84_9903
2815,GradientShap_64_3_0_ZINBAutoencoder_data,0.71,6009.077466821065,1154.682397090015,net_70_11431_net_60_10082_net_135_11054_net_53_11196_net_74_11972_net_84_9903
2816,Deconvolution_64_3_0_ZINBAutoencoder_zeros,0.9996,6009.077466821065,258.01162786595523,net_70_11431_net_60_10082_net_135_11054_net_53_11196_net_74_11972_net_84_9903
2817,GuidedBackprop_64_3_0.1_NegativeBinomialAutoencoder_zeros,0.5272,2017.9202480759704,256.2968112429371,net_70_11431_net_60_10082_net_135_11054_net_53_11196_net_74_11972_net_84_9903
2818,GradientShap_64_3_0.1_NegativeBinomialAutoencoder_zeros,0.5164,2017.9202480759704,1137.3017080199206,net_70_11431_net_60_10082_net_135_11054_net_53_11196_net_74_11972_net_84_9903
2819,GradientShap_64_3_0.1_NegativeBinomialAutoencoder_randomize,0.7268,2017.9202480759704,1136.5653527749237,net_70_11431_net_60_10082_net_135_11054_net_53_11196_net_74_11972_net_84_9903
2820,GradientShap_64_3_0.1_NegativeBinomialAutoencoder_data,0.5188,2017.9202480759704,1132.0081153969513,net_70_11431_net_60_10082_net_135_11054_net_53_11196_net_74_11972_net_84_9903
2821,Deconvolution_64_3_0.1_NegativeBinomialAutoencoder_zeros,0.5928,2017.9202480759704,644.5217040569987,net_70_11431_net_60_10082_net_135_11054_net_53_11196_net_74_11972_net_84_9903
2822,GuidedBackprop_64_3_0.1_ZINBAutoencoder_zeros,0.7744,2933.7155442299554,252.5806003860198,net_70_11431_net_60_10082_net_135_11054_net_53_11196_net_74_11972_net_84_9903
2823,GradientShap_64_3_0.1_ZINBAutoencoder_zeros,0.4832,2933.7155442299554,2271.7874166800175,net_70_11431_net_60_10082_net_135_11054_net_53_11196_net_74_11972_net_84_9903
2824,GradientShap_64_3_0.1_ZINBAutoencoder_randomize,0.7084,2933.7155442299554,1112.4202015090268,net_70_11431_net_60_10082_net_135_11054_net_53_11196_net_74_11972_net_84_9903
2825,GradientShap_64_3_0.1_ZINBAutoencoder_data,0.5032,2933.7155442299554,1116.8774770920863,net_70_11431_net_60_10082_net_135_11054_net_53_11196_net_74_11972_net_84_9903
2826,Deconvolution_64_3_0.1_ZINBAutoencoder_zeros,0.7052,2933.7155442299554,253.53691398503724,net_70_11431_net_60_10082_net_135_11054_net_53_11196_net_74_11972_net_84_9903
2827,GuidedBackprop_32_1_0_NegativeBinomialAutoencoder_zeros,0.5296,2810.8415578480344,236.17156186897773,net_70_11431_net_60_10082_net_135_11054_net_53_11196_net_74_11972_net_84_9903
2828,GradientShap_32_1_0_NegativeBinomialAutoencoder_zeros,0.778,2810.8415578480344,1108.9230551139917,net_70_11431_net_60_10082_net_135_11054_net_53_11196_net_74_11972_net_84_9903
2829,GradientShap_32_1_0_NegativeBinomialAutoencoder_randomize,0.6772,2810.8415578480344,1115.9280986490194,net_70_11431_net_60_10082_net_135_11054_net_53_11196_net_74_11972_net_84_9903
2830,GradientShap_32_1_0_NegativeBinomialAutoencoder_data,0.502,2810.8415578480344,1107.9265999379568,net_70_11431_net_60_10082_net_135_11054_net_53_11196_net_74_11972_net_84_9903
2831,Deconvolution_32_1_0_NegativeBinomialAutoencoder_zeros,0.5756,2810.8415578480344,240.14466225903016,net_70_11431_net_60_10082_net_135_11054_net_53_11196_net_74_11972_net_84_9903
2832,GuidedBackprop_32_1_0_ZINBAutoencoder_zeros,0.6764,4988.55075592699,238.66539116494823,net_70_11431_net_60_10082_net_135_11054_net_53_11196_net_74_11972_net_84_9903
2833,GradientShap_32_1_0_ZINBAutoencoder_zeros,0.7764,4988.55075592699,1102.9626832429785,net_70_11431_net_60_10082_net_135_11054_net_53_11196_net_74_11972_net_84_9903
2834,GradientShap_32_1_0_ZINBAutoencoder_randomize,0.706,4988.55075592699,1113.4865219820058,net_70_11431_net_60_10082_net_135_11054_net_53_11196_net_74_11972_net_84_9903
2835,GradientShap_32_1_0_ZINBAutoencoder_data,0.708,4988.55075592699,1109.8036439710995,net_70_11431_net_60_10082_net_135_11054_net_53_11196_net_74_11972_net_84_9903
2836,Deconvolution_32_1_0_ZINBAutoencoder_zeros,0.9948,4988.55075592699,236.86985043005552,net_70_11431_net_60_10082_net_135_11054_net_53_11196_net_74_11972_net_84_9903
2837,GuidedBackprop_32_1_0.1_NegativeBinomialAutoencoder_zeros,0.6064,4493.677354746964,234.30378648801707,net_70_11431_net_60_10082_net_135_11054_net_53_11196_net_74_11972_net_84_9903
2838,GradientShap_32_1_0.1_NegativeBinomialAutoencoder_zeros,0.5,4493.677354746964,1096.608117514057,net_70_11431_net_60_10082_net_135_11054_net_53_11196_net_74_11972_net_84_9903
2839,GradientShap_32_1_0.1_NegativeBinomialAutoencoder_randomize,0.504,4493.677354746964,1090.569118710002,net_70_11431_net_60_10082_net_135_11054_net_53_11196_net_74_11972_net_84_9903
2840,GradientShap_32_1_0.1_NegativeBinomialAutoencoder_data,0.6688,4493.677354746964,1097.6049943320686,net_70_11431_net_60_10082_net_135_11054_net_53_11196_net_74_11972_net_84_9903
2841,Deconvolution_32_1_0.1_NegativeBinomialAutoencoder_zeros,0.41,4493.677354746964,225.4404485009145,net_70_11431_net_60_10082_net_135_11054_net_53_11196_net_74_11972_net_84_9903
2842,GuidedBackprop_64_1_0_NegativeBinomialAutoencoder_zeros,0.754,1780.028513149009,107.66591759305447,net_75_10306_net_115_11153_net_72_10551_net_113_11113
2843,GradientShap_64_1_0_NegativeBinomialAutoencoder_zeros,0.442,1780.028513149009,518.2817817640025,net_75_10306_net_115_11153_net_72_10551_net_113_11113
2844,GradientShap_64_1_0_NegativeBinomialAutoencoder_randomize,0.5686666666666667,1780.028513149009,523.435961528914,net_75_10306_net_115_11153_net_72_10551_net_113_11113
2845,GradientShap_64_1_0_NegativeBinomialAutoencoder_data,0.5686666666666667,1780.028513149009,519.8564329560613,net_75_10306_net_115_11153_net_72_10551_net_113_11113
2846,Deconvolution_64_1_0_NegativeBinomialAutoencoder_zeros,0.5686666666666667,1780.028513149009,104.89094964799006,net_75_10306_net_115_11153_net_72_10551_net_113_11113
2847,GuidedBackprop_64_1_0_ZINBAutoencoder_zeros,0.9893333333333333,2589.7710195030086,112.50204959802795,net_75_10306_net_115_11153_net_72_10551_net_113_11113
2848,GradientShap_64_1_0_ZINBAutoencoder_zeros,0.5793333333333334,2589.7710195030086,513.5341932770098,net_75_10306_net_115_11153_net_72_10551_net_113_11113
2849,GradientShap_64_1_0_ZINBAutoencoder_randomize,0.902,2589.7710195030086,528.477989519015,net_75_10306_net_115_11153_net_72_10551_net_113_11113
2850,GradientShap_64_1_0_ZINBAutoencoder_data,1.0,2589.7710195030086,515.7778331330046,net_75_10306_net_115_11153_net_72_10551_net_113_11113
2851,Deconvolution_64_1_0_ZINBAutoencoder_zeros,0.5693333333333334,2589.7710195030086,114.3094703980023,net_75_10306_net_115_11153_net_72_10551_net_113_11113
2852,GuidedBackprop_64_1_0.1_NegativeBinomialAutoencoder_zeros,0.576,2531.0131233889842,110.31164708198048,net_75_10306_net_115_11153_net_72_10551_net_113_11113
2853,GradientShap_64_1_0.1_NegativeBinomialAutoencoder_zeros,0.5786666666666667,2531.0131233889842,522.8145524149295,net_75_10306_net_115_11153_net_72_10551_net_113_11113
2854,GradientShap_64_1_0.1_NegativeBinomialAutoencoder_randomize,0.568,2531.0131233889842,530.5145794100827,net_75_10306_net_115_11153_net_72_10551_net_113_11113
2855,GradientShap_64_1_0.1_NegativeBinomialAutoencoder_data,0.7546666666666667,2531.0131233889842,527.5104259439977,net_75_10306_net_115_11153_net_72_10551_net_113_11113
2856,Deconvolution_64_1_0.1_NegativeBinomialAutoencoder_zeros,0.5766666666666667,2531.0131233889842,111.50158605002798,net_75_10306_net_115_11153_net_72_10551_net_113_11113
2857,GuidedBackprop_64_1_0.1_ZINBAutoencoder_zeros,0.7473333333333333,3515.499576134025,107.68109504203312,net_75_10306_net_115_11153_net_72_10551_net_113_11113
2858,GradientShap_64_1_0.1_ZINBAutoencoder_zeros,0.6773333333333333,3515.499576134025,528.5143874189816,net_75_10306_net_115_11153_net_72_10551_net_113_11113
2859,GradientShap_64_1_0.1_ZINBAutoencoder_randomize,0.568,3515.499576134025,525.4192161730025,net_75_10306_net_115_11153_net_72_10551_net_113_11113
2860,GradientShap_64_1_0.1_ZINBAutoencoder_data,0.6773333333333333,3515.499576134025,519.4085708019556,net_75_10306_net_115_11153_net_72_10551_net_113_11113
2861,Deconvolution_64_1_0.1_ZINBAutoencoder_zeros,0.7473333333333333,3515.499576134025,110.63100531394593,net_75_10306_net_115_11153_net_72_10551_net_113_11113
2862,GuidedBackprop_64_2_0_NegativeBinomialAutoencoder_zeros,0.5353333333333333,2353.0111081509385,117.28664135397412,net_75_10306_net_115_11153_net_72_10551_net_113_11113
2863,GradientShap_64_2_0_NegativeBinomialAutoencoder_zeros,0.442,2353.0111081509385,522.6333519599866,net_75_10306_net_115_11153_net_72_10551_net_113_11113
2864,GradientShap_64_2_0_NegativeBinomialAutoencoder_randomize,1.0,2353.0111081509385,532.8668818509905,net_75_10306_net_115_11153_net_72_10551_net_113_11113
2865,GradientShap_64_2_0_NegativeBinomialAutoencoder_data,1.0,2353.0111081509385,530.1129075110657,net_75_10306_net_115_11153_net_72_10551_net_113_11113
2866,Deconvolution_64_2_0_NegativeBinomialAutoencoder_zeros,0.5686666666666667,2353.0111081509385,111.98641885491088,net_75_10306_net_115_11153_net_72_10551_net_113_11113
2867,GuidedBackprop_64_2_0_ZINBAutoencoder_zeros,0.5793333333333334,3342.9240966340294,119.38800912396982,net_75_10306_net_115_11153_net_72_10551_net_113_11113
2868,GradientShap_64_2_0_ZINBAutoencoder_zeros,0.8913333333333333,3342.9240966340294,531.0500870380783,net_75_10306_net_115_11153_net_72_10551_net_113_11113
2869,GradientShap_64_2_0_ZINBAutoencoder_randomize,0.5686666666666667,3342.9240966340294,526.811799602001,net_75_10306_net_115_11153_net_72_10551_net_113_11113
2870,GradientShap_64_2_0_ZINBAutoencoder_data,1.0,3342.9240966340294,525.8227563780965,net_75_10306_net_115_11153_net_72_10551_net_113_11113
2871,Deconvolution_64_2_0_ZINBAutoencoder_zeros,1.0,3342.9240966340294,115.18973093596287,net_75_10306_net_115_11153_net_72_10551_net_113_11113
2872,GuidedBackprop_64_2_0.1_NegativeBinomialAutoencoder_zeros,0.884,2152.405181332957,115.3220914050471,net_75_10306_net_115_11153_net_72_10551_net_113_11113
2873,GradientShap_64_2_0.1_NegativeBinomialAutoencoder_zeros,0.656,2152.405181332957,528.8516489310423,net_75_10306_net_115_11153_net_72_10551_net_113_11113
2874,GradientShap_64_2_0.1_NegativeBinomialAutoencoder_randomize,0.9926666666666667,2152.405181332957,528.1193500270601,net_75_10306_net_115_11153_net_72_10551_net_113_11113
2875,GradientShap_64_2_0.1_NegativeBinomialAutoencoder_data,0.6773333333333333,2152.405181332957,523.2284358860925,net_75_10306_net_115_11153_net_72_10551_net_113_11113
2876,Deconvolution_64_2_0.1_NegativeBinomialAutoencoder_zeros,0.7466666666666667,2152.405181332957,116.72174814599566,net_75_10306_net_115_11153_net_72_10551_net_113_11113
2877,GuidedBackprop_64_2_0.1_ZINBAutoencoder_zeros,0.5793333333333334,2995.087874445948,116.76669978303835,net_75_10306_net_115_11153_net_72_10551_net_113_11113
2878,GradientShap_64_2_0.1_ZINBAutoencoder_zeros,0.5686666666666667,2995.087874445948,516.1272356859408,net_75_10306_net_115_11153_net_72_10551_net_113_11113
2879,GradientShap_64_2_0.1_ZINBAutoencoder_randomize,1.0,2995.087874445948,507.7696040379815,net_75_10306_net_115_11153_net_72_10551_net_113_11113
2880,GradientShap_64_2_0.1_ZINBAutoencoder_data,1.0,2995.087874445948,501.26302725297865,net_75_10306_net_115_11153_net_72_10551_net_113_11113
2881,Deconvolution_64_2_0.1_ZINBAutoencoder_zeros,0.768,2995.087874445948,109.01004654890858,net_75_10306_net_115_11153_net_72_10551_net_113_11113
2882,GuidedBackprop_64_3_0_NegativeBinomialAutoencoder_zeros,0.5686666666666667,3246.369895791984,115.26930291298777,net_75_10306_net_115_11153_net_72_10551_net_113_11113
2883,GradientShap_64_3_0_NegativeBinomialAutoencoder_zeros,0.7646666666666667,3246.369895791984,502.9388241280103,net_75_10306_net_115_11153_net_72_10551_net_113_11113
2884,GradientShap_64_3_0_NegativeBinomialAutoencoder_randomize,0.902,3246.369895791984,503.3075724740047,net_75_10306_net_115_11153_net_72_10551_net_113_11113
2885,GradientShap_64_3_0_NegativeBinomialAutoencoder_data,1.0,3246.369895791984,503.4887946690433,net_75_10306_net_115_11153_net_72_10551_net_113_11113
2886,Deconvolution_64_3_0_NegativeBinomialAutoencoder_zeros,1.0,3246.369895791984,115.23782121995464,net_75_10306_net_115_11153_net_72_10551_net_113_11113
2887,GuidedBackprop_64_3_0_ZINBAutoencoder_zeros,0.5686666666666667,4623.327637432958,116.55776899296325,net_75_10306_net_115_11153_net_72_10551_net_113_11113
2888,GradientShap_64_3_0_ZINBAutoencoder_zeros,0.754,4623.327637432958,502.01313233107794,net_75_10306_net_115_11153_net_72_10551_net_113_11113
2889,GradientShap_64_3_0_ZINBAutoencoder_randomize,1.0,4623.327637432958,504.6380211219657,net_75_10306_net_115_11153_net_72_10551_net_113_11113
2890,GradientShap_64_3_0_ZINBAutoencoder_data,0.5686666666666667,4623.327637432958,502.4082008069381,net_75_10306_net_115_11153_net_72_10551_net_113_11113
2891,Deconvolution_64_3_0_ZINBAutoencoder_zeros,0.5686666666666667,4623.327637432958,118.23320128698833,net_75_10306_net_115_11153_net_72_10551_net_113_11113
2892,GuidedBackprop_64_3_0.1_NegativeBinomialAutoencoder_zeros,0.8913333333333333,1614.713933757972,116.69139408401679,net_75_10306_net_115_11153_net_72_10551_net_113_11113
2893,GradientShap_64_3_0.1_NegativeBinomialAutoencoder_zeros,0.9446666666666667,1614.713933757972,495.3139188400237,net_75_10306_net_115_11153_net_72_10551_net_113_11113
2894,GradientShap_64_3_0.1_NegativeBinomialAutoencoder_randomize,1.0,1614.713933757972,504.138678416959,net_75_10306_net_115_11153_net_72_10551_net_113_11113
2895,GradientShap_64_3_0.1_NegativeBinomialAutoencoder_data,0.902,1614.713933757972,504.5807779249735,net_75_10306_net_115_11153_net_72_10551_net_113_11113
2896,Deconvolution_64_3_0.1_NegativeBinomialAutoencoder_zeros,0.826,1614.713933757972,116.34078010800295,net_75_10306_net_115_11153_net_72_10551_net_113_11113
2897,GuidedBackprop_64_3_0.1_ZINBAutoencoder_zeros,0.7693333333333333,2211.345373207936,118.07840984489303,net_75_10306_net_115_11153_net_72_10551_net_113_11113
2898,GradientShap_64_3_0.1_ZINBAutoencoder_zeros,0.5686666666666667,2211.345373207936,502.2831111840205,net_75_10306_net_115_11153_net_72_10551_net_113_11113
2899,GradientShap_64_3_0.1_ZINBAutoencoder_randomize,1.0,2211.345373207936,506.6562864759471,net_75_10306_net_115_11153_net_72_10551_net_113_11113
2900,GradientShap_64_3_0.1_ZINBAutoencoder_data,1.0,2211.345373207936,503.9828816289082,net_75_10306_net_115_11153_net_72_10551_net_113_11113
2901,Deconvolution_64_3_0.1_ZINBAutoencoder_zeros,0.8246666666666667,2211.345373207936,119.30636280099861,net_75_10306_net_115_11153_net_72_10551_net_113_11113
2902,GuidedBackprop_32_1_0_NegativeBinomialAutoencoder_zeros,0.5686666666666667,2675.4009180780267,104.2966806270415,net_75_10306_net_115_11153_net_72_10551_net_113_11113
2903,GradientShap_32_1_0_NegativeBinomialAutoencoder_zeros,0.7646666666666667,2675.4009180780267,490.89038238301873,net_75_10306_net_115_11153_net_72_10551_net_113_11113
2904,GradientShap_32_1_0_NegativeBinomialAutoencoder_randomize,0.902,2675.4009180780267,489.6034744339995,net_75_10306_net_115_11153_net_72_10551_net_113_11113
2905,GradientShap_32_1_0_NegativeBinomialAutoencoder_data,1.0,2675.4009180780267,490.6136074629612,net_75_10306_net_115_11153_net_72_10551_net_113_11113
2906,Deconvolution_32_1_0_NegativeBinomialAutoencoder_zeros,1.0,2675.4009180780267,102.85152459307574,net_75_10306_net_115_11153_net_72_10551_net_113_11113
2907,GuidedBackprop_32_1_0_ZINBAutoencoder_zeros,0.5686666666666667,3709.222780111013,104.36616078100633,net_75_10306_net_115_11153_net_72_10551_net_113_11113
2908,GradientShap_32_1_0_ZINBAutoencoder_zeros,0.6213333333333333,3709.222780111013,485.873995846021,net_75_10306_net_115_11153_net_72_10551_net_113_11113
2909,GradientShap_32_1_0_ZINBAutoencoder_randomize,1.0,3709.222780111013,487.1242985499557,net_75_10306_net_115_11153_net_72_10551_net_113_11113
2910,GradientShap_32_1_0_ZINBAutoencoder_data,1.0,3709.222780111013,482.9246634390438,net_75_10306_net_115_11153_net_72_10551_net_113_11113
2911,Deconvolution_32_1_0_ZINBAutoencoder_zeros,0.5686666666666667,3709.222780111013,103.64647365291603,net_75_10306_net_115_11153_net_72_10551_net_113_11113
2912,GuidedBackprop_32_1_0.1_NegativeBinomialAutoencoder_zeros,0.5686666666666667,3028.808773880941,103.8536440290045,net_75_10306_net_115_11153_net_72_10551_net_113_11113
2913,GradientShap_32_1_0.1_NegativeBinomialAutoencoder_zeros,0.9893333333333333,3028.808773880941,486.2131911269389,net_75_10306_net_115_11153_net_72_10551_net_113_11113
2914,GradientShap_32_1_0.1_NegativeBinomialAutoencoder_randomize,1.0,3028.808773880941,486.76190953701735,net_75_10306_net_115_11153_net_72_10551_net_113_11113
2915,GradientShap_32_1_0.1_NegativeBinomialAutoencoder_data,0.9893333333333333,3028.808773880941,487.8207632889971,net_75_10306_net_115_11153_net_72_10551_net_113_11113
2916,Deconvolution_32_1_0.1_NegativeBinomialAutoencoder_zeros,0.754,3028.808773880941,103.02804499899503,net_75_10306_net_115_11153_net_72_10551_net_113_11113
2917,GuidedBackprop_32_1_0.1_ZINBAutoencoder_zeros,0.5686666666666667,4235.419189831009,105.28728846705053,net_75_10306_net_115_11153_net_72_10551_net_113_11113
2918,GradientShap_32_1_0.1_ZINBAutoencoder_zeros,0.67,4235.419189831009,486.8246906850254,net_75_10306_net_115_11153_net_72_10551_net_113_11113
2919,GradientShap_32_1_0.1_ZINBAutoencoder_randomize,1.0,4235.419189831009,489.00384409399703,net_75_10306_net_115_11153_net_72_10551_net_113_11113
2920,GradientShap_32_1_0.1_ZINBAutoencoder_data,0.7533333333333333,4235.419189831009,486.1917782310629,net_75_10306_net_115_11153_net_72_10551_net_113_11113
2921,Deconvolution_32_1_0.1_ZINBAutoencoder_zeros,0.902,4235.419189831009,103.87472324003465,net_75_10306_net_115_11153_net_72_10551_net_113_11113
2922,GuidedBackprop_32_2_0_NegativeBinomialAutoencoder_zeros,0.5566666666666666,3509.2589556799503,107.83265769307036,net_75_10306_net_115_11153_net_72_10551_net_113_11113
2923,GradientShap_32_2_0_NegativeBinomialAutoencoder_zeros,0.7646666666666667,3509.2589556799503,485.8066275299061,net_75_10306_net_115_11153_net_72_10551_net_113_11113
2924,GradientShap_32_2_0_NegativeBinomialAutoencoder_randomize,1.0,3509.2589556799503,491.71544060402084,net_75_10306_net_115_11153_net_72_10551_net_113_11113
2925,GradientShap_32_2_0_NegativeBinomialAutoencoder_data,0.902,3509.2589556799503,489.2973389150575,net_75_10306_net_115_11153_net_72_10551_net_113_11113
2926,Deconvolution_32_2_0_NegativeBinomialAutoencoder_zeros,0.576,3509.2589556799503,107.74389213207178,net_75_10306_net_115_11153_net_72_10551_net_113_11113
2927,GuidedBackprop_32_2_0_ZINBAutoencoder_zeros,0.6166666666666667,5685.568774059066,137.2777812430868,net_75_10306_net_115_11153_net_72_10551_net_113_11113
2928,GradientShap_32_2_0_ZINBAutoencoder_zeros,0.5686666666666667,5685.568774059066,546.1059532639338,net_75_10306_net_115_11153_net_72_10551_net_113_11113
2929,GradientShap_32_2_0_ZINBAutoencoder_randomize,0.5686666666666667,5685.568774059066,600.2141243160004,net_75_10306_net_115_11153_net_72_10551_net_113_11113
2930,GradientShap_32_2_0_ZINBAutoencoder_data,1.0,5685.568774059066,610.7319001150317,net_75_10306_net_115_11153_net_72_10551_net_113_11113
2931,Deconvolution_32_2_0_ZINBAutoencoder_zeros,1.0,5685.568774059066,131.99633731902577,net_75_10306_net_115_11153_net_72_10551_net_113_11113
2932,GuidedBackprop_32_2_0.1_NegativeBinomialAutoencoder_zeros,0.896,2529.2848733079154,129.22623496002052,net_75_10306_net_115_11153_net_72_10551_net_113_11113
2933,GradientShap_32_2_0.1_NegativeBinomialAutoencoder_zeros,0.4666666666666667,2529.2848733079154,609.9906922499649,net_75_10306_net_115_11153_net_72_10551_net_113_11113
2934,GradientShap_32_2_0.1_NegativeBinomialAutoencoder_randomize,1.0,2529.2848733079154,618.6374856740003,net_75_10306_net_115_11153_net_72_10551_net_113_11113
2935,GradientShap_32_2_0.1_NegativeBinomialAutoencoder_data,0.9013333333333333,2529.2848733079154,606.0130815359298,net_75_10306_net_115_11153_net_72_10551_net_113_11113
2936,Deconvolution_32_2_0.1_NegativeBinomialAutoencoder_zeros,0.846,2529.2848733079154,129.94200194894802,net_75_10306_net_115_11153_net_72_10551_net_113_11113
2937,GuidedBackprop_32_2_0.1_ZINBAutoencoder_zeros,0.656,3704.7006670059636,132.2932701560203,net_75_10306_net_115_11153_net_72_10551_net_113_11113
2938,GradientShap_32_2_0.1_ZINBAutoencoder_zeros,0.728,3704.7006670059636,605.0111152869649,net_75_10306_net_115_11153_net_72_10551_net_113_11113
2939,GradientShap_32_2_0.1_ZINBAutoencoder_randomize,1.0,3704.7006670059636,614.1481239470886,net_75_10306_net_115_11153_net_72_10551_net_113_11113
2940,GradientShap_32_2_0.1_ZINBAutoencoder_data,0.568,3704.7006670059636,609.3384292559931,net_75_10306_net_115_11153_net_72_10551_net_113_11113
2941,Deconvolution_32_2_0.1_ZINBAutoencoder_zeros,0.8766666666666667,3704.7006670059636,134.6349049890414,net_75_10306_net_115_11153_net_72_10551_net_113_11113
2942,GuidedBackprop_32_3_0_NegativeBinomialAutoencoder_zeros,0.546,5664.888767553028,138.245428148075,net_75_10306_net_115_11153_net_72_10551_net_113_11113
2943,GradientShap_32_3_0_NegativeBinomialAutoencoder_zeros,0.7646666666666667,5664.888767553028,613.6041965150507,net_75_10306_net_115_11153_net_72_10551_net_113_11113
2944,GradientShap_32_3_0_NegativeBinomialAutoencoder_randomize,1.0,5664.888767553028,613.4890547629911,net_75_10306_net_115_11153_net_72_10551_net_113_11113
2945,GradientShap_32_3_0_NegativeBinomialAutoencoder_data,1.0,5664.888767553028,612.64778428711,net_75_10306_net_115_11153_net_72_10551_net_113_11113
2946,Deconvolution_32_3_0_NegativeBinomialAutoencoder_zeros,0.7646666666666667,5664.888767553028,134.16242438403424,net_75_10306_net_115_11153_net_72_10551_net_113_11113
2947,GuidedBackprop_32_3_0_ZINBAutoencoder_zeros,0.528,7684.398745935992,139.43951406807173,net_75_10306_net_115_11153_net_72_10551_net_113_11113
2948,GradientShap_32_3_0_ZINBAutoencoder_zeros,0.7646666666666667,7684.398745935992,610.6370007279329,net_75_10306_net_115_11153_net_72_10551_net_113_11113
2949,GradientShap_32_3_0_ZINBAutoencoder_randomize,1.0,7684.398745935992,616.4542969280155,net_75_10306_net_115_11153_net_72_10551_net_113_11113
2950,GradientShap_32_3_0_ZINBAutoencoder_data,1.0,7684.398745935992,615.763617377961,net_75_10306_net_115_11153_net_72_10551_net_113_11113
2951,Deconvolution_32_3_0_ZINBAutoencoder_zeros,0.5686666666666667,7684.398745935992,141.22767148108687,net_75_10306_net_115_11153_net_72_10551_net_113_11113
2952,GuidedBackprop_32_3_0.1_NegativeBinomialAutoencoder_zeros,1.0,2249.363409108948,136.76467573805712,net_75_10306_net_115_11153_net_72_10551_net_113_11113
2953,GradientShap_32_3_0.1_NegativeBinomialAutoencoder_zeros,0.7546666666666667,2249.363409108948,605.8293702310184,net_75_10306_net_115_11153_net_72_10551_net_113_11113
2954,GradientShap_32_3_0.1_NegativeBinomialAutoencoder_randomize,1.0,2249.363409108948,616.8928429710213,net_75_10306_net_115_11153_net_72_10551_net_113_11113
2955,GradientShap_32_3_0.1_NegativeBinomialAutoencoder_data,1.0,2249.363409108948,612.2863536959048,net_75_10306_net_115_11153_net_72_10551_net_113_11113
2956,Deconvolution_32_3_0.1_NegativeBinomialAutoencoder_zeros,0.8173333333333334,2249.363409108948,136.41900132899173,net_75_10306_net_115_11153_net_72_10551_net_113_11113
2957,GuidedBackprop_32_3_0.1_ZINBAutoencoder_zeros,0.5686666666666667,2369.7878261749865,140.2418691900093,net_75_10306_net_115_11153_net_72_10551_net_113_11113
2958,GradientShap_32_3_0.1_ZINBAutoencoder_zeros,0.5786666666666667,2369.7878261749865,607.5821583229117,net_75_10306_net_115_11153_net_72_10551_net_113_11113
2959,GradientShap_32_3_0.1_ZINBAutoencoder_randomize,1.0,2369.7878261749865,614.8878518360434,net_75_10306_net_115_11153_net_72_10551_net_113_11113
2960,GradientShap_32_3_0.1_ZINBAutoencoder_data,1.0,2369.7878261749865,614.5081186889438,net_75_10306_net_115_11153_net_72_10551_net_113_11113
2961,Deconvolution_32_3_0.1_ZINBAutoencoder_zeros,0.9893333333333333,2369.7878261749865,141.9143757020356,net_75_10306_net_115_11153_net_72_10551_net_113_11113
2962,GuidedBackprop_16_1_0_NegativeBinomialAutoencoder_zeros,0.5453333333333333,4345.179536125972,126.67013321002014,net_75_10306_net_115_11153_net_72_10551_net_113_11113
2963,GradientShap_16_1_0_NegativeBinomialAutoencoder_zeros,0.6773333333333333,4345.179536125972,607.6516066460172,net_75_10306_net_115_11153_net_72_10551_net_113_11113
2964,GradientShap_16_1_0_NegativeBinomialAutoencoder_randomize,0.5686666666666667,4345.179536125972,616.9970296600368,net_75_10306_net_115_11153_net_72_10551_net_113_11113
2965,GradientShap_16_1_0_NegativeBinomialAutoencoder_data,1.0,4345.179536125972,614.6352372060064,net_75_10306_net_115_11153_net_72_10551_net_113_11113
2966,Deconvolution_16_1_0_NegativeBinomialAutoencoder_zeros,0.72,4345.179536125972,126.13184084801469,net_75_10306_net_115_11153_net_72_10551_net_113_11113
2967,GuidedBackprop_16_1_0_ZINBAutoencoder_zeros,0.6233333333333333,5555.1996060289675,126.35924813209567,net_75_10306_net_115_11153_net_72_10551_net_113_11113
2968,GradientShap_16_1_0_ZINBAutoencoder_zeros,0.902,5555.1996060289675,604.2674730309518,net_75_10306_net_115_11153_net_72_10551_net_113_11113
2969,GradientShap_16_1_0_ZINBAutoencoder_randomize,1.0,5555.1996060289675,609.7173679979751,net_75_10306_net_115_11153_net_72_10551_net_113_11113
2970,GradientShap_16_1_0_ZINBAutoencoder_data,0.902,5555.1996060289675,605.4580532310065,net_75_10306_net_115_11153_net_72_10551_net_113_11113
2971,Deconvolution_16_1_0_ZINBAutoencoder_zeros,0.568,5555.1996060289675,125.33737254294101,net_75_10306_net_115_11153_net_72_10551_net_113_11113
2972,GuidedBackprop_16_1_0.1_NegativeBinomialAutoencoder_zeros,0.456,5010.473159299931,125.35949241602793,net_75_10306_net_115_11153_net_72_10551_net_113_11113
2973,GradientShap_16_1_0.1_NegativeBinomialAutoencoder_zeros,0.664,5010.473159299931,602.2810036560986,net_75_10306_net_115_11153_net_72_10551_net_113_11113
2974,GradientShap_16_1_0.1_NegativeBinomialAutoencoder_randomize,0.8913333333333333,5010.473159299931,612.9336912139552,net_75_10306_net_115_11153_net_72_10551_net_113_11113
2975,GradientShap_16_1_0.1_NegativeBinomialAutoencoder_data,0.9893333333333333,5010.473159299931,607.5014022400137,net_75_10306_net_115_11153_net_72_10551_net_113_11113
2976,Deconvolution_16_1_0.1_NegativeBinomialAutoencoder_zeros,0.5786666666666667,5010.473159299931,126.22234535205644,net_75_10306_net_115_11153_net_72_10551_net_113_11113
2977,GuidedBackprop_16_1_0.1_ZINBAutoencoder_zeros,0.6813333333333333,6633.5109206059715,128.61839598207735,net_75_10306_net_115_11153_net_72_10551_net_113_11113
2978,GradientShap_16_1_0.1_ZINBAutoencoder_zeros,0.6773333333333333,6633.5109206059715,603.577603584039,net_75_10306_net_115_11153_net_72_10551_net_113_11113
2979,GradientShap_16_1_0.1_ZINBAutoencoder_randomize,1.0,6633.5109206059715,611.084660107037,net_75_10306_net_115_11153_net_72_10551_net_113_11113
2980,GradientShap_16_1_0.1_ZINBAutoencoder_data,0.656,6633.5109206059715,602.7358170329826,net_75_10306_net_115_11153_net_72_10551_net_113_11113
2981,Deconvolution_16_1_0.1_ZINBAutoencoder_zeros,1.0,6633.5109206059715,124.49838727898896,net_75_10306_net_115_11153_net_72_10551_net_113_11113
2982,GuidedBackprop_16_2_0_NegativeBinomialAutoencoder_zeros,0.7493333333333333,4798.707382804947,130.43423253507353,net_75_10306_net_115_11153_net_72_10551_net_113_11113
2983,GradientShap_16_2_0_NegativeBinomialAutoencoder_zeros,0.9893333333333333,4798.707382804947,605.8750426459592,net_75_10306_net_115_11153_net_72_10551_net_113_11113
2984,GradientShap_16_2_0_NegativeBinomialAutoencoder_randomize,1.0,4798.707382804947,609.6320064690663,net_75_10306_net_115_11153_net_72_10551_net_113_11113
2985,GradientShap_16_2_0_NegativeBinomialAutoencoder_data,0.9026666666666666,4798.707382804947,607.6336924500065,net_75_10306_net_115_11153_net_72_10551_net_113_11113
2986,Deconvolution_16_2_0_NegativeBinomialAutoencoder_zeros,0.902,4798.707382804947,130.77290154399816,net_75_10306_net_115_11153_net_72_10551_net_113_11113
2987,GuidedBackprop_16_2_0_ZINBAutoencoder_zeros,0.7933333333333333,7918.273414277006,131.50936530111358,net_75_10306_net_115_11153_net_72_10551_net_113_11113
2988,GradientShap_16_2_0_ZINBAutoencoder_zeros,0.7646666666666667,7918.273414277006,601.0534409260144,net_75_10306_net_115_11153_net_72_10551_net_113_11113
2989,GradientShap_16_2_0_ZINBAutoencoder_randomize,1.0,7918.273414277006,613.3586991830962,net_75_10306_net_115_11153_net_72_10551_net_113_11113
2990,GradientShap_16_2_0_ZINBAutoencoder_data,1.0,7918.273414277006,606.4431116270134,net_75_10306_net_115_11153_net_72_10551_net_113_11113
2991,Deconvolution_16_2_0_ZINBAutoencoder_zeros,0.7646666666666667,7918.273414277006,131.77456822397653,net_75_10306_net_115_11153_net_72_10551_net_113_11113
2992,GuidedBackprop_16_2_0.1_NegativeBinomialAutoencoder_zeros,0.568,4550.106986606028,131.21852890902665,net_75_10306_net_115_11153_net_72_10551_net_113_11113
2993,GradientShap_16_2_0.1_NegativeBinomialAutoencoder_zeros,0.7546666666666667,4550.106986606028,603.388014668948,net_75_10306_net_115_11153_net_72_10551_net_113_11113
2994,GradientShap_16_2_0.1_NegativeBinomialAutoencoder_randomize,0.5686666666666667,4550.106986606028,613.745679975953,net_75_10306_net_115_11153_net_72_10551_net_113_11113
2995,GradientShap_16_2_0.1_NegativeBinomialAutoencoder_data,1.0,4550.106986606028,606.8066412520129,net_75_10306_net_115_11153_net_72_10551_net_113_11113
2996,Deconvolution_16_2_0.1_NegativeBinomialAutoencoder_zeros,0.902,4550.106986606028,131.26048491208348,net_75_10306_net_115_11153_net_72_10551_net_113_11113
2997,GuidedBackprop_16_2_0.1_ZINBAutoencoder_zeros,0.846,6175.6428315179655,134.88973548798822,net_75_10306_net_115_11153_net_72_10551_net_113_11113
2998,GradientShap_16_2_0.1_ZINBAutoencoder_zeros,0.8906666666666667,6175.6428315179655,602.4029437550344,net_75_10306_net_115_11153_net_72_10551_net_113_11113
2999,GradientShap_16_2_0.1_ZINBAutoencoder_randomize,1.0,6175.6428315179655,613.073443343048,net_75_10306_net_115_11153_net_72_10551_net_113_11113
3000,GradientShap_16_2_0.1_ZINBAutoencoder_data,1.0,6175.6428315179655,606.0889773599338,net_75_10306_net_115_11153_net_72_10551_net_113_11113
3001,Deconvolution_16_2_0.1_ZINBAutoencoder_zeros,0.7773333333333333,6175.6428315179655,134.64921634399798,net_75_10306_net_115_11153_net_72_10551_net_113_11113
3002,GuidedBackprop_16_3_0_NegativeBinomialAutoencoder_zeros,0.902,6506.63319416903,136.70224709098693,net_75_10306_net_115_11153_net_72_10551_net_113_11113
3003,GradientShap_16_3_0_NegativeBinomialAutoencoder_zeros,0.858,6506.63319416903,612.605222631013,net_75_10306_net_115_11153_net_72_10551_net_113_11113
3004,GradientShap_16_3_0_NegativeBinomialAutoencoder_randomize,0.5686666666666667,6506.63319416903,617.7709200750105,net_75_10306_net_115_11153_net_72_10551_net_113_11113
3005,GradientShap_16_3_0_NegativeBinomialAutoencoder_data,0.5226666666666666,6506.63319416903,617.1099613260012,net_75_10306_net_115_11153_net_72_10551_net_113_11113
3006,Deconvolution_16_3_0_NegativeBinomialAutoencoder_zeros,1.0,6506.63319416903,136.49962573102675,net_75_10306_net_115_11153_net_72_10551_net_113_11113
3007,GuidedBackprop_16_3_0_ZINBAutoencoder_zeros,0.55,9180.338347596,141.887915223022,net_75_10306_net_115_11153_net_72_10551_net_113_11113
3008,GradientShap_16_3_0_ZINBAutoencoder_zeros,0.6773333333333333,9180.338347596,610.3822397589684,net_75_10306_net_115_11153_net_72_10551_net_113_11113
3009,GradientShap_16_3_0_ZINBAutoencoder_randomize,1.0,9180.338347596,622.1266575130867,net_75_10306_net_115_11153_net_72_10551_net_113_11113
3010,GradientShap_16_3_0_ZINBAutoencoder_data,1.0,9180.338347596,618.4430401850259,net_75_10306_net_115_11153_net_72_10551_net_113_11113
3011,Deconvolution_16_3_0_ZINBAutoencoder_zeros,0.5686666666666667,9180.338347596,143.14836196403485,net_75_10306_net_115_11153_net_72_10551_net_113_11113
3012,GuidedBackprop_16_3_0.1_NegativeBinomialAutoencoder_zeros,0.5186666666666667,3573.0437784920214,136.99921670695767,net_75_10306_net_115_11153_net_72_10551_net_113_11113
3013,GradientShap_16_3_0.1_NegativeBinomialAutoencoder_zeros,0.5686666666666667,3573.0437784920214,612.4849081359571,net_75_10306_net_115_11153_net_72_10551_net_113_11113
3014,GradientShap_16_3_0.1_NegativeBinomialAutoencoder_randomize,1.0,3573.0437784920214,614.8806340569863,net_75_10306_net_115_11153_net_72_10551_net_113_11113
3015,GradientShap_16_3_0.1_NegativeBinomialAutoencoder_data,1.0,3573.0437784920214,612.7117823900189,net_75_10306_net_115_11153_net_72_10551_net_113_11113
3016,Deconvolution_16_3_0.1_NegativeBinomialAutoencoder_zeros,0.8306666666666667,3573.0437784920214,135.25403777498286,net_75_10306_net_115_11153_net_72_10551_net_113_11113
3017,GuidedBackprop_16_3_0.1_ZINBAutoencoder_zeros,0.6373333333333333,1868.2198356440058,138.66888308804482,net_75_10306_net_115_11153_net_72_10551_net_113_11113
3018,GradientShap_16_3_0.1_ZINBAutoencoder_zeros,1.0,1868.2198356440058,610.1826409770874,net_75_10306_net_115_11153_net_72_10551_net_113_11113
3019,GradientShap_16_3_0.1_ZINBAutoencoder_randomize,0.7293333333333333,1868.2198356440058,617.0929038629401,net_75_10306_net_115_11153_net_72_10551_net_113_11113
3020,GradientShap_16_3_0.1_ZINBAutoencoder_data,0.7646666666666667,1868.2198356440058,613.3344033890171,net_75_10306_net_115_11153_net_72_10551_net_113_11113
3021,Deconvolution_16_3_0.1_ZINBAutoencoder_zeros,0.498,1868.2198356440058,139.29552620195318,net_75_10306_net_115_11153_net_72_10551_net_113_11113
