net_name	config_key	filename	clustering_score	total_number_edges	edge_overlap	net_size	overlap_percent	reverse_overlap_percent	dataset	config_dir	n_clusters
net_60_10082	netmap_config_1	clustering_score_tf.json	1.0	12720	104	104	1.0	1.0	net_70_11431_net_60_10082_net_135_11054	config_easy	2
net_70_11431	netmap_config_1	clustering_score_tf.json	1.0	12720	88	88	1.0	1.0	net_70_11431_net_60_10082_net_135_11054	config_easy	2
net_60_10082	netmap_config_2	clustering_score_tf.json	1.0	12720	104	104	1.0	1.0	net_70_11431_net_60_10082_net_135_11054	config_easy	2
net_70_11431	netmap_config_2	clustering_score_tf.json	1.0	12720	88	88	1.0	1.0	net_70_11431_net_60_10082_net_135_11054	config_easy	2
net_60_10082	netmap_config_3	clustering_score_tf.json	1.0	12720	104	104	1.0	1.0	net_70_11431_net_60_10082_net_135_11054	config_easy	2
net_70_11431	netmap_config_3	clustering_score_tf.json	1.0	12720	88	88	1.0	1.0	net_70_11431_net_60_10082_net_135_11054	config_easy	2
net_60_10082	netmap_config_4	clustering_score_tf.json	1.0	12720	104	104	1.0	1.0	net_70_11431_net_60_10082_net_135_11054	config_easy	2
net_70_11431	netmap_config_4	clustering_score_tf.json	1.0	12720	88	88	1.0	1.0	net_70_11431_net_60_10082_net_135_11054	config_easy	2
net_60_10082	netmap_config_5	clustering_score_tf.json	1.0	12720	104	104	1.0	1.0	net_70_11431_net_60_10082_net_135_11054	config_easy	2
net_70_11431	netmap_config_5	clustering_score_tf.json	1.0	12720	88	88	1.0	1.0	net_70_11431_net_60_10082_net_135_11054	config_easy	2
net_60_10082	netmap_config_6	clustering_score_tf.json	1.0	12720	104	104	1.0	1.0	net_70_11431_net_60_10082_net_135_11054	config_easy	2
net_70_11431	netmap_config_6	clustering_score_tf.json	1.0	12720	88	88	1.0	1.0	net_70_11431_net_60_10082_net_135_11054	config_easy	2
net_60_10082	netmap_config_7	clustering_score_tf.json	0.506	12720	104	104	1.0	1.0	net_70_11431_net_60_10082_net_135_11054	config_easy	2
net_70_11431	netmap_config_7	clustering_score_tf.json	0.506	12720	88	88	1.0	1.0	net_70_11431_net_60_10082_net_135_11054	config_easy	2
net_60_10082	netmap_config_8	clustering_score_tf.json	1.0	12720	104	104	1.0	1.0	net_70_11431_net_60_10082_net_135_11054	config_easy	2
net_70_11431	netmap_config_8	clustering_score_tf.json	1.0	12720	88	88	1.0	1.0	net_70_11431_net_60_10082_net_135_11054	config_easy	2
net_60_10082	netmap_config_9	clustering_score_tf.json	0.506	12720	104	104	1.0	1.0	net_70_11431_net_60_10082_net_135_11054	config_easy	2
net_70_11431	netmap_config_9	clustering_score_tf.json	0.506	12720	88	88	1.0	1.0	net_70_11431_net_60_10082_net_135_11054	config_easy	2
net_60_10082	scgenerai_config	clustering_score_tf.json	0.5	6516	14	104	0.1346153846153846	0.1346153846153846	net_70_11431_net_60_10082_net_135_11054	config_easy	2
net_70_11431	scgenerai_config	clustering_score_tf.json	0.5	6516	39	88	0.4431818181818182	0.4431818181818182	net_70_11431_net_60_10082_net_135_11054	config_easy	2
net_53_11196	netmap_config_1	clustering_score_tf.json	1.0	5796	78	78	1.0	1.0	net_53_11196_net_70_11431_net_84_9903	config_easy	2
net_70_11431	netmap_config_1	clustering_score_tf.json	1.0	5796	88	88	1.0	1.0	net_53_11196_net_70_11431_net_84_9903	config_easy	2
net_53_11196	netmap_config_10	clustering_score_tf.json	1.0	5796	78	78	1.0	1.0	net_53_11196_net_70_11431_net_84_9903	config_easy	2
net_70_11431	netmap_config_10	clustering_score_tf.json	1.0	5796	88	88	1.0	1.0	net_53_11196_net_70_11431_net_84_9903	config_easy	2
net_53_11196	netmap_config_2	clustering_score_tf.json	1.0	5796	78	78	1.0	1.0	net_53_11196_net_70_11431_net_84_9903	config_easy	2
net_70_11431	netmap_config_2	clustering_score_tf.json	1.0	5796	88	88	1.0	1.0	net_53_11196_net_70_11431_net_84_9903	config_easy	2
net_53_11196	netmap_config_3	clustering_score_tf.json	1.0	5796	78	78	1.0	1.0	net_53_11196_net_70_11431_net_84_9903	config_easy	2
net_70_11431	netmap_config_3	clustering_score_tf.json	1.0	5796	88	88	1.0	1.0	net_53_11196_net_70_11431_net_84_9903	config_easy	2
net_53_11196	netmap_config_4	clustering_score_tf.json	1.0	5796	78	78	1.0	1.0	net_53_11196_net_70_11431_net_84_9903	config_easy	2
net_70_11431	netmap_config_4	clustering_score_tf.json	1.0	5796	88	88	1.0	1.0	net_53_11196_net_70_11431_net_84_9903	config_easy	2
net_53_11196	netmap_config_5	clustering_score_tf.json	1.0	5796	78	78	1.0	1.0	net_53_11196_net_70_11431_net_84_9903	config_easy	2
net_70_11431	netmap_config_5	clustering_score_tf.json	1.0	5796	88	88	1.0	1.0	net_53_11196_net_70_11431_net_84_9903	config_easy	2
net_53_11196	netmap_config_6	clustering_score_tf.json	1.0	5796	78	78	1.0	1.0	net_53_11196_net_70_11431_net_84_9903	config_easy	2
net_70_11431	netmap_config_6	clustering_score_tf.json	1.0	5796	88	88	1.0	1.0	net_53_11196_net_70_11431_net_84_9903	config_easy	2
net_53_11196	netmap_config_7	clustering_score_tf.json	1.0	5796	78	78	1.0	1.0	net_53_11196_net_70_11431_net_84_9903	config_easy	2
net_70_11431	netmap_config_7	clustering_score_tf.json	1.0	5796	88	88	1.0	1.0	net_53_11196_net_70_11431_net_84_9903	config_easy	2
net_53_11196	netmap_config_8	clustering_score_tf.json	1.0	5796	78	78	1.0	1.0	net_53_11196_net_70_11431_net_84_9903	config_easy	2
net_70_11431	netmap_config_8	clustering_score_tf.json	1.0	5796	88	88	1.0	1.0	net_53_11196_net_70_11431_net_84_9903	config_easy	2
net_53_11196	netmap_config_9	clustering_score_tf.json	1.0	5796	78	78	1.0	1.0	net_53_11196_net_70_11431_net_84_9903	config_easy	2
net_70_11431	netmap_config_9	clustering_score_tf.json	1.0	5796	88	88	1.0	1.0	net_53_11196_net_70_11431_net_84_9903	config_easy	2
net_53_11196	scgenerai_config	clustering_score_tf.json	0.5	3198	50	78	0.6410256410256411	0.6410256410256411	net_53_11196_net_70_11431_net_84_9903	config_easy	2
net_70_11431	scgenerai_config	clustering_score_tf.json	0.5	3198	39	88	0.4431818181818182	0.4431818181818182	net_53_11196_net_70_11431_net_84_9903	config_easy	2
net_115_11153	netmap_config_1	clustering_score_tf.json	1.0	8256	117	117	1.0	1.0	net_59_10488_net_115_11153_net_84_11226	config_easy	2
net_59_10488	netmap_config_1	clustering_score_tf.json	1.0	8256	87	87	1.0	1.0	net_59_10488_net_115_11153_net_84_11226	config_easy	2
net_115_11153	netmap_config_2	clustering_score_tf.json	1.0	8256	117	117	1.0	1.0	net_59_10488_net_115_11153_net_84_11226	config_easy	2
net_59_10488	netmap_config_2	clustering_score_tf.json	1.0	8256	87	87	1.0	1.0	net_59_10488_net_115_11153_net_84_11226	config_easy	2
net_115_11153	netmap_config_3	clustering_score_tf.json	0.506	8256	117	117	1.0	1.0	net_59_10488_net_115_11153_net_84_11226	config_easy	2
net_59_10488	netmap_config_3	clustering_score_tf.json	0.506	8256	87	87	1.0	1.0	net_59_10488_net_115_11153_net_84_11226	config_easy	2
net_115_11153	netmap_config_4	clustering_score_tf.json	1.0	8256	117	117	1.0	1.0	net_59_10488_net_115_11153_net_84_11226	config_easy	2
net_59_10488	netmap_config_4	clustering_score_tf.json	1.0	8256	87	87	1.0	1.0	net_59_10488_net_115_11153_net_84_11226	config_easy	2
net_115_11153	netmap_config_5	clustering_score_tf.json	1.0	8256	117	117	1.0	1.0	net_59_10488_net_115_11153_net_84_11226	config_easy	2
net_59_10488	netmap_config_5	clustering_score_tf.json	1.0	8256	87	87	1.0	1.0	net_59_10488_net_115_11153_net_84_11226	config_easy	2
net_115_11153	netmap_config_6	clustering_score_tf.json	1.0	8256	117	117	1.0	1.0	net_59_10488_net_115_11153_net_84_11226	config_easy	2
net_59_10488	netmap_config_6	clustering_score_tf.json	1.0	8256	87	87	1.0	1.0	net_59_10488_net_115_11153_net_84_11226	config_easy	2
net_115_11153	netmap_config_8	clustering_score_tf.json	1.0	8256	117	117	1.0	1.0	net_59_10488_net_115_11153_net_84_11226	config_easy	2
net_59_10488	netmap_config_8	clustering_score_tf.json	1.0	8256	87	87	1.0	1.0	net_59_10488_net_115_11153_net_84_11226	config_easy	2
net_115_11153	netmap_config_9	clustering_score_tf.json	0.506	8256	117	117	1.0	1.0	net_59_10488_net_115_11153_net_84_11226	config_easy	2
net_59_10488	netmap_config_9	clustering_score_tf.json	0.506	8256	87	87	1.0	1.0	net_59_10488_net_115_11153_net_84_11226	config_easy	2
net_115_11153	scgenerai_config	clustering_score_tf.json	0.5	3789	14	117	0.11965811965811966	0.11965811965811966	net_59_10488_net_115_11153_net_84_11226	config_easy	2
net_59_10488	scgenerai_config	clustering_score_tf.json	0.5	3789	43	87	0.4942528735632184	0.4942528735632184	net_59_10488_net_115_11153_net_84_11226	config_easy	2
net_172_10626	netmap_config_1	clustering_score_tf.json	1.0	22242	239	239	1.0	1.0	net_172_10626_net_89_11634_net_76_10367	config_easy	2
net_89_11634	netmap_config_1	clustering_score_tf.json	1.0	22242	98	98	1.0	1.0	net_172_10626_net_89_11634_net_76_10367	config_easy	2
net_172_10626	netmap_config_2	clustering_score_tf.json	1.0	22242	239	239	1.0	1.0	net_172_10626_net_89_11634_net_76_10367	config_easy	2
net_89_11634	netmap_config_2	clustering_score_tf.json	1.0	22242	98	98	1.0	1.0	net_172_10626_net_89_11634_net_76_10367	config_easy	2
net_172_10626	netmap_config_3	clustering_score_tf.json	1.0	22242	239	239	1.0	1.0	net_172_10626_net_89_11634_net_76_10367	config_easy	2
net_89_11634	netmap_config_3	clustering_score_tf.json	1.0	22242	98	98	1.0	1.0	net_172_10626_net_89_11634_net_76_10367	config_easy	2
net_172_10626	netmap_config_4	clustering_score_tf.json	1.0	22242	239	239	1.0	1.0	net_172_10626_net_89_11634_net_76_10367	config_easy	2
net_89_11634	netmap_config_4	clustering_score_tf.json	1.0	22242	98	98	1.0	1.0	net_172_10626_net_89_11634_net_76_10367	config_easy	2
net_172_10626	netmap_config_5	clustering_score_tf.json	0.506	22242	239	239	1.0	1.0	net_172_10626_net_89_11634_net_76_10367	config_easy	2
net_89_11634	netmap_config_5	clustering_score_tf.json	0.506	22242	98	98	1.0	1.0	net_172_10626_net_89_11634_net_76_10367	config_easy	2
net_172_10626	netmap_config_6	clustering_score_tf.json	1.0	22242	239	239	1.0	1.0	net_172_10626_net_89_11634_net_76_10367	config_easy	2
net_89_11634	netmap_config_6	clustering_score_tf.json	1.0	22242	98	98	1.0	1.0	net_172_10626_net_89_11634_net_76_10367	config_easy	2
net_172_10626	netmap_config_8	clustering_score_tf.json	1.0	22242	239	239	1.0	1.0	net_172_10626_net_89_11634_net_76_10367	config_easy	2
net_89_11634	netmap_config_8	clustering_score_tf.json	1.0	22242	98	98	1.0	1.0	net_172_10626_net_89_11634_net_76_10367	config_easy	2
net_172_10626	netmap_config_9	clustering_score_tf.json	1.0	22242	239	239	1.0	1.0	net_172_10626_net_89_11634_net_76_10367	config_easy	2
net_89_11634	netmap_config_9	clustering_score_tf.json	1.0	22242	98	98	1.0	1.0	net_172_10626_net_89_11634_net_76_10367	config_easy	2
net_172_10626	scgenerai_config	clustering_score_tf.json	0.5	13438	136	239	0.5690376569037657	0.5690376569037657	net_172_10626_net_89_11634_net_76_10367	config_easy	2
net_89_11634	scgenerai_config	clustering_score_tf.json	0.5	13438	40	98	0.40816326530612246	0.40816326530612246	net_172_10626_net_89_11634_net_76_10367	config_easy	2
net_60_10082	netmap_config_1	clustering_score_tf.json	1.0	3744	104	104	1.0	1.0	net_60_10082_net_64_11307_net_84_11226	config_easy	2
net_64_11307	netmap_config_1	clustering_score_tf.json	1.0	3744	71	71	1.0	1.0	net_60_10082_net_64_11307_net_84_11226	config_easy	2
net_60_10082	netmap_config_2	clustering_score_tf.json	1.0	3744	104	104	1.0	1.0	net_60_10082_net_64_11307_net_84_11226	config_easy	2
net_64_11307	netmap_config_2	clustering_score_tf.json	1.0	3744	71	71	1.0	1.0	net_60_10082_net_64_11307_net_84_11226	config_easy	2
net_60_10082	netmap_config_3	clustering_score_tf.json	1.0	3744	104	104	1.0	1.0	net_60_10082_net_64_11307_net_84_11226	config_easy	2
net_64_11307	netmap_config_3	clustering_score_tf.json	1.0	3744	71	71	1.0	1.0	net_60_10082_net_64_11307_net_84_11226	config_easy	2
net_60_10082	netmap_config_4	clustering_score_tf.json	1.0	3744	104	104	1.0	1.0	net_60_10082_net_64_11307_net_84_11226	config_easy	2
net_64_11307	netmap_config_4	clustering_score_tf.json	1.0	3744	71	71	1.0	1.0	net_60_10082_net_64_11307_net_84_11226	config_easy	2
net_60_10082	netmap_config_5	clustering_score_tf.json	1.0	3744	104	104	1.0	1.0	net_60_10082_net_64_11307_net_84_11226	config_easy	2
net_64_11307	netmap_config_5	clustering_score_tf.json	1.0	3744	71	71	1.0	1.0	net_60_10082_net_64_11307_net_84_11226	config_easy	2
net_60_10082	netmap_config_6	clustering_score_tf.json	1.0	3744	104	104	1.0	1.0	net_60_10082_net_64_11307_net_84_11226	config_easy	2
net_64_11307	netmap_config_6	clustering_score_tf.json	1.0	3744	71	71	1.0	1.0	net_60_10082_net_64_11307_net_84_11226	config_easy	2
net_60_10082	netmap_config_8	clustering_score_tf.json	0.506	3744	104	104	1.0	1.0	net_60_10082_net_64_11307_net_84_11226	config_easy	2
net_64_11307	netmap_config_8	clustering_score_tf.json	0.506	3744	71	71	1.0	1.0	net_60_10082_net_64_11307_net_84_11226	config_easy	2
net_60_10082	netmap_config_9	clustering_score_tf.json	0.506	3744	104	104	1.0	1.0	net_60_10082_net_64_11307_net_84_11226	config_easy	2
net_64_11307	netmap_config_9	clustering_score_tf.json	0.506	3744	71	71	1.0	1.0	net_60_10082_net_64_11307_net_84_11226	config_easy	2
net_60_10082	scgenerai_config	clustering_score_tf.json	0.5	1321	14	104	0.1346153846153846	0.1346153846153846	net_60_10082_net_64_11307_net_84_11226	config_easy	2
net_64_11307	scgenerai_config	clustering_score_tf.json	0.5	1321	18	71	0.2535211267605634	0.2535211267605634	net_60_10082_net_64_11307_net_84_11226	config_easy	2
net_133_10773	netmap_config_1	clustering_score_tf.json	1.0	23821	201	201	1.0	1.0	net_133_10773_net_82_10152_net_72_10551	config_easy	2
net_82_10152	netmap_config_1	clustering_score_tf.json	1.0	23821	164	164	1.0	1.0	net_133_10773_net_82_10152_net_72_10551	config_easy	2
net_133_10773	netmap_config_10	clustering_score_tf.json	1.0	23821	201	201	1.0	1.0	net_133_10773_net_82_10152_net_72_10551	config_easy	2
net_82_10152	netmap_config_10	clustering_score_tf.json	1.0	23821	164	164	1.0	1.0	net_133_10773_net_82_10152_net_72_10551	config_easy	2
net_133_10773	netmap_config_2	clustering_score_tf.json	1.0	23821	201	201	1.0	1.0	net_133_10773_net_82_10152_net_72_10551	config_easy	2
net_82_10152	netmap_config_2	clustering_score_tf.json	1.0	23821	164	164	1.0	1.0	net_133_10773_net_82_10152_net_72_10551	config_easy	2
net_133_10773	netmap_config_3	clustering_score_tf.json	1.0	23821	201	201	1.0	1.0	net_133_10773_net_82_10152_net_72_10551	config_easy	2
net_82_10152	netmap_config_3	clustering_score_tf.json	1.0	23821	164	164	1.0	1.0	net_133_10773_net_82_10152_net_72_10551	config_easy	2
net_133_10773	netmap_config_4	clustering_score_tf.json	1.0	23821	201	201	1.0	1.0	net_133_10773_net_82_10152_net_72_10551	config_easy	2
net_82_10152	netmap_config_4	clustering_score_tf.json	1.0	23821	164	164	1.0	1.0	net_133_10773_net_82_10152_net_72_10551	config_easy	2
net_133_10773	netmap_config_5	clustering_score_tf.json	1.0	23821	201	201	1.0	1.0	net_133_10773_net_82_10152_net_72_10551	config_easy	2
net_82_10152	netmap_config_5	clustering_score_tf.json	1.0	23821	164	164	1.0	1.0	net_133_10773_net_82_10152_net_72_10551	config_easy	2
net_133_10773	netmap_config_6	clustering_score_tf.json	1.0	23821	201	201	1.0	1.0	net_133_10773_net_82_10152_net_72_10551	config_easy	2
net_82_10152	netmap_config_6	clustering_score_tf.json	1.0	23821	164	164	1.0	1.0	net_133_10773_net_82_10152_net_72_10551	config_easy	2
net_133_10773	netmap_config_7	clustering_score_tf.json	1.0	23821	201	201	1.0	1.0	net_133_10773_net_82_10152_net_72_10551	config_easy	2
net_82_10152	netmap_config_7	clustering_score_tf.json	1.0	23821	164	164	1.0	1.0	net_133_10773_net_82_10152_net_72_10551	config_easy	2
net_133_10773	netmap_config_8	clustering_score_tf.json	1.0	23821	201	201	1.0	1.0	net_133_10773_net_82_10152_net_72_10551	config_easy	2
net_82_10152	netmap_config_8	clustering_score_tf.json	1.0	23821	164	164	1.0	1.0	net_133_10773_net_82_10152_net_72_10551	config_easy	2
net_133_10773	netmap_config_9	clustering_score_tf.json	1.0	23821	201	201	1.0	1.0	net_133_10773_net_82_10152_net_72_10551	config_easy	2
net_82_10152	netmap_config_9	clustering_score_tf.json	1.0	23821	164	164	1.0	1.0	net_133_10773_net_82_10152_net_72_10551	config_easy	2
net_133_10773	scgenerai_config	clustering_score_tf.json	0.5	12817	90	201	0.44776119402985076	0.44776119402985076	net_133_10773_net_82_10152_net_72_10551	config_easy	2
net_82_10152	scgenerai_config	clustering_score_tf.json	0.5	12817	121	164	0.7378048780487805	0.7378048780487805	net_133_10773_net_82_10152_net_72_10551	config_easy	2
net_51_10906	netmap_config_1	clustering_score_tf.json	1.0	5852	90	90	1.0	1.0	net_98_11932_net_51_10906_net_60_10082	config_easy	2
net_98_11932	netmap_config_1	clustering_score_tf.json	1.0	5852	105	105	1.0	1.0	net_98_11932_net_51_10906_net_60_10082	config_easy	2
net_51_10906	netmap_config_10	clustering_score_tf.json	1.0	5852	90	90	1.0	1.0	net_98_11932_net_51_10906_net_60_10082	config_easy	2
net_98_11932	netmap_config_10	clustering_score_tf.json	1.0	5852	105	105	1.0	1.0	net_98_11932_net_51_10906_net_60_10082	config_easy	2
net_51_10906	netmap_config_2	clustering_score_tf.json	1.0	5852	90	90	1.0	1.0	net_98_11932_net_51_10906_net_60_10082	config_easy	2
net_98_11932	netmap_config_2	clustering_score_tf.json	1.0	5852	105	105	1.0	1.0	net_98_11932_net_51_10906_net_60_10082	config_easy	2
net_51_10906	netmap_config_3	clustering_score_tf.json	1.0	5852	90	90	1.0	1.0	net_98_11932_net_51_10906_net_60_10082	config_easy	2
net_98_11932	netmap_config_3	clustering_score_tf.json	1.0	5852	105	105	1.0	1.0	net_98_11932_net_51_10906_net_60_10082	config_easy	2
net_51_10906	netmap_config_4	clustering_score_tf.json	1.0	5852	90	90	1.0	1.0	net_98_11932_net_51_10906_net_60_10082	config_easy	2
net_98_11932	netmap_config_4	clustering_score_tf.json	1.0	5852	105	105	1.0	1.0	net_98_11932_net_51_10906_net_60_10082	config_easy	2
net_51_10906	netmap_config_5	clustering_score_tf.json	1.0	5852	90	90	1.0	1.0	net_98_11932_net_51_10906_net_60_10082	config_easy	2
net_98_11932	netmap_config_5	clustering_score_tf.json	1.0	5852	105	105	1.0	1.0	net_98_11932_net_51_10906_net_60_10082	config_easy	2
net_51_10906	netmap_config_6	clustering_score_tf.json	1.0	5852	90	90	1.0	1.0	net_98_11932_net_51_10906_net_60_10082	config_easy	2
net_98_11932	netmap_config_6	clustering_score_tf.json	1.0	5852	105	105	1.0	1.0	net_98_11932_net_51_10906_net_60_10082	config_easy	2
net_51_10906	netmap_config_7	clustering_score_tf.json	1.0	5852	90	90	1.0	1.0	net_98_11932_net_51_10906_net_60_10082	config_easy	2
net_98_11932	netmap_config_7	clustering_score_tf.json	1.0	5852	105	105	1.0	1.0	net_98_11932_net_51_10906_net_60_10082	config_easy	2
net_51_10906	netmap_config_8	clustering_score_tf.json	1.0	5852	90	90	1.0	1.0	net_98_11932_net_51_10906_net_60_10082	config_easy	2
net_98_11932	netmap_config_8	clustering_score_tf.json	1.0	5852	105	105	1.0	1.0	net_98_11932_net_51_10906_net_60_10082	config_easy	2
net_51_10906	netmap_config_9	clustering_score_tf.json	1.0	5852	90	90	1.0	1.0	net_98_11932_net_51_10906_net_60_10082	config_easy	2
net_98_11932	netmap_config_9	clustering_score_tf.json	1.0	5852	105	105	1.0	1.0	net_98_11932_net_51_10906_net_60_10082	config_easy	2
net_51_10906	scgenerai_config	clustering_score_tf.json	0.5	2765	57	90	0.6333333333333333	0.6333333333333333	net_98_11932_net_51_10906_net_60_10082	config_easy	2
net_98_11932	scgenerai_config	clustering_score_tf.json	0.5	2765	38	105	0.3619047619047619	0.3619047619047619	net_98_11932_net_51_10906_net_60_10082	config_easy	2
net_75_10306	netmap_config_1	clustering_score_tf.json	1.0	10648	175	175	1.0	1.0	net_90_11013_net_75_10306_net_77_11506	config_easy	2
net_90_11013	netmap_config_1	clustering_score_tf.json	1.0	10648	216	216	1.0	1.0	net_90_11013_net_75_10306_net_77_11506	config_easy	2
net_75_10306	netmap_config_2	clustering_score_tf.json	1.0	10648	175	175	1.0	1.0	net_90_11013_net_75_10306_net_77_11506	config_easy	2
net_90_11013	netmap_config_2	clustering_score_tf.json	1.0	10648	216	216	1.0	1.0	net_90_11013_net_75_10306_net_77_11506	config_easy	2
net_75_10306	netmap_config_3	clustering_score_tf.json	1.0	10648	175	175	1.0	1.0	net_90_11013_net_75_10306_net_77_11506	config_easy	2
net_90_11013	netmap_config_3	clustering_score_tf.json	1.0	10648	216	216	1.0	1.0	net_90_11013_net_75_10306_net_77_11506	config_easy	2
net_75_10306	netmap_config_4	clustering_score_tf.json	1.0	10648	175	175	1.0	1.0	net_90_11013_net_75_10306_net_77_11506	config_easy	2
net_90_11013	netmap_config_4	clustering_score_tf.json	1.0	10648	216	216	1.0	1.0	net_90_11013_net_75_10306_net_77_11506	config_easy	2
net_75_10306	netmap_config_5	clustering_score_tf.json	1.0	10648	175	175	1.0	1.0	net_90_11013_net_75_10306_net_77_11506	config_easy	2
net_90_11013	netmap_config_5	clustering_score_tf.json	1.0	10648	216	216	1.0	1.0	net_90_11013_net_75_10306_net_77_11506	config_easy	2
net_75_10306	netmap_config_6	clustering_score_tf.json	1.0	10648	175	175	1.0	1.0	net_90_11013_net_75_10306_net_77_11506	config_easy	2
net_90_11013	netmap_config_6	clustering_score_tf.json	1.0	10648	216	216	1.0	1.0	net_90_11013_net_75_10306_net_77_11506	config_easy	2
net_75_10306	netmap_config_7	clustering_score_tf.json	0.506	10648	175	175	1.0	1.0	net_90_11013_net_75_10306_net_77_11506	config_easy	2
net_90_11013	netmap_config_7	clustering_score_tf.json	0.506	10648	216	216	1.0	1.0	net_90_11013_net_75_10306_net_77_11506	config_easy	2
net_75_10306	netmap_config_8	clustering_score_tf.json	0.506	10648	175	175	1.0	1.0	net_90_11013_net_75_10306_net_77_11506	config_easy	2
net_90_11013	netmap_config_8	clustering_score_tf.json	0.506	10648	216	216	1.0	1.0	net_90_11013_net_75_10306_net_77_11506	config_easy	2
net_75_10306	netmap_config_9	clustering_score_tf.json	0.506	10648	175	175	1.0	1.0	net_90_11013_net_75_10306_net_77_11506	config_easy	2
net_90_11013	netmap_config_9	clustering_score_tf.json	0.506	10648	216	216	1.0	1.0	net_90_11013_net_75_10306_net_77_11506	config_easy	2
net_75_10306	scgenerai_config	clustering_score_tf.json	0.5	6333	123	175	0.7028571428571428	0.7028571428571428	net_90_11013_net_75_10306_net_77_11506	config_easy	2
net_90_11013	scgenerai_config	clustering_score_tf.json	0.5	6333	126	216	0.5833333333333334	0.5833333333333334	net_90_11013_net_75_10306_net_77_11506	config_easy	2
net_84_10865	netmap_config_1	clustering_score_tf.json	1.0	16244	154	154	1.0	1.0	net_84_10865_net_88_10937_net_90_11013	config_easy	2
net_88_10937	netmap_config_1	clustering_score_tf.json	1.0	16244	184	184	1.0	1.0	net_84_10865_net_88_10937_net_90_11013	config_easy	2
net_84_10865	netmap_config_10	clustering_score_tf.json	1.0	16244	154	154	1.0	1.0	net_84_10865_net_88_10937_net_90_11013	config_easy	2
net_88_10937	netmap_config_10	clustering_score_tf.json	1.0	16244	184	184	1.0	1.0	net_84_10865_net_88_10937_net_90_11013	config_easy	2
net_84_10865	netmap_config_2	clustering_score_tf.json	1.0	16244	154	154	1.0	1.0	net_84_10865_net_88_10937_net_90_11013	config_easy	2
net_88_10937	netmap_config_2	clustering_score_tf.json	1.0	16244	184	184	1.0	1.0	net_84_10865_net_88_10937_net_90_11013	config_easy	2
net_84_10865	netmap_config_3	clustering_score_tf.json	1.0	16244	154	154	1.0	1.0	net_84_10865_net_88_10937_net_90_11013	config_easy	2
net_88_10937	netmap_config_3	clustering_score_tf.json	1.0	16244	184	184	1.0	1.0	net_84_10865_net_88_10937_net_90_11013	config_easy	2
net_84_10865	netmap_config_4	clustering_score_tf.json	1.0	16244	154	154	1.0	1.0	net_84_10865_net_88_10937_net_90_11013	config_easy	2
net_88_10937	netmap_config_4	clustering_score_tf.json	1.0	16244	184	184	1.0	1.0	net_84_10865_net_88_10937_net_90_11013	config_easy	2
net_84_10865	netmap_config_5	clustering_score_tf.json	1.0	16244	154	154	1.0	1.0	net_84_10865_net_88_10937_net_90_11013	config_easy	2
net_88_10937	netmap_config_5	clustering_score_tf.json	1.0	16244	184	184	1.0	1.0	net_84_10865_net_88_10937_net_90_11013	config_easy	2
net_84_10865	netmap_config_6	clustering_score_tf.json	1.0	16244	154	154	1.0	1.0	net_84_10865_net_88_10937_net_90_11013	config_easy	2
net_88_10937	netmap_config_6	clustering_score_tf.json	1.0	16244	184	184	1.0	1.0	net_84_10865_net_88_10937_net_90_11013	config_easy	2
net_84_10865	netmap_config_7	clustering_score_tf.json	1.0	16244	154	154	1.0	1.0	net_84_10865_net_88_10937_net_90_11013	config_easy	2
net_88_10937	netmap_config_7	clustering_score_tf.json	1.0	16244	184	184	1.0	1.0	net_84_10865_net_88_10937_net_90_11013	config_easy	2
net_84_10865	netmap_config_8	clustering_score_tf.json	1.0	16244	154	154	1.0	1.0	net_84_10865_net_88_10937_net_90_11013	config_easy	2
net_88_10937	netmap_config_8	clustering_score_tf.json	1.0	16244	184	184	1.0	1.0	net_84_10865_net_88_10937_net_90_11013	config_easy	2
net_84_10865	netmap_config_9	clustering_score_tf.json	1.0	16244	154	154	1.0	1.0	net_84_10865_net_88_10937_net_90_11013	config_easy	2
net_88_10937	netmap_config_9	clustering_score_tf.json	1.0	16244	184	184	1.0	1.0	net_84_10865_net_88_10937_net_90_11013	config_easy	2
net_84_10865	scgenerai_config	clustering_score_tf.json	0.5	9268	86	154	0.5584415584415584	0.5584415584415584	net_84_10865_net_88_10937_net_90_11013	config_easy	2
net_88_10937	scgenerai_config	clustering_score_tf.json	0.5	9268	129	184	0.7010869565217391	0.7010869565217391	net_84_10865_net_88_10937_net_90_11013	config_easy	2
net_141_11706	netmap_config_1	clustering_score_tf.json	1.0	14100	175	175	1.0	1.0	net_60_10703_net_141_11706_net_81_10586	config_easy	2
net_60_10703	netmap_config_1	clustering_score_tf.json	1.0	14100	92	92	1.0	1.0	net_60_10703_net_141_11706_net_81_10586	config_easy	2
net_141_11706	netmap_config_10	clustering_score_tf.json	1.0	14100	175	175	1.0	1.0	net_60_10703_net_141_11706_net_81_10586	config_easy	2
net_60_10703	netmap_config_10	clustering_score_tf.json	1.0	14100	92	92	1.0	1.0	net_60_10703_net_141_11706_net_81_10586	config_easy	2
net_141_11706	netmap_config_2	clustering_score_tf.json	0.961	14100	175	175	1.0	1.0	net_60_10703_net_141_11706_net_81_10586	config_easy	2
net_60_10703	netmap_config_2	clustering_score_tf.json	0.961	14100	92	92	1.0	1.0	net_60_10703_net_141_11706_net_81_10586	config_easy	2
net_141_11706	netmap_config_3	clustering_score_tf.json	1.0	14100	175	175	1.0	1.0	net_60_10703_net_141_11706_net_81_10586	config_easy	2
net_60_10703	netmap_config_3	clustering_score_tf.json	1.0	14100	92	92	1.0	1.0	net_60_10703_net_141_11706_net_81_10586	config_easy	2
net_141_11706	netmap_config_4	clustering_score_tf.json	1.0	14100	175	175	1.0	1.0	net_60_10703_net_141_11706_net_81_10586	config_easy	2
net_60_10703	netmap_config_4	clustering_score_tf.json	1.0	14100	92	92	1.0	1.0	net_60_10703_net_141_11706_net_81_10586	config_easy	2
net_141_11706	netmap_config_5	clustering_score_tf.json	1.0	14100	175	175	1.0	1.0	net_60_10703_net_141_11706_net_81_10586	config_easy	2
net_60_10703	netmap_config_5	clustering_score_tf.json	1.0	14100	92	92	1.0	1.0	net_60_10703_net_141_11706_net_81_10586	config_easy	2
net_141_11706	netmap_config_6	clustering_score_tf.json	1.0	14100	175	175	1.0	1.0	net_60_10703_net_141_11706_net_81_10586	config_easy	2
net_60_10703	netmap_config_6	clustering_score_tf.json	1.0	14100	92	92	1.0	1.0	net_60_10703_net_141_11706_net_81_10586	config_easy	2
net_141_11706	netmap_config_7	clustering_score_tf.json	1.0	14100	175	175	1.0	1.0	net_60_10703_net_141_11706_net_81_10586	config_easy	2
net_60_10703	netmap_config_7	clustering_score_tf.json	1.0	14100	92	92	1.0	1.0	net_60_10703_net_141_11706_net_81_10586	config_easy	2
net_141_11706	netmap_config_8	clustering_score_tf.json	1.0	14100	175	175	1.0	1.0	net_60_10703_net_141_11706_net_81_10586	config_easy	2
net_60_10703	netmap_config_8	clustering_score_tf.json	1.0	14100	92	92	1.0	1.0	net_60_10703_net_141_11706_net_81_10586	config_easy	2
net_141_11706	netmap_config_9	clustering_score_tf.json	0.506	14100	175	175	1.0	1.0	net_60_10703_net_141_11706_net_81_10586	config_easy	2
net_60_10703	netmap_config_9	clustering_score_tf.json	0.506	14100	92	92	1.0	1.0	net_60_10703_net_141_11706_net_81_10586	config_easy	2
net_141_11706	scgenerai_config	clustering_score_tf.json	0.5	7849	127	175	0.7257142857142858	0.7257142857142858	net_60_10703_net_141_11706_net_81_10586	config_easy	2
net_60_10703	scgenerai_config	clustering_score_tf.json	0.5	7849	63	92	0.6847826086956522	0.6847826086956522	net_60_10703_net_141_11706_net_81_10586	config_easy	2
net_60_10082	netmap_config_1	clustering_score_tf.json	1.0	12720	104	104	1.0	1.0	net_70_11431_net_60_10082_net_135_11054	config_noise	2
net_70_11431	netmap_config_1	clustering_score_tf.json	1.0	12720	88	88	1.0	1.0	net_70_11431_net_60_10082_net_135_11054	config_noise	2
net_60_10082	netmap_config_10	clustering_score_tf.json	1.0	12720	104	104	1.0	1.0	net_70_11431_net_60_10082_net_135_11054	config_noise	2
net_70_11431	netmap_config_10	clustering_score_tf.json	1.0	12720	88	88	1.0	1.0	net_70_11431_net_60_10082_net_135_11054	config_noise	2
net_60_10082	netmap_config_2	clustering_score_tf.json	1.0	12720	104	104	1.0	1.0	net_70_11431_net_60_10082_net_135_11054	config_noise	2
net_70_11431	netmap_config_2	clustering_score_tf.json	1.0	12720	88	88	1.0	1.0	net_70_11431_net_60_10082_net_135_11054	config_noise	2
net_60_10082	netmap_config_3	clustering_score_tf.json	1.0	12720	104	104	1.0	1.0	net_70_11431_net_60_10082_net_135_11054	config_noise	2
net_70_11431	netmap_config_3	clustering_score_tf.json	1.0	12720	88	88	1.0	1.0	net_70_11431_net_60_10082_net_135_11054	config_noise	2
net_60_10082	netmap_config_4	clustering_score_tf.json	1.0	12720	104	104	1.0	1.0	net_70_11431_net_60_10082_net_135_11054	config_noise	2
net_70_11431	netmap_config_4	clustering_score_tf.json	1.0	12720	88	88	1.0	1.0	net_70_11431_net_60_10082_net_135_11054	config_noise	2
net_60_10082	netmap_config_5	clustering_score_tf.json	1.0	12720	104	104	1.0	1.0	net_70_11431_net_60_10082_net_135_11054	config_noise	2
net_70_11431	netmap_config_5	clustering_score_tf.json	1.0	12720	88	88	1.0	1.0	net_70_11431_net_60_10082_net_135_11054	config_noise	2
net_60_10082	netmap_config_6	clustering_score_tf.json	1.0	12720	104	104	1.0	1.0	net_70_11431_net_60_10082_net_135_11054	config_noise	2
net_70_11431	netmap_config_6	clustering_score_tf.json	1.0	12720	88	88	1.0	1.0	net_70_11431_net_60_10082_net_135_11054	config_noise	2
net_60_10082	netmap_config_7	clustering_score_tf.json	1.0	12720	104	104	1.0	1.0	net_70_11431_net_60_10082_net_135_11054	config_noise	2
net_70_11431	netmap_config_7	clustering_score_tf.json	1.0	12720	88	88	1.0	1.0	net_70_11431_net_60_10082_net_135_11054	config_noise	2
net_60_10082	netmap_config_8	clustering_score_tf.json	1.0	12720	104	104	1.0	1.0	net_70_11431_net_60_10082_net_135_11054	config_noise	2
net_70_11431	netmap_config_8	clustering_score_tf.json	1.0	12720	88	88	1.0	1.0	net_70_11431_net_60_10082_net_135_11054	config_noise	2
net_60_10082	netmap_config_9	clustering_score_tf.json	1.0	12720	104	104	1.0	1.0	net_70_11431_net_60_10082_net_135_11054	config_noise	2
net_70_11431	netmap_config_9	clustering_score_tf.json	1.0	12720	88	88	1.0	1.0	net_70_11431_net_60_10082_net_135_11054	config_noise	2
net_60_10082	scgenerai_config	clustering_score_tf.json	0.5	6516	14	104	0.1346153846153846	0.1346153846153846	net_70_11431_net_60_10082_net_135_11054	config_noise	2
net_70_11431	scgenerai_config	clustering_score_tf.json	0.5	6516	39	88	0.4431818181818182	0.4431818181818182	net_70_11431_net_60_10082_net_135_11054	config_noise	2
net_53_11196	netmap_config_1	clustering_score_tf.json	1.0	5796	78	78	1.0	1.0	net_53_11196_net_70_11431_net_84_9903	config_noise	2
net_70_11431	netmap_config_1	clustering_score_tf.json	1.0	5796	88	88	1.0	1.0	net_53_11196_net_70_11431_net_84_9903	config_noise	2
net_53_11196	netmap_config_10	clustering_score_tf.json	1.0	5796	78	78	1.0	1.0	net_53_11196_net_70_11431_net_84_9903	config_noise	2
net_70_11431	netmap_config_10	clustering_score_tf.json	1.0	5796	88	88	1.0	1.0	net_53_11196_net_70_11431_net_84_9903	config_noise	2
net_53_11196	netmap_config_2	clustering_score_tf.json	1.0	5796	78	78	1.0	1.0	net_53_11196_net_70_11431_net_84_9903	config_noise	2
net_70_11431	netmap_config_2	clustering_score_tf.json	1.0	5796	88	88	1.0	1.0	net_53_11196_net_70_11431_net_84_9903	config_noise	2
net_53_11196	netmap_config_3	clustering_score_tf.json	1.0	5796	78	78	1.0	1.0	net_53_11196_net_70_11431_net_84_9903	config_noise	2
net_70_11431	netmap_config_3	clustering_score_tf.json	1.0	5796	88	88	1.0	1.0	net_53_11196_net_70_11431_net_84_9903	config_noise	2
net_53_11196	netmap_config_4	clustering_score_tf.json	1.0	5796	78	78	1.0	1.0	net_53_11196_net_70_11431_net_84_9903	config_noise	2
net_70_11431	netmap_config_4	clustering_score_tf.json	1.0	5796	88	88	1.0	1.0	net_53_11196_net_70_11431_net_84_9903	config_noise	2
net_53_11196	netmap_config_5	clustering_score_tf.json	1.0	5796	78	78	1.0	1.0	net_53_11196_net_70_11431_net_84_9903	config_noise	2
net_70_11431	netmap_config_5	clustering_score_tf.json	1.0	5796	88	88	1.0	1.0	net_53_11196_net_70_11431_net_84_9903	config_noise	2
net_53_11196	netmap_config_6	clustering_score_tf.json	1.0	5796	78	78	1.0	1.0	net_53_11196_net_70_11431_net_84_9903	config_noise	2
net_70_11431	netmap_config_6	clustering_score_tf.json	1.0	5796	88	88	1.0	1.0	net_53_11196_net_70_11431_net_84_9903	config_noise	2
net_53_11196	netmap_config_7	clustering_score_tf.json	1.0	5796	78	78	1.0	1.0	net_53_11196_net_70_11431_net_84_9903	config_noise	2
net_70_11431	netmap_config_7	clustering_score_tf.json	1.0	5796	88	88	1.0	1.0	net_53_11196_net_70_11431_net_84_9903	config_noise	2
net_53_11196	netmap_config_8	clustering_score_tf.json	1.0	5796	78	78	1.0	1.0	net_53_11196_net_70_11431_net_84_9903	config_noise	2
net_70_11431	netmap_config_8	clustering_score_tf.json	1.0	5796	88	88	1.0	1.0	net_53_11196_net_70_11431_net_84_9903	config_noise	2
net_53_11196	netmap_config_9	clustering_score_tf.json	1.0	5796	78	78	1.0	1.0	net_53_11196_net_70_11431_net_84_9903	config_noise	2
net_70_11431	netmap_config_9	clustering_score_tf.json	1.0	5796	88	88	1.0	1.0	net_53_11196_net_70_11431_net_84_9903	config_noise	2
net_53_11196	scgenerai_config	clustering_score_tf.json	0.5	3198	50	78	0.6410256410256411	0.6410256410256411	net_53_11196_net_70_11431_net_84_9903	config_noise	2
net_70_11431	scgenerai_config	clustering_score_tf.json	0.5	3198	39	88	0.4431818181818182	0.4431818181818182	net_53_11196_net_70_11431_net_84_9903	config_noise	2
net_115_11153	netmap_config_1	clustering_score_tf.json	1.0	8256	117	117	1.0	1.0	net_59_10488_net_115_11153_net_84_11226	config_noise	2
net_59_10488	netmap_config_1	clustering_score_tf.json	1.0	8256	87	87	1.0	1.0	net_59_10488_net_115_11153_net_84_11226	config_noise	2
net_115_11153	netmap_config_10	clustering_score_tf.json	1.0	8256	117	117	1.0	1.0	net_59_10488_net_115_11153_net_84_11226	config_noise	2
net_59_10488	netmap_config_10	clustering_score_tf.json	1.0	8256	87	87	1.0	1.0	net_59_10488_net_115_11153_net_84_11226	config_noise	2
net_115_11153	netmap_config_2	clustering_score_tf.json	1.0	8256	117	117	1.0	1.0	net_59_10488_net_115_11153_net_84_11226	config_noise	2
net_59_10488	netmap_config_2	clustering_score_tf.json	1.0	8256	87	87	1.0	1.0	net_59_10488_net_115_11153_net_84_11226	config_noise	2
net_115_11153	netmap_config_3	clustering_score_tf.json	1.0	8256	117	117	1.0	1.0	net_59_10488_net_115_11153_net_84_11226	config_noise	2
net_59_10488	netmap_config_3	clustering_score_tf.json	1.0	8256	87	87	1.0	1.0	net_59_10488_net_115_11153_net_84_11226	config_noise	2
net_115_11153	netmap_config_4	clustering_score_tf.json	1.0	8256	117	117	1.0	1.0	net_59_10488_net_115_11153_net_84_11226	config_noise	2
net_59_10488	netmap_config_4	clustering_score_tf.json	1.0	8256	87	87	1.0	1.0	net_59_10488_net_115_11153_net_84_11226	config_noise	2
net_115_11153	netmap_config_5	clustering_score_tf.json	1.0	8256	117	117	1.0	1.0	net_59_10488_net_115_11153_net_84_11226	config_noise	2
net_59_10488	netmap_config_5	clustering_score_tf.json	1.0	8256	87	87	1.0	1.0	net_59_10488_net_115_11153_net_84_11226	config_noise	2
net_115_11153	netmap_config_6	clustering_score_tf.json	1.0	8256	117	117	1.0	1.0	net_59_10488_net_115_11153_net_84_11226	config_noise	2
net_59_10488	netmap_config_6	clustering_score_tf.json	1.0	8256	87	87	1.0	1.0	net_59_10488_net_115_11153_net_84_11226	config_noise	2
net_115_11153	netmap_config_7	clustering_score_tf.json	1.0	8256	117	117	1.0	1.0	net_59_10488_net_115_11153_net_84_11226	config_noise	2
net_59_10488	netmap_config_7	clustering_score_tf.json	1.0	8256	87	87	1.0	1.0	net_59_10488_net_115_11153_net_84_11226	config_noise	2
net_115_11153	netmap_config_8	clustering_score_tf.json	1.0	8256	117	117	1.0	1.0	net_59_10488_net_115_11153_net_84_11226	config_noise	2
net_59_10488	netmap_config_8	clustering_score_tf.json	1.0	8256	87	87	1.0	1.0	net_59_10488_net_115_11153_net_84_11226	config_noise	2
net_115_11153	netmap_config_9	clustering_score_tf.json	1.0	8256	117	117	1.0	1.0	net_59_10488_net_115_11153_net_84_11226	config_noise	2
net_59_10488	netmap_config_9	clustering_score_tf.json	1.0	8256	87	87	1.0	1.0	net_59_10488_net_115_11153_net_84_11226	config_noise	2
net_115_11153	scgenerai_config	clustering_score_tf.json	0.5	3789	14	117	0.11965811965811966	0.11965811965811966	net_59_10488_net_115_11153_net_84_11226	config_noise	2
net_59_10488	scgenerai_config	clustering_score_tf.json	0.5	3789	43	87	0.4942528735632184	0.4942528735632184	net_59_10488_net_115_11153_net_84_11226	config_noise	2
net_172_10626	netmap_config_1	clustering_score_tf.json	1.0	22242	239	239	1.0	1.0	net_172_10626_net_89_11634_net_76_10367	config_noise	2
net_89_11634	netmap_config_1	clustering_score_tf.json	1.0	22242	98	98	1.0	1.0	net_172_10626_net_89_11634_net_76_10367	config_noise	2
net_172_10626	netmap_config_2	clustering_score_tf.json	1.0	22242	239	239	1.0	1.0	net_172_10626_net_89_11634_net_76_10367	config_noise	2
net_89_11634	netmap_config_2	clustering_score_tf.json	1.0	22242	98	98	1.0	1.0	net_172_10626_net_89_11634_net_76_10367	config_noise	2
net_172_10626	netmap_config_3	clustering_score_tf.json	1.0	22242	239	239	1.0	1.0	net_172_10626_net_89_11634_net_76_10367	config_noise	2
net_89_11634	netmap_config_3	clustering_score_tf.json	1.0	22242	98	98	1.0	1.0	net_172_10626_net_89_11634_net_76_10367	config_noise	2
net_172_10626	netmap_config_4	clustering_score_tf.json	1.0	22242	239	239	1.0	1.0	net_172_10626_net_89_11634_net_76_10367	config_noise	2
net_89_11634	netmap_config_4	clustering_score_tf.json	1.0	22242	98	98	1.0	1.0	net_172_10626_net_89_11634_net_76_10367	config_noise	2
net_172_10626	netmap_config_5	clustering_score_tf.json	1.0	22242	239	239	1.0	1.0	net_172_10626_net_89_11634_net_76_10367	config_noise	2
net_89_11634	netmap_config_5	clustering_score_tf.json	1.0	22242	98	98	1.0	1.0	net_172_10626_net_89_11634_net_76_10367	config_noise	2
net_172_10626	netmap_config_6	clustering_score_tf.json	1.0	22242	239	239	1.0	1.0	net_172_10626_net_89_11634_net_76_10367	config_noise	2
net_89_11634	netmap_config_6	clustering_score_tf.json	1.0	22242	98	98	1.0	1.0	net_172_10626_net_89_11634_net_76_10367	config_noise	2
net_172_10626	netmap_config_7	clustering_score_tf.json	0.506	22242	239	239	1.0	1.0	net_172_10626_net_89_11634_net_76_10367	config_noise	2
net_89_11634	netmap_config_7	clustering_score_tf.json	0.506	22242	98	98	1.0	1.0	net_172_10626_net_89_11634_net_76_10367	config_noise	2
net_172_10626	netmap_config_8	clustering_score_tf.json	0.516	22242	239	239	1.0	1.0	net_172_10626_net_89_11634_net_76_10367	config_noise	2
net_89_11634	netmap_config_8	clustering_score_tf.json	0.516	22242	98	98	1.0	1.0	net_172_10626_net_89_11634_net_76_10367	config_noise	2
net_172_10626	netmap_config_9	clustering_score_tf.json	0.516	22242	239	239	1.0	1.0	net_172_10626_net_89_11634_net_76_10367	config_noise	2
net_89_11634	netmap_config_9	clustering_score_tf.json	0.516	22242	98	98	1.0	1.0	net_172_10626_net_89_11634_net_76_10367	config_noise	2
net_172_10626	scgenerai_config	clustering_score_tf.json	0.5	13438	136	239	0.5690376569037657	0.5690376569037657	net_172_10626_net_89_11634_net_76_10367	config_noise	2
net_89_11634	scgenerai_config	clustering_score_tf.json	0.5	13438	40	98	0.40816326530612246	0.40816326530612246	net_172_10626_net_89_11634_net_76_10367	config_noise	2
net_60_10082	netmap_config_1	clustering_score_tf.json	1.0	3744	104	104	1.0	1.0	net_60_10082_net_64_11307_net_84_11226	config_noise	2
net_64_11307	netmap_config_1	clustering_score_tf.json	1.0	3744	71	71	1.0	1.0	net_60_10082_net_64_11307_net_84_11226	config_noise	2
net_60_10082	netmap_config_2	clustering_score_tf.json	1.0	3744	104	104	1.0	1.0	net_60_10082_net_64_11307_net_84_11226	config_noise	2
net_64_11307	netmap_config_2	clustering_score_tf.json	1.0	3744	71	71	1.0	1.0	net_60_10082_net_64_11307_net_84_11226	config_noise	2
net_60_10082	netmap_config_3	clustering_score_tf.json	1.0	3744	104	104	1.0	1.0	net_60_10082_net_64_11307_net_84_11226	config_noise	2
net_64_11307	netmap_config_3	clustering_score_tf.json	1.0	3744	71	71	1.0	1.0	net_60_10082_net_64_11307_net_84_11226	config_noise	2
net_60_10082	netmap_config_4	clustering_score_tf.json	1.0	3744	104	104	1.0	1.0	net_60_10082_net_64_11307_net_84_11226	config_noise	2
net_64_11307	netmap_config_4	clustering_score_tf.json	1.0	3744	71	71	1.0	1.0	net_60_10082_net_64_11307_net_84_11226	config_noise	2
net_60_10082	netmap_config_5	clustering_score_tf.json	0.506	3744	104	104	1.0	1.0	net_60_10082_net_64_11307_net_84_11226	config_noise	2
net_64_11307	netmap_config_5	clustering_score_tf.json	0.506	3744	71	71	1.0	1.0	net_60_10082_net_64_11307_net_84_11226	config_noise	2
net_60_10082	netmap_config_6	clustering_score_tf.json	1.0	3744	104	104	1.0	1.0	net_60_10082_net_64_11307_net_84_11226	config_noise	2
net_64_11307	netmap_config_6	clustering_score_tf.json	1.0	3744	71	71	1.0	1.0	net_60_10082_net_64_11307_net_84_11226	config_noise	2
net_60_10082	netmap_config_8	clustering_score_tf.json	1.0	3744	104	104	1.0	1.0	net_60_10082_net_64_11307_net_84_11226	config_noise	2
net_64_11307	netmap_config_8	clustering_score_tf.json	1.0	3744	71	71	1.0	1.0	net_60_10082_net_64_11307_net_84_11226	config_noise	2
net_60_10082	netmap_config_9	clustering_score_tf.json	1.0	3744	104	104	1.0	1.0	net_60_10082_net_64_11307_net_84_11226	config_noise	2
net_64_11307	netmap_config_9	clustering_score_tf.json	1.0	3744	71	71	1.0	1.0	net_60_10082_net_64_11307_net_84_11226	config_noise	2
net_60_10082	scgenerai_config	clustering_score_tf.json	0.5	1321	14	104	0.1346153846153846	0.1346153846153846	net_60_10082_net_64_11307_net_84_11226	config_noise	2
net_64_11307	scgenerai_config	clustering_score_tf.json	0.5	1321	18	71	0.2535211267605634	0.2535211267605634	net_60_10082_net_64_11307_net_84_11226	config_noise	2
net_133_10773	netmap_config_1	clustering_score_tf.json	1.0	23821	201	201	1.0	1.0	net_133_10773_net_82_10152_net_72_10551	config_noise	2
net_82_10152	netmap_config_1	clustering_score_tf.json	1.0	23821	164	164	1.0	1.0	net_133_10773_net_82_10152_net_72_10551	config_noise	2
net_133_10773	netmap_config_2	clustering_score_tf.json	1.0	23821	201	201	1.0	1.0	net_133_10773_net_82_10152_net_72_10551	config_noise	2
net_82_10152	netmap_config_2	clustering_score_tf.json	1.0	23821	164	164	1.0	1.0	net_133_10773_net_82_10152_net_72_10551	config_noise	2
net_133_10773	netmap_config_3	clustering_score_tf.json	1.0	23821	201	201	1.0	1.0	net_133_10773_net_82_10152_net_72_10551	config_noise	2
net_82_10152	netmap_config_3	clustering_score_tf.json	1.0	23821	164	164	1.0	1.0	net_133_10773_net_82_10152_net_72_10551	config_noise	2
net_133_10773	netmap_config_4	clustering_score_tf.json	1.0	23821	201	201	1.0	1.0	net_133_10773_net_82_10152_net_72_10551	config_noise	2
net_82_10152	netmap_config_4	clustering_score_tf.json	1.0	23821	164	164	1.0	1.0	net_133_10773_net_82_10152_net_72_10551	config_noise	2
net_133_10773	netmap_config_5	clustering_score_tf.json	0.737	23821	201	201	1.0	1.0	net_133_10773_net_82_10152_net_72_10551	config_noise	2
net_82_10152	netmap_config_5	clustering_score_tf.json	0.737	23821	164	164	1.0	1.0	net_133_10773_net_82_10152_net_72_10551	config_noise	2
net_133_10773	netmap_config_6	clustering_score_tf.json	1.0	23821	201	201	1.0	1.0	net_133_10773_net_82_10152_net_72_10551	config_noise	2
net_82_10152	netmap_config_6	clustering_score_tf.json	1.0	23821	164	164	1.0	1.0	net_133_10773_net_82_10152_net_72_10551	config_noise	2
net_133_10773	netmap_config_7	clustering_score_tf.json	1.0	23821	201	201	1.0	1.0	net_133_10773_net_82_10152_net_72_10551	config_noise	2
net_82_10152	netmap_config_7	clustering_score_tf.json	1.0	23821	164	164	1.0	1.0	net_133_10773_net_82_10152_net_72_10551	config_noise	2
net_133_10773	netmap_config_8	clustering_score_tf.json	1.0	23821	201	201	1.0	1.0	net_133_10773_net_82_10152_net_72_10551	config_noise	2
net_82_10152	netmap_config_8	clustering_score_tf.json	1.0	23821	164	164	1.0	1.0	net_133_10773_net_82_10152_net_72_10551	config_noise	2
net_133_10773	netmap_config_9	clustering_score_tf.json	1.0	23821	201	201	1.0	1.0	net_133_10773_net_82_10152_net_72_10551	config_noise	2
net_82_10152	netmap_config_9	clustering_score_tf.json	1.0	23821	164	164	1.0	1.0	net_133_10773_net_82_10152_net_72_10551	config_noise	2
net_133_10773	scgenerai_config	clustering_score_tf.json	0.5	12817	90	201	0.44776119402985076	0.44776119402985076	net_133_10773_net_82_10152_net_72_10551	config_noise	2
net_82_10152	scgenerai_config	clustering_score_tf.json	0.5	12817	121	164	0.7378048780487805	0.7378048780487805	net_133_10773_net_82_10152_net_72_10551	config_noise	2
net_51_10906	netmap_config_1	clustering_score_tf.json	1.0	5852	90	90	1.0	1.0	net_98_11932_net_51_10906_net_60_10082	config_noise	2
net_98_11932	netmap_config_1	clustering_score_tf.json	1.0	5852	105	105	1.0	1.0	net_98_11932_net_51_10906_net_60_10082	config_noise	2
net_51_10906	netmap_config_10	clustering_score_tf.json	1.0	5852	90	90	1.0	1.0	net_98_11932_net_51_10906_net_60_10082	config_noise	2
net_98_11932	netmap_config_10	clustering_score_tf.json	1.0	5852	105	105	1.0	1.0	net_98_11932_net_51_10906_net_60_10082	config_noise	2
net_51_10906	netmap_config_2	clustering_score_tf.json	0.996	5852	90	90	1.0	1.0	net_98_11932_net_51_10906_net_60_10082	config_noise	2
net_98_11932	netmap_config_2	clustering_score_tf.json	0.996	5852	105	105	1.0	1.0	net_98_11932_net_51_10906_net_60_10082	config_noise	2
net_51_10906	netmap_config_3	clustering_score_tf.json	0.999	5852	90	90	1.0	1.0	net_98_11932_net_51_10906_net_60_10082	config_noise	2
net_98_11932	netmap_config_3	clustering_score_tf.json	0.999	5852	105	105	1.0	1.0	net_98_11932_net_51_10906_net_60_10082	config_noise	2
net_51_10906	netmap_config_4	clustering_score_tf.json	1.0	5852	90	90	1.0	1.0	net_98_11932_net_51_10906_net_60_10082	config_noise	2
net_98_11932	netmap_config_4	clustering_score_tf.json	1.0	5852	105	105	1.0	1.0	net_98_11932_net_51_10906_net_60_10082	config_noise	2
net_51_10906	netmap_config_5	clustering_score_tf.json	1.0	5852	90	90	1.0	1.0	net_98_11932_net_51_10906_net_60_10082	config_noise	2
net_98_11932	netmap_config_5	clustering_score_tf.json	1.0	5852	105	105	1.0	1.0	net_98_11932_net_51_10906_net_60_10082	config_noise	2
net_51_10906	netmap_config_6	clustering_score_tf.json	1.0	5852	90	90	1.0	1.0	net_98_11932_net_51_10906_net_60_10082	config_noise	2
net_98_11932	netmap_config_6	clustering_score_tf.json	1.0	5852	105	105	1.0	1.0	net_98_11932_net_51_10906_net_60_10082	config_noise	2
net_51_10906	netmap_config_7	clustering_score_tf.json	1.0	5852	90	90	1.0	1.0	net_98_11932_net_51_10906_net_60_10082	config_noise	2
net_98_11932	netmap_config_7	clustering_score_tf.json	1.0	5852	105	105	1.0	1.0	net_98_11932_net_51_10906_net_60_10082	config_noise	2
net_51_10906	netmap_config_8	clustering_score_tf.json	1.0	5852	90	90	1.0	1.0	net_98_11932_net_51_10906_net_60_10082	config_noise	2
net_98_11932	netmap_config_8	clustering_score_tf.json	1.0	5852	105	105	1.0	1.0	net_98_11932_net_51_10906_net_60_10082	config_noise	2
net_51_10906	netmap_config_9	clustering_score_tf.json	1.0	5852	90	90	1.0	1.0	net_98_11932_net_51_10906_net_60_10082	config_noise	2
net_98_11932	netmap_config_9	clustering_score_tf.json	1.0	5852	105	105	1.0	1.0	net_98_11932_net_51_10906_net_60_10082	config_noise	2
net_51_10906	scgenerai_config	clustering_score_tf.json	0.5	2765	57	90	0.6333333333333333	0.6333333333333333	net_98_11932_net_51_10906_net_60_10082	config_noise	2
net_98_11932	scgenerai_config	clustering_score_tf.json	0.5	2765	38	105	0.3619047619047619	0.3619047619047619	net_98_11932_net_51_10906_net_60_10082	config_noise	2
net_75_10306	netmap_config_1	clustering_score_tf.json	1.0	10648	175	175	1.0	1.0	net_90_11013_net_75_10306_net_77_11506	config_noise	2
net_90_11013	netmap_config_1	clustering_score_tf.json	1.0	10648	216	216	1.0	1.0	net_90_11013_net_75_10306_net_77_11506	config_noise	2
net_75_10306	netmap_config_2	clustering_score_tf.json	1.0	10648	175	175	1.0	1.0	net_90_11013_net_75_10306_net_77_11506	config_noise	2
net_90_11013	netmap_config_2	clustering_score_tf.json	1.0	10648	216	216	1.0	1.0	net_90_11013_net_75_10306_net_77_11506	config_noise	2
net_75_10306	netmap_config_3	clustering_score_tf.json	1.0	10648	175	175	1.0	1.0	net_90_11013_net_75_10306_net_77_11506	config_noise	2
net_90_11013	netmap_config_3	clustering_score_tf.json	1.0	10648	216	216	1.0	1.0	net_90_11013_net_75_10306_net_77_11506	config_noise	2
net_75_10306	netmap_config_4	clustering_score_tf.json	1.0	10648	175	175	1.0	1.0	net_90_11013_net_75_10306_net_77_11506	config_noise	2
net_90_11013	netmap_config_4	clustering_score_tf.json	1.0	10648	216	216	1.0	1.0	net_90_11013_net_75_10306_net_77_11506	config_noise	2
net_75_10306	netmap_config_5	clustering_score_tf.json	1.0	10648	175	175	1.0	1.0	net_90_11013_net_75_10306_net_77_11506	config_noise	2
net_90_11013	netmap_config_5	clustering_score_tf.json	1.0	10648	216	216	1.0	1.0	net_90_11013_net_75_10306_net_77_11506	config_noise	2
net_75_10306	netmap_config_6	clustering_score_tf.json	1.0	10648	175	175	1.0	1.0	net_90_11013_net_75_10306_net_77_11506	config_noise	2
net_90_11013	netmap_config_6	clustering_score_tf.json	1.0	10648	216	216	1.0	1.0	net_90_11013_net_75_10306_net_77_11506	config_noise	2
net_75_10306	netmap_config_7	clustering_score_tf.json	1.0	10648	175	175	1.0	1.0	net_90_11013_net_75_10306_net_77_11506	config_noise	2
net_90_11013	netmap_config_7	clustering_score_tf.json	1.0	10648	216	216	1.0	1.0	net_90_11013_net_75_10306_net_77_11506	config_noise	2
net_75_10306	netmap_config_8	clustering_score_tf.json	1.0	10648	175	175	1.0	1.0	net_90_11013_net_75_10306_net_77_11506	config_noise	2
net_90_11013	netmap_config_8	clustering_score_tf.json	1.0	10648	216	216	1.0	1.0	net_90_11013_net_75_10306_net_77_11506	config_noise	2
net_75_10306	netmap_config_9	clustering_score_tf.json	1.0	10648	175	175	1.0	1.0	net_90_11013_net_75_10306_net_77_11506	config_noise	2
net_90_11013	netmap_config_9	clustering_score_tf.json	1.0	10648	216	216	1.0	1.0	net_90_11013_net_75_10306_net_77_11506	config_noise	2
net_75_10306	scgenerai_config	clustering_score_tf.json	0.5	6333	123	175	0.7028571428571428	0.7028571428571428	net_90_11013_net_75_10306_net_77_11506	config_noise	2
net_90_11013	scgenerai_config	clustering_score_tf.json	0.5	6333	126	216	0.5833333333333334	0.5833333333333334	net_90_11013_net_75_10306_net_77_11506	config_noise	2
net_84_10865	netmap_config_1	clustering_score_tf.json	1.0	16244	154	154	1.0	1.0	net_84_10865_net_88_10937_net_90_11013	config_noise	2
net_88_10937	netmap_config_1	clustering_score_tf.json	1.0	16244	184	184	1.0	1.0	net_84_10865_net_88_10937_net_90_11013	config_noise	2
net_84_10865	netmap_config_10	clustering_score_tf.json	1.0	16244	154	154	1.0	1.0	net_84_10865_net_88_10937_net_90_11013	config_noise	2
net_88_10937	netmap_config_10	clustering_score_tf.json	1.0	16244	184	184	1.0	1.0	net_84_10865_net_88_10937_net_90_11013	config_noise	2
net_84_10865	netmap_config_2	clustering_score_tf.json	1.0	16244	154	154	1.0	1.0	net_84_10865_net_88_10937_net_90_11013	config_noise	2
net_88_10937	netmap_config_2	clustering_score_tf.json	1.0	16244	184	184	1.0	1.0	net_84_10865_net_88_10937_net_90_11013	config_noise	2
net_84_10865	netmap_config_3	clustering_score_tf.json	1.0	16244	154	154	1.0	1.0	net_84_10865_net_88_10937_net_90_11013	config_noise	2
net_88_10937	netmap_config_3	clustering_score_tf.json	1.0	16244	184	184	1.0	1.0	net_84_10865_net_88_10937_net_90_11013	config_noise	2
net_84_10865	netmap_config_4	clustering_score_tf.json	1.0	16244	154	154	1.0	1.0	net_84_10865_net_88_10937_net_90_11013	config_noise	2
net_88_10937	netmap_config_4	clustering_score_tf.json	1.0	16244	184	184	1.0	1.0	net_84_10865_net_88_10937_net_90_11013	config_noise	2
net_84_10865	netmap_config_5	clustering_score_tf.json	1.0	16244	154	154	1.0	1.0	net_84_10865_net_88_10937_net_90_11013	config_noise	2
net_88_10937	netmap_config_5	clustering_score_tf.json	1.0	16244	184	184	1.0	1.0	net_84_10865_net_88_10937_net_90_11013	config_noise	2
net_84_10865	netmap_config_6	clustering_score_tf.json	1.0	16244	154	154	1.0	1.0	net_84_10865_net_88_10937_net_90_11013	config_noise	2
net_88_10937	netmap_config_6	clustering_score_tf.json	1.0	16244	184	184	1.0	1.0	net_84_10865_net_88_10937_net_90_11013	config_noise	2
net_84_10865	netmap_config_7	clustering_score_tf.json	1.0	16244	154	154	1.0	1.0	net_84_10865_net_88_10937_net_90_11013	config_noise	2
net_88_10937	netmap_config_7	clustering_score_tf.json	1.0	16244	184	184	1.0	1.0	net_84_10865_net_88_10937_net_90_11013	config_noise	2
net_84_10865	netmap_config_8	clustering_score_tf.json	1.0	16244	154	154	1.0	1.0	net_84_10865_net_88_10937_net_90_11013	config_noise	2
net_88_10937	netmap_config_8	clustering_score_tf.json	1.0	16244	184	184	1.0	1.0	net_84_10865_net_88_10937_net_90_11013	config_noise	2
net_84_10865	netmap_config_9	clustering_score_tf.json	1.0	16244	154	154	1.0	1.0	net_84_10865_net_88_10937_net_90_11013	config_noise	2
net_88_10937	netmap_config_9	clustering_score_tf.json	1.0	16244	184	184	1.0	1.0	net_84_10865_net_88_10937_net_90_11013	config_noise	2
net_84_10865	scgenerai_config	clustering_score_tf.json	0.5	9268	86	154	0.5584415584415584	0.5584415584415584	net_84_10865_net_88_10937_net_90_11013	config_noise	2
net_88_10937	scgenerai_config	clustering_score_tf.json	0.5	9268	129	184	0.7010869565217391	0.7010869565217391	net_84_10865_net_88_10937_net_90_11013	config_noise	2
net_141_11706	netmap_config_1	clustering_score_tf.json	1.0	14100	175	175	1.0	1.0	net_60_10703_net_141_11706_net_81_10586	config_noise	2
net_60_10703	netmap_config_1	clustering_score_tf.json	1.0	14100	92	92	1.0	1.0	net_60_10703_net_141_11706_net_81_10586	config_noise	2
net_141_11706	netmap_config_2	clustering_score_tf.json	1.0	14100	175	175	1.0	1.0	net_60_10703_net_141_11706_net_81_10586	config_noise	2
net_60_10703	netmap_config_2	clustering_score_tf.json	1.0	14100	92	92	1.0	1.0	net_60_10703_net_141_11706_net_81_10586	config_noise	2
net_141_11706	netmap_config_3	clustering_score_tf.json	1.0	14100	175	175	1.0	1.0	net_60_10703_net_141_11706_net_81_10586	config_noise	2
net_60_10703	netmap_config_3	clustering_score_tf.json	1.0	14100	92	92	1.0	1.0	net_60_10703_net_141_11706_net_81_10586	config_noise	2
net_141_11706	netmap_config_4	clustering_score_tf.json	1.0	14100	175	175	1.0	1.0	net_60_10703_net_141_11706_net_81_10586	config_noise	2
net_60_10703	netmap_config_4	clustering_score_tf.json	1.0	14100	92	92	1.0	1.0	net_60_10703_net_141_11706_net_81_10586	config_noise	2
net_141_11706	netmap_config_5	clustering_score_tf.json	0.587	14100	175	175	1.0	1.0	net_60_10703_net_141_11706_net_81_10586	config_noise	2
net_60_10703	netmap_config_5	clustering_score_tf.json	0.587	14100	92	92	1.0	1.0	net_60_10703_net_141_11706_net_81_10586	config_noise	2
net_141_11706	netmap_config_6	clustering_score_tf.json	1.0	14100	175	175	1.0	1.0	net_60_10703_net_141_11706_net_81_10586	config_noise	2
net_60_10703	netmap_config_6	clustering_score_tf.json	1.0	14100	92	92	1.0	1.0	net_60_10703_net_141_11706_net_81_10586	config_noise	2
net_141_11706	netmap_config_7	clustering_score_tf.json	0.506	14100	175	175	1.0	1.0	net_60_10703_net_141_11706_net_81_10586	config_noise	2
net_60_10703	netmap_config_7	clustering_score_tf.json	0.506	14100	92	92	1.0	1.0	net_60_10703_net_141_11706_net_81_10586	config_noise	2
net_141_11706	netmap_config_8	clustering_score_tf.json	1.0	14100	175	175	1.0	1.0	net_60_10703_net_141_11706_net_81_10586	config_noise	2
net_60_10703	netmap_config_8	clustering_score_tf.json	1.0	14100	92	92	1.0	1.0	net_60_10703_net_141_11706_net_81_10586	config_noise	2
net_141_11706	netmap_config_9	clustering_score_tf.json	1.0	14100	175	175	1.0	1.0	net_60_10703_net_141_11706_net_81_10586	config_noise	2
net_60_10703	netmap_config_9	clustering_score_tf.json	1.0	14100	92	92	1.0	1.0	net_60_10703_net_141_11706_net_81_10586	config_noise	2
net_141_11706	scgenerai_config	clustering_score_tf.json	0.5	7849	127	175	0.7257142857142858	0.7257142857142858	net_60_10703_net_141_11706_net_81_10586	config_noise	2
net_60_10703	scgenerai_config	clustering_score_tf.json	0.5	7849	63	92	0.6847826086956522	0.6847826086956522	net_60_10703_net_141_11706_net_81_10586	config_noise	2
net_135_11054	netmap_config_1	clustering_score_tf.json	1.0	18444	264	264	1.0	1.0	net_70_11431_net_60_10082_net_135_11054_net_53_11196	config_three	3
net_60_10082	netmap_config_1	clustering_score_tf.json	1.0	18444	104	104	1.0	1.0	net_70_11431_net_60_10082_net_135_11054_net_53_11196	config_three	3
net_70_11431	netmap_config_1	clustering_score_tf.json	1.0	18444	88	88	1.0	1.0	net_70_11431_net_60_10082_net_135_11054_net_53_11196	config_three	3
net_135_11054	netmap_config_2	clustering_score_tf.json	1.0	18444	264	264	1.0	1.0	net_70_11431_net_60_10082_net_135_11054_net_53_11196	config_three	3
net_60_10082	netmap_config_2	clustering_score_tf.json	1.0	18444	104	104	1.0	1.0	net_70_11431_net_60_10082_net_135_11054_net_53_11196	config_three	3
net_70_11431	netmap_config_2	clustering_score_tf.json	1.0	18444	88	88	1.0	1.0	net_70_11431_net_60_10082_net_135_11054_net_53_11196	config_three	3
net_135_11054	netmap_config_3	clustering_score_tf.json	1.0	18444	264	264	1.0	1.0	net_70_11431_net_60_10082_net_135_11054_net_53_11196	config_three	3
net_60_10082	netmap_config_3	clustering_score_tf.json	1.0	18444	104	104	1.0	1.0	net_70_11431_net_60_10082_net_135_11054_net_53_11196	config_three	3
net_70_11431	netmap_config_3	clustering_score_tf.json	1.0	18444	88	88	1.0	1.0	net_70_11431_net_60_10082_net_135_11054_net_53_11196	config_three	3
net_135_11054	netmap_config_4	clustering_score_tf.json	0.8206666666666667	18444	264	264	1.0	1.0	net_70_11431_net_60_10082_net_135_11054_net_53_11196	config_three	3
net_60_10082	netmap_config_4	clustering_score_tf.json	0.8206666666666667	18444	104	104	1.0	1.0	net_70_11431_net_60_10082_net_135_11054_net_53_11196	config_three	3
net_70_11431	netmap_config_4	clustering_score_tf.json	0.8206666666666667	18444	88	88	1.0	1.0	net_70_11431_net_60_10082_net_135_11054_net_53_11196	config_three	3
net_135_11054	netmap_config_5	clustering_score_tf.json	1.0	18444	264	264	1.0	1.0	net_70_11431_net_60_10082_net_135_11054_net_53_11196	config_three	3
net_60_10082	netmap_config_5	clustering_score_tf.json	1.0	18444	104	104	1.0	1.0	net_70_11431_net_60_10082_net_135_11054_net_53_11196	config_three	3
net_70_11431	netmap_config_5	clustering_score_tf.json	1.0	18444	88	88	1.0	1.0	net_70_11431_net_60_10082_net_135_11054_net_53_11196	config_three	3
net_135_11054	netmap_config_6	clustering_score_tf.json	1.0	18444	264	264	1.0	1.0	net_70_11431_net_60_10082_net_135_11054_net_53_11196	config_three	3
net_60_10082	netmap_config_6	clustering_score_tf.json	1.0	18444	104	104	1.0	1.0	net_70_11431_net_60_10082_net_135_11054_net_53_11196	config_three	3
net_70_11431	netmap_config_6	clustering_score_tf.json	1.0	18444	88	88	1.0	1.0	net_70_11431_net_60_10082_net_135_11054_net_53_11196	config_three	3
net_135_11054	netmap_config_7	clustering_score_tf.json	0.3606666666666667	18444	264	264	1.0	1.0	net_70_11431_net_60_10082_net_135_11054_net_53_11196	config_three	3
net_60_10082	netmap_config_7	clustering_score_tf.json	0.3606666666666667	18444	104	104	1.0	1.0	net_70_11431_net_60_10082_net_135_11054_net_53_11196	config_three	3
net_70_11431	netmap_config_7	clustering_score_tf.json	0.3606666666666667	18444	88	88	1.0	1.0	net_70_11431_net_60_10082_net_135_11054_net_53_11196	config_three	3
net_135_11054	netmap_config_8	clustering_score_tf.json	0.782	18444	264	264	1.0	1.0	net_70_11431_net_60_10082_net_135_11054_net_53_11196	config_three	3
net_60_10082	netmap_config_8	clustering_score_tf.json	0.782	18444	104	104	1.0	1.0	net_70_11431_net_60_10082_net_135_11054_net_53_11196	config_three	3
net_70_11431	netmap_config_8	clustering_score_tf.json	0.782	18444	88	88	1.0	1.0	net_70_11431_net_60_10082_net_135_11054_net_53_11196	config_three	3
net_135_11054	netmap_config_9	clustering_score_tf.json	0.7373333333333333	18444	264	264	1.0	1.0	net_70_11431_net_60_10082_net_135_11054_net_53_11196	config_three	3
net_60_10082	netmap_config_9	clustering_score_tf.json	0.7373333333333333	18444	104	104	1.0	1.0	net_70_11431_net_60_10082_net_135_11054_net_53_11196	config_three	3
net_70_11431	netmap_config_9	clustering_score_tf.json	0.7373333333333333	18444	88	88	1.0	1.0	net_70_11431_net_60_10082_net_135_11054_net_53_11196	config_three	3
net_135_11054	scgenerai_config	clustering_score_tf.json	0.334	9992	180	264	0.6818181818181818	0.6818181818181818	net_70_11431_net_60_10082_net_135_11054_net_53_11196	config_three	3
net_60_10082	scgenerai_config	clustering_score_tf.json	0.334	9992	14	104	0.1346153846153846	0.1346153846153846	net_70_11431_net_60_10082_net_135_11054_net_53_11196	config_three	3
net_70_11431	scgenerai_config	clustering_score_tf.json	0.334	9992	39	88	0.4431818181818182	0.4431818181818182	net_70_11431_net_60_10082_net_135_11054_net_53_11196	config_three	3
net_59_10488	netmap_config_1	clustering_score_tf.json	1.0	14432	87	87	1.0	1.0	net_70_11431_net_84_9903_net_59_10488_net_115_11153	config_three	3
net_70_11431	netmap_config_1	clustering_score_tf.json	1.0	14432	88	88	1.0	1.0	net_70_11431_net_84_9903_net_59_10488_net_115_11153	config_three	3
net_84_9903	netmap_config_1	clustering_score_tf.json	1.0	14432	117	117	1.0	1.0	net_70_11431_net_84_9903_net_59_10488_net_115_11153	config_three	3
net_59_10488	netmap_config_2	clustering_score_tf.json	1.0	14432	87	87	1.0	1.0	net_70_11431_net_84_9903_net_59_10488_net_115_11153	config_three	3
net_70_11431	netmap_config_2	clustering_score_tf.json	1.0	14432	88	88	1.0	1.0	net_70_11431_net_84_9903_net_59_10488_net_115_11153	config_three	3
net_84_9903	netmap_config_2	clustering_score_tf.json	1.0	14432	117	117	1.0	1.0	net_70_11431_net_84_9903_net_59_10488_net_115_11153	config_three	3
net_59_10488	netmap_config_3	clustering_score_tf.json	1.0	14432	87	87	1.0	1.0	net_70_11431_net_84_9903_net_59_10488_net_115_11153	config_three	3
net_70_11431	netmap_config_3	clustering_score_tf.json	1.0	14432	88	88	1.0	1.0	net_70_11431_net_84_9903_net_59_10488_net_115_11153	config_three	3
net_84_9903	netmap_config_3	clustering_score_tf.json	1.0	14432	117	117	1.0	1.0	net_70_11431_net_84_9903_net_59_10488_net_115_11153	config_three	3
net_59_10488	netmap_config_4	clustering_score_tf.json	0.9453333333333334	14432	87	87	1.0	1.0	net_70_11431_net_84_9903_net_59_10488_net_115_11153	config_three	3
net_70_11431	netmap_config_4	clustering_score_tf.json	0.9453333333333334	14432	88	88	1.0	1.0	net_70_11431_net_84_9903_net_59_10488_net_115_11153	config_three	3
net_84_9903	netmap_config_4	clustering_score_tf.json	0.9453333333333334	14432	117	117	1.0	1.0	net_70_11431_net_84_9903_net_59_10488_net_115_11153	config_three	3
net_59_10488	netmap_config_5	clustering_score_tf.json	1.0	14432	87	87	1.0	1.0	net_70_11431_net_84_9903_net_59_10488_net_115_11153	config_three	3
net_70_11431	netmap_config_5	clustering_score_tf.json	1.0	14432	88	88	1.0	1.0	net_70_11431_net_84_9903_net_59_10488_net_115_11153	config_three	3
net_84_9903	netmap_config_5	clustering_score_tf.json	1.0	14432	117	117	1.0	1.0	net_70_11431_net_84_9903_net_59_10488_net_115_11153	config_three	3
net_59_10488	netmap_config_6	clustering_score_tf.json	0.7206666666666667	14432	87	87	1.0	1.0	net_70_11431_net_84_9903_net_59_10488_net_115_11153	config_three	3
net_70_11431	netmap_config_6	clustering_score_tf.json	0.7206666666666667	14432	88	88	1.0	1.0	net_70_11431_net_84_9903_net_59_10488_net_115_11153	config_three	3
net_84_9903	netmap_config_6	clustering_score_tf.json	0.7206666666666667	14432	117	117	1.0	1.0	net_70_11431_net_84_9903_net_59_10488_net_115_11153	config_three	3
net_59_10488	netmap_config_7	clustering_score_tf.json	0.3606666666666667	14432	87	87	1.0	1.0	net_70_11431_net_84_9903_net_59_10488_net_115_11153	config_three	3
net_70_11431	netmap_config_7	clustering_score_tf.json	0.3606666666666667	14432	88	88	1.0	1.0	net_70_11431_net_84_9903_net_59_10488_net_115_11153	config_three	3
net_84_9903	netmap_config_7	clustering_score_tf.json	0.3606666666666667	14432	117	117	1.0	1.0	net_70_11431_net_84_9903_net_59_10488_net_115_11153	config_three	3
net_59_10488	netmap_config_8	clustering_score_tf.json	1.0	14432	87	87	1.0	1.0	net_70_11431_net_84_9903_net_59_10488_net_115_11153	config_three	3
net_70_11431	netmap_config_8	clustering_score_tf.json	1.0	14432	88	88	1.0	1.0	net_70_11431_net_84_9903_net_59_10488_net_115_11153	config_three	3
net_84_9903	netmap_config_8	clustering_score_tf.json	1.0	14432	117	117	1.0	1.0	net_70_11431_net_84_9903_net_59_10488_net_115_11153	config_three	3
net_59_10488	netmap_config_9	clustering_score_tf.json	1.0	14432	87	87	1.0	1.0	net_70_11431_net_84_9903_net_59_10488_net_115_11153	config_three	3
net_70_11431	netmap_config_9	clustering_score_tf.json	1.0	14432	88	88	1.0	1.0	net_70_11431_net_84_9903_net_59_10488_net_115_11153	config_three	3
net_84_9903	netmap_config_9	clustering_score_tf.json	1.0	14432	117	117	1.0	1.0	net_70_11431_net_84_9903_net_59_10488_net_115_11153	config_three	3
net_59_10488	scgenerai_config	clustering_score_tf.json	0.334	6937	43	87	0.4942528735632184	0.4942528735632184	net_70_11431_net_84_9903_net_59_10488_net_115_11153	config_three	3
net_70_11431	scgenerai_config	clustering_score_tf.json	0.334	6937	39	88	0.4431818181818182	0.4431818181818182	net_70_11431_net_84_9903_net_59_10488_net_115_11153	config_three	3
net_84_9903	scgenerai_config	clustering_score_tf.json	0.334	6937	19	117	0.1623931623931624	0.1623931623931624	net_70_11431_net_84_9903_net_59_10488_net_115_11153	config_three	3
net_172_10626	netmap_config_1	clustering_score_tf.json	1.0	30312	239	239	1.0	1.0	net_84_11226_net_172_10626_net_89_11634_net_76_10367	config_three	3
net_84_11226	netmap_config_1	clustering_score_tf.json	1.0	30312	98	98	1.0	1.0	net_84_11226_net_172_10626_net_89_11634_net_76_10367	config_three	3
net_89_11634	netmap_config_1	clustering_score_tf.json	1.0	30312	98	98	1.0	1.0	net_84_11226_net_172_10626_net_89_11634_net_76_10367	config_three	3
net_172_10626	netmap_config_2	clustering_score_tf.json	0.5286666666666666	30312	239	239	1.0	1.0	net_84_11226_net_172_10626_net_89_11634_net_76_10367	config_three	3
net_84_11226	netmap_config_2	clustering_score_tf.json	0.5286666666666666	30312	98	98	1.0	1.0	net_84_11226_net_172_10626_net_89_11634_net_76_10367	config_three	3
net_89_11634	netmap_config_2	clustering_score_tf.json	0.5286666666666666	30312	98	98	1.0	1.0	net_84_11226_net_172_10626_net_89_11634_net_76_10367	config_three	3
net_172_10626	netmap_config_3	clustering_score_tf.json	1.0	30312	239	239	1.0	1.0	net_84_11226_net_172_10626_net_89_11634_net_76_10367	config_three	3
net_84_11226	netmap_config_3	clustering_score_tf.json	1.0	30312	98	98	1.0	1.0	net_84_11226_net_172_10626_net_89_11634_net_76_10367	config_three	3
net_89_11634	netmap_config_3	clustering_score_tf.json	1.0	30312	98	98	1.0	1.0	net_84_11226_net_172_10626_net_89_11634_net_76_10367	config_three	3
net_172_10626	netmap_config_4	clustering_score_tf.json	0.9633333333333334	30312	239	239	1.0	1.0	net_84_11226_net_172_10626_net_89_11634_net_76_10367	config_three	3
net_84_11226	netmap_config_4	clustering_score_tf.json	0.9633333333333334	30312	98	98	1.0	1.0	net_84_11226_net_172_10626_net_89_11634_net_76_10367	config_three	3
net_89_11634	netmap_config_4	clustering_score_tf.json	0.9633333333333334	30312	98	98	1.0	1.0	net_84_11226_net_172_10626_net_89_11634_net_76_10367	config_three	3
net_172_10626	netmap_config_5	clustering_score_tf.json	1.0	30312	239	239	1.0	1.0	net_84_11226_net_172_10626_net_89_11634_net_76_10367	config_three	3
net_84_11226	netmap_config_5	clustering_score_tf.json	1.0	30312	98	98	1.0	1.0	net_84_11226_net_172_10626_net_89_11634_net_76_10367	config_three	3
net_89_11634	netmap_config_5	clustering_score_tf.json	1.0	30312	98	98	1.0	1.0	net_84_11226_net_172_10626_net_89_11634_net_76_10367	config_three	3
net_172_10626	netmap_config_6	clustering_score_tf.json	0.814	30312	239	239	1.0	1.0	net_84_11226_net_172_10626_net_89_11634_net_76_10367	config_three	3
net_84_11226	netmap_config_6	clustering_score_tf.json	0.814	30312	98	98	1.0	1.0	net_84_11226_net_172_10626_net_89_11634_net_76_10367	config_three	3
net_89_11634	netmap_config_6	clustering_score_tf.json	0.814	30312	98	98	1.0	1.0	net_84_11226_net_172_10626_net_89_11634_net_76_10367	config_three	3
net_172_10626	netmap_config_7	clustering_score_tf.json	0.8326666666666667	30312	239	239	1.0	1.0	net_84_11226_net_172_10626_net_89_11634_net_76_10367	config_three	3
net_84_11226	netmap_config_7	clustering_score_tf.json	0.8326666666666667	30312	98	98	1.0	1.0	net_84_11226_net_172_10626_net_89_11634_net_76_10367	config_three	3
net_89_11634	netmap_config_7	clustering_score_tf.json	0.8326666666666667	30312	98	98	1.0	1.0	net_84_11226_net_172_10626_net_89_11634_net_76_10367	config_three	3
net_172_10626	netmap_config_8	clustering_score_tf.json	1.0	30312	239	239	1.0	1.0	net_84_11226_net_172_10626_net_89_11634_net_76_10367	config_three	3
net_84_11226	netmap_config_8	clustering_score_tf.json	1.0	30312	98	98	1.0	1.0	net_84_11226_net_172_10626_net_89_11634_net_76_10367	config_three	3
net_89_11634	netmap_config_8	clustering_score_tf.json	1.0	30312	98	98	1.0	1.0	net_84_11226_net_172_10626_net_89_11634_net_76_10367	config_three	3
net_172_10626	netmap_config_9	clustering_score_tf.json	0.7946666666666666	30312	239	239	1.0	1.0	net_84_11226_net_172_10626_net_89_11634_net_76_10367	config_three	3
net_84_11226	netmap_config_9	clustering_score_tf.json	0.7946666666666666	30312	98	98	1.0	1.0	net_84_11226_net_172_10626_net_89_11634_net_76_10367	config_three	3
net_89_11634	netmap_config_9	clustering_score_tf.json	0.7946666666666666	30312	98	98	1.0	1.0	net_84_11226_net_172_10626_net_89_11634_net_76_10367	config_three	3
net_172_10626	scgenerai_config	clustering_score_tf.json	0.3426666666666667	17584	136	239	0.5690376569037657	0.5690376569037657	net_84_11226_net_172_10626_net_89_11634_net_76_10367	config_three	3
net_84_11226	scgenerai_config	clustering_score_tf.json	0.3426666666666667	17584	35	98	0.35714285714285715	0.35714285714285715	net_84_11226_net_172_10626_net_89_11634_net_76_10367	config_three	3
net_89_11634	scgenerai_config	clustering_score_tf.json	0.3426666666666667	17584	40	98	0.40816326530612246	0.40816326530612246	net_84_11226_net_172_10626_net_89_11634_net_76_10367	config_three	3
net_60_10082	netmap_config_1	clustering_score_tf.json	0.5113333333333333	17391	104	104	1.0	1.0	net_60_10082_net_64_11307_net_84_11226_net_133_10773	config_three	3
net_64_11307	netmap_config_1	clustering_score_tf.json	0.5113333333333333	17391	71	71	1.0	1.0	net_60_10082_net_64_11307_net_84_11226_net_133_10773	config_three	3
net_84_11226	netmap_config_1	clustering_score_tf.json	0.5113333333333333	17391	98	98	1.0	1.0	net_60_10082_net_64_11307_net_84_11226_net_133_10773	config_three	3
net_60_10082	netmap_config_10	clustering_score_tf.json	1.0	17391	104	104	1.0	1.0	net_60_10082_net_64_11307_net_84_11226_net_133_10773	config_three	3
net_64_11307	netmap_config_10	clustering_score_tf.json	1.0	17391	71	71	1.0	1.0	net_60_10082_net_64_11307_net_84_11226_net_133_10773	config_three	3
net_84_11226	netmap_config_10	clustering_score_tf.json	1.0	17391	98	98	1.0	1.0	net_60_10082_net_64_11307_net_84_11226_net_133_10773	config_three	3
net_60_10082	netmap_config_2	clustering_score_tf.json	1.0	17391	104	104	1.0	1.0	net_60_10082_net_64_11307_net_84_11226_net_133_10773	config_three	3
net_64_11307	netmap_config_2	clustering_score_tf.json	1.0	17391	71	71	1.0	1.0	net_60_10082_net_64_11307_net_84_11226_net_133_10773	config_three	3
net_84_11226	netmap_config_2	clustering_score_tf.json	1.0	17391	98	98	1.0	1.0	net_60_10082_net_64_11307_net_84_11226_net_133_10773	config_three	3
net_60_10082	netmap_config_3	clustering_score_tf.json	1.0	17391	104	104	1.0	1.0	net_60_10082_net_64_11307_net_84_11226_net_133_10773	config_three	3
net_64_11307	netmap_config_3	clustering_score_tf.json	1.0	17391	71	71	1.0	1.0	net_60_10082_net_64_11307_net_84_11226_net_133_10773	config_three	3
net_84_11226	netmap_config_3	clustering_score_tf.json	1.0	17391	98	98	1.0	1.0	net_60_10082_net_64_11307_net_84_11226_net_133_10773	config_three	3
net_60_10082	netmap_config_4	clustering_score_tf.json	1.0	17391	104	104	1.0	1.0	net_60_10082_net_64_11307_net_84_11226_net_133_10773	config_three	3
net_64_11307	netmap_config_4	clustering_score_tf.json	1.0	17391	71	71	1.0	1.0	net_60_10082_net_64_11307_net_84_11226_net_133_10773	config_three	3
net_84_11226	netmap_config_4	clustering_score_tf.json	1.0	17391	98	98	1.0	1.0	net_60_10082_net_64_11307_net_84_11226_net_133_10773	config_three	3
net_60_10082	netmap_config_5	clustering_score_tf.json	1.0	17391	104	104	1.0	1.0	net_60_10082_net_64_11307_net_84_11226_net_133_10773	config_three	3
net_64_11307	netmap_config_5	clustering_score_tf.json	1.0	17391	71	71	1.0	1.0	net_60_10082_net_64_11307_net_84_11226_net_133_10773	config_three	3
net_84_11226	netmap_config_5	clustering_score_tf.json	1.0	17391	98	98	1.0	1.0	net_60_10082_net_64_11307_net_84_11226_net_133_10773	config_three	3
net_60_10082	netmap_config_6	clustering_score_tf.json	1.0	17391	104	104	1.0	1.0	net_60_10082_net_64_11307_net_84_11226_net_133_10773	config_three	3
net_64_11307	netmap_config_6	clustering_score_tf.json	1.0	17391	71	71	1.0	1.0	net_60_10082_net_64_11307_net_84_11226_net_133_10773	config_three	3
net_84_11226	netmap_config_6	clustering_score_tf.json	1.0	17391	98	98	1.0	1.0	net_60_10082_net_64_11307_net_84_11226_net_133_10773	config_three	3
net_60_10082	netmap_config_7	clustering_score_tf.json	0.7333333333333333	17391	104	104	1.0	1.0	net_60_10082_net_64_11307_net_84_11226_net_133_10773	config_three	3
net_64_11307	netmap_config_7	clustering_score_tf.json	0.7333333333333333	17391	71	71	1.0	1.0	net_60_10082_net_64_11307_net_84_11226_net_133_10773	config_three	3
net_84_11226	netmap_config_7	clustering_score_tf.json	0.7333333333333333	17391	98	98	1.0	1.0	net_60_10082_net_64_11307_net_84_11226_net_133_10773	config_three	3
net_60_10082	netmap_config_8	clustering_score_tf.json	1.0	17391	104	104	1.0	1.0	net_60_10082_net_64_11307_net_84_11226_net_133_10773	config_three	3
net_64_11307	netmap_config_8	clustering_score_tf.json	1.0	17391	71	71	1.0	1.0	net_60_10082_net_64_11307_net_84_11226_net_133_10773	config_three	3
net_84_11226	netmap_config_8	clustering_score_tf.json	1.0	17391	98	98	1.0	1.0	net_60_10082_net_64_11307_net_84_11226_net_133_10773	config_three	3
net_60_10082	netmap_config_9	clustering_score_tf.json	0.9533333333333334	17391	104	104	1.0	1.0	net_60_10082_net_64_11307_net_84_11226_net_133_10773	config_three	3
net_64_11307	netmap_config_9	clustering_score_tf.json	0.9533333333333334	17391	71	71	1.0	1.0	net_60_10082_net_64_11307_net_84_11226_net_133_10773	config_three	3
net_84_11226	netmap_config_9	clustering_score_tf.json	0.9533333333333334	17391	98	98	1.0	1.0	net_60_10082_net_64_11307_net_84_11226_net_133_10773	config_three	3
net_60_10082	scgenerai_config	clustering_score_tf.json	0.346	7763	14	104	0.1346153846153846	0.1346153846153846	net_60_10082_net_64_11307_net_84_11226_net_133_10773	config_three	3
net_64_11307	scgenerai_config	clustering_score_tf.json	0.346	7763	18	71	0.2535211267605634	0.2535211267605634	net_60_10082_net_64_11307_net_84_11226_net_133_10773	config_three	3
net_84_11226	scgenerai_config	clustering_score_tf.json	0.346	7763	35	98	0.35714285714285715	0.35714285714285715	net_60_10082_net_64_11307_net_84_11226_net_133_10773	config_three	3
net_72_10551	netmap_config_1	clustering_score_tf.json	0.528	20907	189	189	1.0	1.0	net_82_10152_net_72_10551_net_98_11932_net_51_10906	config_three	3
net_82_10152	netmap_config_1	clustering_score_tf.json	0.528	20907	164	164	1.0	1.0	net_82_10152_net_72_10551_net_98_11932_net_51_10906	config_three	3
net_98_11932	netmap_config_1	clustering_score_tf.json	0.528	20907	105	105	1.0	1.0	net_82_10152_net_72_10551_net_98_11932_net_51_10906	config_three	3
net_72_10551	netmap_config_2	clustering_score_tf.json	1.0	20907	189	189	1.0	1.0	net_82_10152_net_72_10551_net_98_11932_net_51_10906	config_three	3
net_82_10152	netmap_config_2	clustering_score_tf.json	1.0	20907	164	164	1.0	1.0	net_82_10152_net_72_10551_net_98_11932_net_51_10906	config_three	3
net_98_11932	netmap_config_2	clustering_score_tf.json	1.0	20907	105	105	1.0	1.0	net_82_10152_net_72_10551_net_98_11932_net_51_10906	config_three	3
net_72_10551	netmap_config_3	clustering_score_tf.json	1.0	20907	189	189	1.0	1.0	net_82_10152_net_72_10551_net_98_11932_net_51_10906	config_three	3
net_82_10152	netmap_config_3	clustering_score_tf.json	1.0	20907	164	164	1.0	1.0	net_82_10152_net_72_10551_net_98_11932_net_51_10906	config_three	3
net_98_11932	netmap_config_3	clustering_score_tf.json	1.0	20907	105	105	1.0	1.0	net_82_10152_net_72_10551_net_98_11932_net_51_10906	config_three	3
net_72_10551	netmap_config_4	clustering_score_tf.json	1.0	20907	189	189	1.0	1.0	net_82_10152_net_72_10551_net_98_11932_net_51_10906	config_three	3
net_82_10152	netmap_config_4	clustering_score_tf.json	1.0	20907	164	164	1.0	1.0	net_82_10152_net_72_10551_net_98_11932_net_51_10906	config_three	3
net_98_11932	netmap_config_4	clustering_score_tf.json	1.0	20907	105	105	1.0	1.0	net_82_10152_net_72_10551_net_98_11932_net_51_10906	config_three	3
net_72_10551	netmap_config_5	clustering_score_tf.json	0.5593333333333333	20907	189	189	1.0	1.0	net_82_10152_net_72_10551_net_98_11932_net_51_10906	config_three	3
net_82_10152	netmap_config_5	clustering_score_tf.json	0.5593333333333333	20907	164	164	1.0	1.0	net_82_10152_net_72_10551_net_98_11932_net_51_10906	config_three	3
net_98_11932	netmap_config_5	clustering_score_tf.json	0.5593333333333333	20907	105	105	1.0	1.0	net_82_10152_net_72_10551_net_98_11932_net_51_10906	config_three	3
net_72_10551	netmap_config_6	clustering_score_tf.json	0.8113333333333334	20907	189	189	1.0	1.0	net_82_10152_net_72_10551_net_98_11932_net_51_10906	config_three	3
net_82_10152	netmap_config_6	clustering_score_tf.json	0.8113333333333334	20907	164	164	1.0	1.0	net_82_10152_net_72_10551_net_98_11932_net_51_10906	config_three	3
net_98_11932	netmap_config_6	clustering_score_tf.json	0.8113333333333334	20907	105	105	1.0	1.0	net_82_10152_net_72_10551_net_98_11932_net_51_10906	config_three	3
net_72_10551	netmap_config_7	clustering_score_tf.json	0.3606666666666667	20907	189	189	1.0	1.0	net_82_10152_net_72_10551_net_98_11932_net_51_10906	config_three	3
net_82_10152	netmap_config_7	clustering_score_tf.json	0.3606666666666667	20907	164	164	1.0	1.0	net_82_10152_net_72_10551_net_98_11932_net_51_10906	config_three	3
net_98_11932	netmap_config_7	clustering_score_tf.json	0.3606666666666667	20907	105	105	1.0	1.0	net_82_10152_net_72_10551_net_98_11932_net_51_10906	config_three	3
net_72_10551	netmap_config_8	clustering_score_tf.json	0.3606666666666667	20907	189	189	1.0	1.0	net_82_10152_net_72_10551_net_98_11932_net_51_10906	config_three	3
net_82_10152	netmap_config_8	clustering_score_tf.json	0.3606666666666667	20907	164	164	1.0	1.0	net_82_10152_net_72_10551_net_98_11932_net_51_10906	config_three	3
net_98_11932	netmap_config_8	clustering_score_tf.json	0.3606666666666667	20907	105	105	1.0	1.0	net_82_10152_net_72_10551_net_98_11932_net_51_10906	config_three	3
net_72_10551	netmap_config_9	clustering_score_tf.json	0.3606666666666667	20907	189	189	1.0	1.0	net_82_10152_net_72_10551_net_98_11932_net_51_10906	config_three	3
net_82_10152	netmap_config_9	clustering_score_tf.json	0.3606666666666667	20907	164	164	1.0	1.0	net_82_10152_net_72_10551_net_98_11932_net_51_10906	config_three	3
net_98_11932	netmap_config_9	clustering_score_tf.json	0.3606666666666667	20907	105	105	1.0	1.0	net_82_10152_net_72_10551_net_98_11932_net_51_10906	config_three	3
net_72_10551	scgenerai_config	clustering_score_tf.json	0.334	11625	97	189	0.5132275132275133	0.5132275132275133	net_82_10152_net_72_10551_net_98_11932_net_51_10906	config_three	3
net_82_10152	scgenerai_config	clustering_score_tf.json	0.334	11625	121	164	0.7378048780487805	0.7378048780487805	net_82_10152_net_72_10551_net_98_11932_net_51_10906	config_three	3
net_98_11932	scgenerai_config	clustering_score_tf.json	0.334	11625	38	105	0.3619047619047619	0.3619047619047619	net_82_10152_net_72_10551_net_98_11932_net_51_10906	config_three	3
net_60_10082	netmap_config_1	clustering_score_tf.json	1.0	16006	104	104	1.0	1.0	net_60_10082_net_90_11013_net_75_10306_net_77_11506	config_three	3
net_75_10306	netmap_config_1	clustering_score_tf.json	1.0	16006	175	175	1.0	1.0	net_60_10082_net_90_11013_net_75_10306_net_77_11506	config_three	3
net_90_11013	netmap_config_1	clustering_score_tf.json	1.0	16006	216	216	1.0	1.0	net_60_10082_net_90_11013_net_75_10306_net_77_11506	config_three	3
net_60_10082	netmap_config_10	clustering_score_tf.json	1.0	16006	104	104	1.0	1.0	net_60_10082_net_90_11013_net_75_10306_net_77_11506	config_three	3
net_75_10306	netmap_config_10	clustering_score_tf.json	1.0	16006	175	175	1.0	1.0	net_60_10082_net_90_11013_net_75_10306_net_77_11506	config_three	3
net_90_11013	netmap_config_10	clustering_score_tf.json	1.0	16006	216	216	1.0	1.0	net_60_10082_net_90_11013_net_75_10306_net_77_11506	config_three	3
net_60_10082	netmap_config_2	clustering_score_tf.json	0.5106666666666667	16006	104	104	1.0	1.0	net_60_10082_net_90_11013_net_75_10306_net_77_11506	config_three	3
net_75_10306	netmap_config_2	clustering_score_tf.json	0.5106666666666667	16006	175	175	1.0	1.0	net_60_10082_net_90_11013_net_75_10306_net_77_11506	config_three	3
net_90_11013	netmap_config_2	clustering_score_tf.json	0.5106666666666667	16006	216	216	1.0	1.0	net_60_10082_net_90_11013_net_75_10306_net_77_11506	config_three	3
net_60_10082	netmap_config_3	clustering_score_tf.json	0.5053333333333333	16006	104	104	1.0	1.0	net_60_10082_net_90_11013_net_75_10306_net_77_11506	config_three	3
net_75_10306	netmap_config_3	clustering_score_tf.json	0.5053333333333333	16006	175	175	1.0	1.0	net_60_10082_net_90_11013_net_75_10306_net_77_11506	config_three	3
net_90_11013	netmap_config_3	clustering_score_tf.json	0.5053333333333333	16006	216	216	1.0	1.0	net_60_10082_net_90_11013_net_75_10306_net_77_11506	config_three	3
net_60_10082	netmap_config_4	clustering_score_tf.json	0.5333333333333333	16006	104	104	1.0	1.0	net_60_10082_net_90_11013_net_75_10306_net_77_11506	config_three	3
net_75_10306	netmap_config_4	clustering_score_tf.json	0.5333333333333333	16006	175	175	1.0	1.0	net_60_10082_net_90_11013_net_75_10306_net_77_11506	config_three	3
net_90_11013	netmap_config_4	clustering_score_tf.json	0.5333333333333333	16006	216	216	1.0	1.0	net_60_10082_net_90_11013_net_75_10306_net_77_11506	config_three	3
net_60_10082	netmap_config_5	clustering_score_tf.json	0.9866666666666667	16006	104	104	1.0	1.0	net_60_10082_net_90_11013_net_75_10306_net_77_11506	config_three	3
net_75_10306	netmap_config_5	clustering_score_tf.json	0.9866666666666667	16006	175	175	1.0	1.0	net_60_10082_net_90_11013_net_75_10306_net_77_11506	config_three	3
net_90_11013	netmap_config_5	clustering_score_tf.json	0.9866666666666667	16006	216	216	1.0	1.0	net_60_10082_net_90_11013_net_75_10306_net_77_11506	config_three	3
net_60_10082	netmap_config_6	clustering_score_tf.json	1.0	16006	104	104	1.0	1.0	net_60_10082_net_90_11013_net_75_10306_net_77_11506	config_three	3
net_75_10306	netmap_config_6	clustering_score_tf.json	1.0	16006	175	175	1.0	1.0	net_60_10082_net_90_11013_net_75_10306_net_77_11506	config_three	3
net_90_11013	netmap_config_6	clustering_score_tf.json	1.0	16006	216	216	1.0	1.0	net_60_10082_net_90_11013_net_75_10306_net_77_11506	config_three	3
net_60_10082	netmap_config_7	clustering_score_tf.json	0.7786666666666666	16006	104	104	1.0	1.0	net_60_10082_net_90_11013_net_75_10306_net_77_11506	config_three	3
net_75_10306	netmap_config_7	clustering_score_tf.json	0.7786666666666666	16006	175	175	1.0	1.0	net_60_10082_net_90_11013_net_75_10306_net_77_11506	config_three	3
net_90_11013	netmap_config_7	clustering_score_tf.json	0.7786666666666666	16006	216	216	1.0	1.0	net_60_10082_net_90_11013_net_75_10306_net_77_11506	config_three	3
net_60_10082	netmap_config_8	clustering_score_tf.json	0.7213333333333334	16006	104	104	1.0	1.0	net_60_10082_net_90_11013_net_75_10306_net_77_11506	config_three	3
net_75_10306	netmap_config_8	clustering_score_tf.json	0.7213333333333334	16006	175	175	1.0	1.0	net_60_10082_net_90_11013_net_75_10306_net_77_11506	config_three	3
net_90_11013	netmap_config_8	clustering_score_tf.json	0.7213333333333334	16006	216	216	1.0	1.0	net_60_10082_net_90_11013_net_75_10306_net_77_11506	config_three	3
net_60_10082	netmap_config_9	clustering_score_tf.json	1.0	16006	104	104	1.0	1.0	net_60_10082_net_90_11013_net_75_10306_net_77_11506	config_three	3
net_75_10306	netmap_config_9	clustering_score_tf.json	1.0	16006	175	175	1.0	1.0	net_60_10082_net_90_11013_net_75_10306_net_77_11506	config_three	3
net_90_11013	netmap_config_9	clustering_score_tf.json	1.0	16006	216	216	1.0	1.0	net_60_10082_net_90_11013_net_75_10306_net_77_11506	config_three	3
net_60_10082	scgenerai_config	clustering_score_tf.json	0.334	8760	14	104	0.1346153846153846	0.1346153846153846	net_60_10082_net_90_11013_net_75_10306_net_77_11506	config_three	3
net_75_10306	scgenerai_config	clustering_score_tf.json	0.334	8760	123	175	0.7028571428571428	0.7028571428571428	net_60_10082_net_90_11013_net_75_10306_net_77_11506	config_three	3
net_90_11013	scgenerai_config	clustering_score_tf.json	0.334	8760	126	216	0.5833333333333334	0.5833333333333334	net_60_10082_net_90_11013_net_75_10306_net_77_11506	config_three	3
net_84_10865	netmap_config_1	clustering_score_tf.json	1.0	24472	154	154	1.0	1.0	net_84_10865_net_88_10937_net_90_11013_net_60_10703	config_three	3
net_88_10937	netmap_config_1	clustering_score_tf.json	1.0	24472	184	184	1.0	1.0	net_84_10865_net_88_10937_net_90_11013_net_60_10703	config_three	3
net_90_11013	netmap_config_1	clustering_score_tf.json	1.0	24472	216	216	1.0	1.0	net_84_10865_net_88_10937_net_90_11013_net_60_10703	config_three	3
net_84_10865	netmap_config_2	clustering_score_tf.json	1.0	24472	154	154	1.0	1.0	net_84_10865_net_88_10937_net_90_11013_net_60_10703	config_three	3
net_88_10937	netmap_config_2	clustering_score_tf.json	1.0	24472	184	184	1.0	1.0	net_84_10865_net_88_10937_net_90_11013_net_60_10703	config_three	3
net_90_11013	netmap_config_2	clustering_score_tf.json	1.0	24472	216	216	1.0	1.0	net_84_10865_net_88_10937_net_90_11013_net_60_10703	config_three	3
net_84_10865	netmap_config_3	clustering_score_tf.json	1.0	24472	154	154	1.0	1.0	net_84_10865_net_88_10937_net_90_11013_net_60_10703	config_three	3
net_88_10937	netmap_config_3	clustering_score_tf.json	1.0	24472	184	184	1.0	1.0	net_84_10865_net_88_10937_net_90_11013_net_60_10703	config_three	3
net_90_11013	netmap_config_3	clustering_score_tf.json	1.0	24472	216	216	1.0	1.0	net_84_10865_net_88_10937_net_90_11013_net_60_10703	config_three	3
net_84_10865	netmap_config_4	clustering_score_tf.json	0.81	24472	154	154	1.0	1.0	net_84_10865_net_88_10937_net_90_11013_net_60_10703	config_three	3
net_88_10937	netmap_config_4	clustering_score_tf.json	0.81	24472	184	184	1.0	1.0	net_84_10865_net_88_10937_net_90_11013_net_60_10703	config_three	3
net_90_11013	netmap_config_4	clustering_score_tf.json	0.81	24472	216	216	1.0	1.0	net_84_10865_net_88_10937_net_90_11013_net_60_10703	config_three	3
net_84_10865	netmap_config_5	clustering_score_tf.json	1.0	24472	154	154	1.0	1.0	net_84_10865_net_88_10937_net_90_11013_net_60_10703	config_three	3
net_88_10937	netmap_config_5	clustering_score_tf.json	1.0	24472	184	184	1.0	1.0	net_84_10865_net_88_10937_net_90_11013_net_60_10703	config_three	3
net_90_11013	netmap_config_5	clustering_score_tf.json	1.0	24472	216	216	1.0	1.0	net_84_10865_net_88_10937_net_90_11013_net_60_10703	config_three	3
net_84_10865	netmap_config_6	clustering_score_tf.json	1.0	24472	154	154	1.0	1.0	net_84_10865_net_88_10937_net_90_11013_net_60_10703	config_three	3
net_88_10937	netmap_config_6	clustering_score_tf.json	1.0	24472	184	184	1.0	1.0	net_84_10865_net_88_10937_net_90_11013_net_60_10703	config_three	3
net_90_11013	netmap_config_6	clustering_score_tf.json	1.0	24472	216	216	1.0	1.0	net_84_10865_net_88_10937_net_90_11013_net_60_10703	config_three	3
net_84_10865	netmap_config_7	clustering_score_tf.json	0.3606666666666667	24472	154	154	1.0	1.0	net_84_10865_net_88_10937_net_90_11013_net_60_10703	config_three	3
net_88_10937	netmap_config_7	clustering_score_tf.json	0.3606666666666667	24472	184	184	1.0	1.0	net_84_10865_net_88_10937_net_90_11013_net_60_10703	config_three	3
net_90_11013	netmap_config_7	clustering_score_tf.json	0.3606666666666667	24472	216	216	1.0	1.0	net_84_10865_net_88_10937_net_90_11013_net_60_10703	config_three	3
net_84_10865	netmap_config_8	clustering_score_tf.json	1.0	24472	154	154	1.0	1.0	net_84_10865_net_88_10937_net_90_11013_net_60_10703	config_three	3
net_88_10937	netmap_config_8	clustering_score_tf.json	1.0	24472	184	184	1.0	1.0	net_84_10865_net_88_10937_net_90_11013_net_60_10703	config_three	3
net_90_11013	netmap_config_8	clustering_score_tf.json	1.0	24472	216	216	1.0	1.0	net_84_10865_net_88_10937_net_90_11013_net_60_10703	config_three	3
net_84_10865	netmap_config_9	clustering_score_tf.json	0.5046666666666667	24472	154	154	1.0	1.0	net_84_10865_net_88_10937_net_90_11013_net_60_10703	config_three	3
net_88_10937	netmap_config_9	clustering_score_tf.json	0.5046666666666667	24472	184	184	1.0	1.0	net_84_10865_net_88_10937_net_90_11013_net_60_10703	config_three	3
net_90_11013	netmap_config_9	clustering_score_tf.json	0.5046666666666667	24472	216	216	1.0	1.0	net_84_10865_net_88_10937_net_90_11013_net_60_10703	config_three	3
net_84_10865	scgenerai_config	clustering_score_tf.json	0.338	14252	86	154	0.5584415584415584	0.5584415584415584	net_84_10865_net_88_10937_net_90_11013_net_60_10703	config_three	3
net_88_10937	scgenerai_config	clustering_score_tf.json	0.338	14252	129	184	0.7010869565217391	0.7010869565217391	net_84_10865_net_88_10937_net_90_11013_net_60_10703	config_three	3
net_90_11013	scgenerai_config	clustering_score_tf.json	0.338	14252	126	216	0.5833333333333334	0.5833333333333334	net_84_10865_net_88_10937_net_90_11013_net_60_10703	config_three	3
net_115_11153	netmap_config_1	clustering_score_tf.json	0.514	19700	117	117	1.0	1.0	net_141_11706_net_81_10586_net_115_11153_net_57_10409	config_three	3
net_141_11706	netmap_config_1	clustering_score_tf.json	0.514	19700	175	175	1.0	1.0	net_141_11706_net_81_10586_net_115_11153_net_57_10409	config_three	3
net_81_10586	netmap_config_1	clustering_score_tf.json	0.514	19700	101	101	1.0	1.0	net_141_11706_net_81_10586_net_115_11153_net_57_10409	config_three	3
net_115_11153	netmap_config_2	clustering_score_tf.json	1.0	19700	117	117	1.0	1.0	net_141_11706_net_81_10586_net_115_11153_net_57_10409	config_three	3
net_141_11706	netmap_config_2	clustering_score_tf.json	1.0	19700	175	175	1.0	1.0	net_141_11706_net_81_10586_net_115_11153_net_57_10409	config_three	3
net_81_10586	netmap_config_2	clustering_score_tf.json	1.0	19700	101	101	1.0	1.0	net_141_11706_net_81_10586_net_115_11153_net_57_10409	config_three	3
net_115_11153	netmap_config_3	clustering_score_tf.json	1.0	19700	117	117	1.0	1.0	net_141_11706_net_81_10586_net_115_11153_net_57_10409	config_three	3
net_141_11706	netmap_config_3	clustering_score_tf.json	1.0	19700	175	175	1.0	1.0	net_141_11706_net_81_10586_net_115_11153_net_57_10409	config_three	3
net_81_10586	netmap_config_3	clustering_score_tf.json	1.0	19700	101	101	1.0	1.0	net_141_11706_net_81_10586_net_115_11153_net_57_10409	config_three	3
net_115_11153	netmap_config_4	clustering_score_tf.json	1.0	19700	117	117	1.0	1.0	net_141_11706_net_81_10586_net_115_11153_net_57_10409	config_three	3
net_141_11706	netmap_config_4	clustering_score_tf.json	1.0	19700	175	175	1.0	1.0	net_141_11706_net_81_10586_net_115_11153_net_57_10409	config_three	3
net_81_10586	netmap_config_4	clustering_score_tf.json	1.0	19700	101	101	1.0	1.0	net_141_11706_net_81_10586_net_115_11153_net_57_10409	config_three	3
net_115_11153	netmap_config_5	clustering_score_tf.json	0.526	19700	117	117	1.0	1.0	net_141_11706_net_81_10586_net_115_11153_net_57_10409	config_three	3
net_141_11706	netmap_config_5	clustering_score_tf.json	0.526	19700	175	175	1.0	1.0	net_141_11706_net_81_10586_net_115_11153_net_57_10409	config_three	3
net_81_10586	netmap_config_5	clustering_score_tf.json	0.526	19700	101	101	1.0	1.0	net_141_11706_net_81_10586_net_115_11153_net_57_10409	config_three	3
net_115_11153	netmap_config_6	clustering_score_tf.json	1.0	19700	117	117	1.0	1.0	net_141_11706_net_81_10586_net_115_11153_net_57_10409	config_three	3
net_141_11706	netmap_config_6	clustering_score_tf.json	1.0	19700	175	175	1.0	1.0	net_141_11706_net_81_10586_net_115_11153_net_57_10409	config_three	3
net_81_10586	netmap_config_6	clustering_score_tf.json	1.0	19700	101	101	1.0	1.0	net_141_11706_net_81_10586_net_115_11153_net_57_10409	config_three	3
net_115_11153	netmap_config_7	clustering_score_tf.json	0.7766666666666666	19700	117	117	1.0	1.0	net_141_11706_net_81_10586_net_115_11153_net_57_10409	config_three	3
net_141_11706	netmap_config_7	clustering_score_tf.json	0.7766666666666666	19700	175	175	1.0	1.0	net_141_11706_net_81_10586_net_115_11153_net_57_10409	config_three	3
net_81_10586	netmap_config_7	clustering_score_tf.json	0.7766666666666666	19700	101	101	1.0	1.0	net_141_11706_net_81_10586_net_115_11153_net_57_10409	config_three	3
net_115_11153	netmap_config_8	clustering_score_tf.json	0.7573333333333333	19700	117	117	1.0	1.0	net_141_11706_net_81_10586_net_115_11153_net_57_10409	config_three	3
net_141_11706	netmap_config_8	clustering_score_tf.json	0.7573333333333333	19700	175	175	1.0	1.0	net_141_11706_net_81_10586_net_115_11153_net_57_10409	config_three	3
net_81_10586	netmap_config_8	clustering_score_tf.json	0.7573333333333333	19700	101	101	1.0	1.0	net_141_11706_net_81_10586_net_115_11153_net_57_10409	config_three	3
net_115_11153	netmap_config_9	clustering_score_tf.json	1.0	19700	117	117	1.0	1.0	net_141_11706_net_81_10586_net_115_11153_net_57_10409	config_three	3
net_141_11706	netmap_config_9	clustering_score_tf.json	1.0	19700	175	175	1.0	1.0	net_141_11706_net_81_10586_net_115_11153_net_57_10409	config_three	3
net_81_10586	netmap_config_9	clustering_score_tf.json	1.0	19700	101	101	1.0	1.0	net_141_11706_net_81_10586_net_115_11153_net_57_10409	config_three	3
net_115_11153	scgenerai_config	clustering_score_tf.json	0.334	10673	14	117	0.11965811965811966	0.11965811965811966	net_141_11706_net_81_10586_net_115_11153_net_57_10409	config_three	3
net_141_11706	scgenerai_config	clustering_score_tf.json	0.334	10673	127	175	0.7257142857142858	0.7257142857142858	net_141_11706_net_81_10586_net_115_11153_net_57_10409	config_three	3
net_81_10586	scgenerai_config	clustering_score_tf.json	0.334	10673	51	101	0.504950495049505	0.504950495049505	net_141_11706_net_81_10586_net_115_11153_net_57_10409	config_three	3
net_141_11706	netmap_config_1	clustering_score_tf.json	0.914	18411	175	175	1.0	1.0	net_141_11706_net_61_10737_net_70_11670_net_51_10906	config_three	3
net_61_10737	netmap_config_1	clustering_score_tf.json	0.914	18411	132	132	1.0	1.0	net_141_11706_net_61_10737_net_70_11670_net_51_10906	config_three	3
net_70_11670	netmap_config_1	clustering_score_tf.json	0.914	18411	80	80	1.0	1.0	net_141_11706_net_61_10737_net_70_11670_net_51_10906	config_three	3
net_141_11706	netmap_config_2	clustering_score_tf.json	0.9953333333333333	18411	175	175	1.0	1.0	net_141_11706_net_61_10737_net_70_11670_net_51_10906	config_three	3
net_61_10737	netmap_config_2	clustering_score_tf.json	0.9953333333333333	18411	132	132	1.0	1.0	net_141_11706_net_61_10737_net_70_11670_net_51_10906	config_three	3
net_70_11670	netmap_config_2	clustering_score_tf.json	0.9953333333333333	18411	80	80	1.0	1.0	net_141_11706_net_61_10737_net_70_11670_net_51_10906	config_three	3
net_141_11706	netmap_config_3	clustering_score_tf.json	0.9973333333333333	18411	175	175	1.0	1.0	net_141_11706_net_61_10737_net_70_11670_net_51_10906	config_three	3
net_61_10737	netmap_config_3	clustering_score_tf.json	0.9973333333333333	18411	132	132	1.0	1.0	net_141_11706_net_61_10737_net_70_11670_net_51_10906	config_three	3
net_70_11670	netmap_config_3	clustering_score_tf.json	0.9973333333333333	18411	80	80	1.0	1.0	net_141_11706_net_61_10737_net_70_11670_net_51_10906	config_three	3
net_141_11706	netmap_config_4	clustering_score_tf.json	1.0	18411	175	175	1.0	1.0	net_141_11706_net_61_10737_net_70_11670_net_51_10906	config_three	3
net_61_10737	netmap_config_4	clustering_score_tf.json	1.0	18411	132	132	1.0	1.0	net_141_11706_net_61_10737_net_70_11670_net_51_10906	config_three	3
net_70_11670	netmap_config_4	clustering_score_tf.json	1.0	18411	80	80	1.0	1.0	net_141_11706_net_61_10737_net_70_11670_net_51_10906	config_three	3
net_141_11706	netmap_config_5	clustering_score_tf.json	1.0	18411	175	175	1.0	1.0	net_141_11706_net_61_10737_net_70_11670_net_51_10906	config_three	3
net_61_10737	netmap_config_5	clustering_score_tf.json	1.0	18411	132	132	1.0	1.0	net_141_11706_net_61_10737_net_70_11670_net_51_10906	config_three	3
net_70_11670	netmap_config_5	clustering_score_tf.json	1.0	18411	80	80	1.0	1.0	net_141_11706_net_61_10737_net_70_11670_net_51_10906	config_three	3
net_141_11706	netmap_config_6	clustering_score_tf.json	0.7666666666666667	18411	175	175	1.0	1.0	net_141_11706_net_61_10737_net_70_11670_net_51_10906	config_three	3
net_61_10737	netmap_config_6	clustering_score_tf.json	0.7666666666666667	18411	132	132	1.0	1.0	net_141_11706_net_61_10737_net_70_11670_net_51_10906	config_three	3
net_70_11670	netmap_config_6	clustering_score_tf.json	0.7666666666666667	18411	80	80	1.0	1.0	net_141_11706_net_61_10737_net_70_11670_net_51_10906	config_three	3
net_141_11706	netmap_config_7	clustering_score_tf.json	0.3606666666666667	18411	175	175	1.0	1.0	net_141_11706_net_61_10737_net_70_11670_net_51_10906	config_three	3
net_61_10737	netmap_config_7	clustering_score_tf.json	0.3606666666666667	18411	132	132	1.0	1.0	net_141_11706_net_61_10737_net_70_11670_net_51_10906	config_three	3
net_70_11670	netmap_config_7	clustering_score_tf.json	0.3606666666666667	18411	80	80	1.0	1.0	net_141_11706_net_61_10737_net_70_11670_net_51_10906	config_three	3
net_141_11706	netmap_config_8	clustering_score_tf.json	0.3606666666666667	18411	175	175	1.0	1.0	net_141_11706_net_61_10737_net_70_11670_net_51_10906	config_three	3
net_61_10737	netmap_config_8	clustering_score_tf.json	0.3606666666666667	18411	132	132	1.0	1.0	net_141_11706_net_61_10737_net_70_11670_net_51_10906	config_three	3
net_70_11670	netmap_config_8	clustering_score_tf.json	0.3606666666666667	18411	80	80	1.0	1.0	net_141_11706_net_61_10737_net_70_11670_net_51_10906	config_three	3
net_141_11706	netmap_config_9	clustering_score_tf.json	0.3606666666666667	18411	175	175	1.0	1.0	net_141_11706_net_61_10737_net_70_11670_net_51_10906	config_three	3
net_61_10737	netmap_config_9	clustering_score_tf.json	0.3606666666666667	18411	132	132	1.0	1.0	net_141_11706_net_61_10737_net_70_11670_net_51_10906	config_three	3
net_70_11670	netmap_config_9	clustering_score_tf.json	0.3606666666666667	18411	80	80	1.0	1.0	net_141_11706_net_61_10737_net_70_11670_net_51_10906	config_three	3
net_141_11706	scgenerai_config	clustering_score_tf.json	0.334	10153	127	175	0.7257142857142858	0.7257142857142858	net_141_11706_net_61_10737_net_70_11670_net_51_10906	config_three	3
net_61_10737	scgenerai_config	clustering_score_tf.json	0.334	10153	80	132	0.6060606060606061	0.6060606060606061	net_141_11706_net_61_10737_net_70_11670_net_51_10906	config_three	3
net_70_11670	scgenerai_config	clustering_score_tf.json	0.334	10153	47	80	0.5875	0.5875	net_141_11706_net_61_10737_net_70_11670_net_51_10906	config_three	3
net_115_11153	netmap_config_1	clustering_score_tf.json	1.0	16125	117	117	1.0	1.0	net_75_10306_net_115_11153_net_72_10551_net_113_11113	config_three	3
net_72_10551	netmap_config_1	clustering_score_tf.json	1.0	16125	189	189	1.0	1.0	net_75_10306_net_115_11153_net_72_10551_net_113_11113	config_three	3
net_75_10306	netmap_config_1	clustering_score_tf.json	1.0	16125	175	175	1.0	1.0	net_75_10306_net_115_11153_net_72_10551_net_113_11113	config_three	3
net_115_11153	netmap_config_2	clustering_score_tf.json	1.0	16125	117	117	1.0	1.0	net_75_10306_net_115_11153_net_72_10551_net_113_11113	config_three	3
net_72_10551	netmap_config_2	clustering_score_tf.json	1.0	16125	189	189	1.0	1.0	net_75_10306_net_115_11153_net_72_10551_net_113_11113	config_three	3
net_75_10306	netmap_config_2	clustering_score_tf.json	1.0	16125	175	175	1.0	1.0	net_75_10306_net_115_11153_net_72_10551_net_113_11113	config_three	3
net_115_11153	netmap_config_3	clustering_score_tf.json	1.0	16125	117	117	1.0	1.0	net_75_10306_net_115_11153_net_72_10551_net_113_11113	config_three	3
net_72_10551	netmap_config_3	clustering_score_tf.json	1.0	16125	189	189	1.0	1.0	net_75_10306_net_115_11153_net_72_10551_net_113_11113	config_three	3
net_75_10306	netmap_config_3	clustering_score_tf.json	1.0	16125	175	175	1.0	1.0	net_75_10306_net_115_11153_net_72_10551_net_113_11113	config_three	3
net_115_11153	netmap_config_4	clustering_score_tf.json	1.0	16125	117	117	1.0	1.0	net_75_10306_net_115_11153_net_72_10551_net_113_11113	config_three	3
net_72_10551	netmap_config_4	clustering_score_tf.json	1.0	16125	189	189	1.0	1.0	net_75_10306_net_115_11153_net_72_10551_net_113_11113	config_three	3
net_75_10306	netmap_config_4	clustering_score_tf.json	1.0	16125	175	175	1.0	1.0	net_75_10306_net_115_11153_net_72_10551_net_113_11113	config_three	3
net_115_11153	netmap_config_5	clustering_score_tf.json	1.0	16125	117	117	1.0	1.0	net_75_10306_net_115_11153_net_72_10551_net_113_11113	config_three	3
net_72_10551	netmap_config_5	clustering_score_tf.json	1.0	16125	189	189	1.0	1.0	net_75_10306_net_115_11153_net_72_10551_net_113_11113	config_three	3
net_75_10306	netmap_config_5	clustering_score_tf.json	1.0	16125	175	175	1.0	1.0	net_75_10306_net_115_11153_net_72_10551_net_113_11113	config_three	3
net_115_11153	netmap_config_6	clustering_score_tf.json	0.5393333333333333	16125	117	117	1.0	1.0	net_75_10306_net_115_11153_net_72_10551_net_113_11113	config_three	3
net_72_10551	netmap_config_6	clustering_score_tf.json	0.5393333333333333	16125	189	189	1.0	1.0	net_75_10306_net_115_11153_net_72_10551_net_113_11113	config_three	3
net_75_10306	netmap_config_6	clustering_score_tf.json	0.5393333333333333	16125	175	175	1.0	1.0	net_75_10306_net_115_11153_net_72_10551_net_113_11113	config_three	3
net_115_11153	netmap_config_7	clustering_score_tf.json	0.7866666666666666	16125	117	117	1.0	1.0	net_75_10306_net_115_11153_net_72_10551_net_113_11113	config_three	3
net_72_10551	netmap_config_7	clustering_score_tf.json	0.7866666666666666	16125	189	189	1.0	1.0	net_75_10306_net_115_11153_net_72_10551_net_113_11113	config_three	3
net_75_10306	netmap_config_7	clustering_score_tf.json	0.7866666666666666	16125	175	175	1.0	1.0	net_75_10306_net_115_11153_net_72_10551_net_113_11113	config_three	3
net_115_11153	netmap_config_8	clustering_score_tf.json	1.0	16125	117	117	1.0	1.0	net_75_10306_net_115_11153_net_72_10551_net_113_11113	config_three	3
net_72_10551	netmap_config_8	clustering_score_tf.json	1.0	16125	189	189	1.0	1.0	net_75_10306_net_115_11153_net_72_10551_net_113_11113	config_three	3
net_75_10306	netmap_config_8	clustering_score_tf.json	1.0	16125	175	175	1.0	1.0	net_75_10306_net_115_11153_net_72_10551_net_113_11113	config_three	3
net_115_11153	netmap_config_9	clustering_score_tf.json	1.0	16125	117	117	1.0	1.0	net_75_10306_net_115_11153_net_72_10551_net_113_11113	config_three	3
net_72_10551	netmap_config_9	clustering_score_tf.json	1.0	16125	189	189	1.0	1.0	net_75_10306_net_115_11153_net_72_10551_net_113_11113	config_three	3
net_75_10306	netmap_config_9	clustering_score_tf.json	1.0	16125	175	175	1.0	1.0	net_75_10306_net_115_11153_net_72_10551_net_113_11113	config_three	3
net_115_11153	scgenerai_config	clustering_score_tf.json	0.334	8923	14	117	0.11965811965811966	0.11965811965811966	net_75_10306_net_115_11153_net_72_10551_net_113_11113	config_three	3
net_72_10551	scgenerai_config	clustering_score_tf.json	0.334	8923	97	189	0.5132275132275133	0.5132275132275133	net_75_10306_net_115_11153_net_72_10551_net_113_11113	config_three	3
net_75_10306	scgenerai_config	clustering_score_tf.json	0.334	8923	123	175	0.7028571428571428	0.7028571428571428	net_75_10306_net_115_11153_net_72_10551_net_113_11113	config_three	3
net_135_11054	netmap_config_1	clustering_score_tf.json	1.0	18444	264	264	1.0	1.0	net_70_11431_net_60_10082_net_135_11054_net_53_11196	config_three_noise	3
net_60_10082	netmap_config_1	clustering_score_tf.json	1.0	18444	104	104	1.0	1.0	net_70_11431_net_60_10082_net_135_11054_net_53_11196	config_three_noise	3
net_70_11431	netmap_config_1	clustering_score_tf.json	1.0	18444	88	88	1.0	1.0	net_70_11431_net_60_10082_net_135_11054_net_53_11196	config_three_noise	3
net_135_11054	netmap_config_10	clustering_score_tf.json	1.0	18444	264	264	1.0	1.0	net_70_11431_net_60_10082_net_135_11054_net_53_11196	config_three_noise	3
net_60_10082	netmap_config_10	clustering_score_tf.json	1.0	18444	104	104	1.0	1.0	net_70_11431_net_60_10082_net_135_11054_net_53_11196	config_three_noise	3
net_70_11431	netmap_config_10	clustering_score_tf.json	1.0	18444	88	88	1.0	1.0	net_70_11431_net_60_10082_net_135_11054_net_53_11196	config_three_noise	3
net_135_11054	netmap_config_2	clustering_score_tf.json	1.0	18444	264	264	1.0	1.0	net_70_11431_net_60_10082_net_135_11054_net_53_11196	config_three_noise	3
net_60_10082	netmap_config_2	clustering_score_tf.json	1.0	18444	104	104	1.0	1.0	net_70_11431_net_60_10082_net_135_11054_net_53_11196	config_three_noise	3
net_70_11431	netmap_config_2	clustering_score_tf.json	1.0	18444	88	88	1.0	1.0	net_70_11431_net_60_10082_net_135_11054_net_53_11196	config_three_noise	3
net_135_11054	netmap_config_3	clustering_score_tf.json	1.0	18444	264	264	1.0	1.0	net_70_11431_net_60_10082_net_135_11054_net_53_11196	config_three_noise	3
net_60_10082	netmap_config_3	clustering_score_tf.json	1.0	18444	104	104	1.0	1.0	net_70_11431_net_60_10082_net_135_11054_net_53_11196	config_three_noise	3
net_70_11431	netmap_config_3	clustering_score_tf.json	1.0	18444	88	88	1.0	1.0	net_70_11431_net_60_10082_net_135_11054_net_53_11196	config_three_noise	3
net_135_11054	netmap_config_4	clustering_score_tf.json	1.0	18444	264	264	1.0	1.0	net_70_11431_net_60_10082_net_135_11054_net_53_11196	config_three_noise	3
net_60_10082	netmap_config_4	clustering_score_tf.json	1.0	18444	104	104	1.0	1.0	net_70_11431_net_60_10082_net_135_11054_net_53_11196	config_three_noise	3
net_70_11431	netmap_config_4	clustering_score_tf.json	1.0	18444	88	88	1.0	1.0	net_70_11431_net_60_10082_net_135_11054_net_53_11196	config_three_noise	3
net_135_11054	netmap_config_5	clustering_score_tf.json	1.0	18444	264	264	1.0	1.0	net_70_11431_net_60_10082_net_135_11054_net_53_11196	config_three_noise	3
net_60_10082	netmap_config_5	clustering_score_tf.json	1.0	18444	104	104	1.0	1.0	net_70_11431_net_60_10082_net_135_11054_net_53_11196	config_three_noise	3
net_70_11431	netmap_config_5	clustering_score_tf.json	1.0	18444	88	88	1.0	1.0	net_70_11431_net_60_10082_net_135_11054_net_53_11196	config_three_noise	3
net_135_11054	netmap_config_6	clustering_score_tf.json	1.0	18444	264	264	1.0	1.0	net_70_11431_net_60_10082_net_135_11054_net_53_11196	config_three_noise	3
net_60_10082	netmap_config_6	clustering_score_tf.json	1.0	18444	104	104	1.0	1.0	net_70_11431_net_60_10082_net_135_11054_net_53_11196	config_three_noise	3
net_70_11431	netmap_config_6	clustering_score_tf.json	1.0	18444	88	88	1.0	1.0	net_70_11431_net_60_10082_net_135_11054_net_53_11196	config_three_noise	3
net_135_11054	netmap_config_7	clustering_score_tf.json	1.0	18444	264	264	1.0	1.0	net_70_11431_net_60_10082_net_135_11054_net_53_11196	config_three_noise	3
net_60_10082	netmap_config_7	clustering_score_tf.json	1.0	18444	104	104	1.0	1.0	net_70_11431_net_60_10082_net_135_11054_net_53_11196	config_three_noise	3
net_70_11431	netmap_config_7	clustering_score_tf.json	1.0	18444	88	88	1.0	1.0	net_70_11431_net_60_10082_net_135_11054_net_53_11196	config_three_noise	3
net_135_11054	netmap_config_8	clustering_score_tf.json	1.0	18444	264	264	1.0	1.0	net_70_11431_net_60_10082_net_135_11054_net_53_11196	config_three_noise	3
net_60_10082	netmap_config_8	clustering_score_tf.json	1.0	18444	104	104	1.0	1.0	net_70_11431_net_60_10082_net_135_11054_net_53_11196	config_three_noise	3
net_70_11431	netmap_config_8	clustering_score_tf.json	1.0	18444	88	88	1.0	1.0	net_70_11431_net_60_10082_net_135_11054_net_53_11196	config_three_noise	3
net_135_11054	netmap_config_9	clustering_score_tf.json	0.5706666666666667	18444	264	264	1.0	1.0	net_70_11431_net_60_10082_net_135_11054_net_53_11196	config_three_noise	3
net_60_10082	netmap_config_9	clustering_score_tf.json	0.5706666666666667	18444	104	104	1.0	1.0	net_70_11431_net_60_10082_net_135_11054_net_53_11196	config_three_noise	3
net_70_11431	netmap_config_9	clustering_score_tf.json	0.5706666666666667	18444	88	88	1.0	1.0	net_70_11431_net_60_10082_net_135_11054_net_53_11196	config_three_noise	3
net_135_11054	scgenerai_config	clustering_score_tf.json	0.334	9992	180	264	0.6818181818181818	0.6818181818181818	net_70_11431_net_60_10082_net_135_11054_net_53_11196	config_three_noise	3
net_60_10082	scgenerai_config	clustering_score_tf.json	0.334	9992	14	104	0.1346153846153846	0.1346153846153846	net_70_11431_net_60_10082_net_135_11054_net_53_11196	config_three_noise	3
net_70_11431	scgenerai_config	clustering_score_tf.json	0.334	9992	39	88	0.4431818181818182	0.4431818181818182	net_70_11431_net_60_10082_net_135_11054_net_53_11196	config_three_noise	3
net_59_10488	netmap_config_1	clustering_score_tf.json	1.0	14432	87	87	1.0	1.0	net_70_11431_net_84_9903_net_59_10488_net_115_11153	config_three_noise	3
net_70_11431	netmap_config_1	clustering_score_tf.json	1.0	14432	88	88	1.0	1.0	net_70_11431_net_84_9903_net_59_10488_net_115_11153	config_three_noise	3
net_84_9903	netmap_config_1	clustering_score_tf.json	1.0	14432	117	117	1.0	1.0	net_70_11431_net_84_9903_net_59_10488_net_115_11153	config_three_noise	3
net_59_10488	netmap_config_2	clustering_score_tf.json	1.0	14432	87	87	1.0	1.0	net_70_11431_net_84_9903_net_59_10488_net_115_11153	config_three_noise	3
net_70_11431	netmap_config_2	clustering_score_tf.json	1.0	14432	88	88	1.0	1.0	net_70_11431_net_84_9903_net_59_10488_net_115_11153	config_three_noise	3
net_84_9903	netmap_config_2	clustering_score_tf.json	1.0	14432	117	117	1.0	1.0	net_70_11431_net_84_9903_net_59_10488_net_115_11153	config_three_noise	3
net_59_10488	netmap_config_3	clustering_score_tf.json	1.0	14432	87	87	1.0	1.0	net_70_11431_net_84_9903_net_59_10488_net_115_11153	config_three_noise	3
net_70_11431	netmap_config_3	clustering_score_tf.json	1.0	14432	88	88	1.0	1.0	net_70_11431_net_84_9903_net_59_10488_net_115_11153	config_three_noise	3
net_84_9903	netmap_config_3	clustering_score_tf.json	1.0	14432	117	117	1.0	1.0	net_70_11431_net_84_9903_net_59_10488_net_115_11153	config_three_noise	3
net_59_10488	netmap_config_4	clustering_score_tf.json	1.0	14432	87	87	1.0	1.0	net_70_11431_net_84_9903_net_59_10488_net_115_11153	config_three_noise	3
net_70_11431	netmap_config_4	clustering_score_tf.json	1.0	14432	88	88	1.0	1.0	net_70_11431_net_84_9903_net_59_10488_net_115_11153	config_three_noise	3
net_84_9903	netmap_config_4	clustering_score_tf.json	1.0	14432	117	117	1.0	1.0	net_70_11431_net_84_9903_net_59_10488_net_115_11153	config_three_noise	3
net_59_10488	netmap_config_5	clustering_score_tf.json	1.0	14432	87	87	1.0	1.0	net_70_11431_net_84_9903_net_59_10488_net_115_11153	config_three_noise	3
net_70_11431	netmap_config_5	clustering_score_tf.json	1.0	14432	88	88	1.0	1.0	net_70_11431_net_84_9903_net_59_10488_net_115_11153	config_three_noise	3
net_84_9903	netmap_config_5	clustering_score_tf.json	1.0	14432	117	117	1.0	1.0	net_70_11431_net_84_9903_net_59_10488_net_115_11153	config_three_noise	3
net_59_10488	netmap_config_6	clustering_score_tf.json	1.0	14432	87	87	1.0	1.0	net_70_11431_net_84_9903_net_59_10488_net_115_11153	config_three_noise	3
net_70_11431	netmap_config_6	clustering_score_tf.json	1.0	14432	88	88	1.0	1.0	net_70_11431_net_84_9903_net_59_10488_net_115_11153	config_three_noise	3
net_84_9903	netmap_config_6	clustering_score_tf.json	1.0	14432	117	117	1.0	1.0	net_70_11431_net_84_9903_net_59_10488_net_115_11153	config_three_noise	3
net_59_10488	netmap_config_7	clustering_score_tf.json	0.3606666666666667	14432	87	87	1.0	1.0	net_70_11431_net_84_9903_net_59_10488_net_115_11153	config_three_noise	3
net_70_11431	netmap_config_7	clustering_score_tf.json	0.3606666666666667	14432	88	88	1.0	1.0	net_70_11431_net_84_9903_net_59_10488_net_115_11153	config_three_noise	3
net_84_9903	netmap_config_7	clustering_score_tf.json	0.3606666666666667	14432	117	117	1.0	1.0	net_70_11431_net_84_9903_net_59_10488_net_115_11153	config_three_noise	3
net_59_10488	netmap_config_8	clustering_score_tf.json	0.7913333333333333	14432	87	87	1.0	1.0	net_70_11431_net_84_9903_net_59_10488_net_115_11153	config_three_noise	3
net_70_11431	netmap_config_8	clustering_score_tf.json	0.7913333333333333	14432	88	88	1.0	1.0	net_70_11431_net_84_9903_net_59_10488_net_115_11153	config_three_noise	3
net_84_9903	netmap_config_8	clustering_score_tf.json	0.7913333333333333	14432	117	117	1.0	1.0	net_70_11431_net_84_9903_net_59_10488_net_115_11153	config_three_noise	3
net_59_10488	netmap_config_9	clustering_score_tf.json	1.0	14432	87	87	1.0	1.0	net_70_11431_net_84_9903_net_59_10488_net_115_11153	config_three_noise	3
net_70_11431	netmap_config_9	clustering_score_tf.json	1.0	14432	88	88	1.0	1.0	net_70_11431_net_84_9903_net_59_10488_net_115_11153	config_three_noise	3
net_84_9903	netmap_config_9	clustering_score_tf.json	1.0	14432	117	117	1.0	1.0	net_70_11431_net_84_9903_net_59_10488_net_115_11153	config_three_noise	3
net_59_10488	scgenerai_config	clustering_score_tf.json	0.334	6937	43	87	0.4942528735632184	0.4942528735632184	net_70_11431_net_84_9903_net_59_10488_net_115_11153	config_three_noise	3
net_70_11431	scgenerai_config	clustering_score_tf.json	0.334	6937	39	88	0.4431818181818182	0.4431818181818182	net_70_11431_net_84_9903_net_59_10488_net_115_11153	config_three_noise	3
net_84_9903	scgenerai_config	clustering_score_tf.json	0.334	6937	19	117	0.1623931623931624	0.1623931623931624	net_70_11431_net_84_9903_net_59_10488_net_115_11153	config_three_noise	3
net_172_10626	netmap_config_1	clustering_score_tf.json	0.5066666666666667	30312	239	239	1.0	1.0	net_84_11226_net_172_10626_net_89_11634_net_76_10367	config_three_noise	3
net_84_11226	netmap_config_1	clustering_score_tf.json	0.5066666666666667	30312	98	98	1.0	1.0	net_84_11226_net_172_10626_net_89_11634_net_76_10367	config_three_noise	3
net_89_11634	netmap_config_1	clustering_score_tf.json	0.5066666666666667	30312	98	98	1.0	1.0	net_84_11226_net_172_10626_net_89_11634_net_76_10367	config_three_noise	3
net_172_10626	netmap_config_10	clustering_score_tf.json	0.5006666666666667	30312	239	239	1.0	1.0	net_84_11226_net_172_10626_net_89_11634_net_76_10367	config_three_noise	3
net_84_11226	netmap_config_10	clustering_score_tf.json	0.5006666666666667	30312	98	98	1.0	1.0	net_84_11226_net_172_10626_net_89_11634_net_76_10367	config_three_noise	3
net_89_11634	netmap_config_10	clustering_score_tf.json	0.5006666666666667	30312	98	98	1.0	1.0	net_84_11226_net_172_10626_net_89_11634_net_76_10367	config_three_noise	3
net_172_10626	netmap_config_2	clustering_score_tf.json	1.0	30312	239	239	1.0	1.0	net_84_11226_net_172_10626_net_89_11634_net_76_10367	config_three_noise	3
net_84_11226	netmap_config_2	clustering_score_tf.json	1.0	30312	98	98	1.0	1.0	net_84_11226_net_172_10626_net_89_11634_net_76_10367	config_three_noise	3
net_89_11634	netmap_config_2	clustering_score_tf.json	1.0	30312	98	98	1.0	1.0	net_84_11226_net_172_10626_net_89_11634_net_76_10367	config_three_noise	3
net_172_10626	netmap_config_3	clustering_score_tf.json	0.8086666666666666	30312	239	239	1.0	1.0	net_84_11226_net_172_10626_net_89_11634_net_76_10367	config_three_noise	3
net_84_11226	netmap_config_3	clustering_score_tf.json	0.8086666666666666	30312	98	98	1.0	1.0	net_84_11226_net_172_10626_net_89_11634_net_76_10367	config_three_noise	3
net_89_11634	netmap_config_3	clustering_score_tf.json	0.8086666666666666	30312	98	98	1.0	1.0	net_84_11226_net_172_10626_net_89_11634_net_76_10367	config_three_noise	3
net_172_10626	netmap_config_4	clustering_score_tf.json	1.0	30312	239	239	1.0	1.0	net_84_11226_net_172_10626_net_89_11634_net_76_10367	config_three_noise	3
net_84_11226	netmap_config_4	clustering_score_tf.json	1.0	30312	98	98	1.0	1.0	net_84_11226_net_172_10626_net_89_11634_net_76_10367	config_three_noise	3
net_89_11634	netmap_config_4	clustering_score_tf.json	1.0	30312	98	98	1.0	1.0	net_84_11226_net_172_10626_net_89_11634_net_76_10367	config_three_noise	3
net_172_10626	netmap_config_5	clustering_score_tf.json	1.0	30312	239	239	1.0	1.0	net_84_11226_net_172_10626_net_89_11634_net_76_10367	config_three_noise	3
net_84_11226	netmap_config_5	clustering_score_tf.json	1.0	30312	98	98	1.0	1.0	net_84_11226_net_172_10626_net_89_11634_net_76_10367	config_three_noise	3
net_89_11634	netmap_config_5	clustering_score_tf.json	1.0	30312	98	98	1.0	1.0	net_84_11226_net_172_10626_net_89_11634_net_76_10367	config_three_noise	3
net_172_10626	netmap_config_6	clustering_score_tf.json	1.0	30312	239	239	1.0	1.0	net_84_11226_net_172_10626_net_89_11634_net_76_10367	config_three_noise	3
net_84_11226	netmap_config_6	clustering_score_tf.json	1.0	30312	98	98	1.0	1.0	net_84_11226_net_172_10626_net_89_11634_net_76_10367	config_three_noise	3
net_89_11634	netmap_config_6	clustering_score_tf.json	1.0	30312	98	98	1.0	1.0	net_84_11226_net_172_10626_net_89_11634_net_76_10367	config_three_noise	3
net_172_10626	netmap_config_7	clustering_score_tf.json	0.708	30312	239	239	1.0	1.0	net_84_11226_net_172_10626_net_89_11634_net_76_10367	config_three_noise	3
net_84_11226	netmap_config_7	clustering_score_tf.json	0.708	30312	98	98	1.0	1.0	net_84_11226_net_172_10626_net_89_11634_net_76_10367	config_three_noise	3
net_89_11634	netmap_config_7	clustering_score_tf.json	0.708	30312	98	98	1.0	1.0	net_84_11226_net_172_10626_net_89_11634_net_76_10367	config_three_noise	3
net_172_10626	netmap_config_8	clustering_score_tf.json	0.982	30312	239	239	1.0	1.0	net_84_11226_net_172_10626_net_89_11634_net_76_10367	config_three_noise	3
net_84_11226	netmap_config_8	clustering_score_tf.json	0.982	30312	98	98	1.0	1.0	net_84_11226_net_172_10626_net_89_11634_net_76_10367	config_three_noise	3
net_89_11634	netmap_config_8	clustering_score_tf.json	0.982	30312	98	98	1.0	1.0	net_84_11226_net_172_10626_net_89_11634_net_76_10367	config_three_noise	3
net_172_10626	netmap_config_9	clustering_score_tf.json	0.984	30312	239	239	1.0	1.0	net_84_11226_net_172_10626_net_89_11634_net_76_10367	config_three_noise	3
net_84_11226	netmap_config_9	clustering_score_tf.json	0.984	30312	98	98	1.0	1.0	net_84_11226_net_172_10626_net_89_11634_net_76_10367	config_three_noise	3
net_89_11634	netmap_config_9	clustering_score_tf.json	0.984	30312	98	98	1.0	1.0	net_84_11226_net_172_10626_net_89_11634_net_76_10367	config_three_noise	3
net_172_10626	scgenerai_config	clustering_score_tf.json	0.334	17584	136	239	0.5690376569037657	0.5690376569037657	net_84_11226_net_172_10626_net_89_11634_net_76_10367	config_three_noise	3
net_84_11226	scgenerai_config	clustering_score_tf.json	0.334	17584	35	98	0.35714285714285715	0.35714285714285715	net_84_11226_net_172_10626_net_89_11634_net_76_10367	config_three_noise	3
net_89_11634	scgenerai_config	clustering_score_tf.json	0.334	17584	40	98	0.40816326530612246	0.40816326530612246	net_84_11226_net_172_10626_net_89_11634_net_76_10367	config_three_noise	3
net_60_10082	netmap_config_1	clustering_score_tf.json	0.5073333333333333	17391	104	104	1.0	1.0	net_60_10082_net_64_11307_net_84_11226_net_133_10773	config_three_noise	3
net_64_11307	netmap_config_1	clustering_score_tf.json	0.5073333333333333	17391	71	71	1.0	1.0	net_60_10082_net_64_11307_net_84_11226_net_133_10773	config_three_noise	3
net_84_11226	netmap_config_1	clustering_score_tf.json	0.5073333333333333	17391	98	98	1.0	1.0	net_60_10082_net_64_11307_net_84_11226_net_133_10773	config_three_noise	3
net_60_10082	netmap_config_10	clustering_score_tf.json	0.5186666666666667	17391	104	104	1.0	1.0	net_60_10082_net_64_11307_net_84_11226_net_133_10773	config_three_noise	3
net_64_11307	netmap_config_10	clustering_score_tf.json	0.5186666666666667	17391	71	71	1.0	1.0	net_60_10082_net_64_11307_net_84_11226_net_133_10773	config_three_noise	3
net_84_11226	netmap_config_10	clustering_score_tf.json	0.5186666666666667	17391	98	98	1.0	1.0	net_60_10082_net_64_11307_net_84_11226_net_133_10773	config_three_noise	3
net_60_10082	netmap_config_2	clustering_score_tf.json	1.0	17391	104	104	1.0	1.0	net_60_10082_net_64_11307_net_84_11226_net_133_10773	config_three_noise	3
net_64_11307	netmap_config_2	clustering_score_tf.json	1.0	17391	71	71	1.0	1.0	net_60_10082_net_64_11307_net_84_11226_net_133_10773	config_three_noise	3
net_84_11226	netmap_config_2	clustering_score_tf.json	1.0	17391	98	98	1.0	1.0	net_60_10082_net_64_11307_net_84_11226_net_133_10773	config_three_noise	3
net_60_10082	netmap_config_3	clustering_score_tf.json	1.0	17391	104	104	1.0	1.0	net_60_10082_net_64_11307_net_84_11226_net_133_10773	config_three_noise	3
net_64_11307	netmap_config_3	clustering_score_tf.json	1.0	17391	71	71	1.0	1.0	net_60_10082_net_64_11307_net_84_11226_net_133_10773	config_three_noise	3
net_84_11226	netmap_config_3	clustering_score_tf.json	1.0	17391	98	98	1.0	1.0	net_60_10082_net_64_11307_net_84_11226_net_133_10773	config_three_noise	3
net_60_10082	netmap_config_4	clustering_score_tf.json	1.0	17391	104	104	1.0	1.0	net_60_10082_net_64_11307_net_84_11226_net_133_10773	config_three_noise	3
net_64_11307	netmap_config_4	clustering_score_tf.json	1.0	17391	71	71	1.0	1.0	net_60_10082_net_64_11307_net_84_11226_net_133_10773	config_three_noise	3
net_84_11226	netmap_config_4	clustering_score_tf.json	1.0	17391	98	98	1.0	1.0	net_60_10082_net_64_11307_net_84_11226_net_133_10773	config_three_noise	3
net_60_10082	netmap_config_5	clustering_score_tf.json	1.0	17391	104	104	1.0	1.0	net_60_10082_net_64_11307_net_84_11226_net_133_10773	config_three_noise	3
net_64_11307	netmap_config_5	clustering_score_tf.json	1.0	17391	71	71	1.0	1.0	net_60_10082_net_64_11307_net_84_11226_net_133_10773	config_three_noise	3
net_84_11226	netmap_config_5	clustering_score_tf.json	1.0	17391	98	98	1.0	1.0	net_60_10082_net_64_11307_net_84_11226_net_133_10773	config_three_noise	3
net_60_10082	netmap_config_6	clustering_score_tf.json	1.0	17391	104	104	1.0	1.0	net_60_10082_net_64_11307_net_84_11226_net_133_10773	config_three_noise	3
net_64_11307	netmap_config_6	clustering_score_tf.json	1.0	17391	71	71	1.0	1.0	net_60_10082_net_64_11307_net_84_11226_net_133_10773	config_three_noise	3
net_84_11226	netmap_config_6	clustering_score_tf.json	1.0	17391	98	98	1.0	1.0	net_60_10082_net_64_11307_net_84_11226_net_133_10773	config_three_noise	3
net_60_10082	netmap_config_7	clustering_score_tf.json	1.0	17391	104	104	1.0	1.0	net_60_10082_net_64_11307_net_84_11226_net_133_10773	config_three_noise	3
net_64_11307	netmap_config_7	clustering_score_tf.json	1.0	17391	71	71	1.0	1.0	net_60_10082_net_64_11307_net_84_11226_net_133_10773	config_three_noise	3
net_84_11226	netmap_config_7	clustering_score_tf.json	1.0	17391	98	98	1.0	1.0	net_60_10082_net_64_11307_net_84_11226_net_133_10773	config_three_noise	3
net_60_10082	netmap_config_8	clustering_score_tf.json	1.0	17391	104	104	1.0	1.0	net_60_10082_net_64_11307_net_84_11226_net_133_10773	config_three_noise	3
net_64_11307	netmap_config_8	clustering_score_tf.json	1.0	17391	71	71	1.0	1.0	net_60_10082_net_64_11307_net_84_11226_net_133_10773	config_three_noise	3
net_84_11226	netmap_config_8	clustering_score_tf.json	1.0	17391	98	98	1.0	1.0	net_60_10082_net_64_11307_net_84_11226_net_133_10773	config_three_noise	3
net_60_10082	netmap_config_9	clustering_score_tf.json	1.0	17391	104	104	1.0	1.0	net_60_10082_net_64_11307_net_84_11226_net_133_10773	config_three_noise	3
net_64_11307	netmap_config_9	clustering_score_tf.json	1.0	17391	71	71	1.0	1.0	net_60_10082_net_64_11307_net_84_11226_net_133_10773	config_three_noise	3
net_84_11226	netmap_config_9	clustering_score_tf.json	1.0	17391	98	98	1.0	1.0	net_60_10082_net_64_11307_net_84_11226_net_133_10773	config_three_noise	3
net_60_10082	scgenerai_config	clustering_score_tf.json	0.334	7763	14	104	0.1346153846153846	0.1346153846153846	net_60_10082_net_64_11307_net_84_11226_net_133_10773	config_three_noise	3
net_64_11307	scgenerai_config	clustering_score_tf.json	0.334	7763	18	71	0.2535211267605634	0.2535211267605634	net_60_10082_net_64_11307_net_84_11226_net_133_10773	config_three_noise	3
net_84_11226	scgenerai_config	clustering_score_tf.json	0.334	7763	35	98	0.35714285714285715	0.35714285714285715	net_60_10082_net_64_11307_net_84_11226_net_133_10773	config_three_noise	3
net_72_10551	netmap_config_1	clustering_score_tf.json	1.0	20907	189	189	1.0	1.0	net_82_10152_net_72_10551_net_98_11932_net_51_10906	config_three_noise	3
net_82_10152	netmap_config_1	clustering_score_tf.json	1.0	20907	164	164	1.0	1.0	net_82_10152_net_72_10551_net_98_11932_net_51_10906	config_three_noise	3
net_98_11932	netmap_config_1	clustering_score_tf.json	1.0	20907	105	105	1.0	1.0	net_82_10152_net_72_10551_net_98_11932_net_51_10906	config_three_noise	3
net_72_10551	netmap_config_2	clustering_score_tf.json	1.0	20907	189	189	1.0	1.0	net_82_10152_net_72_10551_net_98_11932_net_51_10906	config_three_noise	3
net_82_10152	netmap_config_2	clustering_score_tf.json	1.0	20907	164	164	1.0	1.0	net_82_10152_net_72_10551_net_98_11932_net_51_10906	config_three_noise	3
net_98_11932	netmap_config_2	clustering_score_tf.json	1.0	20907	105	105	1.0	1.0	net_82_10152_net_72_10551_net_98_11932_net_51_10906	config_three_noise	3
net_72_10551	netmap_config_3	clustering_score_tf.json	1.0	20907	189	189	1.0	1.0	net_82_10152_net_72_10551_net_98_11932_net_51_10906	config_three_noise	3
net_82_10152	netmap_config_3	clustering_score_tf.json	1.0	20907	164	164	1.0	1.0	net_82_10152_net_72_10551_net_98_11932_net_51_10906	config_three_noise	3
net_98_11932	netmap_config_3	clustering_score_tf.json	1.0	20907	105	105	1.0	1.0	net_82_10152_net_72_10551_net_98_11932_net_51_10906	config_three_noise	3
net_72_10551	netmap_config_4	clustering_score_tf.json	1.0	20907	189	189	1.0	1.0	net_82_10152_net_72_10551_net_98_11932_net_51_10906	config_three_noise	3
net_82_10152	netmap_config_4	clustering_score_tf.json	1.0	20907	164	164	1.0	1.0	net_82_10152_net_72_10551_net_98_11932_net_51_10906	config_three_noise	3
net_98_11932	netmap_config_4	clustering_score_tf.json	1.0	20907	105	105	1.0	1.0	net_82_10152_net_72_10551_net_98_11932_net_51_10906	config_three_noise	3
net_72_10551	netmap_config_5	clustering_score_tf.json	0.7273333333333334	20907	189	189	1.0	1.0	net_82_10152_net_72_10551_net_98_11932_net_51_10906	config_three_noise	3
net_82_10152	netmap_config_5	clustering_score_tf.json	0.7273333333333334	20907	164	164	1.0	1.0	net_82_10152_net_72_10551_net_98_11932_net_51_10906	config_three_noise	3
net_98_11932	netmap_config_5	clustering_score_tf.json	0.7273333333333334	20907	105	105	1.0	1.0	net_82_10152_net_72_10551_net_98_11932_net_51_10906	config_three_noise	3
net_72_10551	netmap_config_6	clustering_score_tf.json	1.0	20907	189	189	1.0	1.0	net_82_10152_net_72_10551_net_98_11932_net_51_10906	config_three_noise	3
net_82_10152	netmap_config_6	clustering_score_tf.json	1.0	20907	164	164	1.0	1.0	net_82_10152_net_72_10551_net_98_11932_net_51_10906	config_three_noise	3
net_98_11932	netmap_config_6	clustering_score_tf.json	1.0	20907	105	105	1.0	1.0	net_82_10152_net_72_10551_net_98_11932_net_51_10906	config_three_noise	3
net_72_10551	netmap_config_7	clustering_score_tf.json	1.0	20907	189	189	1.0	1.0	net_82_10152_net_72_10551_net_98_11932_net_51_10906	config_three_noise	3
net_82_10152	netmap_config_7	clustering_score_tf.json	1.0	20907	164	164	1.0	1.0	net_82_10152_net_72_10551_net_98_11932_net_51_10906	config_three_noise	3
net_98_11932	netmap_config_7	clustering_score_tf.json	1.0	20907	105	105	1.0	1.0	net_82_10152_net_72_10551_net_98_11932_net_51_10906	config_three_noise	3
net_72_10551	netmap_config_8	clustering_score_tf.json	1.0	20907	189	189	1.0	1.0	net_82_10152_net_72_10551_net_98_11932_net_51_10906	config_three_noise	3
net_82_10152	netmap_config_8	clustering_score_tf.json	1.0	20907	164	164	1.0	1.0	net_82_10152_net_72_10551_net_98_11932_net_51_10906	config_three_noise	3
net_98_11932	netmap_config_8	clustering_score_tf.json	1.0	20907	105	105	1.0	1.0	net_82_10152_net_72_10551_net_98_11932_net_51_10906	config_three_noise	3
net_72_10551	netmap_config_9	clustering_score_tf.json	1.0	20907	189	189	1.0	1.0	net_82_10152_net_72_10551_net_98_11932_net_51_10906	config_three_noise	3
net_82_10152	netmap_config_9	clustering_score_tf.json	1.0	20907	164	164	1.0	1.0	net_82_10152_net_72_10551_net_98_11932_net_51_10906	config_three_noise	3
net_98_11932	netmap_config_9	clustering_score_tf.json	1.0	20907	105	105	1.0	1.0	net_82_10152_net_72_10551_net_98_11932_net_51_10906	config_three_noise	3
net_72_10551	scgenerai_config	clustering_score_tf.json	0.3466666666666667	11625	97	189	0.5132275132275133	0.5132275132275133	net_82_10152_net_72_10551_net_98_11932_net_51_10906	config_three_noise	3
net_82_10152	scgenerai_config	clustering_score_tf.json	0.3466666666666667	11625	121	164	0.7378048780487805	0.7378048780487805	net_82_10152_net_72_10551_net_98_11932_net_51_10906	config_three_noise	3
net_98_11932	scgenerai_config	clustering_score_tf.json	0.3466666666666667	11625	38	105	0.3619047619047619	0.3619047619047619	net_82_10152_net_72_10551_net_98_11932_net_51_10906	config_three_noise	3
net_60_10082	netmap_config_1	clustering_score_tf.json	0.7753333333333333	16006	104	104	1.0	1.0	net_60_10082_net_90_11013_net_75_10306_net_77_11506	config_three_noise	3
net_75_10306	netmap_config_1	clustering_score_tf.json	0.7753333333333333	16006	175	175	1.0	1.0	net_60_10082_net_90_11013_net_75_10306_net_77_11506	config_three_noise	3
net_90_11013	netmap_config_1	clustering_score_tf.json	0.7753333333333333	16006	216	216	1.0	1.0	net_60_10082_net_90_11013_net_75_10306_net_77_11506	config_three_noise	3
net_60_10082	netmap_config_2	clustering_score_tf.json	1.0	16006	104	104	1.0	1.0	net_60_10082_net_90_11013_net_75_10306_net_77_11506	config_three_noise	3
net_75_10306	netmap_config_2	clustering_score_tf.json	1.0	16006	175	175	1.0	1.0	net_60_10082_net_90_11013_net_75_10306_net_77_11506	config_three_noise	3
net_90_11013	netmap_config_2	clustering_score_tf.json	1.0	16006	216	216	1.0	1.0	net_60_10082_net_90_11013_net_75_10306_net_77_11506	config_three_noise	3
net_60_10082	netmap_config_3	clustering_score_tf.json	1.0	16006	104	104	1.0	1.0	net_60_10082_net_90_11013_net_75_10306_net_77_11506	config_three_noise	3
net_75_10306	netmap_config_3	clustering_score_tf.json	1.0	16006	175	175	1.0	1.0	net_60_10082_net_90_11013_net_75_10306_net_77_11506	config_three_noise	3
net_90_11013	netmap_config_3	clustering_score_tf.json	1.0	16006	216	216	1.0	1.0	net_60_10082_net_90_11013_net_75_10306_net_77_11506	config_three_noise	3
net_60_10082	netmap_config_4	clustering_score_tf.json	1.0	16006	104	104	1.0	1.0	net_60_10082_net_90_11013_net_75_10306_net_77_11506	config_three_noise	3
net_75_10306	netmap_config_4	clustering_score_tf.json	1.0	16006	175	175	1.0	1.0	net_60_10082_net_90_11013_net_75_10306_net_77_11506	config_three_noise	3
net_90_11013	netmap_config_4	clustering_score_tf.json	1.0	16006	216	216	1.0	1.0	net_60_10082_net_90_11013_net_75_10306_net_77_11506	config_three_noise	3
net_60_10082	netmap_config_5	clustering_score_tf.json	0.7746666666666666	16006	104	104	1.0	1.0	net_60_10082_net_90_11013_net_75_10306_net_77_11506	config_three_noise	3
net_75_10306	netmap_config_5	clustering_score_tf.json	0.7746666666666666	16006	175	175	1.0	1.0	net_60_10082_net_90_11013_net_75_10306_net_77_11506	config_three_noise	3
net_90_11013	netmap_config_5	clustering_score_tf.json	0.7746666666666666	16006	216	216	1.0	1.0	net_60_10082_net_90_11013_net_75_10306_net_77_11506	config_three_noise	3
net_60_10082	netmap_config_6	clustering_score_tf.json	0.8333333333333334	16006	104	104	1.0	1.0	net_60_10082_net_90_11013_net_75_10306_net_77_11506	config_three_noise	3
net_75_10306	netmap_config_6	clustering_score_tf.json	0.8333333333333334	16006	175	175	1.0	1.0	net_60_10082_net_90_11013_net_75_10306_net_77_11506	config_three_noise	3
net_90_11013	netmap_config_6	clustering_score_tf.json	0.8333333333333334	16006	216	216	1.0	1.0	net_60_10082_net_90_11013_net_75_10306_net_77_11506	config_three_noise	3
net_60_10082	netmap_config_7	clustering_score_tf.json	0.8786666666666667	16006	104	104	1.0	1.0	net_60_10082_net_90_11013_net_75_10306_net_77_11506	config_three_noise	3
net_75_10306	netmap_config_7	clustering_score_tf.json	0.8786666666666667	16006	175	175	1.0	1.0	net_60_10082_net_90_11013_net_75_10306_net_77_11506	config_three_noise	3
net_90_11013	netmap_config_7	clustering_score_tf.json	0.8786666666666667	16006	216	216	1.0	1.0	net_60_10082_net_90_11013_net_75_10306_net_77_11506	config_three_noise	3
net_60_10082	netmap_config_8	clustering_score_tf.json	0.6346666666666667	16006	104	104	1.0	1.0	net_60_10082_net_90_11013_net_75_10306_net_77_11506	config_three_noise	3
net_75_10306	netmap_config_8	clustering_score_tf.json	0.6346666666666667	16006	175	175	1.0	1.0	net_60_10082_net_90_11013_net_75_10306_net_77_11506	config_three_noise	3
net_90_11013	netmap_config_8	clustering_score_tf.json	0.6346666666666667	16006	216	216	1.0	1.0	net_60_10082_net_90_11013_net_75_10306_net_77_11506	config_three_noise	3
net_60_10082	netmap_config_9	clustering_score_tf.json	1.0	16006	104	104	1.0	1.0	net_60_10082_net_90_11013_net_75_10306_net_77_11506	config_three_noise	3
net_75_10306	netmap_config_9	clustering_score_tf.json	1.0	16006	175	175	1.0	1.0	net_60_10082_net_90_11013_net_75_10306_net_77_11506	config_three_noise	3
net_90_11013	netmap_config_9	clustering_score_tf.json	1.0	16006	216	216	1.0	1.0	net_60_10082_net_90_11013_net_75_10306_net_77_11506	config_three_noise	3
net_60_10082	scgenerai_config	clustering_score_tf.json	0.334	8760	14	104	0.1346153846153846	0.1346153846153846	net_60_10082_net_90_11013_net_75_10306_net_77_11506	config_three_noise	3
net_75_10306	scgenerai_config	clustering_score_tf.json	0.334	8760	123	175	0.7028571428571428	0.7028571428571428	net_60_10082_net_90_11013_net_75_10306_net_77_11506	config_three_noise	3
net_90_11013	scgenerai_config	clustering_score_tf.json	0.334	8760	126	216	0.5833333333333334	0.5833333333333334	net_60_10082_net_90_11013_net_75_10306_net_77_11506	config_three_noise	3
net_84_10865	netmap_config_1	clustering_score_tf.json	1.0	24472	154	154	1.0	1.0	net_84_10865_net_88_10937_net_90_11013_net_60_10703	config_three_noise	3
net_88_10937	netmap_config_1	clustering_score_tf.json	1.0	24472	184	184	1.0	1.0	net_84_10865_net_88_10937_net_90_11013_net_60_10703	config_three_noise	3
net_90_11013	netmap_config_1	clustering_score_tf.json	1.0	24472	216	216	1.0	1.0	net_84_10865_net_88_10937_net_90_11013_net_60_10703	config_three_noise	3
net_84_10865	netmap_config_2	clustering_score_tf.json	0.8493333333333334	24472	154	154	1.0	1.0	net_84_10865_net_88_10937_net_90_11013_net_60_10703	config_three_noise	3
net_88_10937	netmap_config_2	clustering_score_tf.json	0.8493333333333334	24472	184	184	1.0	1.0	net_84_10865_net_88_10937_net_90_11013_net_60_10703	config_three_noise	3
net_90_11013	netmap_config_2	clustering_score_tf.json	0.8493333333333334	24472	216	216	1.0	1.0	net_84_10865_net_88_10937_net_90_11013_net_60_10703	config_three_noise	3
net_84_10865	netmap_config_3	clustering_score_tf.json	1.0	24472	154	154	1.0	1.0	net_84_10865_net_88_10937_net_90_11013_net_60_10703	config_three_noise	3
net_88_10937	netmap_config_3	clustering_score_tf.json	1.0	24472	184	184	1.0	1.0	net_84_10865_net_88_10937_net_90_11013_net_60_10703	config_three_noise	3
net_90_11013	netmap_config_3	clustering_score_tf.json	1.0	24472	216	216	1.0	1.0	net_84_10865_net_88_10937_net_90_11013_net_60_10703	config_three_noise	3
net_84_10865	netmap_config_4	clustering_score_tf.json	1.0	24472	154	154	1.0	1.0	net_84_10865_net_88_10937_net_90_11013_net_60_10703	config_three_noise	3
net_88_10937	netmap_config_4	clustering_score_tf.json	1.0	24472	184	184	1.0	1.0	net_84_10865_net_88_10937_net_90_11013_net_60_10703	config_three_noise	3
net_90_11013	netmap_config_4	clustering_score_tf.json	1.0	24472	216	216	1.0	1.0	net_84_10865_net_88_10937_net_90_11013_net_60_10703	config_three_noise	3
net_84_10865	netmap_config_5	clustering_score_tf.json	0.5053333333333333	24472	154	154	1.0	1.0	net_84_10865_net_88_10937_net_90_11013_net_60_10703	config_three_noise	3
net_88_10937	netmap_config_5	clustering_score_tf.json	0.5053333333333333	24472	184	184	1.0	1.0	net_84_10865_net_88_10937_net_90_11013_net_60_10703	config_three_noise	3
net_90_11013	netmap_config_5	clustering_score_tf.json	0.5053333333333333	24472	216	216	1.0	1.0	net_84_10865_net_88_10937_net_90_11013_net_60_10703	config_three_noise	3
net_84_10865	netmap_config_6	clustering_score_tf.json	0.5006666666666667	24472	154	154	1.0	1.0	net_84_10865_net_88_10937_net_90_11013_net_60_10703	config_three_noise	3
net_88_10937	netmap_config_6	clustering_score_tf.json	0.5006666666666667	24472	184	184	1.0	1.0	net_84_10865_net_88_10937_net_90_11013_net_60_10703	config_three_noise	3
net_90_11013	netmap_config_6	clustering_score_tf.json	0.5006666666666667	24472	216	216	1.0	1.0	net_84_10865_net_88_10937_net_90_11013_net_60_10703	config_three_noise	3
net_84_10865	netmap_config_7	clustering_score_tf.json	1.0	24472	154	154	1.0	1.0	net_84_10865_net_88_10937_net_90_11013_net_60_10703	config_three_noise	3
net_88_10937	netmap_config_7	clustering_score_tf.json	1.0	24472	184	184	1.0	1.0	net_84_10865_net_88_10937_net_90_11013_net_60_10703	config_three_noise	3
net_90_11013	netmap_config_7	clustering_score_tf.json	1.0	24472	216	216	1.0	1.0	net_84_10865_net_88_10937_net_90_11013_net_60_10703	config_three_noise	3
net_84_10865	netmap_config_8	clustering_score_tf.json	0.51	24472	154	154	1.0	1.0	net_84_10865_net_88_10937_net_90_11013_net_60_10703	config_three_noise	3
net_88_10937	netmap_config_8	clustering_score_tf.json	0.51	24472	184	184	1.0	1.0	net_84_10865_net_88_10937_net_90_11013_net_60_10703	config_three_noise	3
net_90_11013	netmap_config_8	clustering_score_tf.json	0.51	24472	216	216	1.0	1.0	net_84_10865_net_88_10937_net_90_11013_net_60_10703	config_three_noise	3
net_84_10865	netmap_config_9	clustering_score_tf.json	0.5113333333333333	24472	154	154	1.0	1.0	net_84_10865_net_88_10937_net_90_11013_net_60_10703	config_three_noise	3
net_88_10937	netmap_config_9	clustering_score_tf.json	0.5113333333333333	24472	184	184	1.0	1.0	net_84_10865_net_88_10937_net_90_11013_net_60_10703	config_three_noise	3
net_90_11013	netmap_config_9	clustering_score_tf.json	0.5113333333333333	24472	216	216	1.0	1.0	net_84_10865_net_88_10937_net_90_11013_net_60_10703	config_three_noise	3
net_84_10865	scgenerai_config	clustering_score_tf.json	0.344	14252	86	154	0.5584415584415584	0.5584415584415584	net_84_10865_net_88_10937_net_90_11013_net_60_10703	config_three_noise	3
net_88_10937	scgenerai_config	clustering_score_tf.json	0.344	14252	129	184	0.7010869565217391	0.7010869565217391	net_84_10865_net_88_10937_net_90_11013_net_60_10703	config_three_noise	3
net_90_11013	scgenerai_config	clustering_score_tf.json	0.344	14252	126	216	0.5833333333333334	0.5833333333333334	net_84_10865_net_88_10937_net_90_11013_net_60_10703	config_three_noise	3
net_115_11153	netmap_config_1	clustering_score_tf.json	1.0	19700	117	117	1.0	1.0	net_141_11706_net_81_10586_net_115_11153_net_57_10409	config_three_noise	3
net_141_11706	netmap_config_1	clustering_score_tf.json	1.0	19700	175	175	1.0	1.0	net_141_11706_net_81_10586_net_115_11153_net_57_10409	config_three_noise	3
net_81_10586	netmap_config_1	clustering_score_tf.json	1.0	19700	101	101	1.0	1.0	net_141_11706_net_81_10586_net_115_11153_net_57_10409	config_three_noise	3
net_115_11153	netmap_config_2	clustering_score_tf.json	1.0	19700	117	117	1.0	1.0	net_141_11706_net_81_10586_net_115_11153_net_57_10409	config_three_noise	3
net_141_11706	netmap_config_2	clustering_score_tf.json	1.0	19700	175	175	1.0	1.0	net_141_11706_net_81_10586_net_115_11153_net_57_10409	config_three_noise	3
net_81_10586	netmap_config_2	clustering_score_tf.json	1.0	19700	101	101	1.0	1.0	net_141_11706_net_81_10586_net_115_11153_net_57_10409	config_three_noise	3
net_115_11153	netmap_config_3	clustering_score_tf.json	1.0	19700	117	117	1.0	1.0	net_141_11706_net_81_10586_net_115_11153_net_57_10409	config_three_noise	3
net_141_11706	netmap_config_3	clustering_score_tf.json	1.0	19700	175	175	1.0	1.0	net_141_11706_net_81_10586_net_115_11153_net_57_10409	config_three_noise	3
net_81_10586	netmap_config_3	clustering_score_tf.json	1.0	19700	101	101	1.0	1.0	net_141_11706_net_81_10586_net_115_11153_net_57_10409	config_three_noise	3
net_115_11153	netmap_config_4	clustering_score_tf.json	1.0	19700	117	117	1.0	1.0	net_141_11706_net_81_10586_net_115_11153_net_57_10409	config_three_noise	3
net_141_11706	netmap_config_4	clustering_score_tf.json	1.0	19700	175	175	1.0	1.0	net_141_11706_net_81_10586_net_115_11153_net_57_10409	config_three_noise	3
net_81_10586	netmap_config_4	clustering_score_tf.json	1.0	19700	101	101	1.0	1.0	net_141_11706_net_81_10586_net_115_11153_net_57_10409	config_three_noise	3
net_115_11153	netmap_config_5	clustering_score_tf.json	1.0	19700	117	117	1.0	1.0	net_141_11706_net_81_10586_net_115_11153_net_57_10409	config_three_noise	3
net_141_11706	netmap_config_5	clustering_score_tf.json	1.0	19700	175	175	1.0	1.0	net_141_11706_net_81_10586_net_115_11153_net_57_10409	config_three_noise	3
net_81_10586	netmap_config_5	clustering_score_tf.json	1.0	19700	101	101	1.0	1.0	net_141_11706_net_81_10586_net_115_11153_net_57_10409	config_three_noise	3
net_115_11153	netmap_config_6	clustering_score_tf.json	0.7686666666666667	19700	117	117	1.0	1.0	net_141_11706_net_81_10586_net_115_11153_net_57_10409	config_three_noise	3
net_141_11706	netmap_config_6	clustering_score_tf.json	0.7686666666666667	19700	175	175	1.0	1.0	net_141_11706_net_81_10586_net_115_11153_net_57_10409	config_three_noise	3
net_81_10586	netmap_config_6	clustering_score_tf.json	0.7686666666666667	19700	101	101	1.0	1.0	net_141_11706_net_81_10586_net_115_11153_net_57_10409	config_three_noise	3
net_115_11153	netmap_config_7	clustering_score_tf.json	0.768	19700	117	117	1.0	1.0	net_141_11706_net_81_10586_net_115_11153_net_57_10409	config_three_noise	3
net_141_11706	netmap_config_7	clustering_score_tf.json	0.768	19700	175	175	1.0	1.0	net_141_11706_net_81_10586_net_115_11153_net_57_10409	config_three_noise	3
net_81_10586	netmap_config_7	clustering_score_tf.json	0.768	19700	101	101	1.0	1.0	net_141_11706_net_81_10586_net_115_11153_net_57_10409	config_three_noise	3
net_115_11153	netmap_config_8	clustering_score_tf.json	1.0	19700	117	117	1.0	1.0	net_141_11706_net_81_10586_net_115_11153_net_57_10409	config_three_noise	3
net_141_11706	netmap_config_8	clustering_score_tf.json	1.0	19700	175	175	1.0	1.0	net_141_11706_net_81_10586_net_115_11153_net_57_10409	config_three_noise	3
net_81_10586	netmap_config_8	clustering_score_tf.json	1.0	19700	101	101	1.0	1.0	net_141_11706_net_81_10586_net_115_11153_net_57_10409	config_three_noise	3
net_115_11153	netmap_config_9	clustering_score_tf.json	1.0	19700	117	117	1.0	1.0	net_141_11706_net_81_10586_net_115_11153_net_57_10409	config_three_noise	3
net_141_11706	netmap_config_9	clustering_score_tf.json	1.0	19700	175	175	1.0	1.0	net_141_11706_net_81_10586_net_115_11153_net_57_10409	config_three_noise	3
net_81_10586	netmap_config_9	clustering_score_tf.json	1.0	19700	101	101	1.0	1.0	net_141_11706_net_81_10586_net_115_11153_net_57_10409	config_three_noise	3
net_115_11153	scgenerai_config	clustering_score_tf.json	0.346	10673	14	117	0.11965811965811966	0.11965811965811966	net_141_11706_net_81_10586_net_115_11153_net_57_10409	config_three_noise	3
net_141_11706	scgenerai_config	clustering_score_tf.json	0.346	10673	127	175	0.7257142857142858	0.7257142857142858	net_141_11706_net_81_10586_net_115_11153_net_57_10409	config_three_noise	3
net_81_10586	scgenerai_config	clustering_score_tf.json	0.346	10673	51	101	0.504950495049505	0.504950495049505	net_141_11706_net_81_10586_net_115_11153_net_57_10409	config_three_noise	3
net_141_11706	netmap_config_1	clustering_score_tf.json	1.0	18411	175	175	1.0	1.0	net_141_11706_net_61_10737_net_70_11670_net_51_10906	config_three_noise	3
net_61_10737	netmap_config_1	clustering_score_tf.json	1.0	18411	132	132	1.0	1.0	net_141_11706_net_61_10737_net_70_11670_net_51_10906	config_three_noise	3
net_70_11670	netmap_config_1	clustering_score_tf.json	1.0	18411	80	80	1.0	1.0	net_141_11706_net_61_10737_net_70_11670_net_51_10906	config_three_noise	3
net_141_11706	netmap_config_2	clustering_score_tf.json	1.0	18411	175	175	1.0	1.0	net_141_11706_net_61_10737_net_70_11670_net_51_10906	config_three_noise	3
net_61_10737	netmap_config_2	clustering_score_tf.json	1.0	18411	132	132	1.0	1.0	net_141_11706_net_61_10737_net_70_11670_net_51_10906	config_three_noise	3
net_70_11670	netmap_config_2	clustering_score_tf.json	1.0	18411	80	80	1.0	1.0	net_141_11706_net_61_10737_net_70_11670_net_51_10906	config_three_noise	3
net_141_11706	netmap_config_3	clustering_score_tf.json	1.0	18411	175	175	1.0	1.0	net_141_11706_net_61_10737_net_70_11670_net_51_10906	config_three_noise	3
net_61_10737	netmap_config_3	clustering_score_tf.json	1.0	18411	132	132	1.0	1.0	net_141_11706_net_61_10737_net_70_11670_net_51_10906	config_three_noise	3
net_70_11670	netmap_config_3	clustering_score_tf.json	1.0	18411	80	80	1.0	1.0	net_141_11706_net_61_10737_net_70_11670_net_51_10906	config_three_noise	3
net_141_11706	netmap_config_4	clustering_score_tf.json	1.0	18411	175	175	1.0	1.0	net_141_11706_net_61_10737_net_70_11670_net_51_10906	config_three_noise	3
net_61_10737	netmap_config_4	clustering_score_tf.json	1.0	18411	132	132	1.0	1.0	net_141_11706_net_61_10737_net_70_11670_net_51_10906	config_three_noise	3
net_70_11670	netmap_config_4	clustering_score_tf.json	1.0	18411	80	80	1.0	1.0	net_141_11706_net_61_10737_net_70_11670_net_51_10906	config_three_noise	3
net_141_11706	netmap_config_5	clustering_score_tf.json	1.0	18411	175	175	1.0	1.0	net_141_11706_net_61_10737_net_70_11670_net_51_10906	config_three_noise	3
net_61_10737	netmap_config_5	clustering_score_tf.json	1.0	18411	132	132	1.0	1.0	net_141_11706_net_61_10737_net_70_11670_net_51_10906	config_three_noise	3
net_70_11670	netmap_config_5	clustering_score_tf.json	1.0	18411	80	80	1.0	1.0	net_141_11706_net_61_10737_net_70_11670_net_51_10906	config_three_noise	3
net_141_11706	netmap_config_6	clustering_score_tf.json	1.0	18411	175	175	1.0	1.0	net_141_11706_net_61_10737_net_70_11670_net_51_10906	config_three_noise	3
net_61_10737	netmap_config_6	clustering_score_tf.json	1.0	18411	132	132	1.0	1.0	net_141_11706_net_61_10737_net_70_11670_net_51_10906	config_three_noise	3
net_70_11670	netmap_config_6	clustering_score_tf.json	1.0	18411	80	80	1.0	1.0	net_141_11706_net_61_10737_net_70_11670_net_51_10906	config_three_noise	3
net_141_11706	netmap_config_7	clustering_score_tf.json	0.944	18411	175	175	1.0	1.0	net_141_11706_net_61_10737_net_70_11670_net_51_10906	config_three_noise	3
net_61_10737	netmap_config_7	clustering_score_tf.json	0.944	18411	132	132	1.0	1.0	net_141_11706_net_61_10737_net_70_11670_net_51_10906	config_three_noise	3
net_70_11670	netmap_config_7	clustering_score_tf.json	0.944	18411	80	80	1.0	1.0	net_141_11706_net_61_10737_net_70_11670_net_51_10906	config_three_noise	3
net_141_11706	netmap_config_8	clustering_score_tf.json	1.0	18411	175	175	1.0	1.0	net_141_11706_net_61_10737_net_70_11670_net_51_10906	config_three_noise	3
net_61_10737	netmap_config_8	clustering_score_tf.json	1.0	18411	132	132	1.0	1.0	net_141_11706_net_61_10737_net_70_11670_net_51_10906	config_three_noise	3
net_70_11670	netmap_config_8	clustering_score_tf.json	1.0	18411	80	80	1.0	1.0	net_141_11706_net_61_10737_net_70_11670_net_51_10906	config_three_noise	3
net_141_11706	netmap_config_9	clustering_score_tf.json	1.0	18411	175	175	1.0	1.0	net_141_11706_net_61_10737_net_70_11670_net_51_10906	config_three_noise	3
net_61_10737	netmap_config_9	clustering_score_tf.json	1.0	18411	132	132	1.0	1.0	net_141_11706_net_61_10737_net_70_11670_net_51_10906	config_three_noise	3
net_70_11670	netmap_config_9	clustering_score_tf.json	1.0	18411	80	80	1.0	1.0	net_141_11706_net_61_10737_net_70_11670_net_51_10906	config_three_noise	3
net_141_11706	scgenerai_config	clustering_score_tf.json	0.334	10153	127	175	0.7257142857142858	0.7257142857142858	net_141_11706_net_61_10737_net_70_11670_net_51_10906	config_three_noise	3
net_61_10737	scgenerai_config	clustering_score_tf.json	0.334	10153	80	132	0.6060606060606061	0.6060606060606061	net_141_11706_net_61_10737_net_70_11670_net_51_10906	config_three_noise	3
net_70_11670	scgenerai_config	clustering_score_tf.json	0.334	10153	47	80	0.5875	0.5875	net_141_11706_net_61_10737_net_70_11670_net_51_10906	config_three_noise	3
net_115_11153	netmap_config_1	clustering_score_tf.json	0.8913333333333333	16125	117	117	1.0	1.0	net_75_10306_net_115_11153_net_72_10551_net_113_11113	config_three_noise	3
net_72_10551	netmap_config_1	clustering_score_tf.json	0.8913333333333333	16125	189	189	1.0	1.0	net_75_10306_net_115_11153_net_72_10551_net_113_11113	config_three_noise	3
net_75_10306	netmap_config_1	clustering_score_tf.json	0.8913333333333333	16125	175	175	1.0	1.0	net_75_10306_net_115_11153_net_72_10551_net_113_11113	config_three_noise	3
net_115_11153	netmap_config_2	clustering_score_tf.json	1.0	16125	117	117	1.0	1.0	net_75_10306_net_115_11153_net_72_10551_net_113_11113	config_three_noise	3
net_72_10551	netmap_config_2	clustering_score_tf.json	1.0	16125	189	189	1.0	1.0	net_75_10306_net_115_11153_net_72_10551_net_113_11113	config_three_noise	3
net_75_10306	netmap_config_2	clustering_score_tf.json	1.0	16125	175	175	1.0	1.0	net_75_10306_net_115_11153_net_72_10551_net_113_11113	config_three_noise	3
net_115_11153	netmap_config_3	clustering_score_tf.json	1.0	16125	117	117	1.0	1.0	net_75_10306_net_115_11153_net_72_10551_net_113_11113	config_three_noise	3
net_72_10551	netmap_config_3	clustering_score_tf.json	1.0	16125	189	189	1.0	1.0	net_75_10306_net_115_11153_net_72_10551_net_113_11113	config_three_noise	3
net_75_10306	netmap_config_3	clustering_score_tf.json	1.0	16125	175	175	1.0	1.0	net_75_10306_net_115_11153_net_72_10551_net_113_11113	config_three_noise	3
net_115_11153	netmap_config_4	clustering_score_tf.json	0.754	16125	117	117	1.0	1.0	net_75_10306_net_115_11153_net_72_10551_net_113_11113	config_three_noise	3
net_72_10551	netmap_config_4	clustering_score_tf.json	0.754	16125	189	189	1.0	1.0	net_75_10306_net_115_11153_net_72_10551_net_113_11113	config_three_noise	3
net_75_10306	netmap_config_4	clustering_score_tf.json	0.754	16125	175	175	1.0	1.0	net_75_10306_net_115_11153_net_72_10551_net_113_11113	config_three_noise	3
net_115_11153	netmap_config_5	clustering_score_tf.json	0.754	16125	117	117	1.0	1.0	net_75_10306_net_115_11153_net_72_10551_net_113_11113	config_three_noise	3
net_72_10551	netmap_config_5	clustering_score_tf.json	0.754	16125	189	189	1.0	1.0	net_75_10306_net_115_11153_net_72_10551_net_113_11113	config_three_noise	3
net_75_10306	netmap_config_5	clustering_score_tf.json	0.754	16125	175	175	1.0	1.0	net_75_10306_net_115_11153_net_72_10551_net_113_11113	config_three_noise	3
net_115_11153	netmap_config_6	clustering_score_tf.json	0.576	16125	117	117	1.0	1.0	net_75_10306_net_115_11153_net_72_10551_net_113_11113	config_three_noise	3
net_72_10551	netmap_config_6	clustering_score_tf.json	0.576	16125	189	189	1.0	1.0	net_75_10306_net_115_11153_net_72_10551_net_113_11113	config_three_noise	3
net_75_10306	netmap_config_6	clustering_score_tf.json	0.576	16125	175	175	1.0	1.0	net_75_10306_net_115_11153_net_72_10551_net_113_11113	config_three_noise	3
net_115_11153	netmap_config_7	clustering_score_tf.json	0.982	16125	117	117	1.0	1.0	net_75_10306_net_115_11153_net_72_10551_net_113_11113	config_three_noise	3
net_72_10551	netmap_config_7	clustering_score_tf.json	0.982	16125	189	189	1.0	1.0	net_75_10306_net_115_11153_net_72_10551_net_113_11113	config_three_noise	3
net_75_10306	netmap_config_7	clustering_score_tf.json	0.982	16125	175	175	1.0	1.0	net_75_10306_net_115_11153_net_72_10551_net_113_11113	config_three_noise	3
net_115_11153	netmap_config_8	clustering_score_tf.json	0.7646666666666667	16125	117	117	1.0	1.0	net_75_10306_net_115_11153_net_72_10551_net_113_11113	config_three_noise	3
net_72_10551	netmap_config_8	clustering_score_tf.json	0.7646666666666667	16125	189	189	1.0	1.0	net_75_10306_net_115_11153_net_72_10551_net_113_11113	config_three_noise	3
net_75_10306	netmap_config_8	clustering_score_tf.json	0.7646666666666667	16125	175	175	1.0	1.0	net_75_10306_net_115_11153_net_72_10551_net_113_11113	config_three_noise	3
net_115_11153	netmap_config_9	clustering_score_tf.json	0.982	16125	117	117	1.0	1.0	net_75_10306_net_115_11153_net_72_10551_net_113_11113	config_three_noise	3
net_72_10551	netmap_config_9	clustering_score_tf.json	0.982	16125	189	189	1.0	1.0	net_75_10306_net_115_11153_net_72_10551_net_113_11113	config_three_noise	3
net_75_10306	netmap_config_9	clustering_score_tf.json	0.982	16125	175	175	1.0	1.0	net_75_10306_net_115_11153_net_72_10551_net_113_11113	config_three_noise	3
net_115_11153	scgenerai_config	clustering_score_tf.json	0.33466666666666667	8923	14	117	0.11965811965811966	0.11965811965811966	net_75_10306_net_115_11153_net_72_10551_net_113_11113	config_three_noise	3
net_72_10551	scgenerai_config	clustering_score_tf.json	0.33466666666666667	8923	97	189	0.5132275132275133	0.5132275132275133	net_75_10306_net_115_11153_net_72_10551_net_113_11113	config_three_noise	3
net_75_10306	scgenerai_config	clustering_score_tf.json	0.33466666666666667	8923	123	175	0.7028571428571428	0.7028571428571428	net_75_10306_net_115_11153_net_72_10551_net_113_11113	config_three_noise	3
net_135_11054	netmap_config_1	clustering_score_tf.json	0.7208	32368	264	264	1.0	1.0	net_70_11431_net_60_10082_net_135_11054_net_53_11196_net_74_11972_net_84_9903	config_five	5
net_53_11196	netmap_config_1	clustering_score_tf.json	0.7208	32368	78	78	1.0	1.0	net_70_11431_net_60_10082_net_135_11054_net_53_11196_net_74_11972_net_84_9903	config_five	5
net_60_10082	netmap_config_1	clustering_score_tf.json	0.7208	32368	104	104	1.0	1.0	net_70_11431_net_60_10082_net_135_11054_net_53_11196_net_74_11972_net_84_9903	config_five	5
net_70_11431	netmap_config_1	clustering_score_tf.json	0.7208	32368	88	88	1.0	1.0	net_70_11431_net_60_10082_net_135_11054_net_53_11196_net_74_11972_net_84_9903	config_five	5
net_74_11972	netmap_config_1	clustering_score_tf.json	0.7208	32368	73	73	1.0	1.0	net_70_11431_net_60_10082_net_135_11054_net_53_11196_net_74_11972_net_84_9903	config_five	5
net_135_11054	netmap_config_2	clustering_score_tf.json	0.794	32368	264	264	1.0	1.0	net_70_11431_net_60_10082_net_135_11054_net_53_11196_net_74_11972_net_84_9903	config_five	5
net_53_11196	netmap_config_2	clustering_score_tf.json	0.794	32368	78	78	1.0	1.0	net_70_11431_net_60_10082_net_135_11054_net_53_11196_net_74_11972_net_84_9903	config_five	5
net_60_10082	netmap_config_2	clustering_score_tf.json	0.794	32368	104	104	1.0	1.0	net_70_11431_net_60_10082_net_135_11054_net_53_11196_net_74_11972_net_84_9903	config_five	5
net_70_11431	netmap_config_2	clustering_score_tf.json	0.794	32368	88	88	1.0	1.0	net_70_11431_net_60_10082_net_135_11054_net_53_11196_net_74_11972_net_84_9903	config_five	5
net_74_11972	netmap_config_2	clustering_score_tf.json	0.794	32368	73	73	1.0	1.0	net_70_11431_net_60_10082_net_135_11054_net_53_11196_net_74_11972_net_84_9903	config_five	5
net_135_11054	netmap_config_3	clustering_score_tf.json	1.0	32368	264	264	1.0	1.0	net_70_11431_net_60_10082_net_135_11054_net_53_11196_net_74_11972_net_84_9903	config_five	5
net_53_11196	netmap_config_3	clustering_score_tf.json	1.0	32368	78	78	1.0	1.0	net_70_11431_net_60_10082_net_135_11054_net_53_11196_net_74_11972_net_84_9903	config_five	5
net_60_10082	netmap_config_3	clustering_score_tf.json	1.0	32368	104	104	1.0	1.0	net_70_11431_net_60_10082_net_135_11054_net_53_11196_net_74_11972_net_84_9903	config_five	5
net_70_11431	netmap_config_3	clustering_score_tf.json	1.0	32368	88	88	1.0	1.0	net_70_11431_net_60_10082_net_135_11054_net_53_11196_net_74_11972_net_84_9903	config_five	5
net_74_11972	netmap_config_3	clustering_score_tf.json	1.0	32368	73	73	1.0	1.0	net_70_11431_net_60_10082_net_135_11054_net_53_11196_net_74_11972_net_84_9903	config_five	5
net_135_11054	netmap_config_4	clustering_score_tf.json	0.7804	32368	264	264	1.0	1.0	net_70_11431_net_60_10082_net_135_11054_net_53_11196_net_74_11972_net_84_9903	config_five	5
net_53_11196	netmap_config_4	clustering_score_tf.json	0.7804	32368	78	78	1.0	1.0	net_70_11431_net_60_10082_net_135_11054_net_53_11196_net_74_11972_net_84_9903	config_five	5
net_60_10082	netmap_config_4	clustering_score_tf.json	0.7804	32368	104	104	1.0	1.0	net_70_11431_net_60_10082_net_135_11054_net_53_11196_net_74_11972_net_84_9903	config_five	5
net_70_11431	netmap_config_4	clustering_score_tf.json	0.7804	32368	88	88	1.0	1.0	net_70_11431_net_60_10082_net_135_11054_net_53_11196_net_74_11972_net_84_9903	config_five	5
net_74_11972	netmap_config_4	clustering_score_tf.json	0.7804	32368	73	73	1.0	1.0	net_70_11431_net_60_10082_net_135_11054_net_53_11196_net_74_11972_net_84_9903	config_five	5
net_135_11054	netmap_config_5	clustering_score_tf.json	1.0	32368	264	264	1.0	1.0	net_70_11431_net_60_10082_net_135_11054_net_53_11196_net_74_11972_net_84_9903	config_five	5
net_53_11196	netmap_config_5	clustering_score_tf.json	1.0	32368	78	78	1.0	1.0	net_70_11431_net_60_10082_net_135_11054_net_53_11196_net_74_11972_net_84_9903	config_five	5
net_60_10082	netmap_config_5	clustering_score_tf.json	1.0	32368	104	104	1.0	1.0	net_70_11431_net_60_10082_net_135_11054_net_53_11196_net_74_11972_net_84_9903	config_five	5
net_70_11431	netmap_config_5	clustering_score_tf.json	1.0	32368	88	88	1.0	1.0	net_70_11431_net_60_10082_net_135_11054_net_53_11196_net_74_11972_net_84_9903	config_five	5
net_74_11972	netmap_config_5	clustering_score_tf.json	1.0	32368	73	73	1.0	1.0	net_70_11431_net_60_10082_net_135_11054_net_53_11196_net_74_11972_net_84_9903	config_five	5
net_135_11054	netmap_config_6	clustering_score_tf.json	0.776	32368	264	264	1.0	1.0	net_70_11431_net_60_10082_net_135_11054_net_53_11196_net_74_11972_net_84_9903	config_five	5
net_53_11196	netmap_config_6	clustering_score_tf.json	0.776	32368	78	78	1.0	1.0	net_70_11431_net_60_10082_net_135_11054_net_53_11196_net_74_11972_net_84_9903	config_five	5
net_60_10082	netmap_config_6	clustering_score_tf.json	0.776	32368	104	104	1.0	1.0	net_70_11431_net_60_10082_net_135_11054_net_53_11196_net_74_11972_net_84_9903	config_five	5
net_70_11431	netmap_config_6	clustering_score_tf.json	0.776	32368	88	88	1.0	1.0	net_70_11431_net_60_10082_net_135_11054_net_53_11196_net_74_11972_net_84_9903	config_five	5
net_74_11972	netmap_config_6	clustering_score_tf.json	0.776	32368	73	73	1.0	1.0	net_70_11431_net_60_10082_net_135_11054_net_53_11196_net_74_11972_net_84_9903	config_five	5
net_135_11054	netmap_config_7	clustering_score_tf.json	0.2164	32368	264	264	1.0	1.0	net_70_11431_net_60_10082_net_135_11054_net_53_11196_net_74_11972_net_84_9903	config_five	5
net_53_11196	netmap_config_7	clustering_score_tf.json	0.2164	32368	78	78	1.0	1.0	net_70_11431_net_60_10082_net_135_11054_net_53_11196_net_74_11972_net_84_9903	config_five	5
net_60_10082	netmap_config_7	clustering_score_tf.json	0.2164	32368	104	104	1.0	1.0	net_70_11431_net_60_10082_net_135_11054_net_53_11196_net_74_11972_net_84_9903	config_five	5
net_70_11431	netmap_config_7	clustering_score_tf.json	0.2164	32368	88	88	1.0	1.0	net_70_11431_net_60_10082_net_135_11054_net_53_11196_net_74_11972_net_84_9903	config_five	5
net_74_11972	netmap_config_7	clustering_score_tf.json	0.2164	32368	73	73	1.0	1.0	net_70_11431_net_60_10082_net_135_11054_net_53_11196_net_74_11972_net_84_9903	config_five	5
net_135_11054	netmap_config_8	clustering_score_tf.json	0.2164	32368	264	264	1.0	1.0	net_70_11431_net_60_10082_net_135_11054_net_53_11196_net_74_11972_net_84_9903	config_five	5
net_53_11196	netmap_config_8	clustering_score_tf.json	0.2164	32368	78	78	1.0	1.0	net_70_11431_net_60_10082_net_135_11054_net_53_11196_net_74_11972_net_84_9903	config_five	5
net_60_10082	netmap_config_8	clustering_score_tf.json	0.2164	32368	104	104	1.0	1.0	net_70_11431_net_60_10082_net_135_11054_net_53_11196_net_74_11972_net_84_9903	config_five	5
net_70_11431	netmap_config_8	clustering_score_tf.json	0.2164	32368	88	88	1.0	1.0	net_70_11431_net_60_10082_net_135_11054_net_53_11196_net_74_11972_net_84_9903	config_five	5
net_74_11972	netmap_config_8	clustering_score_tf.json	0.2164	32368	73	73	1.0	1.0	net_70_11431_net_60_10082_net_135_11054_net_53_11196_net_74_11972_net_84_9903	config_five	5
net_135_11054	netmap_config_9	clustering_score_tf.json	0.2164	32368	264	264	1.0	1.0	net_70_11431_net_60_10082_net_135_11054_net_53_11196_net_74_11972_net_84_9903	config_five	5
net_53_11196	netmap_config_9	clustering_score_tf.json	0.2164	32368	78	78	1.0	1.0	net_70_11431_net_60_10082_net_135_11054_net_53_11196_net_74_11972_net_84_9903	config_five	5
net_60_10082	netmap_config_9	clustering_score_tf.json	0.2164	32368	104	104	1.0	1.0	net_70_11431_net_60_10082_net_135_11054_net_53_11196_net_74_11972_net_84_9903	config_five	5
net_70_11431	netmap_config_9	clustering_score_tf.json	0.2164	32368	88	88	1.0	1.0	net_70_11431_net_60_10082_net_135_11054_net_53_11196_net_74_11972_net_84_9903	config_five	5
net_74_11972	netmap_config_9	clustering_score_tf.json	0.2164	32368	73	73	1.0	1.0	net_70_11431_net_60_10082_net_135_11054_net_53_11196_net_74_11972_net_84_9903	config_five	5
net_135_11054	scgenerai_config	clustering_score_tf.json	0.202	17811	180	264	0.6818181818181818	0.6818181818181818	net_70_11431_net_60_10082_net_135_11054_net_53_11196_net_74_11972_net_84_9903	config_five	5
net_53_11196	scgenerai_config	clustering_score_tf.json	0.202	17811	50	78	0.6410256410256411	0.6410256410256411	net_70_11431_net_60_10082_net_135_11054_net_53_11196_net_74_11972_net_84_9903	config_five	5
net_60_10082	scgenerai_config	clustering_score_tf.json	0.202	17811	14	104	0.1346153846153846	0.1346153846153846	net_70_11431_net_60_10082_net_135_11054_net_53_11196_net_74_11972_net_84_9903	config_five	5
net_70_11431	scgenerai_config	clustering_score_tf.json	0.202	17811	39	88	0.4431818181818182	0.4431818181818182	net_70_11431_net_60_10082_net_135_11054_net_53_11196_net_74_11972_net_84_9903	config_five	5
net_74_11972	scgenerai_config	clustering_score_tf.json	0.202	17811	26	73	0.3561643835616438	0.3561643835616438	net_70_11431_net_60_10082_net_135_11054_net_53_11196_net_74_11972_net_84_9903	config_five	5
