	cluster	source	jaccard_score	size_a	size_b	threshold	top_regulons	comparison	file_a	file_b
0	pDC	IRF8	0.6666666666666666	10	10	10	5	bd-rhap-rep1-X/regulons_10_TF.tsv vs bd-rhap-rep2-X/regulons_10_TF.tsv	bd-rhap-rep1-X/regulons_10_TF.tsv	bd-rhap-rep2-X/regulons_10_TF.tsv
1	b_cells	IRF8	0.25	10	10	10	5	bd-rhap-rep1-X/regulons_10_TF.tsv vs bd-rhap-rep2-X/regulons_10_TF.tsv	bd-rhap-rep1-X/regulons_10_TF.tsv	bd-rhap-rep2-X/regulons_10_TF.tsv
2	pDC	FOXP1	0.42857142857142855	10	10	10	5	bd-rhap-rep1-X/regulons_10_TF.tsv vs bd-rhap-rep2-X/regulons_10_TF.tsv	bd-rhap-rep1-X/regulons_10_TF.tsv	bd-rhap-rep2-X/regulons_10_TF.tsv
3	b_cells	HDAC9	0.8181818181818182	10	10	10	5	bd-rhap-rep1-X/regulons_10_TF.tsv vs bd-rhap-rep2-X/regulons_10_TF.tsv	bd-rhap-rep1-X/regulons_10_TF.tsv	bd-rhap-rep2-X/regulons_10_TF.tsv
4	nk_cells	NFATC2	0.42857142857142855	10	10	10	5	bd-rhap-rep1-X/regulons_10_TF.tsv vs bd-rhap-rep2-X/regulons_10_TF.tsv	bd-rhap-rep1-X/regulons_10_TF.tsv	bd-rhap-rep2-X/regulons_10_TF.tsv
5	b_cells	BCL11A	0.5384615384615384	10	10	10	5	bd-rhap-rep1-X/regulons_10_TF.tsv vs bd-rhap-rep2-X/regulons_10_TF.tsv	bd-rhap-rep1-X/regulons_10_TF.tsv	bd-rhap-rep2-X/regulons_10_TF.tsv
6	cd14-_monocytes	HDAC9	0.3333333333333333	10	10	10	5	bd-rhap-rep1-X/regulons_10_TF.tsv vs bd-rhap-rep2-X/regulons_10_TF.tsv	bd-rhap-rep1-X/regulons_10_TF.tsv	bd-rhap-rep2-X/regulons_10_TF.tsv
7	cd14-_monocytes	ID2	0.5384615384615384	10	10	10	5	bd-rhap-rep1-X/regulons_10_TF.tsv vs bd-rhap-rep2-X/regulons_10_TF.tsv	bd-rhap-rep1-X/regulons_10_TF.tsv	bd-rhap-rep2-X/regulons_10_TF.tsv
8	cd4+_tcells	TRERF1	0.25	10	10	10	5	bd-rhap-rep1-X/regulons_10_TF.tsv vs bd-rhap-rep2-X/regulons_10_TF.tsv	bd-rhap-rep1-X/regulons_10_TF.tsv	bd-rhap-rep2-X/regulons_10_TF.tsv
9	cd14+_monocytes	NR4A1	0.42857142857142855	10	10	10	5	bd-rhap-rep1-X/regulons_10_TF.tsv vs bd-rhap-rep2-X/regulons_10_TF.tsv	bd-rhap-rep1-X/regulons_10_TF.tsv	bd-rhap-rep2-X/regulons_10_TF.tsv
10	cd8+_tcells	NFATC2	0.25	10	10	10	5	bd-rhap-rep1-X/regulons_10_TF.tsv vs bd-rhap-rep2-X/regulons_10_TF.tsv	bd-rhap-rep1-X/regulons_10_TF.tsv	bd-rhap-rep2-X/regulons_10_TF.tsv
11	DC	ID2	0.3333333333333333	10	10	10	5	bd-rhap-rep1-X/regulons_10_TF.tsv vs bd-rhap-rep2-X/regulons_10_TF.tsv	bd-rhap-rep1-X/regulons_10_TF.tsv	bd-rhap-rep2-X/regulons_10_TF.tsv
12	cd4+_tcells	ID2	0.17647058823529413	10	10	10	5	bd-rhap-rep1-X/regulons_10_TF.tsv vs bd-rhap-rep2-X/regulons_10_TF.tsv	bd-rhap-rep1-X/regulons_10_TF.tsv	bd-rhap-rep2-X/regulons_10_TF.tsv
13	cd14+_monocytes	HDAC9	0.5384615384615384	10	10	10	5	bd-rhap-rep1-X/regulons_10_TF.tsv vs bd-rhap-rep2-X/regulons_10_TF.tsv	bd-rhap-rep1-X/regulons_10_TF.tsv	bd-rhap-rep2-X/regulons_10_TF.tsv
14	cd14+_monocytes	TLE5	0.05263157894736842	10	10	10	5	bd-rhap-rep1-X/regulons_10_TF.tsv vs 10x-rep1-kallisto-cellbender-X/regulons_10_TF.tsv	bd-rhap-rep1-X/regulons_10_TF.tsv	10x-rep1-kallisto-cellbender-X/regulons_10_TF.tsv
15	cd14-_monocytes	CEBPD	0.42857142857142855	10	10	10	5	bd-rhap-rep1-X/regulons_10_TF.tsv vs 10x-rep1-kallisto-cellbender-X/regulons_10_TF.tsv	bd-rhap-rep1-X/regulons_10_TF.tsv	10x-rep1-kallisto-cellbender-X/regulons_10_TF.tsv
16	pDC	IRF8	0.5384615384615384	10	10	10	5	bd-rhap-rep1-X/regulons_10_TF.tsv vs 10x-rep1-kallisto-cellbender-X/regulons_10_TF.tsv	bd-rhap-rep1-X/regulons_10_TF.tsv	10x-rep1-kallisto-cellbender-X/regulons_10_TF.tsv
17	b_cells	IRF8	0.42857142857142855	10	10	10	5	bd-rhap-rep1-X/regulons_10_TF.tsv vs 10x-rep1-kallisto-cellbender-X/regulons_10_TF.tsv	bd-rhap-rep1-X/regulons_10_TF.tsv	10x-rep1-kallisto-cellbender-X/regulons_10_TF.tsv
18	pDC	TLE5	0.17647058823529413	10	10	10	5	bd-rhap-rep1-X/regulons_10_TF.tsv vs 10x-rep1-kallisto-cellbender-X/regulons_10_TF.tsv	bd-rhap-rep1-X/regulons_10_TF.tsv	10x-rep1-kallisto-cellbender-X/regulons_10_TF.tsv
19	b_cells	BCL11A	0.42857142857142855	10	10	10	5	bd-rhap-rep1-X/regulons_10_TF.tsv vs 10x-rep1-kallisto-cellbender-X/regulons_10_TF.tsv	bd-rhap-rep1-X/regulons_10_TF.tsv	10x-rep1-kallisto-cellbender-X/regulons_10_TF.tsv
20	cd14-_monocytes	ID2	0.0	10	10	10	5	bd-rhap-rep1-X/regulons_10_TF.tsv vs 10x-rep1-kallisto-cellbender-X/regulons_10_TF.tsv	bd-rhap-rep1-X/regulons_10_TF.tsv	10x-rep1-kallisto-cellbender-X/regulons_10_TF.tsv
21	cd14-_monocytes	LMO4	0.25	10	10	10	5	bd-rhap-rep1-X/regulons_10_TF.tsv vs 10x-rep1-kallisto-cellbender-X/regulons_10_TF.tsv	bd-rhap-rep1-X/regulons_10_TF.tsv	10x-rep1-kallisto-cellbender-X/regulons_10_TF.tsv
22	DC	ID2	0.1111111111111111	10	10	10	5	bd-rhap-rep1-X/regulons_10_TF.tsv vs 10x-rep1-kallisto-cellbender-X/regulons_10_TF.tsv	bd-rhap-rep1-X/regulons_10_TF.tsv	10x-rep1-kallisto-cellbender-X/regulons_10_TF.tsv
23	cd8+_tcells	ID2	0.1111111111111111	10	10	10	5	bd-rhap-rep1-X/regulons_10_TF.tsv vs 10x-rep1-kallisto-cellbender-X/regulons_10_TF.tsv	bd-rhap-rep1-X/regulons_10_TF.tsv	10x-rep1-kallisto-cellbender-X/regulons_10_TF.tsv
24	b_cells	FOS	0.1111111111111111	10	10	10	5	bd-rhap-rep1-X/regulons_10_TF.tsv vs 10x-rep1-kallisto-cellbender-X/regulons_10_TF.tsv	bd-rhap-rep1-X/regulons_10_TF.tsv	10x-rep1-kallisto-cellbender-X/regulons_10_TF.tsv
25	cd14+_monocytes	ID2	0.0	10	10	10	5	bd-rhap-rep2-X/regulons_10_TF.tsv vs 10x-rep1-kallisto-cellbender-X/regulons_10_TF.tsv	bd-rhap-rep2-X/regulons_10_TF.tsv	10x-rep1-kallisto-cellbender-X/regulons_10_TF.tsv
26	pDC	IRF8	0.6666666666666666	10	10	10	5	bd-rhap-rep2-X/regulons_10_TF.tsv vs 10x-rep1-kallisto-cellbender-X/regulons_10_TF.tsv	bd-rhap-rep2-X/regulons_10_TF.tsv	10x-rep1-kallisto-cellbender-X/regulons_10_TF.tsv
27	b_cells	IRF8	0.17647058823529413	10	10	10	5	bd-rhap-rep2-X/regulons_10_TF.tsv vs 10x-rep1-kallisto-cellbender-X/regulons_10_TF.tsv	bd-rhap-rep2-X/regulons_10_TF.tsv	10x-rep1-kallisto-cellbender-X/regulons_10_TF.tsv
28	b_cells	BCL11A	0.42857142857142855	10	10	10	5	bd-rhap-rep2-X/regulons_10_TF.tsv vs 10x-rep1-kallisto-cellbender-X/regulons_10_TF.tsv	bd-rhap-rep2-X/regulons_10_TF.tsv	10x-rep1-kallisto-cellbender-X/regulons_10_TF.tsv
29	cd14-_monocytes	ID2	0.0	10	10	10	5	bd-rhap-rep2-X/regulons_10_TF.tsv vs 10x-rep1-kallisto-cellbender-X/regulons_10_TF.tsv	bd-rhap-rep2-X/regulons_10_TF.tsv	10x-rep1-kallisto-cellbender-X/regulons_10_TF.tsv
30	cd8+_tcells	BTG2	0.05263157894736842	10	10	10	5	bd-rhap-rep2-X/regulons_10_TF.tsv vs 10x-rep1-kallisto-cellbender-X/regulons_10_TF.tsv	bd-rhap-rep2-X/regulons_10_TF.tsv	10x-rep1-kallisto-cellbender-X/regulons_10_TF.tsv
31	DC	ID2	0.05263157894736842	10	10	10	5	bd-rhap-rep2-X/regulons_10_TF.tsv vs 10x-rep1-kallisto-cellbender-X/regulons_10_TF.tsv	bd-rhap-rep2-X/regulons_10_TF.tsv	10x-rep1-kallisto-cellbender-X/regulons_10_TF.tsv
32	pDC	IRF8	0.8181818181818182	20	20	20	5	bd-rhap-rep1-X/regulons_20_TF.tsv vs bd-rhap-rep2-X/regulons_20_TF.tsv	bd-rhap-rep1-X/regulons_20_TF.tsv	bd-rhap-rep2-X/regulons_20_TF.tsv
33	b_cells	IRF8	0.48148148148148145	20	20	20	5	bd-rhap-rep1-X/regulons_20_TF.tsv vs bd-rhap-rep2-X/regulons_20_TF.tsv	bd-rhap-rep1-X/regulons_20_TF.tsv	bd-rhap-rep2-X/regulons_20_TF.tsv
34	cd8+_tcells	MAX	0.3333333333333333	20	20	20	5	bd-rhap-rep1-X/regulons_20_TF.tsv vs bd-rhap-rep2-X/regulons_20_TF.tsv	bd-rhap-rep1-X/regulons_20_TF.tsv	bd-rhap-rep2-X/regulons_20_TF.tsv
35	nk_cells	NFATC2	0.48148148148148145	20	20	20	5	bd-rhap-rep1-X/regulons_20_TF.tsv vs bd-rhap-rep2-X/regulons_20_TF.tsv	bd-rhap-rep1-X/regulons_20_TF.tsv	bd-rhap-rep2-X/regulons_20_TF.tsv
36	b_cells	BCL11A	0.6	20	20	20	5	bd-rhap-rep1-X/regulons_20_TF.tsv vs bd-rhap-rep2-X/regulons_20_TF.tsv	bd-rhap-rep1-X/regulons_20_TF.tsv	bd-rhap-rep2-X/regulons_20_TF.tsv
37	cd14-_monocytes	HDAC9	0.3333333333333333	20	20	20	5	bd-rhap-rep1-X/regulons_20_TF.tsv vs bd-rhap-rep2-X/regulons_20_TF.tsv	bd-rhap-rep1-X/regulons_20_TF.tsv	bd-rhap-rep2-X/regulons_20_TF.tsv
38	cd14+_monocytes	RUNX3	0.6	20	20	20	5	bd-rhap-rep1-X/regulons_20_TF.tsv vs bd-rhap-rep2-X/regulons_20_TF.tsv	bd-rhap-rep1-X/regulons_20_TF.tsv	bd-rhap-rep2-X/regulons_20_TF.tsv
39	cd14+_monocytes	NR4A1	0.3333333333333333	20	20	20	5	bd-rhap-rep1-X/regulons_20_TF.tsv vs bd-rhap-rep2-X/regulons_20_TF.tsv	bd-rhap-rep1-X/regulons_20_TF.tsv	bd-rhap-rep2-X/regulons_20_TF.tsv
40	DC	ID2	0.3333333333333333	20	20	20	5	bd-rhap-rep1-X/regulons_20_TF.tsv vs bd-rhap-rep2-X/regulons_20_TF.tsv	bd-rhap-rep1-X/regulons_20_TF.tsv	bd-rhap-rep2-X/regulons_20_TF.tsv
41	cd14-_monocytes	NR4A1	0.3333333333333333	20	20	20	5	bd-rhap-rep1-X/regulons_20_TF.tsv vs bd-rhap-rep2-X/regulons_20_TF.tsv	bd-rhap-rep1-X/regulons_20_TF.tsv	bd-rhap-rep2-X/regulons_20_TF.tsv
42	cd14+_monocytes	HDAC9	0.48148148148148145	20	20	20	5	bd-rhap-rep1-X/regulons_20_TF.tsv vs bd-rhap-rep2-X/regulons_20_TF.tsv	bd-rhap-rep1-X/regulons_20_TF.tsv	bd-rhap-rep2-X/regulons_20_TF.tsv
43	pDC	FOS	0.05263157894736842	20	20	20	5	bd-rhap-rep1-X/regulons_20_TF.tsv vs 10x-rep1-kallisto-cellbender-X/regulons_20_TF.tsv	bd-rhap-rep1-X/regulons_20_TF.tsv	10x-rep1-kallisto-cellbender-X/regulons_20_TF.tsv
44	cd14+_monocytes	TLE5	0.05263157894736842	20	20	20	5	bd-rhap-rep1-X/regulons_20_TF.tsv vs 10x-rep1-kallisto-cellbender-X/regulons_20_TF.tsv	bd-rhap-rep1-X/regulons_20_TF.tsv	10x-rep1-kallisto-cellbender-X/regulons_20_TF.tsv
45	DC	FOS	0.14285714285714285	20	20	20	5	bd-rhap-rep1-X/regulons_20_TF.tsv vs 10x-rep1-kallisto-cellbender-X/regulons_20_TF.tsv	bd-rhap-rep1-X/regulons_20_TF.tsv	10x-rep1-kallisto-cellbender-X/regulons_20_TF.tsv
46	cd14-_monocytes	CEBPD	0.21212121212121213	20	20	20	5	bd-rhap-rep1-X/regulons_20_TF.tsv vs 10x-rep1-kallisto-cellbender-X/regulons_20_TF.tsv	bd-rhap-rep1-X/regulons_20_TF.tsv	10x-rep1-kallisto-cellbender-X/regulons_20_TF.tsv
47	b_cells	IRF8	0.48148148148148145	20	20	20	5	bd-rhap-rep1-X/regulons_20_TF.tsv vs 10x-rep1-kallisto-cellbender-X/regulons_20_TF.tsv	bd-rhap-rep1-X/regulons_20_TF.tsv	10x-rep1-kallisto-cellbender-X/regulons_20_TF.tsv
48	cd4+_tcells	BTG2	0.14285714285714285	20	20	20	5	bd-rhap-rep1-X/regulons_20_TF.tsv vs 10x-rep1-kallisto-cellbender-X/regulons_20_TF.tsv	bd-rhap-rep1-X/regulons_20_TF.tsv	10x-rep1-kallisto-cellbender-X/regulons_20_TF.tsv
49	pDC	TLE5	0.21212121212121213	20	20	20	5	bd-rhap-rep1-X/regulons_20_TF.tsv vs 10x-rep1-kallisto-cellbender-X/regulons_20_TF.tsv	bd-rhap-rep1-X/regulons_20_TF.tsv	10x-rep1-kallisto-cellbender-X/regulons_20_TF.tsv
50	b_cells	BCL11A	0.48148148148148145	20	20	20	5	bd-rhap-rep1-X/regulons_20_TF.tsv vs 10x-rep1-kallisto-cellbender-X/regulons_20_TF.tsv	bd-rhap-rep1-X/regulons_20_TF.tsv	10x-rep1-kallisto-cellbender-X/regulons_20_TF.tsv
51	pDC	BCL11A	0.5384615384615384	20	20	20	5	bd-rhap-rep1-X/regulons_20_TF.tsv vs 10x-rep1-kallisto-cellbender-X/regulons_20_TF.tsv	bd-rhap-rep1-X/regulons_20_TF.tsv	10x-rep1-kallisto-cellbender-X/regulons_20_TF.tsv
52	DC	TLE5	0.14285714285714285	20	20	20	5	bd-rhap-rep1-X/regulons_20_TF.tsv vs 10x-rep1-kallisto-cellbender-X/regulons_20_TF.tsv	bd-rhap-rep1-X/regulons_20_TF.tsv	10x-rep1-kallisto-cellbender-X/regulons_20_TF.tsv
53	DC	ID2	0.08108108108108109	20	20	20	5	bd-rhap-rep1-X/regulons_20_TF.tsv vs 10x-rep1-kallisto-cellbender-X/regulons_20_TF.tsv	bd-rhap-rep1-X/regulons_20_TF.tsv	10x-rep1-kallisto-cellbender-X/regulons_20_TF.tsv
54	b_cells	FOS	0.1111111111111111	20	20	20	5	bd-rhap-rep1-X/regulons_20_TF.tsv vs 10x-rep1-kallisto-cellbender-X/regulons_20_TF.tsv	bd-rhap-rep1-X/regulons_20_TF.tsv	10x-rep1-kallisto-cellbender-X/regulons_20_TF.tsv
55	pDC	JUN	0.17647058823529413	20	20	20	5	bd-rhap-rep1-X/regulons_20_TF.tsv vs 10x-rep1-kallisto-cellbender-X/regulons_20_TF.tsv	bd-rhap-rep1-X/regulons_20_TF.tsv	10x-rep1-kallisto-cellbender-X/regulons_20_TF.tsv
56	cd14-_monocytes	NR4A1	0.21212121212121213	20	20	20	5	bd-rhap-rep1-X/regulons_20_TF.tsv vs 10x-rep1-kallisto-cellbender-X/regulons_20_TF.tsv	bd-rhap-rep1-X/regulons_20_TF.tsv	10x-rep1-kallisto-cellbender-X/regulons_20_TF.tsv
57	cd14+_monocytes	ID2	0.21212121212121213	20	20	20	5	bd-rhap-rep2-X/regulons_20_TF.tsv vs 10x-rep1-kallisto-cellbender-X/regulons_20_TF.tsv	bd-rhap-rep2-X/regulons_20_TF.tsv	10x-rep1-kallisto-cellbender-X/regulons_20_TF.tsv
58	b_cells	IRF8	0.21212121212121213	20	20	20	5	bd-rhap-rep2-X/regulons_20_TF.tsv vs 10x-rep1-kallisto-cellbender-X/regulons_20_TF.tsv	bd-rhap-rep2-X/regulons_20_TF.tsv	10x-rep1-kallisto-cellbender-X/regulons_20_TF.tsv
59	b_cells	BCL11A	0.42857142857142855	20	20	20	5	bd-rhap-rep2-X/regulons_20_TF.tsv vs 10x-rep1-kallisto-cellbender-X/regulons_20_TF.tsv	bd-rhap-rep2-X/regulons_20_TF.tsv	10x-rep1-kallisto-cellbender-X/regulons_20_TF.tsv
60	cd8+_tcells	BTG2	0.17647058823529413	20	20	20	5	bd-rhap-rep2-X/regulons_20_TF.tsv vs 10x-rep1-kallisto-cellbender-X/regulons_20_TF.tsv	bd-rhap-rep2-X/regulons_20_TF.tsv	10x-rep1-kallisto-cellbender-X/regulons_20_TF.tsv
61	DC	ID2	0.08108108108108109	20	20	20	5	bd-rhap-rep2-X/regulons_20_TF.tsv vs 10x-rep1-kallisto-cellbender-X/regulons_20_TF.tsv	bd-rhap-rep2-X/regulons_20_TF.tsv	10x-rep1-kallisto-cellbender-X/regulons_20_TF.tsv
62	nk_cells	RUNX3	0.21212121212121213	20	20	20	5	bd-rhap-rep2-X/regulons_20_TF.tsv vs 10x-rep1-kallisto-cellbender-X/regulons_20_TF.tsv	bd-rhap-rep2-X/regulons_20_TF.tsv	10x-rep1-kallisto-cellbender-X/regulons_20_TF.tsv
63	cd14-_monocytes	NR4A1	0.1111111111111111	20	20	20	5	bd-rhap-rep2-X/regulons_20_TF.tsv vs 10x-rep1-kallisto-cellbender-X/regulons_20_TF.tsv	bd-rhap-rep2-X/regulons_20_TF.tsv	10x-rep1-kallisto-cellbender-X/regulons_20_TF.tsv
64	pDC	IRF8	0.6216216216216216	30	30	30	5	bd-rhap-rep1-X/regulons_30_TF.tsv vs bd-rhap-rep2-X/regulons_30_TF.tsv	bd-rhap-rep1-X/regulons_30_TF.tsv	bd-rhap-rep2-X/regulons_30_TF.tsv
65	b_cells	IRF8	0.4634146341463415	30	30	30	5	bd-rhap-rep1-X/regulons_30_TF.tsv vs bd-rhap-rep2-X/regulons_30_TF.tsv	bd-rhap-rep1-X/regulons_30_TF.tsv	bd-rhap-rep2-X/regulons_30_TF.tsv
66	nk_cells	NFATC2	0.4634146341463415	30	30	30	5	bd-rhap-rep1-X/regulons_30_TF.tsv vs bd-rhap-rep2-X/regulons_30_TF.tsv	bd-rhap-rep1-X/regulons_30_TF.tsv	bd-rhap-rep2-X/regulons_30_TF.tsv
67	b_cells	BCL11A	0.7647058823529411	30	30	30	5	bd-rhap-rep1-X/regulons_30_TF.tsv vs bd-rhap-rep2-X/regulons_30_TF.tsv	bd-rhap-rep1-X/regulons_30_TF.tsv	bd-rhap-rep2-X/regulons_30_TF.tsv
68	cd14-_monocytes	HDAC9	0.25	30	30	30	5	bd-rhap-rep1-X/regulons_30_TF.tsv vs bd-rhap-rep2-X/regulons_30_TF.tsv	bd-rhap-rep1-X/regulons_30_TF.tsv	bd-rhap-rep2-X/regulons_30_TF.tsv
69	cd14+_monocytes	RUNX3	0.3953488372093023	30	30	30	5	bd-rhap-rep1-X/regulons_30_TF.tsv vs bd-rhap-rep2-X/regulons_30_TF.tsv	bd-rhap-rep1-X/regulons_30_TF.tsv	bd-rhap-rep2-X/regulons_30_TF.tsv
70	cd14+_monocytes	NR4A1	0.42857142857142855	30	30	30	5	bd-rhap-rep1-X/regulons_30_TF.tsv vs bd-rhap-rep2-X/regulons_30_TF.tsv	bd-rhap-rep1-X/regulons_30_TF.tsv	bd-rhap-rep2-X/regulons_30_TF.tsv
71	cd8+_tcells	NFATC2	0.3333333333333333	30	30	30	5	bd-rhap-rep1-X/regulons_30_TF.tsv vs bd-rhap-rep2-X/regulons_30_TF.tsv	bd-rhap-rep1-X/regulons_30_TF.tsv	bd-rhap-rep2-X/regulons_30_TF.tsv
72	cd8+_tcells	ID2	0.36363636363636365	30	30	30	5	bd-rhap-rep1-X/regulons_30_TF.tsv vs bd-rhap-rep2-X/regulons_30_TF.tsv	bd-rhap-rep1-X/regulons_30_TF.tsv	bd-rhap-rep2-X/regulons_30_TF.tsv
73	DC	ID2	0.3953488372093023	30	30	30	5	bd-rhap-rep1-X/regulons_30_TF.tsv vs bd-rhap-rep2-X/regulons_30_TF.tsv	bd-rhap-rep1-X/regulons_30_TF.tsv	bd-rhap-rep2-X/regulons_30_TF.tsv
74	cd14-_monocytes	NR4A1	0.3333333333333333	30	30	30	5	bd-rhap-rep1-X/regulons_30_TF.tsv vs bd-rhap-rep2-X/regulons_30_TF.tsv	bd-rhap-rep1-X/regulons_30_TF.tsv	bd-rhap-rep2-X/regulons_30_TF.tsv
75	cd14+_monocytes	HDAC9	0.5	30	30	30	5	bd-rhap-rep1-X/regulons_30_TF.tsv vs bd-rhap-rep2-X/regulons_30_TF.tsv	bd-rhap-rep1-X/regulons_30_TF.tsv	bd-rhap-rep2-X/regulons_30_TF.tsv
76	pDC	FOS	0.05263157894736842	30	30	30	5	bd-rhap-rep1-X/regulons_30_TF.tsv vs 10x-rep1-kallisto-cellbender-X/regulons_30_TF.tsv	bd-rhap-rep1-X/regulons_30_TF.tsv	10x-rep1-kallisto-cellbender-X/regulons_30_TF.tsv
77	cd14-_monocytes	CEBPD	0.22448979591836735	30	30	30	5	bd-rhap-rep1-X/regulons_30_TF.tsv vs 10x-rep1-kallisto-cellbender-X/regulons_30_TF.tsv	bd-rhap-rep1-X/regulons_30_TF.tsv	10x-rep1-kallisto-cellbender-X/regulons_30_TF.tsv
78	pDC	IRF8	0.5789473684210527	30	30	30	5	bd-rhap-rep1-X/regulons_30_TF.tsv vs 10x-rep1-kallisto-cellbender-X/regulons_30_TF.tsv	bd-rhap-rep1-X/regulons_30_TF.tsv	10x-rep1-kallisto-cellbender-X/regulons_30_TF.tsv
79	b_cells	IRF8	0.3333333333333333	30	30	30	5	bd-rhap-rep1-X/regulons_30_TF.tsv vs 10x-rep1-kallisto-cellbender-X/regulons_30_TF.tsv	bd-rhap-rep1-X/regulons_30_TF.tsv	10x-rep1-kallisto-cellbender-X/regulons_30_TF.tsv
80	cd4+_tcells	BTG2	0.17647058823529413	30	30	30	5	bd-rhap-rep1-X/regulons_30_TF.tsv vs 10x-rep1-kallisto-cellbender-X/regulons_30_TF.tsv	bd-rhap-rep1-X/regulons_30_TF.tsv	10x-rep1-kallisto-cellbender-X/regulons_30_TF.tsv
81	pDC	TLE5	0.3333333333333333	30	30	30	5	bd-rhap-rep1-X/regulons_30_TF.tsv vs 10x-rep1-kallisto-cellbender-X/regulons_30_TF.tsv	bd-rhap-rep1-X/regulons_30_TF.tsv	10x-rep1-kallisto-cellbender-X/regulons_30_TF.tsv
82	b_cells	BCL11A	0.36363636363636365	30	30	30	5	bd-rhap-rep1-X/regulons_30_TF.tsv vs 10x-rep1-kallisto-cellbender-X/regulons_30_TF.tsv	bd-rhap-rep1-X/regulons_30_TF.tsv	10x-rep1-kallisto-cellbender-X/regulons_30_TF.tsv
83	pDC	BCL11A	0.42857142857142855	30	30	30	5	bd-rhap-rep1-X/regulons_30_TF.tsv vs 10x-rep1-kallisto-cellbender-X/regulons_30_TF.tsv	bd-rhap-rep1-X/regulons_30_TF.tsv	10x-rep1-kallisto-cellbender-X/regulons_30_TF.tsv
84	DC	TLE5	0.17647058823529413	30	30	30	5	bd-rhap-rep1-X/regulons_30_TF.tsv vs 10x-rep1-kallisto-cellbender-X/regulons_30_TF.tsv	bd-rhap-rep1-X/regulons_30_TF.tsv	10x-rep1-kallisto-cellbender-X/regulons_30_TF.tsv
85	DC	ID2	0.07142857142857142	30	30	30	5	bd-rhap-rep1-X/regulons_30_TF.tsv vs 10x-rep1-kallisto-cellbender-X/regulons_30_TF.tsv	bd-rhap-rep1-X/regulons_30_TF.tsv	10x-rep1-kallisto-cellbender-X/regulons_30_TF.tsv
86	cd14+_monocytes	CEBPD	0.2765957446808511	30	30	30	5	bd-rhap-rep1-X/regulons_30_TF.tsv vs 10x-rep1-kallisto-cellbender-X/regulons_30_TF.tsv	bd-rhap-rep1-X/regulons_30_TF.tsv	10x-rep1-kallisto-cellbender-X/regulons_30_TF.tsv
87	cd14+_monocytes	ID2	0.2	30	30	30	5	bd-rhap-rep2-X/regulons_30_TF.tsv vs 10x-rep1-kallisto-cellbender-X/regulons_30_TF.tsv	bd-rhap-rep2-X/regulons_30_TF.tsv	10x-rep1-kallisto-cellbender-X/regulons_30_TF.tsv
88	pDC	IRF8	0.4634146341463415	30	30	30	5	bd-rhap-rep2-X/regulons_30_TF.tsv vs 10x-rep1-kallisto-cellbender-X/regulons_30_TF.tsv	bd-rhap-rep2-X/regulons_30_TF.tsv	10x-rep1-kallisto-cellbender-X/regulons_30_TF.tsv
89	b_cells	IRF8	0.17647058823529413	30	30	30	5	bd-rhap-rep2-X/regulons_30_TF.tsv vs 10x-rep1-kallisto-cellbender-X/regulons_30_TF.tsv	bd-rhap-rep2-X/regulons_30_TF.tsv	10x-rep1-kallisto-cellbender-X/regulons_30_TF.tsv
90	b_cells	BCL11A	0.3333333333333333	30	30	30	5	bd-rhap-rep2-X/regulons_30_TF.tsv vs 10x-rep1-kallisto-cellbender-X/regulons_30_TF.tsv	bd-rhap-rep2-X/regulons_30_TF.tsv	10x-rep1-kallisto-cellbender-X/regulons_30_TF.tsv
91	cd8+_tcells	BTG2	0.15384615384615385	30	30	30	5	bd-rhap-rep2-X/regulons_30_TF.tsv vs 10x-rep1-kallisto-cellbender-X/regulons_30_TF.tsv	bd-rhap-rep2-X/regulons_30_TF.tsv	10x-rep1-kallisto-cellbender-X/regulons_30_TF.tsv
92	nk_cells	ID2	0.17647058823529413	30	30	30	5	bd-rhap-rep2-X/regulons_30_TF.tsv vs 10x-rep1-kallisto-cellbender-X/regulons_30_TF.tsv	bd-rhap-rep2-X/regulons_30_TF.tsv	10x-rep1-kallisto-cellbender-X/regulons_30_TF.tsv
93	b_cells	TCF4	0.2765957446808511	30	30	30	5	bd-rhap-rep2-X/regulons_30_TF.tsv vs 10x-rep1-kallisto-cellbender-X/regulons_30_TF.tsv	bd-rhap-rep2-X/regulons_30_TF.tsv	10x-rep1-kallisto-cellbender-X/regulons_30_TF.tsv
94	DC	ID2	0.1111111111111111	30	30	30	5	bd-rhap-rep2-X/regulons_30_TF.tsv vs 10x-rep1-kallisto-cellbender-X/regulons_30_TF.tsv	bd-rhap-rep2-X/regulons_30_TF.tsv	10x-rep1-kallisto-cellbender-X/regulons_30_TF.tsv
95	nk_cells	RUNX3	0.22448979591836735	30	30	30	5	bd-rhap-rep2-X/regulons_30_TF.tsv vs 10x-rep1-kallisto-cellbender-X/regulons_30_TF.tsv	bd-rhap-rep2-X/regulons_30_TF.tsv	10x-rep1-kallisto-cellbender-X/regulons_30_TF.tsv
96	pDC	IRF8	0.7021276595744681	40	40	40	5	bd-rhap-rep1-X/regulons_40_TF.tsv vs bd-rhap-rep2-X/regulons_40_TF.tsv	bd-rhap-rep1-X/regulons_40_TF.tsv	bd-rhap-rep2-X/regulons_40_TF.tsv
97	b_cells	IRF8	0.48148148148148145	40	40	40	5	bd-rhap-rep1-X/regulons_40_TF.tsv vs bd-rhap-rep2-X/regulons_40_TF.tsv	bd-rhap-rep1-X/regulons_40_TF.tsv	bd-rhap-rep2-X/regulons_40_TF.tsv
98	nk_cells	NFATC2	0.5384615384615384	40	40	40	5	bd-rhap-rep1-X/regulons_40_TF.tsv vs bd-rhap-rep2-X/regulons_40_TF.tsv	bd-rhap-rep1-X/regulons_40_TF.tsv	bd-rhap-rep2-X/regulons_40_TF.tsv
99	b_cells	HDAC9	0.45454545454545453	40	40	40	5	bd-rhap-rep1-X/regulons_40_TF.tsv vs bd-rhap-rep2-X/regulons_40_TF.tsv	bd-rhap-rep1-X/regulons_40_TF.tsv	bd-rhap-rep2-X/regulons_40_TF.tsv
100	DC	FOXP1	0.42857142857142855	40	40	40	5	bd-rhap-rep1-X/regulons_40_TF.tsv vs bd-rhap-rep2-X/regulons_40_TF.tsv	bd-rhap-rep1-X/regulons_40_TF.tsv	bd-rhap-rep2-X/regulons_40_TF.tsv
101	b_cells	BCL11A	0.6326530612244898	40	40	40	5	bd-rhap-rep1-X/regulons_40_TF.tsv vs bd-rhap-rep2-X/regulons_40_TF.tsv	bd-rhap-rep1-X/regulons_40_TF.tsv	bd-rhap-rep2-X/regulons_40_TF.tsv
102	cd14-_monocytes	HDAC9	0.25	40	40	40	5	bd-rhap-rep1-X/regulons_40_TF.tsv vs bd-rhap-rep2-X/regulons_40_TF.tsv	bd-rhap-rep1-X/regulons_40_TF.tsv	bd-rhap-rep2-X/regulons_40_TF.tsv
103	cd14+_monocytes	RUNX3	0.48148148148148145	40	40	40	5	bd-rhap-rep1-X/regulons_40_TF.tsv vs bd-rhap-rep2-X/regulons_40_TF.tsv	bd-rhap-rep1-X/regulons_40_TF.tsv	bd-rhap-rep2-X/regulons_40_TF.tsv
104	pDC	BCL11A	0.7021276595744681	40	40	40	5	bd-rhap-rep1-X/regulons_40_TF.tsv vs bd-rhap-rep2-X/regulons_40_TF.tsv	bd-rhap-rep1-X/regulons_40_TF.tsv	bd-rhap-rep2-X/regulons_40_TF.tsv
105	cd14+_monocytes	NR4A1	0.45454545454545453	40	40	40	5	bd-rhap-rep1-X/regulons_40_TF.tsv vs bd-rhap-rep2-X/regulons_40_TF.tsv	bd-rhap-rep1-X/regulons_40_TF.tsv	bd-rhap-rep2-X/regulons_40_TF.tsv
106	cd8+_tcells	NFATC2	0.40350877192982454	40	40	40	5	bd-rhap-rep1-X/regulons_40_TF.tsv vs bd-rhap-rep2-X/regulons_40_TF.tsv	bd-rhap-rep1-X/regulons_40_TF.tsv	bd-rhap-rep2-X/regulons_40_TF.tsv
107	DC	ID2	0.45454545454545453	40	40	40	5	bd-rhap-rep1-X/regulons_40_TF.tsv vs bd-rhap-rep2-X/regulons_40_TF.tsv	bd-rhap-rep1-X/regulons_40_TF.tsv	bd-rhap-rep2-X/regulons_40_TF.tsv
108	cd4+_tcells	ID2	0.3114754098360656	40	40	40	5	bd-rhap-rep1-X/regulons_40_TF.tsv vs bd-rhap-rep2-X/regulons_40_TF.tsv	bd-rhap-rep1-X/regulons_40_TF.tsv	bd-rhap-rep2-X/regulons_40_TF.tsv
109	cd14-_monocytes	NR4A1	0.3793103448275862	40	40	40	5	bd-rhap-rep1-X/regulons_40_TF.tsv vs bd-rhap-rep2-X/regulons_40_TF.tsv	bd-rhap-rep1-X/regulons_40_TF.tsv	bd-rhap-rep2-X/regulons_40_TF.tsv
110	cd14+_monocytes	HDAC9	0.48148148148148145	40	40	40	5	bd-rhap-rep1-X/regulons_40_TF.tsv vs bd-rhap-rep2-X/regulons_40_TF.tsv	bd-rhap-rep1-X/regulons_40_TF.tsv	bd-rhap-rep2-X/regulons_40_TF.tsv
111	DC	FOS	0.1111111111111111	40	40	40	5	bd-rhap-rep1-X/regulons_40_TF.tsv vs 10x-rep1-kallisto-cellbender-X/regulons_40_TF.tsv	bd-rhap-rep1-X/regulons_40_TF.tsv	10x-rep1-kallisto-cellbender-X/regulons_40_TF.tsv
112	nk_cells	CEBPD	0.17647058823529413	40	40	40	5	bd-rhap-rep1-X/regulons_40_TF.tsv vs 10x-rep1-kallisto-cellbender-X/regulons_40_TF.tsv	bd-rhap-rep1-X/regulons_40_TF.tsv	10x-rep1-kallisto-cellbender-X/regulons_40_TF.tsv
113	cd14-_monocytes	CEBPD	0.2903225806451613	40	40	40	5	bd-rhap-rep1-X/regulons_40_TF.tsv vs 10x-rep1-kallisto-cellbender-X/regulons_40_TF.tsv	bd-rhap-rep1-X/regulons_40_TF.tsv	10x-rep1-kallisto-cellbender-X/regulons_40_TF.tsv
114	pDC	IRF8	0.45454545454545453	40	40	40	5	bd-rhap-rep1-X/regulons_40_TF.tsv vs 10x-rep1-kallisto-cellbender-X/regulons_40_TF.tsv	bd-rhap-rep1-X/regulons_40_TF.tsv	10x-rep1-kallisto-cellbender-X/regulons_40_TF.tsv
115	b_cells	IRF8	0.25	40	40	40	5	bd-rhap-rep1-X/regulons_40_TF.tsv vs 10x-rep1-kallisto-cellbender-X/regulons_40_TF.tsv	bd-rhap-rep1-X/regulons_40_TF.tsv	10x-rep1-kallisto-cellbender-X/regulons_40_TF.tsv
116	b_cells	BCL11A	0.2698412698412698	40	40	40	5	bd-rhap-rep1-X/regulons_40_TF.tsv vs 10x-rep1-kallisto-cellbender-X/regulons_40_TF.tsv	bd-rhap-rep1-X/regulons_40_TF.tsv	10x-rep1-kallisto-cellbender-X/regulons_40_TF.tsv
117	pDC	BCL11A	0.3559322033898305	40	40	40	5	bd-rhap-rep1-X/regulons_40_TF.tsv vs 10x-rep1-kallisto-cellbender-X/regulons_40_TF.tsv	bd-rhap-rep1-X/regulons_40_TF.tsv	10x-rep1-kallisto-cellbender-X/regulons_40_TF.tsv
118	DC	TLE5	0.19402985074626866	40	40	40	5	bd-rhap-rep1-X/regulons_40_TF.tsv vs 10x-rep1-kallisto-cellbender-X/regulons_40_TF.tsv	bd-rhap-rep1-X/regulons_40_TF.tsv	10x-rep1-kallisto-cellbender-X/regulons_40_TF.tsv
119	DC	ID2	0.1111111111111111	40	40	40	5	bd-rhap-rep1-X/regulons_40_TF.tsv vs 10x-rep1-kallisto-cellbender-X/regulons_40_TF.tsv	bd-rhap-rep1-X/regulons_40_TF.tsv	10x-rep1-kallisto-cellbender-X/regulons_40_TF.tsv
120	cd14+_monocytes	ID2	0.17647058823529413	40	40	40	5	bd-rhap-rep2-X/regulons_40_TF.tsv vs 10x-rep1-kallisto-cellbender-X/regulons_40_TF.tsv	bd-rhap-rep2-X/regulons_40_TF.tsv	10x-rep1-kallisto-cellbender-X/regulons_40_TF.tsv
121	pDC	IRF8	0.40350877192982454	40	40	40	5	bd-rhap-rep2-X/regulons_40_TF.tsv vs 10x-rep1-kallisto-cellbender-X/regulons_40_TF.tsv	bd-rhap-rep2-X/regulons_40_TF.tsv	10x-rep1-kallisto-cellbender-X/regulons_40_TF.tsv
122	b_cells	IRF8	0.15942028985507245	40	40	40	5	bd-rhap-rep2-X/regulons_40_TF.tsv vs 10x-rep1-kallisto-cellbender-X/regulons_40_TF.tsv	bd-rhap-rep2-X/regulons_40_TF.tsv	10x-rep1-kallisto-cellbender-X/regulons_40_TF.tsv
123	b_cells	BCL11A	0.25	40	40	40	5	bd-rhap-rep2-X/regulons_40_TF.tsv vs 10x-rep1-kallisto-cellbender-X/regulons_40_TF.tsv	bd-rhap-rep2-X/regulons_40_TF.tsv	10x-rep1-kallisto-cellbender-X/regulons_40_TF.tsv
124	cd8+_tcells	BTG2	0.15942028985507245	40	40	40	5	bd-rhap-rep2-X/regulons_40_TF.tsv vs 10x-rep1-kallisto-cellbender-X/regulons_40_TF.tsv	bd-rhap-rep2-X/regulons_40_TF.tsv	10x-rep1-kallisto-cellbender-X/regulons_40_TF.tsv
125	pDC	BCL11A	0.3114754098360656	40	40	40	5	bd-rhap-rep2-X/regulons_40_TF.tsv vs 10x-rep1-kallisto-cellbender-X/regulons_40_TF.tsv	bd-rhap-rep2-X/regulons_40_TF.tsv	10x-rep1-kallisto-cellbender-X/regulons_40_TF.tsv
126	DC	ID2	0.1111111111111111	40	40	40	5	bd-rhap-rep2-X/regulons_40_TF.tsv vs 10x-rep1-kallisto-cellbender-X/regulons_40_TF.tsv	bd-rhap-rep2-X/regulons_40_TF.tsv	10x-rep1-kallisto-cellbender-X/regulons_40_TF.tsv
127	cd8+_tcells	ID2	0.17647058823529413	40	40	40	5	bd-rhap-rep2-X/regulons_40_TF.tsv vs 10x-rep1-kallisto-cellbender-X/regulons_40_TF.tsv	bd-rhap-rep2-X/regulons_40_TF.tsv	10x-rep1-kallisto-cellbender-X/regulons_40_TF.tsv
128	nk_cells	RUNX3	0.23076923076923078	40	40	40	5	bd-rhap-rep2-X/regulons_40_TF.tsv vs 10x-rep1-kallisto-cellbender-X/regulons_40_TF.tsv	bd-rhap-rep2-X/regulons_40_TF.tsv	10x-rep1-kallisto-cellbender-X/regulons_40_TF.tsv
129	pDC	IRF8	0.639344262295082	50	50	50	5	bd-rhap-rep1-X/regulons_50_TF.tsv vs bd-rhap-rep2-X/regulons_50_TF.tsv	bd-rhap-rep1-X/regulons_50_TF.tsv	bd-rhap-rep2-X/regulons_50_TF.tsv
130	b_cells	IRF8	0.5384615384615384	50	50	50	5	bd-rhap-rep1-X/regulons_50_TF.tsv vs bd-rhap-rep2-X/regulons_50_TF.tsv	bd-rhap-rep1-X/regulons_50_TF.tsv	bd-rhap-rep2-X/regulons_50_TF.tsv
131	pDC	FOXP1	0.4492753623188406	50	50	50	5	bd-rhap-rep1-X/regulons_50_TF.tsv vs bd-rhap-rep2-X/regulons_50_TF.tsv	bd-rhap-rep1-X/regulons_50_TF.tsv	bd-rhap-rep2-X/regulons_50_TF.tsv
132	b_cells	HDAC9	0.47058823529411764	50	50	50	5	bd-rhap-rep1-X/regulons_50_TF.tsv vs bd-rhap-rep2-X/regulons_50_TF.tsv	bd-rhap-rep1-X/regulons_50_TF.tsv	bd-rhap-rep2-X/regulons_50_TF.tsv
133	nk_cells	NFATC2	0.5873015873015873	50	50	50	5	bd-rhap-rep1-X/regulons_50_TF.tsv vs bd-rhap-rep2-X/regulons_50_TF.tsv	bd-rhap-rep1-X/regulons_50_TF.tsv	bd-rhap-rep2-X/regulons_50_TF.tsv
134	cd4+_tcells	MAX	0.42857142857142855	50	50	50	5	bd-rhap-rep1-X/regulons_50_TF.tsv vs bd-rhap-rep2-X/regulons_50_TF.tsv	bd-rhap-rep1-X/regulons_50_TF.tsv	bd-rhap-rep2-X/regulons_50_TF.tsv
135	cd14-_monocytes	HDAC9	0.25	50	50	50	5	bd-rhap-rep1-X/regulons_50_TF.tsv vs bd-rhap-rep2-X/regulons_50_TF.tsv	bd-rhap-rep1-X/regulons_50_TF.tsv	bd-rhap-rep2-X/regulons_50_TF.tsv
136	b_cells	BCL11A	0.6666666666666666	50	50	50	5	bd-rhap-rep1-X/regulons_50_TF.tsv vs bd-rhap-rep2-X/regulons_50_TF.tsv	bd-rhap-rep1-X/regulons_50_TF.tsv	bd-rhap-rep2-X/regulons_50_TF.tsv
137	cd14+_monocytes	NR4A1	0.4925373134328358	50	50	50	5	bd-rhap-rep1-X/regulons_50_TF.tsv vs bd-rhap-rep2-X/regulons_50_TF.tsv	bd-rhap-rep1-X/regulons_50_TF.tsv	bd-rhap-rep2-X/regulons_50_TF.tsv
138	DC	ID2	0.4084507042253521	50	50	50	5	bd-rhap-rep1-X/regulons_50_TF.tsv vs bd-rhap-rep2-X/regulons_50_TF.tsv	bd-rhap-rep1-X/regulons_50_TF.tsv	bd-rhap-rep2-X/regulons_50_TF.tsv
139	cd14+_monocytes	RUNX1	0.4492753623188406	50	50	50	5	bd-rhap-rep1-X/regulons_50_TF.tsv vs bd-rhap-rep2-X/regulons_50_TF.tsv	bd-rhap-rep1-X/regulons_50_TF.tsv	bd-rhap-rep2-X/regulons_50_TF.tsv
140	cd14+_monocytes	HDAC9	0.5151515151515151	50	50	50	5	bd-rhap-rep1-X/regulons_50_TF.tsv vs bd-rhap-rep2-X/regulons_50_TF.tsv	bd-rhap-rep1-X/regulons_50_TF.tsv	bd-rhap-rep2-X/regulons_50_TF.tsv
141	DC	FOS	0.13636363636363635	50	50	50	5	bd-rhap-rep1-X/regulons_50_TF.tsv vs 10x-rep1-kallisto-cellbender-X/regulons_50_TF.tsv	bd-rhap-rep1-X/regulons_50_TF.tsv	10x-rep1-kallisto-cellbender-X/regulons_50_TF.tsv
142	nk_cells	CEBPD	0.17647058823529413	50	50	50	5	bd-rhap-rep1-X/regulons_50_TF.tsv vs 10x-rep1-kallisto-cellbender-X/regulons_50_TF.tsv	bd-rhap-rep1-X/regulons_50_TF.tsv	10x-rep1-kallisto-cellbender-X/regulons_50_TF.tsv
143	cd14-_monocytes	CEBPD	0.25	50	50	50	5	bd-rhap-rep1-X/regulons_50_TF.tsv vs 10x-rep1-kallisto-cellbender-X/regulons_50_TF.tsv	bd-rhap-rep1-X/regulons_50_TF.tsv	10x-rep1-kallisto-cellbender-X/regulons_50_TF.tsv
144	pDC	IRF8	0.47058823529411764	50	50	50	5	bd-rhap-rep1-X/regulons_50_TF.tsv vs 10x-rep1-kallisto-cellbender-X/regulons_50_TF.tsv	bd-rhap-rep1-X/regulons_50_TF.tsv	10x-rep1-kallisto-cellbender-X/regulons_50_TF.tsv
145	b_cells	IRF8	0.21951219512195122	50	50	50	5	bd-rhap-rep1-X/regulons_50_TF.tsv vs 10x-rep1-kallisto-cellbender-X/regulons_50_TF.tsv	bd-rhap-rep1-X/regulons_50_TF.tsv	10x-rep1-kallisto-cellbender-X/regulons_50_TF.tsv
146	b_cells	BCL11A	0.2345679012345679	50	50	50	5	bd-rhap-rep1-X/regulons_50_TF.tsv vs 10x-rep1-kallisto-cellbender-X/regulons_50_TF.tsv	bd-rhap-rep1-X/regulons_50_TF.tsv	10x-rep1-kallisto-cellbender-X/regulons_50_TF.tsv
147	cd14-_monocytes	ID2	0.12359550561797752	50	50	50	5	bd-rhap-rep1-X/regulons_50_TF.tsv vs 10x-rep1-kallisto-cellbender-X/regulons_50_TF.tsv	bd-rhap-rep1-X/regulons_50_TF.tsv	10x-rep1-kallisto-cellbender-X/regulons_50_TF.tsv
148	pDC	BCL11A	0.3333333333333333	50	50	50	5	bd-rhap-rep1-X/regulons_50_TF.tsv vs 10x-rep1-kallisto-cellbender-X/regulons_50_TF.tsv	bd-rhap-rep1-X/regulons_50_TF.tsv	10x-rep1-kallisto-cellbender-X/regulons_50_TF.tsv
149	DC	ID2	0.14942528735632185	50	50	50	5	bd-rhap-rep1-X/regulons_50_TF.tsv vs 10x-rep1-kallisto-cellbender-X/regulons_50_TF.tsv	bd-rhap-rep1-X/regulons_50_TF.tsv	10x-rep1-kallisto-cellbender-X/regulons_50_TF.tsv
150	cd14+_monocytes	ID2	0.17647058823529413	50	50	50	5	bd-rhap-rep2-X/regulons_50_TF.tsv vs 10x-rep1-kallisto-cellbender-X/regulons_50_TF.tsv	bd-rhap-rep2-X/regulons_50_TF.tsv	10x-rep1-kallisto-cellbender-X/regulons_50_TF.tsv
151	pDC	IRF8	0.4084507042253521	50	50	50	5	bd-rhap-rep2-X/regulons_50_TF.tsv vs 10x-rep1-kallisto-cellbender-X/regulons_50_TF.tsv	bd-rhap-rep2-X/regulons_50_TF.tsv	10x-rep1-kallisto-cellbender-X/regulons_50_TF.tsv
152	b_cells	IRF8	0.20481927710843373	50	50	50	5	bd-rhap-rep2-X/regulons_50_TF.tsv vs 10x-rep1-kallisto-cellbender-X/regulons_50_TF.tsv	bd-rhap-rep2-X/regulons_50_TF.tsv	10x-rep1-kallisto-cellbender-X/regulons_50_TF.tsv
153	b_cells	BCL11A	0.20481927710843373	50	50	50	5	bd-rhap-rep2-X/regulons_50_TF.tsv vs 10x-rep1-kallisto-cellbender-X/regulons_50_TF.tsv	bd-rhap-rep2-X/regulons_50_TF.tsv	10x-rep1-kallisto-cellbender-X/regulons_50_TF.tsv
154	DC	ID2	0.14942528735632185	50	50	50	5	bd-rhap-rep2-X/regulons_50_TF.tsv vs 10x-rep1-kallisto-cellbender-X/regulons_50_TF.tsv	bd-rhap-rep2-X/regulons_50_TF.tsv	10x-rep1-kallisto-cellbender-X/regulons_50_TF.tsv
155	cd14-_monocytes	NR4A1	0.12359550561797752	50	50	50	5	bd-rhap-rep2-X/regulons_50_TF.tsv vs 10x-rep1-kallisto-cellbender-X/regulons_50_TF.tsv	bd-rhap-rep2-X/regulons_50_TF.tsv	10x-rep1-kallisto-cellbender-X/regulons_50_TF.tsv
156	cd4+_tcells	TCF12	0.05263157894736842	10	10	10	10	bd-rhap-rep1-X/regulons_10_TF.tsv vs bd-rhap-rep2-X/regulons_10_TF.tsv	bd-rhap-rep1-X/regulons_10_TF.tsv	bd-rhap-rep2-X/regulons_10_TF.tsv
157	nk_cells	RUNX1	0.1111111111111111	10	10	10	10	bd-rhap-rep1-X/regulons_10_TF.tsv vs bd-rhap-rep2-X/regulons_10_TF.tsv	bd-rhap-rep1-X/regulons_10_TF.tsv	bd-rhap-rep2-X/regulons_10_TF.tsv
158	pDC	FOXP1	0.42857142857142855	10	10	10	10	bd-rhap-rep1-X/regulons_10_TF.tsv vs bd-rhap-rep2-X/regulons_10_TF.tsv	bd-rhap-rep1-X/regulons_10_TF.tsv	bd-rhap-rep2-X/regulons_10_TF.tsv
159	b_cells	HDAC9	0.8181818181818182	10	10	10	10	bd-rhap-rep1-X/regulons_10_TF.tsv vs bd-rhap-rep2-X/regulons_10_TF.tsv	bd-rhap-rep1-X/regulons_10_TF.tsv	bd-rhap-rep2-X/regulons_10_TF.tsv
160	DC	RUNX1	0.3333333333333333	10	10	10	10	bd-rhap-rep1-X/regulons_10_TF.tsv vs bd-rhap-rep2-X/regulons_10_TF.tsv	bd-rhap-rep1-X/regulons_10_TF.tsv	bd-rhap-rep2-X/regulons_10_TF.tsv
161	cd4+_tcells	ID2	0.17647058823529413	10	10	10	10	bd-rhap-rep1-X/regulons_10_TF.tsv vs bd-rhap-rep2-X/regulons_10_TF.tsv	bd-rhap-rep1-X/regulons_10_TF.tsv	bd-rhap-rep2-X/regulons_10_TF.tsv
162	cd14+_monocytes	HDAC9	0.5384615384615384	10	10	10	10	bd-rhap-rep1-X/regulons_10_TF.tsv vs bd-rhap-rep2-X/regulons_10_TF.tsv	bd-rhap-rep1-X/regulons_10_TF.tsv	bd-rhap-rep2-X/regulons_10_TF.tsv
163	pDC	IRF8	0.6666666666666666	10	10	10	10	bd-rhap-rep1-X/regulons_10_TF.tsv vs bd-rhap-rep2-X/regulons_10_TF.tsv	bd-rhap-rep1-X/regulons_10_TF.tsv	bd-rhap-rep2-X/regulons_10_TF.tsv
164	cd14+_monocytes	TRPS1	0.42857142857142855	10	10	10	10	bd-rhap-rep1-X/regulons_10_TF.tsv vs bd-rhap-rep2-X/regulons_10_TF.tsv	bd-rhap-rep1-X/regulons_10_TF.tsv	bd-rhap-rep2-X/regulons_10_TF.tsv
165	nk_cells	NFATC2	0.42857142857142855	10	10	10	10	bd-rhap-rep1-X/regulons_10_TF.tsv vs bd-rhap-rep2-X/regulons_10_TF.tsv	bd-rhap-rep1-X/regulons_10_TF.tsv	bd-rhap-rep2-X/regulons_10_TF.tsv
166	cd14-_monocytes	HDAC9	0.3333333333333333	10	10	10	10	bd-rhap-rep1-X/regulons_10_TF.tsv vs bd-rhap-rep2-X/regulons_10_TF.tsv	bd-rhap-rep1-X/regulons_10_TF.tsv	bd-rhap-rep2-X/regulons_10_TF.tsv
167	DC	HDAC9	0.6666666666666666	10	10	10	10	bd-rhap-rep1-X/regulons_10_TF.tsv vs bd-rhap-rep2-X/regulons_10_TF.tsv	bd-rhap-rep1-X/regulons_10_TF.tsv	bd-rhap-rep2-X/regulons_10_TF.tsv
168	cd8+_tcells	RUNX1	0.17647058823529413	10	10	10	10	bd-rhap-rep1-X/regulons_10_TF.tsv vs bd-rhap-rep2-X/regulons_10_TF.tsv	bd-rhap-rep1-X/regulons_10_TF.tsv	bd-rhap-rep2-X/regulons_10_TF.tsv
169	cd4+_tcells	RUNX1	0.05263157894736842	10	10	10	10	bd-rhap-rep1-X/regulons_10_TF.tsv vs bd-rhap-rep2-X/regulons_10_TF.tsv	bd-rhap-rep1-X/regulons_10_TF.tsv	bd-rhap-rep2-X/regulons_10_TF.tsv
170	b_cells	RUNX3	0.25	10	10	10	10	bd-rhap-rep1-X/regulons_10_TF.tsv vs bd-rhap-rep2-X/regulons_10_TF.tsv	bd-rhap-rep1-X/regulons_10_TF.tsv	bd-rhap-rep2-X/regulons_10_TF.tsv
171	b_cells	IRF8	0.25	10	10	10	10	bd-rhap-rep1-X/regulons_10_TF.tsv vs bd-rhap-rep2-X/regulons_10_TF.tsv	bd-rhap-rep1-X/regulons_10_TF.tsv	bd-rhap-rep2-X/regulons_10_TF.tsv
172	DC	FOXP1	0.3333333333333333	10	10	10	10	bd-rhap-rep1-X/regulons_10_TF.tsv vs bd-rhap-rep2-X/regulons_10_TF.tsv	bd-rhap-rep1-X/regulons_10_TF.tsv	bd-rhap-rep2-X/regulons_10_TF.tsv
173	cd14+_monocytes	ZBTB20	0.25	10	10	10	10	bd-rhap-rep1-X/regulons_10_TF.tsv vs bd-rhap-rep2-X/regulons_10_TF.tsv	bd-rhap-rep1-X/regulons_10_TF.tsv	bd-rhap-rep2-X/regulons_10_TF.tsv
174	pDC	BCL11A	0.6666666666666666	10	10	10	10	bd-rhap-rep1-X/regulons_10_TF.tsv vs bd-rhap-rep2-X/regulons_10_TF.tsv	bd-rhap-rep1-X/regulons_10_TF.tsv	bd-rhap-rep2-X/regulons_10_TF.tsv
175	cd14-_monocytes	ZBTB20	0.42857142857142855	10	10	10	10	bd-rhap-rep1-X/regulons_10_TF.tsv vs bd-rhap-rep2-X/regulons_10_TF.tsv	bd-rhap-rep1-X/regulons_10_TF.tsv	bd-rhap-rep2-X/regulons_10_TF.tsv
176	cd14-_monocytes	SETBP1	0.5384615384615384	10	10	10	10	bd-rhap-rep1-X/regulons_10_TF.tsv vs bd-rhap-rep2-X/regulons_10_TF.tsv	bd-rhap-rep1-X/regulons_10_TF.tsv	bd-rhap-rep2-X/regulons_10_TF.tsv
177	cd14+_monocytes	NR4A1	0.42857142857142855	10	10	10	10	bd-rhap-rep1-X/regulons_10_TF.tsv vs bd-rhap-rep2-X/regulons_10_TF.tsv	bd-rhap-rep1-X/regulons_10_TF.tsv	bd-rhap-rep2-X/regulons_10_TF.tsv
178	cd8+_tcells	NFATC2	0.25	10	10	10	10	bd-rhap-rep1-X/regulons_10_TF.tsv vs bd-rhap-rep2-X/regulons_10_TF.tsv	bd-rhap-rep1-X/regulons_10_TF.tsv	bd-rhap-rep2-X/regulons_10_TF.tsv
179	cd4+_tcells	HIVEP2	0.42857142857142855	10	10	10	10	bd-rhap-rep1-X/regulons_10_TF.tsv vs bd-rhap-rep2-X/regulons_10_TF.tsv	bd-rhap-rep1-X/regulons_10_TF.tsv	bd-rhap-rep2-X/regulons_10_TF.tsv
180	cd14-_monocytes	NR4A1	0.42857142857142855	10	10	10	10	bd-rhap-rep1-X/regulons_10_TF.tsv vs bd-rhap-rep2-X/regulons_10_TF.tsv	bd-rhap-rep1-X/regulons_10_TF.tsv	bd-rhap-rep2-X/regulons_10_TF.tsv
181	b_cells	BCL11A	0.5384615384615384	10	10	10	10	bd-rhap-rep1-X/regulons_10_TF.tsv vs bd-rhap-rep2-X/regulons_10_TF.tsv	bd-rhap-rep1-X/regulons_10_TF.tsv	bd-rhap-rep2-X/regulons_10_TF.tsv
182	cd14-_monocytes	ID2	0.5384615384615384	10	10	10	10	bd-rhap-rep1-X/regulons_10_TF.tsv vs bd-rhap-rep2-X/regulons_10_TF.tsv	bd-rhap-rep1-X/regulons_10_TF.tsv	bd-rhap-rep2-X/regulons_10_TF.tsv
183	DC	IRF8	0.5384615384615384	10	10	10	10	bd-rhap-rep1-X/regulons_10_TF.tsv vs bd-rhap-rep2-X/regulons_10_TF.tsv	bd-rhap-rep1-X/regulons_10_TF.tsv	bd-rhap-rep2-X/regulons_10_TF.tsv
184	pDC	HDAC9	0.5384615384615384	10	10	10	10	bd-rhap-rep1-X/regulons_10_TF.tsv vs bd-rhap-rep2-X/regulons_10_TF.tsv	bd-rhap-rep1-X/regulons_10_TF.tsv	bd-rhap-rep2-X/regulons_10_TF.tsv
185	cd4+_tcells	TRERF1	0.25	10	10	10	10	bd-rhap-rep1-X/regulons_10_TF.tsv vs bd-rhap-rep2-X/regulons_10_TF.tsv	bd-rhap-rep1-X/regulons_10_TF.tsv	bd-rhap-rep2-X/regulons_10_TF.tsv
186	DC	ID2	0.3333333333333333	10	10	10	10	bd-rhap-rep1-X/regulons_10_TF.tsv vs bd-rhap-rep2-X/regulons_10_TF.tsv	bd-rhap-rep1-X/regulons_10_TF.tsv	bd-rhap-rep2-X/regulons_10_TF.tsv
187	cd14+_monocytes	RUNX1	0.42857142857142855	10	10	10	10	bd-rhap-rep1-X/regulons_10_TF.tsv vs bd-rhap-rep2-X/regulons_10_TF.tsv	bd-rhap-rep1-X/regulons_10_TF.tsv	bd-rhap-rep2-X/regulons_10_TF.tsv
188	cd14+_monocytes	TLE5	0.05263157894736842	10	10	10	10	bd-rhap-rep1-X/regulons_10_TF.tsv vs 10x-rep1-kallisto-cellbender-X/regulons_10_TF.tsv	bd-rhap-rep1-X/regulons_10_TF.tsv	10x-rep1-kallisto-cellbender-X/regulons_10_TF.tsv
189	nk_cells	BTG2	0.17647058823529413	10	10	10	10	bd-rhap-rep1-X/regulons_10_TF.tsv vs 10x-rep1-kallisto-cellbender-X/regulons_10_TF.tsv	bd-rhap-rep1-X/regulons_10_TF.tsv	10x-rep1-kallisto-cellbender-X/regulons_10_TF.tsv
190	DC	BCL11A	0.5384615384615384	10	10	10	10	bd-rhap-rep1-X/regulons_10_TF.tsv vs 10x-rep1-kallisto-cellbender-X/regulons_10_TF.tsv	bd-rhap-rep1-X/regulons_10_TF.tsv	10x-rep1-kallisto-cellbender-X/regulons_10_TF.tsv
191	cd8+_tcells	ID2	0.1111111111111111	10	10	10	10	bd-rhap-rep1-X/regulons_10_TF.tsv vs 10x-rep1-kallisto-cellbender-X/regulons_10_TF.tsv	bd-rhap-rep1-X/regulons_10_TF.tsv	10x-rep1-kallisto-cellbender-X/regulons_10_TF.tsv
192	pDC	LMO4	0.3333333333333333	10	10	10	10	bd-rhap-rep1-X/regulons_10_TF.tsv vs 10x-rep1-kallisto-cellbender-X/regulons_10_TF.tsv	bd-rhap-rep1-X/regulons_10_TF.tsv	10x-rep1-kallisto-cellbender-X/regulons_10_TF.tsv
193	pDC	IRF8	0.5384615384615384	10	10	10	10	bd-rhap-rep1-X/regulons_10_TF.tsv vs 10x-rep1-kallisto-cellbender-X/regulons_10_TF.tsv	bd-rhap-rep1-X/regulons_10_TF.tsv	10x-rep1-kallisto-cellbender-X/regulons_10_TF.tsv
194	b_cells	JUN	0.3333333333333333	10	10	10	10	bd-rhap-rep1-X/regulons_10_TF.tsv vs 10x-rep1-kallisto-cellbender-X/regulons_10_TF.tsv	bd-rhap-rep1-X/regulons_10_TF.tsv	10x-rep1-kallisto-cellbender-X/regulons_10_TF.tsv
195	b_cells	FOS	0.1111111111111111	10	10	10	10	bd-rhap-rep1-X/regulons_10_TF.tsv vs 10x-rep1-kallisto-cellbender-X/regulons_10_TF.tsv	bd-rhap-rep1-X/regulons_10_TF.tsv	10x-rep1-kallisto-cellbender-X/regulons_10_TF.tsv
196	cd14+_monocytes	CEBPD	0.5384615384615384	10	10	10	10	bd-rhap-rep1-X/regulons_10_TF.tsv vs 10x-rep1-kallisto-cellbender-X/regulons_10_TF.tsv	bd-rhap-rep1-X/regulons_10_TF.tsv	10x-rep1-kallisto-cellbender-X/regulons_10_TF.tsv
197	nk_cells	CEBPD	0.17647058823529413	10	10	10	10	bd-rhap-rep1-X/regulons_10_TF.tsv vs 10x-rep1-kallisto-cellbender-X/regulons_10_TF.tsv	bd-rhap-rep1-X/regulons_10_TF.tsv	10x-rep1-kallisto-cellbender-X/regulons_10_TF.tsv
198	cd14-_monocytes	CEBPD	0.42857142857142855	10	10	10	10	bd-rhap-rep1-X/regulons_10_TF.tsv vs 10x-rep1-kallisto-cellbender-X/regulons_10_TF.tsv	bd-rhap-rep1-X/regulons_10_TF.tsv	10x-rep1-kallisto-cellbender-X/regulons_10_TF.tsv
199	b_cells	IRF8	0.42857142857142855	10	10	10	10	bd-rhap-rep1-X/regulons_10_TF.tsv vs 10x-rep1-kallisto-cellbender-X/regulons_10_TF.tsv	bd-rhap-rep1-X/regulons_10_TF.tsv	10x-rep1-kallisto-cellbender-X/regulons_10_TF.tsv
200	pDC	TLE5	0.17647058823529413	10	10	10	10	bd-rhap-rep1-X/regulons_10_TF.tsv vs 10x-rep1-kallisto-cellbender-X/regulons_10_TF.tsv	bd-rhap-rep1-X/regulons_10_TF.tsv	10x-rep1-kallisto-cellbender-X/regulons_10_TF.tsv
201	pDC	BCL11A	0.42857142857142855	10	10	10	10	bd-rhap-rep1-X/regulons_10_TF.tsv vs 10x-rep1-kallisto-cellbender-X/regulons_10_TF.tsv	bd-rhap-rep1-X/regulons_10_TF.tsv	10x-rep1-kallisto-cellbender-X/regulons_10_TF.tsv
202	pDC	TCF4	0.3333333333333333	10	10	10	10	bd-rhap-rep1-X/regulons_10_TF.tsv vs 10x-rep1-kallisto-cellbender-X/regulons_10_TF.tsv	bd-rhap-rep1-X/regulons_10_TF.tsv	10x-rep1-kallisto-cellbender-X/regulons_10_TF.tsv
203	cd14-_monocytes	LMO4	0.25	10	10	10	10	bd-rhap-rep1-X/regulons_10_TF.tsv vs 10x-rep1-kallisto-cellbender-X/regulons_10_TF.tsv	bd-rhap-rep1-X/regulons_10_TF.tsv	10x-rep1-kallisto-cellbender-X/regulons_10_TF.tsv
204	cd14-_monocytes	NR4A1	0.1111111111111111	10	10	10	10	bd-rhap-rep1-X/regulons_10_TF.tsv vs 10x-rep1-kallisto-cellbender-X/regulons_10_TF.tsv	bd-rhap-rep1-X/regulons_10_TF.tsv	10x-rep1-kallisto-cellbender-X/regulons_10_TF.tsv
205	DC	LMO4	0.25	10	10	10	10	bd-rhap-rep1-X/regulons_10_TF.tsv vs 10x-rep1-kallisto-cellbender-X/regulons_10_TF.tsv	bd-rhap-rep1-X/regulons_10_TF.tsv	10x-rep1-kallisto-cellbender-X/regulons_10_TF.tsv
206	b_cells	BCL11A	0.42857142857142855	10	10	10	10	bd-rhap-rep1-X/regulons_10_TF.tsv vs 10x-rep1-kallisto-cellbender-X/regulons_10_TF.tsv	bd-rhap-rep1-X/regulons_10_TF.tsv	10x-rep1-kallisto-cellbender-X/regulons_10_TF.tsv
207	cd14-_monocytes	ID2	0.0	10	10	10	10	bd-rhap-rep1-X/regulons_10_TF.tsv vs 10x-rep1-kallisto-cellbender-X/regulons_10_TF.tsv	bd-rhap-rep1-X/regulons_10_TF.tsv	10x-rep1-kallisto-cellbender-X/regulons_10_TF.tsv
208	DC	IRF8	0.25	10	10	10	10	bd-rhap-rep1-X/regulons_10_TF.tsv vs 10x-rep1-kallisto-cellbender-X/regulons_10_TF.tsv	bd-rhap-rep1-X/regulons_10_TF.tsv	10x-rep1-kallisto-cellbender-X/regulons_10_TF.tsv
209	DC	ID2	0.1111111111111111	10	10	10	10	bd-rhap-rep1-X/regulons_10_TF.tsv vs 10x-rep1-kallisto-cellbender-X/regulons_10_TF.tsv	bd-rhap-rep1-X/regulons_10_TF.tsv	10x-rep1-kallisto-cellbender-X/regulons_10_TF.tsv
210	cd8+_tcells	RUNX3	0.05263157894736842	10	10	10	10	bd-rhap-rep2-X/regulons_10_TF.tsv vs 10x-rep1-kallisto-cellbender-X/regulons_10_TF.tsv	bd-rhap-rep2-X/regulons_10_TF.tsv	10x-rep1-kallisto-cellbender-X/regulons_10_TF.tsv
211	cd14+_monocytes	ID2	0.0	10	10	10	10	bd-rhap-rep2-X/regulons_10_TF.tsv vs 10x-rep1-kallisto-cellbender-X/regulons_10_TF.tsv	bd-rhap-rep2-X/regulons_10_TF.tsv	10x-rep1-kallisto-cellbender-X/regulons_10_TF.tsv
212	DC	MAX	0.0	10	10	10	10	bd-rhap-rep2-X/regulons_10_TF.tsv vs 10x-rep1-kallisto-cellbender-X/regulons_10_TF.tsv	bd-rhap-rep2-X/regulons_10_TF.tsv	10x-rep1-kallisto-cellbender-X/regulons_10_TF.tsv
213	pDC	IRF8	0.6666666666666666	10	10	10	10	bd-rhap-rep2-X/regulons_10_TF.tsv vs 10x-rep1-kallisto-cellbender-X/regulons_10_TF.tsv	bd-rhap-rep2-X/regulons_10_TF.tsv	10x-rep1-kallisto-cellbender-X/regulons_10_TF.tsv
214	b_cells	IRF8	0.17647058823529413	10	10	10	10	bd-rhap-rep2-X/regulons_10_TF.tsv vs 10x-rep1-kallisto-cellbender-X/regulons_10_TF.tsv	bd-rhap-rep2-X/regulons_10_TF.tsv	10x-rep1-kallisto-cellbender-X/regulons_10_TF.tsv
215	b_cells	BCL11A	0.42857142857142855	10	10	10	10	bd-rhap-rep2-X/regulons_10_TF.tsv vs 10x-rep1-kallisto-cellbender-X/regulons_10_TF.tsv	bd-rhap-rep2-X/regulons_10_TF.tsv	10x-rep1-kallisto-cellbender-X/regulons_10_TF.tsv
216	cd14-_monocytes	ID2	0.0	10	10	10	10	bd-rhap-rep2-X/regulons_10_TF.tsv vs 10x-rep1-kallisto-cellbender-X/regulons_10_TF.tsv	bd-rhap-rep2-X/regulons_10_TF.tsv	10x-rep1-kallisto-cellbender-X/regulons_10_TF.tsv
217	DC	IRF8	0.25	10	10	10	10	bd-rhap-rep2-X/regulons_10_TF.tsv vs 10x-rep1-kallisto-cellbender-X/regulons_10_TF.tsv	bd-rhap-rep2-X/regulons_10_TF.tsv	10x-rep1-kallisto-cellbender-X/regulons_10_TF.tsv
218	cd8+_tcells	BTG2	0.05263157894736842	10	10	10	10	bd-rhap-rep2-X/regulons_10_TF.tsv vs 10x-rep1-kallisto-cellbender-X/regulons_10_TF.tsv	bd-rhap-rep2-X/regulons_10_TF.tsv	10x-rep1-kallisto-cellbender-X/regulons_10_TF.tsv
219	pDC	BCL11A	0.5384615384615384	10	10	10	10	bd-rhap-rep2-X/regulons_10_TF.tsv vs 10x-rep1-kallisto-cellbender-X/regulons_10_TF.tsv	bd-rhap-rep2-X/regulons_10_TF.tsv	10x-rep1-kallisto-cellbender-X/regulons_10_TF.tsv
220	b_cells	TCF4	0.42857142857142855	10	10	10	10	bd-rhap-rep2-X/regulons_10_TF.tsv vs 10x-rep1-kallisto-cellbender-X/regulons_10_TF.tsv	bd-rhap-rep2-X/regulons_10_TF.tsv	10x-rep1-kallisto-cellbender-X/regulons_10_TF.tsv
221	DC	ID2	0.05263157894736842	10	10	10	10	bd-rhap-rep2-X/regulons_10_TF.tsv vs 10x-rep1-kallisto-cellbender-X/regulons_10_TF.tsv	bd-rhap-rep2-X/regulons_10_TF.tsv	10x-rep1-kallisto-cellbender-X/regulons_10_TF.tsv
222	nk_cells	RUNX3	0.05263157894736842	10	10	10	10	bd-rhap-rep2-X/regulons_10_TF.tsv vs 10x-rep1-kallisto-cellbender-X/regulons_10_TF.tsv	bd-rhap-rep2-X/regulons_10_TF.tsv	10x-rep1-kallisto-cellbender-X/regulons_10_TF.tsv
223	cd14-_monocytes	NR4A1	0.05263157894736842	10	10	10	10	bd-rhap-rep2-X/regulons_10_TF.tsv vs 10x-rep1-kallisto-cellbender-X/regulons_10_TF.tsv	bd-rhap-rep2-X/regulons_10_TF.tsv	10x-rep1-kallisto-cellbender-X/regulons_10_TF.tsv
224	cd8+_tcells	RUNX3	0.6	20	20	20	10	bd-rhap-rep1-X/regulons_20_TF.tsv vs bd-rhap-rep2-X/regulons_20_TF.tsv	bd-rhap-rep1-X/regulons_20_TF.tsv	bd-rhap-rep2-X/regulons_20_TF.tsv
225	nk_cells	RUNX1	0.3333333333333333	20	20	20	10	bd-rhap-rep1-X/regulons_20_TF.tsv vs bd-rhap-rep2-X/regulons_20_TF.tsv	bd-rhap-rep1-X/regulons_20_TF.tsv	bd-rhap-rep2-X/regulons_20_TF.tsv
226	pDC	FOXP1	0.3333333333333333	20	20	20	10	bd-rhap-rep1-X/regulons_20_TF.tsv vs bd-rhap-rep2-X/regulons_20_TF.tsv	bd-rhap-rep1-X/regulons_20_TF.tsv	bd-rhap-rep2-X/regulons_20_TF.tsv
227	b_cells	HDAC9	0.6	20	20	20	10	bd-rhap-rep1-X/regulons_20_TF.tsv vs bd-rhap-rep2-X/regulons_20_TF.tsv	bd-rhap-rep1-X/regulons_20_TF.tsv	bd-rhap-rep2-X/regulons_20_TF.tsv
228	DC	RUNX1	0.3333333333333333	20	20	20	10	bd-rhap-rep1-X/regulons_20_TF.tsv vs bd-rhap-rep2-X/regulons_20_TF.tsv	bd-rhap-rep1-X/regulons_20_TF.tsv	bd-rhap-rep2-X/regulons_20_TF.tsv
229	cd8+_tcells	ID2	0.3333333333333333	20	20	20	10	bd-rhap-rep1-X/regulons_20_TF.tsv vs bd-rhap-rep2-X/regulons_20_TF.tsv	bd-rhap-rep1-X/regulons_20_TF.tsv	bd-rhap-rep2-X/regulons_20_TF.tsv
230	cd4+_tcells	ID2	0.25	20	20	20	10	bd-rhap-rep1-X/regulons_20_TF.tsv vs bd-rhap-rep2-X/regulons_20_TF.tsv	bd-rhap-rep1-X/regulons_20_TF.tsv	bd-rhap-rep2-X/regulons_20_TF.tsv
231	cd14+_monocytes	HDAC9	0.48148148148148145	20	20	20	10	bd-rhap-rep1-X/regulons_20_TF.tsv vs bd-rhap-rep2-X/regulons_20_TF.tsv	bd-rhap-rep1-X/regulons_20_TF.tsv	bd-rhap-rep2-X/regulons_20_TF.tsv
232	pDC	IRF8	0.8181818181818182	20	20	20	10	bd-rhap-rep1-X/regulons_20_TF.tsv vs bd-rhap-rep2-X/regulons_20_TF.tsv	bd-rhap-rep1-X/regulons_20_TF.tsv	bd-rhap-rep2-X/regulons_20_TF.tsv
233	nk_cells	NFATC2	0.48148148148148145	20	20	20	10	bd-rhap-rep1-X/regulons_20_TF.tsv vs bd-rhap-rep2-X/regulons_20_TF.tsv	bd-rhap-rep1-X/regulons_20_TF.tsv	bd-rhap-rep2-X/regulons_20_TF.tsv
234	cd14-_monocytes	HDAC9	0.3333333333333333	20	20	20	10	bd-rhap-rep1-X/regulons_20_TF.tsv vs bd-rhap-rep2-X/regulons_20_TF.tsv	bd-rhap-rep1-X/regulons_20_TF.tsv	bd-rhap-rep2-X/regulons_20_TF.tsv
235	DC	HDAC9	0.6	20	20	20	10	bd-rhap-rep1-X/regulons_20_TF.tsv vs bd-rhap-rep2-X/regulons_20_TF.tsv	bd-rhap-rep1-X/regulons_20_TF.tsv	bd-rhap-rep2-X/regulons_20_TF.tsv
236	cd4+_tcells	RUNX1	0.14285714285714285	20	20	20	10	bd-rhap-rep1-X/regulons_20_TF.tsv vs bd-rhap-rep2-X/regulons_20_TF.tsv	bd-rhap-rep1-X/regulons_20_TF.tsv	bd-rhap-rep2-X/regulons_20_TF.tsv
237	b_cells	IRF8	0.48148148148148145	20	20	20	10	bd-rhap-rep1-X/regulons_20_TF.tsv vs bd-rhap-rep2-X/regulons_20_TF.tsv	bd-rhap-rep1-X/regulons_20_TF.tsv	bd-rhap-rep2-X/regulons_20_TF.tsv
238	cd8+_tcells	MAX	0.3333333333333333	20	20	20	10	bd-rhap-rep1-X/regulons_20_TF.tsv vs bd-rhap-rep2-X/regulons_20_TF.tsv	bd-rhap-rep1-X/regulons_20_TF.tsv	bd-rhap-rep2-X/regulons_20_TF.tsv
239	cd4+_tcells	MAX	0.2903225806451613	20	20	20	10	bd-rhap-rep1-X/regulons_20_TF.tsv vs bd-rhap-rep2-X/regulons_20_TF.tsv	bd-rhap-rep1-X/regulons_20_TF.tsv	bd-rhap-rep2-X/regulons_20_TF.tsv
240	DC	FOXP1	0.3333333333333333	20	20	20	10	bd-rhap-rep1-X/regulons_20_TF.tsv vs bd-rhap-rep2-X/regulons_20_TF.tsv	bd-rhap-rep1-X/regulons_20_TF.tsv	bd-rhap-rep2-X/regulons_20_TF.tsv
241	cd14+_monocytes	RUNX3	0.6	20	20	20	10	bd-rhap-rep1-X/regulons_20_TF.tsv vs bd-rhap-rep2-X/regulons_20_TF.tsv	bd-rhap-rep1-X/regulons_20_TF.tsv	bd-rhap-rep2-X/regulons_20_TF.tsv
242	pDC	BCL11A	0.8181818181818182	20	20	20	10	bd-rhap-rep1-X/regulons_20_TF.tsv vs bd-rhap-rep2-X/regulons_20_TF.tsv	bd-rhap-rep1-X/regulons_20_TF.tsv	bd-rhap-rep2-X/regulons_20_TF.tsv
243	cd14-_monocytes	ZBTB20	0.48148148148148145	20	20	20	10	bd-rhap-rep1-X/regulons_20_TF.tsv vs bd-rhap-rep2-X/regulons_20_TF.tsv	bd-rhap-rep1-X/regulons_20_TF.tsv	bd-rhap-rep2-X/regulons_20_TF.tsv
244	cd14-_monocytes	SETBP1	0.3793103448275862	20	20	20	10	bd-rhap-rep1-X/regulons_20_TF.tsv vs bd-rhap-rep2-X/regulons_20_TF.tsv	bd-rhap-rep1-X/regulons_20_TF.tsv	bd-rhap-rep2-X/regulons_20_TF.tsv
245	cd14+_monocytes	NR4A1	0.3333333333333333	20	20	20	10	bd-rhap-rep1-X/regulons_20_TF.tsv vs bd-rhap-rep2-X/regulons_20_TF.tsv	bd-rhap-rep1-X/regulons_20_TF.tsv	bd-rhap-rep2-X/regulons_20_TF.tsv
246	cd8+_tcells	NFATC2	0.3793103448275862	20	20	20	10	bd-rhap-rep1-X/regulons_20_TF.tsv vs bd-rhap-rep2-X/regulons_20_TF.tsv	bd-rhap-rep1-X/regulons_20_TF.tsv	bd-rhap-rep2-X/regulons_20_TF.tsv
247	cd14-_monocytes	NR4A1	0.3333333333333333	20	20	20	10	bd-rhap-rep1-X/regulons_20_TF.tsv vs bd-rhap-rep2-X/regulons_20_TF.tsv	bd-rhap-rep1-X/regulons_20_TF.tsv	bd-rhap-rep2-X/regulons_20_TF.tsv
248	b_cells	BCL11A	0.6	20	20	20	10	bd-rhap-rep1-X/regulons_20_TF.tsv vs bd-rhap-rep2-X/regulons_20_TF.tsv	bd-rhap-rep1-X/regulons_20_TF.tsv	bd-rhap-rep2-X/regulons_20_TF.tsv
249	DC	IRF8	0.6	20	20	20	10	bd-rhap-rep1-X/regulons_20_TF.tsv vs bd-rhap-rep2-X/regulons_20_TF.tsv	bd-rhap-rep1-X/regulons_20_TF.tsv	bd-rhap-rep2-X/regulons_20_TF.tsv
250	pDC	HDAC9	0.6	20	20	20	10	bd-rhap-rep1-X/regulons_20_TF.tsv vs bd-rhap-rep2-X/regulons_20_TF.tsv	bd-rhap-rep1-X/regulons_20_TF.tsv	bd-rhap-rep2-X/regulons_20_TF.tsv
251	cd14+_monocytes	HIPK2	0.2903225806451613	20	20	20	10	bd-rhap-rep1-X/regulons_20_TF.tsv vs bd-rhap-rep2-X/regulons_20_TF.tsv	bd-rhap-rep1-X/regulons_20_TF.tsv	bd-rhap-rep2-X/regulons_20_TF.tsv
252	cd4+_tcells	TRERF1	0.25	20	20	20	10	bd-rhap-rep1-X/regulons_20_TF.tsv vs bd-rhap-rep2-X/regulons_20_TF.tsv	bd-rhap-rep1-X/regulons_20_TF.tsv	bd-rhap-rep2-X/regulons_20_TF.tsv
253	DC	ID2	0.3333333333333333	20	20	20	10	bd-rhap-rep1-X/regulons_20_TF.tsv vs bd-rhap-rep2-X/regulons_20_TF.tsv	bd-rhap-rep1-X/regulons_20_TF.tsv	bd-rhap-rep2-X/regulons_20_TF.tsv
254	b_cells	TCF4	0.6666666666666666	20	20	20	10	bd-rhap-rep1-X/regulons_20_TF.tsv vs bd-rhap-rep2-X/regulons_20_TF.tsv	bd-rhap-rep1-X/regulons_20_TF.tsv	bd-rhap-rep2-X/regulons_20_TF.tsv
255	cd14+_monocytes	RUNX1	0.48148148148148145	20	20	20	10	bd-rhap-rep1-X/regulons_20_TF.tsv vs bd-rhap-rep2-X/regulons_20_TF.tsv	bd-rhap-rep1-X/regulons_20_TF.tsv	bd-rhap-rep2-X/regulons_20_TF.tsv
256	b_cells	MAX	0.21212121212121213	20	20	20	10	bd-rhap-rep1-X/regulons_20_TF.tsv vs bd-rhap-rep2-X/regulons_20_TF.tsv	bd-rhap-rep1-X/regulons_20_TF.tsv	bd-rhap-rep2-X/regulons_20_TF.tsv
257	cd8+_tcells	RUNX3	0.08108108108108109	20	20	20	10	bd-rhap-rep1-X/regulons_20_TF.tsv vs 10x-rep1-kallisto-cellbender-X/regulons_20_TF.tsv	bd-rhap-rep1-X/regulons_20_TF.tsv	10x-rep1-kallisto-cellbender-X/regulons_20_TF.tsv
258	cd14+_monocytes	TLE5	0.05263157894736842	20	20	20	10	bd-rhap-rep1-X/regulons_20_TF.tsv vs 10x-rep1-kallisto-cellbender-X/regulons_20_TF.tsv	bd-rhap-rep1-X/regulons_20_TF.tsv	10x-rep1-kallisto-cellbender-X/regulons_20_TF.tsv
259	DC	TLE5	0.14285714285714285	20	20	20	10	bd-rhap-rep1-X/regulons_20_TF.tsv vs 10x-rep1-kallisto-cellbender-X/regulons_20_TF.tsv	bd-rhap-rep1-X/regulons_20_TF.tsv	10x-rep1-kallisto-cellbender-X/regulons_20_TF.tsv
260	cd8+_tcells	ID2	0.17647058823529413	20	20	20	10	bd-rhap-rep1-X/regulons_20_TF.tsv vs 10x-rep1-kallisto-cellbender-X/regulons_20_TF.tsv	bd-rhap-rep1-X/regulons_20_TF.tsv	10x-rep1-kallisto-cellbender-X/regulons_20_TF.tsv
261	pDC	JUN	0.17647058823529413	20	20	20	10	bd-rhap-rep1-X/regulons_20_TF.tsv vs 10x-rep1-kallisto-cellbender-X/regulons_20_TF.tsv	bd-rhap-rep1-X/regulons_20_TF.tsv	10x-rep1-kallisto-cellbender-X/regulons_20_TF.tsv
262	pDC	FOS	0.05263157894736842	20	20	20	10	bd-rhap-rep1-X/regulons_20_TF.tsv vs 10x-rep1-kallisto-cellbender-X/regulons_20_TF.tsv	bd-rhap-rep1-X/regulons_20_TF.tsv	10x-rep1-kallisto-cellbender-X/regulons_20_TF.tsv
263	pDC	IRF8	0.7391304347826086	20	20	20	10	bd-rhap-rep1-X/regulons_20_TF.tsv vs 10x-rep1-kallisto-cellbender-X/regulons_20_TF.tsv	bd-rhap-rep1-X/regulons_20_TF.tsv	10x-rep1-kallisto-cellbender-X/regulons_20_TF.tsv
264	cd4+_tcells	BTG2	0.14285714285714285	20	20	20	10	bd-rhap-rep1-X/regulons_20_TF.tsv vs 10x-rep1-kallisto-cellbender-X/regulons_20_TF.tsv	bd-rhap-rep1-X/regulons_20_TF.tsv	10x-rep1-kallisto-cellbender-X/regulons_20_TF.tsv
265	cd4+_tcells	TLE5	0.3333333333333333	20	20	20	10	bd-rhap-rep1-X/regulons_20_TF.tsv vs 10x-rep1-kallisto-cellbender-X/regulons_20_TF.tsv	bd-rhap-rep1-X/regulons_20_TF.tsv	10x-rep1-kallisto-cellbender-X/regulons_20_TF.tsv
266	b_cells	FOS	0.1111111111111111	20	20	20	10	bd-rhap-rep1-X/regulons_20_TF.tsv vs 10x-rep1-kallisto-cellbender-X/regulons_20_TF.tsv	bd-rhap-rep1-X/regulons_20_TF.tsv	10x-rep1-kallisto-cellbender-X/regulons_20_TF.tsv
267	cd14+_monocytes	CEBPD	0.3333333333333333	20	20	20	10	bd-rhap-rep1-X/regulons_20_TF.tsv vs 10x-rep1-kallisto-cellbender-X/regulons_20_TF.tsv	bd-rhap-rep1-X/regulons_20_TF.tsv	10x-rep1-kallisto-cellbender-X/regulons_20_TF.tsv
268	nk_cells	CEBPD	0.14285714285714285	20	20	20	10	bd-rhap-rep1-X/regulons_20_TF.tsv vs 10x-rep1-kallisto-cellbender-X/regulons_20_TF.tsv	bd-rhap-rep1-X/regulons_20_TF.tsv	10x-rep1-kallisto-cellbender-X/regulons_20_TF.tsv
269	cd14-_monocytes	CEBPD	0.21212121212121213	20	20	20	10	bd-rhap-rep1-X/regulons_20_TF.tsv vs 10x-rep1-kallisto-cellbender-X/regulons_20_TF.tsv	bd-rhap-rep1-X/regulons_20_TF.tsv	10x-rep1-kallisto-cellbender-X/regulons_20_TF.tsv
270	b_cells	IRF8	0.48148148148148145	20	20	20	10	bd-rhap-rep1-X/regulons_20_TF.tsv vs 10x-rep1-kallisto-cellbender-X/regulons_20_TF.tsv	bd-rhap-rep1-X/regulons_20_TF.tsv	10x-rep1-kallisto-cellbender-X/regulons_20_TF.tsv
271	pDC	TLE5	0.21212121212121213	20	20	20	10	bd-rhap-rep1-X/regulons_20_TF.tsv vs 10x-rep1-kallisto-cellbender-X/regulons_20_TF.tsv	bd-rhap-rep1-X/regulons_20_TF.tsv	10x-rep1-kallisto-cellbender-X/regulons_20_TF.tsv
272	pDC	BCL11A	0.5384615384615384	20	20	20	10	bd-rhap-rep1-X/regulons_20_TF.tsv vs 10x-rep1-kallisto-cellbender-X/regulons_20_TF.tsv	bd-rhap-rep1-X/regulons_20_TF.tsv	10x-rep1-kallisto-cellbender-X/regulons_20_TF.tsv
273	cd14-_monocytes	RUNX3	0.21212121212121213	20	20	20	10	bd-rhap-rep1-X/regulons_20_TF.tsv vs 10x-rep1-kallisto-cellbender-X/regulons_20_TF.tsv	bd-rhap-rep1-X/regulons_20_TF.tsv	10x-rep1-kallisto-cellbender-X/regulons_20_TF.tsv
274	cd14-_monocytes	NR4A1	0.21212121212121213	20	20	20	10	bd-rhap-rep1-X/regulons_20_TF.tsv vs 10x-rep1-kallisto-cellbender-X/regulons_20_TF.tsv	bd-rhap-rep1-X/regulons_20_TF.tsv	10x-rep1-kallisto-cellbender-X/regulons_20_TF.tsv
275	DC	FOS	0.14285714285714285	20	20	20	10	bd-rhap-rep1-X/regulons_20_TF.tsv vs 10x-rep1-kallisto-cellbender-X/regulons_20_TF.tsv	bd-rhap-rep1-X/regulons_20_TF.tsv	10x-rep1-kallisto-cellbender-X/regulons_20_TF.tsv
276	DC	LMO4	0.42857142857142855	20	20	20	10	bd-rhap-rep1-X/regulons_20_TF.tsv vs 10x-rep1-kallisto-cellbender-X/regulons_20_TF.tsv	bd-rhap-rep1-X/regulons_20_TF.tsv	10x-rep1-kallisto-cellbender-X/regulons_20_TF.tsv
277	b_cells	BCL11A	0.48148148148148145	20	20	20	10	bd-rhap-rep1-X/regulons_20_TF.tsv vs 10x-rep1-kallisto-cellbender-X/regulons_20_TF.tsv	bd-rhap-rep1-X/regulons_20_TF.tsv	10x-rep1-kallisto-cellbender-X/regulons_20_TF.tsv
278	cd14-_monocytes	ID2	0.08108108108108109	20	20	20	10	bd-rhap-rep1-X/regulons_20_TF.tsv vs 10x-rep1-kallisto-cellbender-X/regulons_20_TF.tsv	bd-rhap-rep1-X/regulons_20_TF.tsv	10x-rep1-kallisto-cellbender-X/regulons_20_TF.tsv
279	DC	IRF8	0.3793103448275862	20	20	20	10	bd-rhap-rep1-X/regulons_20_TF.tsv vs 10x-rep1-kallisto-cellbender-X/regulons_20_TF.tsv	bd-rhap-rep1-X/regulons_20_TF.tsv	10x-rep1-kallisto-cellbender-X/regulons_20_TF.tsv
280	DC	HMGB2	0.17647058823529413	20	20	20	10	bd-rhap-rep1-X/regulons_20_TF.tsv vs 10x-rep1-kallisto-cellbender-X/regulons_20_TF.tsv	bd-rhap-rep1-X/regulons_20_TF.tsv	10x-rep1-kallisto-cellbender-X/regulons_20_TF.tsv
281	DC	ID2	0.08108108108108109	20	20	20	10	bd-rhap-rep1-X/regulons_20_TF.tsv vs 10x-rep1-kallisto-cellbender-X/regulons_20_TF.tsv	bd-rhap-rep1-X/regulons_20_TF.tsv	10x-rep1-kallisto-cellbender-X/regulons_20_TF.tsv
282	b_cells	TCF4	0.3793103448275862	20	20	20	10	bd-rhap-rep1-X/regulons_20_TF.tsv vs 10x-rep1-kallisto-cellbender-X/regulons_20_TF.tsv	bd-rhap-rep1-X/regulons_20_TF.tsv	10x-rep1-kallisto-cellbender-X/regulons_20_TF.tsv
283	cd8+_tcells	RUNX3	0.08108108108108109	20	20	20	10	bd-rhap-rep2-X/regulons_20_TF.tsv vs 10x-rep1-kallisto-cellbender-X/regulons_20_TF.tsv	bd-rhap-rep2-X/regulons_20_TF.tsv	10x-rep1-kallisto-cellbender-X/regulons_20_TF.tsv
284	cd14+_monocytes	ID2	0.21212121212121213	20	20	20	10	bd-rhap-rep2-X/regulons_20_TF.tsv vs 10x-rep1-kallisto-cellbender-X/regulons_20_TF.tsv	bd-rhap-rep2-X/regulons_20_TF.tsv	10x-rep1-kallisto-cellbender-X/regulons_20_TF.tsv
285	pDC	IRF8	0.6666666666666666	20	20	20	10	bd-rhap-rep2-X/regulons_20_TF.tsv vs 10x-rep1-kallisto-cellbender-X/regulons_20_TF.tsv	bd-rhap-rep2-X/regulons_20_TF.tsv	10x-rep1-kallisto-cellbender-X/regulons_20_TF.tsv
286	b_cells	IRF8	0.21212121212121213	20	20	20	10	bd-rhap-rep2-X/regulons_20_TF.tsv vs 10x-rep1-kallisto-cellbender-X/regulons_20_TF.tsv	bd-rhap-rep2-X/regulons_20_TF.tsv	10x-rep1-kallisto-cellbender-X/regulons_20_TF.tsv
287	b_cells	BCL11A	0.42857142857142855	20	20	20	10	bd-rhap-rep2-X/regulons_20_TF.tsv vs 10x-rep1-kallisto-cellbender-X/regulons_20_TF.tsv	bd-rhap-rep2-X/regulons_20_TF.tsv	10x-rep1-kallisto-cellbender-X/regulons_20_TF.tsv
288	DC	IRF8	0.2903225806451613	20	20	20	10	bd-rhap-rep2-X/regulons_20_TF.tsv vs 10x-rep1-kallisto-cellbender-X/regulons_20_TF.tsv	bd-rhap-rep2-X/regulons_20_TF.tsv	10x-rep1-kallisto-cellbender-X/regulons_20_TF.tsv
289	cd8+_tcells	BTG2	0.17647058823529413	20	20	20	10	bd-rhap-rep2-X/regulons_20_TF.tsv vs 10x-rep1-kallisto-cellbender-X/regulons_20_TF.tsv	bd-rhap-rep2-X/regulons_20_TF.tsv	10x-rep1-kallisto-cellbender-X/regulons_20_TF.tsv
290	pDC	BCL11A	0.5384615384615384	20	20	20	10	bd-rhap-rep2-X/regulons_20_TF.tsv vs 10x-rep1-kallisto-cellbender-X/regulons_20_TF.tsv	bd-rhap-rep2-X/regulons_20_TF.tsv	10x-rep1-kallisto-cellbender-X/regulons_20_TF.tsv
291	nk_cells	ID2	0.17647058823529413	20	20	20	10	bd-rhap-rep2-X/regulons_20_TF.tsv vs 10x-rep1-kallisto-cellbender-X/regulons_20_TF.tsv	bd-rhap-rep2-X/regulons_20_TF.tsv	10x-rep1-kallisto-cellbender-X/regulons_20_TF.tsv
292	b_cells	TCF4	0.2903225806451613	20	20	20	10	bd-rhap-rep2-X/regulons_20_TF.tsv vs 10x-rep1-kallisto-cellbender-X/regulons_20_TF.tsv	bd-rhap-rep2-X/regulons_20_TF.tsv	10x-rep1-kallisto-cellbender-X/regulons_20_TF.tsv
293	DC	ID2	0.08108108108108109	20	20	20	10	bd-rhap-rep2-X/regulons_20_TF.tsv vs 10x-rep1-kallisto-cellbender-X/regulons_20_TF.tsv	bd-rhap-rep2-X/regulons_20_TF.tsv	10x-rep1-kallisto-cellbender-X/regulons_20_TF.tsv
294	cd8+_tcells	ID2	0.1111111111111111	20	20	20	10	bd-rhap-rep2-X/regulons_20_TF.tsv vs 10x-rep1-kallisto-cellbender-X/regulons_20_TF.tsv	bd-rhap-rep2-X/regulons_20_TF.tsv	10x-rep1-kallisto-cellbender-X/regulons_20_TF.tsv
295	nk_cells	RUNX3	0.21212121212121213	20	20	20	10	bd-rhap-rep2-X/regulons_20_TF.tsv vs 10x-rep1-kallisto-cellbender-X/regulons_20_TF.tsv	bd-rhap-rep2-X/regulons_20_TF.tsv	10x-rep1-kallisto-cellbender-X/regulons_20_TF.tsv
296	cd14-_monocytes	NR4A1	0.1111111111111111	20	20	20	10	bd-rhap-rep2-X/regulons_20_TF.tsv vs 10x-rep1-kallisto-cellbender-X/regulons_20_TF.tsv	bd-rhap-rep2-X/regulons_20_TF.tsv	10x-rep1-kallisto-cellbender-X/regulons_20_TF.tsv
297	b_cells	SP140	0.3793103448275862	20	20	20	10	bd-rhap-rep2-X/regulons_20_TF.tsv vs 10x-rep1-kallisto-cellbender-X/regulons_20_TF.tsv	bd-rhap-rep2-X/regulons_20_TF.tsv	10x-rep1-kallisto-cellbender-X/regulons_20_TF.tsv
298	nk_cells	RUNX1	0.36363636363636365	30	30	30	10	bd-rhap-rep1-X/regulons_30_TF.tsv vs bd-rhap-rep2-X/regulons_30_TF.tsv	bd-rhap-rep1-X/regulons_30_TF.tsv	bd-rhap-rep2-X/regulons_30_TF.tsv
299	pDC	FOXP1	0.5	30	30	30	10	bd-rhap-rep1-X/regulons_30_TF.tsv vs bd-rhap-rep2-X/regulons_30_TF.tsv	bd-rhap-rep1-X/regulons_30_TF.tsv	bd-rhap-rep2-X/regulons_30_TF.tsv
300	b_cells	HDAC9	0.4634146341463415	30	30	30	10	bd-rhap-rep1-X/regulons_30_TF.tsv vs bd-rhap-rep2-X/regulons_30_TF.tsv	bd-rhap-rep1-X/regulons_30_TF.tsv	bd-rhap-rep2-X/regulons_30_TF.tsv
301	cd8+_tcells	ID2	0.36363636363636365	30	30	30	10	bd-rhap-rep1-X/regulons_30_TF.tsv vs bd-rhap-rep2-X/regulons_30_TF.tsv	bd-rhap-rep1-X/regulons_30_TF.tsv	bd-rhap-rep2-X/regulons_30_TF.tsv
302	cd14+_monocytes	HDAC9	0.5	30	30	30	10	bd-rhap-rep1-X/regulons_30_TF.tsv vs bd-rhap-rep2-X/regulons_30_TF.tsv	bd-rhap-rep1-X/regulons_30_TF.tsv	bd-rhap-rep2-X/regulons_30_TF.tsv
303	pDC	IRF8	0.6216216216216216	30	30	30	10	bd-rhap-rep1-X/regulons_30_TF.tsv vs bd-rhap-rep2-X/regulons_30_TF.tsv	bd-rhap-rep1-X/regulons_30_TF.tsv	bd-rhap-rep2-X/regulons_30_TF.tsv
304	DC	MAX	0.05263157894736842	30	30	30	10	bd-rhap-rep1-X/regulons_30_TF.tsv vs bd-rhap-rep2-X/regulons_30_TF.tsv	bd-rhap-rep1-X/regulons_30_TF.tsv	bd-rhap-rep2-X/regulons_30_TF.tsv
305	nk_cells	NFATC2	0.4634146341463415	30	30	30	10	bd-rhap-rep1-X/regulons_30_TF.tsv vs bd-rhap-rep2-X/regulons_30_TF.tsv	bd-rhap-rep1-X/regulons_30_TF.tsv	bd-rhap-rep2-X/regulons_30_TF.tsv
306	cd14-_monocytes	HDAC9	0.25	30	30	30	10	bd-rhap-rep1-X/regulons_30_TF.tsv vs bd-rhap-rep2-X/regulons_30_TF.tsv	bd-rhap-rep1-X/regulons_30_TF.tsv	bd-rhap-rep2-X/regulons_30_TF.tsv
307	cd8+_tcells	BTG2	0.3333333333333333	30	30	30	10	bd-rhap-rep1-X/regulons_30_TF.tsv vs bd-rhap-rep2-X/regulons_30_TF.tsv	bd-rhap-rep1-X/regulons_30_TF.tsv	bd-rhap-rep2-X/regulons_30_TF.tsv
308	DC	HDAC9	0.5384615384615384	30	30	30	10	bd-rhap-rep1-X/regulons_30_TF.tsv vs bd-rhap-rep2-X/regulons_30_TF.tsv	bd-rhap-rep1-X/regulons_30_TF.tsv	bd-rhap-rep2-X/regulons_30_TF.tsv
309	cd4+_tcells	RUNX1	0.22448979591836735	30	30	30	10	bd-rhap-rep1-X/regulons_30_TF.tsv vs bd-rhap-rep2-X/regulons_30_TF.tsv	bd-rhap-rep1-X/regulons_30_TF.tsv	bd-rhap-rep2-X/regulons_30_TF.tsv
310	b_cells	RUNX3	0.3333333333333333	30	30	30	10	bd-rhap-rep1-X/regulons_30_TF.tsv vs bd-rhap-rep2-X/regulons_30_TF.tsv	bd-rhap-rep1-X/regulons_30_TF.tsv	bd-rhap-rep2-X/regulons_30_TF.tsv
311	b_cells	IRF8	0.4634146341463415	30	30	30	10	bd-rhap-rep1-X/regulons_30_TF.tsv vs bd-rhap-rep2-X/regulons_30_TF.tsv	bd-rhap-rep1-X/regulons_30_TF.tsv	bd-rhap-rep2-X/regulons_30_TF.tsv
312	cd4+_tcells	MAX	0.2765957446808511	30	30	30	10	bd-rhap-rep1-X/regulons_30_TF.tsv vs bd-rhap-rep2-X/regulons_30_TF.tsv	bd-rhap-rep1-X/regulons_30_TF.tsv	bd-rhap-rep2-X/regulons_30_TF.tsv
313	DC	FOXP1	0.3333333333333333	30	30	30	10	bd-rhap-rep1-X/regulons_30_TF.tsv vs bd-rhap-rep2-X/regulons_30_TF.tsv	bd-rhap-rep1-X/regulons_30_TF.tsv	bd-rhap-rep2-X/regulons_30_TF.tsv
314	cd14+_monocytes	ZBTB20	0.36363636363636365	30	30	30	10	bd-rhap-rep1-X/regulons_30_TF.tsv vs bd-rhap-rep2-X/regulons_30_TF.tsv	bd-rhap-rep1-X/regulons_30_TF.tsv	bd-rhap-rep2-X/regulons_30_TF.tsv
315	cd14+_monocytes	RUNX3	0.3953488372093023	30	30	30	10	bd-rhap-rep1-X/regulons_30_TF.tsv vs bd-rhap-rep2-X/regulons_30_TF.tsv	bd-rhap-rep1-X/regulons_30_TF.tsv	bd-rhap-rep2-X/regulons_30_TF.tsv
316	DC	FOSB	0.36363636363636365	30	30	30	10	bd-rhap-rep1-X/regulons_30_TF.tsv vs bd-rhap-rep2-X/regulons_30_TF.tsv	bd-rhap-rep1-X/regulons_30_TF.tsv	bd-rhap-rep2-X/regulons_30_TF.tsv
317	pDC	BCL11A	0.6666666666666666	30	30	30	10	bd-rhap-rep1-X/regulons_30_TF.tsv vs bd-rhap-rep2-X/regulons_30_TF.tsv	bd-rhap-rep1-X/regulons_30_TF.tsv	bd-rhap-rep2-X/regulons_30_TF.tsv
318	cd14-_monocytes	ZBTB20	0.4634146341463415	30	30	30	10	bd-rhap-rep1-X/regulons_30_TF.tsv vs bd-rhap-rep2-X/regulons_30_TF.tsv	bd-rhap-rep1-X/regulons_30_TF.tsv	bd-rhap-rep2-X/regulons_30_TF.tsv
319	cd14+_monocytes	IRF7	0.25	30	30	30	10	bd-rhap-rep1-X/regulons_30_TF.tsv vs bd-rhap-rep2-X/regulons_30_TF.tsv	bd-rhap-rep1-X/regulons_30_TF.tsv	bd-rhap-rep2-X/regulons_30_TF.tsv
320	cd14-_monocytes	SETBP1	0.36363636363636365	30	30	30	10	bd-rhap-rep1-X/regulons_30_TF.tsv vs bd-rhap-rep2-X/regulons_30_TF.tsv	bd-rhap-rep1-X/regulons_30_TF.tsv	bd-rhap-rep2-X/regulons_30_TF.tsv
321	cd14+_monocytes	NR4A1	0.42857142857142855	30	30	30	10	bd-rhap-rep1-X/regulons_30_TF.tsv vs bd-rhap-rep2-X/regulons_30_TF.tsv	bd-rhap-rep1-X/regulons_30_TF.tsv	bd-rhap-rep2-X/regulons_30_TF.tsv
322	cd8+_tcells	NFATC2	0.3333333333333333	30	30	30	10	bd-rhap-rep1-X/regulons_30_TF.tsv vs bd-rhap-rep2-X/regulons_30_TF.tsv	bd-rhap-rep1-X/regulons_30_TF.tsv	bd-rhap-rep2-X/regulons_30_TF.tsv
323	pDC	TCF4	0.5789473684210527	30	30	30	10	bd-rhap-rep1-X/regulons_30_TF.tsv vs bd-rhap-rep2-X/regulons_30_TF.tsv	bd-rhap-rep1-X/regulons_30_TF.tsv	bd-rhap-rep2-X/regulons_30_TF.tsv
324	cd14-_monocytes	TCF12	0.36363636363636365	30	30	30	10	bd-rhap-rep1-X/regulons_30_TF.tsv vs bd-rhap-rep2-X/regulons_30_TF.tsv	bd-rhap-rep1-X/regulons_30_TF.tsv	bd-rhap-rep2-X/regulons_30_TF.tsv
325	cd14-_monocytes	NR4A1	0.3333333333333333	30	30	30	10	bd-rhap-rep1-X/regulons_30_TF.tsv vs bd-rhap-rep2-X/regulons_30_TF.tsv	bd-rhap-rep1-X/regulons_30_TF.tsv	bd-rhap-rep2-X/regulons_30_TF.tsv
326	b_cells	BCL11A	0.7647058823529411	30	30	30	10	bd-rhap-rep1-X/regulons_30_TF.tsv vs bd-rhap-rep2-X/regulons_30_TF.tsv	bd-rhap-rep1-X/regulons_30_TF.tsv	bd-rhap-rep2-X/regulons_30_TF.tsv
327	pDC	HDAC9	0.5789473684210527	30	30	30	10	bd-rhap-rep1-X/regulons_30_TF.tsv vs bd-rhap-rep2-X/regulons_30_TF.tsv	bd-rhap-rep1-X/regulons_30_TF.tsv	bd-rhap-rep2-X/regulons_30_TF.tsv
328	cd8+_tcells	FOSB	0.42857142857142855	30	30	30	10	bd-rhap-rep1-X/regulons_30_TF.tsv vs bd-rhap-rep2-X/regulons_30_TF.tsv	bd-rhap-rep1-X/regulons_30_TF.tsv	bd-rhap-rep2-X/regulons_30_TF.tsv
329	cd4+_tcells	TRERF1	0.30434782608695654	30	30	30	10	bd-rhap-rep1-X/regulons_30_TF.tsv vs bd-rhap-rep2-X/regulons_30_TF.tsv	bd-rhap-rep1-X/regulons_30_TF.tsv	bd-rhap-rep2-X/regulons_30_TF.tsv
330	DC	ID2	0.3953488372093023	30	30	30	10	bd-rhap-rep1-X/regulons_30_TF.tsv vs bd-rhap-rep2-X/regulons_30_TF.tsv	bd-rhap-rep1-X/regulons_30_TF.tsv	bd-rhap-rep2-X/regulons_30_TF.tsv
331	b_cells	TCF4	0.6216216216216216	30	30	30	10	bd-rhap-rep1-X/regulons_30_TF.tsv vs bd-rhap-rep2-X/regulons_30_TF.tsv	bd-rhap-rep1-X/regulons_30_TF.tsv	bd-rhap-rep2-X/regulons_30_TF.tsv
332	cd14+_monocytes	RUNX1	0.42857142857142855	30	30	30	10	bd-rhap-rep1-X/regulons_30_TF.tsv vs bd-rhap-rep2-X/regulons_30_TF.tsv	bd-rhap-rep1-X/regulons_30_TF.tsv	bd-rhap-rep2-X/regulons_30_TF.tsv
333	DC	BCL11A	0.25	30	30	30	10	bd-rhap-rep1-X/regulons_30_TF.tsv vs 10x-rep1-kallisto-cellbender-X/regulons_30_TF.tsv	bd-rhap-rep1-X/regulons_30_TF.tsv	10x-rep1-kallisto-cellbender-X/regulons_30_TF.tsv
334	DC	TLE5	0.17647058823529413	30	30	30	10	bd-rhap-rep1-X/regulons_30_TF.tsv vs 10x-rep1-kallisto-cellbender-X/regulons_30_TF.tsv	bd-rhap-rep1-X/regulons_30_TF.tsv	10x-rep1-kallisto-cellbender-X/regulons_30_TF.tsv
335	cd8+_tcells	ID2	0.15384615384615385	30	30	30	10	bd-rhap-rep1-X/regulons_30_TF.tsv vs 10x-rep1-kallisto-cellbender-X/regulons_30_TF.tsv	bd-rhap-rep1-X/regulons_30_TF.tsv	10x-rep1-kallisto-cellbender-X/regulons_30_TF.tsv
336	pDC	FOS	0.05263157894736842	30	30	30	10	bd-rhap-rep1-X/regulons_30_TF.tsv vs 10x-rep1-kallisto-cellbender-X/regulons_30_TF.tsv	bd-rhap-rep1-X/regulons_30_TF.tsv	10x-rep1-kallisto-cellbender-X/regulons_30_TF.tsv
337	pDC	IRF8	0.5789473684210527	30	30	30	10	bd-rhap-rep1-X/regulons_30_TF.tsv vs 10x-rep1-kallisto-cellbender-X/regulons_30_TF.tsv	bd-rhap-rep1-X/regulons_30_TF.tsv	10x-rep1-kallisto-cellbender-X/regulons_30_TF.tsv
338	cd4+_tcells	BTG2	0.17647058823529413	30	30	30	10	bd-rhap-rep1-X/regulons_30_TF.tsv vs 10x-rep1-kallisto-cellbender-X/regulons_30_TF.tsv	bd-rhap-rep1-X/regulons_30_TF.tsv	10x-rep1-kallisto-cellbender-X/regulons_30_TF.tsv
339	pDC	HMGB2	0.01694915254237288	30	30	30	10	bd-rhap-rep1-X/regulons_30_TF.tsv vs 10x-rep1-kallisto-cellbender-X/regulons_30_TF.tsv	bd-rhap-rep1-X/regulons_30_TF.tsv	10x-rep1-kallisto-cellbender-X/regulons_30_TF.tsv
340	cd8+_tcells	BTG2	0.2	30	30	30	10	bd-rhap-rep1-X/regulons_30_TF.tsv vs 10x-rep1-kallisto-cellbender-X/regulons_30_TF.tsv	bd-rhap-rep1-X/regulons_30_TF.tsv	10x-rep1-kallisto-cellbender-X/regulons_30_TF.tsv
341	cd4+_tcells	TLE5	0.42857142857142855	30	30	30	10	bd-rhap-rep1-X/regulons_30_TF.tsv vs 10x-rep1-kallisto-cellbender-X/regulons_30_TF.tsv	bd-rhap-rep1-X/regulons_30_TF.tsv	10x-rep1-kallisto-cellbender-X/regulons_30_TF.tsv
342	cd14+_monocytes	CEBPD	0.2765957446808511	30	30	30	10	bd-rhap-rep1-X/regulons_30_TF.tsv vs 10x-rep1-kallisto-cellbender-X/regulons_30_TF.tsv	bd-rhap-rep1-X/regulons_30_TF.tsv	10x-rep1-kallisto-cellbender-X/regulons_30_TF.tsv
343	nk_cells	CEBPD	0.15384615384615385	30	30	30	10	bd-rhap-rep1-X/regulons_30_TF.tsv vs 10x-rep1-kallisto-cellbender-X/regulons_30_TF.tsv	bd-rhap-rep1-X/regulons_30_TF.tsv	10x-rep1-kallisto-cellbender-X/regulons_30_TF.tsv
344	cd14-_monocytes	CEBPD	0.22448979591836735	30	30	30	10	bd-rhap-rep1-X/regulons_30_TF.tsv vs 10x-rep1-kallisto-cellbender-X/regulons_30_TF.tsv	bd-rhap-rep1-X/regulons_30_TF.tsv	10x-rep1-kallisto-cellbender-X/regulons_30_TF.tsv
345	b_cells	IRF8	0.3333333333333333	30	30	30	10	bd-rhap-rep1-X/regulons_30_TF.tsv vs 10x-rep1-kallisto-cellbender-X/regulons_30_TF.tsv	bd-rhap-rep1-X/regulons_30_TF.tsv	10x-rep1-kallisto-cellbender-X/regulons_30_TF.tsv
346	pDC	TLE5	0.3333333333333333	30	30	30	10	bd-rhap-rep1-X/regulons_30_TF.tsv vs 10x-rep1-kallisto-cellbender-X/regulons_30_TF.tsv	bd-rhap-rep1-X/regulons_30_TF.tsv	10x-rep1-kallisto-cellbender-X/regulons_30_TF.tsv
347	pDC	BCL11A	0.42857142857142855	30	30	30	10	bd-rhap-rep1-X/regulons_30_TF.tsv vs 10x-rep1-kallisto-cellbender-X/regulons_30_TF.tsv	bd-rhap-rep1-X/regulons_30_TF.tsv	10x-rep1-kallisto-cellbender-X/regulons_30_TF.tsv
348	cd14-_monocytes	RUNX3	0.17647058823529413	30	30	30	10	bd-rhap-rep1-X/regulons_30_TF.tsv vs 10x-rep1-kallisto-cellbender-X/regulons_30_TF.tsv	bd-rhap-rep1-X/regulons_30_TF.tsv	10x-rep1-kallisto-cellbender-X/regulons_30_TF.tsv
349	pDC	TCF4	0.36363636363636365	30	30	30	10	bd-rhap-rep1-X/regulons_30_TF.tsv vs 10x-rep1-kallisto-cellbender-X/regulons_30_TF.tsv	bd-rhap-rep1-X/regulons_30_TF.tsv	10x-rep1-kallisto-cellbender-X/regulons_30_TF.tsv
350	cd14-_monocytes	NR4A1	0.15384615384615385	30	30	30	10	bd-rhap-rep1-X/regulons_30_TF.tsv vs 10x-rep1-kallisto-cellbender-X/regulons_30_TF.tsv	bd-rhap-rep1-X/regulons_30_TF.tsv	10x-rep1-kallisto-cellbender-X/regulons_30_TF.tsv
351	DC	LMO4	0.25	30	30	30	10	bd-rhap-rep1-X/regulons_30_TF.tsv vs 10x-rep1-kallisto-cellbender-X/regulons_30_TF.tsv	bd-rhap-rep1-X/regulons_30_TF.tsv	10x-rep1-kallisto-cellbender-X/regulons_30_TF.tsv
352	b_cells	BCL11A	0.36363636363636365	30	30	30	10	bd-rhap-rep1-X/regulons_30_TF.tsv vs 10x-rep1-kallisto-cellbender-X/regulons_30_TF.tsv	bd-rhap-rep1-X/regulons_30_TF.tsv	10x-rep1-kallisto-cellbender-X/regulons_30_TF.tsv
353	DC	IRF8	0.3333333333333333	30	30	30	10	bd-rhap-rep1-X/regulons_30_TF.tsv vs 10x-rep1-kallisto-cellbender-X/regulons_30_TF.tsv	bd-rhap-rep1-X/regulons_30_TF.tsv	10x-rep1-kallisto-cellbender-X/regulons_30_TF.tsv
354	DC	ID2	0.07142857142857142	30	30	30	10	bd-rhap-rep1-X/regulons_30_TF.tsv vs 10x-rep1-kallisto-cellbender-X/regulons_30_TF.tsv	bd-rhap-rep1-X/regulons_30_TF.tsv	10x-rep1-kallisto-cellbender-X/regulons_30_TF.tsv
355	b_cells	TCF4	0.2765957446808511	30	30	30	10	bd-rhap-rep1-X/regulons_30_TF.tsv vs 10x-rep1-kallisto-cellbender-X/regulons_30_TF.tsv	bd-rhap-rep1-X/regulons_30_TF.tsv	10x-rep1-kallisto-cellbender-X/regulons_30_TF.tsv
356	cd8+_tcells	RUNX3	0.1320754716981132	30	30	30	10	bd-rhap-rep2-X/regulons_30_TF.tsv vs 10x-rep1-kallisto-cellbender-X/regulons_30_TF.tsv	bd-rhap-rep2-X/regulons_30_TF.tsv	10x-rep1-kallisto-cellbender-X/regulons_30_TF.tsv
357	cd8+_tcells	ID2	0.17647058823529413	30	30	30	10	bd-rhap-rep2-X/regulons_30_TF.tsv vs 10x-rep1-kallisto-cellbender-X/regulons_30_TF.tsv	bd-rhap-rep2-X/regulons_30_TF.tsv	10x-rep1-kallisto-cellbender-X/regulons_30_TF.tsv
358	nk_cells	ETS1	0.2	30	30	30	10	bd-rhap-rep2-X/regulons_30_TF.tsv vs 10x-rep1-kallisto-cellbender-X/regulons_30_TF.tsv	bd-rhap-rep2-X/regulons_30_TF.tsv	10x-rep1-kallisto-cellbender-X/regulons_30_TF.tsv
359	nk_cells	TFDP2	0.30434782608695654	30	30	30	10	bd-rhap-rep2-X/regulons_30_TF.tsv vs 10x-rep1-kallisto-cellbender-X/regulons_30_TF.tsv	bd-rhap-rep2-X/regulons_30_TF.tsv	10x-rep1-kallisto-cellbender-X/regulons_30_TF.tsv
360	pDC	IRF8	0.4634146341463415	30	30	30	10	bd-rhap-rep2-X/regulons_30_TF.tsv vs 10x-rep1-kallisto-cellbender-X/regulons_30_TF.tsv	bd-rhap-rep2-X/regulons_30_TF.tsv	10x-rep1-kallisto-cellbender-X/regulons_30_TF.tsv
361	cd8+_tcells	BTG2	0.15384615384615385	30	30	30	10	bd-rhap-rep2-X/regulons_30_TF.tsv vs 10x-rep1-kallisto-cellbender-X/regulons_30_TF.tsv	bd-rhap-rep2-X/regulons_30_TF.tsv	10x-rep1-kallisto-cellbender-X/regulons_30_TF.tsv
362	cd14+_monocytes	SOX4	0.22448979591836735	30	30	30	10	bd-rhap-rep2-X/regulons_30_TF.tsv vs 10x-rep1-kallisto-cellbender-X/regulons_30_TF.tsv	bd-rhap-rep2-X/regulons_30_TF.tsv	10x-rep1-kallisto-cellbender-X/regulons_30_TF.tsv
363	b_cells	IRF8	0.17647058823529413	30	30	30	10	bd-rhap-rep2-X/regulons_30_TF.tsv vs 10x-rep1-kallisto-cellbender-X/regulons_30_TF.tsv	bd-rhap-rep2-X/regulons_30_TF.tsv	10x-rep1-kallisto-cellbender-X/regulons_30_TF.tsv
364	pDC	BCL11A	0.36363636363636365	30	30	30	10	bd-rhap-rep2-X/regulons_30_TF.tsv vs 10x-rep1-kallisto-cellbender-X/regulons_30_TF.tsv	bd-rhap-rep2-X/regulons_30_TF.tsv	10x-rep1-kallisto-cellbender-X/regulons_30_TF.tsv
365	pDC	TCF4	0.3333333333333333	30	30	30	10	bd-rhap-rep2-X/regulons_30_TF.tsv vs 10x-rep1-kallisto-cellbender-X/regulons_30_TF.tsv	bd-rhap-rep2-X/regulons_30_TF.tsv	10x-rep1-kallisto-cellbender-X/regulons_30_TF.tsv
366	nk_cells	RUNX3	0.22448979591836735	30	30	30	10	bd-rhap-rep2-X/regulons_30_TF.tsv vs 10x-rep1-kallisto-cellbender-X/regulons_30_TF.tsv	bd-rhap-rep2-X/regulons_30_TF.tsv	10x-rep1-kallisto-cellbender-X/regulons_30_TF.tsv
367	cd14-_monocytes	NR4A1	0.07142857142857142	30	30	30	10	bd-rhap-rep2-X/regulons_30_TF.tsv vs 10x-rep1-kallisto-cellbender-X/regulons_30_TF.tsv	bd-rhap-rep2-X/regulons_30_TF.tsv	10x-rep1-kallisto-cellbender-X/regulons_30_TF.tsv
368	cd14+_monocytes	ID2	0.2	30	30	30	10	bd-rhap-rep2-X/regulons_30_TF.tsv vs 10x-rep1-kallisto-cellbender-X/regulons_30_TF.tsv	bd-rhap-rep2-X/regulons_30_TF.tsv	10x-rep1-kallisto-cellbender-X/regulons_30_TF.tsv
369	b_cells	BCL11A	0.3333333333333333	30	30	30	10	bd-rhap-rep2-X/regulons_30_TF.tsv vs 10x-rep1-kallisto-cellbender-X/regulons_30_TF.tsv	bd-rhap-rep2-X/regulons_30_TF.tsv	10x-rep1-kallisto-cellbender-X/regulons_30_TF.tsv
370	cd4+_tcells	LEF1	0.1320754716981132	30	30	30	10	bd-rhap-rep2-X/regulons_30_TF.tsv vs 10x-rep1-kallisto-cellbender-X/regulons_30_TF.tsv	bd-rhap-rep2-X/regulons_30_TF.tsv	10x-rep1-kallisto-cellbender-X/regulons_30_TF.tsv
371	nk_cells	ID2	0.17647058823529413	30	30	30	10	bd-rhap-rep2-X/regulons_30_TF.tsv vs 10x-rep1-kallisto-cellbender-X/regulons_30_TF.tsv	bd-rhap-rep2-X/regulons_30_TF.tsv	10x-rep1-kallisto-cellbender-X/regulons_30_TF.tsv
372	DC	ID2	0.1111111111111111	30	30	30	10	bd-rhap-rep2-X/regulons_30_TF.tsv vs 10x-rep1-kallisto-cellbender-X/regulons_30_TF.tsv	bd-rhap-rep2-X/regulons_30_TF.tsv	10x-rep1-kallisto-cellbender-X/regulons_30_TF.tsv
373	b_cells	TCF4	0.2765957446808511	30	30	30	10	bd-rhap-rep2-X/regulons_30_TF.tsv vs 10x-rep1-kallisto-cellbender-X/regulons_30_TF.tsv	bd-rhap-rep2-X/regulons_30_TF.tsv	10x-rep1-kallisto-cellbender-X/regulons_30_TF.tsv
374	b_cells	SP140	0.30434782608695654	30	30	30	10	bd-rhap-rep2-X/regulons_30_TF.tsv vs 10x-rep1-kallisto-cellbender-X/regulons_30_TF.tsv	bd-rhap-rep2-X/regulons_30_TF.tsv	10x-rep1-kallisto-cellbender-X/regulons_30_TF.tsv
375	cd4+_tcells	TCF12	0.1	40	15	40	10	bd-rhap-rep1-X/regulons_40_TF.tsv vs bd-rhap-rep2-X/regulons_40_TF.tsv	bd-rhap-rep1-X/regulons_40_TF.tsv	bd-rhap-rep2-X/regulons_40_TF.tsv
376	nk_cells	RUNX1	0.3793103448275862	40	40	40	10	bd-rhap-rep1-X/regulons_40_TF.tsv vs bd-rhap-rep2-X/regulons_40_TF.tsv	bd-rhap-rep1-X/regulons_40_TF.tsv	bd-rhap-rep2-X/regulons_40_TF.tsv
377	pDC	FOXP1	0.45454545454545453	40	40	40	10	bd-rhap-rep1-X/regulons_40_TF.tsv vs bd-rhap-rep2-X/regulons_40_TF.tsv	bd-rhap-rep1-X/regulons_40_TF.tsv	bd-rhap-rep2-X/regulons_40_TF.tsv
378	b_cells	HDAC9	0.45454545454545453	40	40	40	10	bd-rhap-rep1-X/regulons_40_TF.tsv vs bd-rhap-rep2-X/regulons_40_TF.tsv	bd-rhap-rep1-X/regulons_40_TF.tsv	bd-rhap-rep2-X/regulons_40_TF.tsv
379	DC	BCL11A	0.6326530612244898	40	40	40	10	bd-rhap-rep1-X/regulons_40_TF.tsv vs bd-rhap-rep2-X/regulons_40_TF.tsv	bd-rhap-rep1-X/regulons_40_TF.tsv	bd-rhap-rep2-X/regulons_40_TF.tsv
380	cd8+_tcells	ID2	0.3793103448275862	40	40	40	10	bd-rhap-rep1-X/regulons_40_TF.tsv vs bd-rhap-rep2-X/regulons_40_TF.tsv	bd-rhap-rep1-X/regulons_40_TF.tsv	bd-rhap-rep2-X/regulons_40_TF.tsv
381	cd4+_tcells	ID2	0.3114754098360656	40	40	40	10	bd-rhap-rep1-X/regulons_40_TF.tsv vs bd-rhap-rep2-X/regulons_40_TF.tsv	bd-rhap-rep1-X/regulons_40_TF.tsv	bd-rhap-rep2-X/regulons_40_TF.tsv
382	cd14+_monocytes	HDAC9	0.48148148148148145	40	40	40	10	bd-rhap-rep1-X/regulons_40_TF.tsv vs bd-rhap-rep2-X/regulons_40_TF.tsv	bd-rhap-rep1-X/regulons_40_TF.tsv	bd-rhap-rep2-X/regulons_40_TF.tsv
383	pDC	RUNX2	0.5686274509803921	40	40	40	10	bd-rhap-rep1-X/regulons_40_TF.tsv vs bd-rhap-rep2-X/regulons_40_TF.tsv	bd-rhap-rep1-X/regulons_40_TF.tsv	bd-rhap-rep2-X/regulons_40_TF.tsv
384	pDC	IRF8	0.7021276595744681	40	40	40	10	bd-rhap-rep1-X/regulons_40_TF.tsv vs bd-rhap-rep2-X/regulons_40_TF.tsv	bd-rhap-rep1-X/regulons_40_TF.tsv	bd-rhap-rep2-X/regulons_40_TF.tsv
385	cd14+_monocytes	TRPS1	0.48148148148148145	40	40	40	10	bd-rhap-rep1-X/regulons_40_TF.tsv vs bd-rhap-rep2-X/regulons_40_TF.tsv	bd-rhap-rep1-X/regulons_40_TF.tsv	bd-rhap-rep2-X/regulons_40_TF.tsv
386	nk_cells	NFATC2	0.5384615384615384	40	40	40	10	bd-rhap-rep1-X/regulons_40_TF.tsv vs bd-rhap-rep2-X/regulons_40_TF.tsv	bd-rhap-rep1-X/regulons_40_TF.tsv	bd-rhap-rep2-X/regulons_40_TF.tsv
387	cd14-_monocytes	HDAC9	0.25	40	40	40	10	bd-rhap-rep1-X/regulons_40_TF.tsv vs bd-rhap-rep2-X/regulons_40_TF.tsv	bd-rhap-rep1-X/regulons_40_TF.tsv	bd-rhap-rep2-X/regulons_40_TF.tsv
388	cd4+_tcells	RUNX1	0.23076923076923078	40	40	40	10	bd-rhap-rep1-X/regulons_40_TF.tsv vs bd-rhap-rep2-X/regulons_40_TF.tsv	bd-rhap-rep1-X/regulons_40_TF.tsv	bd-rhap-rep2-X/regulons_40_TF.tsv
389	b_cells	RUNX3	0.3333333333333333	40	40	40	10	bd-rhap-rep1-X/regulons_40_TF.tsv vs bd-rhap-rep2-X/regulons_40_TF.tsv	bd-rhap-rep1-X/regulons_40_TF.tsv	bd-rhap-rep2-X/regulons_40_TF.tsv
390	cd8+_tcells	KLF12	0.6326530612244898	40	40	40	10	bd-rhap-rep1-X/regulons_40_TF.tsv vs bd-rhap-rep2-X/regulons_40_TF.tsv	bd-rhap-rep1-X/regulons_40_TF.tsv	bd-rhap-rep2-X/regulons_40_TF.tsv
391	b_cells	IRF8	0.48148148148148145	40	40	40	10	bd-rhap-rep1-X/regulons_40_TF.tsv vs bd-rhap-rep2-X/regulons_40_TF.tsv	bd-rhap-rep1-X/regulons_40_TF.tsv	bd-rhap-rep2-X/regulons_40_TF.tsv
392	cd4+_tcells	MAX	0.3559322033898305	40	40	40	10	bd-rhap-rep1-X/regulons_40_TF.tsv vs bd-rhap-rep2-X/regulons_40_TF.tsv	bd-rhap-rep1-X/regulons_40_TF.tsv	bd-rhap-rep2-X/regulons_40_TF.tsv
393	DC	FOXP1	0.42857142857142855	40	40	40	10	bd-rhap-rep1-X/regulons_40_TF.tsv vs bd-rhap-rep2-X/regulons_40_TF.tsv	bd-rhap-rep1-X/regulons_40_TF.tsv	bd-rhap-rep2-X/regulons_40_TF.tsv
394	cd14+_monocytes	ZBTB20	0.3559322033898305	40	40	40	10	bd-rhap-rep1-X/regulons_40_TF.tsv vs bd-rhap-rep2-X/regulons_40_TF.tsv	bd-rhap-rep1-X/regulons_40_TF.tsv	bd-rhap-rep2-X/regulons_40_TF.tsv
395	cd14+_monocytes	RUNX3	0.48148148148148145	40	40	40	10	bd-rhap-rep1-X/regulons_40_TF.tsv vs bd-rhap-rep2-X/regulons_40_TF.tsv	bd-rhap-rep1-X/regulons_40_TF.tsv	bd-rhap-rep2-X/regulons_40_TF.tsv
396	DC	FOSB	0.3793103448275862	40	40	40	10	bd-rhap-rep1-X/regulons_40_TF.tsv vs bd-rhap-rep2-X/regulons_40_TF.tsv	bd-rhap-rep1-X/regulons_40_TF.tsv	bd-rhap-rep2-X/regulons_40_TF.tsv
397	pDC	BCL11A	0.7021276595744681	40	40	40	10	bd-rhap-rep1-X/regulons_40_TF.tsv vs bd-rhap-rep2-X/regulons_40_TF.tsv	bd-rhap-rep1-X/regulons_40_TF.tsv	bd-rhap-rep2-X/regulons_40_TF.tsv
398	cd14-_monocytes	ZBTB20	0.5384615384615384	40	40	40	10	bd-rhap-rep1-X/regulons_40_TF.tsv vs bd-rhap-rep2-X/regulons_40_TF.tsv	bd-rhap-rep1-X/regulons_40_TF.tsv	bd-rhap-rep2-X/regulons_40_TF.tsv
399	cd14+_monocytes	TCF12	0.45454545454545453	40	40	40	10	bd-rhap-rep1-X/regulons_40_TF.tsv vs bd-rhap-rep2-X/regulons_40_TF.tsv	bd-rhap-rep1-X/regulons_40_TF.tsv	bd-rhap-rep2-X/regulons_40_TF.tsv
400	cd14-_monocytes	SETBP1	0.40350877192982454	40	40	40	10	bd-rhap-rep1-X/regulons_40_TF.tsv vs bd-rhap-rep2-X/regulons_40_TF.tsv	bd-rhap-rep1-X/regulons_40_TF.tsv	bd-rhap-rep2-X/regulons_40_TF.tsv
401	cd14+_monocytes	NR4A1	0.45454545454545453	40	40	40	10	bd-rhap-rep1-X/regulons_40_TF.tsv vs bd-rhap-rep2-X/regulons_40_TF.tsv	bd-rhap-rep1-X/regulons_40_TF.tsv	bd-rhap-rep2-X/regulons_40_TF.tsv
402	cd14-_monocytes	RUNX3	0.48148148148148145	40	40	40	10	bd-rhap-rep1-X/regulons_40_TF.tsv vs bd-rhap-rep2-X/regulons_40_TF.tsv	bd-rhap-rep1-X/regulons_40_TF.tsv	bd-rhap-rep2-X/regulons_40_TF.tsv
403	cd8+_tcells	NFATC2	0.40350877192982454	40	40	40	10	bd-rhap-rep1-X/regulons_40_TF.tsv vs bd-rhap-rep2-X/regulons_40_TF.tsv	bd-rhap-rep1-X/regulons_40_TF.tsv	bd-rhap-rep2-X/regulons_40_TF.tsv
404	cd14-_monocytes	NR4A1	0.3793103448275862	40	40	40	10	bd-rhap-rep1-X/regulons_40_TF.tsv vs bd-rhap-rep2-X/regulons_40_TF.tsv	bd-rhap-rep1-X/regulons_40_TF.tsv	bd-rhap-rep2-X/regulons_40_TF.tsv
405	b_cells	BCL11A	0.6326530612244898	40	40	40	10	bd-rhap-rep1-X/regulons_40_TF.tsv vs bd-rhap-rep2-X/regulons_40_TF.tsv	bd-rhap-rep1-X/regulons_40_TF.tsv	bd-rhap-rep2-X/regulons_40_TF.tsv
406	DC	IRF8	0.48148148148148145	40	40	40	10	bd-rhap-rep1-X/regulons_40_TF.tsv vs bd-rhap-rep2-X/regulons_40_TF.tsv	bd-rhap-rep1-X/regulons_40_TF.tsv	bd-rhap-rep2-X/regulons_40_TF.tsv
407	pDC	HDAC9	0.6	40	40	40	10	bd-rhap-rep1-X/regulons_40_TF.tsv vs bd-rhap-rep2-X/regulons_40_TF.tsv	bd-rhap-rep1-X/regulons_40_TF.tsv	bd-rhap-rep2-X/regulons_40_TF.tsv
408	cd4+_tcells	TRERF1	0.3333333333333333	40	40	40	10	bd-rhap-rep1-X/regulons_40_TF.tsv vs bd-rhap-rep2-X/regulons_40_TF.tsv	bd-rhap-rep1-X/regulons_40_TF.tsv	bd-rhap-rep2-X/regulons_40_TF.tsv
409	DC	ID2	0.45454545454545453	40	40	40	10	bd-rhap-rep1-X/regulons_40_TF.tsv vs bd-rhap-rep2-X/regulons_40_TF.tsv	bd-rhap-rep1-X/regulons_40_TF.tsv	bd-rhap-rep2-X/regulons_40_TF.tsv
410	b_cells	TCF4	0.5384615384615384	40	40	40	10	bd-rhap-rep1-X/regulons_40_TF.tsv vs bd-rhap-rep2-X/regulons_40_TF.tsv	bd-rhap-rep1-X/regulons_40_TF.tsv	bd-rhap-rep2-X/regulons_40_TF.tsv
411	cd14+_monocytes	RUNX1	0.42857142857142855	40	40	40	10	bd-rhap-rep1-X/regulons_40_TF.tsv vs bd-rhap-rep2-X/regulons_40_TF.tsv	bd-rhap-rep1-X/regulons_40_TF.tsv	bd-rhap-rep2-X/regulons_40_TF.tsv
412	DC	FOS	0.1111111111111111	40	40	40	10	bd-rhap-rep1-X/regulons_40_TF.tsv vs 10x-rep1-kallisto-cellbender-X/regulons_40_TF.tsv	bd-rhap-rep1-X/regulons_40_TF.tsv	10x-rep1-kallisto-cellbender-X/regulons_40_TF.tsv
413	nk_cells	CEBPD	0.17647058823529413	40	40	40	10	bd-rhap-rep1-X/regulons_40_TF.tsv vs 10x-rep1-kallisto-cellbender-X/regulons_40_TF.tsv	bd-rhap-rep1-X/regulons_40_TF.tsv	10x-rep1-kallisto-cellbender-X/regulons_40_TF.tsv
414	cd14-_monocytes	CEBPD	0.2903225806451613	40	40	40	10	bd-rhap-rep1-X/regulons_40_TF.tsv vs 10x-rep1-kallisto-cellbender-X/regulons_40_TF.tsv	bd-rhap-rep1-X/regulons_40_TF.tsv	10x-rep1-kallisto-cellbender-X/regulons_40_TF.tsv
415	DC	LMO4	0.2698412698412698	40	40	40	10	bd-rhap-rep1-X/regulons_40_TF.tsv vs 10x-rep1-kallisto-cellbender-X/regulons_40_TF.tsv	bd-rhap-rep1-X/regulons_40_TF.tsv	10x-rep1-kallisto-cellbender-X/regulons_40_TF.tsv
416	pDC	IRF8	0.45454545454545453	40	40	40	10	bd-rhap-rep1-X/regulons_40_TF.tsv vs 10x-rep1-kallisto-cellbender-X/regulons_40_TF.tsv	bd-rhap-rep1-X/regulons_40_TF.tsv	10x-rep1-kallisto-cellbender-X/regulons_40_TF.tsv
417	b_cells	IRF8	0.25	40	40	40	10	bd-rhap-rep1-X/regulons_40_TF.tsv vs 10x-rep1-kallisto-cellbender-X/regulons_40_TF.tsv	bd-rhap-rep1-X/regulons_40_TF.tsv	10x-rep1-kallisto-cellbender-X/regulons_40_TF.tsv
418	pDC	HMGB2	0.02564102564102564	40	40	40	10	bd-rhap-rep1-X/regulons_40_TF.tsv vs 10x-rep1-kallisto-cellbender-X/regulons_40_TF.tsv	bd-rhap-rep1-X/regulons_40_TF.tsv	10x-rep1-kallisto-cellbender-X/regulons_40_TF.tsv
419	b_cells	BCL11A	0.2698412698412698	40	40	40	10	bd-rhap-rep1-X/regulons_40_TF.tsv vs 10x-rep1-kallisto-cellbender-X/regulons_40_TF.tsv	bd-rhap-rep1-X/regulons_40_TF.tsv	10x-rep1-kallisto-cellbender-X/regulons_40_TF.tsv
420	pDC	BCL11A	0.3559322033898305	40	40	40	10	bd-rhap-rep1-X/regulons_40_TF.tsv vs 10x-rep1-kallisto-cellbender-X/regulons_40_TF.tsv	bd-rhap-rep1-X/regulons_40_TF.tsv	10x-rep1-kallisto-cellbender-X/regulons_40_TF.tsv
421	DC	BCL11A	0.21212121212121213	40	40	40	10	bd-rhap-rep1-X/regulons_40_TF.tsv vs 10x-rep1-kallisto-cellbender-X/regulons_40_TF.tsv	bd-rhap-rep1-X/regulons_40_TF.tsv	10x-rep1-kallisto-cellbender-X/regulons_40_TF.tsv
422	DC	TLE5	0.19402985074626866	40	40	40	10	bd-rhap-rep1-X/regulons_40_TF.tsv vs 10x-rep1-kallisto-cellbender-X/regulons_40_TF.tsv	bd-rhap-rep1-X/regulons_40_TF.tsv	10x-rep1-kallisto-cellbender-X/regulons_40_TF.tsv
423	cd4+_tcells	TLE5	0.3793103448275862	40	40	40	10	bd-rhap-rep1-X/regulons_40_TF.tsv vs 10x-rep1-kallisto-cellbender-X/regulons_40_TF.tsv	bd-rhap-rep1-X/regulons_40_TF.tsv	10x-rep1-kallisto-cellbender-X/regulons_40_TF.tsv
424	DC	ID2	0.1111111111111111	40	40	40	10	bd-rhap-rep1-X/regulons_40_TF.tsv vs 10x-rep1-kallisto-cellbender-X/regulons_40_TF.tsv	bd-rhap-rep1-X/regulons_40_TF.tsv	10x-rep1-kallisto-cellbender-X/regulons_40_TF.tsv
425	cd8+_tcells	ID2	0.15942028985507245	40	40	40	10	bd-rhap-rep1-X/regulons_40_TF.tsv vs 10x-rep1-kallisto-cellbender-X/regulons_40_TF.tsv	bd-rhap-rep1-X/regulons_40_TF.tsv	10x-rep1-kallisto-cellbender-X/regulons_40_TF.tsv
426	b_cells	TCF4	0.19402985074626866	40	40	40	10	bd-rhap-rep1-X/regulons_40_TF.tsv vs 10x-rep1-kallisto-cellbender-X/regulons_40_TF.tsv	bd-rhap-rep1-X/regulons_40_TF.tsv	10x-rep1-kallisto-cellbender-X/regulons_40_TF.tsv
427	cd14+_monocytes	CEBPD	0.2903225806451613	40	40	40	10	bd-rhap-rep1-X/regulons_40_TF.tsv vs 10x-rep1-kallisto-cellbender-X/regulons_40_TF.tsv	bd-rhap-rep1-X/regulons_40_TF.tsv	10x-rep1-kallisto-cellbender-X/regulons_40_TF.tsv
428	cd14-_monocytes	NR4A1	0.15942028985507245	40	40	40	10	bd-rhap-rep1-X/regulons_40_TF.tsv vs 10x-rep1-kallisto-cellbender-X/regulons_40_TF.tsv	bd-rhap-rep1-X/regulons_40_TF.tsv	10x-rep1-kallisto-cellbender-X/regulons_40_TF.tsv
429	cd8+_tcells	RUNX3	0.21212121212121213	40	40	40	10	bd-rhap-rep2-X/regulons_40_TF.tsv vs 10x-rep1-kallisto-cellbender-X/regulons_40_TF.tsv	bd-rhap-rep2-X/regulons_40_TF.tsv	10x-rep1-kallisto-cellbender-X/regulons_40_TF.tsv
430	nk_cells	RUNX3	0.23076923076923078	40	40	40	10	bd-rhap-rep2-X/regulons_40_TF.tsv vs 10x-rep1-kallisto-cellbender-X/regulons_40_TF.tsv	bd-rhap-rep2-X/regulons_40_TF.tsv	10x-rep1-kallisto-cellbender-X/regulons_40_TF.tsv
431	cd14+_monocytes	ID2	0.17647058823529413	40	40	40	10	bd-rhap-rep2-X/regulons_40_TF.tsv vs 10x-rep1-kallisto-cellbender-X/regulons_40_TF.tsv	bd-rhap-rep2-X/regulons_40_TF.tsv	10x-rep1-kallisto-cellbender-X/regulons_40_TF.tsv
432	pDC	IRF8	0.40350877192982454	40	40	40	10	bd-rhap-rep2-X/regulons_40_TF.tsv vs 10x-rep1-kallisto-cellbender-X/regulons_40_TF.tsv	bd-rhap-rep2-X/regulons_40_TF.tsv	10x-rep1-kallisto-cellbender-X/regulons_40_TF.tsv
433	b_cells	IRF8	0.15942028985507245	40	40	40	10	bd-rhap-rep2-X/regulons_40_TF.tsv vs 10x-rep1-kallisto-cellbender-X/regulons_40_TF.tsv	bd-rhap-rep2-X/regulons_40_TF.tsv	10x-rep1-kallisto-cellbender-X/regulons_40_TF.tsv
434	b_cells	BCL11A	0.25	40	40	40	10	bd-rhap-rep2-X/regulons_40_TF.tsv vs 10x-rep1-kallisto-cellbender-X/regulons_40_TF.tsv	bd-rhap-rep2-X/regulons_40_TF.tsv	10x-rep1-kallisto-cellbender-X/regulons_40_TF.tsv
435	cd8+_tcells	BTG2	0.15942028985507245	40	40	40	10	bd-rhap-rep2-X/regulons_40_TF.tsv vs 10x-rep1-kallisto-cellbender-X/regulons_40_TF.tsv	bd-rhap-rep2-X/regulons_40_TF.tsv	10x-rep1-kallisto-cellbender-X/regulons_40_TF.tsv
436	cd4+_tcells	LEF1	0.14285714285714285	40	40	40	10	bd-rhap-rep2-X/regulons_40_TF.tsv vs 10x-rep1-kallisto-cellbender-X/regulons_40_TF.tsv	bd-rhap-rep2-X/regulons_40_TF.tsv	10x-rep1-kallisto-cellbender-X/regulons_40_TF.tsv
437	cd14+_monocytes	SOX4	0.17647058823529413	40	40	40	10	bd-rhap-rep2-X/regulons_40_TF.tsv vs 10x-rep1-kallisto-cellbender-X/regulons_40_TF.tsv	bd-rhap-rep2-X/regulons_40_TF.tsv	10x-rep1-kallisto-cellbender-X/regulons_40_TF.tsv
438	pDC	BCL11A	0.3114754098360656	40	40	40	10	bd-rhap-rep2-X/regulons_40_TF.tsv vs 10x-rep1-kallisto-cellbender-X/regulons_40_TF.tsv	bd-rhap-rep2-X/regulons_40_TF.tsv	10x-rep1-kallisto-cellbender-X/regulons_40_TF.tsv
439	DC	BCL11A	0.21212121212121213	40	40	40	10	bd-rhap-rep2-X/regulons_40_TF.tsv vs 10x-rep1-kallisto-cellbender-X/regulons_40_TF.tsv	bd-rhap-rep2-X/regulons_40_TF.tsv	10x-rep1-kallisto-cellbender-X/regulons_40_TF.tsv
440	b_cells	TCF4	0.19402985074626866	40	40	40	10	bd-rhap-rep2-X/regulons_40_TF.tsv vs 10x-rep1-kallisto-cellbender-X/regulons_40_TF.tsv	bd-rhap-rep2-X/regulons_40_TF.tsv	10x-rep1-kallisto-cellbender-X/regulons_40_TF.tsv
441	DC	ID2	0.1111111111111111	40	40	40	10	bd-rhap-rep2-X/regulons_40_TF.tsv vs 10x-rep1-kallisto-cellbender-X/regulons_40_TF.tsv	bd-rhap-rep2-X/regulons_40_TF.tsv	10x-rep1-kallisto-cellbender-X/regulons_40_TF.tsv
442	cd8+_tcells	ID2	0.17647058823529413	40	40	40	10	bd-rhap-rep2-X/regulons_40_TF.tsv vs 10x-rep1-kallisto-cellbender-X/regulons_40_TF.tsv	bd-rhap-rep2-X/regulons_40_TF.tsv	10x-rep1-kallisto-cellbender-X/regulons_40_TF.tsv
443	pDC	TCF4	0.3333333333333333	40	40	40	10	bd-rhap-rep2-X/regulons_40_TF.tsv vs 10x-rep1-kallisto-cellbender-X/regulons_40_TF.tsv	bd-rhap-rep2-X/regulons_40_TF.tsv	10x-rep1-kallisto-cellbender-X/regulons_40_TF.tsv
444	nk_cells	ETS1	0.2698412698412698	40	40	40	10	bd-rhap-rep2-X/regulons_40_TF.tsv vs 10x-rep1-kallisto-cellbender-X/regulons_40_TF.tsv	bd-rhap-rep2-X/regulons_40_TF.tsv	10x-rep1-kallisto-cellbender-X/regulons_40_TF.tsv
445	cd14-_monocytes	NR4A1	0.1111111111111111	40	40	40	10	bd-rhap-rep2-X/regulons_40_TF.tsv vs 10x-rep1-kallisto-cellbender-X/regulons_40_TF.tsv	bd-rhap-rep2-X/regulons_40_TF.tsv	10x-rep1-kallisto-cellbender-X/regulons_40_TF.tsv
446	b_cells	SP140	0.23076923076923078	40	40	40	10	bd-rhap-rep2-X/regulons_40_TF.tsv vs 10x-rep1-kallisto-cellbender-X/regulons_40_TF.tsv	bd-rhap-rep2-X/regulons_40_TF.tsv	10x-rep1-kallisto-cellbender-X/regulons_40_TF.tsv
447	cd4+_tcells	TCF12	0.08333333333333333	50	15	50	10	bd-rhap-rep1-X/regulons_50_TF.tsv vs bd-rhap-rep2-X/regulons_50_TF.tsv	bd-rhap-rep1-X/regulons_50_TF.tsv	bd-rhap-rep2-X/regulons_50_TF.tsv
448	nk_cells	RUNX1	0.4084507042253521	50	50	50	10	bd-rhap-rep1-X/regulons_50_TF.tsv vs bd-rhap-rep2-X/regulons_50_TF.tsv	bd-rhap-rep1-X/regulons_50_TF.tsv	bd-rhap-rep2-X/regulons_50_TF.tsv
449	pDC	FOXP1	0.4492753623188406	50	50	50	10	bd-rhap-rep1-X/regulons_50_TF.tsv vs bd-rhap-rep2-X/regulons_50_TF.tsv	bd-rhap-rep1-X/regulons_50_TF.tsv	bd-rhap-rep2-X/regulons_50_TF.tsv
450	b_cells	HDAC9	0.47058823529411764	50	50	50	10	bd-rhap-rep1-X/regulons_50_TF.tsv vs bd-rhap-rep2-X/regulons_50_TF.tsv	bd-rhap-rep1-X/regulons_50_TF.tsv	bd-rhap-rep2-X/regulons_50_TF.tsv
451	DC	BCL11A	0.5384615384615384	50	50	50	10	bd-rhap-rep1-X/regulons_50_TF.tsv vs bd-rhap-rep2-X/regulons_50_TF.tsv	bd-rhap-rep1-X/regulons_50_TF.tsv	bd-rhap-rep2-X/regulons_50_TF.tsv
452	cd8+_tcells	ID2	0.3698630136986301	50	50	50	10	bd-rhap-rep1-X/regulons_50_TF.tsv vs bd-rhap-rep2-X/regulons_50_TF.tsv	bd-rhap-rep1-X/regulons_50_TF.tsv	bd-rhap-rep2-X/regulons_50_TF.tsv
453	cd14+_monocytes	HDAC9	0.5151515151515151	50	50	50	10	bd-rhap-rep1-X/regulons_50_TF.tsv vs bd-rhap-rep2-X/regulons_50_TF.tsv	bd-rhap-rep1-X/regulons_50_TF.tsv	bd-rhap-rep2-X/regulons_50_TF.tsv
454	pDC	IRF8	0.639344262295082	50	50	50	10	bd-rhap-rep1-X/regulons_50_TF.tsv vs bd-rhap-rep2-X/regulons_50_TF.tsv	bd-rhap-rep1-X/regulons_50_TF.tsv	bd-rhap-rep2-X/regulons_50_TF.tsv
455	nk_cells	NFATC2	0.5873015873015873	50	50	50	10	bd-rhap-rep1-X/regulons_50_TF.tsv vs bd-rhap-rep2-X/regulons_50_TF.tsv	bd-rhap-rep1-X/regulons_50_TF.tsv	bd-rhap-rep2-X/regulons_50_TF.tsv
456	cd14-_monocytes	HDAC9	0.25	50	50	50	10	bd-rhap-rep1-X/regulons_50_TF.tsv vs bd-rhap-rep2-X/regulons_50_TF.tsv	bd-rhap-rep1-X/regulons_50_TF.tsv	bd-rhap-rep2-X/regulons_50_TF.tsv
457	DC	HDAC9	0.639344262295082	50	50	50	10	bd-rhap-rep1-X/regulons_50_TF.tsv vs bd-rhap-rep2-X/regulons_50_TF.tsv	bd-rhap-rep1-X/regulons_50_TF.tsv	bd-rhap-rep2-X/regulons_50_TF.tsv
458	cd4+_tcells	RUNX1	0.26582278481012656	50	50	50	10	bd-rhap-rep1-X/regulons_50_TF.tsv vs bd-rhap-rep2-X/regulons_50_TF.tsv	bd-rhap-rep1-X/regulons_50_TF.tsv	bd-rhap-rep2-X/regulons_50_TF.tsv
459	b_cells	RUNX3	0.4492753623188406	50	50	50	10	bd-rhap-rep1-X/regulons_50_TF.tsv vs bd-rhap-rep2-X/regulons_50_TF.tsv	bd-rhap-rep1-X/regulons_50_TF.tsv	bd-rhap-rep2-X/regulons_50_TF.tsv
460	cd14-_monocytes	FOSB	0.4492753623188406	50	50	50	10	bd-rhap-rep1-X/regulons_50_TF.tsv vs bd-rhap-rep2-X/regulons_50_TF.tsv	bd-rhap-rep1-X/regulons_50_TF.tsv	bd-rhap-rep2-X/regulons_50_TF.tsv
461	b_cells	IRF8	0.5384615384615384	50	50	50	10	bd-rhap-rep1-X/regulons_50_TF.tsv vs bd-rhap-rep2-X/regulons_50_TF.tsv	bd-rhap-rep1-X/regulons_50_TF.tsv	bd-rhap-rep2-X/regulons_50_TF.tsv
462	cd4+_tcells	MAX	0.42857142857142855	50	50	50	10	bd-rhap-rep1-X/regulons_50_TF.tsv vs bd-rhap-rep2-X/regulons_50_TF.tsv	bd-rhap-rep1-X/regulons_50_TF.tsv	bd-rhap-rep2-X/regulons_50_TF.tsv
463	DC	FOXP1	0.3698630136986301	50	50	50	10	bd-rhap-rep1-X/regulons_50_TF.tsv vs bd-rhap-rep2-X/regulons_50_TF.tsv	bd-rhap-rep1-X/regulons_50_TF.tsv	bd-rhap-rep2-X/regulons_50_TF.tsv
464	cd14+_monocytes	RUNX3	0.5151515151515151	50	50	50	10	bd-rhap-rep1-X/regulons_50_TF.tsv vs bd-rhap-rep2-X/regulons_50_TF.tsv	bd-rhap-rep1-X/regulons_50_TF.tsv	bd-rhap-rep2-X/regulons_50_TF.tsv
465	DC	FOSB	0.4492753623188406	50	50	50	10	bd-rhap-rep1-X/regulons_50_TF.tsv vs bd-rhap-rep2-X/regulons_50_TF.tsv	bd-rhap-rep1-X/regulons_50_TF.tsv	bd-rhap-rep2-X/regulons_50_TF.tsv
466	pDC	BCL11A	0.639344262295082	50	50	50	10	bd-rhap-rep1-X/regulons_50_TF.tsv vs bd-rhap-rep2-X/regulons_50_TF.tsv	bd-rhap-rep1-X/regulons_50_TF.tsv	bd-rhap-rep2-X/regulons_50_TF.tsv
467	cd14-_monocytes	ZBTB20	0.47058823529411764	50	50	50	10	bd-rhap-rep1-X/regulons_50_TF.tsv vs bd-rhap-rep2-X/regulons_50_TF.tsv	bd-rhap-rep1-X/regulons_50_TF.tsv	bd-rhap-rep2-X/regulons_50_TF.tsv
468	cd14+_monocytes	IRF7	0.3157894736842105	50	50	50	10	bd-rhap-rep1-X/regulons_50_TF.tsv vs bd-rhap-rep2-X/regulons_50_TF.tsv	bd-rhap-rep1-X/regulons_50_TF.tsv	bd-rhap-rep2-X/regulons_50_TF.tsv
469	cd14-_monocytes	SETBP1	0.4925373134328358	50	50	50	10	bd-rhap-rep1-X/regulons_50_TF.tsv vs bd-rhap-rep2-X/regulons_50_TF.tsv	bd-rhap-rep1-X/regulons_50_TF.tsv	bd-rhap-rep2-X/regulons_50_TF.tsv
470	cd14+_monocytes	NR4A1	0.4925373134328358	50	50	50	10	bd-rhap-rep1-X/regulons_50_TF.tsv vs bd-rhap-rep2-X/regulons_50_TF.tsv	bd-rhap-rep1-X/regulons_50_TF.tsv	bd-rhap-rep2-X/regulons_50_TF.tsv
471	cd8+_tcells	NFATC2	0.4492753623188406	50	50	50	10	bd-rhap-rep1-X/regulons_50_TF.tsv vs bd-rhap-rep2-X/regulons_50_TF.tsv	bd-rhap-rep1-X/regulons_50_TF.tsv	bd-rhap-rep2-X/regulons_50_TF.tsv
472	nk_cells	NFAT5	0.3888888888888889	50	50	50	10	bd-rhap-rep1-X/regulons_50_TF.tsv vs bd-rhap-rep2-X/regulons_50_TF.tsv	bd-rhap-rep1-X/regulons_50_TF.tsv	bd-rhap-rep2-X/regulons_50_TF.tsv
473	cd14-_monocytes	NR4A1	0.4084507042253521	50	50	50	10	bd-rhap-rep1-X/regulons_50_TF.tsv vs bd-rhap-rep2-X/regulons_50_TF.tsv	bd-rhap-rep1-X/regulons_50_TF.tsv	bd-rhap-rep2-X/regulons_50_TF.tsv
474	b_cells	BCL11A	0.6666666666666666	50	50	50	10	bd-rhap-rep1-X/regulons_50_TF.tsv vs bd-rhap-rep2-X/regulons_50_TF.tsv	bd-rhap-rep1-X/regulons_50_TF.tsv	bd-rhap-rep2-X/regulons_50_TF.tsv
475	DC	IRF8	0.5151515151515151	50	50	50	10	bd-rhap-rep1-X/regulons_50_TF.tsv vs bd-rhap-rep2-X/regulons_50_TF.tsv	bd-rhap-rep1-X/regulons_50_TF.tsv	bd-rhap-rep2-X/regulons_50_TF.tsv
476	pDC	HDAC9	0.4925373134328358	50	50	50	10	bd-rhap-rep1-X/regulons_50_TF.tsv vs bd-rhap-rep2-X/regulons_50_TF.tsv	bd-rhap-rep1-X/regulons_50_TF.tsv	bd-rhap-rep2-X/regulons_50_TF.tsv
477	cd4+_tcells	TRERF1	0.3888888888888889	50	50	50	10	bd-rhap-rep1-X/regulons_50_TF.tsv vs bd-rhap-rep2-X/regulons_50_TF.tsv	bd-rhap-rep1-X/regulons_50_TF.tsv	bd-rhap-rep2-X/regulons_50_TF.tsv
478	DC	ID2	0.4084507042253521	50	50	50	10	bd-rhap-rep1-X/regulons_50_TF.tsv vs bd-rhap-rep2-X/regulons_50_TF.tsv	bd-rhap-rep1-X/regulons_50_TF.tsv	bd-rhap-rep2-X/regulons_50_TF.tsv
479	b_cells	TCF4	0.5384615384615384	50	50	50	10	bd-rhap-rep1-X/regulons_50_TF.tsv vs bd-rhap-rep2-X/regulons_50_TF.tsv	bd-rhap-rep1-X/regulons_50_TF.tsv	bd-rhap-rep2-X/regulons_50_TF.tsv
480	cd14+_monocytes	RUNX1	0.4492753623188406	50	50	50	10	bd-rhap-rep1-X/regulons_50_TF.tsv vs bd-rhap-rep2-X/regulons_50_TF.tsv	bd-rhap-rep1-X/regulons_50_TF.tsv	bd-rhap-rep2-X/regulons_50_TF.tsv
481	pDC	FOS	0.07526881720430108	50	50	50	10	bd-rhap-rep1-X/regulons_50_TF.tsv vs 10x-rep1-kallisto-cellbender-X/regulons_50_TF.tsv	bd-rhap-rep1-X/regulons_50_TF.tsv	10x-rep1-kallisto-cellbender-X/regulons_50_TF.tsv
482	DC	FOS	0.13636363636363635	50	50	50	10	bd-rhap-rep1-X/regulons_50_TF.tsv vs 10x-rep1-kallisto-cellbender-X/regulons_50_TF.tsv	bd-rhap-rep1-X/regulons_50_TF.tsv	10x-rep1-kallisto-cellbender-X/regulons_50_TF.tsv
483	nk_cells	CEBPD	0.17647058823529413	50	50	50	10	bd-rhap-rep1-X/regulons_50_TF.tsv vs 10x-rep1-kallisto-cellbender-X/regulons_50_TF.tsv	bd-rhap-rep1-X/regulons_50_TF.tsv	10x-rep1-kallisto-cellbender-X/regulons_50_TF.tsv
484	cd14-_monocytes	CEBPD	0.25	50	50	50	10	bd-rhap-rep1-X/regulons_50_TF.tsv vs 10x-rep1-kallisto-cellbender-X/regulons_50_TF.tsv	bd-rhap-rep1-X/regulons_50_TF.tsv	10x-rep1-kallisto-cellbender-X/regulons_50_TF.tsv
485	DC	LMO4	0.25	50	50	50	10	bd-rhap-rep1-X/regulons_50_TF.tsv vs 10x-rep1-kallisto-cellbender-X/regulons_50_TF.tsv	bd-rhap-rep1-X/regulons_50_TF.tsv	10x-rep1-kallisto-cellbender-X/regulons_50_TF.tsv
486	pDC	IRF8	0.47058823529411764	50	50	50	10	bd-rhap-rep1-X/regulons_50_TF.tsv vs 10x-rep1-kallisto-cellbender-X/regulons_50_TF.tsv	bd-rhap-rep1-X/regulons_50_TF.tsv	10x-rep1-kallisto-cellbender-X/regulons_50_TF.tsv
487	b_cells	IRF8	0.21951219512195122	50	50	50	10	bd-rhap-rep1-X/regulons_50_TF.tsv vs 10x-rep1-kallisto-cellbender-X/regulons_50_TF.tsv	bd-rhap-rep1-X/regulons_50_TF.tsv	10x-rep1-kallisto-cellbender-X/regulons_50_TF.tsv
488	pDC	HMGB2	0.05263157894736842	50	50	50	10	bd-rhap-rep1-X/regulons_50_TF.tsv vs 10x-rep1-kallisto-cellbender-X/regulons_50_TF.tsv	bd-rhap-rep1-X/regulons_50_TF.tsv	10x-rep1-kallisto-cellbender-X/regulons_50_TF.tsv
489	b_cells	BCL11A	0.2345679012345679	50	50	50	10	bd-rhap-rep1-X/regulons_50_TF.tsv vs 10x-rep1-kallisto-cellbender-X/regulons_50_TF.tsv	bd-rhap-rep1-X/regulons_50_TF.tsv	10x-rep1-kallisto-cellbender-X/regulons_50_TF.tsv
490	nk_cells	FOS	0.12359550561797752	50	50	50	10	bd-rhap-rep1-X/regulons_50_TF.tsv vs 10x-rep1-kallisto-cellbender-X/regulons_50_TF.tsv	bd-rhap-rep1-X/regulons_50_TF.tsv	10x-rep1-kallisto-cellbender-X/regulons_50_TF.tsv
491	cd14-_monocytes	ID2	0.12359550561797752	50	50	50	10	bd-rhap-rep1-X/regulons_50_TF.tsv vs 10x-rep1-kallisto-cellbender-X/regulons_50_TF.tsv	bd-rhap-rep1-X/regulons_50_TF.tsv	10x-rep1-kallisto-cellbender-X/regulons_50_TF.tsv
492	DC	IRF8	0.2345679012345679	50	50	50	10	bd-rhap-rep1-X/regulons_50_TF.tsv vs 10x-rep1-kallisto-cellbender-X/regulons_50_TF.tsv	bd-rhap-rep1-X/regulons_50_TF.tsv	10x-rep1-kallisto-cellbender-X/regulons_50_TF.tsv
493	pDC	BCL11A	0.3333333333333333	50	50	50	10	bd-rhap-rep1-X/regulons_50_TF.tsv vs 10x-rep1-kallisto-cellbender-X/regulons_50_TF.tsv	bd-rhap-rep1-X/regulons_50_TF.tsv	10x-rep1-kallisto-cellbender-X/regulons_50_TF.tsv
494	DC	TLE5	0.17647058823529413	50	50	50	10	bd-rhap-rep1-X/regulons_50_TF.tsv vs 10x-rep1-kallisto-cellbender-X/regulons_50_TF.tsv	bd-rhap-rep1-X/regulons_50_TF.tsv	10x-rep1-kallisto-cellbender-X/regulons_50_TF.tsv
495	cd14-_monocytes	RUNX3	0.21951219512195122	50	50	50	10	bd-rhap-rep1-X/regulons_50_TF.tsv vs 10x-rep1-kallisto-cellbender-X/regulons_50_TF.tsv	bd-rhap-rep1-X/regulons_50_TF.tsv	10x-rep1-kallisto-cellbender-X/regulons_50_TF.tsv
496	cd4+_tcells	TLE5	0.3157894736842105	50	50	50	10	bd-rhap-rep1-X/regulons_50_TF.tsv vs 10x-rep1-kallisto-cellbender-X/regulons_50_TF.tsv	bd-rhap-rep1-X/regulons_50_TF.tsv	10x-rep1-kallisto-cellbender-X/regulons_50_TF.tsv
497	DC	ID2	0.14942528735632185	50	50	50	10	bd-rhap-rep1-X/regulons_50_TF.tsv vs 10x-rep1-kallisto-cellbender-X/regulons_50_TF.tsv	bd-rhap-rep1-X/regulons_50_TF.tsv	10x-rep1-kallisto-cellbender-X/regulons_50_TF.tsv
498	cd14-_monocytes	NR4A1	0.14942528735632185	50	50	50	10	bd-rhap-rep1-X/regulons_50_TF.tsv vs 10x-rep1-kallisto-cellbender-X/regulons_50_TF.tsv	bd-rhap-rep1-X/regulons_50_TF.tsv	10x-rep1-kallisto-cellbender-X/regulons_50_TF.tsv
499	cd14+_monocytes	ID2	0.17647058823529413	50	50	50	10	bd-rhap-rep2-X/regulons_50_TF.tsv vs 10x-rep1-kallisto-cellbender-X/regulons_50_TF.tsv	bd-rhap-rep2-X/regulons_50_TF.tsv	10x-rep1-kallisto-cellbender-X/regulons_50_TF.tsv
500	pDC	IRF8	0.4084507042253521	50	50	50	10	bd-rhap-rep2-X/regulons_50_TF.tsv vs 10x-rep1-kallisto-cellbender-X/regulons_50_TF.tsv	bd-rhap-rep2-X/regulons_50_TF.tsv	10x-rep1-kallisto-cellbender-X/regulons_50_TF.tsv
501	b_cells	IRF8	0.20481927710843373	50	50	50	10	bd-rhap-rep2-X/regulons_50_TF.tsv vs 10x-rep1-kallisto-cellbender-X/regulons_50_TF.tsv	bd-rhap-rep2-X/regulons_50_TF.tsv	10x-rep1-kallisto-cellbender-X/regulons_50_TF.tsv
502	b_cells	BCL11A	0.20481927710843373	50	50	50	10	bd-rhap-rep2-X/regulons_50_TF.tsv vs 10x-rep1-kallisto-cellbender-X/regulons_50_TF.tsv	bd-rhap-rep2-X/regulons_50_TF.tsv	10x-rep1-kallisto-cellbender-X/regulons_50_TF.tsv
503	DC	IRF8	0.16279069767441862	50	50	50	10	bd-rhap-rep2-X/regulons_50_TF.tsv vs 10x-rep1-kallisto-cellbender-X/regulons_50_TF.tsv	bd-rhap-rep2-X/regulons_50_TF.tsv	10x-rep1-kallisto-cellbender-X/regulons_50_TF.tsv
504	cd8+_tcells	BTG2	0.17647058823529413	50	50	50	10	bd-rhap-rep2-X/regulons_50_TF.tsv vs 10x-rep1-kallisto-cellbender-X/regulons_50_TF.tsv	bd-rhap-rep2-X/regulons_50_TF.tsv	10x-rep1-kallisto-cellbender-X/regulons_50_TF.tsv
505	cd14+_monocytes	SOX4	0.14942528735632185	50	50	50	10	bd-rhap-rep2-X/regulons_50_TF.tsv vs 10x-rep1-kallisto-cellbender-X/regulons_50_TF.tsv	bd-rhap-rep2-X/regulons_50_TF.tsv	10x-rep1-kallisto-cellbender-X/regulons_50_TF.tsv
506	pDC	BCL11A	0.3157894736842105	50	50	50	10	bd-rhap-rep2-X/regulons_50_TF.tsv vs 10x-rep1-kallisto-cellbender-X/regulons_50_TF.tsv	bd-rhap-rep2-X/regulons_50_TF.tsv	10x-rep1-kallisto-cellbender-X/regulons_50_TF.tsv
507	nk_cells	ID2	0.17647058823529413	50	50	50	10	bd-rhap-rep2-X/regulons_50_TF.tsv vs 10x-rep1-kallisto-cellbender-X/regulons_50_TF.tsv	bd-rhap-rep2-X/regulons_50_TF.tsv	10x-rep1-kallisto-cellbender-X/regulons_50_TF.tsv
508	DC	ID2	0.14942528735632185	50	50	50	10	bd-rhap-rep2-X/regulons_50_TF.tsv vs 10x-rep1-kallisto-cellbender-X/regulons_50_TF.tsv	bd-rhap-rep2-X/regulons_50_TF.tsv	10x-rep1-kallisto-cellbender-X/regulons_50_TF.tsv
509	pDC	TCF4	0.2987012987012987	50	50	50	10	bd-rhap-rep2-X/regulons_50_TF.tsv vs 10x-rep1-kallisto-cellbender-X/regulons_50_TF.tsv	bd-rhap-rep2-X/regulons_50_TF.tsv	10x-rep1-kallisto-cellbender-X/regulons_50_TF.tsv
510	nk_cells	RUNX3	0.25	50	50	50	10	bd-rhap-rep2-X/regulons_50_TF.tsv vs 10x-rep1-kallisto-cellbender-X/regulons_50_TF.tsv	bd-rhap-rep2-X/regulons_50_TF.tsv	10x-rep1-kallisto-cellbender-X/regulons_50_TF.tsv
511	cd14-_monocytes	NR4A1	0.12359550561797752	50	50	50	10	bd-rhap-rep2-X/regulons_50_TF.tsv vs 10x-rep1-kallisto-cellbender-X/regulons_50_TF.tsv	bd-rhap-rep2-X/regulons_50_TF.tsv	10x-rep1-kallisto-cellbender-X/regulons_50_TF.tsv
512	b_cells	SP140	0.17647058823529413	50	50	50	10	bd-rhap-rep2-X/regulons_50_TF.tsv vs 10x-rep1-kallisto-cellbender-X/regulons_50_TF.tsv	bd-rhap-rep2-X/regulons_50_TF.tsv	10x-rep1-kallisto-cellbender-X/regulons_50_TF.tsv
513	nk_cells	RUNX1	0.1111111111111111	10	10	10	20	bd-rhap-rep1-X/regulons_10_TF.tsv vs bd-rhap-rep2-X/regulons_10_TF.tsv	bd-rhap-rep1-X/regulons_10_TF.tsv	bd-rhap-rep2-X/regulons_10_TF.tsv
514	pDC	FOXP1	0.42857142857142855	10	10	10	20	bd-rhap-rep1-X/regulons_10_TF.tsv vs bd-rhap-rep2-X/regulons_10_TF.tsv	bd-rhap-rep1-X/regulons_10_TF.tsv	bd-rhap-rep2-X/regulons_10_TF.tsv
515	cd8+_tcells	ID2	0.42857142857142855	10	10	10	20	bd-rhap-rep1-X/regulons_10_TF.tsv vs bd-rhap-rep2-X/regulons_10_TF.tsv	bd-rhap-rep1-X/regulons_10_TF.tsv	bd-rhap-rep2-X/regulons_10_TF.tsv
516	cd4+_tcells	ARID5B	0.25	10	10	10	20	bd-rhap-rep1-X/regulons_10_TF.tsv vs bd-rhap-rep2-X/regulons_10_TF.tsv	bd-rhap-rep1-X/regulons_10_TF.tsv	bd-rhap-rep2-X/regulons_10_TF.tsv
517	nk_cells	KAT6B	0.17647058823529413	10	10	10	20	bd-rhap-rep1-X/regulons_10_TF.tsv vs bd-rhap-rep2-X/regulons_10_TF.tsv	bd-rhap-rep1-X/regulons_10_TF.tsv	bd-rhap-rep2-X/regulons_10_TF.tsv
518	pDC	IRF8	0.6666666666666666	10	10	10	20	bd-rhap-rep1-X/regulons_10_TF.tsv vs bd-rhap-rep2-X/regulons_10_TF.tsv	bd-rhap-rep1-X/regulons_10_TF.tsv	bd-rhap-rep2-X/regulons_10_TF.tsv
519	nk_cells	NFATC2	0.42857142857142855	10	10	10	20	bd-rhap-rep1-X/regulons_10_TF.tsv vs bd-rhap-rep2-X/regulons_10_TF.tsv	bd-rhap-rep1-X/regulons_10_TF.tsv	bd-rhap-rep2-X/regulons_10_TF.tsv
520	cd14-_monocytes	HDAC9	0.3333333333333333	10	10	10	20	bd-rhap-rep1-X/regulons_10_TF.tsv vs bd-rhap-rep2-X/regulons_10_TF.tsv	bd-rhap-rep1-X/regulons_10_TF.tsv	bd-rhap-rep2-X/regulons_10_TF.tsv
521	b_cells	ZBTB20	0.42857142857142855	10	10	10	20	bd-rhap-rep1-X/regulons_10_TF.tsv vs bd-rhap-rep2-X/regulons_10_TF.tsv	bd-rhap-rep1-X/regulons_10_TF.tsv	bd-rhap-rep2-X/regulons_10_TF.tsv
522	cd4+_tcells	RUNX1	0.05263157894736842	10	10	10	20	bd-rhap-rep1-X/regulons_10_TF.tsv vs bd-rhap-rep2-X/regulons_10_TF.tsv	bd-rhap-rep1-X/regulons_10_TF.tsv	bd-rhap-rep2-X/regulons_10_TF.tsv
523	cd14-_monocytes	SOX4	0.3333333333333333	10	10	10	20	bd-rhap-rep1-X/regulons_10_TF.tsv vs bd-rhap-rep2-X/regulons_10_TF.tsv	bd-rhap-rep1-X/regulons_10_TF.tsv	bd-rhap-rep2-X/regulons_10_TF.tsv
524	cd4+_tcells	KLF12	0.42857142857142855	10	10	10	20	bd-rhap-rep1-X/regulons_10_TF.tsv vs bd-rhap-rep2-X/regulons_10_TF.tsv	bd-rhap-rep1-X/regulons_10_TF.tsv	bd-rhap-rep2-X/regulons_10_TF.tsv
525	cd8+_tcells	KLF12	0.6666666666666666	10	10	10	20	bd-rhap-rep1-X/regulons_10_TF.tsv vs bd-rhap-rep2-X/regulons_10_TF.tsv	bd-rhap-rep1-X/regulons_10_TF.tsv	bd-rhap-rep2-X/regulons_10_TF.tsv
526	b_cells	IRF8	0.25	10	10	10	20	bd-rhap-rep1-X/regulons_10_TF.tsv vs bd-rhap-rep2-X/regulons_10_TF.tsv	bd-rhap-rep1-X/regulons_10_TF.tsv	bd-rhap-rep2-X/regulons_10_TF.tsv
527	pDC	RUNX1	0.25	10	10	10	20	bd-rhap-rep1-X/regulons_10_TF.tsv vs bd-rhap-rep2-X/regulons_10_TF.tsv	bd-rhap-rep1-X/regulons_10_TF.tsv	bd-rhap-rep2-X/regulons_10_TF.tsv
528	cd14+_monocytes	NFAT5	0.42857142857142855	10	10	10	20	bd-rhap-rep1-X/regulons_10_TF.tsv vs bd-rhap-rep2-X/regulons_10_TF.tsv	bd-rhap-rep1-X/regulons_10_TF.tsv	bd-rhap-rep2-X/regulons_10_TF.tsv
529	cd8+_tcells	MYBL1	0.5384615384615384	10	10	10	20	bd-rhap-rep1-X/regulons_10_TF.tsv vs bd-rhap-rep2-X/regulons_10_TF.tsv	bd-rhap-rep1-X/regulons_10_TF.tsv	bd-rhap-rep2-X/regulons_10_TF.tsv
530	nk_cells	NFAT5	0.17647058823529413	10	10	10	20	bd-rhap-rep1-X/regulons_10_TF.tsv vs bd-rhap-rep2-X/regulons_10_TF.tsv	bd-rhap-rep1-X/regulons_10_TF.tsv	bd-rhap-rep2-X/regulons_10_TF.tsv
531	DC	IRF8	0.5384615384615384	10	10	10	20	bd-rhap-rep1-X/regulons_10_TF.tsv vs bd-rhap-rep2-X/regulons_10_TF.tsv	bd-rhap-rep1-X/regulons_10_TF.tsv	bd-rhap-rep2-X/regulons_10_TF.tsv
532	cd4+_tcells	TRERF1	0.25	10	10	10	20	bd-rhap-rep1-X/regulons_10_TF.tsv vs bd-rhap-rep2-X/regulons_10_TF.tsv	bd-rhap-rep1-X/regulons_10_TF.tsv	bd-rhap-rep2-X/regulons_10_TF.tsv
533	cd14-_monocytes	NFATC3	0.3333333333333333	10	10	10	20	bd-rhap-rep1-X/regulons_10_TF.tsv vs bd-rhap-rep2-X/regulons_10_TF.tsv	bd-rhap-rep1-X/regulons_10_TF.tsv	bd-rhap-rep2-X/regulons_10_TF.tsv
534	cd14+_monocytes	RUNX1	0.42857142857142855	10	10	10	20	bd-rhap-rep1-X/regulons_10_TF.tsv vs bd-rhap-rep2-X/regulons_10_TF.tsv	bd-rhap-rep1-X/regulons_10_TF.tsv	bd-rhap-rep2-X/regulons_10_TF.tsv
535	b_cells	MAX	0.05263157894736842	10	10	10	20	bd-rhap-rep1-X/regulons_10_TF.tsv vs bd-rhap-rep2-X/regulons_10_TF.tsv	bd-rhap-rep1-X/regulons_10_TF.tsv	bd-rhap-rep2-X/regulons_10_TF.tsv
536	cd8+_tcells	RUNX3	0.5384615384615384	10	10	10	20	bd-rhap-rep1-X/regulons_10_TF.tsv vs bd-rhap-rep2-X/regulons_10_TF.tsv	bd-rhap-rep1-X/regulons_10_TF.tsv	bd-rhap-rep2-X/regulons_10_TF.tsv
537	cd4+_tcells	TCF12	0.05263157894736842	10	10	10	20	bd-rhap-rep1-X/regulons_10_TF.tsv vs bd-rhap-rep2-X/regulons_10_TF.tsv	bd-rhap-rep1-X/regulons_10_TF.tsv	bd-rhap-rep2-X/regulons_10_TF.tsv
538	pDC	TRERF1	0.05263157894736842	10	10	10	20	bd-rhap-rep1-X/regulons_10_TF.tsv vs bd-rhap-rep2-X/regulons_10_TF.tsv	bd-rhap-rep1-X/regulons_10_TF.tsv	bd-rhap-rep2-X/regulons_10_TF.tsv
539	DC	RUNX1	0.3333333333333333	10	10	10	20	bd-rhap-rep1-X/regulons_10_TF.tsv vs bd-rhap-rep2-X/regulons_10_TF.tsv	bd-rhap-rep1-X/regulons_10_TF.tsv	bd-rhap-rep2-X/regulons_10_TF.tsv
540	nk_cells	KLF12	0.3333333333333333	10	10	10	20	bd-rhap-rep1-X/regulons_10_TF.tsv vs bd-rhap-rep2-X/regulons_10_TF.tsv	bd-rhap-rep1-X/regulons_10_TF.tsv	bd-rhap-rep2-X/regulons_10_TF.tsv
541	cd4+_tcells	ID2	0.17647058823529413	10	10	10	20	bd-rhap-rep1-X/regulons_10_TF.tsv vs bd-rhap-rep2-X/regulons_10_TF.tsv	bd-rhap-rep1-X/regulons_10_TF.tsv	bd-rhap-rep2-X/regulons_10_TF.tsv
542	DC	MAX	0.0	10	10	10	20	bd-rhap-rep1-X/regulons_10_TF.tsv vs bd-rhap-rep2-X/regulons_10_TF.tsv	bd-rhap-rep1-X/regulons_10_TF.tsv	bd-rhap-rep2-X/regulons_10_TF.tsv
543	cd14+_monocytes	TRPS1	0.42857142857142855	10	10	10	20	bd-rhap-rep1-X/regulons_10_TF.tsv vs bd-rhap-rep2-X/regulons_10_TF.tsv	bd-rhap-rep1-X/regulons_10_TF.tsv	bd-rhap-rep2-X/regulons_10_TF.tsv
544	DC	NFATC2	0.25	10	10	10	20	bd-rhap-rep1-X/regulons_10_TF.tsv vs bd-rhap-rep2-X/regulons_10_TF.tsv	bd-rhap-rep1-X/regulons_10_TF.tsv	bd-rhap-rep2-X/regulons_10_TF.tsv
545	b_cells	SETBP1	0.3333333333333333	10	10	10	20	bd-rhap-rep1-X/regulons_10_TF.tsv vs bd-rhap-rep2-X/regulons_10_TF.tsv	bd-rhap-rep1-X/regulons_10_TF.tsv	bd-rhap-rep2-X/regulons_10_TF.tsv
546	cd8+_tcells	PRDM1	0.25	10	10	10	20	bd-rhap-rep1-X/regulons_10_TF.tsv vs bd-rhap-rep2-X/regulons_10_TF.tsv	bd-rhap-rep1-X/regulons_10_TF.tsv	bd-rhap-rep2-X/regulons_10_TF.tsv
547	cd14+_monocytes	ZBTB20	0.25	10	10	10	20	bd-rhap-rep1-X/regulons_10_TF.tsv vs bd-rhap-rep2-X/regulons_10_TF.tsv	bd-rhap-rep1-X/regulons_10_TF.tsv	bd-rhap-rep2-X/regulons_10_TF.tsv
548	DC	TRERF1	0.3333333333333333	10	10	10	20	bd-rhap-rep1-X/regulons_10_TF.tsv vs bd-rhap-rep2-X/regulons_10_TF.tsv	bd-rhap-rep1-X/regulons_10_TF.tsv	bd-rhap-rep2-X/regulons_10_TF.tsv
549	cd14+_monocytes	IRF7	0.3333333333333333	10	10	10	20	bd-rhap-rep1-X/regulons_10_TF.tsv vs bd-rhap-rep2-X/regulons_10_TF.tsv	bd-rhap-rep1-X/regulons_10_TF.tsv	bd-rhap-rep2-X/regulons_10_TF.tsv
550	cd14-_monocytes	NFAT5	0.25	10	10	10	20	bd-rhap-rep1-X/regulons_10_TF.tsv vs bd-rhap-rep2-X/regulons_10_TF.tsv	bd-rhap-rep1-X/regulons_10_TF.tsv	bd-rhap-rep2-X/regulons_10_TF.tsv
551	cd14+_monocytes	NR4A1	0.42857142857142855	10	10	10	20	bd-rhap-rep1-X/regulons_10_TF.tsv vs bd-rhap-rep2-X/regulons_10_TF.tsv	bd-rhap-rep1-X/regulons_10_TF.tsv	bd-rhap-rep2-X/regulons_10_TF.tsv
552	cd14+_monocytes	ID2	0.25	10	10	10	20	bd-rhap-rep1-X/regulons_10_TF.tsv vs bd-rhap-rep2-X/regulons_10_TF.tsv	bd-rhap-rep1-X/regulons_10_TF.tsv	bd-rhap-rep2-X/regulons_10_TF.tsv
553	pDC	TFDP2	0.1111111111111111	10	10	10	20	bd-rhap-rep1-X/regulons_10_TF.tsv vs bd-rhap-rep2-X/regulons_10_TF.tsv	bd-rhap-rep1-X/regulons_10_TF.tsv	bd-rhap-rep2-X/regulons_10_TF.tsv
554	cd8+_tcells	FOXP1	0.6666666666666666	10	10	10	20	bd-rhap-rep1-X/regulons_10_TF.tsv vs bd-rhap-rep2-X/regulons_10_TF.tsv	bd-rhap-rep1-X/regulons_10_TF.tsv	bd-rhap-rep2-X/regulons_10_TF.tsv
555	cd14+_monocytes	HIPK2	0.17647058823529413	10	10	10	20	bd-rhap-rep1-X/regulons_10_TF.tsv vs bd-rhap-rep2-X/regulons_10_TF.tsv	bd-rhap-rep1-X/regulons_10_TF.tsv	bd-rhap-rep2-X/regulons_10_TF.tsv
556	DC	ID2	0.3333333333333333	10	10	10	20	bd-rhap-rep1-X/regulons_10_TF.tsv vs bd-rhap-rep2-X/regulons_10_TF.tsv	bd-rhap-rep1-X/regulons_10_TF.tsv	bd-rhap-rep2-X/regulons_10_TF.tsv
557	b_cells	KLF12	0.05263157894736842	10	10	10	20	bd-rhap-rep1-X/regulons_10_TF.tsv vs bd-rhap-rep2-X/regulons_10_TF.tsv	bd-rhap-rep1-X/regulons_10_TF.tsv	bd-rhap-rep2-X/regulons_10_TF.tsv
558	cd4+_tcells	RUNX3	0.5384615384615384	10	10	10	20	bd-rhap-rep1-X/regulons_10_TF.tsv vs bd-rhap-rep2-X/regulons_10_TF.tsv	bd-rhap-rep1-X/regulons_10_TF.tsv	bd-rhap-rep2-X/regulons_10_TF.tsv
559	b_cells	HDAC9	0.8181818181818182	10	10	10	20	bd-rhap-rep1-X/regulons_10_TF.tsv vs bd-rhap-rep2-X/regulons_10_TF.tsv	bd-rhap-rep1-X/regulons_10_TF.tsv	bd-rhap-rep2-X/regulons_10_TF.tsv
560	cd14+_monocytes	HDAC9	0.5384615384615384	10	10	10	20	bd-rhap-rep1-X/regulons_10_TF.tsv vs bd-rhap-rep2-X/regulons_10_TF.tsv	bd-rhap-rep1-X/regulons_10_TF.tsv	bd-rhap-rep2-X/regulons_10_TF.tsv
561	cd8+_tcells	NFATC3	0.1111111111111111	10	10	10	20	bd-rhap-rep1-X/regulons_10_TF.tsv vs bd-rhap-rep2-X/regulons_10_TF.tsv	bd-rhap-rep1-X/regulons_10_TF.tsv	bd-rhap-rep2-X/regulons_10_TF.tsv
562	DC	HDAC9	0.6666666666666666	10	10	10	20	bd-rhap-rep1-X/regulons_10_TF.tsv vs bd-rhap-rep2-X/regulons_10_TF.tsv	bd-rhap-rep1-X/regulons_10_TF.tsv	bd-rhap-rep2-X/regulons_10_TF.tsv
563	b_cells	RUNX3	0.25	10	10	10	20	bd-rhap-rep1-X/regulons_10_TF.tsv vs bd-rhap-rep2-X/regulons_10_TF.tsv	bd-rhap-rep1-X/regulons_10_TF.tsv	bd-rhap-rep2-X/regulons_10_TF.tsv
564	cd14+_monocytes	RUNX3	0.5384615384615384	10	10	10	20	bd-rhap-rep1-X/regulons_10_TF.tsv vs bd-rhap-rep2-X/regulons_10_TF.tsv	bd-rhap-rep1-X/regulons_10_TF.tsv	bd-rhap-rep2-X/regulons_10_TF.tsv
565	cd14-_monocytes	ZBTB20	0.42857142857142855	10	10	10	20	bd-rhap-rep1-X/regulons_10_TF.tsv vs bd-rhap-rep2-X/regulons_10_TF.tsv	bd-rhap-rep1-X/regulons_10_TF.tsv	bd-rhap-rep2-X/regulons_10_TF.tsv
566	cd14+_monocytes	TCF12	0.25	10	10	10	20	bd-rhap-rep1-X/regulons_10_TF.tsv vs bd-rhap-rep2-X/regulons_10_TF.tsv	bd-rhap-rep1-X/regulons_10_TF.tsv	bd-rhap-rep2-X/regulons_10_TF.tsv
567	cd14-_monocytes	SETBP1	0.5384615384615384	10	10	10	20	bd-rhap-rep1-X/regulons_10_TF.tsv vs bd-rhap-rep2-X/regulons_10_TF.tsv	bd-rhap-rep1-X/regulons_10_TF.tsv	bd-rhap-rep2-X/regulons_10_TF.tsv
568	cd14-_monocytes	IRF7	0.5384615384615384	10	10	10	20	bd-rhap-rep1-X/regulons_10_TF.tsv vs bd-rhap-rep2-X/regulons_10_TF.tsv	bd-rhap-rep1-X/regulons_10_TF.tsv	bd-rhap-rep2-X/regulons_10_TF.tsv
569	pDC	TCF4	0.5384615384615384	10	10	10	20	bd-rhap-rep1-X/regulons_10_TF.tsv vs bd-rhap-rep2-X/regulons_10_TF.tsv	bd-rhap-rep1-X/regulons_10_TF.tsv	bd-rhap-rep2-X/regulons_10_TF.tsv
570	cd14-_monocytes	NR4A1	0.42857142857142855	10	10	10	20	bd-rhap-rep1-X/regulons_10_TF.tsv vs bd-rhap-rep2-X/regulons_10_TF.tsv	bd-rhap-rep1-X/regulons_10_TF.tsv	bd-rhap-rep2-X/regulons_10_TF.tsv
571	b_cells	BCL11A	0.5384615384615384	10	10	10	20	bd-rhap-rep1-X/regulons_10_TF.tsv vs bd-rhap-rep2-X/regulons_10_TF.tsv	bd-rhap-rep1-X/regulons_10_TF.tsv	bd-rhap-rep2-X/regulons_10_TF.tsv
572	cd14-_monocytes	ID2	0.5384615384615384	10	10	10	20	bd-rhap-rep1-X/regulons_10_TF.tsv vs bd-rhap-rep2-X/regulons_10_TF.tsv	bd-rhap-rep1-X/regulons_10_TF.tsv	bd-rhap-rep2-X/regulons_10_TF.tsv
573	pDC	HDAC9	0.5384615384615384	10	10	10	20	bd-rhap-rep1-X/regulons_10_TF.tsv vs bd-rhap-rep2-X/regulons_10_TF.tsv	bd-rhap-rep1-X/regulons_10_TF.tsv	bd-rhap-rep2-X/regulons_10_TF.tsv
574	cd14-_monocytes	HIPK2	0.1111111111111111	10	10	10	20	bd-rhap-rep1-X/regulons_10_TF.tsv vs bd-rhap-rep2-X/regulons_10_TF.tsv	bd-rhap-rep1-X/regulons_10_TF.tsv	bd-rhap-rep2-X/regulons_10_TF.tsv
575	nk_cells	NFATC3	0.17647058823529413	10	10	10	20	bd-rhap-rep1-X/regulons_10_TF.tsv vs bd-rhap-rep2-X/regulons_10_TF.tsv	bd-rhap-rep1-X/regulons_10_TF.tsv	bd-rhap-rep2-X/regulons_10_TF.tsv
576	b_cells	SP140	0.42857142857142855	10	10	10	20	bd-rhap-rep1-X/regulons_10_TF.tsv vs bd-rhap-rep2-X/regulons_10_TF.tsv	bd-rhap-rep1-X/regulons_10_TF.tsv	bd-rhap-rep2-X/regulons_10_TF.tsv
577	DC	BCL11A	0.6666666666666666	10	10	10	20	bd-rhap-rep1-X/regulons_10_TF.tsv vs bd-rhap-rep2-X/regulons_10_TF.tsv	bd-rhap-rep1-X/regulons_10_TF.tsv	bd-rhap-rep2-X/regulons_10_TF.tsv
578	cd14-_monocytes	FOXO1	0.05263157894736842	10	10	10	20	bd-rhap-rep1-X/regulons_10_TF.tsv vs bd-rhap-rep2-X/regulons_10_TF.tsv	bd-rhap-rep1-X/regulons_10_TF.tsv	bd-rhap-rep2-X/regulons_10_TF.tsv
579	pDC	RUNX2	0.6666666666666666	10	10	10	20	bd-rhap-rep1-X/regulons_10_TF.tsv vs bd-rhap-rep2-X/regulons_10_TF.tsv	bd-rhap-rep1-X/regulons_10_TF.tsv	bd-rhap-rep2-X/regulons_10_TF.tsv
580	b_cells	FOXP1	0.6666666666666666	10	10	10	20	bd-rhap-rep1-X/regulons_10_TF.tsv vs bd-rhap-rep2-X/regulons_10_TF.tsv	bd-rhap-rep1-X/regulons_10_TF.tsv	bd-rhap-rep2-X/regulons_10_TF.tsv
581	pDC	ZEB1	0.17647058823529413	10	10	10	20	bd-rhap-rep1-X/regulons_10_TF.tsv vs bd-rhap-rep2-X/regulons_10_TF.tsv	bd-rhap-rep1-X/regulons_10_TF.tsv	bd-rhap-rep2-X/regulons_10_TF.tsv
582	cd14+_monocytes	SOX4	0.42857142857142855	10	10	10	20	bd-rhap-rep1-X/regulons_10_TF.tsv vs bd-rhap-rep2-X/regulons_10_TF.tsv	bd-rhap-rep1-X/regulons_10_TF.tsv	bd-rhap-rep2-X/regulons_10_TF.tsv
583	cd8+_tcells	RUNX1	0.17647058823529413	10	10	10	20	bd-rhap-rep1-X/regulons_10_TF.tsv vs bd-rhap-rep2-X/regulons_10_TF.tsv	bd-rhap-rep1-X/regulons_10_TF.tsv	bd-rhap-rep2-X/regulons_10_TF.tsv
584	cd14+_monocytes	FOSB	0.3333333333333333	10	10	10	20	bd-rhap-rep1-X/regulons_10_TF.tsv vs bd-rhap-rep2-X/regulons_10_TF.tsv	bd-rhap-rep1-X/regulons_10_TF.tsv	bd-rhap-rep2-X/regulons_10_TF.tsv
585	cd4+_tcells	KAT6B	0.25	10	10	10	20	bd-rhap-rep1-X/regulons_10_TF.tsv vs bd-rhap-rep2-X/regulons_10_TF.tsv	bd-rhap-rep1-X/regulons_10_TF.tsv	bd-rhap-rep2-X/regulons_10_TF.tsv
586	cd8+_tcells	STAT4	0.25	10	10	10	20	bd-rhap-rep1-X/regulons_10_TF.tsv vs bd-rhap-rep2-X/regulons_10_TF.tsv	bd-rhap-rep1-X/regulons_10_TF.tsv	bd-rhap-rep2-X/regulons_10_TF.tsv
587	DC	FOXP1	0.3333333333333333	10	10	10	20	bd-rhap-rep1-X/regulons_10_TF.tsv vs bd-rhap-rep2-X/regulons_10_TF.tsv	bd-rhap-rep1-X/regulons_10_TF.tsv	bd-rhap-rep2-X/regulons_10_TF.tsv
588	pDC	BCL11A	0.6666666666666666	10	10	10	20	bd-rhap-rep1-X/regulons_10_TF.tsv vs bd-rhap-rep2-X/regulons_10_TF.tsv	bd-rhap-rep1-X/regulons_10_TF.tsv	bd-rhap-rep2-X/regulons_10_TF.tsv
589	cd14-_monocytes	RUNX3	0.6666666666666666	10	10	10	20	bd-rhap-rep1-X/regulons_10_TF.tsv vs bd-rhap-rep2-X/regulons_10_TF.tsv	bd-rhap-rep1-X/regulons_10_TF.tsv	bd-rhap-rep2-X/regulons_10_TF.tsv
590	cd8+_tcells	NFATC2	0.25	10	10	10	20	bd-rhap-rep1-X/regulons_10_TF.tsv vs bd-rhap-rep2-X/regulons_10_TF.tsv	bd-rhap-rep1-X/regulons_10_TF.tsv	bd-rhap-rep2-X/regulons_10_TF.tsv
591	cd4+_tcells	HIVEP2	0.42857142857142855	10	10	10	20	bd-rhap-rep1-X/regulons_10_TF.tsv vs bd-rhap-rep2-X/regulons_10_TF.tsv	bd-rhap-rep1-X/regulons_10_TF.tsv	bd-rhap-rep2-X/regulons_10_TF.tsv
592	cd14-_monocytes	TCF12	0.3333333333333333	10	10	10	20	bd-rhap-rep1-X/regulons_10_TF.tsv vs bd-rhap-rep2-X/regulons_10_TF.tsv	bd-rhap-rep1-X/regulons_10_TF.tsv	bd-rhap-rep2-X/regulons_10_TF.tsv
593	DC	RUNX2	0.3333333333333333	10	10	10	20	bd-rhap-rep1-X/regulons_10_TF.tsv vs bd-rhap-rep2-X/regulons_10_TF.tsv	bd-rhap-rep1-X/regulons_10_TF.tsv	bd-rhap-rep2-X/regulons_10_TF.tsv
594	cd14+_monocytes	NFATC3	0.3333333333333333	10	10	10	20	bd-rhap-rep1-X/regulons_10_TF.tsv vs bd-rhap-rep2-X/regulons_10_TF.tsv	bd-rhap-rep1-X/regulons_10_TF.tsv	bd-rhap-rep2-X/regulons_10_TF.tsv
595	cd4+_tcells	ZBTB20	0.6666666666666666	10	10	10	20	bd-rhap-rep1-X/regulons_10_TF.tsv vs bd-rhap-rep2-X/regulons_10_TF.tsv	bd-rhap-rep1-X/regulons_10_TF.tsv	bd-rhap-rep2-X/regulons_10_TF.tsv
596	nk_cells	TOX	0.42857142857142855	10	10	10	20	bd-rhap-rep1-X/regulons_10_TF.tsv vs bd-rhap-rep2-X/regulons_10_TF.tsv	bd-rhap-rep1-X/regulons_10_TF.tsv	bd-rhap-rep2-X/regulons_10_TF.tsv
597	cd8+_tcells	RUNX3	0.1111111111111111	10	10	10	20	bd-rhap-rep1-X/regulons_10_TF.tsv vs 10x-rep1-kallisto-cellbender-X/regulons_10_TF.tsv	bd-rhap-rep1-X/regulons_10_TF.tsv	10x-rep1-kallisto-cellbender-X/regulons_10_TF.tsv
598	cd14+_monocytes	TLE5	0.05263157894736842	10	10	10	20	bd-rhap-rep1-X/regulons_10_TF.tsv vs 10x-rep1-kallisto-cellbender-X/regulons_10_TF.tsv	bd-rhap-rep1-X/regulons_10_TF.tsv	10x-rep1-kallisto-cellbender-X/regulons_10_TF.tsv
599	nk_cells	BTG2	0.17647058823529413	10	10	10	20	bd-rhap-rep1-X/regulons_10_TF.tsv vs 10x-rep1-kallisto-cellbender-X/regulons_10_TF.tsv	bd-rhap-rep1-X/regulons_10_TF.tsv	10x-rep1-kallisto-cellbender-X/regulons_10_TF.tsv
600	nk_cells	TLE5	0.17647058823529413	10	10	10	20	bd-rhap-rep1-X/regulons_10_TF.tsv vs 10x-rep1-kallisto-cellbender-X/regulons_10_TF.tsv	bd-rhap-rep1-X/regulons_10_TF.tsv	10x-rep1-kallisto-cellbender-X/regulons_10_TF.tsv
601	cd14-_monocytes	TLE5	0.1111111111111111	10	10	10	20	bd-rhap-rep1-X/regulons_10_TF.tsv vs 10x-rep1-kallisto-cellbender-X/regulons_10_TF.tsv	bd-rhap-rep1-X/regulons_10_TF.tsv	10x-rep1-kallisto-cellbender-X/regulons_10_TF.tsv
602	DC	BCL11A	0.5384615384615384	10	10	10	20	bd-rhap-rep1-X/regulons_10_TF.tsv vs 10x-rep1-kallisto-cellbender-X/regulons_10_TF.tsv	bd-rhap-rep1-X/regulons_10_TF.tsv	10x-rep1-kallisto-cellbender-X/regulons_10_TF.tsv
603	DC	TLE5	0.17647058823529413	10	10	10	20	bd-rhap-rep1-X/regulons_10_TF.tsv vs 10x-rep1-kallisto-cellbender-X/regulons_10_TF.tsv	bd-rhap-rep1-X/regulons_10_TF.tsv	10x-rep1-kallisto-cellbender-X/regulons_10_TF.tsv
604	cd8+_tcells	ID2	0.1111111111111111	10	10	10	20	bd-rhap-rep1-X/regulons_10_TF.tsv vs 10x-rep1-kallisto-cellbender-X/regulons_10_TF.tsv	bd-rhap-rep1-X/regulons_10_TF.tsv	10x-rep1-kallisto-cellbender-X/regulons_10_TF.tsv
605	pDC	LMO4	0.3333333333333333	10	10	10	20	bd-rhap-rep1-X/regulons_10_TF.tsv vs 10x-rep1-kallisto-cellbender-X/regulons_10_TF.tsv	bd-rhap-rep1-X/regulons_10_TF.tsv	10x-rep1-kallisto-cellbender-X/regulons_10_TF.tsv
606	pDC	RUNX2	0.5384615384615384	10	10	10	20	bd-rhap-rep1-X/regulons_10_TF.tsv vs 10x-rep1-kallisto-cellbender-X/regulons_10_TF.tsv	bd-rhap-rep1-X/regulons_10_TF.tsv	10x-rep1-kallisto-cellbender-X/regulons_10_TF.tsv
607	cd14+_monocytes	STAT1	0.17647058823529413	10	10	10	20	bd-rhap-rep1-X/regulons_10_TF.tsv vs 10x-rep1-kallisto-cellbender-X/regulons_10_TF.tsv	bd-rhap-rep1-X/regulons_10_TF.tsv	10x-rep1-kallisto-cellbender-X/regulons_10_TF.tsv
608	pDC	IRF8	0.5384615384615384	10	10	10	20	bd-rhap-rep1-X/regulons_10_TF.tsv vs 10x-rep1-kallisto-cellbender-X/regulons_10_TF.tsv	bd-rhap-rep1-X/regulons_10_TF.tsv	10x-rep1-kallisto-cellbender-X/regulons_10_TF.tsv
609	DC	MAX	0.0	10	10	10	20	bd-rhap-rep1-X/regulons_10_TF.tsv vs 10x-rep1-kallisto-cellbender-X/regulons_10_TF.tsv	bd-rhap-rep1-X/regulons_10_TF.tsv	10x-rep1-kallisto-cellbender-X/regulons_10_TF.tsv
610	pDC	HMGB2	0.0	10	10	10	20	bd-rhap-rep1-X/regulons_10_TF.tsv vs 10x-rep1-kallisto-cellbender-X/regulons_10_TF.tsv	bd-rhap-rep1-X/regulons_10_TF.tsv	10x-rep1-kallisto-cellbender-X/regulons_10_TF.tsv
611	cd14+_monocytes	SOX4	0.17647058823529413	10	10	10	20	bd-rhap-rep1-X/regulons_10_TF.tsv vs 10x-rep1-kallisto-cellbender-X/regulons_10_TF.tsv	bd-rhap-rep1-X/regulons_10_TF.tsv	10x-rep1-kallisto-cellbender-X/regulons_10_TF.tsv
612	cd8+_tcells	TLE5	0.5384615384615384	10	10	10	20	bd-rhap-rep1-X/regulons_10_TF.tsv vs 10x-rep1-kallisto-cellbender-X/regulons_10_TF.tsv	bd-rhap-rep1-X/regulons_10_TF.tsv	10x-rep1-kallisto-cellbender-X/regulons_10_TF.tsv
613	cd14-_monocytes	SOX4	0.1111111111111111	10	10	10	20	bd-rhap-rep1-X/regulons_10_TF.tsv vs 10x-rep1-kallisto-cellbender-X/regulons_10_TF.tsv	bd-rhap-rep1-X/regulons_10_TF.tsv	10x-rep1-kallisto-cellbender-X/regulons_10_TF.tsv
614	b_cells	JUN	0.3333333333333333	10	10	10	20	bd-rhap-rep1-X/regulons_10_TF.tsv vs 10x-rep1-kallisto-cellbender-X/regulons_10_TF.tsv	bd-rhap-rep1-X/regulons_10_TF.tsv	10x-rep1-kallisto-cellbender-X/regulons_10_TF.tsv
615	b_cells	FOS	0.1111111111111111	10	10	10	20	bd-rhap-rep1-X/regulons_10_TF.tsv vs 10x-rep1-kallisto-cellbender-X/regulons_10_TF.tsv	bd-rhap-rep1-X/regulons_10_TF.tsv	10x-rep1-kallisto-cellbender-X/regulons_10_TF.tsv
616	cd14+_monocytes	CEBPD	0.5384615384615384	10	10	10	20	bd-rhap-rep1-X/regulons_10_TF.tsv vs 10x-rep1-kallisto-cellbender-X/regulons_10_TF.tsv	bd-rhap-rep1-X/regulons_10_TF.tsv	10x-rep1-kallisto-cellbender-X/regulons_10_TF.tsv
617	nk_cells	CEBPD	0.17647058823529413	10	10	10	20	bd-rhap-rep1-X/regulons_10_TF.tsv vs 10x-rep1-kallisto-cellbender-X/regulons_10_TF.tsv	bd-rhap-rep1-X/regulons_10_TF.tsv	10x-rep1-kallisto-cellbender-X/regulons_10_TF.tsv
618	cd14-_monocytes	CEBPD	0.42857142857142855	10	10	10	20	bd-rhap-rep1-X/regulons_10_TF.tsv vs 10x-rep1-kallisto-cellbender-X/regulons_10_TF.tsv	bd-rhap-rep1-X/regulons_10_TF.tsv	10x-rep1-kallisto-cellbender-X/regulons_10_TF.tsv
619	b_cells	IRF8	0.42857142857142855	10	10	10	20	bd-rhap-rep1-X/regulons_10_TF.tsv vs 10x-rep1-kallisto-cellbender-X/regulons_10_TF.tsv	bd-rhap-rep1-X/regulons_10_TF.tsv	10x-rep1-kallisto-cellbender-X/regulons_10_TF.tsv
620	pDC	TLE5	0.17647058823529413	10	10	10	20	bd-rhap-rep1-X/regulons_10_TF.tsv vs 10x-rep1-kallisto-cellbender-X/regulons_10_TF.tsv	bd-rhap-rep1-X/regulons_10_TF.tsv	10x-rep1-kallisto-cellbender-X/regulons_10_TF.tsv
621	pDC	BCL11A	0.42857142857142855	10	10	10	20	bd-rhap-rep1-X/regulons_10_TF.tsv vs 10x-rep1-kallisto-cellbender-X/regulons_10_TF.tsv	bd-rhap-rep1-X/regulons_10_TF.tsv	10x-rep1-kallisto-cellbender-X/regulons_10_TF.tsv
622	cd14-_monocytes	RUNX3	0.25	10	10	10	20	bd-rhap-rep1-X/regulons_10_TF.tsv vs 10x-rep1-kallisto-cellbender-X/regulons_10_TF.tsv	bd-rhap-rep1-X/regulons_10_TF.tsv	10x-rep1-kallisto-cellbender-X/regulons_10_TF.tsv
623	pDC	TCF4	0.3333333333333333	10	10	10	20	bd-rhap-rep1-X/regulons_10_TF.tsv vs 10x-rep1-kallisto-cellbender-X/regulons_10_TF.tsv	bd-rhap-rep1-X/regulons_10_TF.tsv	10x-rep1-kallisto-cellbender-X/regulons_10_TF.tsv
624	cd14-_monocytes	LMO4	0.25	10	10	10	20	bd-rhap-rep1-X/regulons_10_TF.tsv vs 10x-rep1-kallisto-cellbender-X/regulons_10_TF.tsv	bd-rhap-rep1-X/regulons_10_TF.tsv	10x-rep1-kallisto-cellbender-X/regulons_10_TF.tsv
625	cd14+_monocytes	IRF8	0.3333333333333333	10	10	10	20	bd-rhap-rep1-X/regulons_10_TF.tsv vs 10x-rep1-kallisto-cellbender-X/regulons_10_TF.tsv	bd-rhap-rep1-X/regulons_10_TF.tsv	10x-rep1-kallisto-cellbender-X/regulons_10_TF.tsv
626	cd14-_monocytes	NR4A1	0.1111111111111111	10	10	10	20	bd-rhap-rep1-X/regulons_10_TF.tsv vs 10x-rep1-kallisto-cellbender-X/regulons_10_TF.tsv	bd-rhap-rep1-X/regulons_10_TF.tsv	10x-rep1-kallisto-cellbender-X/regulons_10_TF.tsv
627	DC	NR4A1	0.17647058823529413	10	10	10	20	bd-rhap-rep1-X/regulons_10_TF.tsv vs 10x-rep1-kallisto-cellbender-X/regulons_10_TF.tsv	bd-rhap-rep1-X/regulons_10_TF.tsv	10x-rep1-kallisto-cellbender-X/regulons_10_TF.tsv
628	cd14+_monocytes	ID2	0.0	10	10	10	20	bd-rhap-rep1-X/regulons_10_TF.tsv vs 10x-rep1-kallisto-cellbender-X/regulons_10_TF.tsv	bd-rhap-rep1-X/regulons_10_TF.tsv	10x-rep1-kallisto-cellbender-X/regulons_10_TF.tsv
629	DC	LMO4	0.25	10	10	10	20	bd-rhap-rep1-X/regulons_10_TF.tsv vs 10x-rep1-kallisto-cellbender-X/regulons_10_TF.tsv	bd-rhap-rep1-X/regulons_10_TF.tsv	10x-rep1-kallisto-cellbender-X/regulons_10_TF.tsv
630	b_cells	BCL11A	0.42857142857142855	10	10	10	20	bd-rhap-rep1-X/regulons_10_TF.tsv vs 10x-rep1-kallisto-cellbender-X/regulons_10_TF.tsv	bd-rhap-rep1-X/regulons_10_TF.tsv	10x-rep1-kallisto-cellbender-X/regulons_10_TF.tsv
631	b_cells	TLE5	0.25	10	10	10	20	bd-rhap-rep1-X/regulons_10_TF.tsv vs 10x-rep1-kallisto-cellbender-X/regulons_10_TF.tsv	bd-rhap-rep1-X/regulons_10_TF.tsv	10x-rep1-kallisto-cellbender-X/regulons_10_TF.tsv
632	cd14-_monocytes	ID2	0.0	10	10	10	20	bd-rhap-rep1-X/regulons_10_TF.tsv vs 10x-rep1-kallisto-cellbender-X/regulons_10_TF.tsv	bd-rhap-rep1-X/regulons_10_TF.tsv	10x-rep1-kallisto-cellbender-X/regulons_10_TF.tsv
633	DC	IRF8	0.25	10	10	10	20	bd-rhap-rep1-X/regulons_10_TF.tsv vs 10x-rep1-kallisto-cellbender-X/regulons_10_TF.tsv	bd-rhap-rep1-X/regulons_10_TF.tsv	10x-rep1-kallisto-cellbender-X/regulons_10_TF.tsv
634	DC	HMGB2	0.25	10	10	10	20	bd-rhap-rep1-X/regulons_10_TF.tsv vs 10x-rep1-kallisto-cellbender-X/regulons_10_TF.tsv	bd-rhap-rep1-X/regulons_10_TF.tsv	10x-rep1-kallisto-cellbender-X/regulons_10_TF.tsv
635	DC	ID2	0.1111111111111111	10	10	10	20	bd-rhap-rep1-X/regulons_10_TF.tsv vs 10x-rep1-kallisto-cellbender-X/regulons_10_TF.tsv	bd-rhap-rep1-X/regulons_10_TF.tsv	10x-rep1-kallisto-cellbender-X/regulons_10_TF.tsv
636	b_cells	SP140	0.1111111111111111	10	10	10	20	bd-rhap-rep1-X/regulons_10_TF.tsv vs 10x-rep1-kallisto-cellbender-X/regulons_10_TF.tsv	bd-rhap-rep1-X/regulons_10_TF.tsv	10x-rep1-kallisto-cellbender-X/regulons_10_TF.tsv
637	cd8+_tcells	RUNX3	0.05263157894736842	10	10	10	20	bd-rhap-rep2-X/regulons_10_TF.tsv vs 10x-rep1-kallisto-cellbender-X/regulons_10_TF.tsv	bd-rhap-rep2-X/regulons_10_TF.tsv	10x-rep1-kallisto-cellbender-X/regulons_10_TF.tsv
638	cd8+_tcells	HOPX	0.17647058823529413	10	10	10	20	bd-rhap-rep2-X/regulons_10_TF.tsv vs 10x-rep1-kallisto-cellbender-X/regulons_10_TF.tsv	bd-rhap-rep2-X/regulons_10_TF.tsv	10x-rep1-kallisto-cellbender-X/regulons_10_TF.tsv
639	DC	BCL11A	0.42857142857142855	10	10	10	20	bd-rhap-rep2-X/regulons_10_TF.tsv vs 10x-rep1-kallisto-cellbender-X/regulons_10_TF.tsv	bd-rhap-rep2-X/regulons_10_TF.tsv	10x-rep1-kallisto-cellbender-X/regulons_10_TF.tsv
640	cd8+_tcells	ID2	0.1111111111111111	10	10	10	20	bd-rhap-rep2-X/regulons_10_TF.tsv vs 10x-rep1-kallisto-cellbender-X/regulons_10_TF.tsv	bd-rhap-rep2-X/regulons_10_TF.tsv	10x-rep1-kallisto-cellbender-X/regulons_10_TF.tsv
641	pDC	IRF7	0.17647058823529413	10	10	10	20	bd-rhap-rep2-X/regulons_10_TF.tsv vs 10x-rep1-kallisto-cellbender-X/regulons_10_TF.tsv	bd-rhap-rep2-X/regulons_10_TF.tsv	10x-rep1-kallisto-cellbender-X/regulons_10_TF.tsv
642	pDC	RUNX2	0.42857142857142855	10	10	10	20	bd-rhap-rep2-X/regulons_10_TF.tsv vs 10x-rep1-kallisto-cellbender-X/regulons_10_TF.tsv	bd-rhap-rep2-X/regulons_10_TF.tsv	10x-rep1-kallisto-cellbender-X/regulons_10_TF.tsv
643	nk_cells	TFDP2	0.25	10	10	10	20	bd-rhap-rep2-X/regulons_10_TF.tsv vs 10x-rep1-kallisto-cellbender-X/regulons_10_TF.tsv	bd-rhap-rep2-X/regulons_10_TF.tsv	10x-rep1-kallisto-cellbender-X/regulons_10_TF.tsv
644	pDC	IRF8	0.6666666666666666	10	10	10	20	bd-rhap-rep2-X/regulons_10_TF.tsv vs 10x-rep1-kallisto-cellbender-X/regulons_10_TF.tsv	bd-rhap-rep2-X/regulons_10_TF.tsv	10x-rep1-kallisto-cellbender-X/regulons_10_TF.tsv
645	DC	MAX	0.0	10	10	10	20	bd-rhap-rep2-X/regulons_10_TF.tsv vs 10x-rep1-kallisto-cellbender-X/regulons_10_TF.tsv	bd-rhap-rep2-X/regulons_10_TF.tsv	10x-rep1-kallisto-cellbender-X/regulons_10_TF.tsv
646	cd8+_tcells	BTG2	0.05263157894736842	10	10	10	20	bd-rhap-rep2-X/regulons_10_TF.tsv vs 10x-rep1-kallisto-cellbender-X/regulons_10_TF.tsv	bd-rhap-rep2-X/regulons_10_TF.tsv	10x-rep1-kallisto-cellbender-X/regulons_10_TF.tsv
647	cd14+_monocytes	SOX4	0.25	10	10	10	20	bd-rhap-rep2-X/regulons_10_TF.tsv vs 10x-rep1-kallisto-cellbender-X/regulons_10_TF.tsv	bd-rhap-rep2-X/regulons_10_TF.tsv	10x-rep1-kallisto-cellbender-X/regulons_10_TF.tsv
648	nk_cells	MYBL1	0.25	10	10	10	20	bd-rhap-rep2-X/regulons_10_TF.tsv vs 10x-rep1-kallisto-cellbender-X/regulons_10_TF.tsv	bd-rhap-rep2-X/regulons_10_TF.tsv	10x-rep1-kallisto-cellbender-X/regulons_10_TF.tsv
649	cd14-_monocytes	SOX4	0.25	10	10	10	20	bd-rhap-rep2-X/regulons_10_TF.tsv vs 10x-rep1-kallisto-cellbender-X/regulons_10_TF.tsv	bd-rhap-rep2-X/regulons_10_TF.tsv	10x-rep1-kallisto-cellbender-X/regulons_10_TF.tsv
650	DC	SOX4	0.1111111111111111	10	10	10	20	bd-rhap-rep2-X/regulons_10_TF.tsv vs 10x-rep1-kallisto-cellbender-X/regulons_10_TF.tsv	bd-rhap-rep2-X/regulons_10_TF.tsv	10x-rep1-kallisto-cellbender-X/regulons_10_TF.tsv
651	pDC	BTG2	0.05263157894736842	10	10	10	20	bd-rhap-rep2-X/regulons_10_TF.tsv vs 10x-rep1-kallisto-cellbender-X/regulons_10_TF.tsv	bd-rhap-rep2-X/regulons_10_TF.tsv	10x-rep1-kallisto-cellbender-X/regulons_10_TF.tsv
652	b_cells	IRF8	0.17647058823529413	10	10	10	20	bd-rhap-rep2-X/regulons_10_TF.tsv vs 10x-rep1-kallisto-cellbender-X/regulons_10_TF.tsv	bd-rhap-rep2-X/regulons_10_TF.tsv	10x-rep1-kallisto-cellbender-X/regulons_10_TF.tsv
653	cd8+_tcells	TCF7	0.25	10	10	10	20	bd-rhap-rep2-X/regulons_10_TF.tsv vs 10x-rep1-kallisto-cellbender-X/regulons_10_TF.tsv	bd-rhap-rep2-X/regulons_10_TF.tsv	10x-rep1-kallisto-cellbender-X/regulons_10_TF.tsv
654	pDC	BCL11A	0.5384615384615384	10	10	10	20	bd-rhap-rep2-X/regulons_10_TF.tsv vs 10x-rep1-kallisto-cellbender-X/regulons_10_TF.tsv	bd-rhap-rep2-X/regulons_10_TF.tsv	10x-rep1-kallisto-cellbender-X/regulons_10_TF.tsv
655	cd14-_monocytes	RUNX3	0.17647058823529413	10	10	10	20	bd-rhap-rep2-X/regulons_10_TF.tsv vs 10x-rep1-kallisto-cellbender-X/regulons_10_TF.tsv	bd-rhap-rep2-X/regulons_10_TF.tsv	10x-rep1-kallisto-cellbender-X/regulons_10_TF.tsv
656	pDC	TCF4	0.5384615384615384	10	10	10	20	bd-rhap-rep2-X/regulons_10_TF.tsv vs 10x-rep1-kallisto-cellbender-X/regulons_10_TF.tsv	bd-rhap-rep2-X/regulons_10_TF.tsv	10x-rep1-kallisto-cellbender-X/regulons_10_TF.tsv
657	nk_cells	RUNX3	0.05263157894736842	10	10	10	20	bd-rhap-rep2-X/regulons_10_TF.tsv vs 10x-rep1-kallisto-cellbender-X/regulons_10_TF.tsv	bd-rhap-rep2-X/regulons_10_TF.tsv	10x-rep1-kallisto-cellbender-X/regulons_10_TF.tsv
658	nk_cells	HOPX	0.25	10	10	10	20	bd-rhap-rep2-X/regulons_10_TF.tsv vs 10x-rep1-kallisto-cellbender-X/regulons_10_TF.tsv	bd-rhap-rep2-X/regulons_10_TF.tsv	10x-rep1-kallisto-cellbender-X/regulons_10_TF.tsv
659	cd14-_monocytes	NR4A1	0.05263157894736842	10	10	10	20	bd-rhap-rep2-X/regulons_10_TF.tsv vs 10x-rep1-kallisto-cellbender-X/regulons_10_TF.tsv	bd-rhap-rep2-X/regulons_10_TF.tsv	10x-rep1-kallisto-cellbender-X/regulons_10_TF.tsv
660	cd14+_monocytes	ID2	0.0	10	10	10	20	bd-rhap-rep2-X/regulons_10_TF.tsv vs 10x-rep1-kallisto-cellbender-X/regulons_10_TF.tsv	bd-rhap-rep2-X/regulons_10_TF.tsv	10x-rep1-kallisto-cellbender-X/regulons_10_TF.tsv
661	DC	IRF7	0.1111111111111111	10	10	10	20	bd-rhap-rep2-X/regulons_10_TF.tsv vs 10x-rep1-kallisto-cellbender-X/regulons_10_TF.tsv	bd-rhap-rep2-X/regulons_10_TF.tsv	10x-rep1-kallisto-cellbender-X/regulons_10_TF.tsv
662	b_cells	BCL11A	0.42857142857142855	10	10	10	20	bd-rhap-rep2-X/regulons_10_TF.tsv vs 10x-rep1-kallisto-cellbender-X/regulons_10_TF.tsv	bd-rhap-rep2-X/regulons_10_TF.tsv	10x-rep1-kallisto-cellbender-X/regulons_10_TF.tsv
663	cd14-_monocytes	ID2	0.0	10	10	10	20	bd-rhap-rep2-X/regulons_10_TF.tsv vs 10x-rep1-kallisto-cellbender-X/regulons_10_TF.tsv	bd-rhap-rep2-X/regulons_10_TF.tsv	10x-rep1-kallisto-cellbender-X/regulons_10_TF.tsv
664	DC	IRF8	0.25	10	10	10	20	bd-rhap-rep2-X/regulons_10_TF.tsv vs 10x-rep1-kallisto-cellbender-X/regulons_10_TF.tsv	bd-rhap-rep2-X/regulons_10_TF.tsv	10x-rep1-kallisto-cellbender-X/regulons_10_TF.tsv
665	nk_cells	ID2	0.17647058823529413	10	10	10	20	bd-rhap-rep2-X/regulons_10_TF.tsv vs 10x-rep1-kallisto-cellbender-X/regulons_10_TF.tsv	bd-rhap-rep2-X/regulons_10_TF.tsv	10x-rep1-kallisto-cellbender-X/regulons_10_TF.tsv
666	cd4+_tcells	RORA	0.17647058823529413	10	10	10	20	bd-rhap-rep2-X/regulons_10_TF.tsv vs 10x-rep1-kallisto-cellbender-X/regulons_10_TF.tsv	bd-rhap-rep2-X/regulons_10_TF.tsv	10x-rep1-kallisto-cellbender-X/regulons_10_TF.tsv
667	DC	ID2	0.05263157894736842	10	10	10	20	bd-rhap-rep2-X/regulons_10_TF.tsv vs 10x-rep1-kallisto-cellbender-X/regulons_10_TF.tsv	bd-rhap-rep2-X/regulons_10_TF.tsv	10x-rep1-kallisto-cellbender-X/regulons_10_TF.tsv
668	cd14+_monocytes	ZEB2	0.1111111111111111	10	10	10	20	bd-rhap-rep2-X/regulons_10_TF.tsv vs 10x-rep1-kallisto-cellbender-X/regulons_10_TF.tsv	bd-rhap-rep2-X/regulons_10_TF.tsv	10x-rep1-kallisto-cellbender-X/regulons_10_TF.tsv
669	pDC	SOX4	0.3333333333333333	10	10	10	20	bd-rhap-rep2-X/regulons_10_TF.tsv vs 10x-rep1-kallisto-cellbender-X/regulons_10_TF.tsv	bd-rhap-rep2-X/regulons_10_TF.tsv	10x-rep1-kallisto-cellbender-X/regulons_10_TF.tsv
670	cd14+_monocytes	BTG2	0.17647058823529413	10	10	10	20	bd-rhap-rep2-X/regulons_10_TF.tsv vs 10x-rep1-kallisto-cellbender-X/regulons_10_TF.tsv	bd-rhap-rep2-X/regulons_10_TF.tsv	10x-rep1-kallisto-cellbender-X/regulons_10_TF.tsv
671	b_cells	TCF4	0.42857142857142855	10	10	10	20	bd-rhap-rep2-X/regulons_10_TF.tsv vs 10x-rep1-kallisto-cellbender-X/regulons_10_TF.tsv	bd-rhap-rep2-X/regulons_10_TF.tsv	10x-rep1-kallisto-cellbender-X/regulons_10_TF.tsv
672	b_cells	SP140	0.3333333333333333	10	10	10	20	bd-rhap-rep2-X/regulons_10_TF.tsv vs 10x-rep1-kallisto-cellbender-X/regulons_10_TF.tsv	bd-rhap-rep2-X/regulons_10_TF.tsv	10x-rep1-kallisto-cellbender-X/regulons_10_TF.tsv
673	cd8+_tcells	HOPX	0.25	20	20	20	20	bd-rhap-rep1-X/regulons_20_TF.tsv vs bd-rhap-rep2-X/regulons_20_TF.tsv	bd-rhap-rep1-X/regulons_20_TF.tsv	bd-rhap-rep2-X/regulons_20_TF.tsv
674	nk_cells	RUNX1	0.3333333333333333	20	20	20	20	bd-rhap-rep1-X/regulons_20_TF.tsv vs bd-rhap-rep2-X/regulons_20_TF.tsv	bd-rhap-rep1-X/regulons_20_TF.tsv	bd-rhap-rep2-X/regulons_20_TF.tsv
675	pDC	FOXP1	0.3333333333333333	20	20	20	20	bd-rhap-rep1-X/regulons_20_TF.tsv vs bd-rhap-rep2-X/regulons_20_TF.tsv	bd-rhap-rep1-X/regulons_20_TF.tsv	bd-rhap-rep2-X/regulons_20_TF.tsv
676	cd8+_tcells	ID2	0.3333333333333333	20	20	20	20	bd-rhap-rep1-X/regulons_20_TF.tsv vs bd-rhap-rep2-X/regulons_20_TF.tsv	bd-rhap-rep1-X/regulons_20_TF.tsv	bd-rhap-rep2-X/regulons_20_TF.tsv
677	nk_cells	KAT6B	0.3793103448275862	20	20	20	20	bd-rhap-rep1-X/regulons_20_TF.tsv vs bd-rhap-rep2-X/regulons_20_TF.tsv	bd-rhap-rep1-X/regulons_20_TF.tsv	bd-rhap-rep2-X/regulons_20_TF.tsv
678	pDC	IRF8	0.8181818181818182	20	20	20	20	bd-rhap-rep1-X/regulons_20_TF.tsv vs bd-rhap-rep2-X/regulons_20_TF.tsv	bd-rhap-rep1-X/regulons_20_TF.tsv	bd-rhap-rep2-X/regulons_20_TF.tsv
679	nk_cells	NFATC2	0.48148148148148145	20	20	20	20	bd-rhap-rep1-X/regulons_20_TF.tsv vs bd-rhap-rep2-X/regulons_20_TF.tsv	bd-rhap-rep1-X/regulons_20_TF.tsv	bd-rhap-rep2-X/regulons_20_TF.tsv
680	cd14-_monocytes	HDAC9	0.3333333333333333	20	20	20	20	bd-rhap-rep1-X/regulons_20_TF.tsv vs bd-rhap-rep2-X/regulons_20_TF.tsv	bd-rhap-rep1-X/regulons_20_TF.tsv	bd-rhap-rep2-X/regulons_20_TF.tsv
681	b_cells	ZBTB20	0.48148148148148145	20	20	20	20	bd-rhap-rep1-X/regulons_20_TF.tsv vs bd-rhap-rep2-X/regulons_20_TF.tsv	bd-rhap-rep1-X/regulons_20_TF.tsv	bd-rhap-rep2-X/regulons_20_TF.tsv
682	cd4+_tcells	RUNX1	0.14285714285714285	20	20	20	20	bd-rhap-rep1-X/regulons_20_TF.tsv vs bd-rhap-rep2-X/regulons_20_TF.tsv	bd-rhap-rep1-X/regulons_20_TF.tsv	bd-rhap-rep2-X/regulons_20_TF.tsv
683	cd14-_monocytes	SOX4	0.3333333333333333	20	20	20	20	bd-rhap-rep1-X/regulons_20_TF.tsv vs bd-rhap-rep2-X/regulons_20_TF.tsv	bd-rhap-rep1-X/regulons_20_TF.tsv	bd-rhap-rep2-X/regulons_20_TF.tsv
684	cd4+_tcells	KLF12	0.48148148148148145	20	20	20	20	bd-rhap-rep1-X/regulons_20_TF.tsv vs bd-rhap-rep2-X/regulons_20_TF.tsv	bd-rhap-rep1-X/regulons_20_TF.tsv	bd-rhap-rep2-X/regulons_20_TF.tsv
685	cd14+_monocytes	FOXP1	0.3793103448275862	20	20	20	20	bd-rhap-rep1-X/regulons_20_TF.tsv vs bd-rhap-rep2-X/regulons_20_TF.tsv	bd-rhap-rep1-X/regulons_20_TF.tsv	bd-rhap-rep2-X/regulons_20_TF.tsv
686	cd8+_tcells	KLF12	0.6	20	20	20	20	bd-rhap-rep1-X/regulons_20_TF.tsv vs bd-rhap-rep2-X/regulons_20_TF.tsv	bd-rhap-rep1-X/regulons_20_TF.tsv	bd-rhap-rep2-X/regulons_20_TF.tsv
687	b_cells	IRF8	0.48148148148148145	20	20	20	20	bd-rhap-rep1-X/regulons_20_TF.tsv vs bd-rhap-rep2-X/regulons_20_TF.tsv	bd-rhap-rep1-X/regulons_20_TF.tsv	bd-rhap-rep2-X/regulons_20_TF.tsv
688	pDC	RUNX1	0.3793103448275862	20	20	20	20	bd-rhap-rep1-X/regulons_20_TF.tsv vs bd-rhap-rep2-X/regulons_20_TF.tsv	bd-rhap-rep1-X/regulons_20_TF.tsv	bd-rhap-rep2-X/regulons_20_TF.tsv
689	cd4+_tcells	MAX	0.2903225806451613	20	20	20	20	bd-rhap-rep1-X/regulons_20_TF.tsv vs bd-rhap-rep2-X/regulons_20_TF.tsv	bd-rhap-rep1-X/regulons_20_TF.tsv	bd-rhap-rep2-X/regulons_20_TF.tsv
690	cd14+_monocytes	NFAT5	0.2903225806451613	20	20	20	20	bd-rhap-rep1-X/regulons_20_TF.tsv vs bd-rhap-rep2-X/regulons_20_TF.tsv	bd-rhap-rep1-X/regulons_20_TF.tsv	bd-rhap-rep2-X/regulons_20_TF.tsv
691	cd8+_tcells	MYBL1	0.3793103448275862	20	20	20	20	bd-rhap-rep1-X/regulons_20_TF.tsv vs bd-rhap-rep2-X/regulons_20_TF.tsv	bd-rhap-rep1-X/regulons_20_TF.tsv	bd-rhap-rep2-X/regulons_20_TF.tsv
692	nk_cells	NFAT5	0.2903225806451613	20	20	20	20	bd-rhap-rep1-X/regulons_20_TF.tsv vs bd-rhap-rep2-X/regulons_20_TF.tsv	bd-rhap-rep1-X/regulons_20_TF.tsv	bd-rhap-rep2-X/regulons_20_TF.tsv
693	DC	IRF8	0.6	20	20	20	20	bd-rhap-rep1-X/regulons_20_TF.tsv vs bd-rhap-rep2-X/regulons_20_TF.tsv	bd-rhap-rep1-X/regulons_20_TF.tsv	bd-rhap-rep2-X/regulons_20_TF.tsv
694	cd4+_tcells	TRERF1	0.25	20	20	20	20	bd-rhap-rep1-X/regulons_20_TF.tsv vs bd-rhap-rep2-X/regulons_20_TF.tsv	bd-rhap-rep1-X/regulons_20_TF.tsv	bd-rhap-rep2-X/regulons_20_TF.tsv
695	cd14-_monocytes	NFATC3	0.3793103448275862	20	20	20	20	bd-rhap-rep1-X/regulons_20_TF.tsv vs bd-rhap-rep2-X/regulons_20_TF.tsv	bd-rhap-rep1-X/regulons_20_TF.tsv	bd-rhap-rep2-X/regulons_20_TF.tsv
696	cd14+_monocytes	RUNX1	0.48148148148148145	20	20	20	20	bd-rhap-rep1-X/regulons_20_TF.tsv vs bd-rhap-rep2-X/regulons_20_TF.tsv	bd-rhap-rep1-X/regulons_20_TF.tsv	bd-rhap-rep2-X/regulons_20_TF.tsv
697	b_cells	MAX	0.21212121212121213	20	20	20	20	bd-rhap-rep1-X/regulons_20_TF.tsv vs bd-rhap-rep2-X/regulons_20_TF.tsv	bd-rhap-rep1-X/regulons_20_TF.tsv	bd-rhap-rep2-X/regulons_20_TF.tsv
698	cd8+_tcells	RUNX3	0.6	20	20	20	20	bd-rhap-rep1-X/regulons_20_TF.tsv vs bd-rhap-rep2-X/regulons_20_TF.tsv	bd-rhap-rep1-X/regulons_20_TF.tsv	bd-rhap-rep2-X/regulons_20_TF.tsv
699	cd4+_tcells	TCF12	0.06060606060606061	20	15	20	20	bd-rhap-rep1-X/regulons_20_TF.tsv vs bd-rhap-rep2-X/regulons_20_TF.tsv	bd-rhap-rep1-X/regulons_20_TF.tsv	bd-rhap-rep2-X/regulons_20_TF.tsv
700	pDC	TRERF1	0.17647058823529413	20	20	20	20	bd-rhap-rep1-X/regulons_20_TF.tsv vs bd-rhap-rep2-X/regulons_20_TF.tsv	bd-rhap-rep1-X/regulons_20_TF.tsv	bd-rhap-rep2-X/regulons_20_TF.tsv
701	DC	RUNX1	0.3333333333333333	20	20	20	20	bd-rhap-rep1-X/regulons_20_TF.tsv vs bd-rhap-rep2-X/regulons_20_TF.tsv	bd-rhap-rep1-X/regulons_20_TF.tsv	bd-rhap-rep2-X/regulons_20_TF.tsv
702	nk_cells	KLF12	0.6	20	20	20	20	bd-rhap-rep1-X/regulons_20_TF.tsv vs bd-rhap-rep2-X/regulons_20_TF.tsv	bd-rhap-rep1-X/regulons_20_TF.tsv	bd-rhap-rep2-X/regulons_20_TF.tsv
703	cd4+_tcells	ID2	0.25	20	20	20	20	bd-rhap-rep1-X/regulons_20_TF.tsv vs bd-rhap-rep2-X/regulons_20_TF.tsv	bd-rhap-rep1-X/regulons_20_TF.tsv	bd-rhap-rep2-X/regulons_20_TF.tsv
704	DC	MAX	0.05263157894736842	20	20	20	20	bd-rhap-rep1-X/regulons_20_TF.tsv vs bd-rhap-rep2-X/regulons_20_TF.tsv	bd-rhap-rep1-X/regulons_20_TF.tsv	bd-rhap-rep2-X/regulons_20_TF.tsv
705	cd14+_monocytes	TRPS1	0.5384615384615384	20	20	20	20	bd-rhap-rep1-X/regulons_20_TF.tsv vs bd-rhap-rep2-X/regulons_20_TF.tsv	bd-rhap-rep1-X/regulons_20_TF.tsv	bd-rhap-rep2-X/regulons_20_TF.tsv
706	cd8+_tcells	BTG2	0.3333333333333333	20	20	20	20	bd-rhap-rep1-X/regulons_20_TF.tsv vs bd-rhap-rep2-X/regulons_20_TF.tsv	bd-rhap-rep1-X/regulons_20_TF.tsv	bd-rhap-rep2-X/regulons_20_TF.tsv
707	DC	NFATC2	0.2903225806451613	20	20	20	20	bd-rhap-rep1-X/regulons_20_TF.tsv vs bd-rhap-rep2-X/regulons_20_TF.tsv	bd-rhap-rep1-X/regulons_20_TF.tsv	bd-rhap-rep2-X/regulons_20_TF.tsv
708	b_cells	SETBP1	0.25	20	20	20	20	bd-rhap-rep1-X/regulons_20_TF.tsv vs bd-rhap-rep2-X/regulons_20_TF.tsv	bd-rhap-rep1-X/regulons_20_TF.tsv	bd-rhap-rep2-X/regulons_20_TF.tsv
709	cd8+_tcells	PRDM1	0.3333333333333333	20	20	20	20	bd-rhap-rep1-X/regulons_20_TF.tsv vs bd-rhap-rep2-X/regulons_20_TF.tsv	bd-rhap-rep1-X/regulons_20_TF.tsv	bd-rhap-rep2-X/regulons_20_TF.tsv
710	cd14+_monocytes	ZBTB20	0.3333333333333333	20	20	20	20	bd-rhap-rep1-X/regulons_20_TF.tsv vs bd-rhap-rep2-X/regulons_20_TF.tsv	bd-rhap-rep1-X/regulons_20_TF.tsv	bd-rhap-rep2-X/regulons_20_TF.tsv
711	cd14+_monocytes	IRF7	0.2903225806451613	20	20	20	20	bd-rhap-rep1-X/regulons_20_TF.tsv vs bd-rhap-rep2-X/regulons_20_TF.tsv	bd-rhap-rep1-X/regulons_20_TF.tsv	bd-rhap-rep2-X/regulons_20_TF.tsv
712	cd14-_monocytes	NFAT5	0.25	20	20	20	20	bd-rhap-rep1-X/regulons_20_TF.tsv vs bd-rhap-rep2-X/regulons_20_TF.tsv	bd-rhap-rep1-X/regulons_20_TF.tsv	bd-rhap-rep2-X/regulons_20_TF.tsv
713	cd14+_monocytes	NR4A1	0.3333333333333333	20	20	20	20	bd-rhap-rep1-X/regulons_20_TF.tsv vs bd-rhap-rep2-X/regulons_20_TF.tsv	bd-rhap-rep1-X/regulons_20_TF.tsv	bd-rhap-rep2-X/regulons_20_TF.tsv
714	cd14+_monocytes	ID2	0.6	20	20	20	20	bd-rhap-rep1-X/regulons_20_TF.tsv vs bd-rhap-rep2-X/regulons_20_TF.tsv	bd-rhap-rep1-X/regulons_20_TF.tsv	bd-rhap-rep2-X/regulons_20_TF.tsv
715	pDC	TFDP2	0.08108108108108109	20	20	20	20	bd-rhap-rep1-X/regulons_20_TF.tsv vs bd-rhap-rep2-X/regulons_20_TF.tsv	bd-rhap-rep1-X/regulons_20_TF.tsv	bd-rhap-rep2-X/regulons_20_TF.tsv
716	cd4+_tcells	FOSB	0.3333333333333333	20	20	20	20	bd-rhap-rep1-X/regulons_20_TF.tsv vs bd-rhap-rep2-X/regulons_20_TF.tsv	bd-rhap-rep1-X/regulons_20_TF.tsv	bd-rhap-rep2-X/regulons_20_TF.tsv
717	cd8+_tcells	FOSB	0.3333333333333333	20	20	20	20	bd-rhap-rep1-X/regulons_20_TF.tsv vs bd-rhap-rep2-X/regulons_20_TF.tsv	bd-rhap-rep1-X/regulons_20_TF.tsv	bd-rhap-rep2-X/regulons_20_TF.tsv
718	cd14+_monocytes	HIPK2	0.2903225806451613	20	20	20	20	bd-rhap-rep1-X/regulons_20_TF.tsv vs bd-rhap-rep2-X/regulons_20_TF.tsv	bd-rhap-rep1-X/regulons_20_TF.tsv	bd-rhap-rep2-X/regulons_20_TF.tsv
719	DC	ID2	0.3333333333333333	20	20	20	20	bd-rhap-rep1-X/regulons_20_TF.tsv vs bd-rhap-rep2-X/regulons_20_TF.tsv	bd-rhap-rep1-X/regulons_20_TF.tsv	bd-rhap-rep2-X/regulons_20_TF.tsv
720	b_cells	KLF12	0.21212121212121213	20	20	20	20	bd-rhap-rep1-X/regulons_20_TF.tsv vs bd-rhap-rep2-X/regulons_20_TF.tsv	bd-rhap-rep1-X/regulons_20_TF.tsv	bd-rhap-rep2-X/regulons_20_TF.tsv
721	b_cells	HDAC9	0.6	20	20	20	20	bd-rhap-rep1-X/regulons_20_TF.tsv vs bd-rhap-rep2-X/regulons_20_TF.tsv	bd-rhap-rep1-X/regulons_20_TF.tsv	bd-rhap-rep2-X/regulons_20_TF.tsv
722	cd14+_monocytes	HDAC9	0.48148148148148145	20	20	20	20	bd-rhap-rep1-X/regulons_20_TF.tsv vs bd-rhap-rep2-X/regulons_20_TF.tsv	bd-rhap-rep1-X/regulons_20_TF.tsv	bd-rhap-rep2-X/regulons_20_TF.tsv
723	cd8+_tcells	NFATC3	0.17647058823529413	20	20	20	20	bd-rhap-rep1-X/regulons_20_TF.tsv vs bd-rhap-rep2-X/regulons_20_TF.tsv	bd-rhap-rep1-X/regulons_20_TF.tsv	bd-rhap-rep2-X/regulons_20_TF.tsv
724	DC	HDAC9	0.6	20	20	20	20	bd-rhap-rep1-X/regulons_20_TF.tsv vs bd-rhap-rep2-X/regulons_20_TF.tsv	bd-rhap-rep1-X/regulons_20_TF.tsv	bd-rhap-rep2-X/regulons_20_TF.tsv
725	b_cells	RUNX3	0.2903225806451613	20	20	20	20	bd-rhap-rep1-X/regulons_20_TF.tsv vs bd-rhap-rep2-X/regulons_20_TF.tsv	bd-rhap-rep1-X/regulons_20_TF.tsv	bd-rhap-rep2-X/regulons_20_TF.tsv
726	cd14+_monocytes	RUNX3	0.6	20	20	20	20	bd-rhap-rep1-X/regulons_20_TF.tsv vs bd-rhap-rep2-X/regulons_20_TF.tsv	bd-rhap-rep1-X/regulons_20_TF.tsv	bd-rhap-rep2-X/regulons_20_TF.tsv
727	cd14-_monocytes	ZBTB20	0.48148148148148145	20	20	20	20	bd-rhap-rep1-X/regulons_20_TF.tsv vs bd-rhap-rep2-X/regulons_20_TF.tsv	bd-rhap-rep1-X/regulons_20_TF.tsv	bd-rhap-rep2-X/regulons_20_TF.tsv
728	cd14+_monocytes	TCF12	0.42857142857142855	20	20	20	20	bd-rhap-rep1-X/regulons_20_TF.tsv vs bd-rhap-rep2-X/regulons_20_TF.tsv	bd-rhap-rep1-X/regulons_20_TF.tsv	bd-rhap-rep2-X/regulons_20_TF.tsv
729	cd14-_monocytes	SETBP1	0.3793103448275862	20	20	20	20	bd-rhap-rep1-X/regulons_20_TF.tsv vs bd-rhap-rep2-X/regulons_20_TF.tsv	bd-rhap-rep1-X/regulons_20_TF.tsv	bd-rhap-rep2-X/regulons_20_TF.tsv
730	cd14-_monocytes	IRF7	0.48148148148148145	20	20	20	20	bd-rhap-rep1-X/regulons_20_TF.tsv vs bd-rhap-rep2-X/regulons_20_TF.tsv	bd-rhap-rep1-X/regulons_20_TF.tsv	bd-rhap-rep2-X/regulons_20_TF.tsv
731	pDC	TCF4	0.7391304347826086	20	20	20	20	bd-rhap-rep1-X/regulons_20_TF.tsv vs bd-rhap-rep2-X/regulons_20_TF.tsv	bd-rhap-rep1-X/regulons_20_TF.tsv	bd-rhap-rep2-X/regulons_20_TF.tsv
732	cd14-_monocytes	NR4A1	0.3333333333333333	20	20	20	20	bd-rhap-rep1-X/regulons_20_TF.tsv vs bd-rhap-rep2-X/regulons_20_TF.tsv	bd-rhap-rep1-X/regulons_20_TF.tsv	bd-rhap-rep2-X/regulons_20_TF.tsv
733	b_cells	BCL11A	0.6	20	20	20	20	bd-rhap-rep1-X/regulons_20_TF.tsv vs bd-rhap-rep2-X/regulons_20_TF.tsv	bd-rhap-rep1-X/regulons_20_TF.tsv	bd-rhap-rep2-X/regulons_20_TF.tsv
734	cd14-_monocytes	ID2	0.3793103448275862	20	20	20	20	bd-rhap-rep1-X/regulons_20_TF.tsv vs bd-rhap-rep2-X/regulons_20_TF.tsv	bd-rhap-rep1-X/regulons_20_TF.tsv	bd-rhap-rep2-X/regulons_20_TF.tsv
735	pDC	HDAC9	0.6	20	20	20	20	bd-rhap-rep1-X/regulons_20_TF.tsv vs bd-rhap-rep2-X/regulons_20_TF.tsv	bd-rhap-rep1-X/regulons_20_TF.tsv	bd-rhap-rep2-X/regulons_20_TF.tsv
736	b_cells	TCF4	0.6666666666666666	20	20	20	20	bd-rhap-rep1-X/regulons_20_TF.tsv vs bd-rhap-rep2-X/regulons_20_TF.tsv	bd-rhap-rep1-X/regulons_20_TF.tsv	bd-rhap-rep2-X/regulons_20_TF.tsv
737	cd14-_monocytes	HIPK2	0.17647058823529413	20	20	20	20	bd-rhap-rep1-X/regulons_20_TF.tsv vs bd-rhap-rep2-X/regulons_20_TF.tsv	bd-rhap-rep1-X/regulons_20_TF.tsv	bd-rhap-rep2-X/regulons_20_TF.tsv
738	nk_cells	NFATC3	0.42857142857142855	20	20	20	20	bd-rhap-rep1-X/regulons_20_TF.tsv vs bd-rhap-rep2-X/regulons_20_TF.tsv	bd-rhap-rep1-X/regulons_20_TF.tsv	bd-rhap-rep2-X/regulons_20_TF.tsv
739	b_cells	SP140	0.5384615384615384	20	20	20	20	bd-rhap-rep1-X/regulons_20_TF.tsv vs bd-rhap-rep2-X/regulons_20_TF.tsv	bd-rhap-rep1-X/regulons_20_TF.tsv	bd-rhap-rep2-X/regulons_20_TF.tsv
740	pDC	FOSB	0.21212121212121213	20	20	20	20	bd-rhap-rep1-X/regulons_20_TF.tsv vs bd-rhap-rep2-X/regulons_20_TF.tsv	bd-rhap-rep1-X/regulons_20_TF.tsv	bd-rhap-rep2-X/regulons_20_TF.tsv
741	DC	BCL11A	0.7391304347826086	20	20	20	20	bd-rhap-rep1-X/regulons_20_TF.tsv vs bd-rhap-rep2-X/regulons_20_TF.tsv	bd-rhap-rep1-X/regulons_20_TF.tsv	bd-rhap-rep2-X/regulons_20_TF.tsv
742	cd14-_monocytes	FOXO1	0.14285714285714285	20	20	20	20	bd-rhap-rep1-X/regulons_20_TF.tsv vs bd-rhap-rep2-X/regulons_20_TF.tsv	bd-rhap-rep1-X/regulons_20_TF.tsv	bd-rhap-rep2-X/regulons_20_TF.tsv
743	pDC	RUNX2	0.7391304347826086	20	20	20	20	bd-rhap-rep1-X/regulons_20_TF.tsv vs bd-rhap-rep2-X/regulons_20_TF.tsv	bd-rhap-rep1-X/regulons_20_TF.tsv	bd-rhap-rep2-X/regulons_20_TF.tsv
744	b_cells	FOXP1	0.48148148148148145	20	20	20	20	bd-rhap-rep1-X/regulons_20_TF.tsv vs bd-rhap-rep2-X/regulons_20_TF.tsv	bd-rhap-rep1-X/regulons_20_TF.tsv	bd-rhap-rep2-X/regulons_20_TF.tsv
745	b_cells	FOSB	0.2903225806451613	20	20	20	20	bd-rhap-rep1-X/regulons_20_TF.tsv vs bd-rhap-rep2-X/regulons_20_TF.tsv	bd-rhap-rep1-X/regulons_20_TF.tsv	bd-rhap-rep2-X/regulons_20_TF.tsv
746	pDC	ZEB1	0.3333333333333333	20	20	20	20	bd-rhap-rep1-X/regulons_20_TF.tsv vs bd-rhap-rep2-X/regulons_20_TF.tsv	bd-rhap-rep1-X/regulons_20_TF.tsv	bd-rhap-rep2-X/regulons_20_TF.tsv
747	cd14+_monocytes	SOX4	0.3793103448275862	20	20	20	20	bd-rhap-rep1-X/regulons_20_TF.tsv vs bd-rhap-rep2-X/regulons_20_TF.tsv	bd-rhap-rep1-X/regulons_20_TF.tsv	bd-rhap-rep2-X/regulons_20_TF.tsv
748	cd14+_monocytes	FOSB	0.3333333333333333	20	20	20	20	bd-rhap-rep1-X/regulons_20_TF.tsv vs bd-rhap-rep2-X/regulons_20_TF.tsv	bd-rhap-rep1-X/regulons_20_TF.tsv	bd-rhap-rep2-X/regulons_20_TF.tsv
749	cd4+_tcells	KAT6B	0.2903225806451613	20	20	20	20	bd-rhap-rep1-X/regulons_20_TF.tsv vs bd-rhap-rep2-X/regulons_20_TF.tsv	bd-rhap-rep1-X/regulons_20_TF.tsv	bd-rhap-rep2-X/regulons_20_TF.tsv
750	cd8+_tcells	STAT4	0.25	20	20	20	20	bd-rhap-rep1-X/regulons_20_TF.tsv vs bd-rhap-rep2-X/regulons_20_TF.tsv	bd-rhap-rep1-X/regulons_20_TF.tsv	bd-rhap-rep2-X/regulons_20_TF.tsv
751	cd8+_tcells	MAX	0.3333333333333333	20	20	20	20	bd-rhap-rep1-X/regulons_20_TF.tsv vs bd-rhap-rep2-X/regulons_20_TF.tsv	bd-rhap-rep1-X/regulons_20_TF.tsv	bd-rhap-rep2-X/regulons_20_TF.tsv
752	DC	FOXP1	0.3333333333333333	20	20	20	20	bd-rhap-rep1-X/regulons_20_TF.tsv vs bd-rhap-rep2-X/regulons_20_TF.tsv	bd-rhap-rep1-X/regulons_20_TF.tsv	bd-rhap-rep2-X/regulons_20_TF.tsv
753	pDC	BCL11A	0.8181818181818182	20	20	20	20	bd-rhap-rep1-X/regulons_20_TF.tsv vs bd-rhap-rep2-X/regulons_20_TF.tsv	bd-rhap-rep1-X/regulons_20_TF.tsv	bd-rhap-rep2-X/regulons_20_TF.tsv
754	cd14-_monocytes	RUNX3	0.48148148148148145	20	20	20	20	bd-rhap-rep1-X/regulons_20_TF.tsv vs bd-rhap-rep2-X/regulons_20_TF.tsv	bd-rhap-rep1-X/regulons_20_TF.tsv	bd-rhap-rep2-X/regulons_20_TF.tsv
755	cd8+_tcells	NFATC2	0.3793103448275862	20	20	20	20	bd-rhap-rep1-X/regulons_20_TF.tsv vs bd-rhap-rep2-X/regulons_20_TF.tsv	bd-rhap-rep1-X/regulons_20_TF.tsv	bd-rhap-rep2-X/regulons_20_TF.tsv
756	cd4+_tcells	HIVEP2	0.42857142857142855	20	20	20	20	bd-rhap-rep1-X/regulons_20_TF.tsv vs bd-rhap-rep2-X/regulons_20_TF.tsv	bd-rhap-rep1-X/regulons_20_TF.tsv	bd-rhap-rep2-X/regulons_20_TF.tsv
757	cd14-_monocytes	TCF12	0.3793103448275862	20	20	20	20	bd-rhap-rep1-X/regulons_20_TF.tsv vs bd-rhap-rep2-X/regulons_20_TF.tsv	bd-rhap-rep1-X/regulons_20_TF.tsv	bd-rhap-rep2-X/regulons_20_TF.tsv
758	cd14+_monocytes	NFATC3	0.3333333333333333	20	20	20	20	bd-rhap-rep1-X/regulons_20_TF.tsv vs bd-rhap-rep2-X/regulons_20_TF.tsv	bd-rhap-rep1-X/regulons_20_TF.tsv	bd-rhap-rep2-X/regulons_20_TF.tsv
759	cd4+_tcells	ZBTB20	0.48148148148148145	20	20	20	20	bd-rhap-rep1-X/regulons_20_TF.tsv vs bd-rhap-rep2-X/regulons_20_TF.tsv	bd-rhap-rep1-X/regulons_20_TF.tsv	bd-rhap-rep2-X/regulons_20_TF.tsv
760	nk_cells	TOX	0.5384615384615384	20	20	20	20	bd-rhap-rep1-X/regulons_20_TF.tsv vs bd-rhap-rep2-X/regulons_20_TF.tsv	bd-rhap-rep1-X/regulons_20_TF.tsv	bd-rhap-rep2-X/regulons_20_TF.tsv
761	cd8+_tcells	RUNX3	0.08108108108108109	20	20	20	20	bd-rhap-rep1-X/regulons_20_TF.tsv vs 10x-rep1-kallisto-cellbender-X/regulons_20_TF.tsv	bd-rhap-rep1-X/regulons_20_TF.tsv	10x-rep1-kallisto-cellbender-X/regulons_20_TF.tsv
762	cd14+_monocytes	TLE5	0.05263157894736842	20	20	20	20	bd-rhap-rep1-X/regulons_20_TF.tsv vs 10x-rep1-kallisto-cellbender-X/regulons_20_TF.tsv	bd-rhap-rep1-X/regulons_20_TF.tsv	10x-rep1-kallisto-cellbender-X/regulons_20_TF.tsv
763	cd8+_tcells	HOPX	0.21212121212121213	20	20	20	20	bd-rhap-rep1-X/regulons_20_TF.tsv vs 10x-rep1-kallisto-cellbender-X/regulons_20_TF.tsv	bd-rhap-rep1-X/regulons_20_TF.tsv	10x-rep1-kallisto-cellbender-X/regulons_20_TF.tsv
764	nk_cells	BTG2	0.17647058823529413	20	20	20	20	bd-rhap-rep1-X/regulons_20_TF.tsv vs 10x-rep1-kallisto-cellbender-X/regulons_20_TF.tsv	bd-rhap-rep1-X/regulons_20_TF.tsv	10x-rep1-kallisto-cellbender-X/regulons_20_TF.tsv
765	nk_cells	TLE5	0.21212121212121213	20	20	20	20	bd-rhap-rep1-X/regulons_20_TF.tsv vs 10x-rep1-kallisto-cellbender-X/regulons_20_TF.tsv	bd-rhap-rep1-X/regulons_20_TF.tsv	10x-rep1-kallisto-cellbender-X/regulons_20_TF.tsv
766	cd14-_monocytes	TLE5	0.14285714285714285	20	20	20	20	bd-rhap-rep1-X/regulons_20_TF.tsv vs 10x-rep1-kallisto-cellbender-X/regulons_20_TF.tsv	bd-rhap-rep1-X/regulons_20_TF.tsv	10x-rep1-kallisto-cellbender-X/regulons_20_TF.tsv
767	DC	BCL11A	0.3793103448275862	20	20	20	20	bd-rhap-rep1-X/regulons_20_TF.tsv vs 10x-rep1-kallisto-cellbender-X/regulons_20_TF.tsv	bd-rhap-rep1-X/regulons_20_TF.tsv	10x-rep1-kallisto-cellbender-X/regulons_20_TF.tsv
768	DC	TLE5	0.14285714285714285	20	20	20	20	bd-rhap-rep1-X/regulons_20_TF.tsv vs 10x-rep1-kallisto-cellbender-X/regulons_20_TF.tsv	bd-rhap-rep1-X/regulons_20_TF.tsv	10x-rep1-kallisto-cellbender-X/regulons_20_TF.tsv
769	cd8+_tcells	ID2	0.17647058823529413	20	20	20	20	bd-rhap-rep1-X/regulons_20_TF.tsv vs 10x-rep1-kallisto-cellbender-X/regulons_20_TF.tsv	bd-rhap-rep1-X/regulons_20_TF.tsv	10x-rep1-kallisto-cellbender-X/regulons_20_TF.tsv
770	pDC	JUN	0.17647058823529413	20	20	20	20	bd-rhap-rep1-X/regulons_20_TF.tsv vs 10x-rep1-kallisto-cellbender-X/regulons_20_TF.tsv	bd-rhap-rep1-X/regulons_20_TF.tsv	10x-rep1-kallisto-cellbender-X/regulons_20_TF.tsv
771	pDC	LMO4	0.5384615384615384	20	20	20	20	bd-rhap-rep1-X/regulons_20_TF.tsv vs 10x-rep1-kallisto-cellbender-X/regulons_20_TF.tsv	bd-rhap-rep1-X/regulons_20_TF.tsv	10x-rep1-kallisto-cellbender-X/regulons_20_TF.tsv
772	pDC	RUNX2	0.3793103448275862	20	20	20	20	bd-rhap-rep1-X/regulons_20_TF.tsv vs 10x-rep1-kallisto-cellbender-X/regulons_20_TF.tsv	bd-rhap-rep1-X/regulons_20_TF.tsv	10x-rep1-kallisto-cellbender-X/regulons_20_TF.tsv
773	pDC	FOS	0.05263157894736842	20	20	20	20	bd-rhap-rep1-X/regulons_20_TF.tsv vs 10x-rep1-kallisto-cellbender-X/regulons_20_TF.tsv	bd-rhap-rep1-X/regulons_20_TF.tsv	10x-rep1-kallisto-cellbender-X/regulons_20_TF.tsv
774	cd14+_monocytes	STAT1	0.17647058823529413	20	20	20	20	bd-rhap-rep1-X/regulons_20_TF.tsv vs 10x-rep1-kallisto-cellbender-X/regulons_20_TF.tsv	bd-rhap-rep1-X/regulons_20_TF.tsv	10x-rep1-kallisto-cellbender-X/regulons_20_TF.tsv
775	pDC	IRF8	0.7391304347826086	20	20	20	20	bd-rhap-rep1-X/regulons_20_TF.tsv vs 10x-rep1-kallisto-cellbender-X/regulons_20_TF.tsv	bd-rhap-rep1-X/regulons_20_TF.tsv	10x-rep1-kallisto-cellbender-X/regulons_20_TF.tsv
776	DC	MAX	0.0	20	20	20	20	bd-rhap-rep1-X/regulons_20_TF.tsv vs 10x-rep1-kallisto-cellbender-X/regulons_20_TF.tsv	bd-rhap-rep1-X/regulons_20_TF.tsv	10x-rep1-kallisto-cellbender-X/regulons_20_TF.tsv
777	cd4+_tcells	BTG2	0.14285714285714285	20	20	20	20	bd-rhap-rep1-X/regulons_20_TF.tsv vs 10x-rep1-kallisto-cellbender-X/regulons_20_TF.tsv	bd-rhap-rep1-X/regulons_20_TF.tsv	10x-rep1-kallisto-cellbender-X/regulons_20_TF.tsv
778	pDC	HMGB2	0.0	20	20	20	20	bd-rhap-rep1-X/regulons_20_TF.tsv vs 10x-rep1-kallisto-cellbender-X/regulons_20_TF.tsv	bd-rhap-rep1-X/regulons_20_TF.tsv	10x-rep1-kallisto-cellbender-X/regulons_20_TF.tsv
779	cd8+_tcells	BTG2	0.17647058823529413	20	20	20	20	bd-rhap-rep1-X/regulons_20_TF.tsv vs 10x-rep1-kallisto-cellbender-X/regulons_20_TF.tsv	bd-rhap-rep1-X/regulons_20_TF.tsv	10x-rep1-kallisto-cellbender-X/regulons_20_TF.tsv
780	cd14+_monocytes	SOX4	0.3793103448275862	20	20	20	20	bd-rhap-rep1-X/regulons_20_TF.tsv vs 10x-rep1-kallisto-cellbender-X/regulons_20_TF.tsv	bd-rhap-rep1-X/regulons_20_TF.tsv	10x-rep1-kallisto-cellbender-X/regulons_20_TF.tsv
781	cd8+_tcells	TLE5	0.3333333333333333	20	20	20	20	bd-rhap-rep1-X/regulons_20_TF.tsv vs 10x-rep1-kallisto-cellbender-X/regulons_20_TF.tsv	bd-rhap-rep1-X/regulons_20_TF.tsv	10x-rep1-kallisto-cellbender-X/regulons_20_TF.tsv
782	cd4+_tcells	TLE5	0.3333333333333333	20	20	20	20	bd-rhap-rep1-X/regulons_20_TF.tsv vs 10x-rep1-kallisto-cellbender-X/regulons_20_TF.tsv	bd-rhap-rep1-X/regulons_20_TF.tsv	10x-rep1-kallisto-cellbender-X/regulons_20_TF.tsv
783	b_cells	FOS	0.1111111111111111	20	20	20	20	bd-rhap-rep1-X/regulons_20_TF.tsv vs 10x-rep1-kallisto-cellbender-X/regulons_20_TF.tsv	bd-rhap-rep1-X/regulons_20_TF.tsv	10x-rep1-kallisto-cellbender-X/regulons_20_TF.tsv
784	cd14+_monocytes	CEBPD	0.3333333333333333	20	20	20	20	bd-rhap-rep1-X/regulons_20_TF.tsv vs 10x-rep1-kallisto-cellbender-X/regulons_20_TF.tsv	bd-rhap-rep1-X/regulons_20_TF.tsv	10x-rep1-kallisto-cellbender-X/regulons_20_TF.tsv
785	nk_cells	CEBPD	0.14285714285714285	20	20	20	20	bd-rhap-rep1-X/regulons_20_TF.tsv vs 10x-rep1-kallisto-cellbender-X/regulons_20_TF.tsv	bd-rhap-rep1-X/regulons_20_TF.tsv	10x-rep1-kallisto-cellbender-X/regulons_20_TF.tsv
786	cd14-_monocytes	CEBPD	0.21212121212121213	20	20	20	20	bd-rhap-rep1-X/regulons_20_TF.tsv vs 10x-rep1-kallisto-cellbender-X/regulons_20_TF.tsv	bd-rhap-rep1-X/regulons_20_TF.tsv	10x-rep1-kallisto-cellbender-X/regulons_20_TF.tsv
787	b_cells	IRF8	0.48148148148148145	20	20	20	20	bd-rhap-rep1-X/regulons_20_TF.tsv vs 10x-rep1-kallisto-cellbender-X/regulons_20_TF.tsv	bd-rhap-rep1-X/regulons_20_TF.tsv	10x-rep1-kallisto-cellbender-X/regulons_20_TF.tsv
788	DC	CEBPD	0.25	20	20	20	20	bd-rhap-rep1-X/regulons_20_TF.tsv vs 10x-rep1-kallisto-cellbender-X/regulons_20_TF.tsv	bd-rhap-rep1-X/regulons_20_TF.tsv	10x-rep1-kallisto-cellbender-X/regulons_20_TF.tsv
789	pDC	TLE5	0.21212121212121213	20	20	20	20	bd-rhap-rep1-X/regulons_20_TF.tsv vs 10x-rep1-kallisto-cellbender-X/regulons_20_TF.tsv	bd-rhap-rep1-X/regulons_20_TF.tsv	10x-rep1-kallisto-cellbender-X/regulons_20_TF.tsv
790	pDC	BCL11A	0.5384615384615384	20	20	20	20	bd-rhap-rep1-X/regulons_20_TF.tsv vs 10x-rep1-kallisto-cellbender-X/regulons_20_TF.tsv	bd-rhap-rep1-X/regulons_20_TF.tsv	10x-rep1-kallisto-cellbender-X/regulons_20_TF.tsv
791	cd14-_monocytes	RUNX3	0.21212121212121213	20	20	20	20	bd-rhap-rep1-X/regulons_20_TF.tsv vs 10x-rep1-kallisto-cellbender-X/regulons_20_TF.tsv	bd-rhap-rep1-X/regulons_20_TF.tsv	10x-rep1-kallisto-cellbender-X/regulons_20_TF.tsv
792	pDC	TCF4	0.3793103448275862	20	20	20	20	bd-rhap-rep1-X/regulons_20_TF.tsv vs 10x-rep1-kallisto-cellbender-X/regulons_20_TF.tsv	bd-rhap-rep1-X/regulons_20_TF.tsv	10x-rep1-kallisto-cellbender-X/regulons_20_TF.tsv
793	cd14-_monocytes	NR4A1	0.21212121212121213	20	20	20	20	bd-rhap-rep1-X/regulons_20_TF.tsv vs 10x-rep1-kallisto-cellbender-X/regulons_20_TF.tsv	bd-rhap-rep1-X/regulons_20_TF.tsv	10x-rep1-kallisto-cellbender-X/regulons_20_TF.tsv
794	nk_cells	FOS	0.1111111111111111	20	20	20	20	bd-rhap-rep1-X/regulons_20_TF.tsv vs 10x-rep1-kallisto-cellbender-X/regulons_20_TF.tsv	bd-rhap-rep1-X/regulons_20_TF.tsv	10x-rep1-kallisto-cellbender-X/regulons_20_TF.tsv
795	DC	FOS	0.14285714285714285	20	20	20	20	bd-rhap-rep1-X/regulons_20_TF.tsv vs 10x-rep1-kallisto-cellbender-X/regulons_20_TF.tsv	bd-rhap-rep1-X/regulons_20_TF.tsv	10x-rep1-kallisto-cellbender-X/regulons_20_TF.tsv
796	cd14+_monocytes	ID2	0.21212121212121213	20	20	20	20	bd-rhap-rep1-X/regulons_20_TF.tsv vs 10x-rep1-kallisto-cellbender-X/regulons_20_TF.tsv	bd-rhap-rep1-X/regulons_20_TF.tsv	10x-rep1-kallisto-cellbender-X/regulons_20_TF.tsv
797	DC	LMO4	0.42857142857142855	20	20	20	20	bd-rhap-rep1-X/regulons_20_TF.tsv vs 10x-rep1-kallisto-cellbender-X/regulons_20_TF.tsv	bd-rhap-rep1-X/regulons_20_TF.tsv	10x-rep1-kallisto-cellbender-X/regulons_20_TF.tsv
798	b_cells	BCL11A	0.48148148148148145	20	20	20	20	bd-rhap-rep1-X/regulons_20_TF.tsv vs 10x-rep1-kallisto-cellbender-X/regulons_20_TF.tsv	bd-rhap-rep1-X/regulons_20_TF.tsv	10x-rep1-kallisto-cellbender-X/regulons_20_TF.tsv
799	b_cells	TLE5	0.21212121212121213	20	20	20	20	bd-rhap-rep1-X/regulons_20_TF.tsv vs 10x-rep1-kallisto-cellbender-X/regulons_20_TF.tsv	bd-rhap-rep1-X/regulons_20_TF.tsv	10x-rep1-kallisto-cellbender-X/regulons_20_TF.tsv
800	cd14-_monocytes	ID2	0.08108108108108109	20	20	20	20	bd-rhap-rep1-X/regulons_20_TF.tsv vs 10x-rep1-kallisto-cellbender-X/regulons_20_TF.tsv	bd-rhap-rep1-X/regulons_20_TF.tsv	10x-rep1-kallisto-cellbender-X/regulons_20_TF.tsv
801	DC	IRF8	0.3793103448275862	20	20	20	20	bd-rhap-rep1-X/regulons_20_TF.tsv vs 10x-rep1-kallisto-cellbender-X/regulons_20_TF.tsv	bd-rhap-rep1-X/regulons_20_TF.tsv	10x-rep1-kallisto-cellbender-X/regulons_20_TF.tsv
802	DC	HMGB2	0.17647058823529413	20	20	20	20	bd-rhap-rep1-X/regulons_20_TF.tsv vs 10x-rep1-kallisto-cellbender-X/regulons_20_TF.tsv	bd-rhap-rep1-X/regulons_20_TF.tsv	10x-rep1-kallisto-cellbender-X/regulons_20_TF.tsv
803	DC	ID2	0.08108108108108109	20	20	20	20	bd-rhap-rep1-X/regulons_20_TF.tsv vs 10x-rep1-kallisto-cellbender-X/regulons_20_TF.tsv	bd-rhap-rep1-X/regulons_20_TF.tsv	10x-rep1-kallisto-cellbender-X/regulons_20_TF.tsv
804	b_cells	TCF4	0.3793103448275862	20	20	20	20	bd-rhap-rep1-X/regulons_20_TF.tsv vs 10x-rep1-kallisto-cellbender-X/regulons_20_TF.tsv	bd-rhap-rep1-X/regulons_20_TF.tsv	10x-rep1-kallisto-cellbender-X/regulons_20_TF.tsv
805	b_cells	SP140	0.42857142857142855	20	20	20	20	bd-rhap-rep1-X/regulons_20_TF.tsv vs 10x-rep1-kallisto-cellbender-X/regulons_20_TF.tsv	bd-rhap-rep1-X/regulons_20_TF.tsv	10x-rep1-kallisto-cellbender-X/regulons_20_TF.tsv
806	cd14-_monocytes	BTG2	0.05263157894736842	20	20	20	20	bd-rhap-rep2-X/regulons_20_TF.tsv vs 10x-rep1-kallisto-cellbender-X/regulons_20_TF.tsv	bd-rhap-rep2-X/regulons_20_TF.tsv	10x-rep1-kallisto-cellbender-X/regulons_20_TF.tsv
807	cd8+_tcells	RUNX3	0.08108108108108109	20	20	20	20	bd-rhap-rep2-X/regulons_20_TF.tsv vs 10x-rep1-kallisto-cellbender-X/regulons_20_TF.tsv	bd-rhap-rep2-X/regulons_20_TF.tsv	10x-rep1-kallisto-cellbender-X/regulons_20_TF.tsv
808	cd8+_tcells	HOPX	0.21212121212121213	20	20	20	20	bd-rhap-rep2-X/regulons_20_TF.tsv vs 10x-rep1-kallisto-cellbender-X/regulons_20_TF.tsv	bd-rhap-rep2-X/regulons_20_TF.tsv	10x-rep1-kallisto-cellbender-X/regulons_20_TF.tsv
809	cd8+_tcells	IKZF3	0.25	20	20	20	20	bd-rhap-rep2-X/regulons_20_TF.tsv vs 10x-rep1-kallisto-cellbender-X/regulons_20_TF.tsv	bd-rhap-rep2-X/regulons_20_TF.tsv	10x-rep1-kallisto-cellbender-X/regulons_20_TF.tsv
810	DC	ZEB2	0.17647058823529413	20	20	20	20	bd-rhap-rep2-X/regulons_20_TF.tsv vs 10x-rep1-kallisto-cellbender-X/regulons_20_TF.tsv	bd-rhap-rep2-X/regulons_20_TF.tsv	10x-rep1-kallisto-cellbender-X/regulons_20_TF.tsv
811	DC	BCL11A	0.3333333333333333	20	20	20	20	bd-rhap-rep2-X/regulons_20_TF.tsv vs 10x-rep1-kallisto-cellbender-X/regulons_20_TF.tsv	bd-rhap-rep2-X/regulons_20_TF.tsv	10x-rep1-kallisto-cellbender-X/regulons_20_TF.tsv
812	cd8+_tcells	ID2	0.1111111111111111	20	20	20	20	bd-rhap-rep2-X/regulons_20_TF.tsv vs 10x-rep1-kallisto-cellbender-X/regulons_20_TF.tsv	bd-rhap-rep2-X/regulons_20_TF.tsv	10x-rep1-kallisto-cellbender-X/regulons_20_TF.tsv
813	nk_cells	ETS1	0.17647058823529413	20	20	20	20	bd-rhap-rep2-X/regulons_20_TF.tsv vs 10x-rep1-kallisto-cellbender-X/regulons_20_TF.tsv	bd-rhap-rep2-X/regulons_20_TF.tsv	10x-rep1-kallisto-cellbender-X/regulons_20_TF.tsv
814	pDC	RUNX2	0.3793103448275862	20	20	20	20	bd-rhap-rep2-X/regulons_20_TF.tsv vs 10x-rep1-kallisto-cellbender-X/regulons_20_TF.tsv	bd-rhap-rep2-X/regulons_20_TF.tsv	10x-rep1-kallisto-cellbender-X/regulons_20_TF.tsv
815	nk_cells	TFDP2	0.3333333333333333	20	20	20	20	bd-rhap-rep2-X/regulons_20_TF.tsv vs 10x-rep1-kallisto-cellbender-X/regulons_20_TF.tsv	bd-rhap-rep2-X/regulons_20_TF.tsv	10x-rep1-kallisto-cellbender-X/regulons_20_TF.tsv
816	pDC	IRF8	0.6666666666666666	20	20	20	20	bd-rhap-rep2-X/regulons_20_TF.tsv vs 10x-rep1-kallisto-cellbender-X/regulons_20_TF.tsv	bd-rhap-rep2-X/regulons_20_TF.tsv	10x-rep1-kallisto-cellbender-X/regulons_20_TF.tsv
817	DC	MAX	0.0	20	20	20	20	bd-rhap-rep2-X/regulons_20_TF.tsv vs 10x-rep1-kallisto-cellbender-X/regulons_20_TF.tsv	bd-rhap-rep2-X/regulons_20_TF.tsv	10x-rep1-kallisto-cellbender-X/regulons_20_TF.tsv
818	cd8+_tcells	BTG2	0.17647058823529413	20	20	20	20	bd-rhap-rep2-X/regulons_20_TF.tsv vs 10x-rep1-kallisto-cellbender-X/regulons_20_TF.tsv	bd-rhap-rep2-X/regulons_20_TF.tsv	10x-rep1-kallisto-cellbender-X/regulons_20_TF.tsv
819	cd14+_monocytes	SOX4	0.3333333333333333	20	20	20	20	bd-rhap-rep2-X/regulons_20_TF.tsv vs 10x-rep1-kallisto-cellbender-X/regulons_20_TF.tsv	bd-rhap-rep2-X/regulons_20_TF.tsv	10x-rep1-kallisto-cellbender-X/regulons_20_TF.tsv
820	nk_cells	MYBL1	0.3333333333333333	20	20	20	20	bd-rhap-rep2-X/regulons_20_TF.tsv vs 10x-rep1-kallisto-cellbender-X/regulons_20_TF.tsv	bd-rhap-rep2-X/regulons_20_TF.tsv	10x-rep1-kallisto-cellbender-X/regulons_20_TF.tsv
821	b_cells	IRF8	0.21212121212121213	20	20	20	20	bd-rhap-rep2-X/regulons_20_TF.tsv vs 10x-rep1-kallisto-cellbender-X/regulons_20_TF.tsv	bd-rhap-rep2-X/regulons_20_TF.tsv	10x-rep1-kallisto-cellbender-X/regulons_20_TF.tsv
822	cd8+_tcells	TCF7	0.17647058823529413	20	20	20	20	bd-rhap-rep2-X/regulons_20_TF.tsv vs 10x-rep1-kallisto-cellbender-X/regulons_20_TF.tsv	bd-rhap-rep2-X/regulons_20_TF.tsv	10x-rep1-kallisto-cellbender-X/regulons_20_TF.tsv
823	pDC	BCL11A	0.5384615384615384	20	20	20	20	bd-rhap-rep2-X/regulons_20_TF.tsv vs 10x-rep1-kallisto-cellbender-X/regulons_20_TF.tsv	bd-rhap-rep2-X/regulons_20_TF.tsv	10x-rep1-kallisto-cellbender-X/regulons_20_TF.tsv
824	cd14-_monocytes	RUNX3	0.14285714285714285	20	20	20	20	bd-rhap-rep2-X/regulons_20_TF.tsv vs 10x-rep1-kallisto-cellbender-X/regulons_20_TF.tsv	bd-rhap-rep2-X/regulons_20_TF.tsv	10x-rep1-kallisto-cellbender-X/regulons_20_TF.tsv
825	pDC	TCF4	0.42857142857142855	20	20	20	20	bd-rhap-rep2-X/regulons_20_TF.tsv vs 10x-rep1-kallisto-cellbender-X/regulons_20_TF.tsv	bd-rhap-rep2-X/regulons_20_TF.tsv	10x-rep1-kallisto-cellbender-X/regulons_20_TF.tsv
826	nk_cells	RUNX3	0.21212121212121213	20	20	20	20	bd-rhap-rep2-X/regulons_20_TF.tsv vs 10x-rep1-kallisto-cellbender-X/regulons_20_TF.tsv	bd-rhap-rep2-X/regulons_20_TF.tsv	10x-rep1-kallisto-cellbender-X/regulons_20_TF.tsv
827	nk_cells	HOPX	0.2903225806451613	20	20	20	20	bd-rhap-rep2-X/regulons_20_TF.tsv vs 10x-rep1-kallisto-cellbender-X/regulons_20_TF.tsv	bd-rhap-rep2-X/regulons_20_TF.tsv	10x-rep1-kallisto-cellbender-X/regulons_20_TF.tsv
828	cd14-_monocytes	NR4A1	0.1111111111111111	20	20	20	20	bd-rhap-rep2-X/regulons_20_TF.tsv vs 10x-rep1-kallisto-cellbender-X/regulons_20_TF.tsv	bd-rhap-rep2-X/regulons_20_TF.tsv	10x-rep1-kallisto-cellbender-X/regulons_20_TF.tsv
829	DC	NR4A1	0.02564102564102564	20	20	20	20	bd-rhap-rep2-X/regulons_20_TF.tsv vs 10x-rep1-kallisto-cellbender-X/regulons_20_TF.tsv	bd-rhap-rep2-X/regulons_20_TF.tsv	10x-rep1-kallisto-cellbender-X/regulons_20_TF.tsv
830	cd14+_monocytes	ID2	0.21212121212121213	20	20	20	20	bd-rhap-rep2-X/regulons_20_TF.tsv vs 10x-rep1-kallisto-cellbender-X/regulons_20_TF.tsv	bd-rhap-rep2-X/regulons_20_TF.tsv	10x-rep1-kallisto-cellbender-X/regulons_20_TF.tsv
831	DC	IRF7	0.08108108108108109	20	20	20	20	bd-rhap-rep2-X/regulons_20_TF.tsv vs 10x-rep1-kallisto-cellbender-X/regulons_20_TF.tsv	bd-rhap-rep2-X/regulons_20_TF.tsv	10x-rep1-kallisto-cellbender-X/regulons_20_TF.tsv
832	b_cells	BCL11A	0.42857142857142855	20	20	20	20	bd-rhap-rep2-X/regulons_20_TF.tsv vs 10x-rep1-kallisto-cellbender-X/regulons_20_TF.tsv	bd-rhap-rep2-X/regulons_20_TF.tsv	10x-rep1-kallisto-cellbender-X/regulons_20_TF.tsv
833	cd14-_monocytes	ID2	0.05263157894736842	20	20	20	20	bd-rhap-rep2-X/regulons_20_TF.tsv vs 10x-rep1-kallisto-cellbender-X/regulons_20_TF.tsv	bd-rhap-rep2-X/regulons_20_TF.tsv	10x-rep1-kallisto-cellbender-X/regulons_20_TF.tsv
834	DC	IRF8	0.2903225806451613	20	20	20	20	bd-rhap-rep2-X/regulons_20_TF.tsv vs 10x-rep1-kallisto-cellbender-X/regulons_20_TF.tsv	bd-rhap-rep2-X/regulons_20_TF.tsv	10x-rep1-kallisto-cellbender-X/regulons_20_TF.tsv
835	nk_cells	ID2	0.17647058823529413	20	20	20	20	bd-rhap-rep2-X/regulons_20_TF.tsv vs 10x-rep1-kallisto-cellbender-X/regulons_20_TF.tsv	bd-rhap-rep2-X/regulons_20_TF.tsv	10x-rep1-kallisto-cellbender-X/regulons_20_TF.tsv
836	DC	ID2	0.08108108108108109	20	20	20	20	bd-rhap-rep2-X/regulons_20_TF.tsv vs 10x-rep1-kallisto-cellbender-X/regulons_20_TF.tsv	bd-rhap-rep2-X/regulons_20_TF.tsv	10x-rep1-kallisto-cellbender-X/regulons_20_TF.tsv
837	pDC	SOX4	0.48148148148148145	20	20	20	20	bd-rhap-rep2-X/regulons_20_TF.tsv vs 10x-rep1-kallisto-cellbender-X/regulons_20_TF.tsv	bd-rhap-rep2-X/regulons_20_TF.tsv	10x-rep1-kallisto-cellbender-X/regulons_20_TF.tsv
838	b_cells	TCF4	0.2903225806451613	20	20	20	20	bd-rhap-rep2-X/regulons_20_TF.tsv vs 10x-rep1-kallisto-cellbender-X/regulons_20_TF.tsv	bd-rhap-rep2-X/regulons_20_TF.tsv	10x-rep1-kallisto-cellbender-X/regulons_20_TF.tsv
839	b_cells	SP140	0.3793103448275862	20	20	20	20	bd-rhap-rep2-X/regulons_20_TF.tsv vs 10x-rep1-kallisto-cellbender-X/regulons_20_TF.tsv	bd-rhap-rep2-X/regulons_20_TF.tsv	10x-rep1-kallisto-cellbender-X/regulons_20_TF.tsv
840	nk_cells	RUNX1	0.36363636363636365	30	30	30	20	bd-rhap-rep1-X/regulons_30_TF.tsv vs bd-rhap-rep2-X/regulons_30_TF.tsv	bd-rhap-rep1-X/regulons_30_TF.tsv	bd-rhap-rep2-X/regulons_30_TF.tsv
841	pDC	FOXP1	0.5	30	30	30	20	bd-rhap-rep1-X/regulons_30_TF.tsv vs bd-rhap-rep2-X/regulons_30_TF.tsv	bd-rhap-rep1-X/regulons_30_TF.tsv	bd-rhap-rep2-X/regulons_30_TF.tsv
842	cd8+_tcells	ID2	0.36363636363636365	30	30	30	20	bd-rhap-rep1-X/regulons_30_TF.tsv vs bd-rhap-rep2-X/regulons_30_TF.tsv	bd-rhap-rep1-X/regulons_30_TF.tsv	bd-rhap-rep2-X/regulons_30_TF.tsv
843	nk_cells	KAT6B	0.4634146341463415	30	30	30	20	bd-rhap-rep1-X/regulons_30_TF.tsv vs bd-rhap-rep2-X/regulons_30_TF.tsv	bd-rhap-rep1-X/regulons_30_TF.tsv	bd-rhap-rep2-X/regulons_30_TF.tsv
844	pDC	IRF8	0.6216216216216216	30	30	30	20	bd-rhap-rep1-X/regulons_30_TF.tsv vs bd-rhap-rep2-X/regulons_30_TF.tsv	bd-rhap-rep1-X/regulons_30_TF.tsv	bd-rhap-rep2-X/regulons_30_TF.tsv
845	nk_cells	NFATC2	0.4634146341463415	30	30	30	20	bd-rhap-rep1-X/regulons_30_TF.tsv vs bd-rhap-rep2-X/regulons_30_TF.tsv	bd-rhap-rep1-X/regulons_30_TF.tsv	bd-rhap-rep2-X/regulons_30_TF.tsv
846	cd14-_monocytes	HDAC9	0.25	30	30	30	20	bd-rhap-rep1-X/regulons_30_TF.tsv vs bd-rhap-rep2-X/regulons_30_TF.tsv	bd-rhap-rep1-X/regulons_30_TF.tsv	bd-rhap-rep2-X/regulons_30_TF.tsv
847	b_cells	ZBTB20	0.4634146341463415	30	30	30	20	bd-rhap-rep1-X/regulons_30_TF.tsv vs bd-rhap-rep2-X/regulons_30_TF.tsv	bd-rhap-rep1-X/regulons_30_TF.tsv	bd-rhap-rep2-X/regulons_30_TF.tsv
848	cd4+_tcells	RUNX1	0.22448979591836735	30	30	30	20	bd-rhap-rep1-X/regulons_30_TF.tsv vs bd-rhap-rep2-X/regulons_30_TF.tsv	bd-rhap-rep1-X/regulons_30_TF.tsv	bd-rhap-rep2-X/regulons_30_TF.tsv
849	cd14-_monocytes	SOX4	0.3953488372093023	30	30	30	20	bd-rhap-rep1-X/regulons_30_TF.tsv vs bd-rhap-rep2-X/regulons_30_TF.tsv	bd-rhap-rep1-X/regulons_30_TF.tsv	bd-rhap-rep2-X/regulons_30_TF.tsv
850	cd4+_tcells	KLF12	0.5384615384615384	30	30	30	20	bd-rhap-rep1-X/regulons_30_TF.tsv vs bd-rhap-rep2-X/regulons_30_TF.tsv	bd-rhap-rep1-X/regulons_30_TF.tsv	bd-rhap-rep2-X/regulons_30_TF.tsv
851	cd14+_monocytes	FOXP1	0.4634146341463415	30	30	30	20	bd-rhap-rep1-X/regulons_30_TF.tsv vs bd-rhap-rep2-X/regulons_30_TF.tsv	bd-rhap-rep1-X/regulons_30_TF.tsv	bd-rhap-rep2-X/regulons_30_TF.tsv
852	cd8+_tcells	KLF12	0.5789473684210527	30	30	30	20	bd-rhap-rep1-X/regulons_30_TF.tsv vs bd-rhap-rep2-X/regulons_30_TF.tsv	bd-rhap-rep1-X/regulons_30_TF.tsv	bd-rhap-rep2-X/regulons_30_TF.tsv
853	b_cells	IRF8	0.4634146341463415	30	30	30	20	bd-rhap-rep1-X/regulons_30_TF.tsv vs bd-rhap-rep2-X/regulons_30_TF.tsv	bd-rhap-rep1-X/regulons_30_TF.tsv	bd-rhap-rep2-X/regulons_30_TF.tsv
854	pDC	RUNX1	0.30434782608695654	30	30	30	20	bd-rhap-rep1-X/regulons_30_TF.tsv vs bd-rhap-rep2-X/regulons_30_TF.tsv	bd-rhap-rep1-X/regulons_30_TF.tsv	bd-rhap-rep2-X/regulons_30_TF.tsv
855	cd4+_tcells	MAX	0.2765957446808511	30	30	30	20	bd-rhap-rep1-X/regulons_30_TF.tsv vs bd-rhap-rep2-X/regulons_30_TF.tsv	bd-rhap-rep1-X/regulons_30_TF.tsv	bd-rhap-rep2-X/regulons_30_TF.tsv
856	cd14+_monocytes	NFAT5	0.4634146341463415	30	30	30	20	bd-rhap-rep1-X/regulons_30_TF.tsv vs bd-rhap-rep2-X/regulons_30_TF.tsv	bd-rhap-rep1-X/regulons_30_TF.tsv	bd-rhap-rep2-X/regulons_30_TF.tsv
857	nk_cells	NFAT5	0.3333333333333333	30	30	30	20	bd-rhap-rep1-X/regulons_30_TF.tsv vs bd-rhap-rep2-X/regulons_30_TF.tsv	bd-rhap-rep1-X/regulons_30_TF.tsv	bd-rhap-rep2-X/regulons_30_TF.tsv
858	DC	IRF8	0.5	30	30	30	20	bd-rhap-rep1-X/regulons_30_TF.tsv vs bd-rhap-rep2-X/regulons_30_TF.tsv	bd-rhap-rep1-X/regulons_30_TF.tsv	bd-rhap-rep2-X/regulons_30_TF.tsv
859	cd4+_tcells	TRERF1	0.30434782608695654	30	30	30	20	bd-rhap-rep1-X/regulons_30_TF.tsv vs bd-rhap-rep2-X/regulons_30_TF.tsv	bd-rhap-rep1-X/regulons_30_TF.tsv	bd-rhap-rep2-X/regulons_30_TF.tsv
860	cd14-_monocytes	NFATC3	0.42857142857142855	30	30	30	20	bd-rhap-rep1-X/regulons_30_TF.tsv vs bd-rhap-rep2-X/regulons_30_TF.tsv	bd-rhap-rep1-X/regulons_30_TF.tsv	bd-rhap-rep2-X/regulons_30_TF.tsv
861	cd14+_monocytes	RUNX1	0.42857142857142855	30	30	30	20	bd-rhap-rep1-X/regulons_30_TF.tsv vs bd-rhap-rep2-X/regulons_30_TF.tsv	bd-rhap-rep1-X/regulons_30_TF.tsv	bd-rhap-rep2-X/regulons_30_TF.tsv
862	b_cells	MAX	0.22448979591836735	30	30	30	20	bd-rhap-rep1-X/regulons_30_TF.tsv vs bd-rhap-rep2-X/regulons_30_TF.tsv	bd-rhap-rep1-X/regulons_30_TF.tsv	bd-rhap-rep2-X/regulons_30_TF.tsv
863	cd8+_tcells	RUNX3	0.4634146341463415	30	30	30	20	bd-rhap-rep1-X/regulons_30_TF.tsv vs bd-rhap-rep2-X/regulons_30_TF.tsv	bd-rhap-rep1-X/regulons_30_TF.tsv	bd-rhap-rep2-X/regulons_30_TF.tsv
864	cd4+_tcells	TCF12	0.07142857142857142	30	15	30	20	bd-rhap-rep1-X/regulons_30_TF.tsv vs bd-rhap-rep2-X/regulons_30_TF.tsv	bd-rhap-rep1-X/regulons_30_TF.tsv	bd-rhap-rep2-X/regulons_30_TF.tsv
865	pDC	TRERF1	0.2765957446808511	30	30	30	20	bd-rhap-rep1-X/regulons_30_TF.tsv vs bd-rhap-rep2-X/regulons_30_TF.tsv	bd-rhap-rep1-X/regulons_30_TF.tsv	bd-rhap-rep2-X/regulons_30_TF.tsv
866	DC	RUNX1	0.3333333333333333	30	30	30	20	bd-rhap-rep1-X/regulons_30_TF.tsv vs bd-rhap-rep2-X/regulons_30_TF.tsv	bd-rhap-rep1-X/regulons_30_TF.tsv	bd-rhap-rep2-X/regulons_30_TF.tsv
867	nk_cells	KLF12	0.6666666666666666	30	30	30	20	bd-rhap-rep1-X/regulons_30_TF.tsv vs bd-rhap-rep2-X/regulons_30_TF.tsv	bd-rhap-rep1-X/regulons_30_TF.tsv	bd-rhap-rep2-X/regulons_30_TF.tsv
868	cd4+_tcells	ID2	0.2765957446808511	30	30	30	20	bd-rhap-rep1-X/regulons_30_TF.tsv vs bd-rhap-rep2-X/regulons_30_TF.tsv	bd-rhap-rep1-X/regulons_30_TF.tsv	bd-rhap-rep2-X/regulons_30_TF.tsv
869	nk_cells	MAX	0.05263157894736842	30	30	30	20	bd-rhap-rep1-X/regulons_30_TF.tsv vs bd-rhap-rep2-X/regulons_30_TF.tsv	bd-rhap-rep1-X/regulons_30_TF.tsv	bd-rhap-rep2-X/regulons_30_TF.tsv
870	DC	MAX	0.05263157894736842	30	30	30	20	bd-rhap-rep1-X/regulons_30_TF.tsv vs bd-rhap-rep2-X/regulons_30_TF.tsv	bd-rhap-rep1-X/regulons_30_TF.tsv	bd-rhap-rep2-X/regulons_30_TF.tsv
871	cd14+_monocytes	TRPS1	0.4634146341463415	30	30	30	20	bd-rhap-rep1-X/regulons_30_TF.tsv vs bd-rhap-rep2-X/regulons_30_TF.tsv	bd-rhap-rep1-X/regulons_30_TF.tsv	bd-rhap-rep2-X/regulons_30_TF.tsv
872	cd8+_tcells	BTG2	0.3333333333333333	30	30	30	20	bd-rhap-rep1-X/regulons_30_TF.tsv vs bd-rhap-rep2-X/regulons_30_TF.tsv	bd-rhap-rep1-X/regulons_30_TF.tsv	bd-rhap-rep2-X/regulons_30_TF.tsv
873	DC	NFATC2	0.30434782608695654	30	30	30	20	bd-rhap-rep1-X/regulons_30_TF.tsv vs bd-rhap-rep2-X/regulons_30_TF.tsv	bd-rhap-rep1-X/regulons_30_TF.tsv	bd-rhap-rep2-X/regulons_30_TF.tsv
874	cd8+_tcells	PRDM1	0.2765957446808511	30	30	30	20	bd-rhap-rep1-X/regulons_30_TF.tsv vs bd-rhap-rep2-X/regulons_30_TF.tsv	bd-rhap-rep1-X/regulons_30_TF.tsv	bd-rhap-rep2-X/regulons_30_TF.tsv
875	cd14+_monocytes	ZBTB20	0.36363636363636365	30	30	30	20	bd-rhap-rep1-X/regulons_30_TF.tsv vs bd-rhap-rep2-X/regulons_30_TF.tsv	bd-rhap-rep1-X/regulons_30_TF.tsv	bd-rhap-rep2-X/regulons_30_TF.tsv
876	cd14+_monocytes	IRF7	0.25	30	30	30	20	bd-rhap-rep1-X/regulons_30_TF.tsv vs bd-rhap-rep2-X/regulons_30_TF.tsv	bd-rhap-rep1-X/regulons_30_TF.tsv	bd-rhap-rep2-X/regulons_30_TF.tsv
877	cd14-_monocytes	NFAT5	0.2765957446808511	30	30	30	20	bd-rhap-rep1-X/regulons_30_TF.tsv vs bd-rhap-rep2-X/regulons_30_TF.tsv	bd-rhap-rep1-X/regulons_30_TF.tsv	bd-rhap-rep2-X/regulons_30_TF.tsv
878	cd14+_monocytes	NR4A1	0.42857142857142855	30	30	30	20	bd-rhap-rep1-X/regulons_30_TF.tsv vs bd-rhap-rep2-X/regulons_30_TF.tsv	bd-rhap-rep1-X/regulons_30_TF.tsv	bd-rhap-rep2-X/regulons_30_TF.tsv
879	cd14+_monocytes	ID2	0.5	30	30	30	20	bd-rhap-rep1-X/regulons_30_TF.tsv vs bd-rhap-rep2-X/regulons_30_TF.tsv	bd-rhap-rep1-X/regulons_30_TF.tsv	bd-rhap-rep2-X/regulons_30_TF.tsv
880	pDC	TFDP2	0.07142857142857142	30	30	30	20	bd-rhap-rep1-X/regulons_30_TF.tsv vs bd-rhap-rep2-X/regulons_30_TF.tsv	bd-rhap-rep1-X/regulons_30_TF.tsv	bd-rhap-rep2-X/regulons_30_TF.tsv
881	cd8+_tcells	FOSB	0.42857142857142855	30	30	30	20	bd-rhap-rep1-X/regulons_30_TF.tsv vs bd-rhap-rep2-X/regulons_30_TF.tsv	bd-rhap-rep1-X/regulons_30_TF.tsv	bd-rhap-rep2-X/regulons_30_TF.tsv
882	nk_cells	ID2	0.4634146341463415	30	30	30	20	bd-rhap-rep1-X/regulons_30_TF.tsv vs bd-rhap-rep2-X/regulons_30_TF.tsv	bd-rhap-rep1-X/regulons_30_TF.tsv	bd-rhap-rep2-X/regulons_30_TF.tsv
883	cd14+_monocytes	HIPK2	0.2765957446808511	30	30	30	20	bd-rhap-rep1-X/regulons_30_TF.tsv vs bd-rhap-rep2-X/regulons_30_TF.tsv	bd-rhap-rep1-X/regulons_30_TF.tsv	bd-rhap-rep2-X/regulons_30_TF.tsv
884	DC	ID2	0.3953488372093023	30	30	30	20	bd-rhap-rep1-X/regulons_30_TF.tsv vs bd-rhap-rep2-X/regulons_30_TF.tsv	bd-rhap-rep1-X/regulons_30_TF.tsv	bd-rhap-rep2-X/regulons_30_TF.tsv
885	b_cells	KLF12	0.25	30	30	30	20	bd-rhap-rep1-X/regulons_30_TF.tsv vs bd-rhap-rep2-X/regulons_30_TF.tsv	bd-rhap-rep1-X/regulons_30_TF.tsv	bd-rhap-rep2-X/regulons_30_TF.tsv
886	b_cells	HDAC9	0.4634146341463415	30	30	30	20	bd-rhap-rep1-X/regulons_30_TF.tsv vs bd-rhap-rep2-X/regulons_30_TF.tsv	bd-rhap-rep1-X/regulons_30_TF.tsv	bd-rhap-rep2-X/regulons_30_TF.tsv
887	cd14+_monocytes	HDAC9	0.5	30	30	30	20	bd-rhap-rep1-X/regulons_30_TF.tsv vs bd-rhap-rep2-X/regulons_30_TF.tsv	bd-rhap-rep1-X/regulons_30_TF.tsv	bd-rhap-rep2-X/regulons_30_TF.tsv
888	cd8+_tcells	NFATC3	0.1320754716981132	30	30	30	20	bd-rhap-rep1-X/regulons_30_TF.tsv vs bd-rhap-rep2-X/regulons_30_TF.tsv	bd-rhap-rep1-X/regulons_30_TF.tsv	bd-rhap-rep2-X/regulons_30_TF.tsv
889	DC	HDAC9	0.5384615384615384	30	30	30	20	bd-rhap-rep1-X/regulons_30_TF.tsv vs bd-rhap-rep2-X/regulons_30_TF.tsv	bd-rhap-rep1-X/regulons_30_TF.tsv	bd-rhap-rep2-X/regulons_30_TF.tsv
890	b_cells	RUNX3	0.3333333333333333	30	30	30	20	bd-rhap-rep1-X/regulons_30_TF.tsv vs bd-rhap-rep2-X/regulons_30_TF.tsv	bd-rhap-rep1-X/regulons_30_TF.tsv	bd-rhap-rep2-X/regulons_30_TF.tsv
891	cd14+_monocytes	RUNX3	0.3953488372093023	30	30	30	20	bd-rhap-rep1-X/regulons_30_TF.tsv vs bd-rhap-rep2-X/regulons_30_TF.tsv	bd-rhap-rep1-X/regulons_30_TF.tsv	bd-rhap-rep2-X/regulons_30_TF.tsv
892	cd14-_monocytes	ZBTB20	0.4634146341463415	30	30	30	20	bd-rhap-rep1-X/regulons_30_TF.tsv vs bd-rhap-rep2-X/regulons_30_TF.tsv	bd-rhap-rep1-X/regulons_30_TF.tsv	bd-rhap-rep2-X/regulons_30_TF.tsv
893	cd14+_monocytes	TCF12	0.3333333333333333	30	30	30	20	bd-rhap-rep1-X/regulons_30_TF.tsv vs bd-rhap-rep2-X/regulons_30_TF.tsv	bd-rhap-rep1-X/regulons_30_TF.tsv	bd-rhap-rep2-X/regulons_30_TF.tsv
894	cd14-_monocytes	SETBP1	0.36363636363636365	30	30	30	20	bd-rhap-rep1-X/regulons_30_TF.tsv vs bd-rhap-rep2-X/regulons_30_TF.tsv	bd-rhap-rep1-X/regulons_30_TF.tsv	bd-rhap-rep2-X/regulons_30_TF.tsv
895	cd14-_monocytes	IRF7	0.42857142857142855	30	30	30	20	bd-rhap-rep1-X/regulons_30_TF.tsv vs bd-rhap-rep2-X/regulons_30_TF.tsv	bd-rhap-rep1-X/regulons_30_TF.tsv	bd-rhap-rep2-X/regulons_30_TF.tsv
896	pDC	TCF4	0.5789473684210527	30	30	30	20	bd-rhap-rep1-X/regulons_30_TF.tsv vs bd-rhap-rep2-X/regulons_30_TF.tsv	bd-rhap-rep1-X/regulons_30_TF.tsv	bd-rhap-rep2-X/regulons_30_TF.tsv
897	cd14-_monocytes	NR4A1	0.3333333333333333	30	30	30	20	bd-rhap-rep1-X/regulons_30_TF.tsv vs bd-rhap-rep2-X/regulons_30_TF.tsv	bd-rhap-rep1-X/regulons_30_TF.tsv	bd-rhap-rep2-X/regulons_30_TF.tsv
898	b_cells	BCL11A	0.7647058823529411	30	30	30	20	bd-rhap-rep1-X/regulons_30_TF.tsv vs bd-rhap-rep2-X/regulons_30_TF.tsv	bd-rhap-rep1-X/regulons_30_TF.tsv	bd-rhap-rep2-X/regulons_30_TF.tsv
899	cd14-_monocytes	ID2	0.3333333333333333	30	30	30	20	bd-rhap-rep1-X/regulons_30_TF.tsv vs bd-rhap-rep2-X/regulons_30_TF.tsv	bd-rhap-rep1-X/regulons_30_TF.tsv	bd-rhap-rep2-X/regulons_30_TF.tsv
900	pDC	HDAC9	0.5789473684210527	30	30	30	20	bd-rhap-rep1-X/regulons_30_TF.tsv vs bd-rhap-rep2-X/regulons_30_TF.tsv	bd-rhap-rep1-X/regulons_30_TF.tsv	bd-rhap-rep2-X/regulons_30_TF.tsv
901	pDC	SOX4	0.5	30	30	30	20	bd-rhap-rep1-X/regulons_30_TF.tsv vs bd-rhap-rep2-X/regulons_30_TF.tsv	bd-rhap-rep1-X/regulons_30_TF.tsv	bd-rhap-rep2-X/regulons_30_TF.tsv
902	b_cells	TCF4	0.6216216216216216	30	30	30	20	bd-rhap-rep1-X/regulons_30_TF.tsv vs bd-rhap-rep2-X/regulons_30_TF.tsv	bd-rhap-rep1-X/regulons_30_TF.tsv	bd-rhap-rep2-X/regulons_30_TF.tsv
903	b_cells	SP140	0.4634146341463415	30	30	30	20	bd-rhap-rep1-X/regulons_30_TF.tsv vs bd-rhap-rep2-X/regulons_30_TF.tsv	bd-rhap-rep1-X/regulons_30_TF.tsv	bd-rhap-rep2-X/regulons_30_TF.tsv
904	DC	BCL11A	0.5789473684210527	30	30	30	20	bd-rhap-rep1-X/regulons_30_TF.tsv vs bd-rhap-rep2-X/regulons_30_TF.tsv	bd-rhap-rep1-X/regulons_30_TF.tsv	bd-rhap-rep2-X/regulons_30_TF.tsv
905	cd14-_monocytes	FOXO1	0.15384615384615385	30	30	30	20	bd-rhap-rep1-X/regulons_30_TF.tsv vs bd-rhap-rep2-X/regulons_30_TF.tsv	bd-rhap-rep1-X/regulons_30_TF.tsv	bd-rhap-rep2-X/regulons_30_TF.tsv
906	pDC	RUNX2	0.5789473684210527	30	30	30	20	bd-rhap-rep1-X/regulons_30_TF.tsv vs bd-rhap-rep2-X/regulons_30_TF.tsv	bd-rhap-rep1-X/regulons_30_TF.tsv	bd-rhap-rep2-X/regulons_30_TF.tsv
907	b_cells	FOXP1	0.5789473684210527	30	30	30	20	bd-rhap-rep1-X/regulons_30_TF.tsv vs bd-rhap-rep2-X/regulons_30_TF.tsv	bd-rhap-rep1-X/regulons_30_TF.tsv	bd-rhap-rep2-X/regulons_30_TF.tsv
908	b_cells	FOSB	0.36363636363636365	30	30	30	20	bd-rhap-rep1-X/regulons_30_TF.tsv vs bd-rhap-rep2-X/regulons_30_TF.tsv	bd-rhap-rep1-X/regulons_30_TF.tsv	bd-rhap-rep2-X/regulons_30_TF.tsv
909	pDC	ZEB1	0.42857142857142855	30	30	30	20	bd-rhap-rep1-X/regulons_30_TF.tsv vs bd-rhap-rep2-X/regulons_30_TF.tsv	bd-rhap-rep1-X/regulons_30_TF.tsv	bd-rhap-rep2-X/regulons_30_TF.tsv
910	cd14+_monocytes	SOX4	0.36363636363636365	30	30	30	20	bd-rhap-rep1-X/regulons_30_TF.tsv vs bd-rhap-rep2-X/regulons_30_TF.tsv	bd-rhap-rep1-X/regulons_30_TF.tsv	bd-rhap-rep2-X/regulons_30_TF.tsv
911	cd14+_monocytes	FOSB	0.3953488372093023	30	30	30	20	bd-rhap-rep1-X/regulons_30_TF.tsv vs bd-rhap-rep2-X/regulons_30_TF.tsv	bd-rhap-rep1-X/regulons_30_TF.tsv	bd-rhap-rep2-X/regulons_30_TF.tsv
912	cd4+_tcells	KAT6B	0.30434782608695654	30	30	30	20	bd-rhap-rep1-X/regulons_30_TF.tsv vs bd-rhap-rep2-X/regulons_30_TF.tsv	bd-rhap-rep1-X/regulons_30_TF.tsv	bd-rhap-rep2-X/regulons_30_TF.tsv
913	cd8+_tcells	STAT4	0.25	30	30	30	20	bd-rhap-rep1-X/regulons_30_TF.tsv vs bd-rhap-rep2-X/regulons_30_TF.tsv	bd-rhap-rep1-X/regulons_30_TF.tsv	bd-rhap-rep2-X/regulons_30_TF.tsv
914	cd8+_tcells	MAX	0.3333333333333333	30	30	30	20	bd-rhap-rep1-X/regulons_30_TF.tsv vs bd-rhap-rep2-X/regulons_30_TF.tsv	bd-rhap-rep1-X/regulons_30_TF.tsv	bd-rhap-rep2-X/regulons_30_TF.tsv
915	DC	FOXP1	0.3333333333333333	30	30	30	20	bd-rhap-rep1-X/regulons_30_TF.tsv vs bd-rhap-rep2-X/regulons_30_TF.tsv	bd-rhap-rep1-X/regulons_30_TF.tsv	bd-rhap-rep2-X/regulons_30_TF.tsv
916	DC	FOSB	0.36363636363636365	30	30	30	20	bd-rhap-rep1-X/regulons_30_TF.tsv vs bd-rhap-rep2-X/regulons_30_TF.tsv	bd-rhap-rep1-X/regulons_30_TF.tsv	bd-rhap-rep2-X/regulons_30_TF.tsv
917	pDC	BCL11A	0.6666666666666666	30	30	30	20	bd-rhap-rep1-X/regulons_30_TF.tsv vs bd-rhap-rep2-X/regulons_30_TF.tsv	bd-rhap-rep1-X/regulons_30_TF.tsv	bd-rhap-rep2-X/regulons_30_TF.tsv
918	cd14-_monocytes	RUNX3	0.5384615384615384	30	30	30	20	bd-rhap-rep1-X/regulons_30_TF.tsv vs bd-rhap-rep2-X/regulons_30_TF.tsv	bd-rhap-rep1-X/regulons_30_TF.tsv	bd-rhap-rep2-X/regulons_30_TF.tsv
919	cd8+_tcells	NFATC2	0.3333333333333333	30	30	30	20	bd-rhap-rep1-X/regulons_30_TF.tsv vs bd-rhap-rep2-X/regulons_30_TF.tsv	bd-rhap-rep1-X/regulons_30_TF.tsv	bd-rhap-rep2-X/regulons_30_TF.tsv
920	cd4+_tcells	HIVEP2	0.4634146341463415	30	30	30	20	bd-rhap-rep1-X/regulons_30_TF.tsv vs bd-rhap-rep2-X/regulons_30_TF.tsv	bd-rhap-rep1-X/regulons_30_TF.tsv	bd-rhap-rep2-X/regulons_30_TF.tsv
921	cd14-_monocytes	TCF12	0.36363636363636365	30	30	30	20	bd-rhap-rep1-X/regulons_30_TF.tsv vs bd-rhap-rep2-X/regulons_30_TF.tsv	bd-rhap-rep1-X/regulons_30_TF.tsv	bd-rhap-rep2-X/regulons_30_TF.tsv
922	DC	RUNX2	0.4634146341463415	30	30	30	20	bd-rhap-rep1-X/regulons_30_TF.tsv vs bd-rhap-rep2-X/regulons_30_TF.tsv	bd-rhap-rep1-X/regulons_30_TF.tsv	bd-rhap-rep2-X/regulons_30_TF.tsv
923	cd14+_monocytes	NFATC3	0.3333333333333333	30	30	30	20	bd-rhap-rep1-X/regulons_30_TF.tsv vs bd-rhap-rep2-X/regulons_30_TF.tsv	bd-rhap-rep1-X/regulons_30_TF.tsv	bd-rhap-rep2-X/regulons_30_TF.tsv
924	cd14+_monocytes	ZEB2	0.3333333333333333	30	30	30	20	bd-rhap-rep1-X/regulons_30_TF.tsv vs bd-rhap-rep2-X/regulons_30_TF.tsv	bd-rhap-rep1-X/regulons_30_TF.tsv	bd-rhap-rep2-X/regulons_30_TF.tsv
925	cd4+_tcells	ZBTB20	0.3953488372093023	30	30	30	20	bd-rhap-rep1-X/regulons_30_TF.tsv vs bd-rhap-rep2-X/regulons_30_TF.tsv	bd-rhap-rep1-X/regulons_30_TF.tsv	bd-rhap-rep2-X/regulons_30_TF.tsv
926	nk_cells	TOX	0.5789473684210527	30	30	30	20	bd-rhap-rep1-X/regulons_30_TF.tsv vs bd-rhap-rep2-X/regulons_30_TF.tsv	bd-rhap-rep1-X/regulons_30_TF.tsv	bd-rhap-rep2-X/regulons_30_TF.tsv
927	cd8+_tcells	RUNX3	0.09090909090909091	30	30	30	20	bd-rhap-rep1-X/regulons_30_TF.tsv vs 10x-rep1-kallisto-cellbender-X/regulons_30_TF.tsv	bd-rhap-rep1-X/regulons_30_TF.tsv	10x-rep1-kallisto-cellbender-X/regulons_30_TF.tsv
928	nk_cells	TLE5	0.25	30	30	30	20	bd-rhap-rep1-X/regulons_30_TF.tsv vs 10x-rep1-kallisto-cellbender-X/regulons_30_TF.tsv	bd-rhap-rep1-X/regulons_30_TF.tsv	10x-rep1-kallisto-cellbender-X/regulons_30_TF.tsv
929	cd14-_monocytes	TLE5	0.09090909090909091	30	30	30	20	bd-rhap-rep1-X/regulons_30_TF.tsv vs 10x-rep1-kallisto-cellbender-X/regulons_30_TF.tsv	bd-rhap-rep1-X/regulons_30_TF.tsv	10x-rep1-kallisto-cellbender-X/regulons_30_TF.tsv
930	DC	BCL11A	0.25	30	30	30	20	bd-rhap-rep1-X/regulons_30_TF.tsv vs 10x-rep1-kallisto-cellbender-X/regulons_30_TF.tsv	bd-rhap-rep1-X/regulons_30_TF.tsv	10x-rep1-kallisto-cellbender-X/regulons_30_TF.tsv
931	DC	TLE5	0.17647058823529413	30	30	30	20	bd-rhap-rep1-X/regulons_30_TF.tsv vs 10x-rep1-kallisto-cellbender-X/regulons_30_TF.tsv	bd-rhap-rep1-X/regulons_30_TF.tsv	10x-rep1-kallisto-cellbender-X/regulons_30_TF.tsv
932	cd8+_tcells	ID2	0.15384615384615385	30	30	30	20	bd-rhap-rep1-X/regulons_30_TF.tsv vs 10x-rep1-kallisto-cellbender-X/regulons_30_TF.tsv	bd-rhap-rep1-X/regulons_30_TF.tsv	10x-rep1-kallisto-cellbender-X/regulons_30_TF.tsv
933	pDC	LMO4	0.6216216216216216	30	30	30	20	bd-rhap-rep1-X/regulons_30_TF.tsv vs 10x-rep1-kallisto-cellbender-X/regulons_30_TF.tsv	bd-rhap-rep1-X/regulons_30_TF.tsv	10x-rep1-kallisto-cellbender-X/regulons_30_TF.tsv
934	pDC	RUNX2	0.3333333333333333	30	30	30	20	bd-rhap-rep1-X/regulons_30_TF.tsv vs 10x-rep1-kallisto-cellbender-X/regulons_30_TF.tsv	bd-rhap-rep1-X/regulons_30_TF.tsv	10x-rep1-kallisto-cellbender-X/regulons_30_TF.tsv
935	pDC	FOS	0.05263157894736842	30	30	30	20	bd-rhap-rep1-X/regulons_30_TF.tsv vs 10x-rep1-kallisto-cellbender-X/regulons_30_TF.tsv	bd-rhap-rep1-X/regulons_30_TF.tsv	10x-rep1-kallisto-cellbender-X/regulons_30_TF.tsv
936	pDC	IRF8	0.5789473684210527	30	30	30	20	bd-rhap-rep1-X/regulons_30_TF.tsv vs 10x-rep1-kallisto-cellbender-X/regulons_30_TF.tsv	bd-rhap-rep1-X/regulons_30_TF.tsv	10x-rep1-kallisto-cellbender-X/regulons_30_TF.tsv
937	DC	MAX	0.0	30	30	30	20	bd-rhap-rep1-X/regulons_30_TF.tsv vs 10x-rep1-kallisto-cellbender-X/regulons_30_TF.tsv	bd-rhap-rep1-X/regulons_30_TF.tsv	10x-rep1-kallisto-cellbender-X/regulons_30_TF.tsv
938	cd4+_tcells	BTG2	0.17647058823529413	30	30	30	20	bd-rhap-rep1-X/regulons_30_TF.tsv vs 10x-rep1-kallisto-cellbender-X/regulons_30_TF.tsv	bd-rhap-rep1-X/regulons_30_TF.tsv	10x-rep1-kallisto-cellbender-X/regulons_30_TF.tsv
939	pDC	HMGB2	0.01694915254237288	30	30	30	20	bd-rhap-rep1-X/regulons_30_TF.tsv vs 10x-rep1-kallisto-cellbender-X/regulons_30_TF.tsv	bd-rhap-rep1-X/regulons_30_TF.tsv	10x-rep1-kallisto-cellbender-X/regulons_30_TF.tsv
940	cd8+_tcells	BTG2	0.2	30	30	30	20	bd-rhap-rep1-X/regulons_30_TF.tsv vs 10x-rep1-kallisto-cellbender-X/regulons_30_TF.tsv	bd-rhap-rep1-X/regulons_30_TF.tsv	10x-rep1-kallisto-cellbender-X/regulons_30_TF.tsv
941	cd14+_monocytes	SOX4	0.30434782608695654	30	30	30	20	bd-rhap-rep1-X/regulons_30_TF.tsv vs 10x-rep1-kallisto-cellbender-X/regulons_30_TF.tsv	bd-rhap-rep1-X/regulons_30_TF.tsv	10x-rep1-kallisto-cellbender-X/regulons_30_TF.tsv
942	cd4+_tcells	TLE5	0.42857142857142855	30	30	30	20	bd-rhap-rep1-X/regulons_30_TF.tsv vs 10x-rep1-kallisto-cellbender-X/regulons_30_TF.tsv	bd-rhap-rep1-X/regulons_30_TF.tsv	10x-rep1-kallisto-cellbender-X/regulons_30_TF.tsv
943	cd14+_monocytes	CEBPD	0.2765957446808511	30	30	30	20	bd-rhap-rep1-X/regulons_30_TF.tsv vs 10x-rep1-kallisto-cellbender-X/regulons_30_TF.tsv	bd-rhap-rep1-X/regulons_30_TF.tsv	10x-rep1-kallisto-cellbender-X/regulons_30_TF.tsv
944	b_cells	POU2F2	0.2765957446808511	30	30	30	20	bd-rhap-rep1-X/regulons_30_TF.tsv vs 10x-rep1-kallisto-cellbender-X/regulons_30_TF.tsv	bd-rhap-rep1-X/regulons_30_TF.tsv	10x-rep1-kallisto-cellbender-X/regulons_30_TF.tsv
945	nk_cells	CEBPD	0.15384615384615385	30	30	30	20	bd-rhap-rep1-X/regulons_30_TF.tsv vs 10x-rep1-kallisto-cellbender-X/regulons_30_TF.tsv	bd-rhap-rep1-X/regulons_30_TF.tsv	10x-rep1-kallisto-cellbender-X/regulons_30_TF.tsv
946	cd14-_monocytes	CEBPD	0.22448979591836735	30	30	30	20	bd-rhap-rep1-X/regulons_30_TF.tsv vs 10x-rep1-kallisto-cellbender-X/regulons_30_TF.tsv	bd-rhap-rep1-X/regulons_30_TF.tsv	10x-rep1-kallisto-cellbender-X/regulons_30_TF.tsv
947	b_cells	IRF8	0.3333333333333333	30	30	30	20	bd-rhap-rep1-X/regulons_30_TF.tsv vs 10x-rep1-kallisto-cellbender-X/regulons_30_TF.tsv	bd-rhap-rep1-X/regulons_30_TF.tsv	10x-rep1-kallisto-cellbender-X/regulons_30_TF.tsv
948	pDC	TLE5	0.3333333333333333	30	30	30	20	bd-rhap-rep1-X/regulons_30_TF.tsv vs 10x-rep1-kallisto-cellbender-X/regulons_30_TF.tsv	bd-rhap-rep1-X/regulons_30_TF.tsv	10x-rep1-kallisto-cellbender-X/regulons_30_TF.tsv
949	pDC	BCL11A	0.42857142857142855	30	30	30	20	bd-rhap-rep1-X/regulons_30_TF.tsv vs 10x-rep1-kallisto-cellbender-X/regulons_30_TF.tsv	bd-rhap-rep1-X/regulons_30_TF.tsv	10x-rep1-kallisto-cellbender-X/regulons_30_TF.tsv
950	cd14-_monocytes	RUNX3	0.17647058823529413	30	30	30	20	bd-rhap-rep1-X/regulons_30_TF.tsv vs 10x-rep1-kallisto-cellbender-X/regulons_30_TF.tsv	bd-rhap-rep1-X/regulons_30_TF.tsv	10x-rep1-kallisto-cellbender-X/regulons_30_TF.tsv
951	pDC	TCF4	0.36363636363636365	30	30	30	20	bd-rhap-rep1-X/regulons_30_TF.tsv vs 10x-rep1-kallisto-cellbender-X/regulons_30_TF.tsv	bd-rhap-rep1-X/regulons_30_TF.tsv	10x-rep1-kallisto-cellbender-X/regulons_30_TF.tsv
952	cd14-_monocytes	NR4A1	0.15384615384615385	30	30	30	20	bd-rhap-rep1-X/regulons_30_TF.tsv vs 10x-rep1-kallisto-cellbender-X/regulons_30_TF.tsv	bd-rhap-rep1-X/regulons_30_TF.tsv	10x-rep1-kallisto-cellbender-X/regulons_30_TF.tsv
953	DC	NR4A1	0.09090909090909091	30	30	30	20	bd-rhap-rep1-X/regulons_30_TF.tsv vs 10x-rep1-kallisto-cellbender-X/regulons_30_TF.tsv	bd-rhap-rep1-X/regulons_30_TF.tsv	10x-rep1-kallisto-cellbender-X/regulons_30_TF.tsv
954	cd14+_monocytes	ID2	0.22448979591836735	30	30	30	20	bd-rhap-rep1-X/regulons_30_TF.tsv vs 10x-rep1-kallisto-cellbender-X/regulons_30_TF.tsv	bd-rhap-rep1-X/regulons_30_TF.tsv	10x-rep1-kallisto-cellbender-X/regulons_30_TF.tsv
955	DC	LMO4	0.25	30	30	30	20	bd-rhap-rep1-X/regulons_30_TF.tsv vs 10x-rep1-kallisto-cellbender-X/regulons_30_TF.tsv	bd-rhap-rep1-X/regulons_30_TF.tsv	10x-rep1-kallisto-cellbender-X/regulons_30_TF.tsv
956	b_cells	BCL11A	0.36363636363636365	30	30	30	20	bd-rhap-rep1-X/regulons_30_TF.tsv vs 10x-rep1-kallisto-cellbender-X/regulons_30_TF.tsv	bd-rhap-rep1-X/regulons_30_TF.tsv	10x-rep1-kallisto-cellbender-X/regulons_30_TF.tsv
957	b_cells	TLE5	0.2	30	30	30	20	bd-rhap-rep1-X/regulons_30_TF.tsv vs 10x-rep1-kallisto-cellbender-X/regulons_30_TF.tsv	bd-rhap-rep1-X/regulons_30_TF.tsv	10x-rep1-kallisto-cellbender-X/regulons_30_TF.tsv
958	cd14-_monocytes	ID2	0.09090909090909091	30	30	30	20	bd-rhap-rep1-X/regulons_30_TF.tsv vs 10x-rep1-kallisto-cellbender-X/regulons_30_TF.tsv	bd-rhap-rep1-X/regulons_30_TF.tsv	10x-rep1-kallisto-cellbender-X/regulons_30_TF.tsv
959	DC	IRF8	0.3333333333333333	30	30	30	20	bd-rhap-rep1-X/regulons_30_TF.tsv vs 10x-rep1-kallisto-cellbender-X/regulons_30_TF.tsv	bd-rhap-rep1-X/regulons_30_TF.tsv	10x-rep1-kallisto-cellbender-X/regulons_30_TF.tsv
960	DC	HMGB2	0.1111111111111111	30	30	30	20	bd-rhap-rep1-X/regulons_30_TF.tsv vs 10x-rep1-kallisto-cellbender-X/regulons_30_TF.tsv	bd-rhap-rep1-X/regulons_30_TF.tsv	10x-rep1-kallisto-cellbender-X/regulons_30_TF.tsv
961	nk_cells	ID2	0.2	30	30	30	20	bd-rhap-rep1-X/regulons_30_TF.tsv vs 10x-rep1-kallisto-cellbender-X/regulons_30_TF.tsv	bd-rhap-rep1-X/regulons_30_TF.tsv	10x-rep1-kallisto-cellbender-X/regulons_30_TF.tsv
962	DC	ID2	0.07142857142857142	30	30	30	20	bd-rhap-rep1-X/regulons_30_TF.tsv vs 10x-rep1-kallisto-cellbender-X/regulons_30_TF.tsv	bd-rhap-rep1-X/regulons_30_TF.tsv	10x-rep1-kallisto-cellbender-X/regulons_30_TF.tsv
963	cd14+_monocytes	ZEB2	0.2765957446808511	30	30	30	20	bd-rhap-rep1-X/regulons_30_TF.tsv vs 10x-rep1-kallisto-cellbender-X/regulons_30_TF.tsv	bd-rhap-rep1-X/regulons_30_TF.tsv	10x-rep1-kallisto-cellbender-X/regulons_30_TF.tsv
964	pDC	SOX4	0.36363636363636365	30	30	30	20	bd-rhap-rep1-X/regulons_30_TF.tsv vs 10x-rep1-kallisto-cellbender-X/regulons_30_TF.tsv	bd-rhap-rep1-X/regulons_30_TF.tsv	10x-rep1-kallisto-cellbender-X/regulons_30_TF.tsv
965	b_cells	TCF4	0.2765957446808511	30	30	30	20	bd-rhap-rep1-X/regulons_30_TF.tsv vs 10x-rep1-kallisto-cellbender-X/regulons_30_TF.tsv	bd-rhap-rep1-X/regulons_30_TF.tsv	10x-rep1-kallisto-cellbender-X/regulons_30_TF.tsv
966	b_cells	SP140	0.3333333333333333	30	30	30	20	bd-rhap-rep1-X/regulons_30_TF.tsv vs 10x-rep1-kallisto-cellbender-X/regulons_30_TF.tsv	bd-rhap-rep1-X/regulons_30_TF.tsv	10x-rep1-kallisto-cellbender-X/regulons_30_TF.tsv
967	cd14-_monocytes	BTG2	0.09090909090909091	30	30	30	20	bd-rhap-rep2-X/regulons_30_TF.tsv vs 10x-rep1-kallisto-cellbender-X/regulons_30_TF.tsv	bd-rhap-rep2-X/regulons_30_TF.tsv	10x-rep1-kallisto-cellbender-X/regulons_30_TF.tsv
968	cd8+_tcells	RUNX3	0.1320754716981132	30	30	30	20	bd-rhap-rep2-X/regulons_30_TF.tsv vs 10x-rep1-kallisto-cellbender-X/regulons_30_TF.tsv	bd-rhap-rep2-X/regulons_30_TF.tsv	10x-rep1-kallisto-cellbender-X/regulons_30_TF.tsv
969	cd8+_tcells	HOPX	0.1320754716981132	30	30	30	20	bd-rhap-rep2-X/regulons_30_TF.tsv vs 10x-rep1-kallisto-cellbender-X/regulons_30_TF.tsv	bd-rhap-rep2-X/regulons_30_TF.tsv	10x-rep1-kallisto-cellbender-X/regulons_30_TF.tsv
970	nk_cells	BTG2	0.1111111111111111	30	30	30	20	bd-rhap-rep2-X/regulons_30_TF.tsv vs 10x-rep1-kallisto-cellbender-X/regulons_30_TF.tsv	bd-rhap-rep2-X/regulons_30_TF.tsv	10x-rep1-kallisto-cellbender-X/regulons_30_TF.tsv
971	DC	BCL11A	0.22448979591836735	30	30	30	20	bd-rhap-rep2-X/regulons_30_TF.tsv vs 10x-rep1-kallisto-cellbender-X/regulons_30_TF.tsv	bd-rhap-rep2-X/regulons_30_TF.tsv	10x-rep1-kallisto-cellbender-X/regulons_30_TF.tsv
972	cd8+_tcells	ID2	0.17647058823529413	30	30	30	20	bd-rhap-rep2-X/regulons_30_TF.tsv vs 10x-rep1-kallisto-cellbender-X/regulons_30_TF.tsv	bd-rhap-rep2-X/regulons_30_TF.tsv	10x-rep1-kallisto-cellbender-X/regulons_30_TF.tsv
973	nk_cells	ETS1	0.2	30	30	30	20	bd-rhap-rep2-X/regulons_30_TF.tsv vs 10x-rep1-kallisto-cellbender-X/regulons_30_TF.tsv	bd-rhap-rep2-X/regulons_30_TF.tsv	10x-rep1-kallisto-cellbender-X/regulons_30_TF.tsv
974	pDC	RUNX2	0.3333333333333333	30	30	30	20	bd-rhap-rep2-X/regulons_30_TF.tsv vs 10x-rep1-kallisto-cellbender-X/regulons_30_TF.tsv	bd-rhap-rep2-X/regulons_30_TF.tsv	10x-rep1-kallisto-cellbender-X/regulons_30_TF.tsv
975	nk_cells	TFDP2	0.30434782608695654	30	30	30	20	bd-rhap-rep2-X/regulons_30_TF.tsv vs 10x-rep1-kallisto-cellbender-X/regulons_30_TF.tsv	bd-rhap-rep2-X/regulons_30_TF.tsv	10x-rep1-kallisto-cellbender-X/regulons_30_TF.tsv
976	pDC	IRF8	0.4634146341463415	30	30	30	20	bd-rhap-rep2-X/regulons_30_TF.tsv vs 10x-rep1-kallisto-cellbender-X/regulons_30_TF.tsv	bd-rhap-rep2-X/regulons_30_TF.tsv	10x-rep1-kallisto-cellbender-X/regulons_30_TF.tsv
977	DC	MAX	0.0	30	30	30	20	bd-rhap-rep2-X/regulons_30_TF.tsv vs 10x-rep1-kallisto-cellbender-X/regulons_30_TF.tsv	bd-rhap-rep2-X/regulons_30_TF.tsv	10x-rep1-kallisto-cellbender-X/regulons_30_TF.tsv
978	cd8+_tcells	BTG2	0.15384615384615385	30	30	30	20	bd-rhap-rep2-X/regulons_30_TF.tsv vs 10x-rep1-kallisto-cellbender-X/regulons_30_TF.tsv	bd-rhap-rep2-X/regulons_30_TF.tsv	10x-rep1-kallisto-cellbender-X/regulons_30_TF.tsv
979	cd14+_monocytes	SOX4	0.22448979591836735	30	30	30	20	bd-rhap-rep2-X/regulons_30_TF.tsv vs 10x-rep1-kallisto-cellbender-X/regulons_30_TF.tsv	bd-rhap-rep2-X/regulons_30_TF.tsv	10x-rep1-kallisto-cellbender-X/regulons_30_TF.tsv
980	nk_cells	MYBL1	0.30434782608695654	30	30	30	20	bd-rhap-rep2-X/regulons_30_TF.tsv vs 10x-rep1-kallisto-cellbender-X/regulons_30_TF.tsv	bd-rhap-rep2-X/regulons_30_TF.tsv	10x-rep1-kallisto-cellbender-X/regulons_30_TF.tsv
981	b_cells	IRF8	0.17647058823529413	30	30	30	20	bd-rhap-rep2-X/regulons_30_TF.tsv vs 10x-rep1-kallisto-cellbender-X/regulons_30_TF.tsv	bd-rhap-rep2-X/regulons_30_TF.tsv	10x-rep1-kallisto-cellbender-X/regulons_30_TF.tsv
982	cd8+_tcells	TCF7	0.2	30	30	30	20	bd-rhap-rep2-X/regulons_30_TF.tsv vs 10x-rep1-kallisto-cellbender-X/regulons_30_TF.tsv	bd-rhap-rep2-X/regulons_30_TF.tsv	10x-rep1-kallisto-cellbender-X/regulons_30_TF.tsv
983	pDC	BCL11A	0.36363636363636365	30	30	30	20	bd-rhap-rep2-X/regulons_30_TF.tsv vs 10x-rep1-kallisto-cellbender-X/regulons_30_TF.tsv	bd-rhap-rep2-X/regulons_30_TF.tsv	10x-rep1-kallisto-cellbender-X/regulons_30_TF.tsv
984	cd14-_monocytes	RUNX3	0.15384615384615385	30	30	30	20	bd-rhap-rep2-X/regulons_30_TF.tsv vs 10x-rep1-kallisto-cellbender-X/regulons_30_TF.tsv	bd-rhap-rep2-X/regulons_30_TF.tsv	10x-rep1-kallisto-cellbender-X/regulons_30_TF.tsv
985	pDC	TCF4	0.3333333333333333	30	30	30	20	bd-rhap-rep2-X/regulons_30_TF.tsv vs 10x-rep1-kallisto-cellbender-X/regulons_30_TF.tsv	bd-rhap-rep2-X/regulons_30_TF.tsv	10x-rep1-kallisto-cellbender-X/regulons_30_TF.tsv
986	nk_cells	RUNX3	0.22448979591836735	30	30	30	20	bd-rhap-rep2-X/regulons_30_TF.tsv vs 10x-rep1-kallisto-cellbender-X/regulons_30_TF.tsv	bd-rhap-rep2-X/regulons_30_TF.tsv	10x-rep1-kallisto-cellbender-X/regulons_30_TF.tsv
987	nk_cells	HOPX	0.25	30	30	30	20	bd-rhap-rep2-X/regulons_30_TF.tsv vs 10x-rep1-kallisto-cellbender-X/regulons_30_TF.tsv	bd-rhap-rep2-X/regulons_30_TF.tsv	10x-rep1-kallisto-cellbender-X/regulons_30_TF.tsv
988	cd14-_monocytes	NR4A1	0.07142857142857142	30	30	30	20	bd-rhap-rep2-X/regulons_30_TF.tsv vs 10x-rep1-kallisto-cellbender-X/regulons_30_TF.tsv	bd-rhap-rep2-X/regulons_30_TF.tsv	10x-rep1-kallisto-cellbender-X/regulons_30_TF.tsv
989	cd14+_monocytes	ID2	0.2	30	30	30	20	bd-rhap-rep2-X/regulons_30_TF.tsv vs 10x-rep1-kallisto-cellbender-X/regulons_30_TF.tsv	bd-rhap-rep2-X/regulons_30_TF.tsv	10x-rep1-kallisto-cellbender-X/regulons_30_TF.tsv
990	DC	IRF7	0.05263157894736842	30	30	30	20	bd-rhap-rep2-X/regulons_30_TF.tsv vs 10x-rep1-kallisto-cellbender-X/regulons_30_TF.tsv	bd-rhap-rep2-X/regulons_30_TF.tsv	10x-rep1-kallisto-cellbender-X/regulons_30_TF.tsv
991	b_cells	BCL11A	0.3333333333333333	30	30	30	20	bd-rhap-rep2-X/regulons_30_TF.tsv vs 10x-rep1-kallisto-cellbender-X/regulons_30_TF.tsv	bd-rhap-rep2-X/regulons_30_TF.tsv	10x-rep1-kallisto-cellbender-X/regulons_30_TF.tsv
992	cd14-_monocytes	ID2	0.09090909090909091	30	30	30	20	bd-rhap-rep2-X/regulons_30_TF.tsv vs 10x-rep1-kallisto-cellbender-X/regulons_30_TF.tsv	bd-rhap-rep2-X/regulons_30_TF.tsv	10x-rep1-kallisto-cellbender-X/regulons_30_TF.tsv
993	DC	IRF8	0.25	30	30	30	20	bd-rhap-rep2-X/regulons_30_TF.tsv vs 10x-rep1-kallisto-cellbender-X/regulons_30_TF.tsv	bd-rhap-rep2-X/regulons_30_TF.tsv	10x-rep1-kallisto-cellbender-X/regulons_30_TF.tsv
994	cd4+_tcells	LEF1	0.1320754716981132	30	30	30	20	bd-rhap-rep2-X/regulons_30_TF.tsv vs 10x-rep1-kallisto-cellbender-X/regulons_30_TF.tsv	bd-rhap-rep2-X/regulons_30_TF.tsv	10x-rep1-kallisto-cellbender-X/regulons_30_TF.tsv
995	cd8+_tcells	RORA	0.2	30	30	30	20	bd-rhap-rep2-X/regulons_30_TF.tsv vs 10x-rep1-kallisto-cellbender-X/regulons_30_TF.tsv	bd-rhap-rep2-X/regulons_30_TF.tsv	10x-rep1-kallisto-cellbender-X/regulons_30_TF.tsv
996	nk_cells	ID2	0.17647058823529413	30	30	30	20	bd-rhap-rep2-X/regulons_30_TF.tsv vs 10x-rep1-kallisto-cellbender-X/regulons_30_TF.tsv	bd-rhap-rep2-X/regulons_30_TF.tsv	10x-rep1-kallisto-cellbender-X/regulons_30_TF.tsv
997	DC	ID2	0.1111111111111111	30	30	30	20	bd-rhap-rep2-X/regulons_30_TF.tsv vs 10x-rep1-kallisto-cellbender-X/regulons_30_TF.tsv	bd-rhap-rep2-X/regulons_30_TF.tsv	10x-rep1-kallisto-cellbender-X/regulons_30_TF.tsv
998	cd14+_monocytes	ZEB2	0.17647058823529413	30	30	30	20	bd-rhap-rep2-X/regulons_30_TF.tsv vs 10x-rep1-kallisto-cellbender-X/regulons_30_TF.tsv	bd-rhap-rep2-X/regulons_30_TF.tsv	10x-rep1-kallisto-cellbender-X/regulons_30_TF.tsv
999	pDC	SOX4	0.36363636363636365	30	30	30	20	bd-rhap-rep2-X/regulons_30_TF.tsv vs 10x-rep1-kallisto-cellbender-X/regulons_30_TF.tsv	bd-rhap-rep2-X/regulons_30_TF.tsv	10x-rep1-kallisto-cellbender-X/regulons_30_TF.tsv
1000	b_cells	TCF4	0.2765957446808511	30	30	30	20	bd-rhap-rep2-X/regulons_30_TF.tsv vs 10x-rep1-kallisto-cellbender-X/regulons_30_TF.tsv	bd-rhap-rep2-X/regulons_30_TF.tsv	10x-rep1-kallisto-cellbender-X/regulons_30_TF.tsv
1001	b_cells	SP140	0.30434782608695654	30	30	30	20	bd-rhap-rep2-X/regulons_30_TF.tsv vs 10x-rep1-kallisto-cellbender-X/regulons_30_TF.tsv	bd-rhap-rep2-X/regulons_30_TF.tsv	10x-rep1-kallisto-cellbender-X/regulons_30_TF.tsv
1002	nk_cells	RUNX1	0.3793103448275862	40	40	40	20	bd-rhap-rep1-X/regulons_40_TF.tsv vs bd-rhap-rep2-X/regulons_40_TF.tsv	bd-rhap-rep1-X/regulons_40_TF.tsv	bd-rhap-rep2-X/regulons_40_TF.tsv
1003	pDC	FOXP1	0.45454545454545453	40	40	40	20	bd-rhap-rep1-X/regulons_40_TF.tsv vs bd-rhap-rep2-X/regulons_40_TF.tsv	bd-rhap-rep1-X/regulons_40_TF.tsv	bd-rhap-rep2-X/regulons_40_TF.tsv
1004	cd8+_tcells	ID2	0.3793103448275862	40	40	40	20	bd-rhap-rep1-X/regulons_40_TF.tsv vs bd-rhap-rep2-X/regulons_40_TF.tsv	bd-rhap-rep1-X/regulons_40_TF.tsv	bd-rhap-rep2-X/regulons_40_TF.tsv
1005	nk_cells	KAT6B	0.45454545454545453	40	40	40	20	bd-rhap-rep1-X/regulons_40_TF.tsv vs bd-rhap-rep2-X/regulons_40_TF.tsv	bd-rhap-rep1-X/regulons_40_TF.tsv	bd-rhap-rep2-X/regulons_40_TF.tsv
1006	b_cells	BACH2	0.3793103448275862	40	40	40	20	bd-rhap-rep1-X/regulons_40_TF.tsv vs bd-rhap-rep2-X/regulons_40_TF.tsv	bd-rhap-rep1-X/regulons_40_TF.tsv	bd-rhap-rep2-X/regulons_40_TF.tsv
1007	pDC	IRF8	0.7021276595744681	40	40	40	20	bd-rhap-rep1-X/regulons_40_TF.tsv vs bd-rhap-rep2-X/regulons_40_TF.tsv	bd-rhap-rep1-X/regulons_40_TF.tsv	bd-rhap-rep2-X/regulons_40_TF.tsv
1008	nk_cells	NFATC2	0.5384615384615384	40	40	40	20	bd-rhap-rep1-X/regulons_40_TF.tsv vs bd-rhap-rep2-X/regulons_40_TF.tsv	bd-rhap-rep1-X/regulons_40_TF.tsv	bd-rhap-rep2-X/regulons_40_TF.tsv
1009	cd14-_monocytes	HDAC9	0.25	40	40	40	20	bd-rhap-rep1-X/regulons_40_TF.tsv vs bd-rhap-rep2-X/regulons_40_TF.tsv	bd-rhap-rep1-X/regulons_40_TF.tsv	bd-rhap-rep2-X/regulons_40_TF.tsv
1010	b_cells	ZBTB20	0.45454545454545453	40	40	40	20	bd-rhap-rep1-X/regulons_40_TF.tsv vs bd-rhap-rep2-X/regulons_40_TF.tsv	bd-rhap-rep1-X/regulons_40_TF.tsv	bd-rhap-rep2-X/regulons_40_TF.tsv
1011	cd4+_tcells	RUNX1	0.23076923076923078	40	40	40	20	bd-rhap-rep1-X/regulons_40_TF.tsv vs bd-rhap-rep2-X/regulons_40_TF.tsv	bd-rhap-rep1-X/regulons_40_TF.tsv	bd-rhap-rep2-X/regulons_40_TF.tsv
1012	cd14-_monocytes	SOX4	0.3333333333333333	40	40	40	20	bd-rhap-rep1-X/regulons_40_TF.tsv vs bd-rhap-rep2-X/regulons_40_TF.tsv	bd-rhap-rep1-X/regulons_40_TF.tsv	bd-rhap-rep2-X/regulons_40_TF.tsv
1013	cd4+_tcells	KLF12	0.6	40	40	40	20	bd-rhap-rep1-X/regulons_40_TF.tsv vs bd-rhap-rep2-X/regulons_40_TF.tsv	bd-rhap-rep1-X/regulons_40_TF.tsv	bd-rhap-rep2-X/regulons_40_TF.tsv
1014	cd8+_tcells	KLF12	0.6326530612244898	40	40	40	20	bd-rhap-rep1-X/regulons_40_TF.tsv vs bd-rhap-rep2-X/regulons_40_TF.tsv	bd-rhap-rep1-X/regulons_40_TF.tsv	bd-rhap-rep2-X/regulons_40_TF.tsv
1015	b_cells	IRF8	0.48148148148148145	40	40	40	20	bd-rhap-rep1-X/regulons_40_TF.tsv vs bd-rhap-rep2-X/regulons_40_TF.tsv	bd-rhap-rep1-X/regulons_40_TF.tsv	bd-rhap-rep2-X/regulons_40_TF.tsv
1016	pDC	RUNX1	0.3793103448275862	40	40	40	20	bd-rhap-rep1-X/regulons_40_TF.tsv vs bd-rhap-rep2-X/regulons_40_TF.tsv	bd-rhap-rep1-X/regulons_40_TF.tsv	bd-rhap-rep2-X/regulons_40_TF.tsv
1017	cd4+_tcells	MAX	0.3559322033898305	40	40	40	20	bd-rhap-rep1-X/regulons_40_TF.tsv vs bd-rhap-rep2-X/regulons_40_TF.tsv	bd-rhap-rep1-X/regulons_40_TF.tsv	bd-rhap-rep2-X/regulons_40_TF.tsv
1018	cd14+_monocytes	NFAT5	0.42857142857142855	40	40	40	20	bd-rhap-rep1-X/regulons_40_TF.tsv vs bd-rhap-rep2-X/regulons_40_TF.tsv	bd-rhap-rep1-X/regulons_40_TF.tsv	bd-rhap-rep2-X/regulons_40_TF.tsv
1019	cd8+_tcells	MYBL1	0.3559322033898305	40	40	40	20	bd-rhap-rep1-X/regulons_40_TF.tsv vs bd-rhap-rep2-X/regulons_40_TF.tsv	bd-rhap-rep1-X/regulons_40_TF.tsv	bd-rhap-rep2-X/regulons_40_TF.tsv
1020	nk_cells	NFAT5	0.3559322033898305	40	40	40	20	bd-rhap-rep1-X/regulons_40_TF.tsv vs bd-rhap-rep2-X/regulons_40_TF.tsv	bd-rhap-rep1-X/regulons_40_TF.tsv	bd-rhap-rep2-X/regulons_40_TF.tsv
1021	DC	NR4A1	0.48148148148148145	40	40	40	20	bd-rhap-rep1-X/regulons_40_TF.tsv vs bd-rhap-rep2-X/regulons_40_TF.tsv	bd-rhap-rep1-X/regulons_40_TF.tsv	bd-rhap-rep2-X/regulons_40_TF.tsv
1022	DC	IRF8	0.48148148148148145	40	40	40	20	bd-rhap-rep1-X/regulons_40_TF.tsv vs bd-rhap-rep2-X/regulons_40_TF.tsv	bd-rhap-rep1-X/regulons_40_TF.tsv	bd-rhap-rep2-X/regulons_40_TF.tsv
1023	cd4+_tcells	TRERF1	0.3333333333333333	40	40	40	20	bd-rhap-rep1-X/regulons_40_TF.tsv vs bd-rhap-rep2-X/regulons_40_TF.tsv	bd-rhap-rep1-X/regulons_40_TF.tsv	bd-rhap-rep2-X/regulons_40_TF.tsv
1024	cd14-_monocytes	NFATC3	0.40350877192982454	40	40	40	20	bd-rhap-rep1-X/regulons_40_TF.tsv vs bd-rhap-rep2-X/regulons_40_TF.tsv	bd-rhap-rep1-X/regulons_40_TF.tsv	bd-rhap-rep2-X/regulons_40_TF.tsv
1025	cd14+_monocytes	RUNX1	0.42857142857142855	40	40	40	20	bd-rhap-rep1-X/regulons_40_TF.tsv vs bd-rhap-rep2-X/regulons_40_TF.tsv	bd-rhap-rep1-X/regulons_40_TF.tsv	bd-rhap-rep2-X/regulons_40_TF.tsv
1026	b_cells	MAX	0.21212121212121213	40	40	40	20	bd-rhap-rep1-X/regulons_40_TF.tsv vs bd-rhap-rep2-X/regulons_40_TF.tsv	bd-rhap-rep1-X/regulons_40_TF.tsv	bd-rhap-rep2-X/regulons_40_TF.tsv
1027	cd8+_tcells	RUNX3	0.5094339622641509	40	40	40	20	bd-rhap-rep1-X/regulons_40_TF.tsv vs bd-rhap-rep2-X/regulons_40_TF.tsv	bd-rhap-rep1-X/regulons_40_TF.tsv	bd-rhap-rep2-X/regulons_40_TF.tsv
1028	cd4+_tcells	TCF12	0.1	40	15	40	20	bd-rhap-rep1-X/regulons_40_TF.tsv vs bd-rhap-rep2-X/regulons_40_TF.tsv	bd-rhap-rep1-X/regulons_40_TF.tsv	bd-rhap-rep2-X/regulons_40_TF.tsv
1029	pDC	TRERF1	0.3114754098360656	40	40	40	20	bd-rhap-rep1-X/regulons_40_TF.tsv vs bd-rhap-rep2-X/regulons_40_TF.tsv	bd-rhap-rep1-X/regulons_40_TF.tsv	bd-rhap-rep2-X/regulons_40_TF.tsv
1030	DC	RUNX1	0.3114754098360656	40	40	40	20	bd-rhap-rep1-X/regulons_40_TF.tsv vs bd-rhap-rep2-X/regulons_40_TF.tsv	bd-rhap-rep1-X/regulons_40_TF.tsv	bd-rhap-rep2-X/regulons_40_TF.tsv
1031	nk_cells	KLF12	0.5686274509803921	40	40	40	20	bd-rhap-rep1-X/regulons_40_TF.tsv vs bd-rhap-rep2-X/regulons_40_TF.tsv	bd-rhap-rep1-X/regulons_40_TF.tsv	bd-rhap-rep2-X/regulons_40_TF.tsv
1032	cd4+_tcells	ID2	0.3114754098360656	40	40	40	20	bd-rhap-rep1-X/regulons_40_TF.tsv vs bd-rhap-rep2-X/regulons_40_TF.tsv	bd-rhap-rep1-X/regulons_40_TF.tsv	bd-rhap-rep2-X/regulons_40_TF.tsv
1033	nk_cells	MAX	0.08108108108108109	40	40	40	20	bd-rhap-rep1-X/regulons_40_TF.tsv vs bd-rhap-rep2-X/regulons_40_TF.tsv	bd-rhap-rep1-X/regulons_40_TF.tsv	bd-rhap-rep2-X/regulons_40_TF.tsv
1034	DC	MAX	0.08108108108108109	40	40	40	20	bd-rhap-rep1-X/regulons_40_TF.tsv vs bd-rhap-rep2-X/regulons_40_TF.tsv	bd-rhap-rep1-X/regulons_40_TF.tsv	bd-rhap-rep2-X/regulons_40_TF.tsv
1035	cd14+_monocytes	TRPS1	0.48148148148148145	40	40	40	20	bd-rhap-rep1-X/regulons_40_TF.tsv vs bd-rhap-rep2-X/regulons_40_TF.tsv	bd-rhap-rep1-X/regulons_40_TF.tsv	bd-rhap-rep2-X/regulons_40_TF.tsv
1036	DC	NFATC2	0.25	40	40	40	20	bd-rhap-rep1-X/regulons_40_TF.tsv vs bd-rhap-rep2-X/regulons_40_TF.tsv	bd-rhap-rep1-X/regulons_40_TF.tsv	bd-rhap-rep2-X/regulons_40_TF.tsv
1037	cd8+_tcells	PRDM1	0.40350877192982454	40	40	40	20	bd-rhap-rep1-X/regulons_40_TF.tsv vs bd-rhap-rep2-X/regulons_40_TF.tsv	bd-rhap-rep1-X/regulons_40_TF.tsv	bd-rhap-rep2-X/regulons_40_TF.tsv
1038	cd14+_monocytes	ZBTB20	0.3559322033898305	40	40	40	20	bd-rhap-rep1-X/regulons_40_TF.tsv vs bd-rhap-rep2-X/regulons_40_TF.tsv	bd-rhap-rep1-X/regulons_40_TF.tsv	bd-rhap-rep2-X/regulons_40_TF.tsv
1039	cd14+_monocytes	IRF7	0.25	40	40	40	20	bd-rhap-rep1-X/regulons_40_TF.tsv vs bd-rhap-rep2-X/regulons_40_TF.tsv	bd-rhap-rep1-X/regulons_40_TF.tsv	bd-rhap-rep2-X/regulons_40_TF.tsv
1040	cd14-_monocytes	NFAT5	0.2698412698412698	40	40	40	20	bd-rhap-rep1-X/regulons_40_TF.tsv vs bd-rhap-rep2-X/regulons_40_TF.tsv	bd-rhap-rep1-X/regulons_40_TF.tsv	bd-rhap-rep2-X/regulons_40_TF.tsv
1041	cd14+_monocytes	NR4A1	0.45454545454545453	40	40	40	20	bd-rhap-rep1-X/regulons_40_TF.tsv vs bd-rhap-rep2-X/regulons_40_TF.tsv	bd-rhap-rep1-X/regulons_40_TF.tsv	bd-rhap-rep2-X/regulons_40_TF.tsv
1042	cd14+_monocytes	ID2	0.42857142857142855	40	40	40	20	bd-rhap-rep1-X/regulons_40_TF.tsv vs bd-rhap-rep2-X/regulons_40_TF.tsv	bd-rhap-rep1-X/regulons_40_TF.tsv	bd-rhap-rep2-X/regulons_40_TF.tsv
1043	cd8+_tcells	RORA	0.48148148148148145	40	40	40	20	bd-rhap-rep1-X/regulons_40_TF.tsv vs bd-rhap-rep2-X/regulons_40_TF.tsv	bd-rhap-rep1-X/regulons_40_TF.tsv	bd-rhap-rep2-X/regulons_40_TF.tsv
1044	nk_cells	ID2	0.3793103448275862	40	40	40	20	bd-rhap-rep1-X/regulons_40_TF.tsv vs bd-rhap-rep2-X/regulons_40_TF.tsv	bd-rhap-rep1-X/regulons_40_TF.tsv	bd-rhap-rep2-X/regulons_40_TF.tsv
1045	cd14+_monocytes	HIPK2	0.2903225806451613	40	40	40	20	bd-rhap-rep1-X/regulons_40_TF.tsv vs bd-rhap-rep2-X/regulons_40_TF.tsv	bd-rhap-rep1-X/regulons_40_TF.tsv	bd-rhap-rep2-X/regulons_40_TF.tsv
1046	DC	ID2	0.45454545454545453	40	40	40	20	bd-rhap-rep1-X/regulons_40_TF.tsv vs bd-rhap-rep2-X/regulons_40_TF.tsv	bd-rhap-rep1-X/regulons_40_TF.tsv	bd-rhap-rep2-X/regulons_40_TF.tsv
1047	b_cells	KLF12	0.3793103448275862	40	40	40	20	bd-rhap-rep1-X/regulons_40_TF.tsv vs bd-rhap-rep2-X/regulons_40_TF.tsv	bd-rhap-rep1-X/regulons_40_TF.tsv	bd-rhap-rep2-X/regulons_40_TF.tsv
1048	nk_cells	BTG2	0.25	40	40	40	20	bd-rhap-rep1-X/regulons_40_TF.tsv vs bd-rhap-rep2-X/regulons_40_TF.tsv	bd-rhap-rep1-X/regulons_40_TF.tsv	bd-rhap-rep2-X/regulons_40_TF.tsv
1049	b_cells	HDAC9	0.45454545454545453	40	40	40	20	bd-rhap-rep1-X/regulons_40_TF.tsv vs bd-rhap-rep2-X/regulons_40_TF.tsv	bd-rhap-rep1-X/regulons_40_TF.tsv	bd-rhap-rep2-X/regulons_40_TF.tsv
1050	pDC	TCF12	0.42857142857142855	40	40	40	20	bd-rhap-rep1-X/regulons_40_TF.tsv vs bd-rhap-rep2-X/regulons_40_TF.tsv	bd-rhap-rep1-X/regulons_40_TF.tsv	bd-rhap-rep2-X/regulons_40_TF.tsv
1051	cd14+_monocytes	HDAC9	0.48148148148148145	40	40	40	20	bd-rhap-rep1-X/regulons_40_TF.tsv vs bd-rhap-rep2-X/regulons_40_TF.tsv	bd-rhap-rep1-X/regulons_40_TF.tsv	bd-rhap-rep2-X/regulons_40_TF.tsv
1052	cd8+_tcells	NFATC3	0.23076923076923078	40	40	40	20	bd-rhap-rep1-X/regulons_40_TF.tsv vs bd-rhap-rep2-X/regulons_40_TF.tsv	bd-rhap-rep1-X/regulons_40_TF.tsv	bd-rhap-rep2-X/regulons_40_TF.tsv
1053	DC	HDAC9	0.6	40	40	40	20	bd-rhap-rep1-X/regulons_40_TF.tsv vs bd-rhap-rep2-X/regulons_40_TF.tsv	bd-rhap-rep1-X/regulons_40_TF.tsv	bd-rhap-rep2-X/regulons_40_TF.tsv
1054	b_cells	RUNX3	0.3333333333333333	40	40	40	20	bd-rhap-rep1-X/regulons_40_TF.tsv vs bd-rhap-rep2-X/regulons_40_TF.tsv	bd-rhap-rep1-X/regulons_40_TF.tsv	bd-rhap-rep2-X/regulons_40_TF.tsv
1055	cd14+_monocytes	RUNX3	0.48148148148148145	40	40	40	20	bd-rhap-rep1-X/regulons_40_TF.tsv vs bd-rhap-rep2-X/regulons_40_TF.tsv	bd-rhap-rep1-X/regulons_40_TF.tsv	bd-rhap-rep2-X/regulons_40_TF.tsv
1056	cd14-_monocytes	ZBTB20	0.5384615384615384	40	40	40	20	bd-rhap-rep1-X/regulons_40_TF.tsv vs bd-rhap-rep2-X/regulons_40_TF.tsv	bd-rhap-rep1-X/regulons_40_TF.tsv	bd-rhap-rep2-X/regulons_40_TF.tsv
1057	cd14+_monocytes	TCF12	0.45454545454545453	40	40	40	20	bd-rhap-rep1-X/regulons_40_TF.tsv vs bd-rhap-rep2-X/regulons_40_TF.tsv	bd-rhap-rep1-X/regulons_40_TF.tsv	bd-rhap-rep2-X/regulons_40_TF.tsv
1058	cd14-_monocytes	SETBP1	0.40350877192982454	40	40	40	20	bd-rhap-rep1-X/regulons_40_TF.tsv vs bd-rhap-rep2-X/regulons_40_TF.tsv	bd-rhap-rep1-X/regulons_40_TF.tsv	bd-rhap-rep2-X/regulons_40_TF.tsv
1059	cd14-_monocytes	IRF7	0.40350877192982454	40	40	40	20	bd-rhap-rep1-X/regulons_40_TF.tsv vs bd-rhap-rep2-X/regulons_40_TF.tsv	bd-rhap-rep1-X/regulons_40_TF.tsv	bd-rhap-rep2-X/regulons_40_TF.tsv
1060	pDC	TCF4	0.5686274509803921	40	40	40	20	bd-rhap-rep1-X/regulons_40_TF.tsv vs bd-rhap-rep2-X/regulons_40_TF.tsv	bd-rhap-rep1-X/regulons_40_TF.tsv	bd-rhap-rep2-X/regulons_40_TF.tsv
1061	cd14-_monocytes	NR4A1	0.3793103448275862	40	40	40	20	bd-rhap-rep1-X/regulons_40_TF.tsv vs bd-rhap-rep2-X/regulons_40_TF.tsv	bd-rhap-rep1-X/regulons_40_TF.tsv	bd-rhap-rep2-X/regulons_40_TF.tsv
1062	b_cells	BCL11A	0.6326530612244898	40	40	40	20	bd-rhap-rep1-X/regulons_40_TF.tsv vs bd-rhap-rep2-X/regulons_40_TF.tsv	bd-rhap-rep1-X/regulons_40_TF.tsv	bd-rhap-rep2-X/regulons_40_TF.tsv
1063	cd14-_monocytes	ID2	0.3333333333333333	40	40	40	20	bd-rhap-rep1-X/regulons_40_TF.tsv vs bd-rhap-rep2-X/regulons_40_TF.tsv	bd-rhap-rep1-X/regulons_40_TF.tsv	bd-rhap-rep2-X/regulons_40_TF.tsv
1064	pDC	HDAC9	0.6	40	40	40	20	bd-rhap-rep1-X/regulons_40_TF.tsv vs bd-rhap-rep2-X/regulons_40_TF.tsv	bd-rhap-rep1-X/regulons_40_TF.tsv	bd-rhap-rep2-X/regulons_40_TF.tsv
1065	b_cells	TCF4	0.5384615384615384	40	40	40	20	bd-rhap-rep1-X/regulons_40_TF.tsv vs bd-rhap-rep2-X/regulons_40_TF.tsv	bd-rhap-rep1-X/regulons_40_TF.tsv	bd-rhap-rep2-X/regulons_40_TF.tsv
1066	nk_cells	NFATC3	0.40350877192982454	40	40	40	20	bd-rhap-rep1-X/regulons_40_TF.tsv vs bd-rhap-rep2-X/regulons_40_TF.tsv	bd-rhap-rep1-X/regulons_40_TF.tsv	bd-rhap-rep2-X/regulons_40_TF.tsv
1067	b_cells	SP140	0.45454545454545453	40	40	40	20	bd-rhap-rep1-X/regulons_40_TF.tsv vs bd-rhap-rep2-X/regulons_40_TF.tsv	bd-rhap-rep1-X/regulons_40_TF.tsv	bd-rhap-rep2-X/regulons_40_TF.tsv
1068	DC	BCL11A	0.6326530612244898	40	40	40	20	bd-rhap-rep1-X/regulons_40_TF.tsv vs bd-rhap-rep2-X/regulons_40_TF.tsv	bd-rhap-rep1-X/regulons_40_TF.tsv	bd-rhap-rep2-X/regulons_40_TF.tsv
1069	cd14-_monocytes	FOXO1	0.21212121212121213	40	40	40	20	bd-rhap-rep1-X/regulons_40_TF.tsv vs bd-rhap-rep2-X/regulons_40_TF.tsv	bd-rhap-rep1-X/regulons_40_TF.tsv	bd-rhap-rep2-X/regulons_40_TF.tsv
1070	pDC	RUNX2	0.5686274509803921	40	40	40	20	bd-rhap-rep1-X/regulons_40_TF.tsv vs bd-rhap-rep2-X/regulons_40_TF.tsv	bd-rhap-rep1-X/regulons_40_TF.tsv	bd-rhap-rep2-X/regulons_40_TF.tsv
1071	b_cells	FOXP1	0.5384615384615384	40	40	40	20	bd-rhap-rep1-X/regulons_40_TF.tsv vs bd-rhap-rep2-X/regulons_40_TF.tsv	bd-rhap-rep1-X/regulons_40_TF.tsv	bd-rhap-rep2-X/regulons_40_TF.tsv
1072	pDC	ZEB1	0.42857142857142855	40	40	40	20	bd-rhap-rep1-X/regulons_40_TF.tsv vs bd-rhap-rep2-X/regulons_40_TF.tsv	bd-rhap-rep1-X/regulons_40_TF.tsv	bd-rhap-rep2-X/regulons_40_TF.tsv
1073	cd14+_monocytes	SOX4	0.3793103448275862	40	40	40	20	bd-rhap-rep1-X/regulons_40_TF.tsv vs bd-rhap-rep2-X/regulons_40_TF.tsv	bd-rhap-rep1-X/regulons_40_TF.tsv	bd-rhap-rep2-X/regulons_40_TF.tsv
1074	cd14+_monocytes	FOSB	0.3559322033898305	40	40	40	20	bd-rhap-rep1-X/regulons_40_TF.tsv vs bd-rhap-rep2-X/regulons_40_TF.tsv	bd-rhap-rep1-X/regulons_40_TF.tsv	bd-rhap-rep2-X/regulons_40_TF.tsv
1075	cd4+_tcells	KAT6B	0.2698412698412698	40	40	40	20	bd-rhap-rep1-X/regulons_40_TF.tsv vs bd-rhap-rep2-X/regulons_40_TF.tsv	bd-rhap-rep1-X/regulons_40_TF.tsv	bd-rhap-rep2-X/regulons_40_TF.tsv
1076	cd8+_tcells	STAT4	0.2698412698412698	40	40	40	20	bd-rhap-rep1-X/regulons_40_TF.tsv vs bd-rhap-rep2-X/regulons_40_TF.tsv	bd-rhap-rep1-X/regulons_40_TF.tsv	bd-rhap-rep2-X/regulons_40_TF.tsv
1077	cd8+_tcells	MAX	0.3333333333333333	40	40	40	20	bd-rhap-rep1-X/regulons_40_TF.tsv vs bd-rhap-rep2-X/regulons_40_TF.tsv	bd-rhap-rep1-X/regulons_40_TF.tsv	bd-rhap-rep2-X/regulons_40_TF.tsv
1078	DC	FOXP1	0.42857142857142855	40	40	40	20	bd-rhap-rep1-X/regulons_40_TF.tsv vs bd-rhap-rep2-X/regulons_40_TF.tsv	bd-rhap-rep1-X/regulons_40_TF.tsv	bd-rhap-rep2-X/regulons_40_TF.tsv
1079	DC	FOSB	0.3793103448275862	40	40	40	20	bd-rhap-rep1-X/regulons_40_TF.tsv vs bd-rhap-rep2-X/regulons_40_TF.tsv	bd-rhap-rep1-X/regulons_40_TF.tsv	bd-rhap-rep2-X/regulons_40_TF.tsv
1080	pDC	BCL11A	0.7021276595744681	40	40	40	20	bd-rhap-rep1-X/regulons_40_TF.tsv vs bd-rhap-rep2-X/regulons_40_TF.tsv	bd-rhap-rep1-X/regulons_40_TF.tsv	bd-rhap-rep2-X/regulons_40_TF.tsv
1081	cd14-_monocytes	RUNX3	0.48148148148148145	40	40	40	20	bd-rhap-rep1-X/regulons_40_TF.tsv vs bd-rhap-rep2-X/regulons_40_TF.tsv	bd-rhap-rep1-X/regulons_40_TF.tsv	bd-rhap-rep2-X/regulons_40_TF.tsv
1082	cd8+_tcells	NFATC2	0.40350877192982454	40	40	40	20	bd-rhap-rep1-X/regulons_40_TF.tsv vs bd-rhap-rep2-X/regulons_40_TF.tsv	bd-rhap-rep1-X/regulons_40_TF.tsv	bd-rhap-rep2-X/regulons_40_TF.tsv
1083	cd4+_tcells	HIVEP2	0.45454545454545453	40	40	40	20	bd-rhap-rep1-X/regulons_40_TF.tsv vs bd-rhap-rep2-X/regulons_40_TF.tsv	bd-rhap-rep1-X/regulons_40_TF.tsv	bd-rhap-rep2-X/regulons_40_TF.tsv
1084	cd14-_monocytes	TCF12	0.45454545454545453	40	40	40	20	bd-rhap-rep1-X/regulons_40_TF.tsv vs bd-rhap-rep2-X/regulons_40_TF.tsv	bd-rhap-rep1-X/regulons_40_TF.tsv	bd-rhap-rep2-X/regulons_40_TF.tsv
1085	cd14+_monocytes	NFATC3	0.3559322033898305	40	40	40	20	bd-rhap-rep1-X/regulons_40_TF.tsv vs bd-rhap-rep2-X/regulons_40_TF.tsv	bd-rhap-rep1-X/regulons_40_TF.tsv	bd-rhap-rep2-X/regulons_40_TF.tsv
1086	cd14+_monocytes	ZEB2	0.3559322033898305	40	40	40	20	bd-rhap-rep1-X/regulons_40_TF.tsv vs bd-rhap-rep2-X/regulons_40_TF.tsv	bd-rhap-rep1-X/regulons_40_TF.tsv	bd-rhap-rep2-X/regulons_40_TF.tsv
1087	cd4+_tcells	ZBTB20	0.40350877192982454	40	40	40	20	bd-rhap-rep1-X/regulons_40_TF.tsv vs bd-rhap-rep2-X/regulons_40_TF.tsv	bd-rhap-rep1-X/regulons_40_TF.tsv	bd-rhap-rep2-X/regulons_40_TF.tsv
1088	nk_cells	TOX	0.45454545454545453	40	40	40	20	bd-rhap-rep1-X/regulons_40_TF.tsv vs bd-rhap-rep2-X/regulons_40_TF.tsv	bd-rhap-rep1-X/regulons_40_TF.tsv	bd-rhap-rep2-X/regulons_40_TF.tsv
1089	cd8+_tcells	RUNX3	0.19402985074626866	40	40	40	20	bd-rhap-rep1-X/regulons_40_TF.tsv vs 10x-rep1-kallisto-cellbender-X/regulons_40_TF.tsv	bd-rhap-rep1-X/regulons_40_TF.tsv	10x-rep1-kallisto-cellbender-X/regulons_40_TF.tsv
1090	nk_cells	BTG2	0.17647058823529413	40	40	40	20	bd-rhap-rep1-X/regulons_40_TF.tsv vs 10x-rep1-kallisto-cellbender-X/regulons_40_TF.tsv	bd-rhap-rep1-X/regulons_40_TF.tsv	10x-rep1-kallisto-cellbender-X/regulons_40_TF.tsv
1091	nk_cells	TLE5	0.21212121212121213	40	40	40	20	bd-rhap-rep1-X/regulons_40_TF.tsv vs 10x-rep1-kallisto-cellbender-X/regulons_40_TF.tsv	bd-rhap-rep1-X/regulons_40_TF.tsv	10x-rep1-kallisto-cellbender-X/regulons_40_TF.tsv
1092	DC	BCL11A	0.21212121212121213	40	40	40	20	bd-rhap-rep1-X/regulons_40_TF.tsv vs 10x-rep1-kallisto-cellbender-X/regulons_40_TF.tsv	bd-rhap-rep1-X/regulons_40_TF.tsv	10x-rep1-kallisto-cellbender-X/regulons_40_TF.tsv
1093	DC	TLE5	0.19402985074626866	40	40	40	20	bd-rhap-rep1-X/regulons_40_TF.tsv vs 10x-rep1-kallisto-cellbender-X/regulons_40_TF.tsv	bd-rhap-rep1-X/regulons_40_TF.tsv	10x-rep1-kallisto-cellbender-X/regulons_40_TF.tsv
1094	cd8+_tcells	ID2	0.15942028985507245	40	40	40	20	bd-rhap-rep1-X/regulons_40_TF.tsv vs 10x-rep1-kallisto-cellbender-X/regulons_40_TF.tsv	bd-rhap-rep1-X/regulons_40_TF.tsv	10x-rep1-kallisto-cellbender-X/regulons_40_TF.tsv
1095	pDC	LMO4	0.48148148148148145	40	40	40	20	bd-rhap-rep1-X/regulons_40_TF.tsv vs 10x-rep1-kallisto-cellbender-X/regulons_40_TF.tsv	bd-rhap-rep1-X/regulons_40_TF.tsv	10x-rep1-kallisto-cellbender-X/regulons_40_TF.tsv
1096	pDC	RUNX2	0.3333333333333333	40	40	40	20	bd-rhap-rep1-X/regulons_40_TF.tsv vs 10x-rep1-kallisto-cellbender-X/regulons_40_TF.tsv	bd-rhap-rep1-X/regulons_40_TF.tsv	10x-rep1-kallisto-cellbender-X/regulons_40_TF.tsv
1097	pDC	FOS	0.08108108108108109	40	40	40	20	bd-rhap-rep1-X/regulons_40_TF.tsv vs 10x-rep1-kallisto-cellbender-X/regulons_40_TF.tsv	bd-rhap-rep1-X/regulons_40_TF.tsv	10x-rep1-kallisto-cellbender-X/regulons_40_TF.tsv
1098	cd14+_monocytes	STAT1	0.17647058823529413	40	40	40	20	bd-rhap-rep1-X/regulons_40_TF.tsv vs 10x-rep1-kallisto-cellbender-X/regulons_40_TF.tsv	bd-rhap-rep1-X/regulons_40_TF.tsv	10x-rep1-kallisto-cellbender-X/regulons_40_TF.tsv
1099	pDC	IRF8	0.45454545454545453	40	40	40	20	bd-rhap-rep1-X/regulons_40_TF.tsv vs 10x-rep1-kallisto-cellbender-X/regulons_40_TF.tsv	bd-rhap-rep1-X/regulons_40_TF.tsv	10x-rep1-kallisto-cellbender-X/regulons_40_TF.tsv
1100	DC	MAX	0.0	40	40	40	20	bd-rhap-rep1-X/regulons_40_TF.tsv vs 10x-rep1-kallisto-cellbender-X/regulons_40_TF.tsv	bd-rhap-rep1-X/regulons_40_TF.tsv	10x-rep1-kallisto-cellbender-X/regulons_40_TF.tsv
1101	cd4+_tcells	BTG2	0.19402985074626866	40	40	40	20	bd-rhap-rep1-X/regulons_40_TF.tsv vs 10x-rep1-kallisto-cellbender-X/regulons_40_TF.tsv	bd-rhap-rep1-X/regulons_40_TF.tsv	10x-rep1-kallisto-cellbender-X/regulons_40_TF.tsv
1102	pDC	HMGB2	0.02564102564102564	40	40	40	20	bd-rhap-rep1-X/regulons_40_TF.tsv vs 10x-rep1-kallisto-cellbender-X/regulons_40_TF.tsv	bd-rhap-rep1-X/regulons_40_TF.tsv	10x-rep1-kallisto-cellbender-X/regulons_40_TF.tsv
1103	cd14+_monocytes	SOX4	0.23076923076923078	40	40	40	20	bd-rhap-rep1-X/regulons_40_TF.tsv vs 10x-rep1-kallisto-cellbender-X/regulons_40_TF.tsv	bd-rhap-rep1-X/regulons_40_TF.tsv	10x-rep1-kallisto-cellbender-X/regulons_40_TF.tsv
1104	cd8+_tcells	TLE5	0.3559322033898305	40	40	40	20	bd-rhap-rep1-X/regulons_40_TF.tsv vs 10x-rep1-kallisto-cellbender-X/regulons_40_TF.tsv	bd-rhap-rep1-X/regulons_40_TF.tsv	10x-rep1-kallisto-cellbender-X/regulons_40_TF.tsv
1105	cd4+_tcells	TLE5	0.3793103448275862	40	40	40	20	bd-rhap-rep1-X/regulons_40_TF.tsv vs 10x-rep1-kallisto-cellbender-X/regulons_40_TF.tsv	bd-rhap-rep1-X/regulons_40_TF.tsv	10x-rep1-kallisto-cellbender-X/regulons_40_TF.tsv
1106	b_cells	FOS	0.06666666666666667	40	40	40	20	bd-rhap-rep1-X/regulons_40_TF.tsv vs 10x-rep1-kallisto-cellbender-X/regulons_40_TF.tsv	bd-rhap-rep1-X/regulons_40_TF.tsv	10x-rep1-kallisto-cellbender-X/regulons_40_TF.tsv
1107	cd14+_monocytes	CEBPD	0.2903225806451613	40	40	40	20	bd-rhap-rep1-X/regulons_40_TF.tsv vs 10x-rep1-kallisto-cellbender-X/regulons_40_TF.tsv	bd-rhap-rep1-X/regulons_40_TF.tsv	10x-rep1-kallisto-cellbender-X/regulons_40_TF.tsv
1108	nk_cells	CEBPD	0.17647058823529413	40	40	40	20	bd-rhap-rep1-X/regulons_40_TF.tsv vs 10x-rep1-kallisto-cellbender-X/regulons_40_TF.tsv	bd-rhap-rep1-X/regulons_40_TF.tsv	10x-rep1-kallisto-cellbender-X/regulons_40_TF.tsv
1109	cd14-_monocytes	CEBPD	0.2903225806451613	40	40	40	20	bd-rhap-rep1-X/regulons_40_TF.tsv vs 10x-rep1-kallisto-cellbender-X/regulons_40_TF.tsv	bd-rhap-rep1-X/regulons_40_TF.tsv	10x-rep1-kallisto-cellbender-X/regulons_40_TF.tsv
1110	b_cells	IRF8	0.25	40	40	40	20	bd-rhap-rep1-X/regulons_40_TF.tsv vs 10x-rep1-kallisto-cellbender-X/regulons_40_TF.tsv	bd-rhap-rep1-X/regulons_40_TF.tsv	10x-rep1-kallisto-cellbender-X/regulons_40_TF.tsv
1111	DC	CEBPD	0.25	40	40	40	20	bd-rhap-rep1-X/regulons_40_TF.tsv vs 10x-rep1-kallisto-cellbender-X/regulons_40_TF.tsv	bd-rhap-rep1-X/regulons_40_TF.tsv	10x-rep1-kallisto-cellbender-X/regulons_40_TF.tsv
1112	pDC	TLE5	0.2698412698412698	40	40	40	20	bd-rhap-rep1-X/regulons_40_TF.tsv vs 10x-rep1-kallisto-cellbender-X/regulons_40_TF.tsv	bd-rhap-rep1-X/regulons_40_TF.tsv	10x-rep1-kallisto-cellbender-X/regulons_40_TF.tsv
1113	pDC	BCL11A	0.3559322033898305	40	40	40	20	bd-rhap-rep1-X/regulons_40_TF.tsv vs 10x-rep1-kallisto-cellbender-X/regulons_40_TF.tsv	bd-rhap-rep1-X/regulons_40_TF.tsv	10x-rep1-kallisto-cellbender-X/regulons_40_TF.tsv
1114	cd14-_monocytes	RUNX3	0.19402985074626866	40	40	40	20	bd-rhap-rep1-X/regulons_40_TF.tsv vs 10x-rep1-kallisto-cellbender-X/regulons_40_TF.tsv	bd-rhap-rep1-X/regulons_40_TF.tsv	10x-rep1-kallisto-cellbender-X/regulons_40_TF.tsv
1115	pDC	TCF4	0.2903225806451613	40	40	40	20	bd-rhap-rep1-X/regulons_40_TF.tsv vs 10x-rep1-kallisto-cellbender-X/regulons_40_TF.tsv	bd-rhap-rep1-X/regulons_40_TF.tsv	10x-rep1-kallisto-cellbender-X/regulons_40_TF.tsv
1116	DC	JUN	0.1111111111111111	40	40	40	20	bd-rhap-rep1-X/regulons_40_TF.tsv vs 10x-rep1-kallisto-cellbender-X/regulons_40_TF.tsv	bd-rhap-rep1-X/regulons_40_TF.tsv	10x-rep1-kallisto-cellbender-X/regulons_40_TF.tsv
1117	cd14-_monocytes	NR4A1	0.15942028985507245	40	40	40	20	bd-rhap-rep1-X/regulons_40_TF.tsv vs 10x-rep1-kallisto-cellbender-X/regulons_40_TF.tsv	bd-rhap-rep1-X/regulons_40_TF.tsv	10x-rep1-kallisto-cellbender-X/regulons_40_TF.tsv
1118	DC	NR4A1	0.1111111111111111	40	40	40	20	bd-rhap-rep1-X/regulons_40_TF.tsv vs 10x-rep1-kallisto-cellbender-X/regulons_40_TF.tsv	bd-rhap-rep1-X/regulons_40_TF.tsv	10x-rep1-kallisto-cellbender-X/regulons_40_TF.tsv
1119	DC	FOS	0.1111111111111111	40	40	40	20	bd-rhap-rep1-X/regulons_40_TF.tsv vs 10x-rep1-kallisto-cellbender-X/regulons_40_TF.tsv	bd-rhap-rep1-X/regulons_40_TF.tsv	10x-rep1-kallisto-cellbender-X/regulons_40_TF.tsv
1120	cd14+_monocytes	ID2	0.21212121212121213	40	40	40	20	bd-rhap-rep1-X/regulons_40_TF.tsv vs 10x-rep1-kallisto-cellbender-X/regulons_40_TF.tsv	bd-rhap-rep1-X/regulons_40_TF.tsv	10x-rep1-kallisto-cellbender-X/regulons_40_TF.tsv
1121	DC	LMO4	0.2698412698412698	40	40	40	20	bd-rhap-rep1-X/regulons_40_TF.tsv vs 10x-rep1-kallisto-cellbender-X/regulons_40_TF.tsv	bd-rhap-rep1-X/regulons_40_TF.tsv	10x-rep1-kallisto-cellbender-X/regulons_40_TF.tsv
1122	b_cells	BTG2	0.19402985074626866	40	40	40	20	bd-rhap-rep1-X/regulons_40_TF.tsv vs 10x-rep1-kallisto-cellbender-X/regulons_40_TF.tsv	bd-rhap-rep1-X/regulons_40_TF.tsv	10x-rep1-kallisto-cellbender-X/regulons_40_TF.tsv
1123	b_cells	BCL11A	0.2698412698412698	40	40	40	20	bd-rhap-rep1-X/regulons_40_TF.tsv vs 10x-rep1-kallisto-cellbender-X/regulons_40_TF.tsv	bd-rhap-rep1-X/regulons_40_TF.tsv	10x-rep1-kallisto-cellbender-X/regulons_40_TF.tsv
1124	b_cells	TLE5	0.23076923076923078	40	40	40	20	bd-rhap-rep1-X/regulons_40_TF.tsv vs 10x-rep1-kallisto-cellbender-X/regulons_40_TF.tsv	bd-rhap-rep1-X/regulons_40_TF.tsv	10x-rep1-kallisto-cellbender-X/regulons_40_TF.tsv
1125	cd14-_monocytes	ID2	0.1267605633802817	40	40	40	20	bd-rhap-rep1-X/regulons_40_TF.tsv vs 10x-rep1-kallisto-cellbender-X/regulons_40_TF.tsv	bd-rhap-rep1-X/regulons_40_TF.tsv	10x-rep1-kallisto-cellbender-X/regulons_40_TF.tsv
1126	DC	IRF8	0.2698412698412698	40	40	40	20	bd-rhap-rep1-X/regulons_40_TF.tsv vs 10x-rep1-kallisto-cellbender-X/regulons_40_TF.tsv	bd-rhap-rep1-X/regulons_40_TF.tsv	10x-rep1-kallisto-cellbender-X/regulons_40_TF.tsv
1127	DC	HMGB2	0.1111111111111111	40	40	40	20	bd-rhap-rep1-X/regulons_40_TF.tsv vs 10x-rep1-kallisto-cellbender-X/regulons_40_TF.tsv	bd-rhap-rep1-X/regulons_40_TF.tsv	10x-rep1-kallisto-cellbender-X/regulons_40_TF.tsv
1128	cd8+_tcells	RORA	0.25	40	40	40	20	bd-rhap-rep1-X/regulons_40_TF.tsv vs 10x-rep1-kallisto-cellbender-X/regulons_40_TF.tsv	bd-rhap-rep1-X/regulons_40_TF.tsv	10x-rep1-kallisto-cellbender-X/regulons_40_TF.tsv
1129	nk_cells	ID2	0.21212121212121213	40	40	40	20	bd-rhap-rep1-X/regulons_40_TF.tsv vs 10x-rep1-kallisto-cellbender-X/regulons_40_TF.tsv	bd-rhap-rep1-X/regulons_40_TF.tsv	10x-rep1-kallisto-cellbender-X/regulons_40_TF.tsv
1130	DC	ID2	0.1111111111111111	40	40	40	20	bd-rhap-rep1-X/regulons_40_TF.tsv vs 10x-rep1-kallisto-cellbender-X/regulons_40_TF.tsv	bd-rhap-rep1-X/regulons_40_TF.tsv	10x-rep1-kallisto-cellbender-X/regulons_40_TF.tsv
1131	b_cells	TCF4	0.19402985074626866	40	40	40	20	bd-rhap-rep1-X/regulons_40_TF.tsv vs 10x-rep1-kallisto-cellbender-X/regulons_40_TF.tsv	bd-rhap-rep1-X/regulons_40_TF.tsv	10x-rep1-kallisto-cellbender-X/regulons_40_TF.tsv
1132	b_cells	SP140	0.2903225806451613	40	40	40	20	bd-rhap-rep1-X/regulons_40_TF.tsv vs 10x-rep1-kallisto-cellbender-X/regulons_40_TF.tsv	bd-rhap-rep1-X/regulons_40_TF.tsv	10x-rep1-kallisto-cellbender-X/regulons_40_TF.tsv
1133	cd14-_monocytes	BTG2	0.06666666666666667	40	40	40	20	bd-rhap-rep2-X/regulons_40_TF.tsv vs 10x-rep1-kallisto-cellbender-X/regulons_40_TF.tsv	bd-rhap-rep2-X/regulons_40_TF.tsv	10x-rep1-kallisto-cellbender-X/regulons_40_TF.tsv
1134	cd8+_tcells	RUNX3	0.21212121212121213	40	40	40	20	bd-rhap-rep2-X/regulons_40_TF.tsv vs 10x-rep1-kallisto-cellbender-X/regulons_40_TF.tsv	bd-rhap-rep2-X/regulons_40_TF.tsv	10x-rep1-kallisto-cellbender-X/regulons_40_TF.tsv
1135	nk_cells	BTG2	0.1267605633802817	40	40	40	20	bd-rhap-rep2-X/regulons_40_TF.tsv vs 10x-rep1-kallisto-cellbender-X/regulons_40_TF.tsv	bd-rhap-rep2-X/regulons_40_TF.tsv	10x-rep1-kallisto-cellbender-X/regulons_40_TF.tsv
1136	cd8+_tcells	IKZF3	0.1746031746031746	40	34	40	20	bd-rhap-rep2-X/regulons_40_TF.tsv vs 10x-rep1-kallisto-cellbender-X/regulons_40_TF.tsv	bd-rhap-rep2-X/regulons_40_TF.tsv	10x-rep1-kallisto-cellbender-X/regulons_40_TF.tsv
1137	DC	BCL11A	0.21212121212121213	40	40	40	20	bd-rhap-rep2-X/regulons_40_TF.tsv vs 10x-rep1-kallisto-cellbender-X/regulons_40_TF.tsv	bd-rhap-rep2-X/regulons_40_TF.tsv	10x-rep1-kallisto-cellbender-X/regulons_40_TF.tsv
1138	cd8+_tcells	ID2	0.17647058823529413	40	40	40	20	bd-rhap-rep2-X/regulons_40_TF.tsv vs 10x-rep1-kallisto-cellbender-X/regulons_40_TF.tsv	bd-rhap-rep2-X/regulons_40_TF.tsv	10x-rep1-kallisto-cellbender-X/regulons_40_TF.tsv
1139	nk_cells	ETS1	0.2698412698412698	40	40	40	20	bd-rhap-rep2-X/regulons_40_TF.tsv vs 10x-rep1-kallisto-cellbender-X/regulons_40_TF.tsv	bd-rhap-rep2-X/regulons_40_TF.tsv	10x-rep1-kallisto-cellbender-X/regulons_40_TF.tsv
1140	pDC	RUNX2	0.3114754098360656	40	40	40	20	bd-rhap-rep2-X/regulons_40_TF.tsv vs 10x-rep1-kallisto-cellbender-X/regulons_40_TF.tsv	bd-rhap-rep2-X/regulons_40_TF.tsv	10x-rep1-kallisto-cellbender-X/regulons_40_TF.tsv
1141	nk_cells	TFDP2	0.25	40	40	40	20	bd-rhap-rep2-X/regulons_40_TF.tsv vs 10x-rep1-kallisto-cellbender-X/regulons_40_TF.tsv	bd-rhap-rep2-X/regulons_40_TF.tsv	10x-rep1-kallisto-cellbender-X/regulons_40_TF.tsv
1142	pDC	IRF8	0.40350877192982454	40	40	40	20	bd-rhap-rep2-X/regulons_40_TF.tsv vs 10x-rep1-kallisto-cellbender-X/regulons_40_TF.tsv	bd-rhap-rep2-X/regulons_40_TF.tsv	10x-rep1-kallisto-cellbender-X/regulons_40_TF.tsv
1143	DC	MAX	0.0	40	40	40	20	bd-rhap-rep2-X/regulons_40_TF.tsv vs 10x-rep1-kallisto-cellbender-X/regulons_40_TF.tsv	bd-rhap-rep2-X/regulons_40_TF.tsv	10x-rep1-kallisto-cellbender-X/regulons_40_TF.tsv
1144	cd8+_tcells	BTG2	0.15942028985507245	40	40	40	20	bd-rhap-rep2-X/regulons_40_TF.tsv vs 10x-rep1-kallisto-cellbender-X/regulons_40_TF.tsv	bd-rhap-rep2-X/regulons_40_TF.tsv	10x-rep1-kallisto-cellbender-X/regulons_40_TF.tsv
1145	cd14+_monocytes	SOX4	0.17647058823529413	40	40	40	20	bd-rhap-rep2-X/regulons_40_TF.tsv vs 10x-rep1-kallisto-cellbender-X/regulons_40_TF.tsv	bd-rhap-rep2-X/regulons_40_TF.tsv	10x-rep1-kallisto-cellbender-X/regulons_40_TF.tsv
1146	nk_cells	MYBL1	0.3559322033898305	40	40	40	20	bd-rhap-rep2-X/regulons_40_TF.tsv vs 10x-rep1-kallisto-cellbender-X/regulons_40_TF.tsv	bd-rhap-rep2-X/regulons_40_TF.tsv	10x-rep1-kallisto-cellbender-X/regulons_40_TF.tsv
1147	cd8+_tcells	BCL11B	0.3559322033898305	40	40	40	20	bd-rhap-rep2-X/regulons_40_TF.tsv vs 10x-rep1-kallisto-cellbender-X/regulons_40_TF.tsv	bd-rhap-rep2-X/regulons_40_TF.tsv	10x-rep1-kallisto-cellbender-X/regulons_40_TF.tsv
1148	b_cells	IRF8	0.15942028985507245	40	40	40	20	bd-rhap-rep2-X/regulons_40_TF.tsv vs 10x-rep1-kallisto-cellbender-X/regulons_40_TF.tsv	bd-rhap-rep2-X/regulons_40_TF.tsv	10x-rep1-kallisto-cellbender-X/regulons_40_TF.tsv
1149	cd8+_tcells	TCF7	0.2698412698412698	40	40	40	20	bd-rhap-rep2-X/regulons_40_TF.tsv vs 10x-rep1-kallisto-cellbender-X/regulons_40_TF.tsv	bd-rhap-rep2-X/regulons_40_TF.tsv	10x-rep1-kallisto-cellbender-X/regulons_40_TF.tsv
1150	pDC	BCL11A	0.3114754098360656	40	40	40	20	bd-rhap-rep2-X/regulons_40_TF.tsv vs 10x-rep1-kallisto-cellbender-X/regulons_40_TF.tsv	bd-rhap-rep2-X/regulons_40_TF.tsv	10x-rep1-kallisto-cellbender-X/regulons_40_TF.tsv
1151	cd14-_monocytes	RUNX3	0.15942028985507245	40	40	40	20	bd-rhap-rep2-X/regulons_40_TF.tsv vs 10x-rep1-kallisto-cellbender-X/regulons_40_TF.tsv	bd-rhap-rep2-X/regulons_40_TF.tsv	10x-rep1-kallisto-cellbender-X/regulons_40_TF.tsv
1152	pDC	TCF4	0.3333333333333333	40	40	40	20	bd-rhap-rep2-X/regulons_40_TF.tsv vs 10x-rep1-kallisto-cellbender-X/regulons_40_TF.tsv	bd-rhap-rep2-X/regulons_40_TF.tsv	10x-rep1-kallisto-cellbender-X/regulons_40_TF.tsv
1153	nk_cells	RUNX3	0.23076923076923078	40	40	40	20	bd-rhap-rep2-X/regulons_40_TF.tsv vs 10x-rep1-kallisto-cellbender-X/regulons_40_TF.tsv	bd-rhap-rep2-X/regulons_40_TF.tsv	10x-rep1-kallisto-cellbender-X/regulons_40_TF.tsv
1154	nk_cells	HOPX	0.19402985074626866	40	40	40	20	bd-rhap-rep2-X/regulons_40_TF.tsv vs 10x-rep1-kallisto-cellbender-X/regulons_40_TF.tsv	bd-rhap-rep2-X/regulons_40_TF.tsv	10x-rep1-kallisto-cellbender-X/regulons_40_TF.tsv
1155	cd14-_monocytes	NR4A1	0.1111111111111111	40	40	40	20	bd-rhap-rep2-X/regulons_40_TF.tsv vs 10x-rep1-kallisto-cellbender-X/regulons_40_TF.tsv	bd-rhap-rep2-X/regulons_40_TF.tsv	10x-rep1-kallisto-cellbender-X/regulons_40_TF.tsv
1156	DC	NR4A1	0.06666666666666667	40	40	40	20	bd-rhap-rep2-X/regulons_40_TF.tsv vs 10x-rep1-kallisto-cellbender-X/regulons_40_TF.tsv	bd-rhap-rep2-X/regulons_40_TF.tsv	10x-rep1-kallisto-cellbender-X/regulons_40_TF.tsv
1157	cd14+_monocytes	EGR1	0.17647058823529413	40	40	40	20	bd-rhap-rep2-X/regulons_40_TF.tsv vs 10x-rep1-kallisto-cellbender-X/regulons_40_TF.tsv	bd-rhap-rep2-X/regulons_40_TF.tsv	10x-rep1-kallisto-cellbender-X/regulons_40_TF.tsv
1158	cd14+_monocytes	ID2	0.17647058823529413	40	40	40	20	bd-rhap-rep2-X/regulons_40_TF.tsv vs 10x-rep1-kallisto-cellbender-X/regulons_40_TF.tsv	bd-rhap-rep2-X/regulons_40_TF.tsv	10x-rep1-kallisto-cellbender-X/regulons_40_TF.tsv
1159	DC	IRF7	0.05263157894736842	40	40	40	20	bd-rhap-rep2-X/regulons_40_TF.tsv vs 10x-rep1-kallisto-cellbender-X/regulons_40_TF.tsv	bd-rhap-rep2-X/regulons_40_TF.tsv	10x-rep1-kallisto-cellbender-X/regulons_40_TF.tsv
1160	b_cells	BCL11A	0.25	40	40	40	20	bd-rhap-rep2-X/regulons_40_TF.tsv vs 10x-rep1-kallisto-cellbender-X/regulons_40_TF.tsv	bd-rhap-rep2-X/regulons_40_TF.tsv	10x-rep1-kallisto-cellbender-X/regulons_40_TF.tsv
1161	cd14-_monocytes	ID2	0.1267605633802817	40	40	40	20	bd-rhap-rep2-X/regulons_40_TF.tsv vs 10x-rep1-kallisto-cellbender-X/regulons_40_TF.tsv	bd-rhap-rep2-X/regulons_40_TF.tsv	10x-rep1-kallisto-cellbender-X/regulons_40_TF.tsv
1162	DC	IRF8	0.17647058823529413	40	40	40	20	bd-rhap-rep2-X/regulons_40_TF.tsv vs 10x-rep1-kallisto-cellbender-X/regulons_40_TF.tsv	bd-rhap-rep2-X/regulons_40_TF.tsv	10x-rep1-kallisto-cellbender-X/regulons_40_TF.tsv
1163	cd4+_tcells	LEF1	0.14285714285714285	40	40	40	20	bd-rhap-rep2-X/regulons_40_TF.tsv vs 10x-rep1-kallisto-cellbender-X/regulons_40_TF.tsv	bd-rhap-rep2-X/regulons_40_TF.tsv	10x-rep1-kallisto-cellbender-X/regulons_40_TF.tsv
1164	cd8+_tcells	RORA	0.21212121212121213	40	40	40	20	bd-rhap-rep2-X/regulons_40_TF.tsv vs 10x-rep1-kallisto-cellbender-X/regulons_40_TF.tsv	bd-rhap-rep2-X/regulons_40_TF.tsv	10x-rep1-kallisto-cellbender-X/regulons_40_TF.tsv
1165	nk_cells	ID2	0.17647058823529413	40	40	40	20	bd-rhap-rep2-X/regulons_40_TF.tsv vs 10x-rep1-kallisto-cellbender-X/regulons_40_TF.tsv	bd-rhap-rep2-X/regulons_40_TF.tsv	10x-rep1-kallisto-cellbender-X/regulons_40_TF.tsv
1166	DC	ID2	0.1111111111111111	40	40	40	20	bd-rhap-rep2-X/regulons_40_TF.tsv vs 10x-rep1-kallisto-cellbender-X/regulons_40_TF.tsv	bd-rhap-rep2-X/regulons_40_TF.tsv	10x-rep1-kallisto-cellbender-X/regulons_40_TF.tsv
1167	pDC	SOX4	0.2903225806451613	40	40	40	20	bd-rhap-rep2-X/regulons_40_TF.tsv vs 10x-rep1-kallisto-cellbender-X/regulons_40_TF.tsv	bd-rhap-rep2-X/regulons_40_TF.tsv	10x-rep1-kallisto-cellbender-X/regulons_40_TF.tsv
1168	b_cells	TCF4	0.19402985074626866	40	40	40	20	bd-rhap-rep2-X/regulons_40_TF.tsv vs 10x-rep1-kallisto-cellbender-X/regulons_40_TF.tsv	bd-rhap-rep2-X/regulons_40_TF.tsv	10x-rep1-kallisto-cellbender-X/regulons_40_TF.tsv
1169	b_cells	SP140	0.23076923076923078	40	40	40	20	bd-rhap-rep2-X/regulons_40_TF.tsv vs 10x-rep1-kallisto-cellbender-X/regulons_40_TF.tsv	bd-rhap-rep2-X/regulons_40_TF.tsv	10x-rep1-kallisto-cellbender-X/regulons_40_TF.tsv
1170	nk_cells	RUNX1	0.4084507042253521	50	50	50	20	bd-rhap-rep1-X/regulons_50_TF.tsv vs bd-rhap-rep2-X/regulons_50_TF.tsv	bd-rhap-rep1-X/regulons_50_TF.tsv	bd-rhap-rep2-X/regulons_50_TF.tsv
1171	pDC	FOXP1	0.4492753623188406	50	50	50	20	bd-rhap-rep1-X/regulons_50_TF.tsv vs bd-rhap-rep2-X/regulons_50_TF.tsv	bd-rhap-rep1-X/regulons_50_TF.tsv	bd-rhap-rep2-X/regulons_50_TF.tsv
1172	cd8+_tcells	ID2	0.3698630136986301	50	50	50	20	bd-rhap-rep1-X/regulons_50_TF.tsv vs bd-rhap-rep2-X/regulons_50_TF.tsv	bd-rhap-rep1-X/regulons_50_TF.tsv	bd-rhap-rep2-X/regulons_50_TF.tsv
1173	nk_cells	KAT6B	0.47058823529411764	50	50	50	20	bd-rhap-rep1-X/regulons_50_TF.tsv vs bd-rhap-rep2-X/regulons_50_TF.tsv	bd-rhap-rep1-X/regulons_50_TF.tsv	bd-rhap-rep2-X/regulons_50_TF.tsv
1174	b_cells	BACH2	0.4084507042253521	50	50	50	20	bd-rhap-rep1-X/regulons_50_TF.tsv vs bd-rhap-rep2-X/regulons_50_TF.tsv	bd-rhap-rep1-X/regulons_50_TF.tsv	bd-rhap-rep2-X/regulons_50_TF.tsv
1175	pDC	IRF8	0.639344262295082	50	50	50	20	bd-rhap-rep1-X/regulons_50_TF.tsv vs bd-rhap-rep2-X/regulons_50_TF.tsv	bd-rhap-rep1-X/regulons_50_TF.tsv	bd-rhap-rep2-X/regulons_50_TF.tsv
1176	nk_cells	NFATC2	0.5873015873015873	50	50	50	20	bd-rhap-rep1-X/regulons_50_TF.tsv vs bd-rhap-rep2-X/regulons_50_TF.tsv	bd-rhap-rep1-X/regulons_50_TF.tsv	bd-rhap-rep2-X/regulons_50_TF.tsv
1177	cd14-_monocytes	HDAC9	0.25	50	50	50	20	bd-rhap-rep1-X/regulons_50_TF.tsv vs bd-rhap-rep2-X/regulons_50_TF.tsv	bd-rhap-rep1-X/regulons_50_TF.tsv	bd-rhap-rep2-X/regulons_50_TF.tsv
1178	b_cells	ZBTB20	0.5151515151515151	50	50	50	20	bd-rhap-rep1-X/regulons_50_TF.tsv vs bd-rhap-rep2-X/regulons_50_TF.tsv	bd-rhap-rep1-X/regulons_50_TF.tsv	bd-rhap-rep2-X/regulons_50_TF.tsv
1179	cd4+_tcells	RUNX1	0.26582278481012656	50	50	50	20	bd-rhap-rep1-X/regulons_50_TF.tsv vs bd-rhap-rep2-X/regulons_50_TF.tsv	bd-rhap-rep1-X/regulons_50_TF.tsv	bd-rhap-rep2-X/regulons_50_TF.tsv
1180	cd14-_monocytes	SOX4	0.3333333333333333	50	50	50	20	bd-rhap-rep1-X/regulons_50_TF.tsv vs bd-rhap-rep2-X/regulons_50_TF.tsv	bd-rhap-rep1-X/regulons_50_TF.tsv	bd-rhap-rep2-X/regulons_50_TF.tsv
1181	cd4+_tcells	KLF12	0.6666666666666666	50	50	50	20	bd-rhap-rep1-X/regulons_50_TF.tsv vs bd-rhap-rep2-X/regulons_50_TF.tsv	bd-rhap-rep1-X/regulons_50_TF.tsv	bd-rhap-rep2-X/regulons_50_TF.tsv
1182	cd8+_tcells	KLF12	0.6129032258064516	50	50	50	20	bd-rhap-rep1-X/regulons_50_TF.tsv vs bd-rhap-rep2-X/regulons_50_TF.tsv	bd-rhap-rep1-X/regulons_50_TF.tsv	bd-rhap-rep2-X/regulons_50_TF.tsv
1183	cd14-_monocytes	FOSB	0.4492753623188406	50	50	50	20	bd-rhap-rep1-X/regulons_50_TF.tsv vs bd-rhap-rep2-X/regulons_50_TF.tsv	bd-rhap-rep1-X/regulons_50_TF.tsv	bd-rhap-rep2-X/regulons_50_TF.tsv
1184	b_cells	IRF8	0.5384615384615384	50	50	50	20	bd-rhap-rep1-X/regulons_50_TF.tsv vs bd-rhap-rep2-X/regulons_50_TF.tsv	bd-rhap-rep1-X/regulons_50_TF.tsv	bd-rhap-rep2-X/regulons_50_TF.tsv
1185	pDC	RUNX1	0.3888888888888889	50	50	50	20	bd-rhap-rep1-X/regulons_50_TF.tsv vs bd-rhap-rep2-X/regulons_50_TF.tsv	bd-rhap-rep1-X/regulons_50_TF.tsv	bd-rhap-rep2-X/regulons_50_TF.tsv
1186	cd4+_tcells	MAX	0.42857142857142855	50	50	50	20	bd-rhap-rep1-X/regulons_50_TF.tsv vs bd-rhap-rep2-X/regulons_50_TF.tsv	bd-rhap-rep1-X/regulons_50_TF.tsv	bd-rhap-rep2-X/regulons_50_TF.tsv
1187	cd14+_monocytes	NFAT5	0.4925373134328358	50	50	50	20	bd-rhap-rep1-X/regulons_50_TF.tsv vs bd-rhap-rep2-X/regulons_50_TF.tsv	bd-rhap-rep1-X/regulons_50_TF.tsv	bd-rhap-rep2-X/regulons_50_TF.tsv
1188	nk_cells	NFAT5	0.3888888888888889	50	50	50	20	bd-rhap-rep1-X/regulons_50_TF.tsv vs bd-rhap-rep2-X/regulons_50_TF.tsv	bd-rhap-rep1-X/regulons_50_TF.tsv	bd-rhap-rep2-X/regulons_50_TF.tsv
1189	DC	NR4A1	0.47058823529411764	50	50	50	20	bd-rhap-rep1-X/regulons_50_TF.tsv vs bd-rhap-rep2-X/regulons_50_TF.tsv	bd-rhap-rep1-X/regulons_50_TF.tsv	bd-rhap-rep2-X/regulons_50_TF.tsv
1190	DC	IRF8	0.5151515151515151	50	50	50	20	bd-rhap-rep1-X/regulons_50_TF.tsv vs bd-rhap-rep2-X/regulons_50_TF.tsv	bd-rhap-rep1-X/regulons_50_TF.tsv	bd-rhap-rep2-X/regulons_50_TF.tsv
1191	cd4+_tcells	TRERF1	0.3888888888888889	50	50	50	20	bd-rhap-rep1-X/regulons_50_TF.tsv vs bd-rhap-rep2-X/regulons_50_TF.tsv	bd-rhap-rep1-X/regulons_50_TF.tsv	bd-rhap-rep2-X/regulons_50_TF.tsv
1192	cd14-_monocytes	NFATC3	0.4925373134328358	50	50	50	20	bd-rhap-rep1-X/regulons_50_TF.tsv vs bd-rhap-rep2-X/regulons_50_TF.tsv	bd-rhap-rep1-X/regulons_50_TF.tsv	bd-rhap-rep2-X/regulons_50_TF.tsv
1193	cd14+_monocytes	RUNX1	0.4492753623188406	50	50	50	20	bd-rhap-rep1-X/regulons_50_TF.tsv vs bd-rhap-rep2-X/regulons_50_TF.tsv	bd-rhap-rep1-X/regulons_50_TF.tsv	bd-rhap-rep2-X/regulons_50_TF.tsv
1194	b_cells	MAX	0.25	50	50	50	20	bd-rhap-rep1-X/regulons_50_TF.tsv vs bd-rhap-rep2-X/regulons_50_TF.tsv	bd-rhap-rep1-X/regulons_50_TF.tsv	bd-rhap-rep2-X/regulons_50_TF.tsv
1195	cd4+_tcells	TCF12	0.08333333333333333	50	15	50	20	bd-rhap-rep1-X/regulons_50_TF.tsv vs bd-rhap-rep2-X/regulons_50_TF.tsv	bd-rhap-rep1-X/regulons_50_TF.tsv	bd-rhap-rep2-X/regulons_50_TF.tsv
1196	pDC	TRERF1	0.3333333333333333	50	50	50	20	bd-rhap-rep1-X/regulons_50_TF.tsv vs bd-rhap-rep2-X/regulons_50_TF.tsv	bd-rhap-rep1-X/regulons_50_TF.tsv	bd-rhap-rep2-X/regulons_50_TF.tsv
1197	DC	RUNX1	0.3888888888888889	50	50	50	20	bd-rhap-rep1-X/regulons_50_TF.tsv vs bd-rhap-rep2-X/regulons_50_TF.tsv	bd-rhap-rep1-X/regulons_50_TF.tsv	bd-rhap-rep2-X/regulons_50_TF.tsv
1198	nk_cells	MAX	0.13636363636363635	50	50	50	20	bd-rhap-rep1-X/regulons_50_TF.tsv vs bd-rhap-rep2-X/regulons_50_TF.tsv	bd-rhap-rep1-X/regulons_50_TF.tsv	bd-rhap-rep2-X/regulons_50_TF.tsv
1199	DC	MAX	0.13636363636363635	50	50	50	20	bd-rhap-rep1-X/regulons_50_TF.tsv vs bd-rhap-rep2-X/regulons_50_TF.tsv	bd-rhap-rep1-X/regulons_50_TF.tsv	bd-rhap-rep2-X/regulons_50_TF.tsv
1200	cd14+_monocytes	TRPS1	0.4925373134328358	50	50	50	20	bd-rhap-rep1-X/regulons_50_TF.tsv vs bd-rhap-rep2-X/regulons_50_TF.tsv	bd-rhap-rep1-X/regulons_50_TF.tsv	bd-rhap-rep2-X/regulons_50_TF.tsv
1201	cd8+_tcells	BTG2	0.2987012987012987	50	50	50	20	bd-rhap-rep1-X/regulons_50_TF.tsv vs bd-rhap-rep2-X/regulons_50_TF.tsv	bd-rhap-rep1-X/regulons_50_TF.tsv	bd-rhap-rep2-X/regulons_50_TF.tsv
1202	DC	NFATC2	0.26582278481012656	50	50	50	20	bd-rhap-rep1-X/regulons_50_TF.tsv vs bd-rhap-rep2-X/regulons_50_TF.tsv	bd-rhap-rep1-X/regulons_50_TF.tsv	bd-rhap-rep2-X/regulons_50_TF.tsv
1203	b_cells	SETBP1	0.3698630136986301	50	50	50	20	bd-rhap-rep1-X/regulons_50_TF.tsv vs bd-rhap-rep2-X/regulons_50_TF.tsv	bd-rhap-rep1-X/regulons_50_TF.tsv	bd-rhap-rep2-X/regulons_50_TF.tsv
1204	cd8+_tcells	PRDM1	0.3698630136986301	50	50	50	20	bd-rhap-rep1-X/regulons_50_TF.tsv vs bd-rhap-rep2-X/regulons_50_TF.tsv	bd-rhap-rep1-X/regulons_50_TF.tsv	bd-rhap-rep2-X/regulons_50_TF.tsv
1205	cd14+_monocytes	ZBTB20	0.4084507042253521	50	50	50	20	bd-rhap-rep1-X/regulons_50_TF.tsv vs bd-rhap-rep2-X/regulons_50_TF.tsv	bd-rhap-rep1-X/regulons_50_TF.tsv	bd-rhap-rep2-X/regulons_50_TF.tsv
1206	cd14+_monocytes	IRF7	0.3157894736842105	50	50	50	20	bd-rhap-rep1-X/regulons_50_TF.tsv vs bd-rhap-rep2-X/regulons_50_TF.tsv	bd-rhap-rep1-X/regulons_50_TF.tsv	bd-rhap-rep2-X/regulons_50_TF.tsv
1207	cd14-_monocytes	NFAT5	0.3333333333333333	50	50	50	20	bd-rhap-rep1-X/regulons_50_TF.tsv vs bd-rhap-rep2-X/regulons_50_TF.tsv	bd-rhap-rep1-X/regulons_50_TF.tsv	bd-rhap-rep2-X/regulons_50_TF.tsv
1208	cd14+_monocytes	NR4A1	0.4925373134328358	50	50	50	20	bd-rhap-rep1-X/regulons_50_TF.tsv vs bd-rhap-rep2-X/regulons_50_TF.tsv	bd-rhap-rep1-X/regulons_50_TF.tsv	bd-rhap-rep2-X/regulons_50_TF.tsv
1209	cd14+_monocytes	ID2	0.4084507042253521	50	50	50	20	bd-rhap-rep1-X/regulons_50_TF.tsv vs bd-rhap-rep2-X/regulons_50_TF.tsv	bd-rhap-rep1-X/regulons_50_TF.tsv	bd-rhap-rep2-X/regulons_50_TF.tsv
1210	nk_cells	ID2	0.4084507042253521	50	50	50	20	bd-rhap-rep1-X/regulons_50_TF.tsv vs bd-rhap-rep2-X/regulons_50_TF.tsv	bd-rhap-rep1-X/regulons_50_TF.tsv	bd-rhap-rep2-X/regulons_50_TF.tsv
1211	DC	ID2	0.4084507042253521	50	50	50	20	bd-rhap-rep1-X/regulons_50_TF.tsv vs bd-rhap-rep2-X/regulons_50_TF.tsv	bd-rhap-rep1-X/regulons_50_TF.tsv	bd-rhap-rep2-X/regulons_50_TF.tsv
1212	b_cells	KLF12	0.4925373134328358	50	50	50	20	bd-rhap-rep1-X/regulons_50_TF.tsv vs bd-rhap-rep2-X/regulons_50_TF.tsv	bd-rhap-rep1-X/regulons_50_TF.tsv	bd-rhap-rep2-X/regulons_50_TF.tsv
1213	b_cells	HDAC9	0.47058823529411764	50	50	50	20	bd-rhap-rep1-X/regulons_50_TF.tsv vs bd-rhap-rep2-X/regulons_50_TF.tsv	bd-rhap-rep1-X/regulons_50_TF.tsv	bd-rhap-rep2-X/regulons_50_TF.tsv
1214	pDC	TCF12	0.3698630136986301	50	50	50	20	bd-rhap-rep1-X/regulons_50_TF.tsv vs bd-rhap-rep2-X/regulons_50_TF.tsv	bd-rhap-rep1-X/regulons_50_TF.tsv	bd-rhap-rep2-X/regulons_50_TF.tsv
1215	cd14+_monocytes	HDAC9	0.5151515151515151	50	50	50	20	bd-rhap-rep1-X/regulons_50_TF.tsv vs bd-rhap-rep2-X/regulons_50_TF.tsv	bd-rhap-rep1-X/regulons_50_TF.tsv	bd-rhap-rep2-X/regulons_50_TF.tsv
1216	cd8+_tcells	NFATC3	0.3157894736842105	50	50	50	20	bd-rhap-rep1-X/regulons_50_TF.tsv vs bd-rhap-rep2-X/regulons_50_TF.tsv	bd-rhap-rep1-X/regulons_50_TF.tsv	bd-rhap-rep2-X/regulons_50_TF.tsv
1217	DC	HDAC9	0.639344262295082	50	50	50	20	bd-rhap-rep1-X/regulons_50_TF.tsv vs bd-rhap-rep2-X/regulons_50_TF.tsv	bd-rhap-rep1-X/regulons_50_TF.tsv	bd-rhap-rep2-X/regulons_50_TF.tsv
1218	b_cells	RUNX3	0.4492753623188406	50	50	50	20	bd-rhap-rep1-X/regulons_50_TF.tsv vs bd-rhap-rep2-X/regulons_50_TF.tsv	bd-rhap-rep1-X/regulons_50_TF.tsv	bd-rhap-rep2-X/regulons_50_TF.tsv
1219	cd14+_monocytes	RUNX3	0.5151515151515151	50	50	50	20	bd-rhap-rep1-X/regulons_50_TF.tsv vs bd-rhap-rep2-X/regulons_50_TF.tsv	bd-rhap-rep1-X/regulons_50_TF.tsv	bd-rhap-rep2-X/regulons_50_TF.tsv
1220	cd14-_monocytes	ZBTB20	0.47058823529411764	50	50	50	20	bd-rhap-rep1-X/regulons_50_TF.tsv vs bd-rhap-rep2-X/regulons_50_TF.tsv	bd-rhap-rep1-X/regulons_50_TF.tsv	bd-rhap-rep2-X/regulons_50_TF.tsv
1221	cd14+_monocytes	TCF12	0.4492753623188406	50	50	50	20	bd-rhap-rep1-X/regulons_50_TF.tsv vs bd-rhap-rep2-X/regulons_50_TF.tsv	bd-rhap-rep1-X/regulons_50_TF.tsv	bd-rhap-rep2-X/regulons_50_TF.tsv
1222	cd14-_monocytes	SETBP1	0.4925373134328358	50	50	50	20	bd-rhap-rep1-X/regulons_50_TF.tsv vs bd-rhap-rep2-X/regulons_50_TF.tsv	bd-rhap-rep1-X/regulons_50_TF.tsv	bd-rhap-rep2-X/regulons_50_TF.tsv
1223	cd14-_monocytes	IRF7	0.3888888888888889	50	50	50	20	bd-rhap-rep1-X/regulons_50_TF.tsv vs bd-rhap-rep2-X/regulons_50_TF.tsv	bd-rhap-rep1-X/regulons_50_TF.tsv	bd-rhap-rep2-X/regulons_50_TF.tsv
1224	nk_cells	RUNX3	0.5625	50	50	50	20	bd-rhap-rep1-X/regulons_50_TF.tsv vs bd-rhap-rep2-X/regulons_50_TF.tsv	bd-rhap-rep1-X/regulons_50_TF.tsv	bd-rhap-rep2-X/regulons_50_TF.tsv
1225	pDC	TCF4	0.5625	50	50	50	20	bd-rhap-rep1-X/regulons_50_TF.tsv vs bd-rhap-rep2-X/regulons_50_TF.tsv	bd-rhap-rep1-X/regulons_50_TF.tsv	bd-rhap-rep2-X/regulons_50_TF.tsv
1226	cd14-_monocytes	NR4A1	0.4084507042253521	50	50	50	20	bd-rhap-rep1-X/regulons_50_TF.tsv vs bd-rhap-rep2-X/regulons_50_TF.tsv	bd-rhap-rep1-X/regulons_50_TF.tsv	bd-rhap-rep2-X/regulons_50_TF.tsv
1227	b_cells	BCL11A	0.6666666666666666	50	50	50	20	bd-rhap-rep1-X/regulons_50_TF.tsv vs bd-rhap-rep2-X/regulons_50_TF.tsv	bd-rhap-rep1-X/regulons_50_TF.tsv	bd-rhap-rep2-X/regulons_50_TF.tsv
1228	cd14-_monocytes	ID2	0.35135135135135137	50	50	50	20	bd-rhap-rep1-X/regulons_50_TF.tsv vs bd-rhap-rep2-X/regulons_50_TF.tsv	bd-rhap-rep1-X/regulons_50_TF.tsv	bd-rhap-rep2-X/regulons_50_TF.tsv
1229	pDC	HDAC9	0.4925373134328358	50	50	50	20	bd-rhap-rep1-X/regulons_50_TF.tsv vs bd-rhap-rep2-X/regulons_50_TF.tsv	bd-rhap-rep1-X/regulons_50_TF.tsv	bd-rhap-rep2-X/regulons_50_TF.tsv
1230	pDC	SOX4	0.42857142857142855	50	50	50	20	bd-rhap-rep1-X/regulons_50_TF.tsv vs bd-rhap-rep2-X/regulons_50_TF.tsv	bd-rhap-rep1-X/regulons_50_TF.tsv	bd-rhap-rep2-X/regulons_50_TF.tsv
1231	b_cells	TCF4	0.5384615384615384	50	50	50	20	bd-rhap-rep1-X/regulons_50_TF.tsv vs bd-rhap-rep2-X/regulons_50_TF.tsv	bd-rhap-rep1-X/regulons_50_TF.tsv	bd-rhap-rep2-X/regulons_50_TF.tsv
1232	b_cells	SP140	0.5151515151515151	50	50	50	20	bd-rhap-rep1-X/regulons_50_TF.tsv vs bd-rhap-rep2-X/regulons_50_TF.tsv	bd-rhap-rep1-X/regulons_50_TF.tsv	bd-rhap-rep2-X/regulons_50_TF.tsv
1233	DC	BCL11A	0.5384615384615384	50	50	50	20	bd-rhap-rep1-X/regulons_50_TF.tsv vs bd-rhap-rep2-X/regulons_50_TF.tsv	bd-rhap-rep1-X/regulons_50_TF.tsv	bd-rhap-rep2-X/regulons_50_TF.tsv
1234	cd14-_monocytes	FOXO1	0.26582278481012656	50	50	50	20	bd-rhap-rep1-X/regulons_50_TF.tsv vs bd-rhap-rep2-X/regulons_50_TF.tsv	bd-rhap-rep1-X/regulons_50_TF.tsv	bd-rhap-rep2-X/regulons_50_TF.tsv
1235	pDC	RUNX2	0.5151515151515151	50	50	50	20	bd-rhap-rep1-X/regulons_50_TF.tsv vs bd-rhap-rep2-X/regulons_50_TF.tsv	bd-rhap-rep1-X/regulons_50_TF.tsv	bd-rhap-rep2-X/regulons_50_TF.tsv
1236	b_cells	FOXP1	0.4925373134328358	50	50	50	20	bd-rhap-rep1-X/regulons_50_TF.tsv vs bd-rhap-rep2-X/regulons_50_TF.tsv	bd-rhap-rep1-X/regulons_50_TF.tsv	bd-rhap-rep2-X/regulons_50_TF.tsv
1237	pDC	ZEB1	0.4084507042253521	50	50	50	20	bd-rhap-rep1-X/regulons_50_TF.tsv vs bd-rhap-rep2-X/regulons_50_TF.tsv	bd-rhap-rep1-X/regulons_50_TF.tsv	bd-rhap-rep2-X/regulons_50_TF.tsv
1238	cd14+_monocytes	SOX4	0.42857142857142855	50	50	50	20	bd-rhap-rep1-X/regulons_50_TF.tsv vs bd-rhap-rep2-X/regulons_50_TF.tsv	bd-rhap-rep1-X/regulons_50_TF.tsv	bd-rhap-rep2-X/regulons_50_TF.tsv
1239	cd14+_monocytes	FOSB	0.3888888888888889	50	50	50	20	bd-rhap-rep1-X/regulons_50_TF.tsv vs bd-rhap-rep2-X/regulons_50_TF.tsv	bd-rhap-rep1-X/regulons_50_TF.tsv	bd-rhap-rep2-X/regulons_50_TF.tsv
1240	cd4+_tcells	KAT6B	0.30434782608695654	50	40	50	20	bd-rhap-rep1-X/regulons_50_TF.tsv vs bd-rhap-rep2-X/regulons_50_TF.tsv	bd-rhap-rep1-X/regulons_50_TF.tsv	bd-rhap-rep2-X/regulons_50_TF.tsv
1241	cd8+_tcells	STAT4	0.3888888888888889	50	50	50	20	bd-rhap-rep1-X/regulons_50_TF.tsv vs bd-rhap-rep2-X/regulons_50_TF.tsv	bd-rhap-rep1-X/regulons_50_TF.tsv	bd-rhap-rep2-X/regulons_50_TF.tsv
1242	cd8+_tcells	MAX	0.35135135135135137	50	50	50	20	bd-rhap-rep1-X/regulons_50_TF.tsv vs bd-rhap-rep2-X/regulons_50_TF.tsv	bd-rhap-rep1-X/regulons_50_TF.tsv	bd-rhap-rep2-X/regulons_50_TF.tsv
1243	DC	FOXP1	0.3698630136986301	50	50	50	20	bd-rhap-rep1-X/regulons_50_TF.tsv vs bd-rhap-rep2-X/regulons_50_TF.tsv	bd-rhap-rep1-X/regulons_50_TF.tsv	bd-rhap-rep2-X/regulons_50_TF.tsv
1244	DC	FOSB	0.4492753623188406	50	50	50	20	bd-rhap-rep1-X/regulons_50_TF.tsv vs bd-rhap-rep2-X/regulons_50_TF.tsv	bd-rhap-rep1-X/regulons_50_TF.tsv	bd-rhap-rep2-X/regulons_50_TF.tsv
1245	pDC	BCL11A	0.639344262295082	50	50	50	20	bd-rhap-rep1-X/regulons_50_TF.tsv vs bd-rhap-rep2-X/regulons_50_TF.tsv	bd-rhap-rep1-X/regulons_50_TF.tsv	bd-rhap-rep2-X/regulons_50_TF.tsv
1246	cd14-_monocytes	RUNX3	0.5151515151515151	50	50	50	20	bd-rhap-rep1-X/regulons_50_TF.tsv vs bd-rhap-rep2-X/regulons_50_TF.tsv	bd-rhap-rep1-X/regulons_50_TF.tsv	bd-rhap-rep2-X/regulons_50_TF.tsv
1247	cd8+_tcells	NFATC2	0.4492753623188406	50	50	50	20	bd-rhap-rep1-X/regulons_50_TF.tsv vs bd-rhap-rep2-X/regulons_50_TF.tsv	bd-rhap-rep1-X/regulons_50_TF.tsv	bd-rhap-rep2-X/regulons_50_TF.tsv
1248	cd4+_tcells	HIVEP2	0.47058823529411764	50	50	50	20	bd-rhap-rep1-X/regulons_50_TF.tsv vs bd-rhap-rep2-X/regulons_50_TF.tsv	bd-rhap-rep1-X/regulons_50_TF.tsv	bd-rhap-rep2-X/regulons_50_TF.tsv
1249	cd14-_monocytes	TCF12	0.4492753623188406	50	50	50	20	bd-rhap-rep1-X/regulons_50_TF.tsv vs bd-rhap-rep2-X/regulons_50_TF.tsv	bd-rhap-rep1-X/regulons_50_TF.tsv	bd-rhap-rep2-X/regulons_50_TF.tsv
1250	cd14+_monocytes	NFATC3	0.35135135135135137	50	50	50	20	bd-rhap-rep1-X/regulons_50_TF.tsv vs bd-rhap-rep2-X/regulons_50_TF.tsv	bd-rhap-rep1-X/regulons_50_TF.tsv	bd-rhap-rep2-X/regulons_50_TF.tsv
1251	cd4+_tcells	ZBTB20	0.3698630136986301	50	50	50	20	bd-rhap-rep1-X/regulons_50_TF.tsv vs bd-rhap-rep2-X/regulons_50_TF.tsv	bd-rhap-rep1-X/regulons_50_TF.tsv	bd-rhap-rep2-X/regulons_50_TF.tsv
1252	nk_cells	TOX	0.5151515151515151	50	50	50	20	bd-rhap-rep1-X/regulons_50_TF.tsv vs bd-rhap-rep2-X/regulons_50_TF.tsv	bd-rhap-rep1-X/regulons_50_TF.tsv	bd-rhap-rep2-X/regulons_50_TF.tsv
1253	cd8+_tcells	RUNX3	0.21621621621621623	50	40	50	20	bd-rhap-rep1-X/regulons_50_TF.tsv vs 10x-rep1-kallisto-cellbender-X/regulons_50_TF.tsv	bd-rhap-rep1-X/regulons_50_TF.tsv	10x-rep1-kallisto-cellbender-X/regulons_50_TF.tsv
1254	nk_cells	TLE5	0.21951219512195122	50	50	50	20	bd-rhap-rep1-X/regulons_50_TF.tsv vs 10x-rep1-kallisto-cellbender-X/regulons_50_TF.tsv	bd-rhap-rep1-X/regulons_50_TF.tsv	10x-rep1-kallisto-cellbender-X/regulons_50_TF.tsv
1255	DC	BCL11A	0.16279069767441862	50	50	50	20	bd-rhap-rep1-X/regulons_50_TF.tsv vs 10x-rep1-kallisto-cellbender-X/regulons_50_TF.tsv	bd-rhap-rep1-X/regulons_50_TF.tsv	10x-rep1-kallisto-cellbender-X/regulons_50_TF.tsv
1256	DC	TLE5	0.17647058823529413	50	50	50	20	bd-rhap-rep1-X/regulons_50_TF.tsv vs 10x-rep1-kallisto-cellbender-X/regulons_50_TF.tsv	bd-rhap-rep1-X/regulons_50_TF.tsv	10x-rep1-kallisto-cellbender-X/regulons_50_TF.tsv
1257	cd8+_tcells	ID2	0.16279069767441862	50	50	50	20	bd-rhap-rep1-X/regulons_50_TF.tsv vs 10x-rep1-kallisto-cellbender-X/regulons_50_TF.tsv	bd-rhap-rep1-X/regulons_50_TF.tsv	10x-rep1-kallisto-cellbender-X/regulons_50_TF.tsv
1258	pDC	RUNX2	0.35135135135135137	50	50	50	20	bd-rhap-rep1-X/regulons_50_TF.tsv vs 10x-rep1-kallisto-cellbender-X/regulons_50_TF.tsv	bd-rhap-rep1-X/regulons_50_TF.tsv	10x-rep1-kallisto-cellbender-X/regulons_50_TF.tsv
1259	pDC	FOS	0.07526881720430108	50	50	50	20	bd-rhap-rep1-X/regulons_50_TF.tsv vs 10x-rep1-kallisto-cellbender-X/regulons_50_TF.tsv	bd-rhap-rep1-X/regulons_50_TF.tsv	10x-rep1-kallisto-cellbender-X/regulons_50_TF.tsv
1260	cd14+_monocytes	STAT1	0.2345679012345679	50	50	50	20	bd-rhap-rep1-X/regulons_50_TF.tsv vs 10x-rep1-kallisto-cellbender-X/regulons_50_TF.tsv	bd-rhap-rep1-X/regulons_50_TF.tsv	10x-rep1-kallisto-cellbender-X/regulons_50_TF.tsv
1261	pDC	IRF8	0.47058823529411764	50	50	50	20	bd-rhap-rep1-X/regulons_50_TF.tsv vs 10x-rep1-kallisto-cellbender-X/regulons_50_TF.tsv	bd-rhap-rep1-X/regulons_50_TF.tsv	10x-rep1-kallisto-cellbender-X/regulons_50_TF.tsv
1262	DC	MAX	0.0	50	50	50	20	bd-rhap-rep1-X/regulons_50_TF.tsv vs 10x-rep1-kallisto-cellbender-X/regulons_50_TF.tsv	bd-rhap-rep1-X/regulons_50_TF.tsv	10x-rep1-kallisto-cellbender-X/regulons_50_TF.tsv
1263	cd4+_tcells	BTG2	0.16279069767441862	50	50	50	20	bd-rhap-rep1-X/regulons_50_TF.tsv vs 10x-rep1-kallisto-cellbender-X/regulons_50_TF.tsv	bd-rhap-rep1-X/regulons_50_TF.tsv	10x-rep1-kallisto-cellbender-X/regulons_50_TF.tsv
1264	pDC	HMGB2	0.05263157894736842	50	50	50	20	bd-rhap-rep1-X/regulons_50_TF.tsv vs 10x-rep1-kallisto-cellbender-X/regulons_50_TF.tsv	bd-rhap-rep1-X/regulons_50_TF.tsv	10x-rep1-kallisto-cellbender-X/regulons_50_TF.tsv
1265	cd8+_tcells	BTG2	0.19047619047619047	50	50	50	20	bd-rhap-rep1-X/regulons_50_TF.tsv vs 10x-rep1-kallisto-cellbender-X/regulons_50_TF.tsv	bd-rhap-rep1-X/regulons_50_TF.tsv	10x-rep1-kallisto-cellbender-X/regulons_50_TF.tsv
1266	cd14+_monocytes	SOX4	0.20481927710843373	50	50	50	20	bd-rhap-rep1-X/regulons_50_TF.tsv vs 10x-rep1-kallisto-cellbender-X/regulons_50_TF.tsv	bd-rhap-rep1-X/regulons_50_TF.tsv	10x-rep1-kallisto-cellbender-X/regulons_50_TF.tsv
1267	cd8+_tcells	TLE5	0.28205128205128205	50	50	50	20	bd-rhap-rep1-X/regulons_50_TF.tsv vs 10x-rep1-kallisto-cellbender-X/regulons_50_TF.tsv	bd-rhap-rep1-X/regulons_50_TF.tsv	10x-rep1-kallisto-cellbender-X/regulons_50_TF.tsv
1268	cd4+_tcells	TLE5	0.3157894736842105	50	50	50	20	bd-rhap-rep1-X/regulons_50_TF.tsv vs 10x-rep1-kallisto-cellbender-X/regulons_50_TF.tsv	bd-rhap-rep1-X/regulons_50_TF.tsv	10x-rep1-kallisto-cellbender-X/regulons_50_TF.tsv
1269	cd14+_monocytes	CEBPD	0.28205128205128205	50	50	50	20	bd-rhap-rep1-X/regulons_50_TF.tsv vs 10x-rep1-kallisto-cellbender-X/regulons_50_TF.tsv	bd-rhap-rep1-X/regulons_50_TF.tsv	10x-rep1-kallisto-cellbender-X/regulons_50_TF.tsv
1270	b_cells	POU2F2	0.19047619047619047	50	50	50	20	bd-rhap-rep1-X/regulons_50_TF.tsv vs 10x-rep1-kallisto-cellbender-X/regulons_50_TF.tsv	bd-rhap-rep1-X/regulons_50_TF.tsv	10x-rep1-kallisto-cellbender-X/regulons_50_TF.tsv
1271	nk_cells	CEBPD	0.17647058823529413	50	50	50	20	bd-rhap-rep1-X/regulons_50_TF.tsv vs 10x-rep1-kallisto-cellbender-X/regulons_50_TF.tsv	bd-rhap-rep1-X/regulons_50_TF.tsv	10x-rep1-kallisto-cellbender-X/regulons_50_TF.tsv
1272	cd14-_monocytes	CEBPD	0.25	50	50	50	20	bd-rhap-rep1-X/regulons_50_TF.tsv vs 10x-rep1-kallisto-cellbender-X/regulons_50_TF.tsv	bd-rhap-rep1-X/regulons_50_TF.tsv	10x-rep1-kallisto-cellbender-X/regulons_50_TF.tsv
1273	b_cells	IRF8	0.21951219512195122	50	50	50	20	bd-rhap-rep1-X/regulons_50_TF.tsv vs 10x-rep1-kallisto-cellbender-X/regulons_50_TF.tsv	bd-rhap-rep1-X/regulons_50_TF.tsv	10x-rep1-kallisto-cellbender-X/regulons_50_TF.tsv
1274	DC	CEBPD	0.25	50	50	50	20	bd-rhap-rep1-X/regulons_50_TF.tsv vs 10x-rep1-kallisto-cellbender-X/regulons_50_TF.tsv	bd-rhap-rep1-X/regulons_50_TF.tsv	10x-rep1-kallisto-cellbender-X/regulons_50_TF.tsv
1275	pDC	TLE5	0.25	50	50	50	20	bd-rhap-rep1-X/regulons_50_TF.tsv vs 10x-rep1-kallisto-cellbender-X/regulons_50_TF.tsv	bd-rhap-rep1-X/regulons_50_TF.tsv	10x-rep1-kallisto-cellbender-X/regulons_50_TF.tsv
1276	pDC	BCL11A	0.3333333333333333	50	50	50	20	bd-rhap-rep1-X/regulons_50_TF.tsv vs 10x-rep1-kallisto-cellbender-X/regulons_50_TF.tsv	bd-rhap-rep1-X/regulons_50_TF.tsv	10x-rep1-kallisto-cellbender-X/regulons_50_TF.tsv
1277	b_cells	SP140	0.21951219512195122	50	50	50	20	bd-rhap-rep1-X/regulons_50_TF.tsv vs 10x-rep1-kallisto-cellbender-X/regulons_50_TF.tsv	bd-rhap-rep1-X/regulons_50_TF.tsv	10x-rep1-kallisto-cellbender-X/regulons_50_TF.tsv
1278	cd14+_monocytes	POU2F2	0.26582278481012656	50	50	50	20	bd-rhap-rep1-X/regulons_50_TF.tsv vs 10x-rep1-kallisto-cellbender-X/regulons_50_TF.tsv	bd-rhap-rep1-X/regulons_50_TF.tsv	10x-rep1-kallisto-cellbender-X/regulons_50_TF.tsv
1279	cd14-_monocytes	RUNX3	0.21951219512195122	50	50	50	20	bd-rhap-rep1-X/regulons_50_TF.tsv vs 10x-rep1-kallisto-cellbender-X/regulons_50_TF.tsv	bd-rhap-rep1-X/regulons_50_TF.tsv	10x-rep1-kallisto-cellbender-X/regulons_50_TF.tsv
1280	pDC	TCF4	0.2987012987012987	50	50	50	20	bd-rhap-rep1-X/regulons_50_TF.tsv vs 10x-rep1-kallisto-cellbender-X/regulons_50_TF.tsv	bd-rhap-rep1-X/regulons_50_TF.tsv	10x-rep1-kallisto-cellbender-X/regulons_50_TF.tsv
1281	nk_cells	RUNX3	0.25	50	50	50	20	bd-rhap-rep1-X/regulons_50_TF.tsv vs 10x-rep1-kallisto-cellbender-X/regulons_50_TF.tsv	bd-rhap-rep1-X/regulons_50_TF.tsv	10x-rep1-kallisto-cellbender-X/regulons_50_TF.tsv
1282	cd14-_monocytes	NR4A1	0.14942528735632185	50	50	50	20	bd-rhap-rep1-X/regulons_50_TF.tsv vs 10x-rep1-kallisto-cellbender-X/regulons_50_TF.tsv	bd-rhap-rep1-X/regulons_50_TF.tsv	10x-rep1-kallisto-cellbender-X/regulons_50_TF.tsv
1283	nk_cells	FOS	0.12359550561797752	50	50	50	20	bd-rhap-rep1-X/regulons_50_TF.tsv vs 10x-rep1-kallisto-cellbender-X/regulons_50_TF.tsv	bd-rhap-rep1-X/regulons_50_TF.tsv	10x-rep1-kallisto-cellbender-X/regulons_50_TF.tsv
1284	DC	NR4A1	0.13636363636363635	50	50	50	20	bd-rhap-rep1-X/regulons_50_TF.tsv vs 10x-rep1-kallisto-cellbender-X/regulons_50_TF.tsv	bd-rhap-rep1-X/regulons_50_TF.tsv	10x-rep1-kallisto-cellbender-X/regulons_50_TF.tsv
1285	DC	FOS	0.13636363636363635	50	50	50	20	bd-rhap-rep1-X/regulons_50_TF.tsv vs 10x-rep1-kallisto-cellbender-X/regulons_50_TF.tsv	bd-rhap-rep1-X/regulons_50_TF.tsv	10x-rep1-kallisto-cellbender-X/regulons_50_TF.tsv
1286	cd14+_monocytes	ID2	0.21951219512195122	50	50	50	20	bd-rhap-rep1-X/regulons_50_TF.tsv vs 10x-rep1-kallisto-cellbender-X/regulons_50_TF.tsv	bd-rhap-rep1-X/regulons_50_TF.tsv	10x-rep1-kallisto-cellbender-X/regulons_50_TF.tsv
1287	DC	LMO4	0.25	50	50	50	20	bd-rhap-rep1-X/regulons_50_TF.tsv vs 10x-rep1-kallisto-cellbender-X/regulons_50_TF.tsv	bd-rhap-rep1-X/regulons_50_TF.tsv	10x-rep1-kallisto-cellbender-X/regulons_50_TF.tsv
1288	b_cells	BTG2	0.20481927710843373	50	50	50	20	bd-rhap-rep1-X/regulons_50_TF.tsv vs 10x-rep1-kallisto-cellbender-X/regulons_50_TF.tsv	bd-rhap-rep1-X/regulons_50_TF.tsv	10x-rep1-kallisto-cellbender-X/regulons_50_TF.tsv
1289	b_cells	BCL11A	0.2345679012345679	50	50	50	20	bd-rhap-rep1-X/regulons_50_TF.tsv vs 10x-rep1-kallisto-cellbender-X/regulons_50_TF.tsv	bd-rhap-rep1-X/regulons_50_TF.tsv	10x-rep1-kallisto-cellbender-X/regulons_50_TF.tsv
1290	b_cells	TLE5	0.26582278481012656	50	50	50	20	bd-rhap-rep1-X/regulons_50_TF.tsv vs 10x-rep1-kallisto-cellbender-X/regulons_50_TF.tsv	bd-rhap-rep1-X/regulons_50_TF.tsv	10x-rep1-kallisto-cellbender-X/regulons_50_TF.tsv
1291	cd14-_monocytes	ID2	0.12359550561797752	50	50	50	20	bd-rhap-rep1-X/regulons_50_TF.tsv vs 10x-rep1-kallisto-cellbender-X/regulons_50_TF.tsv	bd-rhap-rep1-X/regulons_50_TF.tsv	10x-rep1-kallisto-cellbender-X/regulons_50_TF.tsv
1292	DC	IRF8	0.2345679012345679	50	50	50	20	bd-rhap-rep1-X/regulons_50_TF.tsv vs 10x-rep1-kallisto-cellbender-X/regulons_50_TF.tsv	bd-rhap-rep1-X/regulons_50_TF.tsv	10x-rep1-kallisto-cellbender-X/regulons_50_TF.tsv
1293	DC	HMGB2	0.0989010989010989	50	50	50	20	bd-rhap-rep1-X/regulons_50_TF.tsv vs 10x-rep1-kallisto-cellbender-X/regulons_50_TF.tsv	bd-rhap-rep1-X/regulons_50_TF.tsv	10x-rep1-kallisto-cellbender-X/regulons_50_TF.tsv
1294	nk_cells	ID2	0.16279069767441862	50	50	50	20	bd-rhap-rep1-X/regulons_50_TF.tsv vs 10x-rep1-kallisto-cellbender-X/regulons_50_TF.tsv	bd-rhap-rep1-X/regulons_50_TF.tsv	10x-rep1-kallisto-cellbender-X/regulons_50_TF.tsv
1295	DC	ID2	0.14942528735632185	50	50	50	20	bd-rhap-rep1-X/regulons_50_TF.tsv vs 10x-rep1-kallisto-cellbender-X/regulons_50_TF.tsv	bd-rhap-rep1-X/regulons_50_TF.tsv	10x-rep1-kallisto-cellbender-X/regulons_50_TF.tsv
1296	pDC	SOX4	0.3157894736842105	50	50	50	20	bd-rhap-rep1-X/regulons_50_TF.tsv vs 10x-rep1-kallisto-cellbender-X/regulons_50_TF.tsv	bd-rhap-rep1-X/regulons_50_TF.tsv	10x-rep1-kallisto-cellbender-X/regulons_50_TF.tsv
1297	b_cells	TCF4	0.1625	50	43	50	20	bd-rhap-rep1-X/regulons_50_TF.tsv vs 10x-rep1-kallisto-cellbender-X/regulons_50_TF.tsv	bd-rhap-rep1-X/regulons_50_TF.tsv	10x-rep1-kallisto-cellbender-X/regulons_50_TF.tsv
1298	cd8+_tcells	JUN	0.3157894736842105	50	50	50	20	bd-rhap-rep1-X/regulons_50_TF.tsv vs 10x-rep1-kallisto-cellbender-X/regulons_50_TF.tsv	bd-rhap-rep1-X/regulons_50_TF.tsv	10x-rep1-kallisto-cellbender-X/regulons_50_TF.tsv
1299	nk_cells	BTG2	0.13636363636363635	50	50	50	20	bd-rhap-rep2-X/regulons_50_TF.tsv vs 10x-rep1-kallisto-cellbender-X/regulons_50_TF.tsv	bd-rhap-rep2-X/regulons_50_TF.tsv	10x-rep1-kallisto-cellbender-X/regulons_50_TF.tsv
1300	cd8+_tcells	IKZF3	0.1506849315068493	50	34	50	20	bd-rhap-rep2-X/regulons_50_TF.tsv vs 10x-rep1-kallisto-cellbender-X/regulons_50_TF.tsv	bd-rhap-rep2-X/regulons_50_TF.tsv	10x-rep1-kallisto-cellbender-X/regulons_50_TF.tsv
1301	DC	BCL11A	0.17647058823529413	50	50	50	20	bd-rhap-rep2-X/regulons_50_TF.tsv vs 10x-rep1-kallisto-cellbender-X/regulons_50_TF.tsv	bd-rhap-rep2-X/regulons_50_TF.tsv	10x-rep1-kallisto-cellbender-X/regulons_50_TF.tsv
1302	cd8+_tcells	ID2	0.17647058823529413	50	50	50	20	bd-rhap-rep2-X/regulons_50_TF.tsv vs 10x-rep1-kallisto-cellbender-X/regulons_50_TF.tsv	bd-rhap-rep2-X/regulons_50_TF.tsv	10x-rep1-kallisto-cellbender-X/regulons_50_TF.tsv
1303	nk_cells	ETS1	0.25	50	50	50	20	bd-rhap-rep2-X/regulons_50_TF.tsv vs 10x-rep1-kallisto-cellbender-X/regulons_50_TF.tsv	bd-rhap-rep2-X/regulons_50_TF.tsv	10x-rep1-kallisto-cellbender-X/regulons_50_TF.tsv
1304	pDC	RUNX2	0.2987012987012987	50	50	50	20	bd-rhap-rep2-X/regulons_50_TF.tsv vs 10x-rep1-kallisto-cellbender-X/regulons_50_TF.tsv	bd-rhap-rep2-X/regulons_50_TF.tsv	10x-rep1-kallisto-cellbender-X/regulons_50_TF.tsv
1305	nk_cells	TFDP2	0.20481927710843373	50	50	50	20	bd-rhap-rep2-X/regulons_50_TF.tsv vs 10x-rep1-kallisto-cellbender-X/regulons_50_TF.tsv	bd-rhap-rep2-X/regulons_50_TF.tsv	10x-rep1-kallisto-cellbender-X/regulons_50_TF.tsv
1306	pDC	IRF8	0.4084507042253521	50	50	50	20	bd-rhap-rep2-X/regulons_50_TF.tsv vs 10x-rep1-kallisto-cellbender-X/regulons_50_TF.tsv	bd-rhap-rep2-X/regulons_50_TF.tsv	10x-rep1-kallisto-cellbender-X/regulons_50_TF.tsv
1307	DC	MAX	0.0	50	50	50	20	bd-rhap-rep2-X/regulons_50_TF.tsv vs 10x-rep1-kallisto-cellbender-X/regulons_50_TF.tsv	bd-rhap-rep2-X/regulons_50_TF.tsv	10x-rep1-kallisto-cellbender-X/regulons_50_TF.tsv
1308	cd8+_tcells	BTG2	0.17647058823529413	50	50	50	20	bd-rhap-rep2-X/regulons_50_TF.tsv vs 10x-rep1-kallisto-cellbender-X/regulons_50_TF.tsv	bd-rhap-rep2-X/regulons_50_TF.tsv	10x-rep1-kallisto-cellbender-X/regulons_50_TF.tsv
1309	cd14+_monocytes	SOX4	0.14942528735632185	50	50	50	20	bd-rhap-rep2-X/regulons_50_TF.tsv vs 10x-rep1-kallisto-cellbender-X/regulons_50_TF.tsv	bd-rhap-rep2-X/regulons_50_TF.tsv	10x-rep1-kallisto-cellbender-X/regulons_50_TF.tsv
1310	nk_cells	MYBL1	0.28205128205128205	50	50	50	20	bd-rhap-rep2-X/regulons_50_TF.tsv vs 10x-rep1-kallisto-cellbender-X/regulons_50_TF.tsv	bd-rhap-rep2-X/regulons_50_TF.tsv	10x-rep1-kallisto-cellbender-X/regulons_50_TF.tsv
1311	cd8+_tcells	BCL11B	0.2987012987012987	50	50	50	20	bd-rhap-rep2-X/regulons_50_TF.tsv vs 10x-rep1-kallisto-cellbender-X/regulons_50_TF.tsv	bd-rhap-rep2-X/regulons_50_TF.tsv	10x-rep1-kallisto-cellbender-X/regulons_50_TF.tsv
1312	b_cells	IRF8	0.20481927710843373	50	50	50	20	bd-rhap-rep2-X/regulons_50_TF.tsv vs 10x-rep1-kallisto-cellbender-X/regulons_50_TF.tsv	bd-rhap-rep2-X/regulons_50_TF.tsv	10x-rep1-kallisto-cellbender-X/regulons_50_TF.tsv
1313	cd8+_tcells	TCF7	0.26582278481012656	50	50	50	20	bd-rhap-rep2-X/regulons_50_TF.tsv vs 10x-rep1-kallisto-cellbender-X/regulons_50_TF.tsv	bd-rhap-rep2-X/regulons_50_TF.tsv	10x-rep1-kallisto-cellbender-X/regulons_50_TF.tsv
1314	cd4+_tcells	TCF7	0.26582278481012656	50	50	50	20	bd-rhap-rep2-X/regulons_50_TF.tsv vs 10x-rep1-kallisto-cellbender-X/regulons_50_TF.tsv	bd-rhap-rep2-X/regulons_50_TF.tsv	10x-rep1-kallisto-cellbender-X/regulons_50_TF.tsv
1315	pDC	BCL11A	0.3157894736842105	50	50	50	20	bd-rhap-rep2-X/regulons_50_TF.tsv vs 10x-rep1-kallisto-cellbender-X/regulons_50_TF.tsv	bd-rhap-rep2-X/regulons_50_TF.tsv	10x-rep1-kallisto-cellbender-X/regulons_50_TF.tsv
1316	cd14-_monocytes	RUNX3	0.16279069767441862	50	50	50	20	bd-rhap-rep2-X/regulons_50_TF.tsv vs 10x-rep1-kallisto-cellbender-X/regulons_50_TF.tsv	bd-rhap-rep2-X/regulons_50_TF.tsv	10x-rep1-kallisto-cellbender-X/regulons_50_TF.tsv
1317	pDC	TCF4	0.2987012987012987	50	50	50	20	bd-rhap-rep2-X/regulons_50_TF.tsv vs 10x-rep1-kallisto-cellbender-X/regulons_50_TF.tsv	bd-rhap-rep2-X/regulons_50_TF.tsv	10x-rep1-kallisto-cellbender-X/regulons_50_TF.tsv
1318	nk_cells	RUNX3	0.25	50	50	50	20	bd-rhap-rep2-X/regulons_50_TF.tsv vs 10x-rep1-kallisto-cellbender-X/regulons_50_TF.tsv	bd-rhap-rep2-X/regulons_50_TF.tsv	10x-rep1-kallisto-cellbender-X/regulons_50_TF.tsv
1319	cd14-_monocytes	NR4A1	0.12359550561797752	50	50	50	20	bd-rhap-rep2-X/regulons_50_TF.tsv vs 10x-rep1-kallisto-cellbender-X/regulons_50_TF.tsv	bd-rhap-rep2-X/regulons_50_TF.tsv	10x-rep1-kallisto-cellbender-X/regulons_50_TF.tsv
1320	DC	NR4A1	0.0989010989010989	50	50	50	20	bd-rhap-rep2-X/regulons_50_TF.tsv vs 10x-rep1-kallisto-cellbender-X/regulons_50_TF.tsv	bd-rhap-rep2-X/regulons_50_TF.tsv	10x-rep1-kallisto-cellbender-X/regulons_50_TF.tsv
1321	cd14+_monocytes	EGR1	0.16279069767441862	50	50	50	20	bd-rhap-rep2-X/regulons_50_TF.tsv vs 10x-rep1-kallisto-cellbender-X/regulons_50_TF.tsv	bd-rhap-rep2-X/regulons_50_TF.tsv	10x-rep1-kallisto-cellbender-X/regulons_50_TF.tsv
1322	cd14+_monocytes	ID2	0.17647058823529413	50	50	50	20	bd-rhap-rep2-X/regulons_50_TF.tsv vs 10x-rep1-kallisto-cellbender-X/regulons_50_TF.tsv	bd-rhap-rep2-X/regulons_50_TF.tsv	10x-rep1-kallisto-cellbender-X/regulons_50_TF.tsv
1323	DC	IRF7	0.041666666666666664	50	50	50	20	bd-rhap-rep2-X/regulons_50_TF.tsv vs 10x-rep1-kallisto-cellbender-X/regulons_50_TF.tsv	bd-rhap-rep2-X/regulons_50_TF.tsv	10x-rep1-kallisto-cellbender-X/regulons_50_TF.tsv
1324	b_cells	BCL11A	0.20481927710843373	50	50	50	20	bd-rhap-rep2-X/regulons_50_TF.tsv vs 10x-rep1-kallisto-cellbender-X/regulons_50_TF.tsv	bd-rhap-rep2-X/regulons_50_TF.tsv	10x-rep1-kallisto-cellbender-X/regulons_50_TF.tsv
1325	cd14-_monocytes	ID2	0.1111111111111111	50	50	50	20	bd-rhap-rep2-X/regulons_50_TF.tsv vs 10x-rep1-kallisto-cellbender-X/regulons_50_TF.tsv	bd-rhap-rep2-X/regulons_50_TF.tsv	10x-rep1-kallisto-cellbender-X/regulons_50_TF.tsv
1326	DC	IRF8	0.16279069767441862	50	50	50	20	bd-rhap-rep2-X/regulons_50_TF.tsv vs 10x-rep1-kallisto-cellbender-X/regulons_50_TF.tsv	bd-rhap-rep2-X/regulons_50_TF.tsv	10x-rep1-kallisto-cellbender-X/regulons_50_TF.tsv
1327	cd4+_tcells	LEF1	0.13636363636363635	50	50	50	20	bd-rhap-rep2-X/regulons_50_TF.tsv vs 10x-rep1-kallisto-cellbender-X/regulons_50_TF.tsv	bd-rhap-rep2-X/regulons_50_TF.tsv	10x-rep1-kallisto-cellbender-X/regulons_50_TF.tsv
1328	cd8+_tcells	RORA	0.25	50	50	50	20	bd-rhap-rep2-X/regulons_50_TF.tsv vs 10x-rep1-kallisto-cellbender-X/regulons_50_TF.tsv	bd-rhap-rep2-X/regulons_50_TF.tsv	10x-rep1-kallisto-cellbender-X/regulons_50_TF.tsv
1329	nk_cells	ID2	0.17647058823529413	50	50	50	20	bd-rhap-rep2-X/regulons_50_TF.tsv vs 10x-rep1-kallisto-cellbender-X/regulons_50_TF.tsv	bd-rhap-rep2-X/regulons_50_TF.tsv	10x-rep1-kallisto-cellbender-X/regulons_50_TF.tsv
1330	cd4+_tcells	RORA	0.23076923076923078	50	46	50	20	bd-rhap-rep2-X/regulons_50_TF.tsv vs 10x-rep1-kallisto-cellbender-X/regulons_50_TF.tsv	bd-rhap-rep2-X/regulons_50_TF.tsv	10x-rep1-kallisto-cellbender-X/regulons_50_TF.tsv
1331	DC	ID2	0.14942528735632185	50	50	50	20	bd-rhap-rep2-X/regulons_50_TF.tsv vs 10x-rep1-kallisto-cellbender-X/regulons_50_TF.tsv	bd-rhap-rep2-X/regulons_50_TF.tsv	10x-rep1-kallisto-cellbender-X/regulons_50_TF.tsv
1332	b_cells	ETS1	0.0684931506849315	50	28	50	20	bd-rhap-rep2-X/regulons_50_TF.tsv vs 10x-rep1-kallisto-cellbender-X/regulons_50_TF.tsv	bd-rhap-rep2-X/regulons_50_TF.tsv	10x-rep1-kallisto-cellbender-X/regulons_50_TF.tsv
1333	pDC	SOX4	0.25	50	50	50	20	bd-rhap-rep2-X/regulons_50_TF.tsv vs 10x-rep1-kallisto-cellbender-X/regulons_50_TF.tsv	bd-rhap-rep2-X/regulons_50_TF.tsv	10x-rep1-kallisto-cellbender-X/regulons_50_TF.tsv
1334	b_cells	TCF4	0.17721518987341772	50	43	50	20	bd-rhap-rep2-X/regulons_50_TF.tsv vs 10x-rep1-kallisto-cellbender-X/regulons_50_TF.tsv	bd-rhap-rep2-X/regulons_50_TF.tsv	10x-rep1-kallisto-cellbender-X/regulons_50_TF.tsv
1335	b_cells	SP140	0.17647058823529413	50	50	50	20	bd-rhap-rep2-X/regulons_50_TF.tsv vs 10x-rep1-kallisto-cellbender-X/regulons_50_TF.tsv	bd-rhap-rep2-X/regulons_50_TF.tsv	10x-rep1-kallisto-cellbender-X/regulons_50_TF.tsv
1336	cd14-_monocytes	BTG2	0.1111111111111111	10	10	10	50	bd-rhap-rep1-X/regulons_10_TF.tsv vs bd-rhap-rep2-X/regulons_10_TF.tsv	bd-rhap-rep1-X/regulons_10_TF.tsv	bd-rhap-rep2-X/regulons_10_TF.tsv
1337	cd8+_tcells	HOPX	0.3333333333333333	10	10	10	50	bd-rhap-rep1-X/regulons_10_TF.tsv vs bd-rhap-rep2-X/regulons_10_TF.tsv	bd-rhap-rep1-X/regulons_10_TF.tsv	bd-rhap-rep2-X/regulons_10_TF.tsv
1338	cd8+_tcells	IKZF3	0.6666666666666666	10	10	10	50	bd-rhap-rep1-X/regulons_10_TF.tsv vs bd-rhap-rep2-X/regulons_10_TF.tsv	bd-rhap-rep1-X/regulons_10_TF.tsv	bd-rhap-rep2-X/regulons_10_TF.tsv
1339	nk_cells	RUNX1	0.1111111111111111	10	10	10	50	bd-rhap-rep1-X/regulons_10_TF.tsv vs bd-rhap-rep2-X/regulons_10_TF.tsv	bd-rhap-rep1-X/regulons_10_TF.tsv	bd-rhap-rep2-X/regulons_10_TF.tsv
1340	pDC	FOXP1	0.42857142857142855	10	10	10	50	bd-rhap-rep1-X/regulons_10_TF.tsv vs bd-rhap-rep2-X/regulons_10_TF.tsv	bd-rhap-rep1-X/regulons_10_TF.tsv	bd-rhap-rep2-X/regulons_10_TF.tsv
1341	nk_cells	TBX21	0.3333333333333333	10	10	10	50	bd-rhap-rep1-X/regulons_10_TF.tsv vs bd-rhap-rep2-X/regulons_10_TF.tsv	bd-rhap-rep1-X/regulons_10_TF.tsv	bd-rhap-rep2-X/regulons_10_TF.tsv
1342	nk_cells	STAT4	0.1111111111111111	10	10	10	50	bd-rhap-rep1-X/regulons_10_TF.tsv vs bd-rhap-rep2-X/regulons_10_TF.tsv	bd-rhap-rep1-X/regulons_10_TF.tsv	bd-rhap-rep2-X/regulons_10_TF.tsv
1343	cd8+_tcells	ID2	0.42857142857142855	10	10	10	50	bd-rhap-rep1-X/regulons_10_TF.tsv vs bd-rhap-rep2-X/regulons_10_TF.tsv	bd-rhap-rep1-X/regulons_10_TF.tsv	bd-rhap-rep2-X/regulons_10_TF.tsv
1344	cd4+_tcells	ARID5B	0.25	10	10	10	50	bd-rhap-rep1-X/regulons_10_TF.tsv vs bd-rhap-rep2-X/regulons_10_TF.tsv	bd-rhap-rep1-X/regulons_10_TF.tsv	bd-rhap-rep2-X/regulons_10_TF.tsv
1345	nk_cells	KAT6B	0.17647058823529413	10	10	10	50	bd-rhap-rep1-X/regulons_10_TF.tsv vs bd-rhap-rep2-X/regulons_10_TF.tsv	bd-rhap-rep1-X/regulons_10_TF.tsv	bd-rhap-rep2-X/regulons_10_TF.tsv
1346	DC	KAT6B	0.1111111111111111	10	10	10	50	bd-rhap-rep1-X/regulons_10_TF.tsv vs bd-rhap-rep2-X/regulons_10_TF.tsv	bd-rhap-rep1-X/regulons_10_TF.tsv	bd-rhap-rep2-X/regulons_10_TF.tsv
1347	b_cells	BACH2	0.42857142857142855	10	10	10	50	bd-rhap-rep1-X/regulons_10_TF.tsv vs bd-rhap-rep2-X/regulons_10_TF.tsv	bd-rhap-rep1-X/regulons_10_TF.tsv	bd-rhap-rep2-X/regulons_10_TF.tsv
1348	pDC	IRF8	0.6666666666666666	10	10	10	50	bd-rhap-rep1-X/regulons_10_TF.tsv vs bd-rhap-rep2-X/regulons_10_TF.tsv	bd-rhap-rep1-X/regulons_10_TF.tsv	bd-rhap-rep2-X/regulons_10_TF.tsv
1349	nk_cells	NFATC2	0.42857142857142855	10	10	10	50	bd-rhap-rep1-X/regulons_10_TF.tsv vs bd-rhap-rep2-X/regulons_10_TF.tsv	bd-rhap-rep1-X/regulons_10_TF.tsv	bd-rhap-rep2-X/regulons_10_TF.tsv
1350	cd14-_monocytes	HDAC9	0.3333333333333333	10	10	10	50	bd-rhap-rep1-X/regulons_10_TF.tsv vs bd-rhap-rep2-X/regulons_10_TF.tsv	bd-rhap-rep1-X/regulons_10_TF.tsv	bd-rhap-rep2-X/regulons_10_TF.tsv
1351	b_cells	ZBTB20	0.42857142857142855	10	10	10	50	bd-rhap-rep1-X/regulons_10_TF.tsv vs bd-rhap-rep2-X/regulons_10_TF.tsv	bd-rhap-rep1-X/regulons_10_TF.tsv	bd-rhap-rep2-X/regulons_10_TF.tsv
1352	cd4+_tcells	RUNX1	0.05263157894736842	10	10	10	50	bd-rhap-rep1-X/regulons_10_TF.tsv vs bd-rhap-rep2-X/regulons_10_TF.tsv	bd-rhap-rep1-X/regulons_10_TF.tsv	bd-rhap-rep2-X/regulons_10_TF.tsv
1353	cd8+_tcells	MAF	0.5384615384615384	10	10	10	50	bd-rhap-rep1-X/regulons_10_TF.tsv vs bd-rhap-rep2-X/regulons_10_TF.tsv	bd-rhap-rep1-X/regulons_10_TF.tsv	bd-rhap-rep2-X/regulons_10_TF.tsv
1354	DC	HIVEP2	0.3333333333333333	10	10	10	50	bd-rhap-rep1-X/regulons_10_TF.tsv vs bd-rhap-rep2-X/regulons_10_TF.tsv	bd-rhap-rep1-X/regulons_10_TF.tsv	bd-rhap-rep2-X/regulons_10_TF.tsv
1355	cd14-_monocytes	SOX4	0.3333333333333333	10	10	10	50	bd-rhap-rep1-X/regulons_10_TF.tsv vs bd-rhap-rep2-X/regulons_10_TF.tsv	bd-rhap-rep1-X/regulons_10_TF.tsv	bd-rhap-rep2-X/regulons_10_TF.tsv
1356	cd4+_tcells	KLF12	0.42857142857142855	10	10	10	50	bd-rhap-rep1-X/regulons_10_TF.tsv vs bd-rhap-rep2-X/regulons_10_TF.tsv	bd-rhap-rep1-X/regulons_10_TF.tsv	bd-rhap-rep2-X/regulons_10_TF.tsv
1357	cd14+_monocytes	FOXP1	0.42857142857142855	10	10	10	50	bd-rhap-rep1-X/regulons_10_TF.tsv vs bd-rhap-rep2-X/regulons_10_TF.tsv	bd-rhap-rep1-X/regulons_10_TF.tsv	bd-rhap-rep2-X/regulons_10_TF.tsv
1358	cd4+_tcells	FOXO1	0.1111111111111111	10	10	10	50	bd-rhap-rep1-X/regulons_10_TF.tsv vs bd-rhap-rep2-X/regulons_10_TF.tsv	bd-rhap-rep1-X/regulons_10_TF.tsv	bd-rhap-rep2-X/regulons_10_TF.tsv
1359	cd4+_tcells	ETS1	0.6666666666666666	10	10	10	50	bd-rhap-rep1-X/regulons_10_TF.tsv vs bd-rhap-rep2-X/regulons_10_TF.tsv	bd-rhap-rep1-X/regulons_10_TF.tsv	bd-rhap-rep2-X/regulons_10_TF.tsv
1360	cd8+_tcells	KLF12	0.6666666666666666	10	10	10	50	bd-rhap-rep1-X/regulons_10_TF.tsv vs bd-rhap-rep2-X/regulons_10_TF.tsv	bd-rhap-rep1-X/regulons_10_TF.tsv	bd-rhap-rep2-X/regulons_10_TF.tsv
1361	b_cells	IRF8	0.25	10	10	10	50	bd-rhap-rep1-X/regulons_10_TF.tsv vs bd-rhap-rep2-X/regulons_10_TF.tsv	bd-rhap-rep1-X/regulons_10_TF.tsv	bd-rhap-rep2-X/regulons_10_TF.tsv
1362	pDC	RUNX1	0.25	10	10	10	50	bd-rhap-rep1-X/regulons_10_TF.tsv vs bd-rhap-rep2-X/regulons_10_TF.tsv	bd-rhap-rep1-X/regulons_10_TF.tsv	bd-rhap-rep2-X/regulons_10_TF.tsv
1363	cd4+_tcells	MAX	0.3333333333333333	10	10	10	50	bd-rhap-rep1-X/regulons_10_TF.tsv vs bd-rhap-rep2-X/regulons_10_TF.tsv	bd-rhap-rep1-X/regulons_10_TF.tsv	bd-rhap-rep2-X/regulons_10_TF.tsv
1364	cd4+_tcells	TCF7	0.42857142857142855	10	10	10	50	bd-rhap-rep1-X/regulons_10_TF.tsv vs bd-rhap-rep2-X/regulons_10_TF.tsv	bd-rhap-rep1-X/regulons_10_TF.tsv	bd-rhap-rep2-X/regulons_10_TF.tsv
1365	pDC	DACH1	0.1111111111111111	10	10	10	50	bd-rhap-rep1-X/regulons_10_TF.tsv vs bd-rhap-rep2-X/regulons_10_TF.tsv	bd-rhap-rep1-X/regulons_10_TF.tsv	bd-rhap-rep2-X/regulons_10_TF.tsv
1366	cd14+_monocytes	NFAT5	0.42857142857142855	10	10	10	50	bd-rhap-rep1-X/regulons_10_TF.tsv vs bd-rhap-rep2-X/regulons_10_TF.tsv	bd-rhap-rep1-X/regulons_10_TF.tsv	bd-rhap-rep2-X/regulons_10_TF.tsv
1367	b_cells	ARID5B	0.42857142857142855	10	10	10	50	bd-rhap-rep1-X/regulons_10_TF.tsv vs bd-rhap-rep2-X/regulons_10_TF.tsv	bd-rhap-rep1-X/regulons_10_TF.tsv	bd-rhap-rep2-X/regulons_10_TF.tsv
1368	DC	ZBTB20	0.25	10	10	10	50	bd-rhap-rep1-X/regulons_10_TF.tsv vs bd-rhap-rep2-X/regulons_10_TF.tsv	bd-rhap-rep1-X/regulons_10_TF.tsv	bd-rhap-rep2-X/regulons_10_TF.tsv
1369	cd8+_tcells	MYBL1	0.5384615384615384	10	10	10	50	bd-rhap-rep1-X/regulons_10_TF.tsv vs bd-rhap-rep2-X/regulons_10_TF.tsv	bd-rhap-rep1-X/regulons_10_TF.tsv	bd-rhap-rep2-X/regulons_10_TF.tsv
1370	b_cells	HIPK2	0.05263157894736842	10	10	10	50	bd-rhap-rep1-X/regulons_10_TF.tsv vs bd-rhap-rep2-X/regulons_10_TF.tsv	bd-rhap-rep1-X/regulons_10_TF.tsv	bd-rhap-rep2-X/regulons_10_TF.tsv
1371	cd14+_monocytes	IRF8	0.3333333333333333	10	10	10	50	bd-rhap-rep1-X/regulons_10_TF.tsv vs bd-rhap-rep2-X/regulons_10_TF.tsv	bd-rhap-rep1-X/regulons_10_TF.tsv	bd-rhap-rep2-X/regulons_10_TF.tsv
1372	nk_cells	NFAT5	0.17647058823529413	10	10	10	50	bd-rhap-rep1-X/regulons_10_TF.tsv vs bd-rhap-rep2-X/regulons_10_TF.tsv	bd-rhap-rep1-X/regulons_10_TF.tsv	bd-rhap-rep2-X/regulons_10_TF.tsv
1373	pDC	MAX	0.05263157894736842	10	10	10	50	bd-rhap-rep1-X/regulons_10_TF.tsv vs bd-rhap-rep2-X/regulons_10_TF.tsv	bd-rhap-rep1-X/regulons_10_TF.tsv	bd-rhap-rep2-X/regulons_10_TF.tsv
1374	DC	NFAT5	0.05263157894736842	10	10	10	50	bd-rhap-rep1-X/regulons_10_TF.tsv vs bd-rhap-rep2-X/regulons_10_TF.tsv	bd-rhap-rep1-X/regulons_10_TF.tsv	bd-rhap-rep2-X/regulons_10_TF.tsv
1375	DC	NR4A1	0.3333333333333333	10	10	10	50	bd-rhap-rep1-X/regulons_10_TF.tsv vs bd-rhap-rep2-X/regulons_10_TF.tsv	bd-rhap-rep1-X/regulons_10_TF.tsv	bd-rhap-rep2-X/regulons_10_TF.tsv
1376	cd14-_monocytes	TCF7L2	0.42857142857142855	10	10	10	50	bd-rhap-rep1-X/regulons_10_TF.tsv vs bd-rhap-rep2-X/regulons_10_TF.tsv	bd-rhap-rep1-X/regulons_10_TF.tsv	bd-rhap-rep2-X/regulons_10_TF.tsv
1377	DC	IRF8	0.5384615384615384	10	10	10	50	bd-rhap-rep1-X/regulons_10_TF.tsv vs bd-rhap-rep2-X/regulons_10_TF.tsv	bd-rhap-rep1-X/regulons_10_TF.tsv	bd-rhap-rep2-X/regulons_10_TF.tsv
1378	cd4+_tcells	TRERF1	0.25	10	10	10	50	bd-rhap-rep1-X/regulons_10_TF.tsv vs bd-rhap-rep2-X/regulons_10_TF.tsv	bd-rhap-rep1-X/regulons_10_TF.tsv	bd-rhap-rep2-X/regulons_10_TF.tsv
1379	b_cells	ETS1	0.5384615384615384	10	10	10	50	bd-rhap-rep1-X/regulons_10_TF.tsv vs bd-rhap-rep2-X/regulons_10_TF.tsv	bd-rhap-rep1-X/regulons_10_TF.tsv	bd-rhap-rep2-X/regulons_10_TF.tsv
1380	nk_cells	HIPK2	0.5384615384615384	10	10	10	50	bd-rhap-rep1-X/regulons_10_TF.tsv vs bd-rhap-rep2-X/regulons_10_TF.tsv	bd-rhap-rep1-X/regulons_10_TF.tsv	bd-rhap-rep2-X/regulons_10_TF.tsv
1381	cd14-_monocytes	NFATC3	0.3333333333333333	10	10	10	50	bd-rhap-rep1-X/regulons_10_TF.tsv vs bd-rhap-rep2-X/regulons_10_TF.tsv	bd-rhap-rep1-X/regulons_10_TF.tsv	bd-rhap-rep2-X/regulons_10_TF.tsv
1382	cd14-_monocytes	ZEB2	0.3333333333333333	10	10	10	50	bd-rhap-rep1-X/regulons_10_TF.tsv vs bd-rhap-rep2-X/regulons_10_TF.tsv	bd-rhap-rep1-X/regulons_10_TF.tsv	bd-rhap-rep2-X/regulons_10_TF.tsv
1383	DC	HIPK2	0.17647058823529413	10	10	10	50	bd-rhap-rep1-X/regulons_10_TF.tsv vs bd-rhap-rep2-X/regulons_10_TF.tsv	bd-rhap-rep1-X/regulons_10_TF.tsv	bd-rhap-rep2-X/regulons_10_TF.tsv
1384	cd14+_monocytes	RUNX1	0.42857142857142855	10	10	10	50	bd-rhap-rep1-X/regulons_10_TF.tsv vs bd-rhap-rep2-X/regulons_10_TF.tsv	bd-rhap-rep1-X/regulons_10_TF.tsv	bd-rhap-rep2-X/regulons_10_TF.tsv
1385	cd8+_tcells	RUNX3	0.5384615384615384	10	10	10	50	bd-rhap-rep1-X/regulons_10_TF.tsv vs bd-rhap-rep2-X/regulons_10_TF.tsv	bd-rhap-rep1-X/regulons_10_TF.tsv	bd-rhap-rep2-X/regulons_10_TF.tsv
1386	cd4+_tcells	GATA3	0.5384615384615384	10	10	10	50	bd-rhap-rep1-X/regulons_10_TF.tsv vs bd-rhap-rep2-X/regulons_10_TF.tsv	bd-rhap-rep1-X/regulons_10_TF.tsv	bd-rhap-rep2-X/regulons_10_TF.tsv
1387	cd4+_tcells	TCF12	0.05263157894736842	10	10	10	50	bd-rhap-rep1-X/regulons_10_TF.tsv vs bd-rhap-rep2-X/regulons_10_TF.tsv	bd-rhap-rep1-X/regulons_10_TF.tsv	bd-rhap-rep2-X/regulons_10_TF.tsv
1388	b_cells	MAX	0.05263157894736842	10	10	10	50	bd-rhap-rep1-X/regulons_10_TF.tsv vs bd-rhap-rep2-X/regulons_10_TF.tsv	bd-rhap-rep1-X/regulons_10_TF.tsv	bd-rhap-rep2-X/regulons_10_TF.tsv
1389	cd4+_tcells	IKZF3	0.5384615384615384	10	10	10	50	bd-rhap-rep1-X/regulons_10_TF.tsv vs bd-rhap-rep2-X/regulons_10_TF.tsv	bd-rhap-rep1-X/regulons_10_TF.tsv	bd-rhap-rep2-X/regulons_10_TF.tsv
1390	pDC	TRERF1	0.05263157894736842	10	10	10	50	bd-rhap-rep1-X/regulons_10_TF.tsv vs bd-rhap-rep2-X/regulons_10_TF.tsv	bd-rhap-rep1-X/regulons_10_TF.tsv	bd-rhap-rep2-X/regulons_10_TF.tsv
1391	DC	RUNX1	0.3333333333333333	10	10	10	50	bd-rhap-rep1-X/regulons_10_TF.tsv vs bd-rhap-rep2-X/regulons_10_TF.tsv	bd-rhap-rep1-X/regulons_10_TF.tsv	bd-rhap-rep2-X/regulons_10_TF.tsv
1392	cd14+_monocytes	MAX	0.3333333333333333	10	10	10	50	bd-rhap-rep1-X/regulons_10_TF.tsv vs bd-rhap-rep2-X/regulons_10_TF.tsv	bd-rhap-rep1-X/regulons_10_TF.tsv	bd-rhap-rep2-X/regulons_10_TF.tsv
1393	pDC	ZBTB20	0.25	10	10	10	50	bd-rhap-rep1-X/regulons_10_TF.tsv vs bd-rhap-rep2-X/regulons_10_TF.tsv	bd-rhap-rep1-X/regulons_10_TF.tsv	bd-rhap-rep2-X/regulons_10_TF.tsv
1394	nk_cells	KLF12	0.3333333333333333	10	10	10	50	bd-rhap-rep1-X/regulons_10_TF.tsv vs bd-rhap-rep2-X/regulons_10_TF.tsv	bd-rhap-rep1-X/regulons_10_TF.tsv	bd-rhap-rep2-X/regulons_10_TF.tsv
1395	pDC	SETBP1	0.3333333333333333	10	10	10	50	bd-rhap-rep1-X/regulons_10_TF.tsv vs bd-rhap-rep2-X/regulons_10_TF.tsv	bd-rhap-rep1-X/regulons_10_TF.tsv	bd-rhap-rep2-X/regulons_10_TF.tsv
1396	cd4+_tcells	ID2	0.17647058823529413	10	10	10	50	bd-rhap-rep1-X/regulons_10_TF.tsv vs bd-rhap-rep2-X/regulons_10_TF.tsv	bd-rhap-rep1-X/regulons_10_TF.tsv	bd-rhap-rep2-X/regulons_10_TF.tsv
1397	nk_cells	ETS1	0.3333333333333333	10	10	10	50	bd-rhap-rep1-X/regulons_10_TF.tsv vs bd-rhap-rep2-X/regulons_10_TF.tsv	bd-rhap-rep1-X/regulons_10_TF.tsv	bd-rhap-rep2-X/regulons_10_TF.tsv
1398	pDC	IRF7	0.25	10	10	10	50	bd-rhap-rep1-X/regulons_10_TF.tsv vs bd-rhap-rep2-X/regulons_10_TF.tsv	bd-rhap-rep1-X/regulons_10_TF.tsv	bd-rhap-rep2-X/regulons_10_TF.tsv
1399	pDC	NFAT5	0.0	10	10	10	50	bd-rhap-rep1-X/regulons_10_TF.tsv vs bd-rhap-rep2-X/regulons_10_TF.tsv	bd-rhap-rep1-X/regulons_10_TF.tsv	bd-rhap-rep2-X/regulons_10_TF.tsv
1400	nk_cells	MAX	0.0	10	10	10	50	bd-rhap-rep1-X/regulons_10_TF.tsv vs bd-rhap-rep2-X/regulons_10_TF.tsv	bd-rhap-rep1-X/regulons_10_TF.tsv	bd-rhap-rep2-X/regulons_10_TF.tsv
1401	cd8+_tcells	ZEB2	0.25	10	10	10	50	bd-rhap-rep1-X/regulons_10_TF.tsv vs bd-rhap-rep2-X/regulons_10_TF.tsv	bd-rhap-rep1-X/regulons_10_TF.tsv	bd-rhap-rep2-X/regulons_10_TF.tsv
1402	nk_cells	TFDP2	0.25	10	10	10	50	bd-rhap-rep1-X/regulons_10_TF.tsv vs bd-rhap-rep2-X/regulons_10_TF.tsv	bd-rhap-rep1-X/regulons_10_TF.tsv	bd-rhap-rep2-X/regulons_10_TF.tsv
1403	DC	MAX	0.0	10	10	10	50	bd-rhap-rep1-X/regulons_10_TF.tsv vs bd-rhap-rep2-X/regulons_10_TF.tsv	bd-rhap-rep1-X/regulons_10_TF.tsv	bd-rhap-rep2-X/regulons_10_TF.tsv
1404	cd14+_monocytes	TRPS1	0.42857142857142855	10	10	10	50	bd-rhap-rep1-X/regulons_10_TF.tsv vs bd-rhap-rep2-X/regulons_10_TF.tsv	bd-rhap-rep1-X/regulons_10_TF.tsv	bd-rhap-rep2-X/regulons_10_TF.tsv
1405	DC	NFATC2	0.25	10	10	10	50	bd-rhap-rep1-X/regulons_10_TF.tsv vs bd-rhap-rep2-X/regulons_10_TF.tsv	bd-rhap-rep1-X/regulons_10_TF.tsv	bd-rhap-rep2-X/regulons_10_TF.tsv
1406	cd4+_tcells	MAF	0.42857142857142855	10	10	10	50	bd-rhap-rep1-X/regulons_10_TF.tsv vs bd-rhap-rep2-X/regulons_10_TF.tsv	bd-rhap-rep1-X/regulons_10_TF.tsv	bd-rhap-rep2-X/regulons_10_TF.tsv
1407	b_cells	SETBP1	0.3333333333333333	10	10	10	50	bd-rhap-rep1-X/regulons_10_TF.tsv vs bd-rhap-rep2-X/regulons_10_TF.tsv	bd-rhap-rep1-X/regulons_10_TF.tsv	bd-rhap-rep2-X/regulons_10_TF.tsv
1408	DC	TRPS1	0.5384615384615384	10	10	10	50	bd-rhap-rep1-X/regulons_10_TF.tsv vs bd-rhap-rep2-X/regulons_10_TF.tsv	bd-rhap-rep1-X/regulons_10_TF.tsv	bd-rhap-rep2-X/regulons_10_TF.tsv
1409	b_cells	IKZF3	0.8181818181818182	10	10	10	50	bd-rhap-rep1-X/regulons_10_TF.tsv vs bd-rhap-rep2-X/regulons_10_TF.tsv	bd-rhap-rep1-X/regulons_10_TF.tsv	bd-rhap-rep2-X/regulons_10_TF.tsv
1410	cd8+_tcells	PRDM1	0.25	10	10	10	50	bd-rhap-rep1-X/regulons_10_TF.tsv vs bd-rhap-rep2-X/regulons_10_TF.tsv	bd-rhap-rep1-X/regulons_10_TF.tsv	bd-rhap-rep2-X/regulons_10_TF.tsv
1411	cd14-_monocytes	FOXP1	0.42857142857142855	10	10	10	50	bd-rhap-rep1-X/regulons_10_TF.tsv vs bd-rhap-rep2-X/regulons_10_TF.tsv	bd-rhap-rep1-X/regulons_10_TF.tsv	bd-rhap-rep2-X/regulons_10_TF.tsv
1412	cd14+_monocytes	ZBTB20	0.25	10	10	10	50	bd-rhap-rep1-X/regulons_10_TF.tsv vs bd-rhap-rep2-X/regulons_10_TF.tsv	bd-rhap-rep1-X/regulons_10_TF.tsv	bd-rhap-rep2-X/regulons_10_TF.tsv
1413	cd8+_tcells	EOMES	0.6666666666666666	10	10	10	50	bd-rhap-rep1-X/regulons_10_TF.tsv vs bd-rhap-rep2-X/regulons_10_TF.tsv	bd-rhap-rep1-X/regulons_10_TF.tsv	bd-rhap-rep2-X/regulons_10_TF.tsv
1414	DC	TRERF1	0.3333333333333333	10	10	10	50	bd-rhap-rep1-X/regulons_10_TF.tsv vs bd-rhap-rep2-X/regulons_10_TF.tsv	bd-rhap-rep1-X/regulons_10_TF.tsv	bd-rhap-rep2-X/regulons_10_TF.tsv
1415	cd14+_monocytes	IRF7	0.3333333333333333	10	10	10	50	bd-rhap-rep1-X/regulons_10_TF.tsv vs bd-rhap-rep2-X/regulons_10_TF.tsv	bd-rhap-rep1-X/regulons_10_TF.tsv	bd-rhap-rep2-X/regulons_10_TF.tsv
1416	cd14-_monocytes	NFAT5	0.25	10	10	10	50	bd-rhap-rep1-X/regulons_10_TF.tsv vs bd-rhap-rep2-X/regulons_10_TF.tsv	bd-rhap-rep1-X/regulons_10_TF.tsv	bd-rhap-rep2-X/regulons_10_TF.tsv
1417	cd14+_monocytes	NR4A1	0.42857142857142855	10	10	10	50	bd-rhap-rep1-X/regulons_10_TF.tsv vs bd-rhap-rep2-X/regulons_10_TF.tsv	bd-rhap-rep1-X/regulons_10_TF.tsv	bd-rhap-rep2-X/regulons_10_TF.tsv
1418	cd14-_monocytes	HES1	0.25	10	10	10	50	bd-rhap-rep1-X/regulons_10_TF.tsv vs bd-rhap-rep2-X/regulons_10_TF.tsv	bd-rhap-rep1-X/regulons_10_TF.tsv	bd-rhap-rep2-X/regulons_10_TF.tsv
1419	nk_cells	HOPX	0.1111111111111111	10	10	10	50	bd-rhap-rep1-X/regulons_10_TF.tsv vs bd-rhap-rep2-X/regulons_10_TF.tsv	bd-rhap-rep1-X/regulons_10_TF.tsv	bd-rhap-rep2-X/regulons_10_TF.tsv
1420	nk_cells	IKZF3	0.17647058823529413	10	10	10	50	bd-rhap-rep1-X/regulons_10_TF.tsv vs bd-rhap-rep2-X/regulons_10_TF.tsv	bd-rhap-rep1-X/regulons_10_TF.tsv	bd-rhap-rep2-X/regulons_10_TF.tsv
1421	DC	TCF12	0.05263157894736842	10	10	10	50	bd-rhap-rep1-X/regulons_10_TF.tsv vs bd-rhap-rep2-X/regulons_10_TF.tsv	bd-rhap-rep1-X/regulons_10_TF.tsv	bd-rhap-rep2-X/regulons_10_TF.tsv
1422	pDC	ETS1	0.3333333333333333	10	10	10	50	bd-rhap-rep1-X/regulons_10_TF.tsv vs bd-rhap-rep2-X/regulons_10_TF.tsv	bd-rhap-rep1-X/regulons_10_TF.tsv	bd-rhap-rep2-X/regulons_10_TF.tsv
1423	cd14+_monocytes	EGR1	0.3333333333333333	10	10	10	50	bd-rhap-rep1-X/regulons_10_TF.tsv vs bd-rhap-rep2-X/regulons_10_TF.tsv	bd-rhap-rep1-X/regulons_10_TF.tsv	bd-rhap-rep2-X/regulons_10_TF.tsv
1424	cd14-_monocytes	IRF8	0.5384615384615384	10	10	10	50	bd-rhap-rep1-X/regulons_10_TF.tsv vs bd-rhap-rep2-X/regulons_10_TF.tsv	bd-rhap-rep1-X/regulons_10_TF.tsv	bd-rhap-rep2-X/regulons_10_TF.tsv
1425	cd14+_monocytes	ID2	0.25	10	10	10	50	bd-rhap-rep1-X/regulons_10_TF.tsv vs bd-rhap-rep2-X/regulons_10_TF.tsv	bd-rhap-rep1-X/regulons_10_TF.tsv	bd-rhap-rep2-X/regulons_10_TF.tsv
1426	DC	IRF7	0.3333333333333333	10	10	10	50	bd-rhap-rep1-X/regulons_10_TF.tsv vs bd-rhap-rep2-X/regulons_10_TF.tsv	bd-rhap-rep1-X/regulons_10_TF.tsv	bd-rhap-rep2-X/regulons_10_TF.tsv
1427	pDC	TFDP2	0.1111111111111111	10	10	10	50	bd-rhap-rep1-X/regulons_10_TF.tsv vs bd-rhap-rep2-X/regulons_10_TF.tsv	bd-rhap-rep1-X/regulons_10_TF.tsv	bd-rhap-rep2-X/regulons_10_TF.tsv
1428	cd8+_tcells	FOXP1	0.6666666666666666	10	10	10	50	bd-rhap-rep1-X/regulons_10_TF.tsv vs bd-rhap-rep2-X/regulons_10_TF.tsv	bd-rhap-rep1-X/regulons_10_TF.tsv	bd-rhap-rep2-X/regulons_10_TF.tsv
1429	cd4+_tcells	LEF1	0.3333333333333333	10	10	10	50	bd-rhap-rep1-X/regulons_10_TF.tsv vs bd-rhap-rep2-X/regulons_10_TF.tsv	bd-rhap-rep1-X/regulons_10_TF.tsv	bd-rhap-rep2-X/regulons_10_TF.tsv
1430	nk_cells	ID2	0.42857142857142855	10	10	10	50	bd-rhap-rep1-X/regulons_10_TF.tsv vs bd-rhap-rep2-X/regulons_10_TF.tsv	bd-rhap-rep1-X/regulons_10_TF.tsv	bd-rhap-rep2-X/regulons_10_TF.tsv
1431	cd14+_monocytes	HIPK2	0.17647058823529413	10	10	10	50	bd-rhap-rep1-X/regulons_10_TF.tsv vs bd-rhap-rep2-X/regulons_10_TF.tsv	bd-rhap-rep1-X/regulons_10_TF.tsv	bd-rhap-rep2-X/regulons_10_TF.tsv
1432	DC	ID2	0.3333333333333333	10	10	10	50	bd-rhap-rep1-X/regulons_10_TF.tsv vs bd-rhap-rep2-X/regulons_10_TF.tsv	bd-rhap-rep1-X/regulons_10_TF.tsv	bd-rhap-rep2-X/regulons_10_TF.tsv
1433	b_cells	KLF12	0.05263157894736842	10	10	10	50	bd-rhap-rep1-X/regulons_10_TF.tsv vs bd-rhap-rep2-X/regulons_10_TF.tsv	bd-rhap-rep1-X/regulons_10_TF.tsv	bd-rhap-rep2-X/regulons_10_TF.tsv
1434	b_cells	FOXO1	0.05263157894736842	10	10	10	50	bd-rhap-rep1-X/regulons_10_TF.tsv vs bd-rhap-rep2-X/regulons_10_TF.tsv	bd-rhap-rep1-X/regulons_10_TF.tsv	bd-rhap-rep2-X/regulons_10_TF.tsv
1435	nk_cells	BTG2	0.17647058823529413	10	10	10	50	bd-rhap-rep1-X/regulons_10_TF.tsv vs bd-rhap-rep2-X/regulons_10_TF.tsv	bd-rhap-rep1-X/regulons_10_TF.tsv	bd-rhap-rep2-X/regulons_10_TF.tsv
1436	cd4+_tcells	RUNX3	0.5384615384615384	10	10	10	50	bd-rhap-rep1-X/regulons_10_TF.tsv vs bd-rhap-rep2-X/regulons_10_TF.tsv	bd-rhap-rep1-X/regulons_10_TF.tsv	bd-rhap-rep2-X/regulons_10_TF.tsv
1437	b_cells	HDAC9	0.8181818181818182	10	10	10	50	bd-rhap-rep1-X/regulons_10_TF.tsv vs bd-rhap-rep2-X/regulons_10_TF.tsv	bd-rhap-rep1-X/regulons_10_TF.tsv	bd-rhap-rep2-X/regulons_10_TF.tsv
1438	nk_cells	MAF	0.3333333333333333	10	10	10	50	bd-rhap-rep1-X/regulons_10_TF.tsv vs bd-rhap-rep2-X/regulons_10_TF.tsv	bd-rhap-rep1-X/regulons_10_TF.tsv	bd-rhap-rep2-X/regulons_10_TF.tsv
1439	nk_cells	PRDM1	0.25	10	10	10	50	bd-rhap-rep1-X/regulons_10_TF.tsv vs bd-rhap-rep2-X/regulons_10_TF.tsv	bd-rhap-rep1-X/regulons_10_TF.tsv	bd-rhap-rep2-X/regulons_10_TF.tsv
1440	cd14-_monocytes	MAX	0.25	10	10	10	50	bd-rhap-rep1-X/regulons_10_TF.tsv vs bd-rhap-rep2-X/regulons_10_TF.tsv	bd-rhap-rep1-X/regulons_10_TF.tsv	bd-rhap-rep2-X/regulons_10_TF.tsv
1441	cd4+_tcells	MAML2	0.25	10	10	10	50	bd-rhap-rep1-X/regulons_10_TF.tsv vs bd-rhap-rep2-X/regulons_10_TF.tsv	bd-rhap-rep1-X/regulons_10_TF.tsv	bd-rhap-rep2-X/regulons_10_TF.tsv
1442	pDC	TCF12	0.1111111111111111	10	10	10	50	bd-rhap-rep1-X/regulons_10_TF.tsv vs bd-rhap-rep2-X/regulons_10_TF.tsv	bd-rhap-rep1-X/regulons_10_TF.tsv	bd-rhap-rep2-X/regulons_10_TF.tsv
1443	cd14+_monocytes	HDAC9	0.5384615384615384	10	10	10	50	bd-rhap-rep1-X/regulons_10_TF.tsv vs bd-rhap-rep2-X/regulons_10_TF.tsv	bd-rhap-rep1-X/regulons_10_TF.tsv	bd-rhap-rep2-X/regulons_10_TF.tsv
1444	cd4+_tcells	NFATC3	0.17647058823529413	10	10	10	50	bd-rhap-rep1-X/regulons_10_TF.tsv vs bd-rhap-rep2-X/regulons_10_TF.tsv	bd-rhap-rep1-X/regulons_10_TF.tsv	bd-rhap-rep2-X/regulons_10_TF.tsv
1445	nk_cells	EOMES	0.5384615384615384	10	10	10	50	bd-rhap-rep1-X/regulons_10_TF.tsv vs bd-rhap-rep2-X/regulons_10_TF.tsv	bd-rhap-rep1-X/regulons_10_TF.tsv	bd-rhap-rep2-X/regulons_10_TF.tsv
1446	cd8+_tcells	NFATC3	0.1111111111111111	10	10	10	50	bd-rhap-rep1-X/regulons_10_TF.tsv vs bd-rhap-rep2-X/regulons_10_TF.tsv	bd-rhap-rep1-X/regulons_10_TF.tsv	bd-rhap-rep2-X/regulons_10_TF.tsv
1447	DC	HDAC9	0.6666666666666666	10	10	10	50	bd-rhap-rep1-X/regulons_10_TF.tsv vs bd-rhap-rep2-X/regulons_10_TF.tsv	bd-rhap-rep1-X/regulons_10_TF.tsv	bd-rhap-rep2-X/regulons_10_TF.tsv
1448	cd4+_tcells	BCL11B	0.42857142857142855	10	10	10	50	bd-rhap-rep1-X/regulons_10_TF.tsv vs bd-rhap-rep2-X/regulons_10_TF.tsv	bd-rhap-rep1-X/regulons_10_TF.tsv	bd-rhap-rep2-X/regulons_10_TF.tsv
1449	nk_cells	MYBL1	0.3333333333333333	10	10	10	50	bd-rhap-rep1-X/regulons_10_TF.tsv vs bd-rhap-rep2-X/regulons_10_TF.tsv	bd-rhap-rep1-X/regulons_10_TF.tsv	bd-rhap-rep2-X/regulons_10_TF.tsv
1450	cd8+_tcells	BCL11B	0.6666666666666666	10	10	10	50	bd-rhap-rep1-X/regulons_10_TF.tsv vs bd-rhap-rep2-X/regulons_10_TF.tsv	bd-rhap-rep1-X/regulons_10_TF.tsv	bd-rhap-rep2-X/regulons_10_TF.tsv
1451	b_cells	RUNX3	0.25	10	10	10	50	bd-rhap-rep1-X/regulons_10_TF.tsv vs bd-rhap-rep2-X/regulons_10_TF.tsv	bd-rhap-rep1-X/regulons_10_TF.tsv	bd-rhap-rep2-X/regulons_10_TF.tsv
1452	DC	SOX4	0.17647058823529413	10	10	10	50	bd-rhap-rep1-X/regulons_10_TF.tsv vs bd-rhap-rep2-X/regulons_10_TF.tsv	bd-rhap-rep1-X/regulons_10_TF.tsv	bd-rhap-rep2-X/regulons_10_TF.tsv
1453	nk_cells	RORA	0.3333333333333333	10	10	10	50	bd-rhap-rep1-X/regulons_10_TF.tsv vs bd-rhap-rep2-X/regulons_10_TF.tsv	bd-rhap-rep1-X/regulons_10_TF.tsv	bd-rhap-rep2-X/regulons_10_TF.tsv
1454	pDC	BTG2	0.25	10	10	10	50	bd-rhap-rep1-X/regulons_10_TF.tsv vs bd-rhap-rep2-X/regulons_10_TF.tsv	bd-rhap-rep1-X/regulons_10_TF.tsv	bd-rhap-rep2-X/regulons_10_TF.tsv
1455	cd14+_monocytes	RUNX3	0.5384615384615384	10	10	10	50	bd-rhap-rep1-X/regulons_10_TF.tsv vs bd-rhap-rep2-X/regulons_10_TF.tsv	bd-rhap-rep1-X/regulons_10_TF.tsv	bd-rhap-rep2-X/regulons_10_TF.tsv
1456	cd14-_monocytes	ZBTB20	0.42857142857142855	10	10	10	50	bd-rhap-rep1-X/regulons_10_TF.tsv vs bd-rhap-rep2-X/regulons_10_TF.tsv	bd-rhap-rep1-X/regulons_10_TF.tsv	bd-rhap-rep2-X/regulons_10_TF.tsv
1457	cd14+_monocytes	TCF12	0.25	10	10	10	50	bd-rhap-rep1-X/regulons_10_TF.tsv vs bd-rhap-rep2-X/regulons_10_TF.tsv	bd-rhap-rep1-X/regulons_10_TF.tsv	bd-rhap-rep2-X/regulons_10_TF.tsv
1458	cd14-_monocytes	SETBP1	0.5384615384615384	10	10	10	50	bd-rhap-rep1-X/regulons_10_TF.tsv vs bd-rhap-rep2-X/regulons_10_TF.tsv	bd-rhap-rep1-X/regulons_10_TF.tsv	bd-rhap-rep2-X/regulons_10_TF.tsv
1459	b_cells	NFATC3	0.1111111111111111	10	10	10	50	bd-rhap-rep1-X/regulons_10_TF.tsv vs bd-rhap-rep2-X/regulons_10_TF.tsv	bd-rhap-rep1-X/regulons_10_TF.tsv	bd-rhap-rep2-X/regulons_10_TF.tsv
1460	b_cells	ZEB2	0.3333333333333333	10	10	10	50	bd-rhap-rep1-X/regulons_10_TF.tsv vs bd-rhap-rep2-X/regulons_10_TF.tsv	bd-rhap-rep1-X/regulons_10_TF.tsv	bd-rhap-rep2-X/regulons_10_TF.tsv
1461	cd14-_monocytes	IRF7	0.5384615384615384	10	10	10	50	bd-rhap-rep1-X/regulons_10_TF.tsv vs bd-rhap-rep2-X/regulons_10_TF.tsv	bd-rhap-rep1-X/regulons_10_TF.tsv	bd-rhap-rep2-X/regulons_10_TF.tsv
1462	cd14-_monocytes	NR4A1	0.42857142857142855	10	10	10	50	bd-rhap-rep1-X/regulons_10_TF.tsv vs bd-rhap-rep2-X/regulons_10_TF.tsv	bd-rhap-rep1-X/regulons_10_TF.tsv	bd-rhap-rep2-X/regulons_10_TF.tsv
1463	nk_cells	RUNX3	0.5384615384615384	10	10	10	50	bd-rhap-rep1-X/regulons_10_TF.tsv vs bd-rhap-rep2-X/regulons_10_TF.tsv	bd-rhap-rep1-X/regulons_10_TF.tsv	bd-rhap-rep2-X/regulons_10_TF.tsv
1464	DC	RUNX3	0.42857142857142855	10	10	10	50	bd-rhap-rep1-X/regulons_10_TF.tsv vs bd-rhap-rep2-X/regulons_10_TF.tsv	bd-rhap-rep1-X/regulons_10_TF.tsv	bd-rhap-rep2-X/regulons_10_TF.tsv
1465	pDC	TCF4	0.5384615384615384	10	10	10	50	bd-rhap-rep1-X/regulons_10_TF.tsv vs bd-rhap-rep2-X/regulons_10_TF.tsv	bd-rhap-rep1-X/regulons_10_TF.tsv	bd-rhap-rep2-X/regulons_10_TF.tsv
1466	b_cells	BTG2	0.17647058823529413	10	10	10	50	bd-rhap-rep1-X/regulons_10_TF.tsv vs bd-rhap-rep2-X/regulons_10_TF.tsv	bd-rhap-rep1-X/regulons_10_TF.tsv	bd-rhap-rep2-X/regulons_10_TF.tsv
1467	pDC	ZFAT	0.25	10	10	10	50	bd-rhap-rep1-X/regulons_10_TF.tsv vs bd-rhap-rep2-X/regulons_10_TF.tsv	bd-rhap-rep1-X/regulons_10_TF.tsv	bd-rhap-rep2-X/regulons_10_TF.tsv
1468	b_cells	BCL11A	0.5384615384615384	10	10	10	50	bd-rhap-rep1-X/regulons_10_TF.tsv vs bd-rhap-rep2-X/regulons_10_TF.tsv	bd-rhap-rep1-X/regulons_10_TF.tsv	bd-rhap-rep2-X/regulons_10_TF.tsv
1469	cd14-_monocytes	ID2	0.5384615384615384	10	10	10	50	bd-rhap-rep1-X/regulons_10_TF.tsv vs bd-rhap-rep2-X/regulons_10_TF.tsv	bd-rhap-rep1-X/regulons_10_TF.tsv	bd-rhap-rep2-X/regulons_10_TF.tsv
1470	cd4+_tcells	FOXP1	0.6666666666666666	10	10	10	50	bd-rhap-rep1-X/regulons_10_TF.tsv vs bd-rhap-rep2-X/regulons_10_TF.tsv	bd-rhap-rep1-X/regulons_10_TF.tsv	bd-rhap-rep2-X/regulons_10_TF.tsv
1471	pDC	HDAC9	0.5384615384615384	10	10	10	50	bd-rhap-rep1-X/regulons_10_TF.tsv vs bd-rhap-rep2-X/regulons_10_TF.tsv	bd-rhap-rep1-X/regulons_10_TF.tsv	bd-rhap-rep2-X/regulons_10_TF.tsv
1472	cd4+_tcells	RORA	0.25	10	10	10	50	bd-rhap-rep1-X/regulons_10_TF.tsv vs bd-rhap-rep2-X/regulons_10_TF.tsv	bd-rhap-rep1-X/regulons_10_TF.tsv	bd-rhap-rep2-X/regulons_10_TF.tsv
1473	pDC	SOX4	0.6666666666666666	10	10	10	50	bd-rhap-rep1-X/regulons_10_TF.tsv vs bd-rhap-rep2-X/regulons_10_TF.tsv	bd-rhap-rep1-X/regulons_10_TF.tsv	bd-rhap-rep2-X/regulons_10_TF.tsv
1474	cd14+_monocytes	BTG2	0.3333333333333333	10	10	10	50	bd-rhap-rep1-X/regulons_10_TF.tsv vs bd-rhap-rep2-X/regulons_10_TF.tsv	bd-rhap-rep1-X/regulons_10_TF.tsv	bd-rhap-rep2-X/regulons_10_TF.tsv
1475	cd14-_monocytes	HIPK2	0.1111111111111111	10	10	10	50	bd-rhap-rep1-X/regulons_10_TF.tsv vs bd-rhap-rep2-X/regulons_10_TF.tsv	bd-rhap-rep1-X/regulons_10_TF.tsv	bd-rhap-rep2-X/regulons_10_TF.tsv
1476	nk_cells	NFATC3	0.17647058823529413	10	10	10	50	bd-rhap-rep1-X/regulons_10_TF.tsv vs bd-rhap-rep2-X/regulons_10_TF.tsv	bd-rhap-rep1-X/regulons_10_TF.tsv	bd-rhap-rep2-X/regulons_10_TF.tsv
1477	b_cells	SP140	0.42857142857142855	10	10	10	50	bd-rhap-rep1-X/regulons_10_TF.tsv vs bd-rhap-rep2-X/regulons_10_TF.tsv	bd-rhap-rep1-X/regulons_10_TF.tsv	bd-rhap-rep2-X/regulons_10_TF.tsv
1478	nk_cells	ZEB2	0.42857142857142855	10	10	10	50	bd-rhap-rep1-X/regulons_10_TF.tsv vs bd-rhap-rep2-X/regulons_10_TF.tsv	bd-rhap-rep1-X/regulons_10_TF.tsv	bd-rhap-rep2-X/regulons_10_TF.tsv
1479	DC	NFATC3	0.1111111111111111	10	10	10	50	bd-rhap-rep1-X/regulons_10_TF.tsv vs bd-rhap-rep2-X/regulons_10_TF.tsv	bd-rhap-rep1-X/regulons_10_TF.tsv	bd-rhap-rep2-X/regulons_10_TF.tsv
1480	nk_cells	IKZF2	0.6666666666666666	10	10	10	50	bd-rhap-rep1-X/regulons_10_TF.tsv vs bd-rhap-rep2-X/regulons_10_TF.tsv	bd-rhap-rep1-X/regulons_10_TF.tsv	bd-rhap-rep2-X/regulons_10_TF.tsv
1481	nk_cells	BCL11B	0.42857142857142855	10	10	10	50	bd-rhap-rep1-X/regulons_10_TF.tsv vs bd-rhap-rep2-X/regulons_10_TF.tsv	bd-rhap-rep1-X/regulons_10_TF.tsv	bd-rhap-rep2-X/regulons_10_TF.tsv
1482	DC	BCL11A	0.6666666666666666	10	10	10	50	bd-rhap-rep1-X/regulons_10_TF.tsv vs bd-rhap-rep2-X/regulons_10_TF.tsv	bd-rhap-rep1-X/regulons_10_TF.tsv	bd-rhap-rep2-X/regulons_10_TF.tsv
1483	cd14-_monocytes	FOXO1	0.05263157894736842	10	10	10	50	bd-rhap-rep1-X/regulons_10_TF.tsv vs bd-rhap-rep2-X/regulons_10_TF.tsv	bd-rhap-rep1-X/regulons_10_TF.tsv	bd-rhap-rep2-X/regulons_10_TF.tsv
1484	pDC	RUNX2	0.6666666666666666	10	10	10	50	bd-rhap-rep1-X/regulons_10_TF.tsv vs bd-rhap-rep2-X/regulons_10_TF.tsv	bd-rhap-rep1-X/regulons_10_TF.tsv	bd-rhap-rep2-X/regulons_10_TF.tsv
1485	DC	TCF4	0.3333333333333333	10	10	10	50	bd-rhap-rep1-X/regulons_10_TF.tsv vs bd-rhap-rep2-X/regulons_10_TF.tsv	bd-rhap-rep1-X/regulons_10_TF.tsv	bd-rhap-rep2-X/regulons_10_TF.tsv
1486	b_cells	FOXP1	0.6666666666666666	10	10	10	50	bd-rhap-rep1-X/regulons_10_TF.tsv vs bd-rhap-rep2-X/regulons_10_TF.tsv	bd-rhap-rep1-X/regulons_10_TF.tsv	bd-rhap-rep2-X/regulons_10_TF.tsv
1487	DC	SP140	0.25	10	10	10	50	bd-rhap-rep1-X/regulons_10_TF.tsv vs bd-rhap-rep2-X/regulons_10_TF.tsv	bd-rhap-rep1-X/regulons_10_TF.tsv	bd-rhap-rep2-X/regulons_10_TF.tsv
1488	b_cells	FOSB	0.17647058823529413	10	10	10	50	bd-rhap-rep1-X/regulons_10_TF.tsv vs bd-rhap-rep2-X/regulons_10_TF.tsv	bd-rhap-rep1-X/regulons_10_TF.tsv	bd-rhap-rep2-X/regulons_10_TF.tsv
1489	pDC	ZEB1	0.17647058823529413	10	10	10	50	bd-rhap-rep1-X/regulons_10_TF.tsv vs bd-rhap-rep2-X/regulons_10_TF.tsv	bd-rhap-rep1-X/regulons_10_TF.tsv	bd-rhap-rep2-X/regulons_10_TF.tsv
1490	cd14+_monocytes	SOX4	0.42857142857142855	10	10	10	50	bd-rhap-rep1-X/regulons_10_TF.tsv vs bd-rhap-rep2-X/regulons_10_TF.tsv	bd-rhap-rep1-X/regulons_10_TF.tsv	bd-rhap-rep2-X/regulons_10_TF.tsv
1491	cd8+_tcells	RUNX1	0.17647058823529413	10	10	10	50	bd-rhap-rep1-X/regulons_10_TF.tsv vs bd-rhap-rep2-X/regulons_10_TF.tsv	bd-rhap-rep1-X/regulons_10_TF.tsv	bd-rhap-rep2-X/regulons_10_TF.tsv
1492	cd14+_monocytes	FOSB	0.3333333333333333	10	10	10	50	bd-rhap-rep1-X/regulons_10_TF.tsv vs bd-rhap-rep2-X/regulons_10_TF.tsv	bd-rhap-rep1-X/regulons_10_TF.tsv	bd-rhap-rep2-X/regulons_10_TF.tsv
1493	pDC	NFATC3	0.1111111111111111	10	10	10	50	bd-rhap-rep1-X/regulons_10_TF.tsv vs bd-rhap-rep2-X/regulons_10_TF.tsv	bd-rhap-rep1-X/regulons_10_TF.tsv	bd-rhap-rep2-X/regulons_10_TF.tsv
1494	pDC	ZEB2	0.1111111111111111	10	10	10	50	bd-rhap-rep1-X/regulons_10_TF.tsv vs bd-rhap-rep2-X/regulons_10_TF.tsv	bd-rhap-rep1-X/regulons_10_TF.tsv	bd-rhap-rep2-X/regulons_10_TF.tsv
1495	cd4+_tcells	KAT6B	0.25	10	10	10	50	bd-rhap-rep1-X/regulons_10_TF.tsv vs bd-rhap-rep2-X/regulons_10_TF.tsv	bd-rhap-rep1-X/regulons_10_TF.tsv	bd-rhap-rep2-X/regulons_10_TF.tsv
1496	cd8+_tcells	STAT4	0.25	10	10	10	50	bd-rhap-rep1-X/regulons_10_TF.tsv vs bd-rhap-rep2-X/regulons_10_TF.tsv	bd-rhap-rep1-X/regulons_10_TF.tsv	bd-rhap-rep2-X/regulons_10_TF.tsv
1497	nk_cells	FOXP1	0.5384615384615384	10	10	10	50	bd-rhap-rep1-X/regulons_10_TF.tsv vs bd-rhap-rep2-X/regulons_10_TF.tsv	bd-rhap-rep1-X/regulons_10_TF.tsv	bd-rhap-rep2-X/regulons_10_TF.tsv
1498	cd8+_tcells	TCF7	0.5384615384615384	10	10	10	50	bd-rhap-rep1-X/regulons_10_TF.tsv vs bd-rhap-rep2-X/regulons_10_TF.tsv	bd-rhap-rep1-X/regulons_10_TF.tsv	bd-rhap-rep2-X/regulons_10_TF.tsv
1499	DC	FOXP1	0.3333333333333333	10	10	10	50	bd-rhap-rep1-X/regulons_10_TF.tsv vs bd-rhap-rep2-X/regulons_10_TF.tsv	bd-rhap-rep1-X/regulons_10_TF.tsv	bd-rhap-rep2-X/regulons_10_TF.tsv
1500	pDC	BCL11A	0.6666666666666666	10	10	10	50	bd-rhap-rep1-X/regulons_10_TF.tsv vs bd-rhap-rep2-X/regulons_10_TF.tsv	bd-rhap-rep1-X/regulons_10_TF.tsv	bd-rhap-rep2-X/regulons_10_TF.tsv
1501	cd14-_monocytes	RUNX3	0.6666666666666666	10	10	10	50	bd-rhap-rep1-X/regulons_10_TF.tsv vs bd-rhap-rep2-X/regulons_10_TF.tsv	bd-rhap-rep1-X/regulons_10_TF.tsv	bd-rhap-rep2-X/regulons_10_TF.tsv
1502	cd8+_tcells	NFATC2	0.25	10	10	10	50	bd-rhap-rep1-X/regulons_10_TF.tsv vs bd-rhap-rep2-X/regulons_10_TF.tsv	bd-rhap-rep1-X/regulons_10_TF.tsv	bd-rhap-rep2-X/regulons_10_TF.tsv
1503	cd4+_tcells	HIVEP2	0.42857142857142855	10	10	10	50	bd-rhap-rep1-X/regulons_10_TF.tsv vs bd-rhap-rep2-X/regulons_10_TF.tsv	bd-rhap-rep1-X/regulons_10_TF.tsv	bd-rhap-rep2-X/regulons_10_TF.tsv
1504	cd14-_monocytes	TCF12	0.3333333333333333	10	10	10	50	bd-rhap-rep1-X/regulons_10_TF.tsv vs bd-rhap-rep2-X/regulons_10_TF.tsv	bd-rhap-rep1-X/regulons_10_TF.tsv	bd-rhap-rep2-X/regulons_10_TF.tsv
1505	cd14+_monocytes	TCF7L2	0.5384615384615384	10	10	10	50	bd-rhap-rep1-X/regulons_10_TF.tsv vs bd-rhap-rep2-X/regulons_10_TF.tsv	bd-rhap-rep1-X/regulons_10_TF.tsv	bd-rhap-rep2-X/regulons_10_TF.tsv
1506	DC	RUNX2	0.3333333333333333	10	10	10	50	bd-rhap-rep1-X/regulons_10_TF.tsv vs bd-rhap-rep2-X/regulons_10_TF.tsv	bd-rhap-rep1-X/regulons_10_TF.tsv	bd-rhap-rep2-X/regulons_10_TF.tsv
1507	cd14+_monocytes	NFATC3	0.3333333333333333	10	10	10	50	bd-rhap-rep1-X/regulons_10_TF.tsv vs bd-rhap-rep2-X/regulons_10_TF.tsv	bd-rhap-rep1-X/regulons_10_TF.tsv	bd-rhap-rep2-X/regulons_10_TF.tsv
1508	cd4+_tcells	ZBTB20	0.6666666666666666	10	10	10	50	bd-rhap-rep1-X/regulons_10_TF.tsv vs bd-rhap-rep2-X/regulons_10_TF.tsv	bd-rhap-rep1-X/regulons_10_TF.tsv	bd-rhap-rep2-X/regulons_10_TF.tsv
1509	nk_cells	TOX	0.42857142857142855	10	10	10	50	bd-rhap-rep1-X/regulons_10_TF.tsv vs bd-rhap-rep2-X/regulons_10_TF.tsv	bd-rhap-rep1-X/regulons_10_TF.tsv	bd-rhap-rep2-X/regulons_10_TF.tsv
1510	nk_cells	ZBTB16	0.6666666666666666	10	10	10	50	bd-rhap-rep1-X/regulons_10_TF.tsv vs bd-rhap-rep2-X/regulons_10_TF.tsv	bd-rhap-rep1-X/regulons_10_TF.tsv	bd-rhap-rep2-X/regulons_10_TF.tsv
1511	cd14-_monocytes	BTG2	0.3333333333333333	10	10	10	50	bd-rhap-rep1-X/regulons_10_TF.tsv vs 10x-rep1-kallisto-cellbender-X/regulons_10_TF.tsv	bd-rhap-rep1-X/regulons_10_TF.tsv	10x-rep1-kallisto-cellbender-X/regulons_10_TF.tsv
1512	DC	KMT2A	0.05263157894736842	10	10	10	50	bd-rhap-rep1-X/regulons_10_TF.tsv vs 10x-rep1-kallisto-cellbender-X/regulons_10_TF.tsv	bd-rhap-rep1-X/regulons_10_TF.tsv	10x-rep1-kallisto-cellbender-X/regulons_10_TF.tsv
1513	cd8+_tcells	HOPX	0.25	10	10	10	50	bd-rhap-rep1-X/regulons_10_TF.tsv vs 10x-rep1-kallisto-cellbender-X/regulons_10_TF.tsv	bd-rhap-rep1-X/regulons_10_TF.tsv	10x-rep1-kallisto-cellbender-X/regulons_10_TF.tsv
1514	cd8+_tcells	IKZF3	0.3333333333333333	10	10	10	50	bd-rhap-rep1-X/regulons_10_TF.tsv vs 10x-rep1-kallisto-cellbender-X/regulons_10_TF.tsv	bd-rhap-rep1-X/regulons_10_TF.tsv	10x-rep1-kallisto-cellbender-X/regulons_10_TF.tsv
1515	cd8+_tcells	ID2	0.1111111111111111	10	10	10	50	bd-rhap-rep1-X/regulons_10_TF.tsv vs 10x-rep1-kallisto-cellbender-X/regulons_10_TF.tsv	bd-rhap-rep1-X/regulons_10_TF.tsv	10x-rep1-kallisto-cellbender-X/regulons_10_TF.tsv
1516	pDC	IRF8	0.5384615384615384	10	10	10	50	bd-rhap-rep1-X/regulons_10_TF.tsv vs 10x-rep1-kallisto-cellbender-X/regulons_10_TF.tsv	bd-rhap-rep1-X/regulons_10_TF.tsv	10x-rep1-kallisto-cellbender-X/regulons_10_TF.tsv
1517	cd14-_monocytes	STAT1	0.05263157894736842	10	10	10	50	bd-rhap-rep1-X/regulons_10_TF.tsv vs 10x-rep1-kallisto-cellbender-X/regulons_10_TF.tsv	bd-rhap-rep1-X/regulons_10_TF.tsv	10x-rep1-kallisto-cellbender-X/regulons_10_TF.tsv
1518	cd8+_tcells	TLE5	0.5384615384615384	10	10	10	50	bd-rhap-rep1-X/regulons_10_TF.tsv vs 10x-rep1-kallisto-cellbender-X/regulons_10_TF.tsv	bd-rhap-rep1-X/regulons_10_TF.tsv	10x-rep1-kallisto-cellbender-X/regulons_10_TF.tsv
1519	cd14-_monocytes	SOX4	0.1111111111111111	10	10	10	50	bd-rhap-rep1-X/regulons_10_TF.tsv vs 10x-rep1-kallisto-cellbender-X/regulons_10_TF.tsv	bd-rhap-rep1-X/regulons_10_TF.tsv	10x-rep1-kallisto-cellbender-X/regulons_10_TF.tsv
1520	cd4+_tcells	ETS1	0.17647058823529413	10	10	10	50	bd-rhap-rep1-X/regulons_10_TF.tsv vs 10x-rep1-kallisto-cellbender-X/regulons_10_TF.tsv	bd-rhap-rep1-X/regulons_10_TF.tsv	10x-rep1-kallisto-cellbender-X/regulons_10_TF.tsv
1521	b_cells	IRF8	0.42857142857142855	10	10	10	50	bd-rhap-rep1-X/regulons_10_TF.tsv vs 10x-rep1-kallisto-cellbender-X/regulons_10_TF.tsv	bd-rhap-rep1-X/regulons_10_TF.tsv	10x-rep1-kallisto-cellbender-X/regulons_10_TF.tsv
1522	cd8+_tcells	ETS1	0.25	10	10	10	50	bd-rhap-rep1-X/regulons_10_TF.tsv vs 10x-rep1-kallisto-cellbender-X/regulons_10_TF.tsv	bd-rhap-rep1-X/regulons_10_TF.tsv	10x-rep1-kallisto-cellbender-X/regulons_10_TF.tsv
1523	cd4+_tcells	TCF7	0.25	10	10	10	50	bd-rhap-rep1-X/regulons_10_TF.tsv vs 10x-rep1-kallisto-cellbender-X/regulons_10_TF.tsv	bd-rhap-rep1-X/regulons_10_TF.tsv	10x-rep1-kallisto-cellbender-X/regulons_10_TF.tsv
1524	cd14-_monocytes	JUN	0.25	10	10	10	50	bd-rhap-rep1-X/regulons_10_TF.tsv vs 10x-rep1-kallisto-cellbender-X/regulons_10_TF.tsv	bd-rhap-rep1-X/regulons_10_TF.tsv	10x-rep1-kallisto-cellbender-X/regulons_10_TF.tsv
1525	cd14+_monocytes	IRF8	0.3333333333333333	10	10	10	50	bd-rhap-rep1-X/regulons_10_TF.tsv vs 10x-rep1-kallisto-cellbender-X/regulons_10_TF.tsv	bd-rhap-rep1-X/regulons_10_TF.tsv	10x-rep1-kallisto-cellbender-X/regulons_10_TF.tsv
1526	cd14-_monocytes	FOS	0.25	10	10	10	50	bd-rhap-rep1-X/regulons_10_TF.tsv vs 10x-rep1-kallisto-cellbender-X/regulons_10_TF.tsv	bd-rhap-rep1-X/regulons_10_TF.tsv	10x-rep1-kallisto-cellbender-X/regulons_10_TF.tsv
1527	DC	NR4A1	0.17647058823529413	10	10	10	50	bd-rhap-rep1-X/regulons_10_TF.tsv vs 10x-rep1-kallisto-cellbender-X/regulons_10_TF.tsv	bd-rhap-rep1-X/regulons_10_TF.tsv	10x-rep1-kallisto-cellbender-X/regulons_10_TF.tsv
1528	cd14-_monocytes	TCF7L2	0.25	10	10	10	50	bd-rhap-rep1-X/regulons_10_TF.tsv vs 10x-rep1-kallisto-cellbender-X/regulons_10_TF.tsv	bd-rhap-rep1-X/regulons_10_TF.tsv	10x-rep1-kallisto-cellbender-X/regulons_10_TF.tsv
1529	DC	IRF8	0.25	10	10	10	50	bd-rhap-rep1-X/regulons_10_TF.tsv vs 10x-rep1-kallisto-cellbender-X/regulons_10_TF.tsv	bd-rhap-rep1-X/regulons_10_TF.tsv	10x-rep1-kallisto-cellbender-X/regulons_10_TF.tsv
1530	b_cells	ETS1	0.25	10	10	10	50	bd-rhap-rep1-X/regulons_10_TF.tsv vs 10x-rep1-kallisto-cellbender-X/regulons_10_TF.tsv	bd-rhap-rep1-X/regulons_10_TF.tsv	10x-rep1-kallisto-cellbender-X/regulons_10_TF.tsv
1531	cd4+_tcells	IRF1	0.0	10	10	10	50	bd-rhap-rep1-X/regulons_10_TF.tsv vs 10x-rep1-kallisto-cellbender-X/regulons_10_TF.tsv	bd-rhap-rep1-X/regulons_10_TF.tsv	10x-rep1-kallisto-cellbender-X/regulons_10_TF.tsv
1532	cd14-_monocytes	ZEB2	0.17647058823529413	10	10	10	50	bd-rhap-rep1-X/regulons_10_TF.tsv vs 10x-rep1-kallisto-cellbender-X/regulons_10_TF.tsv	bd-rhap-rep1-X/regulons_10_TF.tsv	10x-rep1-kallisto-cellbender-X/regulons_10_TF.tsv
1533	cd8+_tcells	RUNX3	0.1111111111111111	10	10	10	50	bd-rhap-rep1-X/regulons_10_TF.tsv vs 10x-rep1-kallisto-cellbender-X/regulons_10_TF.tsv	bd-rhap-rep1-X/regulons_10_TF.tsv	10x-rep1-kallisto-cellbender-X/regulons_10_TF.tsv
1534	cd8+_tcells	FOS	0.17647058823529413	10	10	10	50	bd-rhap-rep1-X/regulons_10_TF.tsv vs 10x-rep1-kallisto-cellbender-X/regulons_10_TF.tsv	bd-rhap-rep1-X/regulons_10_TF.tsv	10x-rep1-kallisto-cellbender-X/regulons_10_TF.tsv
1535	nk_cells	TLE5	0.17647058823529413	10	10	10	50	bd-rhap-rep1-X/regulons_10_TF.tsv vs 10x-rep1-kallisto-cellbender-X/regulons_10_TF.tsv	bd-rhap-rep1-X/regulons_10_TF.tsv	10x-rep1-kallisto-cellbender-X/regulons_10_TF.tsv
1536	nk_cells	ETS1	0.0	10	10	10	50	bd-rhap-rep1-X/regulons_10_TF.tsv vs 10x-rep1-kallisto-cellbender-X/regulons_10_TF.tsv	bd-rhap-rep1-X/regulons_10_TF.tsv	10x-rep1-kallisto-cellbender-X/regulons_10_TF.tsv
1537	pDC	IRF7	0.25	10	10	10	50	bd-rhap-rep1-X/regulons_10_TF.tsv vs 10x-rep1-kallisto-cellbender-X/regulons_10_TF.tsv	bd-rhap-rep1-X/regulons_10_TF.tsv	10x-rep1-kallisto-cellbender-X/regulons_10_TF.tsv
1538	nk_cells	TFDP2	0.25	10	10	10	50	bd-rhap-rep1-X/regulons_10_TF.tsv vs 10x-rep1-kallisto-cellbender-X/regulons_10_TF.tsv	bd-rhap-rep1-X/regulons_10_TF.tsv	10x-rep1-kallisto-cellbender-X/regulons_10_TF.tsv
1539	DC	MAX	0.0	10	10	10	50	bd-rhap-rep1-X/regulons_10_TF.tsv vs 10x-rep1-kallisto-cellbender-X/regulons_10_TF.tsv	bd-rhap-rep1-X/regulons_10_TF.tsv	10x-rep1-kallisto-cellbender-X/regulons_10_TF.tsv
1540	pDC	HMGB2	0.0	10	10	10	50	bd-rhap-rep1-X/regulons_10_TF.tsv vs 10x-rep1-kallisto-cellbender-X/regulons_10_TF.tsv	bd-rhap-rep1-X/regulons_10_TF.tsv	10x-rep1-kallisto-cellbender-X/regulons_10_TF.tsv
1541	b_cells	IRF1	0.0	10	10	10	50	bd-rhap-rep1-X/regulons_10_TF.tsv vs 10x-rep1-kallisto-cellbender-X/regulons_10_TF.tsv	bd-rhap-rep1-X/regulons_10_TF.tsv	10x-rep1-kallisto-cellbender-X/regulons_10_TF.tsv
1542	b_cells	IKZF3	0.42857142857142855	10	10	10	50	bd-rhap-rep1-X/regulons_10_TF.tsv vs 10x-rep1-kallisto-cellbender-X/regulons_10_TF.tsv	bd-rhap-rep1-X/regulons_10_TF.tsv	10x-rep1-kallisto-cellbender-X/regulons_10_TF.tsv
1543	nk_cells	CEBPD	0.17647058823529413	10	10	10	50	bd-rhap-rep1-X/regulons_10_TF.tsv vs 10x-rep1-kallisto-cellbender-X/regulons_10_TF.tsv	bd-rhap-rep1-X/regulons_10_TF.tsv	10x-rep1-kallisto-cellbender-X/regulons_10_TF.tsv
1544	DC	CEBPD	0.42857142857142855	10	10	10	50	bd-rhap-rep1-X/regulons_10_TF.tsv vs 10x-rep1-kallisto-cellbender-X/regulons_10_TF.tsv	bd-rhap-rep1-X/regulons_10_TF.tsv	10x-rep1-kallisto-cellbender-X/regulons_10_TF.tsv
1545	pDC	TLE5	0.17647058823529413	10	10	10	50	bd-rhap-rep1-X/regulons_10_TF.tsv vs 10x-rep1-kallisto-cellbender-X/regulons_10_TF.tsv	bd-rhap-rep1-X/regulons_10_TF.tsv	10x-rep1-kallisto-cellbender-X/regulons_10_TF.tsv
1546	nk_cells	IRF1	0.1111111111111111	10	10	10	50	bd-rhap-rep1-X/regulons_10_TF.tsv vs 10x-rep1-kallisto-cellbender-X/regulons_10_TF.tsv	bd-rhap-rep1-X/regulons_10_TF.tsv	10x-rep1-kallisto-cellbender-X/regulons_10_TF.tsv
1547	nk_cells	HOPX	0.25	10	10	10	50	bd-rhap-rep1-X/regulons_10_TF.tsv vs 10x-rep1-kallisto-cellbender-X/regulons_10_TF.tsv	bd-rhap-rep1-X/regulons_10_TF.tsv	10x-rep1-kallisto-cellbender-X/regulons_10_TF.tsv
1548	pDC	ETS1	0.25	10	10	10	50	bd-rhap-rep1-X/regulons_10_TF.tsv vs 10x-rep1-kallisto-cellbender-X/regulons_10_TF.tsv	bd-rhap-rep1-X/regulons_10_TF.tsv	10x-rep1-kallisto-cellbender-X/regulons_10_TF.tsv
1549	cd14+_monocytes	HMGB2	0.3333333333333333	10	10	10	50	bd-rhap-rep1-X/regulons_10_TF.tsv vs 10x-rep1-kallisto-cellbender-X/regulons_10_TF.tsv	bd-rhap-rep1-X/regulons_10_TF.tsv	10x-rep1-kallisto-cellbender-X/regulons_10_TF.tsv
1550	cd14+_monocytes	EGR1	0.25	10	10	10	50	bd-rhap-rep1-X/regulons_10_TF.tsv vs 10x-rep1-kallisto-cellbender-X/regulons_10_TF.tsv	bd-rhap-rep1-X/regulons_10_TF.tsv	10x-rep1-kallisto-cellbender-X/regulons_10_TF.tsv
1551	cd14+_monocytes	ID2	0.0	10	10	10	50	bd-rhap-rep1-X/regulons_10_TF.tsv vs 10x-rep1-kallisto-cellbender-X/regulons_10_TF.tsv	bd-rhap-rep1-X/regulons_10_TF.tsv	10x-rep1-kallisto-cellbender-X/regulons_10_TF.tsv
1552	DC	IRF7	0.17647058823529413	10	10	10	50	bd-rhap-rep1-X/regulons_10_TF.tsv vs 10x-rep1-kallisto-cellbender-X/regulons_10_TF.tsv	bd-rhap-rep1-X/regulons_10_TF.tsv	10x-rep1-kallisto-cellbender-X/regulons_10_TF.tsv
1553	b_cells	TLE5	0.25	10	10	10	50	bd-rhap-rep1-X/regulons_10_TF.tsv vs 10x-rep1-kallisto-cellbender-X/regulons_10_TF.tsv	bd-rhap-rep1-X/regulons_10_TF.tsv	10x-rep1-kallisto-cellbender-X/regulons_10_TF.tsv
1554	cd4+_tcells	LEF1	0.25	10	10	10	50	bd-rhap-rep1-X/regulons_10_TF.tsv vs 10x-rep1-kallisto-cellbender-X/regulons_10_TF.tsv	bd-rhap-rep1-X/regulons_10_TF.tsv	10x-rep1-kallisto-cellbender-X/regulons_10_TF.tsv
1555	DC	HMGB2	0.25	10	10	10	50	bd-rhap-rep1-X/regulons_10_TF.tsv vs 10x-rep1-kallisto-cellbender-X/regulons_10_TF.tsv	bd-rhap-rep1-X/regulons_10_TF.tsv	10x-rep1-kallisto-cellbender-X/regulons_10_TF.tsv
1556	nk_cells	ID2	0.17647058823529413	10	10	10	50	bd-rhap-rep1-X/regulons_10_TF.tsv vs 10x-rep1-kallisto-cellbender-X/regulons_10_TF.tsv	bd-rhap-rep1-X/regulons_10_TF.tsv	10x-rep1-kallisto-cellbender-X/regulons_10_TF.tsv
1557	DC	ID2	0.1111111111111111	10	10	10	50	bd-rhap-rep1-X/regulons_10_TF.tsv vs 10x-rep1-kallisto-cellbender-X/regulons_10_TF.tsv	bd-rhap-rep1-X/regulons_10_TF.tsv	10x-rep1-kallisto-cellbender-X/regulons_10_TF.tsv
1558	cd4+_tcells	JUN	0.3333333333333333	10	10	10	50	bd-rhap-rep1-X/regulons_10_TF.tsv vs 10x-rep1-kallisto-cellbender-X/regulons_10_TF.tsv	bd-rhap-rep1-X/regulons_10_TF.tsv	10x-rep1-kallisto-cellbender-X/regulons_10_TF.tsv
1559	cd14+_monocytes	TLE5	0.05263157894736842	10	10	10	50	bd-rhap-rep1-X/regulons_10_TF.tsv vs 10x-rep1-kallisto-cellbender-X/regulons_10_TF.tsv	bd-rhap-rep1-X/regulons_10_TF.tsv	10x-rep1-kallisto-cellbender-X/regulons_10_TF.tsv
1560	nk_cells	BTG2	0.17647058823529413	10	10	10	50	bd-rhap-rep1-X/regulons_10_TF.tsv vs 10x-rep1-kallisto-cellbender-X/regulons_10_TF.tsv	bd-rhap-rep1-X/regulons_10_TF.tsv	10x-rep1-kallisto-cellbender-X/regulons_10_TF.tsv
1561	DC	TLE5	0.17647058823529413	10	10	10	50	bd-rhap-rep1-X/regulons_10_TF.tsv vs 10x-rep1-kallisto-cellbender-X/regulons_10_TF.tsv	bd-rhap-rep1-X/regulons_10_TF.tsv	10x-rep1-kallisto-cellbender-X/regulons_10_TF.tsv
1562	pDC	LMO4	0.3333333333333333	10	10	10	50	bd-rhap-rep1-X/regulons_10_TF.tsv vs 10x-rep1-kallisto-cellbender-X/regulons_10_TF.tsv	bd-rhap-rep1-X/regulons_10_TF.tsv	10x-rep1-kallisto-cellbender-X/regulons_10_TF.tsv
1563	cd4+_tcells	BCL11B	0.25	10	10	10	50	bd-rhap-rep1-X/regulons_10_TF.tsv vs 10x-rep1-kallisto-cellbender-X/regulons_10_TF.tsv	bd-rhap-rep1-X/regulons_10_TF.tsv	10x-rep1-kallisto-cellbender-X/regulons_10_TF.tsv
1564	nk_cells	MYBL1	0.42857142857142855	10	10	10	50	bd-rhap-rep1-X/regulons_10_TF.tsv vs 10x-rep1-kallisto-cellbender-X/regulons_10_TF.tsv	bd-rhap-rep1-X/regulons_10_TF.tsv	10x-rep1-kallisto-cellbender-X/regulons_10_TF.tsv
1565	b_cells	JUN	0.3333333333333333	10	10	10	50	bd-rhap-rep1-X/regulons_10_TF.tsv vs 10x-rep1-kallisto-cellbender-X/regulons_10_TF.tsv	bd-rhap-rep1-X/regulons_10_TF.tsv	10x-rep1-kallisto-cellbender-X/regulons_10_TF.tsv
1566	cd8+_tcells	BCL11B	0.5384615384615384	10	10	10	50	bd-rhap-rep1-X/regulons_10_TF.tsv vs 10x-rep1-kallisto-cellbender-X/regulons_10_TF.tsv	bd-rhap-rep1-X/regulons_10_TF.tsv	10x-rep1-kallisto-cellbender-X/regulons_10_TF.tsv
1567	DC	SOX4	0.05263157894736842	10	10	10	50	bd-rhap-rep1-X/regulons_10_TF.tsv vs 10x-rep1-kallisto-cellbender-X/regulons_10_TF.tsv	bd-rhap-rep1-X/regulons_10_TF.tsv	10x-rep1-kallisto-cellbender-X/regulons_10_TF.tsv
1568	b_cells	FOS	0.1111111111111111	10	10	10	50	bd-rhap-rep1-X/regulons_10_TF.tsv vs 10x-rep1-kallisto-cellbender-X/regulons_10_TF.tsv	bd-rhap-rep1-X/regulons_10_TF.tsv	10x-rep1-kallisto-cellbender-X/regulons_10_TF.tsv
1569	cd14+_monocytes	CEBPD	0.5384615384615384	10	10	10	50	bd-rhap-rep1-X/regulons_10_TF.tsv vs 10x-rep1-kallisto-cellbender-X/regulons_10_TF.tsv	bd-rhap-rep1-X/regulons_10_TF.tsv	10x-rep1-kallisto-cellbender-X/regulons_10_TF.tsv
1570	b_cells	POU2F2	0.42857142857142855	10	10	10	50	bd-rhap-rep1-X/regulons_10_TF.tsv vs 10x-rep1-kallisto-cellbender-X/regulons_10_TF.tsv	bd-rhap-rep1-X/regulons_10_TF.tsv	10x-rep1-kallisto-cellbender-X/regulons_10_TF.tsv
1571	nk_cells	RORA	0.25	10	10	10	50	bd-rhap-rep1-X/regulons_10_TF.tsv vs 10x-rep1-kallisto-cellbender-X/regulons_10_TF.tsv	bd-rhap-rep1-X/regulons_10_TF.tsv	10x-rep1-kallisto-cellbender-X/regulons_10_TF.tsv
1572	pDC	BTG2	0.1111111111111111	10	10	10	50	bd-rhap-rep1-X/regulons_10_TF.tsv vs 10x-rep1-kallisto-cellbender-X/regulons_10_TF.tsv	bd-rhap-rep1-X/regulons_10_TF.tsv	10x-rep1-kallisto-cellbender-X/regulons_10_TF.tsv
1573	cd14+_monocytes	JUN	0.17647058823529413	10	10	10	50	bd-rhap-rep1-X/regulons_10_TF.tsv vs 10x-rep1-kallisto-cellbender-X/regulons_10_TF.tsv	bd-rhap-rep1-X/regulons_10_TF.tsv	10x-rep1-kallisto-cellbender-X/regulons_10_TF.tsv
1574	cd14+_monocytes	IRF1	0.05263157894736842	10	10	10	50	bd-rhap-rep1-X/regulons_10_TF.tsv vs 10x-rep1-kallisto-cellbender-X/regulons_10_TF.tsv	bd-rhap-rep1-X/regulons_10_TF.tsv	10x-rep1-kallisto-cellbender-X/regulons_10_TF.tsv
1575	cd14+_monocytes	LMO4	0.25	10	10	10	50	bd-rhap-rep1-X/regulons_10_TF.tsv vs 10x-rep1-kallisto-cellbender-X/regulons_10_TF.tsv	bd-rhap-rep1-X/regulons_10_TF.tsv	10x-rep1-kallisto-cellbender-X/regulons_10_TF.tsv
1576	cd14+_monocytes	POU2F2	0.25	10	10	10	50	bd-rhap-rep1-X/regulons_10_TF.tsv vs 10x-rep1-kallisto-cellbender-X/regulons_10_TF.tsv	bd-rhap-rep1-X/regulons_10_TF.tsv	10x-rep1-kallisto-cellbender-X/regulons_10_TF.tsv
1577	nk_cells	JUN	0.3333333333333333	10	10	10	50	bd-rhap-rep1-X/regulons_10_TF.tsv vs 10x-rep1-kallisto-cellbender-X/regulons_10_TF.tsv	bd-rhap-rep1-X/regulons_10_TF.tsv	10x-rep1-kallisto-cellbender-X/regulons_10_TF.tsv
1578	pDC	TCF4	0.3333333333333333	10	10	10	50	bd-rhap-rep1-X/regulons_10_TF.tsv vs 10x-rep1-kallisto-cellbender-X/regulons_10_TF.tsv	bd-rhap-rep1-X/regulons_10_TF.tsv	10x-rep1-kallisto-cellbender-X/regulons_10_TF.tsv
1579	nk_cells	RUNX3	0.25	10	10	10	50	bd-rhap-rep1-X/regulons_10_TF.tsv vs 10x-rep1-kallisto-cellbender-X/regulons_10_TF.tsv	bd-rhap-rep1-X/regulons_10_TF.tsv	10x-rep1-kallisto-cellbender-X/regulons_10_TF.tsv
1580	cd14-_monocytes	NR4A1	0.1111111111111111	10	10	10	50	bd-rhap-rep1-X/regulons_10_TF.tsv vs 10x-rep1-kallisto-cellbender-X/regulons_10_TF.tsv	bd-rhap-rep1-X/regulons_10_TF.tsv	10x-rep1-kallisto-cellbender-X/regulons_10_TF.tsv
1581	nk_cells	FOS	0.17647058823529413	10	10	10	50	bd-rhap-rep1-X/regulons_10_TF.tsv vs 10x-rep1-kallisto-cellbender-X/regulons_10_TF.tsv	bd-rhap-rep1-X/regulons_10_TF.tsv	10x-rep1-kallisto-cellbender-X/regulons_10_TF.tsv
1582	cd14+_monocytes	MAFB	0.17647058823529413	10	10	10	50	bd-rhap-rep1-X/regulons_10_TF.tsv vs 10x-rep1-kallisto-cellbender-X/regulons_10_TF.tsv	bd-rhap-rep1-X/regulons_10_TF.tsv	10x-rep1-kallisto-cellbender-X/regulons_10_TF.tsv
1583	DC	LMO4	0.25	10	10	10	50	bd-rhap-rep1-X/regulons_10_TF.tsv vs 10x-rep1-kallisto-cellbender-X/regulons_10_TF.tsv	bd-rhap-rep1-X/regulons_10_TF.tsv	10x-rep1-kallisto-cellbender-X/regulons_10_TF.tsv
1584	DC	POU2F2	0.42857142857142855	10	10	10	50	bd-rhap-rep1-X/regulons_10_TF.tsv vs 10x-rep1-kallisto-cellbender-X/regulons_10_TF.tsv	bd-rhap-rep1-X/regulons_10_TF.tsv	10x-rep1-kallisto-cellbender-X/regulons_10_TF.tsv
1585	b_cells	BTG2	0.17647058823529413	10	10	10	50	bd-rhap-rep1-X/regulons_10_TF.tsv vs 10x-rep1-kallisto-cellbender-X/regulons_10_TF.tsv	bd-rhap-rep1-X/regulons_10_TF.tsv	10x-rep1-kallisto-cellbender-X/regulons_10_TF.tsv
1586	cd14-_monocytes	HMGB2	0.05263157894736842	10	10	10	50	bd-rhap-rep1-X/regulons_10_TF.tsv vs 10x-rep1-kallisto-cellbender-X/regulons_10_TF.tsv	bd-rhap-rep1-X/regulons_10_TF.tsv	10x-rep1-kallisto-cellbender-X/regulons_10_TF.tsv
1587	b_cells	BCL11A	0.42857142857142855	10	10	10	50	bd-rhap-rep1-X/regulons_10_TF.tsv vs 10x-rep1-kallisto-cellbender-X/regulons_10_TF.tsv	bd-rhap-rep1-X/regulons_10_TF.tsv	10x-rep1-kallisto-cellbender-X/regulons_10_TF.tsv
1588	cd14-_monocytes	ID2	0.0	10	10	10	50	bd-rhap-rep1-X/regulons_10_TF.tsv vs 10x-rep1-kallisto-cellbender-X/regulons_10_TF.tsv	bd-rhap-rep1-X/regulons_10_TF.tsv	10x-rep1-kallisto-cellbender-X/regulons_10_TF.tsv
1589	pDC	STAT1	0.0	10	10	10	50	bd-rhap-rep1-X/regulons_10_TF.tsv vs 10x-rep1-kallisto-cellbender-X/regulons_10_TF.tsv	bd-rhap-rep1-X/regulons_10_TF.tsv	10x-rep1-kallisto-cellbender-X/regulons_10_TF.tsv
1590	cd4+_tcells	RORA	0.25	10	10	10	50	bd-rhap-rep1-X/regulons_10_TF.tsv vs 10x-rep1-kallisto-cellbender-X/regulons_10_TF.tsv	bd-rhap-rep1-X/regulons_10_TF.tsv	10x-rep1-kallisto-cellbender-X/regulons_10_TF.tsv
1591	pDC	SOX4	0.42857142857142855	10	10	10	50	bd-rhap-rep1-X/regulons_10_TF.tsv vs 10x-rep1-kallisto-cellbender-X/regulons_10_TF.tsv	bd-rhap-rep1-X/regulons_10_TF.tsv	10x-rep1-kallisto-cellbender-X/regulons_10_TF.tsv
1592	cd14+_monocytes	BTG2	0.3333333333333333	10	10	10	50	bd-rhap-rep1-X/regulons_10_TF.tsv vs 10x-rep1-kallisto-cellbender-X/regulons_10_TF.tsv	bd-rhap-rep1-X/regulons_10_TF.tsv	10x-rep1-kallisto-cellbender-X/regulons_10_TF.tsv
1593	b_cells	SP140	0.1111111111111111	10	10	10	50	bd-rhap-rep1-X/regulons_10_TF.tsv vs 10x-rep1-kallisto-cellbender-X/regulons_10_TF.tsv	bd-rhap-rep1-X/regulons_10_TF.tsv	10x-rep1-kallisto-cellbender-X/regulons_10_TF.tsv
1594	nk_cells	ZEB2	0.1111111111111111	10	10	10	50	bd-rhap-rep1-X/regulons_10_TF.tsv vs 10x-rep1-kallisto-cellbender-X/regulons_10_TF.tsv	bd-rhap-rep1-X/regulons_10_TF.tsv	10x-rep1-kallisto-cellbender-X/regulons_10_TF.tsv
1595	cd14-_monocytes	TLE5	0.1111111111111111	10	10	10	50	bd-rhap-rep1-X/regulons_10_TF.tsv vs 10x-rep1-kallisto-cellbender-X/regulons_10_TF.tsv	bd-rhap-rep1-X/regulons_10_TF.tsv	10x-rep1-kallisto-cellbender-X/regulons_10_TF.tsv
1596	DC	BCL11A	0.5384615384615384	10	10	10	50	bd-rhap-rep1-X/regulons_10_TF.tsv vs 10x-rep1-kallisto-cellbender-X/regulons_10_TF.tsv	bd-rhap-rep1-X/regulons_10_TF.tsv	10x-rep1-kallisto-cellbender-X/regulons_10_TF.tsv
1597	pDC	JUN	0.05263157894736842	10	10	10	50	bd-rhap-rep1-X/regulons_10_TF.tsv vs 10x-rep1-kallisto-cellbender-X/regulons_10_TF.tsv	bd-rhap-rep1-X/regulons_10_TF.tsv	10x-rep1-kallisto-cellbender-X/regulons_10_TF.tsv
1598	pDC	RUNX2	0.5384615384615384	10	10	10	50	bd-rhap-rep1-X/regulons_10_TF.tsv vs 10x-rep1-kallisto-cellbender-X/regulons_10_TF.tsv	bd-rhap-rep1-X/regulons_10_TF.tsv	10x-rep1-kallisto-cellbender-X/regulons_10_TF.tsv
1599	pDC	FOS	0.05263157894736842	10	10	10	50	bd-rhap-rep1-X/regulons_10_TF.tsv vs 10x-rep1-kallisto-cellbender-X/regulons_10_TF.tsv	bd-rhap-rep1-X/regulons_10_TF.tsv	10x-rep1-kallisto-cellbender-X/regulons_10_TF.tsv
1600	cd14+_monocytes	STAT1	0.17647058823529413	10	10	10	50	bd-rhap-rep1-X/regulons_10_TF.tsv vs 10x-rep1-kallisto-cellbender-X/regulons_10_TF.tsv	bd-rhap-rep1-X/regulons_10_TF.tsv	10x-rep1-kallisto-cellbender-X/regulons_10_TF.tsv
1601	cd14+_monocytes	SOX4	0.17647058823529413	10	10	10	50	bd-rhap-rep1-X/regulons_10_TF.tsv vs 10x-rep1-kallisto-cellbender-X/regulons_10_TF.tsv	bd-rhap-rep1-X/regulons_10_TF.tsv	10x-rep1-kallisto-cellbender-X/regulons_10_TF.tsv
1602	pDC	ZEB2	0.1111111111111111	10	10	10	50	bd-rhap-rep1-X/regulons_10_TF.tsv vs 10x-rep1-kallisto-cellbender-X/regulons_10_TF.tsv	bd-rhap-rep1-X/regulons_10_TF.tsv	10x-rep1-kallisto-cellbender-X/regulons_10_TF.tsv
1603	cd14-_monocytes	CEBPD	0.42857142857142855	10	10	10	50	bd-rhap-rep1-X/regulons_10_TF.tsv vs 10x-rep1-kallisto-cellbender-X/regulons_10_TF.tsv	bd-rhap-rep1-X/regulons_10_TF.tsv	10x-rep1-kallisto-cellbender-X/regulons_10_TF.tsv
1604	cd8+_tcells	TCF7	0.25	10	10	10	50	bd-rhap-rep1-X/regulons_10_TF.tsv vs 10x-rep1-kallisto-cellbender-X/regulons_10_TF.tsv	bd-rhap-rep1-X/regulons_10_TF.tsv	10x-rep1-kallisto-cellbender-X/regulons_10_TF.tsv
1605	pDC	BCL11A	0.42857142857142855	10	10	10	50	bd-rhap-rep1-X/regulons_10_TF.tsv vs 10x-rep1-kallisto-cellbender-X/regulons_10_TF.tsv	bd-rhap-rep1-X/regulons_10_TF.tsv	10x-rep1-kallisto-cellbender-X/regulons_10_TF.tsv
1606	cd14-_monocytes	RUNX3	0.25	10	10	10	50	bd-rhap-rep1-X/regulons_10_TF.tsv vs 10x-rep1-kallisto-cellbender-X/regulons_10_TF.tsv	bd-rhap-rep1-X/regulons_10_TF.tsv	10x-rep1-kallisto-cellbender-X/regulons_10_TF.tsv
1607	cd14+_monocytes	FOS	0.3333333333333333	10	10	10	50	bd-rhap-rep1-X/regulons_10_TF.tsv vs 10x-rep1-kallisto-cellbender-X/regulons_10_TF.tsv	bd-rhap-rep1-X/regulons_10_TF.tsv	10x-rep1-kallisto-cellbender-X/regulons_10_TF.tsv
1608	cd14-_monocytes	IRF1	0.0	10	10	10	50	bd-rhap-rep1-X/regulons_10_TF.tsv vs 10x-rep1-kallisto-cellbender-X/regulons_10_TF.tsv	bd-rhap-rep1-X/regulons_10_TF.tsv	10x-rep1-kallisto-cellbender-X/regulons_10_TF.tsv
1609	cd14-_monocytes	LMO4	0.25	10	10	10	50	bd-rhap-rep1-X/regulons_10_TF.tsv vs 10x-rep1-kallisto-cellbender-X/regulons_10_TF.tsv	bd-rhap-rep1-X/regulons_10_TF.tsv	10x-rep1-kallisto-cellbender-X/regulons_10_TF.tsv
1610	cd14-_monocytes	POU2F2	0.3333333333333333	10	10	10	50	bd-rhap-rep1-X/regulons_10_TF.tsv vs 10x-rep1-kallisto-cellbender-X/regulons_10_TF.tsv	bd-rhap-rep1-X/regulons_10_TF.tsv	10x-rep1-kallisto-cellbender-X/regulons_10_TF.tsv
1611	cd14-_monocytes	MAFB	0.05263157894736842	10	10	10	50	bd-rhap-rep1-X/regulons_10_TF.tsv vs 10x-rep1-kallisto-cellbender-X/regulons_10_TF.tsv	bd-rhap-rep1-X/regulons_10_TF.tsv	10x-rep1-kallisto-cellbender-X/regulons_10_TF.tsv
1612	cd8+_tcells	IRF1	0.1111111111111111	10	10	10	50	bd-rhap-rep1-X/regulons_10_TF.tsv vs 10x-rep1-kallisto-cellbender-X/regulons_10_TF.tsv	bd-rhap-rep1-X/regulons_10_TF.tsv	10x-rep1-kallisto-cellbender-X/regulons_10_TF.tsv
1613	cd14-_monocytes	BTG2	0.1111111111111111	10	10	10	50	bd-rhap-rep2-X/regulons_10_TF.tsv vs 10x-rep1-kallisto-cellbender-X/regulons_10_TF.tsv	bd-rhap-rep2-X/regulons_10_TF.tsv	10x-rep1-kallisto-cellbender-X/regulons_10_TF.tsv
1614	cd8+_tcells	RUNX3	0.05263157894736842	10	10	10	50	bd-rhap-rep2-X/regulons_10_TF.tsv vs 10x-rep1-kallisto-cellbender-X/regulons_10_TF.tsv	bd-rhap-rep2-X/regulons_10_TF.tsv	10x-rep1-kallisto-cellbender-X/regulons_10_TF.tsv
1615	cd8+_tcells	HOPX	0.17647058823529413	10	10	10	50	bd-rhap-rep2-X/regulons_10_TF.tsv vs 10x-rep1-kallisto-cellbender-X/regulons_10_TF.tsv	bd-rhap-rep2-X/regulons_10_TF.tsv	10x-rep1-kallisto-cellbender-X/regulons_10_TF.tsv
1616	cd8+_tcells	IKZF3	0.3333333333333333	10	10	10	50	bd-rhap-rep2-X/regulons_10_TF.tsv vs 10x-rep1-kallisto-cellbender-X/regulons_10_TF.tsv	bd-rhap-rep2-X/regulons_10_TF.tsv	10x-rep1-kallisto-cellbender-X/regulons_10_TF.tsv
1617	nk_cells	BTG2	0.05263157894736842	10	10	10	50	bd-rhap-rep2-X/regulons_10_TF.tsv vs 10x-rep1-kallisto-cellbender-X/regulons_10_TF.tsv	bd-rhap-rep2-X/regulons_10_TF.tsv	10x-rep1-kallisto-cellbender-X/regulons_10_TF.tsv
1618	DC	ZEB2	0.1111111111111111	10	10	10	50	bd-rhap-rep2-X/regulons_10_TF.tsv vs 10x-rep1-kallisto-cellbender-X/regulons_10_TF.tsv	bd-rhap-rep2-X/regulons_10_TF.tsv	10x-rep1-kallisto-cellbender-X/regulons_10_TF.tsv
1619	nk_cells	ZEB2	0.1111111111111111	10	10	10	50	bd-rhap-rep2-X/regulons_10_TF.tsv vs 10x-rep1-kallisto-cellbender-X/regulons_10_TF.tsv	bd-rhap-rep2-X/regulons_10_TF.tsv	10x-rep1-kallisto-cellbender-X/regulons_10_TF.tsv
1620	DC	BCL11A	0.42857142857142855	10	10	10	50	bd-rhap-rep2-X/regulons_10_TF.tsv vs 10x-rep1-kallisto-cellbender-X/regulons_10_TF.tsv	bd-rhap-rep2-X/regulons_10_TF.tsv	10x-rep1-kallisto-cellbender-X/regulons_10_TF.tsv
1621	cd8+_tcells	ID2	0.1111111111111111	10	10	10	50	bd-rhap-rep2-X/regulons_10_TF.tsv vs 10x-rep1-kallisto-cellbender-X/regulons_10_TF.tsv	bd-rhap-rep2-X/regulons_10_TF.tsv	10x-rep1-kallisto-cellbender-X/regulons_10_TF.tsv
1622	nk_cells	ETS1	0.1111111111111111	10	10	10	50	bd-rhap-rep2-X/regulons_10_TF.tsv vs 10x-rep1-kallisto-cellbender-X/regulons_10_TF.tsv	bd-rhap-rep2-X/regulons_10_TF.tsv	10x-rep1-kallisto-cellbender-X/regulons_10_TF.tsv
1623	pDC	IRF7	0.17647058823529413	10	10	10	50	bd-rhap-rep2-X/regulons_10_TF.tsv vs 10x-rep1-kallisto-cellbender-X/regulons_10_TF.tsv	bd-rhap-rep2-X/regulons_10_TF.tsv	10x-rep1-kallisto-cellbender-X/regulons_10_TF.tsv
1624	pDC	RUNX2	0.42857142857142855	10	10	10	50	bd-rhap-rep2-X/regulons_10_TF.tsv vs 10x-rep1-kallisto-cellbender-X/regulons_10_TF.tsv	bd-rhap-rep2-X/regulons_10_TF.tsv	10x-rep1-kallisto-cellbender-X/regulons_10_TF.tsv
1625	nk_cells	TFDP2	0.25	10	10	10	50	bd-rhap-rep2-X/regulons_10_TF.tsv vs 10x-rep1-kallisto-cellbender-X/regulons_10_TF.tsv	bd-rhap-rep2-X/regulons_10_TF.tsv	10x-rep1-kallisto-cellbender-X/regulons_10_TF.tsv
1626	pDC	IRF8	0.6666666666666666	10	10	10	50	bd-rhap-rep2-X/regulons_10_TF.tsv vs 10x-rep1-kallisto-cellbender-X/regulons_10_TF.tsv	bd-rhap-rep2-X/regulons_10_TF.tsv	10x-rep1-kallisto-cellbender-X/regulons_10_TF.tsv
1627	DC	MAX	0.0	10	10	10	50	bd-rhap-rep2-X/regulons_10_TF.tsv vs 10x-rep1-kallisto-cellbender-X/regulons_10_TF.tsv	bd-rhap-rep2-X/regulons_10_TF.tsv	10x-rep1-kallisto-cellbender-X/regulons_10_TF.tsv
1628	cd4+_tcells	BTG2	0.17647058823529413	10	10	10	50	bd-rhap-rep2-X/regulons_10_TF.tsv vs 10x-rep1-kallisto-cellbender-X/regulons_10_TF.tsv	bd-rhap-rep2-X/regulons_10_TF.tsv	10x-rep1-kallisto-cellbender-X/regulons_10_TF.tsv
1629	cd8+_tcells	BTG2	0.05263157894736842	10	10	10	50	bd-rhap-rep2-X/regulons_10_TF.tsv vs 10x-rep1-kallisto-cellbender-X/regulons_10_TF.tsv	bd-rhap-rep2-X/regulons_10_TF.tsv	10x-rep1-kallisto-cellbender-X/regulons_10_TF.tsv
1630	cd14+_monocytes	SOX4	0.25	10	10	10	50	bd-rhap-rep2-X/regulons_10_TF.tsv vs 10x-rep1-kallisto-cellbender-X/regulons_10_TF.tsv	bd-rhap-rep2-X/regulons_10_TF.tsv	10x-rep1-kallisto-cellbender-X/regulons_10_TF.tsv
1631	cd4+_tcells	BCL11B	0.3333333333333333	10	10	10	50	bd-rhap-rep2-X/regulons_10_TF.tsv vs 10x-rep1-kallisto-cellbender-X/regulons_10_TF.tsv	bd-rhap-rep2-X/regulons_10_TF.tsv	10x-rep1-kallisto-cellbender-X/regulons_10_TF.tsv
1632	nk_cells	MYBL1	0.25	10	10	10	50	bd-rhap-rep2-X/regulons_10_TF.tsv vs 10x-rep1-kallisto-cellbender-X/regulons_10_TF.tsv	bd-rhap-rep2-X/regulons_10_TF.tsv	10x-rep1-kallisto-cellbender-X/regulons_10_TF.tsv
1633	cd14-_monocytes	SOX4	0.25	10	10	10	50	bd-rhap-rep2-X/regulons_10_TF.tsv vs 10x-rep1-kallisto-cellbender-X/regulons_10_TF.tsv	bd-rhap-rep2-X/regulons_10_TF.tsv	10x-rep1-kallisto-cellbender-X/regulons_10_TF.tsv
1634	cd8+_tcells	BCL11B	0.42857142857142855	10	10	10	50	bd-rhap-rep2-X/regulons_10_TF.tsv vs 10x-rep1-kallisto-cellbender-X/regulons_10_TF.tsv	bd-rhap-rep2-X/regulons_10_TF.tsv	10x-rep1-kallisto-cellbender-X/regulons_10_TF.tsv
1635	DC	SOX4	0.1111111111111111	10	10	10	50	bd-rhap-rep2-X/regulons_10_TF.tsv vs 10x-rep1-kallisto-cellbender-X/regulons_10_TF.tsv	bd-rhap-rep2-X/regulons_10_TF.tsv	10x-rep1-kallisto-cellbender-X/regulons_10_TF.tsv
1636	b_cells	IKZF3	0.3333333333333333	10	10	10	50	bd-rhap-rep2-X/regulons_10_TF.tsv vs 10x-rep1-kallisto-cellbender-X/regulons_10_TF.tsv	bd-rhap-rep2-X/regulons_10_TF.tsv	10x-rep1-kallisto-cellbender-X/regulons_10_TF.tsv
1637	pDC	ZEB2	0.17647058823529413	10	10	10	50	bd-rhap-rep2-X/regulons_10_TF.tsv vs 10x-rep1-kallisto-cellbender-X/regulons_10_TF.tsv	bd-rhap-rep2-X/regulons_10_TF.tsv	10x-rep1-kallisto-cellbender-X/regulons_10_TF.tsv
1638	cd4+_tcells	ETS1	0.1111111111111111	10	10	10	50	bd-rhap-rep2-X/regulons_10_TF.tsv vs 10x-rep1-kallisto-cellbender-X/regulons_10_TF.tsv	bd-rhap-rep2-X/regulons_10_TF.tsv	10x-rep1-kallisto-cellbender-X/regulons_10_TF.tsv
1639	nk_cells	RORA	0.25	10	10	10	50	bd-rhap-rep2-X/regulons_10_TF.tsv vs 10x-rep1-kallisto-cellbender-X/regulons_10_TF.tsv	bd-rhap-rep2-X/regulons_10_TF.tsv	10x-rep1-kallisto-cellbender-X/regulons_10_TF.tsv
1640	pDC	BTG2	0.05263157894736842	10	10	10	50	bd-rhap-rep2-X/regulons_10_TF.tsv vs 10x-rep1-kallisto-cellbender-X/regulons_10_TF.tsv	bd-rhap-rep2-X/regulons_10_TF.tsv	10x-rep1-kallisto-cellbender-X/regulons_10_TF.tsv
1641	b_cells	IRF8	0.17647058823529413	10	10	10	50	bd-rhap-rep2-X/regulons_10_TF.tsv vs 10x-rep1-kallisto-cellbender-X/regulons_10_TF.tsv	bd-rhap-rep2-X/regulons_10_TF.tsv	10x-rep1-kallisto-cellbender-X/regulons_10_TF.tsv
1642	cd8+_tcells	TCF7	0.25	10	10	10	50	bd-rhap-rep2-X/regulons_10_TF.tsv vs 10x-rep1-kallisto-cellbender-X/regulons_10_TF.tsv	bd-rhap-rep2-X/regulons_10_TF.tsv	10x-rep1-kallisto-cellbender-X/regulons_10_TF.tsv
1643	cd4+_tcells	TCF7	0.1111111111111111	10	10	10	50	bd-rhap-rep2-X/regulons_10_TF.tsv vs 10x-rep1-kallisto-cellbender-X/regulons_10_TF.tsv	bd-rhap-rep2-X/regulons_10_TF.tsv	10x-rep1-kallisto-cellbender-X/regulons_10_TF.tsv
1644	pDC	BCL11A	0.5384615384615384	10	10	10	50	bd-rhap-rep2-X/regulons_10_TF.tsv vs 10x-rep1-kallisto-cellbender-X/regulons_10_TF.tsv	bd-rhap-rep2-X/regulons_10_TF.tsv	10x-rep1-kallisto-cellbender-X/regulons_10_TF.tsv
1645	b_cells	SP140	0.3333333333333333	10	10	10	50	bd-rhap-rep2-X/regulons_10_TF.tsv vs 10x-rep1-kallisto-cellbender-X/regulons_10_TF.tsv	bd-rhap-rep2-X/regulons_10_TF.tsv	10x-rep1-kallisto-cellbender-X/regulons_10_TF.tsv
1646	cd14-_monocytes	RUNX3	0.17647058823529413	10	10	10	50	bd-rhap-rep2-X/regulons_10_TF.tsv vs 10x-rep1-kallisto-cellbender-X/regulons_10_TF.tsv	bd-rhap-rep2-X/regulons_10_TF.tsv	10x-rep1-kallisto-cellbender-X/regulons_10_TF.tsv
1647	pDC	TCF4	0.5384615384615384	10	10	10	50	bd-rhap-rep2-X/regulons_10_TF.tsv vs 10x-rep1-kallisto-cellbender-X/regulons_10_TF.tsv	bd-rhap-rep2-X/regulons_10_TF.tsv	10x-rep1-kallisto-cellbender-X/regulons_10_TF.tsv
1648	nk_cells	RUNX3	0.05263157894736842	10	10	10	50	bd-rhap-rep2-X/regulons_10_TF.tsv vs 10x-rep1-kallisto-cellbender-X/regulons_10_TF.tsv	bd-rhap-rep2-X/regulons_10_TF.tsv	10x-rep1-kallisto-cellbender-X/regulons_10_TF.tsv
1649	cd14+_monocytes	IRF8	0.25	10	10	10	50	bd-rhap-rep2-X/regulons_10_TF.tsv vs 10x-rep1-kallisto-cellbender-X/regulons_10_TF.tsv	bd-rhap-rep2-X/regulons_10_TF.tsv	10x-rep1-kallisto-cellbender-X/regulons_10_TF.tsv
1650	nk_cells	HOPX	0.25	10	10	10	50	bd-rhap-rep2-X/regulons_10_TF.tsv vs 10x-rep1-kallisto-cellbender-X/regulons_10_TF.tsv	bd-rhap-rep2-X/regulons_10_TF.tsv	10x-rep1-kallisto-cellbender-X/regulons_10_TF.tsv
1651	pDC	ETS1	0.1111111111111111	10	10	10	50	bd-rhap-rep2-X/regulons_10_TF.tsv vs 10x-rep1-kallisto-cellbender-X/regulons_10_TF.tsv	bd-rhap-rep2-X/regulons_10_TF.tsv	10x-rep1-kallisto-cellbender-X/regulons_10_TF.tsv
1652	cd14-_monocytes	NR4A1	0.05263157894736842	10	10	10	50	bd-rhap-rep2-X/regulons_10_TF.tsv vs 10x-rep1-kallisto-cellbender-X/regulons_10_TF.tsv	bd-rhap-rep2-X/regulons_10_TF.tsv	10x-rep1-kallisto-cellbender-X/regulons_10_TF.tsv
1653	DC	NR4A1	0.05263157894736842	10	10	10	50	bd-rhap-rep2-X/regulons_10_TF.tsv vs 10x-rep1-kallisto-cellbender-X/regulons_10_TF.tsv	bd-rhap-rep2-X/regulons_10_TF.tsv	10x-rep1-kallisto-cellbender-X/regulons_10_TF.tsv
1654	cd14+_monocytes	EGR1	0.1111111111111111	10	10	10	50	bd-rhap-rep2-X/regulons_10_TF.tsv vs 10x-rep1-kallisto-cellbender-X/regulons_10_TF.tsv	bd-rhap-rep2-X/regulons_10_TF.tsv	10x-rep1-kallisto-cellbender-X/regulons_10_TF.tsv
1655	cd14+_monocytes	ID2	0.0	10	10	10	50	bd-rhap-rep2-X/regulons_10_TF.tsv vs 10x-rep1-kallisto-cellbender-X/regulons_10_TF.tsv	bd-rhap-rep2-X/regulons_10_TF.tsv	10x-rep1-kallisto-cellbender-X/regulons_10_TF.tsv
1656	DC	IRF7	0.1111111111111111	10	10	10	50	bd-rhap-rep2-X/regulons_10_TF.tsv vs 10x-rep1-kallisto-cellbender-X/regulons_10_TF.tsv	bd-rhap-rep2-X/regulons_10_TF.tsv	10x-rep1-kallisto-cellbender-X/regulons_10_TF.tsv
1657	b_cells	BTG2	0.1111111111111111	10	10	10	50	bd-rhap-rep2-X/regulons_10_TF.tsv vs 10x-rep1-kallisto-cellbender-X/regulons_10_TF.tsv	bd-rhap-rep2-X/regulons_10_TF.tsv	10x-rep1-kallisto-cellbender-X/regulons_10_TF.tsv
1658	cd14-_monocytes	TCF7L2	0.1111111111111111	10	10	10	50	bd-rhap-rep2-X/regulons_10_TF.tsv vs 10x-rep1-kallisto-cellbender-X/regulons_10_TF.tsv	bd-rhap-rep2-X/regulons_10_TF.tsv	10x-rep1-kallisto-cellbender-X/regulons_10_TF.tsv
1659	b_cells	BCL11A	0.42857142857142855	10	10	10	50	bd-rhap-rep2-X/regulons_10_TF.tsv vs 10x-rep1-kallisto-cellbender-X/regulons_10_TF.tsv	bd-rhap-rep2-X/regulons_10_TF.tsv	10x-rep1-kallisto-cellbender-X/regulons_10_TF.tsv
1660	cd14-_monocytes	ID2	0.0	10	10	10	50	bd-rhap-rep2-X/regulons_10_TF.tsv vs 10x-rep1-kallisto-cellbender-X/regulons_10_TF.tsv	bd-rhap-rep2-X/regulons_10_TF.tsv	10x-rep1-kallisto-cellbender-X/regulons_10_TF.tsv
1661	DC	IRF8	0.25	10	10	10	50	bd-rhap-rep2-X/regulons_10_TF.tsv vs 10x-rep1-kallisto-cellbender-X/regulons_10_TF.tsv	bd-rhap-rep2-X/regulons_10_TF.tsv	10x-rep1-kallisto-cellbender-X/regulons_10_TF.tsv
1662	cd4+_tcells	LEF1	0.1111111111111111	10	10	10	50	bd-rhap-rep2-X/regulons_10_TF.tsv vs 10x-rep1-kallisto-cellbender-X/regulons_10_TF.tsv	bd-rhap-rep2-X/regulons_10_TF.tsv	10x-rep1-kallisto-cellbender-X/regulons_10_TF.tsv
1663	nk_cells	ID2	0.17647058823529413	10	10	10	50	bd-rhap-rep2-X/regulons_10_TF.tsv vs 10x-rep1-kallisto-cellbender-X/regulons_10_TF.tsv	bd-rhap-rep2-X/regulons_10_TF.tsv	10x-rep1-kallisto-cellbender-X/regulons_10_TF.tsv
1664	cd4+_tcells	RORA	0.17647058823529413	10	10	10	50	bd-rhap-rep2-X/regulons_10_TF.tsv vs 10x-rep1-kallisto-cellbender-X/regulons_10_TF.tsv	bd-rhap-rep2-X/regulons_10_TF.tsv	10x-rep1-kallisto-cellbender-X/regulons_10_TF.tsv
1665	DC	ID2	0.05263157894736842	10	10	10	50	bd-rhap-rep2-X/regulons_10_TF.tsv vs 10x-rep1-kallisto-cellbender-X/regulons_10_TF.tsv	bd-rhap-rep2-X/regulons_10_TF.tsv	10x-rep1-kallisto-cellbender-X/regulons_10_TF.tsv
1666	cd14+_monocytes	ZEB2	0.1111111111111111	10	10	10	50	bd-rhap-rep2-X/regulons_10_TF.tsv vs 10x-rep1-kallisto-cellbender-X/regulons_10_TF.tsv	bd-rhap-rep2-X/regulons_10_TF.tsv	10x-rep1-kallisto-cellbender-X/regulons_10_TF.tsv
1667	b_cells	ETS1	0.1111111111111111	10	10	10	50	bd-rhap-rep2-X/regulons_10_TF.tsv vs 10x-rep1-kallisto-cellbender-X/regulons_10_TF.tsv	bd-rhap-rep2-X/regulons_10_TF.tsv	10x-rep1-kallisto-cellbender-X/regulons_10_TF.tsv
1668	pDC	SOX4	0.3333333333333333	10	10	10	50	bd-rhap-rep2-X/regulons_10_TF.tsv vs 10x-rep1-kallisto-cellbender-X/regulons_10_TF.tsv	bd-rhap-rep2-X/regulons_10_TF.tsv	10x-rep1-kallisto-cellbender-X/regulons_10_TF.tsv
1669	cd14+_monocytes	BTG2	0.17647058823529413	10	10	10	50	bd-rhap-rep2-X/regulons_10_TF.tsv vs 10x-rep1-kallisto-cellbender-X/regulons_10_TF.tsv	bd-rhap-rep2-X/regulons_10_TF.tsv	10x-rep1-kallisto-cellbender-X/regulons_10_TF.tsv
1670	b_cells	TCF4	0.42857142857142855	10	10	10	50	bd-rhap-rep2-X/regulons_10_TF.tsv vs 10x-rep1-kallisto-cellbender-X/regulons_10_TF.tsv	bd-rhap-rep2-X/regulons_10_TF.tsv	10x-rep1-kallisto-cellbender-X/regulons_10_TF.tsv
1671	cd14-_monocytes	ZEB2	0.1111111111111111	10	10	10	50	bd-rhap-rep2-X/regulons_10_TF.tsv vs 10x-rep1-kallisto-cellbender-X/regulons_10_TF.tsv	bd-rhap-rep2-X/regulons_10_TF.tsv	10x-rep1-kallisto-cellbender-X/regulons_10_TF.tsv
1672	cd14-_monocytes	BTG2	0.25	20	20	20	50	bd-rhap-rep1-X/regulons_20_TF.tsv vs bd-rhap-rep2-X/regulons_20_TF.tsv	bd-rhap-rep1-X/regulons_20_TF.tsv	bd-rhap-rep2-X/regulons_20_TF.tsv
1673	cd8+_tcells	HOPX	0.25	20	20	20	50	bd-rhap-rep1-X/regulons_20_TF.tsv vs bd-rhap-rep2-X/regulons_20_TF.tsv	bd-rhap-rep1-X/regulons_20_TF.tsv	bd-rhap-rep2-X/regulons_20_TF.tsv
1674	nk_cells	RUNX1	0.3333333333333333	20	20	20	50	bd-rhap-rep1-X/regulons_20_TF.tsv vs bd-rhap-rep2-X/regulons_20_TF.tsv	bd-rhap-rep1-X/regulons_20_TF.tsv	bd-rhap-rep2-X/regulons_20_TF.tsv
1675	pDC	FOXP1	0.3333333333333333	20	20	20	50	bd-rhap-rep1-X/regulons_20_TF.tsv vs bd-rhap-rep2-X/regulons_20_TF.tsv	bd-rhap-rep1-X/regulons_20_TF.tsv	bd-rhap-rep2-X/regulons_20_TF.tsv
1676	nk_cells	TBX21	0.25	20	20	20	50	bd-rhap-rep1-X/regulons_20_TF.tsv vs bd-rhap-rep2-X/regulons_20_TF.tsv	bd-rhap-rep1-X/regulons_20_TF.tsv	bd-rhap-rep2-X/regulons_20_TF.tsv
1677	nk_cells	STAT4	0.17647058823529413	20	20	20	50	bd-rhap-rep1-X/regulons_20_TF.tsv vs bd-rhap-rep2-X/regulons_20_TF.tsv	bd-rhap-rep1-X/regulons_20_TF.tsv	bd-rhap-rep2-X/regulons_20_TF.tsv
1678	cd8+_tcells	ID2	0.3333333333333333	20	20	20	50	bd-rhap-rep1-X/regulons_20_TF.tsv vs bd-rhap-rep2-X/regulons_20_TF.tsv	bd-rhap-rep1-X/regulons_20_TF.tsv	bd-rhap-rep2-X/regulons_20_TF.tsv
1679	cd4+_tcells	ARID5B	0.3793103448275862	20	20	20	50	bd-rhap-rep1-X/regulons_20_TF.tsv vs bd-rhap-rep2-X/regulons_20_TF.tsv	bd-rhap-rep1-X/regulons_20_TF.tsv	bd-rhap-rep2-X/regulons_20_TF.tsv
1680	nk_cells	KAT6B	0.3793103448275862	20	20	20	50	bd-rhap-rep1-X/regulons_20_TF.tsv vs bd-rhap-rep2-X/regulons_20_TF.tsv	bd-rhap-rep1-X/regulons_20_TF.tsv	bd-rhap-rep2-X/regulons_20_TF.tsv
1681	DC	KAT6B	0.21212121212121213	20	20	20	50	bd-rhap-rep1-X/regulons_20_TF.tsv vs bd-rhap-rep2-X/regulons_20_TF.tsv	bd-rhap-rep1-X/regulons_20_TF.tsv	bd-rhap-rep2-X/regulons_20_TF.tsv
1682	b_cells	BACH2	0.42857142857142855	20	20	20	50	bd-rhap-rep1-X/regulons_20_TF.tsv vs bd-rhap-rep2-X/regulons_20_TF.tsv	bd-rhap-rep1-X/regulons_20_TF.tsv	bd-rhap-rep2-X/regulons_20_TF.tsv
1683	pDC	IRF8	0.8181818181818182	20	20	20	50	bd-rhap-rep1-X/regulons_20_TF.tsv vs bd-rhap-rep2-X/regulons_20_TF.tsv	bd-rhap-rep1-X/regulons_20_TF.tsv	bd-rhap-rep2-X/regulons_20_TF.tsv
1684	nk_cells	NFATC2	0.48148148148148145	20	20	20	50	bd-rhap-rep1-X/regulons_20_TF.tsv vs bd-rhap-rep2-X/regulons_20_TF.tsv	bd-rhap-rep1-X/regulons_20_TF.tsv	bd-rhap-rep2-X/regulons_20_TF.tsv
1685	cd14-_monocytes	HDAC9	0.3333333333333333	20	20	20	50	bd-rhap-rep1-X/regulons_20_TF.tsv vs bd-rhap-rep2-X/regulons_20_TF.tsv	bd-rhap-rep1-X/regulons_20_TF.tsv	bd-rhap-rep2-X/regulons_20_TF.tsv
1686	b_cells	ZBTB20	0.48148148148148145	20	20	20	50	bd-rhap-rep1-X/regulons_20_TF.tsv vs bd-rhap-rep2-X/regulons_20_TF.tsv	bd-rhap-rep1-X/regulons_20_TF.tsv	bd-rhap-rep2-X/regulons_20_TF.tsv
1687	cd4+_tcells	RUNX1	0.14285714285714285	20	20	20	50	bd-rhap-rep1-X/regulons_20_TF.tsv vs bd-rhap-rep2-X/regulons_20_TF.tsv	bd-rhap-rep1-X/regulons_20_TF.tsv	bd-rhap-rep2-X/regulons_20_TF.tsv
1688	cd8+_tcells	MAF	0.48148148148148145	20	20	20	50	bd-rhap-rep1-X/regulons_20_TF.tsv vs bd-rhap-rep2-X/regulons_20_TF.tsv	bd-rhap-rep1-X/regulons_20_TF.tsv	bd-rhap-rep2-X/regulons_20_TF.tsv
1689	DC	HIVEP2	0.48148148148148145	20	20	20	50	bd-rhap-rep1-X/regulons_20_TF.tsv vs bd-rhap-rep2-X/regulons_20_TF.tsv	bd-rhap-rep1-X/regulons_20_TF.tsv	bd-rhap-rep2-X/regulons_20_TF.tsv
1690	cd14-_monocytes	SOX4	0.3333333333333333	20	20	20	50	bd-rhap-rep1-X/regulons_20_TF.tsv vs bd-rhap-rep2-X/regulons_20_TF.tsv	bd-rhap-rep1-X/regulons_20_TF.tsv	bd-rhap-rep2-X/regulons_20_TF.tsv
1691	cd4+_tcells	KLF12	0.48148148148148145	20	20	20	50	bd-rhap-rep1-X/regulons_20_TF.tsv vs bd-rhap-rep2-X/regulons_20_TF.tsv	bd-rhap-rep1-X/regulons_20_TF.tsv	bd-rhap-rep2-X/regulons_20_TF.tsv
1692	cd14+_monocytes	FOXP1	0.3793103448275862	20	20	20	50	bd-rhap-rep1-X/regulons_20_TF.tsv vs bd-rhap-rep2-X/regulons_20_TF.tsv	bd-rhap-rep1-X/regulons_20_TF.tsv	bd-rhap-rep2-X/regulons_20_TF.tsv
1693	cd4+_tcells	FOXO1	0.2903225806451613	20	20	20	50	bd-rhap-rep1-X/regulons_20_TF.tsv vs bd-rhap-rep2-X/regulons_20_TF.tsv	bd-rhap-rep1-X/regulons_20_TF.tsv	bd-rhap-rep2-X/regulons_20_TF.tsv
1694	cd4+_tcells	ETS1	0.6666666666666666	20	20	20	50	bd-rhap-rep1-X/regulons_20_TF.tsv vs bd-rhap-rep2-X/regulons_20_TF.tsv	bd-rhap-rep1-X/regulons_20_TF.tsv	bd-rhap-rep2-X/regulons_20_TF.tsv
1695	cd8+_tcells	KLF12	0.6	20	20	20	50	bd-rhap-rep1-X/regulons_20_TF.tsv vs bd-rhap-rep2-X/regulons_20_TF.tsv	bd-rhap-rep1-X/regulons_20_TF.tsv	bd-rhap-rep2-X/regulons_20_TF.tsv
1696	b_cells	IRF8	0.48148148148148145	20	20	20	50	bd-rhap-rep1-X/regulons_20_TF.tsv vs bd-rhap-rep2-X/regulons_20_TF.tsv	bd-rhap-rep1-X/regulons_20_TF.tsv	bd-rhap-rep2-X/regulons_20_TF.tsv
1697	cd8+_tcells	ETS1	0.6666666666666666	20	20	20	50	bd-rhap-rep1-X/regulons_20_TF.tsv vs bd-rhap-rep2-X/regulons_20_TF.tsv	bd-rhap-rep1-X/regulons_20_TF.tsv	bd-rhap-rep2-X/regulons_20_TF.tsv
1698	cd4+_tcells	MAX	0.2903225806451613	20	20	20	50	bd-rhap-rep1-X/regulons_20_TF.tsv vs bd-rhap-rep2-X/regulons_20_TF.tsv	bd-rhap-rep1-X/regulons_20_TF.tsv	bd-rhap-rep2-X/regulons_20_TF.tsv
1699	cd4+_tcells	TCF7	0.48148148148148145	20	20	20	50	bd-rhap-rep1-X/regulons_20_TF.tsv vs bd-rhap-rep2-X/regulons_20_TF.tsv	bd-rhap-rep1-X/regulons_20_TF.tsv	bd-rhap-rep2-X/regulons_20_TF.tsv
1700	pDC	RUNX1	0.3793103448275862	20	20	20	50	bd-rhap-rep1-X/regulons_20_TF.tsv vs bd-rhap-rep2-X/regulons_20_TF.tsv	bd-rhap-rep1-X/regulons_20_TF.tsv	bd-rhap-rep2-X/regulons_20_TF.tsv
1701	pDC	DACH1	0.17647058823529413	20	20	20	50	bd-rhap-rep1-X/regulons_20_TF.tsv vs bd-rhap-rep2-X/regulons_20_TF.tsv	bd-rhap-rep1-X/regulons_20_TF.tsv	bd-rhap-rep2-X/regulons_20_TF.tsv
1702	cd14+_monocytes	NFAT5	0.2903225806451613	20	20	20	50	bd-rhap-rep1-X/regulons_20_TF.tsv vs bd-rhap-rep2-X/regulons_20_TF.tsv	bd-rhap-rep1-X/regulons_20_TF.tsv	bd-rhap-rep2-X/regulons_20_TF.tsv
1703	b_cells	ARID5B	0.3793103448275862	20	20	20	50	bd-rhap-rep1-X/regulons_20_TF.tsv vs bd-rhap-rep2-X/regulons_20_TF.tsv	bd-rhap-rep1-X/regulons_20_TF.tsv	bd-rhap-rep2-X/regulons_20_TF.tsv
1704	DC	ZBTB20	0.42857142857142855	20	20	20	50	bd-rhap-rep1-X/regulons_20_TF.tsv vs bd-rhap-rep2-X/regulons_20_TF.tsv	bd-rhap-rep1-X/regulons_20_TF.tsv	bd-rhap-rep2-X/regulons_20_TF.tsv
1705	cd8+_tcells	MYBL1	0.3793103448275862	20	20	20	50	bd-rhap-rep1-X/regulons_20_TF.tsv vs bd-rhap-rep2-X/regulons_20_TF.tsv	bd-rhap-rep1-X/regulons_20_TF.tsv	bd-rhap-rep2-X/regulons_20_TF.tsv
1706	b_cells	HIPK2	0.06451612903225806	20	13	20	50	bd-rhap-rep1-X/regulons_20_TF.tsv vs bd-rhap-rep2-X/regulons_20_TF.tsv	bd-rhap-rep1-X/regulons_20_TF.tsv	bd-rhap-rep2-X/regulons_20_TF.tsv
1707	cd14+_monocytes	IRF8	0.3333333333333333	20	20	20	50	bd-rhap-rep1-X/regulons_20_TF.tsv vs bd-rhap-rep2-X/regulons_20_TF.tsv	bd-rhap-rep1-X/regulons_20_TF.tsv	bd-rhap-rep2-X/regulons_20_TF.tsv
1708	nk_cells	NFAT5	0.2903225806451613	20	20	20	50	bd-rhap-rep1-X/regulons_20_TF.tsv vs bd-rhap-rep2-X/regulons_20_TF.tsv	bd-rhap-rep1-X/regulons_20_TF.tsv	bd-rhap-rep2-X/regulons_20_TF.tsv
1709	pDC	MAX	0.08108108108108109	20	20	20	50	bd-rhap-rep1-X/regulons_20_TF.tsv vs bd-rhap-rep2-X/regulons_20_TF.tsv	bd-rhap-rep1-X/regulons_20_TF.tsv	bd-rhap-rep2-X/regulons_20_TF.tsv
1710	DC	NFAT5	0.1111111111111111	20	20	20	50	bd-rhap-rep1-X/regulons_20_TF.tsv vs bd-rhap-rep2-X/regulons_20_TF.tsv	bd-rhap-rep1-X/regulons_20_TF.tsv	bd-rhap-rep2-X/regulons_20_TF.tsv
1711	DC	NR4A1	0.3333333333333333	20	20	20	50	bd-rhap-rep1-X/regulons_20_TF.tsv vs bd-rhap-rep2-X/regulons_20_TF.tsv	bd-rhap-rep1-X/regulons_20_TF.tsv	bd-rhap-rep2-X/regulons_20_TF.tsv
1712	cd14-_monocytes	TCF7L2	0.42857142857142855	20	20	20	50	bd-rhap-rep1-X/regulons_20_TF.tsv vs bd-rhap-rep2-X/regulons_20_TF.tsv	bd-rhap-rep1-X/regulons_20_TF.tsv	bd-rhap-rep2-X/regulons_20_TF.tsv
1713	DC	IRF8	0.6	20	20	20	50	bd-rhap-rep1-X/regulons_20_TF.tsv vs bd-rhap-rep2-X/regulons_20_TF.tsv	bd-rhap-rep1-X/regulons_20_TF.tsv	bd-rhap-rep2-X/regulons_20_TF.tsv
1714	cd4+_tcells	TRERF1	0.25	20	20	20	50	bd-rhap-rep1-X/regulons_20_TF.tsv vs bd-rhap-rep2-X/regulons_20_TF.tsv	bd-rhap-rep1-X/regulons_20_TF.tsv	bd-rhap-rep2-X/regulons_20_TF.tsv
1715	b_cells	ETS1	0.5384615384615384	20	20	20	50	bd-rhap-rep1-X/regulons_20_TF.tsv vs bd-rhap-rep2-X/regulons_20_TF.tsv	bd-rhap-rep1-X/regulons_20_TF.tsv	bd-rhap-rep2-X/regulons_20_TF.tsv
1716	nk_cells	HIPK2	0.2903225806451613	20	20	20	50	bd-rhap-rep1-X/regulons_20_TF.tsv vs bd-rhap-rep2-X/regulons_20_TF.tsv	bd-rhap-rep1-X/regulons_20_TF.tsv	bd-rhap-rep2-X/regulons_20_TF.tsv
1717	cd14-_monocytes	NFATC3	0.3793103448275862	20	20	20	50	bd-rhap-rep1-X/regulons_20_TF.tsv vs bd-rhap-rep2-X/regulons_20_TF.tsv	bd-rhap-rep1-X/regulons_20_TF.tsv	bd-rhap-rep2-X/regulons_20_TF.tsv
1718	cd14-_monocytes	ZEB2	0.3793103448275862	20	20	20	50	bd-rhap-rep1-X/regulons_20_TF.tsv vs bd-rhap-rep2-X/regulons_20_TF.tsv	bd-rhap-rep1-X/regulons_20_TF.tsv	bd-rhap-rep2-X/regulons_20_TF.tsv
1719	DC	HIPK2	0.17647058823529413	20	20	20	50	bd-rhap-rep1-X/regulons_20_TF.tsv vs bd-rhap-rep2-X/regulons_20_TF.tsv	bd-rhap-rep1-X/regulons_20_TF.tsv	bd-rhap-rep2-X/regulons_20_TF.tsv
1720	cd14+_monocytes	RUNX1	0.48148148148148145	20	20	20	50	bd-rhap-rep1-X/regulons_20_TF.tsv vs bd-rhap-rep2-X/regulons_20_TF.tsv	bd-rhap-rep1-X/regulons_20_TF.tsv	bd-rhap-rep2-X/regulons_20_TF.tsv
1721	cd8+_tcells	RUNX3	0.6	20	20	20	50	bd-rhap-rep1-X/regulons_20_TF.tsv vs bd-rhap-rep2-X/regulons_20_TF.tsv	bd-rhap-rep1-X/regulons_20_TF.tsv	bd-rhap-rep2-X/regulons_20_TF.tsv
1722	cd4+_tcells	GATA3	0.3333333333333333	20	20	20	50	bd-rhap-rep1-X/regulons_20_TF.tsv vs bd-rhap-rep2-X/regulons_20_TF.tsv	bd-rhap-rep1-X/regulons_20_TF.tsv	bd-rhap-rep2-X/regulons_20_TF.tsv
1723	cd4+_tcells	TCF12	0.06060606060606061	20	15	20	50	bd-rhap-rep1-X/regulons_20_TF.tsv vs bd-rhap-rep2-X/regulons_20_TF.tsv	bd-rhap-rep1-X/regulons_20_TF.tsv	bd-rhap-rep2-X/regulons_20_TF.tsv
1724	b_cells	MAX	0.21212121212121213	20	20	20	50	bd-rhap-rep1-X/regulons_20_TF.tsv vs bd-rhap-rep2-X/regulons_20_TF.tsv	bd-rhap-rep1-X/regulons_20_TF.tsv	bd-rhap-rep2-X/regulons_20_TF.tsv
1725	cd4+_tcells	IKZF3	0.5384615384615384	20	20	20	50	bd-rhap-rep1-X/regulons_20_TF.tsv vs bd-rhap-rep2-X/regulons_20_TF.tsv	bd-rhap-rep1-X/regulons_20_TF.tsv	bd-rhap-rep2-X/regulons_20_TF.tsv
1726	pDC	TRERF1	0.17647058823529413	20	20	20	50	bd-rhap-rep1-X/regulons_20_TF.tsv vs bd-rhap-rep2-X/regulons_20_TF.tsv	bd-rhap-rep1-X/regulons_20_TF.tsv	bd-rhap-rep2-X/regulons_20_TF.tsv
1727	DC	RUNX1	0.3333333333333333	20	20	20	50	bd-rhap-rep1-X/regulons_20_TF.tsv vs bd-rhap-rep2-X/regulons_20_TF.tsv	bd-rhap-rep1-X/regulons_20_TF.tsv	bd-rhap-rep2-X/regulons_20_TF.tsv
1728	cd14+_monocytes	MAX	0.25	20	20	20	50	bd-rhap-rep1-X/regulons_20_TF.tsv vs bd-rhap-rep2-X/regulons_20_TF.tsv	bd-rhap-rep1-X/regulons_20_TF.tsv	bd-rhap-rep2-X/regulons_20_TF.tsv
1729	pDC	ZBTB20	0.21212121212121213	20	20	20	50	bd-rhap-rep1-X/regulons_20_TF.tsv vs bd-rhap-rep2-X/regulons_20_TF.tsv	bd-rhap-rep1-X/regulons_20_TF.tsv	bd-rhap-rep2-X/regulons_20_TF.tsv
1730	nk_cells	KLF12	0.6	20	20	20	50	bd-rhap-rep1-X/regulons_20_TF.tsv vs bd-rhap-rep2-X/regulons_20_TF.tsv	bd-rhap-rep1-X/regulons_20_TF.tsv	bd-rhap-rep2-X/regulons_20_TF.tsv
1731	pDC	SETBP1	0.25	20	20	20	50	bd-rhap-rep1-X/regulons_20_TF.tsv vs bd-rhap-rep2-X/regulons_20_TF.tsv	bd-rhap-rep1-X/regulons_20_TF.tsv	bd-rhap-rep2-X/regulons_20_TF.tsv
1732	cd4+_tcells	ID2	0.25	20	20	20	50	bd-rhap-rep1-X/regulons_20_TF.tsv vs bd-rhap-rep2-X/regulons_20_TF.tsv	bd-rhap-rep1-X/regulons_20_TF.tsv	bd-rhap-rep2-X/regulons_20_TF.tsv
1733	nk_cells	ETS1	0.8181818181818182	20	20	20	50	bd-rhap-rep1-X/regulons_20_TF.tsv vs bd-rhap-rep2-X/regulons_20_TF.tsv	bd-rhap-rep1-X/regulons_20_TF.tsv	bd-rhap-rep2-X/regulons_20_TF.tsv
1734	pDC	IRF7	0.3793103448275862	20	20	20	50	bd-rhap-rep1-X/regulons_20_TF.tsv vs bd-rhap-rep2-X/regulons_20_TF.tsv	bd-rhap-rep1-X/regulons_20_TF.tsv	bd-rhap-rep2-X/regulons_20_TF.tsv
1735	pDC	NFAT5	0.1111111111111111	20	20	20	50	bd-rhap-rep1-X/regulons_20_TF.tsv vs bd-rhap-rep2-X/regulons_20_TF.tsv	bd-rhap-rep1-X/regulons_20_TF.tsv	bd-rhap-rep2-X/regulons_20_TF.tsv
1736	nk_cells	MAX	0.05263157894736842	20	20	20	50	bd-rhap-rep1-X/regulons_20_TF.tsv vs bd-rhap-rep2-X/regulons_20_TF.tsv	bd-rhap-rep1-X/regulons_20_TF.tsv	bd-rhap-rep2-X/regulons_20_TF.tsv
1737	cd8+_tcells	ZEB2	0.3793103448275862	20	20	20	50	bd-rhap-rep1-X/regulons_20_TF.tsv vs bd-rhap-rep2-X/regulons_20_TF.tsv	bd-rhap-rep1-X/regulons_20_TF.tsv	bd-rhap-rep2-X/regulons_20_TF.tsv
1738	nk_cells	TFDP2	0.48148148148148145	20	20	20	50	bd-rhap-rep1-X/regulons_20_TF.tsv vs bd-rhap-rep2-X/regulons_20_TF.tsv	bd-rhap-rep1-X/regulons_20_TF.tsv	bd-rhap-rep2-X/regulons_20_TF.tsv
1739	DC	MAX	0.05263157894736842	20	20	20	50	bd-rhap-rep1-X/regulons_20_TF.tsv vs bd-rhap-rep2-X/regulons_20_TF.tsv	bd-rhap-rep1-X/regulons_20_TF.tsv	bd-rhap-rep2-X/regulons_20_TF.tsv
1740	cd14+_monocytes	TRPS1	0.5384615384615384	20	20	20	50	bd-rhap-rep1-X/regulons_20_TF.tsv vs bd-rhap-rep2-X/regulons_20_TF.tsv	bd-rhap-rep1-X/regulons_20_TF.tsv	bd-rhap-rep2-X/regulons_20_TF.tsv
1741	cd4+_tcells	BTG2	0.3793103448275862	20	20	20	50	bd-rhap-rep1-X/regulons_20_TF.tsv vs bd-rhap-rep2-X/regulons_20_TF.tsv	bd-rhap-rep1-X/regulons_20_TF.tsv	bd-rhap-rep2-X/regulons_20_TF.tsv
1742	cd8+_tcells	BTG2	0.3333333333333333	20	20	20	50	bd-rhap-rep1-X/regulons_20_TF.tsv vs bd-rhap-rep2-X/regulons_20_TF.tsv	bd-rhap-rep1-X/regulons_20_TF.tsv	bd-rhap-rep2-X/regulons_20_TF.tsv
1743	DC	NFATC2	0.2903225806451613	20	20	20	50	bd-rhap-rep1-X/regulons_20_TF.tsv vs bd-rhap-rep2-X/regulons_20_TF.tsv	bd-rhap-rep1-X/regulons_20_TF.tsv	bd-rhap-rep2-X/regulons_20_TF.tsv
1744	cd4+_tcells	MAF	0.3793103448275862	20	20	20	50	bd-rhap-rep1-X/regulons_20_TF.tsv vs bd-rhap-rep2-X/regulons_20_TF.tsv	bd-rhap-rep1-X/regulons_20_TF.tsv	bd-rhap-rep2-X/regulons_20_TF.tsv
1745	b_cells	SETBP1	0.25	20	20	20	50	bd-rhap-rep1-X/regulons_20_TF.tsv vs bd-rhap-rep2-X/regulons_20_TF.tsv	bd-rhap-rep1-X/regulons_20_TF.tsv	bd-rhap-rep2-X/regulons_20_TF.tsv
1746	DC	TRPS1	0.42857142857142855	20	20	20	50	bd-rhap-rep1-X/regulons_20_TF.tsv vs bd-rhap-rep2-X/regulons_20_TF.tsv	bd-rhap-rep1-X/regulons_20_TF.tsv	bd-rhap-rep2-X/regulons_20_TF.tsv
1747	b_cells	IKZF3	0.42857142857142855	20	20	20	50	bd-rhap-rep1-X/regulons_20_TF.tsv vs bd-rhap-rep2-X/regulons_20_TF.tsv	bd-rhap-rep1-X/regulons_20_TF.tsv	bd-rhap-rep2-X/regulons_20_TF.tsv
1748	cd8+_tcells	PRDM1	0.3333333333333333	20	20	20	50	bd-rhap-rep1-X/regulons_20_TF.tsv vs bd-rhap-rep2-X/regulons_20_TF.tsv	bd-rhap-rep1-X/regulons_20_TF.tsv	bd-rhap-rep2-X/regulons_20_TF.tsv
1749	cd14-_monocytes	FOXP1	0.2903225806451613	20	20	20	50	bd-rhap-rep1-X/regulons_20_TF.tsv vs bd-rhap-rep2-X/regulons_20_TF.tsv	bd-rhap-rep1-X/regulons_20_TF.tsv	bd-rhap-rep2-X/regulons_20_TF.tsv
1750	cd14+_monocytes	ZBTB20	0.3333333333333333	20	20	20	50	bd-rhap-rep1-X/regulons_20_TF.tsv vs bd-rhap-rep2-X/regulons_20_TF.tsv	bd-rhap-rep1-X/regulons_20_TF.tsv	bd-rhap-rep2-X/regulons_20_TF.tsv
1751	cd8+_tcells	EOMES	0.42857142857142855	20	20	20	50	bd-rhap-rep1-X/regulons_20_TF.tsv vs bd-rhap-rep2-X/regulons_20_TF.tsv	bd-rhap-rep1-X/regulons_20_TF.tsv	bd-rhap-rep2-X/regulons_20_TF.tsv
1752	DC	TRERF1	0.21212121212121213	20	20	20	50	bd-rhap-rep1-X/regulons_20_TF.tsv vs bd-rhap-rep2-X/regulons_20_TF.tsv	bd-rhap-rep1-X/regulons_20_TF.tsv	bd-rhap-rep2-X/regulons_20_TF.tsv
1753	cd14+_monocytes	IRF7	0.2903225806451613	20	20	20	50	bd-rhap-rep1-X/regulons_20_TF.tsv vs bd-rhap-rep2-X/regulons_20_TF.tsv	bd-rhap-rep1-X/regulons_20_TF.tsv	bd-rhap-rep2-X/regulons_20_TF.tsv
1754	cd14-_monocytes	NFAT5	0.25	20	20	20	50	bd-rhap-rep1-X/regulons_20_TF.tsv vs bd-rhap-rep2-X/regulons_20_TF.tsv	bd-rhap-rep1-X/regulons_20_TF.tsv	bd-rhap-rep2-X/regulons_20_TF.tsv
1755	cd14+_monocytes	NR4A1	0.3333333333333333	20	20	20	50	bd-rhap-rep1-X/regulons_20_TF.tsv vs bd-rhap-rep2-X/regulons_20_TF.tsv	bd-rhap-rep1-X/regulons_20_TF.tsv	bd-rhap-rep2-X/regulons_20_TF.tsv
1756	cd14-_monocytes	HES1	0.3793103448275862	20	20	20	50	bd-rhap-rep1-X/regulons_20_TF.tsv vs bd-rhap-rep2-X/regulons_20_TF.tsv	bd-rhap-rep1-X/regulons_20_TF.tsv	bd-rhap-rep2-X/regulons_20_TF.tsv
1757	nk_cells	HOPX	0.3333333333333333	20	20	20	50	bd-rhap-rep1-X/regulons_20_TF.tsv vs bd-rhap-rep2-X/regulons_20_TF.tsv	bd-rhap-rep1-X/regulons_20_TF.tsv	bd-rhap-rep2-X/regulons_20_TF.tsv
1758	nk_cells	IKZF3	0.6666666666666666	20	20	20	50	bd-rhap-rep1-X/regulons_20_TF.tsv vs bd-rhap-rep2-X/regulons_20_TF.tsv	bd-rhap-rep1-X/regulons_20_TF.tsv	bd-rhap-rep2-X/regulons_20_TF.tsv
1759	DC	TCF12	0.25	20	20	20	50	bd-rhap-rep1-X/regulons_20_TF.tsv vs bd-rhap-rep2-X/regulons_20_TF.tsv	bd-rhap-rep1-X/regulons_20_TF.tsv	bd-rhap-rep2-X/regulons_20_TF.tsv
1760	pDC	ETS1	0.2903225806451613	20	20	20	50	bd-rhap-rep1-X/regulons_20_TF.tsv vs bd-rhap-rep2-X/regulons_20_TF.tsv	bd-rhap-rep1-X/regulons_20_TF.tsv	bd-rhap-rep2-X/regulons_20_TF.tsv
1761	cd14+_monocytes	EGR1	0.2903225806451613	20	20	20	50	bd-rhap-rep1-X/regulons_20_TF.tsv vs bd-rhap-rep2-X/regulons_20_TF.tsv	bd-rhap-rep1-X/regulons_20_TF.tsv	bd-rhap-rep2-X/regulons_20_TF.tsv
1762	cd14-_monocytes	IRF8	0.2903225806451613	20	20	20	50	bd-rhap-rep1-X/regulons_20_TF.tsv vs bd-rhap-rep2-X/regulons_20_TF.tsv	bd-rhap-rep1-X/regulons_20_TF.tsv	bd-rhap-rep2-X/regulons_20_TF.tsv
1763	cd14+_monocytes	ID2	0.6	20	20	20	50	bd-rhap-rep1-X/regulons_20_TF.tsv vs bd-rhap-rep2-X/regulons_20_TF.tsv	bd-rhap-rep1-X/regulons_20_TF.tsv	bd-rhap-rep2-X/regulons_20_TF.tsv
1764	DC	IRF7	0.25	20	20	20	50	bd-rhap-rep1-X/regulons_20_TF.tsv vs bd-rhap-rep2-X/regulons_20_TF.tsv	bd-rhap-rep1-X/regulons_20_TF.tsv	bd-rhap-rep2-X/regulons_20_TF.tsv
1765	pDC	TFDP2	0.08108108108108109	20	20	20	50	bd-rhap-rep1-X/regulons_20_TF.tsv vs bd-rhap-rep2-X/regulons_20_TF.tsv	bd-rhap-rep1-X/regulons_20_TF.tsv	bd-rhap-rep2-X/regulons_20_TF.tsv
1766	cd4+_tcells	FOSB	0.3333333333333333	20	20	20	50	bd-rhap-rep1-X/regulons_20_TF.tsv vs bd-rhap-rep2-X/regulons_20_TF.tsv	bd-rhap-rep1-X/regulons_20_TF.tsv	bd-rhap-rep2-X/regulons_20_TF.tsv
1767	cd4+_tcells	LEF1	0.3333333333333333	20	20	20	50	bd-rhap-rep1-X/regulons_20_TF.tsv vs bd-rhap-rep2-X/regulons_20_TF.tsv	bd-rhap-rep1-X/regulons_20_TF.tsv	bd-rhap-rep2-X/regulons_20_TF.tsv
1768	cd8+_tcells	RORA	0.42857142857142855	20	20	20	50	bd-rhap-rep1-X/regulons_20_TF.tsv vs bd-rhap-rep2-X/regulons_20_TF.tsv	bd-rhap-rep1-X/regulons_20_TF.tsv	bd-rhap-rep2-X/regulons_20_TF.tsv
1769	cd8+_tcells	FOSB	0.3333333333333333	20	20	20	50	bd-rhap-rep1-X/regulons_20_TF.tsv vs bd-rhap-rep2-X/regulons_20_TF.tsv	bd-rhap-rep1-X/regulons_20_TF.tsv	bd-rhap-rep2-X/regulons_20_TF.tsv
1770	nk_cells	ID2	0.42857142857142855	20	20	20	50	bd-rhap-rep1-X/regulons_20_TF.tsv vs bd-rhap-rep2-X/regulons_20_TF.tsv	bd-rhap-rep1-X/regulons_20_TF.tsv	bd-rhap-rep2-X/regulons_20_TF.tsv
1771	cd14+_monocytes	HIPK2	0.2903225806451613	20	20	20	50	bd-rhap-rep1-X/regulons_20_TF.tsv vs bd-rhap-rep2-X/regulons_20_TF.tsv	bd-rhap-rep1-X/regulons_20_TF.tsv	bd-rhap-rep2-X/regulons_20_TF.tsv
1772	DC	ID2	0.3333333333333333	20	20	20	50	bd-rhap-rep1-X/regulons_20_TF.tsv vs bd-rhap-rep2-X/regulons_20_TF.tsv	bd-rhap-rep1-X/regulons_20_TF.tsv	bd-rhap-rep2-X/regulons_20_TF.tsv
1773	b_cells	KLF12	0.21212121212121213	20	20	20	50	bd-rhap-rep1-X/regulons_20_TF.tsv vs bd-rhap-rep2-X/regulons_20_TF.tsv	bd-rhap-rep1-X/regulons_20_TF.tsv	bd-rhap-rep2-X/regulons_20_TF.tsv
1774	b_cells	FOXO1	0.1111111111111111	20	20	20	50	bd-rhap-rep1-X/regulons_20_TF.tsv vs bd-rhap-rep2-X/regulons_20_TF.tsv	bd-rhap-rep1-X/regulons_20_TF.tsv	bd-rhap-rep2-X/regulons_20_TF.tsv
1775	nk_cells	BTG2	0.17647058823529413	20	20	20	50	bd-rhap-rep1-X/regulons_20_TF.tsv vs bd-rhap-rep2-X/regulons_20_TF.tsv	bd-rhap-rep1-X/regulons_20_TF.tsv	bd-rhap-rep2-X/regulons_20_TF.tsv
1776	cd4+_tcells	RUNX3	0.3793103448275862	20	20	20	50	bd-rhap-rep1-X/regulons_20_TF.tsv vs bd-rhap-rep2-X/regulons_20_TF.tsv	bd-rhap-rep1-X/regulons_20_TF.tsv	bd-rhap-rep2-X/regulons_20_TF.tsv
1777	b_cells	HDAC9	0.6	20	20	20	50	bd-rhap-rep1-X/regulons_20_TF.tsv vs bd-rhap-rep2-X/regulons_20_TF.tsv	bd-rhap-rep1-X/regulons_20_TF.tsv	bd-rhap-rep2-X/regulons_20_TF.tsv
1778	nk_cells	MAF	0.2903225806451613	20	20	20	50	bd-rhap-rep1-X/regulons_20_TF.tsv vs bd-rhap-rep2-X/regulons_20_TF.tsv	bd-rhap-rep1-X/regulons_20_TF.tsv	bd-rhap-rep2-X/regulons_20_TF.tsv
1779	nk_cells	PRDM1	0.25	20	20	20	50	bd-rhap-rep1-X/regulons_20_TF.tsv vs bd-rhap-rep2-X/regulons_20_TF.tsv	bd-rhap-rep1-X/regulons_20_TF.tsv	bd-rhap-rep2-X/regulons_20_TF.tsv
1780	cd14-_monocytes	MAX	0.3333333333333333	20	20	20	50	bd-rhap-rep1-X/regulons_20_TF.tsv vs bd-rhap-rep2-X/regulons_20_TF.tsv	bd-rhap-rep1-X/regulons_20_TF.tsv	bd-rhap-rep2-X/regulons_20_TF.tsv
1781	cd4+_tcells	MAML2	0.3333333333333333	20	20	20	50	bd-rhap-rep1-X/regulons_20_TF.tsv vs bd-rhap-rep2-X/regulons_20_TF.tsv	bd-rhap-rep1-X/regulons_20_TF.tsv	bd-rhap-rep2-X/regulons_20_TF.tsv
1782	pDC	TCF12	0.2903225806451613	20	20	20	50	bd-rhap-rep1-X/regulons_20_TF.tsv vs bd-rhap-rep2-X/regulons_20_TF.tsv	bd-rhap-rep1-X/regulons_20_TF.tsv	bd-rhap-rep2-X/regulons_20_TF.tsv
1783	cd14+_monocytes	HDAC9	0.48148148148148145	20	20	20	50	bd-rhap-rep1-X/regulons_20_TF.tsv vs bd-rhap-rep2-X/regulons_20_TF.tsv	bd-rhap-rep1-X/regulons_20_TF.tsv	bd-rhap-rep2-X/regulons_20_TF.tsv
1784	cd4+_tcells	NFATC3	0.17647058823529413	20	20	20	50	bd-rhap-rep1-X/regulons_20_TF.tsv vs bd-rhap-rep2-X/regulons_20_TF.tsv	bd-rhap-rep1-X/regulons_20_TF.tsv	bd-rhap-rep2-X/regulons_20_TF.tsv
1785	nk_cells	EOMES	0.5384615384615384	20	20	20	50	bd-rhap-rep1-X/regulons_20_TF.tsv vs bd-rhap-rep2-X/regulons_20_TF.tsv	bd-rhap-rep1-X/regulons_20_TF.tsv	bd-rhap-rep2-X/regulons_20_TF.tsv
1786	cd8+_tcells	NFATC3	0.17647058823529413	20	20	20	50	bd-rhap-rep1-X/regulons_20_TF.tsv vs bd-rhap-rep2-X/regulons_20_TF.tsv	bd-rhap-rep1-X/regulons_20_TF.tsv	bd-rhap-rep2-X/regulons_20_TF.tsv
1787	DC	HDAC9	0.6	20	20	20	50	bd-rhap-rep1-X/regulons_20_TF.tsv vs bd-rhap-rep2-X/regulons_20_TF.tsv	bd-rhap-rep1-X/regulons_20_TF.tsv	bd-rhap-rep2-X/regulons_20_TF.tsv
1788	cd4+_tcells	BCL11B	0.48148148148148145	20	20	20	50	bd-rhap-rep1-X/regulons_20_TF.tsv vs bd-rhap-rep2-X/regulons_20_TF.tsv	bd-rhap-rep1-X/regulons_20_TF.tsv	bd-rhap-rep2-X/regulons_20_TF.tsv
1789	nk_cells	MYBL1	0.3793103448275862	20	20	20	50	bd-rhap-rep1-X/regulons_20_TF.tsv vs bd-rhap-rep2-X/regulons_20_TF.tsv	bd-rhap-rep1-X/regulons_20_TF.tsv	bd-rhap-rep2-X/regulons_20_TF.tsv
1790	b_cells	RUNX3	0.2903225806451613	20	20	20	50	bd-rhap-rep1-X/regulons_20_TF.tsv vs bd-rhap-rep2-X/regulons_20_TF.tsv	bd-rhap-rep1-X/regulons_20_TF.tsv	bd-rhap-rep2-X/regulons_20_TF.tsv
1791	DC	SOX4	0.25	20	20	20	50	bd-rhap-rep1-X/regulons_20_TF.tsv vs bd-rhap-rep2-X/regulons_20_TF.tsv	bd-rhap-rep1-X/regulons_20_TF.tsv	bd-rhap-rep2-X/regulons_20_TF.tsv
1792	nk_cells	RORA	0.3333333333333333	20	20	20	50	bd-rhap-rep1-X/regulons_20_TF.tsv vs bd-rhap-rep2-X/regulons_20_TF.tsv	bd-rhap-rep1-X/regulons_20_TF.tsv	bd-rhap-rep2-X/regulons_20_TF.tsv
1793	pDC	BTG2	0.2903225806451613	20	20	20	50	bd-rhap-rep1-X/regulons_20_TF.tsv vs bd-rhap-rep2-X/regulons_20_TF.tsv	bd-rhap-rep1-X/regulons_20_TF.tsv	bd-rhap-rep2-X/regulons_20_TF.tsv
1794	cd14+_monocytes	RUNX3	0.6	20	20	20	50	bd-rhap-rep1-X/regulons_20_TF.tsv vs bd-rhap-rep2-X/regulons_20_TF.tsv	bd-rhap-rep1-X/regulons_20_TF.tsv	bd-rhap-rep2-X/regulons_20_TF.tsv
1795	cd14-_monocytes	ZBTB20	0.48148148148148145	20	20	20	50	bd-rhap-rep1-X/regulons_20_TF.tsv vs bd-rhap-rep2-X/regulons_20_TF.tsv	bd-rhap-rep1-X/regulons_20_TF.tsv	bd-rhap-rep2-X/regulons_20_TF.tsv
1796	cd14+_monocytes	TCF12	0.42857142857142855	20	20	20	50	bd-rhap-rep1-X/regulons_20_TF.tsv vs bd-rhap-rep2-X/regulons_20_TF.tsv	bd-rhap-rep1-X/regulons_20_TF.tsv	bd-rhap-rep2-X/regulons_20_TF.tsv
1797	cd14-_monocytes	SETBP1	0.3793103448275862	20	20	20	50	bd-rhap-rep1-X/regulons_20_TF.tsv vs bd-rhap-rep2-X/regulons_20_TF.tsv	bd-rhap-rep1-X/regulons_20_TF.tsv	bd-rhap-rep2-X/regulons_20_TF.tsv
1798	b_cells	NFATC3	0.17647058823529413	20	20	20	50	bd-rhap-rep1-X/regulons_20_TF.tsv vs bd-rhap-rep2-X/regulons_20_TF.tsv	bd-rhap-rep1-X/regulons_20_TF.tsv	bd-rhap-rep2-X/regulons_20_TF.tsv
1799	b_cells	ZEB2	0.3793103448275862	20	20	20	50	bd-rhap-rep1-X/regulons_20_TF.tsv vs bd-rhap-rep2-X/regulons_20_TF.tsv	bd-rhap-rep1-X/regulons_20_TF.tsv	bd-rhap-rep2-X/regulons_20_TF.tsv
1800	cd14-_monocytes	IRF7	0.48148148148148145	20	20	20	50	bd-rhap-rep1-X/regulons_20_TF.tsv vs bd-rhap-rep2-X/regulons_20_TF.tsv	bd-rhap-rep1-X/regulons_20_TF.tsv	bd-rhap-rep2-X/regulons_20_TF.tsv
1801	cd14-_monocytes	NR4A1	0.3333333333333333	20	20	20	50	bd-rhap-rep1-X/regulons_20_TF.tsv vs bd-rhap-rep2-X/regulons_20_TF.tsv	bd-rhap-rep1-X/regulons_20_TF.tsv	bd-rhap-rep2-X/regulons_20_TF.tsv
1802	nk_cells	RUNX3	0.6	20	20	20	50	bd-rhap-rep1-X/regulons_20_TF.tsv vs bd-rhap-rep2-X/regulons_20_TF.tsv	bd-rhap-rep1-X/regulons_20_TF.tsv	bd-rhap-rep2-X/regulons_20_TF.tsv
1803	DC	RUNX3	0.3333333333333333	20	20	20	50	bd-rhap-rep1-X/regulons_20_TF.tsv vs bd-rhap-rep2-X/regulons_20_TF.tsv	bd-rhap-rep1-X/regulons_20_TF.tsv	bd-rhap-rep2-X/regulons_20_TF.tsv
1804	pDC	TCF4	0.7391304347826086	20	20	20	50	bd-rhap-rep1-X/regulons_20_TF.tsv vs bd-rhap-rep2-X/regulons_20_TF.tsv	bd-rhap-rep1-X/regulons_20_TF.tsv	bd-rhap-rep2-X/regulons_20_TF.tsv
1805	b_cells	BTG2	0.25	20	20	20	50	bd-rhap-rep1-X/regulons_20_TF.tsv vs bd-rhap-rep2-X/regulons_20_TF.tsv	bd-rhap-rep1-X/regulons_20_TF.tsv	bd-rhap-rep2-X/regulons_20_TF.tsv
1806	pDC	ZFAT	0.2903225806451613	20	20	20	50	bd-rhap-rep1-X/regulons_20_TF.tsv vs bd-rhap-rep2-X/regulons_20_TF.tsv	bd-rhap-rep1-X/regulons_20_TF.tsv	bd-rhap-rep2-X/regulons_20_TF.tsv
1807	b_cells	BCL11A	0.6	20	20	20	50	bd-rhap-rep1-X/regulons_20_TF.tsv vs bd-rhap-rep2-X/regulons_20_TF.tsv	bd-rhap-rep1-X/regulons_20_TF.tsv	bd-rhap-rep2-X/regulons_20_TF.tsv
1808	cd14-_monocytes	ID2	0.3793103448275862	20	20	20	50	bd-rhap-rep1-X/regulons_20_TF.tsv vs bd-rhap-rep2-X/regulons_20_TF.tsv	bd-rhap-rep1-X/regulons_20_TF.tsv	bd-rhap-rep2-X/regulons_20_TF.tsv
1809	cd4+_tcells	FOXP1	0.6	20	20	20	50	bd-rhap-rep1-X/regulons_20_TF.tsv vs bd-rhap-rep2-X/regulons_20_TF.tsv	bd-rhap-rep1-X/regulons_20_TF.tsv	bd-rhap-rep2-X/regulons_20_TF.tsv
1810	pDC	HDAC9	0.6	20	20	20	50	bd-rhap-rep1-X/regulons_20_TF.tsv vs bd-rhap-rep2-X/regulons_20_TF.tsv	bd-rhap-rep1-X/regulons_20_TF.tsv	bd-rhap-rep2-X/regulons_20_TF.tsv
1811	cd4+_tcells	RORA	0.42857142857142855	20	20	20	50	bd-rhap-rep1-X/regulons_20_TF.tsv vs bd-rhap-rep2-X/regulons_20_TF.tsv	bd-rhap-rep1-X/regulons_20_TF.tsv	bd-rhap-rep2-X/regulons_20_TF.tsv
1812	pDC	SOX4	0.5384615384615384	20	20	20	50	bd-rhap-rep1-X/regulons_20_TF.tsv vs bd-rhap-rep2-X/regulons_20_TF.tsv	bd-rhap-rep1-X/regulons_20_TF.tsv	bd-rhap-rep2-X/regulons_20_TF.tsv
1813	cd14+_monocytes	BTG2	0.3333333333333333	20	20	20	50	bd-rhap-rep1-X/regulons_20_TF.tsv vs bd-rhap-rep2-X/regulons_20_TF.tsv	bd-rhap-rep1-X/regulons_20_TF.tsv	bd-rhap-rep2-X/regulons_20_TF.tsv
1814	b_cells	TCF4	0.6666666666666666	20	20	20	50	bd-rhap-rep1-X/regulons_20_TF.tsv vs bd-rhap-rep2-X/regulons_20_TF.tsv	bd-rhap-rep1-X/regulons_20_TF.tsv	bd-rhap-rep2-X/regulons_20_TF.tsv
1815	cd14-_monocytes	HIPK2	0.17647058823529413	20	20	20	50	bd-rhap-rep1-X/regulons_20_TF.tsv vs bd-rhap-rep2-X/regulons_20_TF.tsv	bd-rhap-rep1-X/regulons_20_TF.tsv	bd-rhap-rep2-X/regulons_20_TF.tsv
1816	nk_cells	NFATC3	0.42857142857142855	20	20	20	50	bd-rhap-rep1-X/regulons_20_TF.tsv vs bd-rhap-rep2-X/regulons_20_TF.tsv	bd-rhap-rep1-X/regulons_20_TF.tsv	bd-rhap-rep2-X/regulons_20_TF.tsv
1817	b_cells	SP140	0.5384615384615384	20	20	20	50	bd-rhap-rep1-X/regulons_20_TF.tsv vs bd-rhap-rep2-X/regulons_20_TF.tsv	bd-rhap-rep1-X/regulons_20_TF.tsv	bd-rhap-rep2-X/regulons_20_TF.tsv
1818	nk_cells	ZEB2	0.3333333333333333	20	20	20	50	bd-rhap-rep1-X/regulons_20_TF.tsv vs bd-rhap-rep2-X/regulons_20_TF.tsv	bd-rhap-rep1-X/regulons_20_TF.tsv	bd-rhap-rep2-X/regulons_20_TF.tsv
1819	DC	NFATC3	0.2903225806451613	20	20	20	50	bd-rhap-rep1-X/regulons_20_TF.tsv vs bd-rhap-rep2-X/regulons_20_TF.tsv	bd-rhap-rep1-X/regulons_20_TF.tsv	bd-rhap-rep2-X/regulons_20_TF.tsv
1820	nk_cells	IKZF2	0.5384615384615384	20	20	20	50	bd-rhap-rep1-X/regulons_20_TF.tsv vs bd-rhap-rep2-X/regulons_20_TF.tsv	bd-rhap-rep1-X/regulons_20_TF.tsv	bd-rhap-rep2-X/regulons_20_TF.tsv
1821	pDC	FOSB	0.21212121212121213	20	20	20	50	bd-rhap-rep1-X/regulons_20_TF.tsv vs bd-rhap-rep2-X/regulons_20_TF.tsv	bd-rhap-rep1-X/regulons_20_TF.tsv	bd-rhap-rep2-X/regulons_20_TF.tsv
1822	nk_cells	BCL11B	0.42857142857142855	20	20	20	50	bd-rhap-rep1-X/regulons_20_TF.tsv vs bd-rhap-rep2-X/regulons_20_TF.tsv	bd-rhap-rep1-X/regulons_20_TF.tsv	bd-rhap-rep2-X/regulons_20_TF.tsv
1823	DC	BCL11A	0.7391304347826086	20	20	20	50	bd-rhap-rep1-X/regulons_20_TF.tsv vs bd-rhap-rep2-X/regulons_20_TF.tsv	bd-rhap-rep1-X/regulons_20_TF.tsv	bd-rhap-rep2-X/regulons_20_TF.tsv
1824	cd14-_monocytes	FOXO1	0.14285714285714285	20	20	20	50	bd-rhap-rep1-X/regulons_20_TF.tsv vs bd-rhap-rep2-X/regulons_20_TF.tsv	bd-rhap-rep1-X/regulons_20_TF.tsv	bd-rhap-rep2-X/regulons_20_TF.tsv
1825	pDC	RUNX2	0.7391304347826086	20	20	20	50	bd-rhap-rep1-X/regulons_20_TF.tsv vs bd-rhap-rep2-X/regulons_20_TF.tsv	bd-rhap-rep1-X/regulons_20_TF.tsv	bd-rhap-rep2-X/regulons_20_TF.tsv
1826	DC	TCF4	0.48148148148148145	20	20	20	50	bd-rhap-rep1-X/regulons_20_TF.tsv vs bd-rhap-rep2-X/regulons_20_TF.tsv	bd-rhap-rep1-X/regulons_20_TF.tsv	bd-rhap-rep2-X/regulons_20_TF.tsv
1827	b_cells	FOXP1	0.48148148148148145	20	20	20	50	bd-rhap-rep1-X/regulons_20_TF.tsv vs bd-rhap-rep2-X/regulons_20_TF.tsv	bd-rhap-rep1-X/regulons_20_TF.tsv	bd-rhap-rep2-X/regulons_20_TF.tsv
1828	DC	SP140	0.21212121212121213	20	20	20	50	bd-rhap-rep1-X/regulons_20_TF.tsv vs bd-rhap-rep2-X/regulons_20_TF.tsv	bd-rhap-rep1-X/regulons_20_TF.tsv	bd-rhap-rep2-X/regulons_20_TF.tsv
1829	b_cells	FOSB	0.2903225806451613	20	20	20	50	bd-rhap-rep1-X/regulons_20_TF.tsv vs bd-rhap-rep2-X/regulons_20_TF.tsv	bd-rhap-rep1-X/regulons_20_TF.tsv	bd-rhap-rep2-X/regulons_20_TF.tsv
1830	pDC	ZEB1	0.3333333333333333	20	20	20	50	bd-rhap-rep1-X/regulons_20_TF.tsv vs bd-rhap-rep2-X/regulons_20_TF.tsv	bd-rhap-rep1-X/regulons_20_TF.tsv	bd-rhap-rep2-X/regulons_20_TF.tsv
1831	cd14+_monocytes	SOX4	0.3793103448275862	20	20	20	50	bd-rhap-rep1-X/regulons_20_TF.tsv vs bd-rhap-rep2-X/regulons_20_TF.tsv	bd-rhap-rep1-X/regulons_20_TF.tsv	bd-rhap-rep2-X/regulons_20_TF.tsv
1832	cd8+_tcells	RUNX1	0.25	20	20	20	50	bd-rhap-rep1-X/regulons_20_TF.tsv vs bd-rhap-rep2-X/regulons_20_TF.tsv	bd-rhap-rep1-X/regulons_20_TF.tsv	bd-rhap-rep2-X/regulons_20_TF.tsv
1833	cd14+_monocytes	FOSB	0.3333333333333333	20	20	20	50	bd-rhap-rep1-X/regulons_20_TF.tsv vs bd-rhap-rep2-X/regulons_20_TF.tsv	bd-rhap-rep1-X/regulons_20_TF.tsv	bd-rhap-rep2-X/regulons_20_TF.tsv
1834	pDC	NFATC3	0.25	20	20	20	50	bd-rhap-rep1-X/regulons_20_TF.tsv vs bd-rhap-rep2-X/regulons_20_TF.tsv	bd-rhap-rep1-X/regulons_20_TF.tsv	bd-rhap-rep2-X/regulons_20_TF.tsv
1835	pDC	ZEB2	0.21212121212121213	20	20	20	50	bd-rhap-rep1-X/regulons_20_TF.tsv vs bd-rhap-rep2-X/regulons_20_TF.tsv	bd-rhap-rep1-X/regulons_20_TF.tsv	bd-rhap-rep2-X/regulons_20_TF.tsv
1836	cd4+_tcells	KAT6B	0.2903225806451613	20	20	20	50	bd-rhap-rep1-X/regulons_20_TF.tsv vs bd-rhap-rep2-X/regulons_20_TF.tsv	bd-rhap-rep1-X/regulons_20_TF.tsv	bd-rhap-rep2-X/regulons_20_TF.tsv
1837	cd8+_tcells	STAT4	0.25	20	20	20	50	bd-rhap-rep1-X/regulons_20_TF.tsv vs bd-rhap-rep2-X/regulons_20_TF.tsv	bd-rhap-rep1-X/regulons_20_TF.tsv	bd-rhap-rep2-X/regulons_20_TF.tsv
1838	nk_cells	FOXP1	0.5384615384615384	20	20	20	50	bd-rhap-rep1-X/regulons_20_TF.tsv vs bd-rhap-rep2-X/regulons_20_TF.tsv	bd-rhap-rep1-X/regulons_20_TF.tsv	bd-rhap-rep2-X/regulons_20_TF.tsv
1839	cd8+_tcells	MAX	0.3333333333333333	20	20	20	50	bd-rhap-rep1-X/regulons_20_TF.tsv vs bd-rhap-rep2-X/regulons_20_TF.tsv	bd-rhap-rep1-X/regulons_20_TF.tsv	bd-rhap-rep2-X/regulons_20_TF.tsv
1840	cd8+_tcells	TCF7	0.5384615384615384	20	20	20	50	bd-rhap-rep1-X/regulons_20_TF.tsv vs bd-rhap-rep2-X/regulons_20_TF.tsv	bd-rhap-rep1-X/regulons_20_TF.tsv	bd-rhap-rep2-X/regulons_20_TF.tsv
1841	DC	FOXP1	0.3333333333333333	20	20	20	50	bd-rhap-rep1-X/regulons_20_TF.tsv vs bd-rhap-rep2-X/regulons_20_TF.tsv	bd-rhap-rep1-X/regulons_20_TF.tsv	bd-rhap-rep2-X/regulons_20_TF.tsv
1842	pDC	BCL11A	0.8181818181818182	20	20	20	50	bd-rhap-rep1-X/regulons_20_TF.tsv vs bd-rhap-rep2-X/regulons_20_TF.tsv	bd-rhap-rep1-X/regulons_20_TF.tsv	bd-rhap-rep2-X/regulons_20_TF.tsv
1843	cd14-_monocytes	RUNX3	0.48148148148148145	20	20	20	50	bd-rhap-rep1-X/regulons_20_TF.tsv vs bd-rhap-rep2-X/regulons_20_TF.tsv	bd-rhap-rep1-X/regulons_20_TF.tsv	bd-rhap-rep2-X/regulons_20_TF.tsv
1844	cd8+_tcells	NFATC2	0.3793103448275862	20	20	20	50	bd-rhap-rep1-X/regulons_20_TF.tsv vs bd-rhap-rep2-X/regulons_20_TF.tsv	bd-rhap-rep1-X/regulons_20_TF.tsv	bd-rhap-rep2-X/regulons_20_TF.tsv
1845	cd4+_tcells	HIVEP2	0.42857142857142855	20	20	20	50	bd-rhap-rep1-X/regulons_20_TF.tsv vs bd-rhap-rep2-X/regulons_20_TF.tsv	bd-rhap-rep1-X/regulons_20_TF.tsv	bd-rhap-rep2-X/regulons_20_TF.tsv
1846	cd14-_monocytes	TCF12	0.3793103448275862	20	20	20	50	bd-rhap-rep1-X/regulons_20_TF.tsv vs bd-rhap-rep2-X/regulons_20_TF.tsv	bd-rhap-rep1-X/regulons_20_TF.tsv	bd-rhap-rep2-X/regulons_20_TF.tsv
1847	cd14+_monocytes	TCF7L2	0.42857142857142855	20	20	20	50	bd-rhap-rep1-X/regulons_20_TF.tsv vs bd-rhap-rep2-X/regulons_20_TF.tsv	bd-rhap-rep1-X/regulons_20_TF.tsv	bd-rhap-rep2-X/regulons_20_TF.tsv
1848	DC	RUNX2	0.42857142857142855	20	20	20	50	bd-rhap-rep1-X/regulons_20_TF.tsv vs bd-rhap-rep2-X/regulons_20_TF.tsv	bd-rhap-rep1-X/regulons_20_TF.tsv	bd-rhap-rep2-X/regulons_20_TF.tsv
1849	cd14+_monocytes	NFATC3	0.3333333333333333	20	20	20	50	bd-rhap-rep1-X/regulons_20_TF.tsv vs bd-rhap-rep2-X/regulons_20_TF.tsv	bd-rhap-rep1-X/regulons_20_TF.tsv	bd-rhap-rep2-X/regulons_20_TF.tsv
1850	cd4+_tcells	ZBTB20	0.48148148148148145	20	20	20	50	bd-rhap-rep1-X/regulons_20_TF.tsv vs bd-rhap-rep2-X/regulons_20_TF.tsv	bd-rhap-rep1-X/regulons_20_TF.tsv	bd-rhap-rep2-X/regulons_20_TF.tsv
1851	nk_cells	TOX	0.5384615384615384	20	20	20	50	bd-rhap-rep1-X/regulons_20_TF.tsv vs bd-rhap-rep2-X/regulons_20_TF.tsv	bd-rhap-rep1-X/regulons_20_TF.tsv	bd-rhap-rep2-X/regulons_20_TF.tsv
1852	nk_cells	ZBTB16	0.5384615384615384	20	20	20	50	bd-rhap-rep1-X/regulons_20_TF.tsv vs bd-rhap-rep2-X/regulons_20_TF.tsv	bd-rhap-rep1-X/regulons_20_TF.tsv	bd-rhap-rep2-X/regulons_20_TF.tsv
1853	cd14-_monocytes	BTG2	0.14285714285714285	20	20	20	50	bd-rhap-rep1-X/regulons_20_TF.tsv vs 10x-rep1-kallisto-cellbender-X/regulons_20_TF.tsv	bd-rhap-rep1-X/regulons_20_TF.tsv	10x-rep1-kallisto-cellbender-X/regulons_20_TF.tsv
1854	DC	KMT2A	0.02564102564102564	20	20	20	50	bd-rhap-rep1-X/regulons_20_TF.tsv vs 10x-rep1-kallisto-cellbender-X/regulons_20_TF.tsv	bd-rhap-rep1-X/regulons_20_TF.tsv	10x-rep1-kallisto-cellbender-X/regulons_20_TF.tsv
1855	cd8+_tcells	HOPX	0.21212121212121213	20	20	20	50	bd-rhap-rep1-X/regulons_20_TF.tsv vs 10x-rep1-kallisto-cellbender-X/regulons_20_TF.tsv	bd-rhap-rep1-X/regulons_20_TF.tsv	10x-rep1-kallisto-cellbender-X/regulons_20_TF.tsv
1856	cd8+_tcells	ID2	0.17647058823529413	20	20	20	50	bd-rhap-rep1-X/regulons_20_TF.tsv vs 10x-rep1-kallisto-cellbender-X/regulons_20_TF.tsv	bd-rhap-rep1-X/regulons_20_TF.tsv	10x-rep1-kallisto-cellbender-X/regulons_20_TF.tsv
1857	pDC	IRF8	0.7391304347826086	20	20	20	50	bd-rhap-rep1-X/regulons_20_TF.tsv vs 10x-rep1-kallisto-cellbender-X/regulons_20_TF.tsv	bd-rhap-rep1-X/regulons_20_TF.tsv	10x-rep1-kallisto-cellbender-X/regulons_20_TF.tsv
1858	cd14-_monocytes	STAT1	0.17647058823529413	20	20	20	50	bd-rhap-rep1-X/regulons_20_TF.tsv vs 10x-rep1-kallisto-cellbender-X/regulons_20_TF.tsv	bd-rhap-rep1-X/regulons_20_TF.tsv	10x-rep1-kallisto-cellbender-X/regulons_20_TF.tsv
1859	cd8+_tcells	TLE5	0.3333333333333333	20	20	20	50	bd-rhap-rep1-X/regulons_20_TF.tsv vs 10x-rep1-kallisto-cellbender-X/regulons_20_TF.tsv	bd-rhap-rep1-X/regulons_20_TF.tsv	10x-rep1-kallisto-cellbender-X/regulons_20_TF.tsv
1860	cd14-_monocytes	SOX4	0.1111111111111111	20	20	20	50	bd-rhap-rep1-X/regulons_20_TF.tsv vs 10x-rep1-kallisto-cellbender-X/regulons_20_TF.tsv	bd-rhap-rep1-X/regulons_20_TF.tsv	10x-rep1-kallisto-cellbender-X/regulons_20_TF.tsv
1861	cd4+_tcells	ETS1	0.42857142857142855	20	20	20	50	bd-rhap-rep1-X/regulons_20_TF.tsv vs 10x-rep1-kallisto-cellbender-X/regulons_20_TF.tsv	bd-rhap-rep1-X/regulons_20_TF.tsv	10x-rep1-kallisto-cellbender-X/regulons_20_TF.tsv
1862	b_cells	IRF8	0.48148148148148145	20	20	20	50	bd-rhap-rep1-X/regulons_20_TF.tsv vs 10x-rep1-kallisto-cellbender-X/regulons_20_TF.tsv	bd-rhap-rep1-X/regulons_20_TF.tsv	10x-rep1-kallisto-cellbender-X/regulons_20_TF.tsv
1863	cd8+_tcells	ETS1	0.42857142857142855	20	20	20	50	bd-rhap-rep1-X/regulons_20_TF.tsv vs 10x-rep1-kallisto-cellbender-X/regulons_20_TF.tsv	bd-rhap-rep1-X/regulons_20_TF.tsv	10x-rep1-kallisto-cellbender-X/regulons_20_TF.tsv
1864	cd4+_tcells	TCF7	0.2903225806451613	20	20	20	50	bd-rhap-rep1-X/regulons_20_TF.tsv vs 10x-rep1-kallisto-cellbender-X/regulons_20_TF.tsv	bd-rhap-rep1-X/regulons_20_TF.tsv	10x-rep1-kallisto-cellbender-X/regulons_20_TF.tsv
1865	cd14-_monocytes	JUN	0.17647058823529413	20	20	20	50	bd-rhap-rep1-X/regulons_20_TF.tsv vs 10x-rep1-kallisto-cellbender-X/regulons_20_TF.tsv	bd-rhap-rep1-X/regulons_20_TF.tsv	10x-rep1-kallisto-cellbender-X/regulons_20_TF.tsv
1866	cd14+_monocytes	IRF8	0.2903225806451613	20	20	20	50	bd-rhap-rep1-X/regulons_20_TF.tsv vs 10x-rep1-kallisto-cellbender-X/regulons_20_TF.tsv	bd-rhap-rep1-X/regulons_20_TF.tsv	10x-rep1-kallisto-cellbender-X/regulons_20_TF.tsv
1867	cd14-_monocytes	FOS	0.2903225806451613	20	20	20	50	bd-rhap-rep1-X/regulons_20_TF.tsv vs 10x-rep1-kallisto-cellbender-X/regulons_20_TF.tsv	bd-rhap-rep1-X/regulons_20_TF.tsv	10x-rep1-kallisto-cellbender-X/regulons_20_TF.tsv
1868	DC	NR4A1	0.1111111111111111	20	20	20	50	bd-rhap-rep1-X/regulons_20_TF.tsv vs 10x-rep1-kallisto-cellbender-X/regulons_20_TF.tsv	bd-rhap-rep1-X/regulons_20_TF.tsv	10x-rep1-kallisto-cellbender-X/regulons_20_TF.tsv
1869	cd14-_monocytes	TCF7L2	0.25	20	20	20	50	bd-rhap-rep1-X/regulons_20_TF.tsv vs 10x-rep1-kallisto-cellbender-X/regulons_20_TF.tsv	bd-rhap-rep1-X/regulons_20_TF.tsv	10x-rep1-kallisto-cellbender-X/regulons_20_TF.tsv
1870	DC	IRF8	0.3793103448275862	20	20	20	50	bd-rhap-rep1-X/regulons_20_TF.tsv vs 10x-rep1-kallisto-cellbender-X/regulons_20_TF.tsv	bd-rhap-rep1-X/regulons_20_TF.tsv	10x-rep1-kallisto-cellbender-X/regulons_20_TF.tsv
1871	b_cells	ETS1	0.14285714285714285	20	20	20	50	bd-rhap-rep1-X/regulons_20_TF.tsv vs 10x-rep1-kallisto-cellbender-X/regulons_20_TF.tsv	bd-rhap-rep1-X/regulons_20_TF.tsv	10x-rep1-kallisto-cellbender-X/regulons_20_TF.tsv
1872	cd4+_tcells	IRF1	0.02564102564102564	20	20	20	50	bd-rhap-rep1-X/regulons_20_TF.tsv vs 10x-rep1-kallisto-cellbender-X/regulons_20_TF.tsv	bd-rhap-rep1-X/regulons_20_TF.tsv	10x-rep1-kallisto-cellbender-X/regulons_20_TF.tsv
1873	cd14-_monocytes	ZEB2	0.17647058823529413	20	20	20	50	bd-rhap-rep1-X/regulons_20_TF.tsv vs 10x-rep1-kallisto-cellbender-X/regulons_20_TF.tsv	bd-rhap-rep1-X/regulons_20_TF.tsv	10x-rep1-kallisto-cellbender-X/regulons_20_TF.tsv
1874	cd8+_tcells	RUNX3	0.08108108108108109	20	20	20	50	bd-rhap-rep1-X/regulons_20_TF.tsv vs 10x-rep1-kallisto-cellbender-X/regulons_20_TF.tsv	bd-rhap-rep1-X/regulons_20_TF.tsv	10x-rep1-kallisto-cellbender-X/regulons_20_TF.tsv
1875	cd8+_tcells	FOS	0.17647058823529413	20	20	20	50	bd-rhap-rep1-X/regulons_20_TF.tsv vs 10x-rep1-kallisto-cellbender-X/regulons_20_TF.tsv	bd-rhap-rep1-X/regulons_20_TF.tsv	10x-rep1-kallisto-cellbender-X/regulons_20_TF.tsv
1876	nk_cells	TLE5	0.21212121212121213	20	20	20	50	bd-rhap-rep1-X/regulons_20_TF.tsv vs 10x-rep1-kallisto-cellbender-X/regulons_20_TF.tsv	bd-rhap-rep1-X/regulons_20_TF.tsv	10x-rep1-kallisto-cellbender-X/regulons_20_TF.tsv
1877	nk_cells	ETS1	0.14285714285714285	20	20	20	50	bd-rhap-rep1-X/regulons_20_TF.tsv vs 10x-rep1-kallisto-cellbender-X/regulons_20_TF.tsv	bd-rhap-rep1-X/regulons_20_TF.tsv	10x-rep1-kallisto-cellbender-X/regulons_20_TF.tsv
1878	pDC	IRF7	0.21212121212121213	20	20	20	50	bd-rhap-rep1-X/regulons_20_TF.tsv vs 10x-rep1-kallisto-cellbender-X/regulons_20_TF.tsv	bd-rhap-rep1-X/regulons_20_TF.tsv	10x-rep1-kallisto-cellbender-X/regulons_20_TF.tsv
1879	nk_cells	TFDP2	0.3793103448275862	20	20	20	50	bd-rhap-rep1-X/regulons_20_TF.tsv vs 10x-rep1-kallisto-cellbender-X/regulons_20_TF.tsv	bd-rhap-rep1-X/regulons_20_TF.tsv	10x-rep1-kallisto-cellbender-X/regulons_20_TF.tsv
1880	DC	MAX	0.0	20	20	20	50	bd-rhap-rep1-X/regulons_20_TF.tsv vs 10x-rep1-kallisto-cellbender-X/regulons_20_TF.tsv	bd-rhap-rep1-X/regulons_20_TF.tsv	10x-rep1-kallisto-cellbender-X/regulons_20_TF.tsv
1881	cd4+_tcells	BTG2	0.14285714285714285	20	20	20	50	bd-rhap-rep1-X/regulons_20_TF.tsv vs 10x-rep1-kallisto-cellbender-X/regulons_20_TF.tsv	bd-rhap-rep1-X/regulons_20_TF.tsv	10x-rep1-kallisto-cellbender-X/regulons_20_TF.tsv
1882	pDC	HMGB2	0.0	20	20	20	50	bd-rhap-rep1-X/regulons_20_TF.tsv vs 10x-rep1-kallisto-cellbender-X/regulons_20_TF.tsv	bd-rhap-rep1-X/regulons_20_TF.tsv	10x-rep1-kallisto-cellbender-X/regulons_20_TF.tsv
1883	cd8+_tcells	BTG2	0.17647058823529413	20	20	20	50	bd-rhap-rep1-X/regulons_20_TF.tsv vs 10x-rep1-kallisto-cellbender-X/regulons_20_TF.tsv	bd-rhap-rep1-X/regulons_20_TF.tsv	10x-rep1-kallisto-cellbender-X/regulons_20_TF.tsv
1884	b_cells	IRF1	0.1111111111111111	20	20	20	50	bd-rhap-rep1-X/regulons_20_TF.tsv vs 10x-rep1-kallisto-cellbender-X/regulons_20_TF.tsv	bd-rhap-rep1-X/regulons_20_TF.tsv	10x-rep1-kallisto-cellbender-X/regulons_20_TF.tsv
1885	cd4+_tcells	TLE5	0.3333333333333333	20	20	20	50	bd-rhap-rep1-X/regulons_20_TF.tsv vs 10x-rep1-kallisto-cellbender-X/regulons_20_TF.tsv	bd-rhap-rep1-X/regulons_20_TF.tsv	10x-rep1-kallisto-cellbender-X/regulons_20_TF.tsv
1886	b_cells	IKZF3	0.17647058823529413	20	20	20	50	bd-rhap-rep1-X/regulons_20_TF.tsv vs 10x-rep1-kallisto-cellbender-X/regulons_20_TF.tsv	bd-rhap-rep1-X/regulons_20_TF.tsv	10x-rep1-kallisto-cellbender-X/regulons_20_TF.tsv
1887	nk_cells	CEBPD	0.14285714285714285	20	20	20	50	bd-rhap-rep1-X/regulons_20_TF.tsv vs 10x-rep1-kallisto-cellbender-X/regulons_20_TF.tsv	bd-rhap-rep1-X/regulons_20_TF.tsv	10x-rep1-kallisto-cellbender-X/regulons_20_TF.tsv
1888	DC	CEBPD	0.25	20	20	20	50	bd-rhap-rep1-X/regulons_20_TF.tsv vs 10x-rep1-kallisto-cellbender-X/regulons_20_TF.tsv	bd-rhap-rep1-X/regulons_20_TF.tsv	10x-rep1-kallisto-cellbender-X/regulons_20_TF.tsv
1889	pDC	TLE5	0.21212121212121213	20	20	20	50	bd-rhap-rep1-X/regulons_20_TF.tsv vs 10x-rep1-kallisto-cellbender-X/regulons_20_TF.tsv	bd-rhap-rep1-X/regulons_20_TF.tsv	10x-rep1-kallisto-cellbender-X/regulons_20_TF.tsv
1890	nk_cells	IRF1	0.1111111111111111	20	20	20	50	bd-rhap-rep1-X/regulons_20_TF.tsv vs 10x-rep1-kallisto-cellbender-X/regulons_20_TF.tsv	bd-rhap-rep1-X/regulons_20_TF.tsv	10x-rep1-kallisto-cellbender-X/regulons_20_TF.tsv
1891	DC	IRF1	0.14285714285714285	20	20	20	50	bd-rhap-rep1-X/regulons_20_TF.tsv vs 10x-rep1-kallisto-cellbender-X/regulons_20_TF.tsv	bd-rhap-rep1-X/regulons_20_TF.tsv	10x-rep1-kallisto-cellbender-X/regulons_20_TF.tsv
1892	nk_cells	HOPX	0.3333333333333333	20	20	20	50	bd-rhap-rep1-X/regulons_20_TF.tsv vs 10x-rep1-kallisto-cellbender-X/regulons_20_TF.tsv	bd-rhap-rep1-X/regulons_20_TF.tsv	10x-rep1-kallisto-cellbender-X/regulons_20_TF.tsv
1893	pDC	ETS1	0.17647058823529413	20	20	20	50	bd-rhap-rep1-X/regulons_20_TF.tsv vs 10x-rep1-kallisto-cellbender-X/regulons_20_TF.tsv	bd-rhap-rep1-X/regulons_20_TF.tsv	10x-rep1-kallisto-cellbender-X/regulons_20_TF.tsv
1894	cd14+_monocytes	HMGB2	0.3333333333333333	20	20	20	50	bd-rhap-rep1-X/regulons_20_TF.tsv vs 10x-rep1-kallisto-cellbender-X/regulons_20_TF.tsv	bd-rhap-rep1-X/regulons_20_TF.tsv	10x-rep1-kallisto-cellbender-X/regulons_20_TF.tsv
1895	cd14+_monocytes	EGR1	0.25	20	20	20	50	bd-rhap-rep1-X/regulons_20_TF.tsv vs 10x-rep1-kallisto-cellbender-X/regulons_20_TF.tsv	bd-rhap-rep1-X/regulons_20_TF.tsv	10x-rep1-kallisto-cellbender-X/regulons_20_TF.tsv
1896	cd14+_monocytes	ID2	0.21212121212121213	20	20	20	50	bd-rhap-rep1-X/regulons_20_TF.tsv vs 10x-rep1-kallisto-cellbender-X/regulons_20_TF.tsv	bd-rhap-rep1-X/regulons_20_TF.tsv	10x-rep1-kallisto-cellbender-X/regulons_20_TF.tsv
1897	DC	IRF7	0.08108108108108109	20	20	20	50	bd-rhap-rep1-X/regulons_20_TF.tsv vs 10x-rep1-kallisto-cellbender-X/regulons_20_TF.tsv	bd-rhap-rep1-X/regulons_20_TF.tsv	10x-rep1-kallisto-cellbender-X/regulons_20_TF.tsv
1898	b_cells	TLE5	0.21212121212121213	20	20	20	50	bd-rhap-rep1-X/regulons_20_TF.tsv vs 10x-rep1-kallisto-cellbender-X/regulons_20_TF.tsv	bd-rhap-rep1-X/regulons_20_TF.tsv	10x-rep1-kallisto-cellbender-X/regulons_20_TF.tsv
1899	cd4+_tcells	LEF1	0.14285714285714285	20	20	20	50	bd-rhap-rep1-X/regulons_20_TF.tsv vs 10x-rep1-kallisto-cellbender-X/regulons_20_TF.tsv	bd-rhap-rep1-X/regulons_20_TF.tsv	10x-rep1-kallisto-cellbender-X/regulons_20_TF.tsv
1900	DC	HMGB2	0.17647058823529413	20	20	20	50	bd-rhap-rep1-X/regulons_20_TF.tsv vs 10x-rep1-kallisto-cellbender-X/regulons_20_TF.tsv	bd-rhap-rep1-X/regulons_20_TF.tsv	10x-rep1-kallisto-cellbender-X/regulons_20_TF.tsv
1901	nk_cells	ID2	0.17647058823529413	20	20	20	50	bd-rhap-rep1-X/regulons_20_TF.tsv vs 10x-rep1-kallisto-cellbender-X/regulons_20_TF.tsv	bd-rhap-rep1-X/regulons_20_TF.tsv	10x-rep1-kallisto-cellbender-X/regulons_20_TF.tsv
1902	DC	ID2	0.08108108108108109	20	20	20	50	bd-rhap-rep1-X/regulons_20_TF.tsv vs 10x-rep1-kallisto-cellbender-X/regulons_20_TF.tsv	bd-rhap-rep1-X/regulons_20_TF.tsv	10x-rep1-kallisto-cellbender-X/regulons_20_TF.tsv
1903	cd4+_tcells	JUN	0.25	20	20	20	50	bd-rhap-rep1-X/regulons_20_TF.tsv vs 10x-rep1-kallisto-cellbender-X/regulons_20_TF.tsv	bd-rhap-rep1-X/regulons_20_TF.tsv	10x-rep1-kallisto-cellbender-X/regulons_20_TF.tsv
1904	cd14+_monocytes	TLE5	0.05263157894736842	20	20	20	50	bd-rhap-rep1-X/regulons_20_TF.tsv vs 10x-rep1-kallisto-cellbender-X/regulons_20_TF.tsv	bd-rhap-rep1-X/regulons_20_TF.tsv	10x-rep1-kallisto-cellbender-X/regulons_20_TF.tsv
1905	nk_cells	BTG2	0.17647058823529413	20	20	20	50	bd-rhap-rep1-X/regulons_20_TF.tsv vs 10x-rep1-kallisto-cellbender-X/regulons_20_TF.tsv	bd-rhap-rep1-X/regulons_20_TF.tsv	10x-rep1-kallisto-cellbender-X/regulons_20_TF.tsv
1906	cd4+_tcells	FOS	0.25	20	20	20	50	bd-rhap-rep1-X/regulons_20_TF.tsv vs 10x-rep1-kallisto-cellbender-X/regulons_20_TF.tsv	bd-rhap-rep1-X/regulons_20_TF.tsv	10x-rep1-kallisto-cellbender-X/regulons_20_TF.tsv
1907	DC	TLE5	0.14285714285714285	20	20	20	50	bd-rhap-rep1-X/regulons_20_TF.tsv vs 10x-rep1-kallisto-cellbender-X/regulons_20_TF.tsv	bd-rhap-rep1-X/regulons_20_TF.tsv	10x-rep1-kallisto-cellbender-X/regulons_20_TF.tsv
1908	pDC	IRF1	0.08108108108108109	20	20	20	50	bd-rhap-rep1-X/regulons_20_TF.tsv vs 10x-rep1-kallisto-cellbender-X/regulons_20_TF.tsv	bd-rhap-rep1-X/regulons_20_TF.tsv	10x-rep1-kallisto-cellbender-X/regulons_20_TF.tsv
1909	pDC	LMO4	0.5384615384615384	20	20	20	50	bd-rhap-rep1-X/regulons_20_TF.tsv vs 10x-rep1-kallisto-cellbender-X/regulons_20_TF.tsv	bd-rhap-rep1-X/regulons_20_TF.tsv	10x-rep1-kallisto-cellbender-X/regulons_20_TF.tsv
1910	DC	STAT1	0.08108108108108109	20	20	20	50	bd-rhap-rep1-X/regulons_20_TF.tsv vs 10x-rep1-kallisto-cellbender-X/regulons_20_TF.tsv	bd-rhap-rep1-X/regulons_20_TF.tsv	10x-rep1-kallisto-cellbender-X/regulons_20_TF.tsv
1911	cd4+_tcells	BCL11B	0.48148148148148145	20	20	20	50	bd-rhap-rep1-X/regulons_20_TF.tsv vs 10x-rep1-kallisto-cellbender-X/regulons_20_TF.tsv	bd-rhap-rep1-X/regulons_20_TF.tsv	10x-rep1-kallisto-cellbender-X/regulons_20_TF.tsv
1912	nk_cells	MYBL1	0.3793103448275862	20	20	20	50	bd-rhap-rep1-X/regulons_20_TF.tsv vs 10x-rep1-kallisto-cellbender-X/regulons_20_TF.tsv	bd-rhap-rep1-X/regulons_20_TF.tsv	10x-rep1-kallisto-cellbender-X/regulons_20_TF.tsv
1913	b_cells	JUN	0.17647058823529413	20	20	20	50	bd-rhap-rep1-X/regulons_20_TF.tsv vs 10x-rep1-kallisto-cellbender-X/regulons_20_TF.tsv	bd-rhap-rep1-X/regulons_20_TF.tsv	10x-rep1-kallisto-cellbender-X/regulons_20_TF.tsv
1914	DC	SOX4	0.14285714285714285	20	20	20	50	bd-rhap-rep1-X/regulons_20_TF.tsv vs 10x-rep1-kallisto-cellbender-X/regulons_20_TF.tsv	bd-rhap-rep1-X/regulons_20_TF.tsv	10x-rep1-kallisto-cellbender-X/regulons_20_TF.tsv
1915	b_cells	FOS	0.1111111111111111	20	20	20	50	bd-rhap-rep1-X/regulons_20_TF.tsv vs 10x-rep1-kallisto-cellbender-X/regulons_20_TF.tsv	bd-rhap-rep1-X/regulons_20_TF.tsv	10x-rep1-kallisto-cellbender-X/regulons_20_TF.tsv
1916	cd14+_monocytes	CEBPD	0.3333333333333333	20	20	20	50	bd-rhap-rep1-X/regulons_20_TF.tsv vs 10x-rep1-kallisto-cellbender-X/regulons_20_TF.tsv	bd-rhap-rep1-X/regulons_20_TF.tsv	10x-rep1-kallisto-cellbender-X/regulons_20_TF.tsv
1917	b_cells	POU2F2	0.2903225806451613	20	20	20	50	bd-rhap-rep1-X/regulons_20_TF.tsv vs 10x-rep1-kallisto-cellbender-X/regulons_20_TF.tsv	bd-rhap-rep1-X/regulons_20_TF.tsv	10x-rep1-kallisto-cellbender-X/regulons_20_TF.tsv
1918	nk_cells	RORA	0.25	20	20	20	50	bd-rhap-rep1-X/regulons_20_TF.tsv vs 10x-rep1-kallisto-cellbender-X/regulons_20_TF.tsv	bd-rhap-rep1-X/regulons_20_TF.tsv	10x-rep1-kallisto-cellbender-X/regulons_20_TF.tsv
1919	pDC	BTG2	0.05263157894736842	20	20	20	50	bd-rhap-rep1-X/regulons_20_TF.tsv vs 10x-rep1-kallisto-cellbender-X/regulons_20_TF.tsv	bd-rhap-rep1-X/regulons_20_TF.tsv	10x-rep1-kallisto-cellbender-X/regulons_20_TF.tsv
1920	cd14+_monocytes	JUN	0.17647058823529413	20	20	20	50	bd-rhap-rep1-X/regulons_20_TF.tsv vs 10x-rep1-kallisto-cellbender-X/regulons_20_TF.tsv	bd-rhap-rep1-X/regulons_20_TF.tsv	10x-rep1-kallisto-cellbender-X/regulons_20_TF.tsv
1921	cd14+_monocytes	IRF1	0.17647058823529413	20	20	20	50	bd-rhap-rep1-X/regulons_20_TF.tsv vs 10x-rep1-kallisto-cellbender-X/regulons_20_TF.tsv	bd-rhap-rep1-X/regulons_20_TF.tsv	10x-rep1-kallisto-cellbender-X/regulons_20_TF.tsv
1922	cd14+_monocytes	LMO4	0.21212121212121213	20	20	20	50	bd-rhap-rep1-X/regulons_20_TF.tsv vs 10x-rep1-kallisto-cellbender-X/regulons_20_TF.tsv	bd-rhap-rep1-X/regulons_20_TF.tsv	10x-rep1-kallisto-cellbender-X/regulons_20_TF.tsv
1923	cd14+_monocytes	POU2F2	0.21212121212121213	20	20	20	50	bd-rhap-rep1-X/regulons_20_TF.tsv vs 10x-rep1-kallisto-cellbender-X/regulons_20_TF.tsv	bd-rhap-rep1-X/regulons_20_TF.tsv	10x-rep1-kallisto-cellbender-X/regulons_20_TF.tsv
1924	nk_cells	JUN	0.2903225806451613	20	20	20	50	bd-rhap-rep1-X/regulons_20_TF.tsv vs 10x-rep1-kallisto-cellbender-X/regulons_20_TF.tsv	bd-rhap-rep1-X/regulons_20_TF.tsv	10x-rep1-kallisto-cellbender-X/regulons_20_TF.tsv
1925	pDC	TCF4	0.3793103448275862	20	20	20	50	bd-rhap-rep1-X/regulons_20_TF.tsv vs 10x-rep1-kallisto-cellbender-X/regulons_20_TF.tsv	bd-rhap-rep1-X/regulons_20_TF.tsv	10x-rep1-kallisto-cellbender-X/regulons_20_TF.tsv
1926	nk_cells	RUNX3	0.25	20	20	20	50	bd-rhap-rep1-X/regulons_20_TF.tsv vs 10x-rep1-kallisto-cellbender-X/regulons_20_TF.tsv	bd-rhap-rep1-X/regulons_20_TF.tsv	10x-rep1-kallisto-cellbender-X/regulons_20_TF.tsv
1927	nk_cells	FOS	0.1111111111111111	20	20	20	50	bd-rhap-rep1-X/regulons_20_TF.tsv vs 10x-rep1-kallisto-cellbender-X/regulons_20_TF.tsv	bd-rhap-rep1-X/regulons_20_TF.tsv	10x-rep1-kallisto-cellbender-X/regulons_20_TF.tsv
1928	cd14-_monocytes	NR4A1	0.21212121212121213	20	20	20	50	bd-rhap-rep1-X/regulons_20_TF.tsv vs 10x-rep1-kallisto-cellbender-X/regulons_20_TF.tsv	bd-rhap-rep1-X/regulons_20_TF.tsv	10x-rep1-kallisto-cellbender-X/regulons_20_TF.tsv
1929	DC	FOS	0.14285714285714285	20	20	20	50	bd-rhap-rep1-X/regulons_20_TF.tsv vs 10x-rep1-kallisto-cellbender-X/regulons_20_TF.tsv	bd-rhap-rep1-X/regulons_20_TF.tsv	10x-rep1-kallisto-cellbender-X/regulons_20_TF.tsv
1930	cd14+_monocytes	MAFB	0.21212121212121213	20	20	20	50	bd-rhap-rep1-X/regulons_20_TF.tsv vs 10x-rep1-kallisto-cellbender-X/regulons_20_TF.tsv	bd-rhap-rep1-X/regulons_20_TF.tsv	10x-rep1-kallisto-cellbender-X/regulons_20_TF.tsv
1931	DC	LMO4	0.42857142857142855	20	20	20	50	bd-rhap-rep1-X/regulons_20_TF.tsv vs 10x-rep1-kallisto-cellbender-X/regulons_20_TF.tsv	bd-rhap-rep1-X/regulons_20_TF.tsv	10x-rep1-kallisto-cellbender-X/regulons_20_TF.tsv
1932	b_cells	BTG2	0.17647058823529413	20	20	20	50	bd-rhap-rep1-X/regulons_20_TF.tsv vs 10x-rep1-kallisto-cellbender-X/regulons_20_TF.tsv	bd-rhap-rep1-X/regulons_20_TF.tsv	10x-rep1-kallisto-cellbender-X/regulons_20_TF.tsv
1933	cd14-_monocytes	HMGB2	0.02564102564102564	20	20	20	50	bd-rhap-rep1-X/regulons_20_TF.tsv vs 10x-rep1-kallisto-cellbender-X/regulons_20_TF.tsv	bd-rhap-rep1-X/regulons_20_TF.tsv	10x-rep1-kallisto-cellbender-X/regulons_20_TF.tsv
1934	b_cells	BCL11A	0.48148148148148145	20	20	20	50	bd-rhap-rep1-X/regulons_20_TF.tsv vs 10x-rep1-kallisto-cellbender-X/regulons_20_TF.tsv	bd-rhap-rep1-X/regulons_20_TF.tsv	10x-rep1-kallisto-cellbender-X/regulons_20_TF.tsv
1935	cd14-_monocytes	ID2	0.08108108108108109	20	20	20	50	bd-rhap-rep1-X/regulons_20_TF.tsv vs 10x-rep1-kallisto-cellbender-X/regulons_20_TF.tsv	bd-rhap-rep1-X/regulons_20_TF.tsv	10x-rep1-kallisto-cellbender-X/regulons_20_TF.tsv
1936	pDC	STAT1	0.02564102564102564	20	20	20	50	bd-rhap-rep1-X/regulons_20_TF.tsv vs 10x-rep1-kallisto-cellbender-X/regulons_20_TF.tsv	bd-rhap-rep1-X/regulons_20_TF.tsv	10x-rep1-kallisto-cellbender-X/regulons_20_TF.tsv
1937	cd4+_tcells	RORA	0.25	20	20	20	50	bd-rhap-rep1-X/regulons_20_TF.tsv vs 10x-rep1-kallisto-cellbender-X/regulons_20_TF.tsv	bd-rhap-rep1-X/regulons_20_TF.tsv	10x-rep1-kallisto-cellbender-X/regulons_20_TF.tsv
1938	pDC	SOX4	0.3793103448275862	20	20	20	50	bd-rhap-rep1-X/regulons_20_TF.tsv vs 10x-rep1-kallisto-cellbender-X/regulons_20_TF.tsv	bd-rhap-rep1-X/regulons_20_TF.tsv	10x-rep1-kallisto-cellbender-X/regulons_20_TF.tsv
1939	cd14+_monocytes	BTG2	0.25	20	20	20	50	bd-rhap-rep1-X/regulons_20_TF.tsv vs 10x-rep1-kallisto-cellbender-X/regulons_20_TF.tsv	bd-rhap-rep1-X/regulons_20_TF.tsv	10x-rep1-kallisto-cellbender-X/regulons_20_TF.tsv
1940	b_cells	TCF4	0.3793103448275862	20	20	20	50	bd-rhap-rep1-X/regulons_20_TF.tsv vs 10x-rep1-kallisto-cellbender-X/regulons_20_TF.tsv	bd-rhap-rep1-X/regulons_20_TF.tsv	10x-rep1-kallisto-cellbender-X/regulons_20_TF.tsv
1941	b_cells	SP140	0.42857142857142855	20	20	20	50	bd-rhap-rep1-X/regulons_20_TF.tsv vs 10x-rep1-kallisto-cellbender-X/regulons_20_TF.tsv	bd-rhap-rep1-X/regulons_20_TF.tsv	10x-rep1-kallisto-cellbender-X/regulons_20_TF.tsv
1942	nk_cells	ZEB2	0.08108108108108109	20	20	20	50	bd-rhap-rep1-X/regulons_20_TF.tsv vs 10x-rep1-kallisto-cellbender-X/regulons_20_TF.tsv	bd-rhap-rep1-X/regulons_20_TF.tsv	10x-rep1-kallisto-cellbender-X/regulons_20_TF.tsv
1943	cd14-_monocytes	TLE5	0.14285714285714285	20	20	20	50	bd-rhap-rep1-X/regulons_20_TF.tsv vs 10x-rep1-kallisto-cellbender-X/regulons_20_TF.tsv	bd-rhap-rep1-X/regulons_20_TF.tsv	10x-rep1-kallisto-cellbender-X/regulons_20_TF.tsv
1944	DC	BCL11A	0.3793103448275862	20	20	20	50	bd-rhap-rep1-X/regulons_20_TF.tsv vs 10x-rep1-kallisto-cellbender-X/regulons_20_TF.tsv	bd-rhap-rep1-X/regulons_20_TF.tsv	10x-rep1-kallisto-cellbender-X/regulons_20_TF.tsv
1945	pDC	JUN	0.17647058823529413	20	20	20	50	bd-rhap-rep1-X/regulons_20_TF.tsv vs 10x-rep1-kallisto-cellbender-X/regulons_20_TF.tsv	bd-rhap-rep1-X/regulons_20_TF.tsv	10x-rep1-kallisto-cellbender-X/regulons_20_TF.tsv
1946	pDC	RUNX2	0.3793103448275862	20	20	20	50	bd-rhap-rep1-X/regulons_20_TF.tsv vs 10x-rep1-kallisto-cellbender-X/regulons_20_TF.tsv	bd-rhap-rep1-X/regulons_20_TF.tsv	10x-rep1-kallisto-cellbender-X/regulons_20_TF.tsv
1947	pDC	FOS	0.05263157894736842	20	20	20	50	bd-rhap-rep1-X/regulons_20_TF.tsv vs 10x-rep1-kallisto-cellbender-X/regulons_20_TF.tsv	bd-rhap-rep1-X/regulons_20_TF.tsv	10x-rep1-kallisto-cellbender-X/regulons_20_TF.tsv
1948	cd14+_monocytes	STAT1	0.17647058823529413	20	20	20	50	bd-rhap-rep1-X/regulons_20_TF.tsv vs 10x-rep1-kallisto-cellbender-X/regulons_20_TF.tsv	bd-rhap-rep1-X/regulons_20_TF.tsv	10x-rep1-kallisto-cellbender-X/regulons_20_TF.tsv
1949	cd14+_monocytes	SOX4	0.3793103448275862	20	20	20	50	bd-rhap-rep1-X/regulons_20_TF.tsv vs 10x-rep1-kallisto-cellbender-X/regulons_20_TF.tsv	bd-rhap-rep1-X/regulons_20_TF.tsv	10x-rep1-kallisto-cellbender-X/regulons_20_TF.tsv
1950	pDC	ZEB2	0.17647058823529413	20	20	20	50	bd-rhap-rep1-X/regulons_20_TF.tsv vs 10x-rep1-kallisto-cellbender-X/regulons_20_TF.tsv	bd-rhap-rep1-X/regulons_20_TF.tsv	10x-rep1-kallisto-cellbender-X/regulons_20_TF.tsv
1951	cd14-_monocytes	CEBPD	0.21212121212121213	20	20	20	50	bd-rhap-rep1-X/regulons_20_TF.tsv vs 10x-rep1-kallisto-cellbender-X/regulons_20_TF.tsv	bd-rhap-rep1-X/regulons_20_TF.tsv	10x-rep1-kallisto-cellbender-X/regulons_20_TF.tsv
1952	cd8+_tcells	TCF7	0.17647058823529413	20	20	20	50	bd-rhap-rep1-X/regulons_20_TF.tsv vs 10x-rep1-kallisto-cellbender-X/regulons_20_TF.tsv	bd-rhap-rep1-X/regulons_20_TF.tsv	10x-rep1-kallisto-cellbender-X/regulons_20_TF.tsv
1953	pDC	BCL11A	0.5384615384615384	20	20	20	50	bd-rhap-rep1-X/regulons_20_TF.tsv vs 10x-rep1-kallisto-cellbender-X/regulons_20_TF.tsv	bd-rhap-rep1-X/regulons_20_TF.tsv	10x-rep1-kallisto-cellbender-X/regulons_20_TF.tsv
1954	cd14-_monocytes	RUNX3	0.21212121212121213	20	20	20	50	bd-rhap-rep1-X/regulons_20_TF.tsv vs 10x-rep1-kallisto-cellbender-X/regulons_20_TF.tsv	bd-rhap-rep1-X/regulons_20_TF.tsv	10x-rep1-kallisto-cellbender-X/regulons_20_TF.tsv
1955	cd14+_monocytes	FOS	0.3333333333333333	20	20	20	50	bd-rhap-rep1-X/regulons_20_TF.tsv vs 10x-rep1-kallisto-cellbender-X/regulons_20_TF.tsv	bd-rhap-rep1-X/regulons_20_TF.tsv	10x-rep1-kallisto-cellbender-X/regulons_20_TF.tsv
1956	cd14-_monocytes	LMO4	0.3333333333333333	20	20	20	50	bd-rhap-rep1-X/regulons_20_TF.tsv vs 10x-rep1-kallisto-cellbender-X/regulons_20_TF.tsv	bd-rhap-rep1-X/regulons_20_TF.tsv	10x-rep1-kallisto-cellbender-X/regulons_20_TF.tsv
1957	cd14-_monocytes	POU2F2	0.3333333333333333	20	20	20	50	bd-rhap-rep1-X/regulons_20_TF.tsv vs 10x-rep1-kallisto-cellbender-X/regulons_20_TF.tsv	bd-rhap-rep1-X/regulons_20_TF.tsv	10x-rep1-kallisto-cellbender-X/regulons_20_TF.tsv
1958	cd14-_monocytes	MAFB	0.14285714285714285	20	20	20	50	bd-rhap-rep1-X/regulons_20_TF.tsv vs 10x-rep1-kallisto-cellbender-X/regulons_20_TF.tsv	bd-rhap-rep1-X/regulons_20_TF.tsv	10x-rep1-kallisto-cellbender-X/regulons_20_TF.tsv
1959	cd8+_tcells	IRF1	0.1111111111111111	20	20	20	50	bd-rhap-rep1-X/regulons_20_TF.tsv vs 10x-rep1-kallisto-cellbender-X/regulons_20_TF.tsv	bd-rhap-rep1-X/regulons_20_TF.tsv	10x-rep1-kallisto-cellbender-X/regulons_20_TF.tsv
1960	cd14-_monocytes	BTG2	0.05263157894736842	20	20	20	50	bd-rhap-rep2-X/regulons_20_TF.tsv vs 10x-rep1-kallisto-cellbender-X/regulons_20_TF.tsv	bd-rhap-rep2-X/regulons_20_TF.tsv	10x-rep1-kallisto-cellbender-X/regulons_20_TF.tsv
1961	cd8+_tcells	RUNX3	0.08108108108108109	20	20	20	50	bd-rhap-rep2-X/regulons_20_TF.tsv vs 10x-rep1-kallisto-cellbender-X/regulons_20_TF.tsv	bd-rhap-rep2-X/regulons_20_TF.tsv	10x-rep1-kallisto-cellbender-X/regulons_20_TF.tsv
1962	cd8+_tcells	HOPX	0.21212121212121213	20	20	20	50	bd-rhap-rep2-X/regulons_20_TF.tsv vs 10x-rep1-kallisto-cellbender-X/regulons_20_TF.tsv	bd-rhap-rep2-X/regulons_20_TF.tsv	10x-rep1-kallisto-cellbender-X/regulons_20_TF.tsv
1963	cd8+_tcells	IKZF3	0.25	20	20	20	50	bd-rhap-rep2-X/regulons_20_TF.tsv vs 10x-rep1-kallisto-cellbender-X/regulons_20_TF.tsv	bd-rhap-rep2-X/regulons_20_TF.tsv	10x-rep1-kallisto-cellbender-X/regulons_20_TF.tsv
1964	nk_cells	BTG2	0.05263157894736842	20	20	20	50	bd-rhap-rep2-X/regulons_20_TF.tsv vs 10x-rep1-kallisto-cellbender-X/regulons_20_TF.tsv	bd-rhap-rep2-X/regulons_20_TF.tsv	10x-rep1-kallisto-cellbender-X/regulons_20_TF.tsv
1965	DC	ZEB2	0.17647058823529413	20	20	20	50	bd-rhap-rep2-X/regulons_20_TF.tsv vs 10x-rep1-kallisto-cellbender-X/regulons_20_TF.tsv	bd-rhap-rep2-X/regulons_20_TF.tsv	10x-rep1-kallisto-cellbender-X/regulons_20_TF.tsv
1966	nk_cells	ZEB2	0.08108108108108109	20	20	20	50	bd-rhap-rep2-X/regulons_20_TF.tsv vs 10x-rep1-kallisto-cellbender-X/regulons_20_TF.tsv	bd-rhap-rep2-X/regulons_20_TF.tsv	10x-rep1-kallisto-cellbender-X/regulons_20_TF.tsv
1967	DC	BCL11A	0.3333333333333333	20	20	20	50	bd-rhap-rep2-X/regulons_20_TF.tsv vs 10x-rep1-kallisto-cellbender-X/regulons_20_TF.tsv	bd-rhap-rep2-X/regulons_20_TF.tsv	10x-rep1-kallisto-cellbender-X/regulons_20_TF.tsv
1968	cd8+_tcells	ID2	0.1111111111111111	20	20	20	50	bd-rhap-rep2-X/regulons_20_TF.tsv vs 10x-rep1-kallisto-cellbender-X/regulons_20_TF.tsv	bd-rhap-rep2-X/regulons_20_TF.tsv	10x-rep1-kallisto-cellbender-X/regulons_20_TF.tsv
1969	nk_cells	ETS1	0.17647058823529413	20	20	20	50	bd-rhap-rep2-X/regulons_20_TF.tsv vs 10x-rep1-kallisto-cellbender-X/regulons_20_TF.tsv	bd-rhap-rep2-X/regulons_20_TF.tsv	10x-rep1-kallisto-cellbender-X/regulons_20_TF.tsv
1970	pDC	IRF7	0.1111111111111111	20	20	20	50	bd-rhap-rep2-X/regulons_20_TF.tsv vs 10x-rep1-kallisto-cellbender-X/regulons_20_TF.tsv	bd-rhap-rep2-X/regulons_20_TF.tsv	10x-rep1-kallisto-cellbender-X/regulons_20_TF.tsv
1971	pDC	RUNX2	0.3793103448275862	20	20	20	50	bd-rhap-rep2-X/regulons_20_TF.tsv vs 10x-rep1-kallisto-cellbender-X/regulons_20_TF.tsv	bd-rhap-rep2-X/regulons_20_TF.tsv	10x-rep1-kallisto-cellbender-X/regulons_20_TF.tsv
1972	nk_cells	TFDP2	0.3333333333333333	20	20	20	50	bd-rhap-rep2-X/regulons_20_TF.tsv vs 10x-rep1-kallisto-cellbender-X/regulons_20_TF.tsv	bd-rhap-rep2-X/regulons_20_TF.tsv	10x-rep1-kallisto-cellbender-X/regulons_20_TF.tsv
1973	pDC	IRF8	0.6666666666666666	20	20	20	50	bd-rhap-rep2-X/regulons_20_TF.tsv vs 10x-rep1-kallisto-cellbender-X/regulons_20_TF.tsv	bd-rhap-rep2-X/regulons_20_TF.tsv	10x-rep1-kallisto-cellbender-X/regulons_20_TF.tsv
1974	DC	MAX	0.0	20	20	20	50	bd-rhap-rep2-X/regulons_20_TF.tsv vs 10x-rep1-kallisto-cellbender-X/regulons_20_TF.tsv	bd-rhap-rep2-X/regulons_20_TF.tsv	10x-rep1-kallisto-cellbender-X/regulons_20_TF.tsv
1975	cd4+_tcells	BTG2	0.14285714285714285	20	20	20	50	bd-rhap-rep2-X/regulons_20_TF.tsv vs 10x-rep1-kallisto-cellbender-X/regulons_20_TF.tsv	bd-rhap-rep2-X/regulons_20_TF.tsv	10x-rep1-kallisto-cellbender-X/regulons_20_TF.tsv
1976	cd8+_tcells	BTG2	0.17647058823529413	20	20	20	50	bd-rhap-rep2-X/regulons_20_TF.tsv vs 10x-rep1-kallisto-cellbender-X/regulons_20_TF.tsv	bd-rhap-rep2-X/regulons_20_TF.tsv	10x-rep1-kallisto-cellbender-X/regulons_20_TF.tsv
1977	cd14+_monocytes	SOX4	0.3333333333333333	20	20	20	50	bd-rhap-rep2-X/regulons_20_TF.tsv vs 10x-rep1-kallisto-cellbender-X/regulons_20_TF.tsv	bd-rhap-rep2-X/regulons_20_TF.tsv	10x-rep1-kallisto-cellbender-X/regulons_20_TF.tsv
1978	cd4+_tcells	BCL11B	0.3333333333333333	20	20	20	50	bd-rhap-rep2-X/regulons_20_TF.tsv vs 10x-rep1-kallisto-cellbender-X/regulons_20_TF.tsv	bd-rhap-rep2-X/regulons_20_TF.tsv	10x-rep1-kallisto-cellbender-X/regulons_20_TF.tsv
1979	nk_cells	MYBL1	0.3333333333333333	20	20	20	50	bd-rhap-rep2-X/regulons_20_TF.tsv vs 10x-rep1-kallisto-cellbender-X/regulons_20_TF.tsv	bd-rhap-rep2-X/regulons_20_TF.tsv	10x-rep1-kallisto-cellbender-X/regulons_20_TF.tsv
1980	cd14-_monocytes	SOX4	0.25	20	20	20	50	bd-rhap-rep2-X/regulons_20_TF.tsv vs 10x-rep1-kallisto-cellbender-X/regulons_20_TF.tsv	bd-rhap-rep2-X/regulons_20_TF.tsv	10x-rep1-kallisto-cellbender-X/regulons_20_TF.tsv
1981	DC	SOX4	0.14285714285714285	20	20	20	50	bd-rhap-rep2-X/regulons_20_TF.tsv vs 10x-rep1-kallisto-cellbender-X/regulons_20_TF.tsv	bd-rhap-rep2-X/regulons_20_TF.tsv	10x-rep1-kallisto-cellbender-X/regulons_20_TF.tsv
1982	b_cells	IKZF3	0.25	20	20	20	50	bd-rhap-rep2-X/regulons_20_TF.tsv vs 10x-rep1-kallisto-cellbender-X/regulons_20_TF.tsv	bd-rhap-rep2-X/regulons_20_TF.tsv	10x-rep1-kallisto-cellbender-X/regulons_20_TF.tsv
1983	pDC	ZEB2	0.14285714285714285	20	20	20	50	bd-rhap-rep2-X/regulons_20_TF.tsv vs 10x-rep1-kallisto-cellbender-X/regulons_20_TF.tsv	bd-rhap-rep2-X/regulons_20_TF.tsv	10x-rep1-kallisto-cellbender-X/regulons_20_TF.tsv
1984	cd4+_tcells	ETS1	0.3793103448275862	20	20	20	50	bd-rhap-rep2-X/regulons_20_TF.tsv vs 10x-rep1-kallisto-cellbender-X/regulons_20_TF.tsv	bd-rhap-rep2-X/regulons_20_TF.tsv	10x-rep1-kallisto-cellbender-X/regulons_20_TF.tsv
1985	nk_cells	RORA	0.21212121212121213	20	20	20	50	bd-rhap-rep2-X/regulons_20_TF.tsv vs 10x-rep1-kallisto-cellbender-X/regulons_20_TF.tsv	bd-rhap-rep2-X/regulons_20_TF.tsv	10x-rep1-kallisto-cellbender-X/regulons_20_TF.tsv
1986	pDC	BTG2	0.05263157894736842	20	20	20	50	bd-rhap-rep2-X/regulons_20_TF.tsv vs 10x-rep1-kallisto-cellbender-X/regulons_20_TF.tsv	bd-rhap-rep2-X/regulons_20_TF.tsv	10x-rep1-kallisto-cellbender-X/regulons_20_TF.tsv
1987	b_cells	IRF8	0.21212121212121213	20	20	20	50	bd-rhap-rep2-X/regulons_20_TF.tsv vs 10x-rep1-kallisto-cellbender-X/regulons_20_TF.tsv	bd-rhap-rep2-X/regulons_20_TF.tsv	10x-rep1-kallisto-cellbender-X/regulons_20_TF.tsv
1988	cd8+_tcells	ETS1	0.42857142857142855	20	20	20	50	bd-rhap-rep2-X/regulons_20_TF.tsv vs 10x-rep1-kallisto-cellbender-X/regulons_20_TF.tsv	bd-rhap-rep2-X/regulons_20_TF.tsv	10x-rep1-kallisto-cellbender-X/regulons_20_TF.tsv
1989	cd8+_tcells	TCF7	0.17647058823529413	20	20	20	50	bd-rhap-rep2-X/regulons_20_TF.tsv vs 10x-rep1-kallisto-cellbender-X/regulons_20_TF.tsv	bd-rhap-rep2-X/regulons_20_TF.tsv	10x-rep1-kallisto-cellbender-X/regulons_20_TF.tsv
1990	cd4+_tcells	TCF7	0.2903225806451613	20	20	20	50	bd-rhap-rep2-X/regulons_20_TF.tsv vs 10x-rep1-kallisto-cellbender-X/regulons_20_TF.tsv	bd-rhap-rep2-X/regulons_20_TF.tsv	10x-rep1-kallisto-cellbender-X/regulons_20_TF.tsv
1991	pDC	BCL11A	0.5384615384615384	20	20	20	50	bd-rhap-rep2-X/regulons_20_TF.tsv vs 10x-rep1-kallisto-cellbender-X/regulons_20_TF.tsv	bd-rhap-rep2-X/regulons_20_TF.tsv	10x-rep1-kallisto-cellbender-X/regulons_20_TF.tsv
1992	b_cells	SP140	0.3793103448275862	20	20	20	50	bd-rhap-rep2-X/regulons_20_TF.tsv vs 10x-rep1-kallisto-cellbender-X/regulons_20_TF.tsv	bd-rhap-rep2-X/regulons_20_TF.tsv	10x-rep1-kallisto-cellbender-X/regulons_20_TF.tsv
1993	cd14-_monocytes	RUNX3	0.14285714285714285	20	20	20	50	bd-rhap-rep2-X/regulons_20_TF.tsv vs 10x-rep1-kallisto-cellbender-X/regulons_20_TF.tsv	bd-rhap-rep2-X/regulons_20_TF.tsv	10x-rep1-kallisto-cellbender-X/regulons_20_TF.tsv
1994	pDC	TCF4	0.42857142857142855	20	20	20	50	bd-rhap-rep2-X/regulons_20_TF.tsv vs 10x-rep1-kallisto-cellbender-X/regulons_20_TF.tsv	bd-rhap-rep2-X/regulons_20_TF.tsv	10x-rep1-kallisto-cellbender-X/regulons_20_TF.tsv
1995	nk_cells	RUNX3	0.21212121212121213	20	20	20	50	bd-rhap-rep2-X/regulons_20_TF.tsv vs 10x-rep1-kallisto-cellbender-X/regulons_20_TF.tsv	bd-rhap-rep2-X/regulons_20_TF.tsv	10x-rep1-kallisto-cellbender-X/regulons_20_TF.tsv
1996	cd14+_monocytes	IRF8	0.14285714285714285	20	20	20	50	bd-rhap-rep2-X/regulons_20_TF.tsv vs 10x-rep1-kallisto-cellbender-X/regulons_20_TF.tsv	bd-rhap-rep2-X/regulons_20_TF.tsv	10x-rep1-kallisto-cellbender-X/regulons_20_TF.tsv
1997	nk_cells	HOPX	0.2903225806451613	20	20	20	50	bd-rhap-rep2-X/regulons_20_TF.tsv vs 10x-rep1-kallisto-cellbender-X/regulons_20_TF.tsv	bd-rhap-rep2-X/regulons_20_TF.tsv	10x-rep1-kallisto-cellbender-X/regulons_20_TF.tsv
1998	pDC	ETS1	0.17647058823529413	20	20	20	50	bd-rhap-rep2-X/regulons_20_TF.tsv vs 10x-rep1-kallisto-cellbender-X/regulons_20_TF.tsv	bd-rhap-rep2-X/regulons_20_TF.tsv	10x-rep1-kallisto-cellbender-X/regulons_20_TF.tsv
1999	cd14-_monocytes	NR4A1	0.1111111111111111	20	20	20	50	bd-rhap-rep2-X/regulons_20_TF.tsv vs 10x-rep1-kallisto-cellbender-X/regulons_20_TF.tsv	bd-rhap-rep2-X/regulons_20_TF.tsv	10x-rep1-kallisto-cellbender-X/regulons_20_TF.tsv
2000	DC	NR4A1	0.02564102564102564	20	20	20	50	bd-rhap-rep2-X/regulons_20_TF.tsv vs 10x-rep1-kallisto-cellbender-X/regulons_20_TF.tsv	bd-rhap-rep2-X/regulons_20_TF.tsv	10x-rep1-kallisto-cellbender-X/regulons_20_TF.tsv
2001	cd14+_monocytes	EGR1	0.1111111111111111	20	20	20	50	bd-rhap-rep2-X/regulons_20_TF.tsv vs 10x-rep1-kallisto-cellbender-X/regulons_20_TF.tsv	bd-rhap-rep2-X/regulons_20_TF.tsv	10x-rep1-kallisto-cellbender-X/regulons_20_TF.tsv
2002	cd14+_monocytes	ID2	0.21212121212121213	20	20	20	50	bd-rhap-rep2-X/regulons_20_TF.tsv vs 10x-rep1-kallisto-cellbender-X/regulons_20_TF.tsv	bd-rhap-rep2-X/regulons_20_TF.tsv	10x-rep1-kallisto-cellbender-X/regulons_20_TF.tsv
2003	DC	IRF7	0.08108108108108109	20	20	20	50	bd-rhap-rep2-X/regulons_20_TF.tsv vs 10x-rep1-kallisto-cellbender-X/regulons_20_TF.tsv	bd-rhap-rep2-X/regulons_20_TF.tsv	10x-rep1-kallisto-cellbender-X/regulons_20_TF.tsv
2004	b_cells	BTG2	0.17647058823529413	20	20	20	50	bd-rhap-rep2-X/regulons_20_TF.tsv vs 10x-rep1-kallisto-cellbender-X/regulons_20_TF.tsv	bd-rhap-rep2-X/regulons_20_TF.tsv	10x-rep1-kallisto-cellbender-X/regulons_20_TF.tsv
2005	cd14-_monocytes	TCF7L2	0.08108108108108109	20	20	20	50	bd-rhap-rep2-X/regulons_20_TF.tsv vs 10x-rep1-kallisto-cellbender-X/regulons_20_TF.tsv	bd-rhap-rep2-X/regulons_20_TF.tsv	10x-rep1-kallisto-cellbender-X/regulons_20_TF.tsv
2006	b_cells	BCL11A	0.42857142857142855	20	20	20	50	bd-rhap-rep2-X/regulons_20_TF.tsv vs 10x-rep1-kallisto-cellbender-X/regulons_20_TF.tsv	bd-rhap-rep2-X/regulons_20_TF.tsv	10x-rep1-kallisto-cellbender-X/regulons_20_TF.tsv
2007	cd14-_monocytes	ID2	0.05263157894736842	20	20	20	50	bd-rhap-rep2-X/regulons_20_TF.tsv vs 10x-rep1-kallisto-cellbender-X/regulons_20_TF.tsv	bd-rhap-rep2-X/regulons_20_TF.tsv	10x-rep1-kallisto-cellbender-X/regulons_20_TF.tsv
2008	DC	IRF8	0.2903225806451613	20	20	20	50	bd-rhap-rep2-X/regulons_20_TF.tsv vs 10x-rep1-kallisto-cellbender-X/regulons_20_TF.tsv	bd-rhap-rep2-X/regulons_20_TF.tsv	10x-rep1-kallisto-cellbender-X/regulons_20_TF.tsv
2009	cd4+_tcells	LEF1	0.1111111111111111	20	20	20	50	bd-rhap-rep2-X/regulons_20_TF.tsv vs 10x-rep1-kallisto-cellbender-X/regulons_20_TF.tsv	bd-rhap-rep2-X/regulons_20_TF.tsv	10x-rep1-kallisto-cellbender-X/regulons_20_TF.tsv
2010	nk_cells	ID2	0.17647058823529413	20	20	20	50	bd-rhap-rep2-X/regulons_20_TF.tsv vs 10x-rep1-kallisto-cellbender-X/regulons_20_TF.tsv	bd-rhap-rep2-X/regulons_20_TF.tsv	10x-rep1-kallisto-cellbender-X/regulons_20_TF.tsv
2011	cd4+_tcells	RORA	0.25	20	20	20	50	bd-rhap-rep2-X/regulons_20_TF.tsv vs 10x-rep1-kallisto-cellbender-X/regulons_20_TF.tsv	bd-rhap-rep2-X/regulons_20_TF.tsv	10x-rep1-kallisto-cellbender-X/regulons_20_TF.tsv
2012	DC	ID2	0.08108108108108109	20	20	20	50	bd-rhap-rep2-X/regulons_20_TF.tsv vs 10x-rep1-kallisto-cellbender-X/regulons_20_TF.tsv	bd-rhap-rep2-X/regulons_20_TF.tsv	10x-rep1-kallisto-cellbender-X/regulons_20_TF.tsv
2013	cd14+_monocytes	ZEB2	0.17647058823529413	20	20	20	50	bd-rhap-rep2-X/regulons_20_TF.tsv vs 10x-rep1-kallisto-cellbender-X/regulons_20_TF.tsv	bd-rhap-rep2-X/regulons_20_TF.tsv	10x-rep1-kallisto-cellbender-X/regulons_20_TF.tsv
2014	b_cells	ETS1	0.1111111111111111	20	20	20	50	bd-rhap-rep2-X/regulons_20_TF.tsv vs 10x-rep1-kallisto-cellbender-X/regulons_20_TF.tsv	bd-rhap-rep2-X/regulons_20_TF.tsv	10x-rep1-kallisto-cellbender-X/regulons_20_TF.tsv
2015	pDC	SOX4	0.48148148148148145	20	20	20	50	bd-rhap-rep2-X/regulons_20_TF.tsv vs 10x-rep1-kallisto-cellbender-X/regulons_20_TF.tsv	bd-rhap-rep2-X/regulons_20_TF.tsv	10x-rep1-kallisto-cellbender-X/regulons_20_TF.tsv
2016	cd14+_monocytes	BTG2	0.14285714285714285	20	20	20	50	bd-rhap-rep2-X/regulons_20_TF.tsv vs 10x-rep1-kallisto-cellbender-X/regulons_20_TF.tsv	bd-rhap-rep2-X/regulons_20_TF.tsv	10x-rep1-kallisto-cellbender-X/regulons_20_TF.tsv
2017	b_cells	TCF4	0.2903225806451613	20	20	20	50	bd-rhap-rep2-X/regulons_20_TF.tsv vs 10x-rep1-kallisto-cellbender-X/regulons_20_TF.tsv	bd-rhap-rep2-X/regulons_20_TF.tsv	10x-rep1-kallisto-cellbender-X/regulons_20_TF.tsv
2018	cd14-_monocytes	ZEB2	0.14285714285714285	20	20	20	50	bd-rhap-rep2-X/regulons_20_TF.tsv vs 10x-rep1-kallisto-cellbender-X/regulons_20_TF.tsv	bd-rhap-rep2-X/regulons_20_TF.tsv	10x-rep1-kallisto-cellbender-X/regulons_20_TF.tsv
2019	cd14-_monocytes	BTG2	0.25	30	30	30	50	bd-rhap-rep1-X/regulons_30_TF.tsv vs bd-rhap-rep2-X/regulons_30_TF.tsv	bd-rhap-rep1-X/regulons_30_TF.tsv	bd-rhap-rep2-X/regulons_30_TF.tsv
2020	cd8+_tcells	HOPX	0.36363636363636365	30	30	30	50	bd-rhap-rep1-X/regulons_30_TF.tsv vs bd-rhap-rep2-X/regulons_30_TF.tsv	bd-rhap-rep1-X/regulons_30_TF.tsv	bd-rhap-rep2-X/regulons_30_TF.tsv
2021	cd8+_tcells	IKZF3	0.6216216216216216	30	30	30	50	bd-rhap-rep1-X/regulons_30_TF.tsv vs bd-rhap-rep2-X/regulons_30_TF.tsv	bd-rhap-rep1-X/regulons_30_TF.tsv	bd-rhap-rep2-X/regulons_30_TF.tsv
2022	nk_cells	RUNX1	0.36363636363636365	30	30	30	50	bd-rhap-rep1-X/regulons_30_TF.tsv vs bd-rhap-rep2-X/regulons_30_TF.tsv	bd-rhap-rep1-X/regulons_30_TF.tsv	bd-rhap-rep2-X/regulons_30_TF.tsv
2023	pDC	FOXP1	0.5	30	30	30	50	bd-rhap-rep1-X/regulons_30_TF.tsv vs bd-rhap-rep2-X/regulons_30_TF.tsv	bd-rhap-rep1-X/regulons_30_TF.tsv	bd-rhap-rep2-X/regulons_30_TF.tsv
2024	nk_cells	TBX21	0.30434782608695654	30	30	30	50	bd-rhap-rep1-X/regulons_30_TF.tsv vs bd-rhap-rep2-X/regulons_30_TF.tsv	bd-rhap-rep1-X/regulons_30_TF.tsv	bd-rhap-rep2-X/regulons_30_TF.tsv
2025	nk_cells	STAT4	0.2765957446808511	30	30	30	50	bd-rhap-rep1-X/regulons_30_TF.tsv vs bd-rhap-rep2-X/regulons_30_TF.tsv	bd-rhap-rep1-X/regulons_30_TF.tsv	bd-rhap-rep2-X/regulons_30_TF.tsv
2026	cd8+_tcells	ID2	0.36363636363636365	30	30	30	50	bd-rhap-rep1-X/regulons_30_TF.tsv vs bd-rhap-rep2-X/regulons_30_TF.tsv	bd-rhap-rep1-X/regulons_30_TF.tsv	bd-rhap-rep2-X/regulons_30_TF.tsv
2027	cd4+_tcells	ARID5B	0.3953488372093023	30	30	30	50	bd-rhap-rep1-X/regulons_30_TF.tsv vs bd-rhap-rep2-X/regulons_30_TF.tsv	bd-rhap-rep1-X/regulons_30_TF.tsv	bd-rhap-rep2-X/regulons_30_TF.tsv
2028	nk_cells	KAT6B	0.4634146341463415	30	30	30	50	bd-rhap-rep1-X/regulons_30_TF.tsv vs bd-rhap-rep2-X/regulons_30_TF.tsv	bd-rhap-rep1-X/regulons_30_TF.tsv	bd-rhap-rep2-X/regulons_30_TF.tsv
2029	DC	KAT6B	0.22448979591836735	30	30	30	50	bd-rhap-rep1-X/regulons_30_TF.tsv vs bd-rhap-rep2-X/regulons_30_TF.tsv	bd-rhap-rep1-X/regulons_30_TF.tsv	bd-rhap-rep2-X/regulons_30_TF.tsv
2030	b_cells	BACH2	0.36363636363636365	30	30	30	50	bd-rhap-rep1-X/regulons_30_TF.tsv vs bd-rhap-rep2-X/regulons_30_TF.tsv	bd-rhap-rep1-X/regulons_30_TF.tsv	bd-rhap-rep2-X/regulons_30_TF.tsv
2031	pDC	IRF8	0.6216216216216216	30	30	30	50	bd-rhap-rep1-X/regulons_30_TF.tsv vs bd-rhap-rep2-X/regulons_30_TF.tsv	bd-rhap-rep1-X/regulons_30_TF.tsv	bd-rhap-rep2-X/regulons_30_TF.tsv
2032	nk_cells	NFATC2	0.4634146341463415	30	30	30	50	bd-rhap-rep1-X/regulons_30_TF.tsv vs bd-rhap-rep2-X/regulons_30_TF.tsv	bd-rhap-rep1-X/regulons_30_TF.tsv	bd-rhap-rep2-X/regulons_30_TF.tsv
2033	cd14-_monocytes	HDAC9	0.25	30	30	30	50	bd-rhap-rep1-X/regulons_30_TF.tsv vs bd-rhap-rep2-X/regulons_30_TF.tsv	bd-rhap-rep1-X/regulons_30_TF.tsv	bd-rhap-rep2-X/regulons_30_TF.tsv
2034	b_cells	ZBTB20	0.4634146341463415	30	30	30	50	bd-rhap-rep1-X/regulons_30_TF.tsv vs bd-rhap-rep2-X/regulons_30_TF.tsv	bd-rhap-rep1-X/regulons_30_TF.tsv	bd-rhap-rep2-X/regulons_30_TF.tsv
2035	cd4+_tcells	RUNX1	0.22448979591836735	30	30	30	50	bd-rhap-rep1-X/regulons_30_TF.tsv vs bd-rhap-rep2-X/regulons_30_TF.tsv	bd-rhap-rep1-X/regulons_30_TF.tsv	bd-rhap-rep2-X/regulons_30_TF.tsv
2036	cd8+_tcells	MAF	0.3953488372093023	30	30	30	50	bd-rhap-rep1-X/regulons_30_TF.tsv vs bd-rhap-rep2-X/regulons_30_TF.tsv	bd-rhap-rep1-X/regulons_30_TF.tsv	bd-rhap-rep2-X/regulons_30_TF.tsv
2037	DC	HIVEP2	0.36363636363636365	30	30	30	50	bd-rhap-rep1-X/regulons_30_TF.tsv vs bd-rhap-rep2-X/regulons_30_TF.tsv	bd-rhap-rep1-X/regulons_30_TF.tsv	bd-rhap-rep2-X/regulons_30_TF.tsv
2038	cd14-_monocytes	SOX4	0.3953488372093023	30	30	30	50	bd-rhap-rep1-X/regulons_30_TF.tsv vs bd-rhap-rep2-X/regulons_30_TF.tsv	bd-rhap-rep1-X/regulons_30_TF.tsv	bd-rhap-rep2-X/regulons_30_TF.tsv
2039	cd4+_tcells	KLF12	0.5384615384615384	30	30	30	50	bd-rhap-rep1-X/regulons_30_TF.tsv vs bd-rhap-rep2-X/regulons_30_TF.tsv	bd-rhap-rep1-X/regulons_30_TF.tsv	bd-rhap-rep2-X/regulons_30_TF.tsv
2040	cd14+_monocytes	FOXP1	0.4634146341463415	30	30	30	50	bd-rhap-rep1-X/regulons_30_TF.tsv vs bd-rhap-rep2-X/regulons_30_TF.tsv	bd-rhap-rep1-X/regulons_30_TF.tsv	bd-rhap-rep2-X/regulons_30_TF.tsv
2041	cd4+_tcells	FOXO1	0.2765957446808511	30	30	30	50	bd-rhap-rep1-X/regulons_30_TF.tsv vs bd-rhap-rep2-X/regulons_30_TF.tsv	bd-rhap-rep1-X/regulons_30_TF.tsv	bd-rhap-rep2-X/regulons_30_TF.tsv
2042	cd4+_tcells	ETS1	0.5384615384615384	30	30	30	50	bd-rhap-rep1-X/regulons_30_TF.tsv vs bd-rhap-rep2-X/regulons_30_TF.tsv	bd-rhap-rep1-X/regulons_30_TF.tsv	bd-rhap-rep2-X/regulons_30_TF.tsv
2043	cd8+_tcells	KLF12	0.5789473684210527	30	30	30	50	bd-rhap-rep1-X/regulons_30_TF.tsv vs bd-rhap-rep2-X/regulons_30_TF.tsv	bd-rhap-rep1-X/regulons_30_TF.tsv	bd-rhap-rep2-X/regulons_30_TF.tsv
2044	cd14-_monocytes	FOSB	0.36363636363636365	30	30	30	50	bd-rhap-rep1-X/regulons_30_TF.tsv vs bd-rhap-rep2-X/regulons_30_TF.tsv	bd-rhap-rep1-X/regulons_30_TF.tsv	bd-rhap-rep2-X/regulons_30_TF.tsv
2045	b_cells	IRF8	0.4634146341463415	30	30	30	50	bd-rhap-rep1-X/regulons_30_TF.tsv vs bd-rhap-rep2-X/regulons_30_TF.tsv	bd-rhap-rep1-X/regulons_30_TF.tsv	bd-rhap-rep2-X/regulons_30_TF.tsv
2046	pDC	RUNX1	0.30434782608695654	30	30	30	50	bd-rhap-rep1-X/regulons_30_TF.tsv vs bd-rhap-rep2-X/regulons_30_TF.tsv	bd-rhap-rep1-X/regulons_30_TF.tsv	bd-rhap-rep2-X/regulons_30_TF.tsv
2047	cd4+_tcells	MAX	0.2765957446808511	30	30	30	50	bd-rhap-rep1-X/regulons_30_TF.tsv vs bd-rhap-rep2-X/regulons_30_TF.tsv	bd-rhap-rep1-X/regulons_30_TF.tsv	bd-rhap-rep2-X/regulons_30_TF.tsv
2048	cd4+_tcells	TCF7	0.5789473684210527	30	30	30	50	bd-rhap-rep1-X/regulons_30_TF.tsv vs bd-rhap-rep2-X/regulons_30_TF.tsv	bd-rhap-rep1-X/regulons_30_TF.tsv	bd-rhap-rep2-X/regulons_30_TF.tsv
2049	pDC	DACH1	0.3333333333333333	30	30	30	50	bd-rhap-rep1-X/regulons_30_TF.tsv vs bd-rhap-rep2-X/regulons_30_TF.tsv	bd-rhap-rep1-X/regulons_30_TF.tsv	bd-rhap-rep2-X/regulons_30_TF.tsv
2050	cd14+_monocytes	NFAT5	0.4634146341463415	30	30	30	50	bd-rhap-rep1-X/regulons_30_TF.tsv vs bd-rhap-rep2-X/regulons_30_TF.tsv	bd-rhap-rep1-X/regulons_30_TF.tsv	bd-rhap-rep2-X/regulons_30_TF.tsv
2051	b_cells	ARID5B	0.36363636363636365	30	30	30	50	bd-rhap-rep1-X/regulons_30_TF.tsv vs bd-rhap-rep2-X/regulons_30_TF.tsv	bd-rhap-rep1-X/regulons_30_TF.tsv	bd-rhap-rep2-X/regulons_30_TF.tsv
2052	DC	ZBTB20	0.4634146341463415	30	30	30	50	bd-rhap-rep1-X/regulons_30_TF.tsv vs bd-rhap-rep2-X/regulons_30_TF.tsv	bd-rhap-rep1-X/regulons_30_TF.tsv	bd-rhap-rep2-X/regulons_30_TF.tsv
2053	cd8+_tcells	MYBL1	0.3953488372093023	30	30	30	50	bd-rhap-rep1-X/regulons_30_TF.tsv vs bd-rhap-rep2-X/regulons_30_TF.tsv	bd-rhap-rep1-X/regulons_30_TF.tsv	bd-rhap-rep2-X/regulons_30_TF.tsv
2054	b_cells	HIPK2	0.04878048780487805	30	13	30	50	bd-rhap-rep1-X/regulons_30_TF.tsv vs bd-rhap-rep2-X/regulons_30_TF.tsv	bd-rhap-rep1-X/regulons_30_TF.tsv	bd-rhap-rep2-X/regulons_30_TF.tsv
2055	cd14+_monocytes	IRF8	0.3333333333333333	30	30	30	50	bd-rhap-rep1-X/regulons_30_TF.tsv vs bd-rhap-rep2-X/regulons_30_TF.tsv	bd-rhap-rep1-X/regulons_30_TF.tsv	bd-rhap-rep2-X/regulons_30_TF.tsv
2056	nk_cells	NFAT5	0.3333333333333333	30	30	30	50	bd-rhap-rep1-X/regulons_30_TF.tsv vs bd-rhap-rep2-X/regulons_30_TF.tsv	bd-rhap-rep1-X/regulons_30_TF.tsv	bd-rhap-rep2-X/regulons_30_TF.tsv
2057	pDC	MAX	0.1320754716981132	30	30	30	50	bd-rhap-rep1-X/regulons_30_TF.tsv vs bd-rhap-rep2-X/regulons_30_TF.tsv	bd-rhap-rep1-X/regulons_30_TF.tsv	bd-rhap-rep2-X/regulons_30_TF.tsv
2058	DC	NFAT5	0.25	30	30	30	50	bd-rhap-rep1-X/regulons_30_TF.tsv vs bd-rhap-rep2-X/regulons_30_TF.tsv	bd-rhap-rep1-X/regulons_30_TF.tsv	bd-rhap-rep2-X/regulons_30_TF.tsv
2059	DC	NR4A1	0.42857142857142855	30	30	30	50	bd-rhap-rep1-X/regulons_30_TF.tsv vs bd-rhap-rep2-X/regulons_30_TF.tsv	bd-rhap-rep1-X/regulons_30_TF.tsv	bd-rhap-rep2-X/regulons_30_TF.tsv
2060	cd14-_monocytes	TCF7L2	0.3953488372093023	30	30	30	50	bd-rhap-rep1-X/regulons_30_TF.tsv vs bd-rhap-rep2-X/regulons_30_TF.tsv	bd-rhap-rep1-X/regulons_30_TF.tsv	bd-rhap-rep2-X/regulons_30_TF.tsv
2061	DC	IRF8	0.5	30	30	30	50	bd-rhap-rep1-X/regulons_30_TF.tsv vs bd-rhap-rep2-X/regulons_30_TF.tsv	bd-rhap-rep1-X/regulons_30_TF.tsv	bd-rhap-rep2-X/regulons_30_TF.tsv
2062	cd4+_tcells	TRERF1	0.30434782608695654	30	30	30	50	bd-rhap-rep1-X/regulons_30_TF.tsv vs bd-rhap-rep2-X/regulons_30_TF.tsv	bd-rhap-rep1-X/regulons_30_TF.tsv	bd-rhap-rep2-X/regulons_30_TF.tsv
2063	b_cells	ETS1	0.5	30	30	30	50	bd-rhap-rep1-X/regulons_30_TF.tsv vs bd-rhap-rep2-X/regulons_30_TF.tsv	bd-rhap-rep1-X/regulons_30_TF.tsv	bd-rhap-rep2-X/regulons_30_TF.tsv
2064	nk_cells	HIPK2	0.36363636363636365	30	30	30	50	bd-rhap-rep1-X/regulons_30_TF.tsv vs bd-rhap-rep2-X/regulons_30_TF.tsv	bd-rhap-rep1-X/regulons_30_TF.tsv	bd-rhap-rep2-X/regulons_30_TF.tsv
2065	cd14-_monocytes	NFATC3	0.42857142857142855	30	30	30	50	bd-rhap-rep1-X/regulons_30_TF.tsv vs bd-rhap-rep2-X/regulons_30_TF.tsv	bd-rhap-rep1-X/regulons_30_TF.tsv	bd-rhap-rep2-X/regulons_30_TF.tsv
2066	cd14-_monocytes	ZEB2	0.42857142857142855	30	30	30	50	bd-rhap-rep1-X/regulons_30_TF.tsv vs bd-rhap-rep2-X/regulons_30_TF.tsv	bd-rhap-rep1-X/regulons_30_TF.tsv	bd-rhap-rep2-X/regulons_30_TF.tsv
2067	DC	HIPK2	0.15384615384615385	30	30	30	50	bd-rhap-rep1-X/regulons_30_TF.tsv vs bd-rhap-rep2-X/regulons_30_TF.tsv	bd-rhap-rep1-X/regulons_30_TF.tsv	bd-rhap-rep2-X/regulons_30_TF.tsv
2068	cd14+_monocytes	RUNX1	0.42857142857142855	30	30	30	50	bd-rhap-rep1-X/regulons_30_TF.tsv vs bd-rhap-rep2-X/regulons_30_TF.tsv	bd-rhap-rep1-X/regulons_30_TF.tsv	bd-rhap-rep2-X/regulons_30_TF.tsv
2069	cd8+_tcells	RUNX3	0.4634146341463415	30	30	30	50	bd-rhap-rep1-X/regulons_30_TF.tsv vs bd-rhap-rep2-X/regulons_30_TF.tsv	bd-rhap-rep1-X/regulons_30_TF.tsv	bd-rhap-rep2-X/regulons_30_TF.tsv
2070	cd4+_tcells	GATA3	0.30434782608695654	30	30	30	50	bd-rhap-rep1-X/regulons_30_TF.tsv vs bd-rhap-rep2-X/regulons_30_TF.tsv	bd-rhap-rep1-X/regulons_30_TF.tsv	bd-rhap-rep2-X/regulons_30_TF.tsv
2071	cd4+_tcells	TCF12	0.07142857142857142	30	15	30	50	bd-rhap-rep1-X/regulons_30_TF.tsv vs bd-rhap-rep2-X/regulons_30_TF.tsv	bd-rhap-rep1-X/regulons_30_TF.tsv	bd-rhap-rep2-X/regulons_30_TF.tsv
2072	b_cells	MAX	0.22448979591836735	30	30	30	50	bd-rhap-rep1-X/regulons_30_TF.tsv vs bd-rhap-rep2-X/regulons_30_TF.tsv	bd-rhap-rep1-X/regulons_30_TF.tsv	bd-rhap-rep2-X/regulons_30_TF.tsv
2073	cd4+_tcells	IKZF3	0.6666666666666666	30	30	30	50	bd-rhap-rep1-X/regulons_30_TF.tsv vs bd-rhap-rep2-X/regulons_30_TF.tsv	bd-rhap-rep1-X/regulons_30_TF.tsv	bd-rhap-rep2-X/regulons_30_TF.tsv
2074	pDC	TRERF1	0.2765957446808511	30	30	30	50	bd-rhap-rep1-X/regulons_30_TF.tsv vs bd-rhap-rep2-X/regulons_30_TF.tsv	bd-rhap-rep1-X/regulons_30_TF.tsv	bd-rhap-rep2-X/regulons_30_TF.tsv
2075	DC	RUNX1	0.3333333333333333	30	30	30	50	bd-rhap-rep1-X/regulons_30_TF.tsv vs bd-rhap-rep2-X/regulons_30_TF.tsv	bd-rhap-rep1-X/regulons_30_TF.tsv	bd-rhap-rep2-X/regulons_30_TF.tsv
2076	cd14+_monocytes	MAX	0.2765957446808511	30	30	30	50	bd-rhap-rep1-X/regulons_30_TF.tsv vs bd-rhap-rep2-X/regulons_30_TF.tsv	bd-rhap-rep1-X/regulons_30_TF.tsv	bd-rhap-rep2-X/regulons_30_TF.tsv
2077	pDC	ZBTB20	0.25	30	30	30	50	bd-rhap-rep1-X/regulons_30_TF.tsv vs bd-rhap-rep2-X/regulons_30_TF.tsv	bd-rhap-rep1-X/regulons_30_TF.tsv	bd-rhap-rep2-X/regulons_30_TF.tsv
2078	nk_cells	KLF12	0.6666666666666666	30	30	30	50	bd-rhap-rep1-X/regulons_30_TF.tsv vs bd-rhap-rep2-X/regulons_30_TF.tsv	bd-rhap-rep1-X/regulons_30_TF.tsv	bd-rhap-rep2-X/regulons_30_TF.tsv
2079	pDC	SETBP1	0.3333333333333333	30	30	30	50	bd-rhap-rep1-X/regulons_30_TF.tsv vs bd-rhap-rep2-X/regulons_30_TF.tsv	bd-rhap-rep1-X/regulons_30_TF.tsv	bd-rhap-rep2-X/regulons_30_TF.tsv
2080	cd4+_tcells	ID2	0.2765957446808511	30	30	30	50	bd-rhap-rep1-X/regulons_30_TF.tsv vs bd-rhap-rep2-X/regulons_30_TF.tsv	bd-rhap-rep1-X/regulons_30_TF.tsv	bd-rhap-rep2-X/regulons_30_TF.tsv
2081	nk_cells	ETS1	0.7142857142857143	30	30	30	50	bd-rhap-rep1-X/regulons_30_TF.tsv vs bd-rhap-rep2-X/regulons_30_TF.tsv	bd-rhap-rep1-X/regulons_30_TF.tsv	bd-rhap-rep2-X/regulons_30_TF.tsv
2082	pDC	IRF7	0.3953488372093023	30	30	30	50	bd-rhap-rep1-X/regulons_30_TF.tsv vs bd-rhap-rep2-X/regulons_30_TF.tsv	bd-rhap-rep1-X/regulons_30_TF.tsv	bd-rhap-rep2-X/regulons_30_TF.tsv
2083	pDC	NFAT5	0.15384615384615385	30	30	30	50	bd-rhap-rep1-X/regulons_30_TF.tsv vs bd-rhap-rep2-X/regulons_30_TF.tsv	bd-rhap-rep1-X/regulons_30_TF.tsv	bd-rhap-rep2-X/regulons_30_TF.tsv
2084	nk_cells	MAX	0.05263157894736842	30	30	30	50	bd-rhap-rep1-X/regulons_30_TF.tsv vs bd-rhap-rep2-X/regulons_30_TF.tsv	bd-rhap-rep1-X/regulons_30_TF.tsv	bd-rhap-rep2-X/regulons_30_TF.tsv
2085	cd8+_tcells	ZEB2	0.36363636363636365	30	30	30	50	bd-rhap-rep1-X/regulons_30_TF.tsv vs bd-rhap-rep2-X/regulons_30_TF.tsv	bd-rhap-rep1-X/regulons_30_TF.tsv	bd-rhap-rep2-X/regulons_30_TF.tsv
2086	nk_cells	TFDP2	0.4634146341463415	30	30	30	50	bd-rhap-rep1-X/regulons_30_TF.tsv vs bd-rhap-rep2-X/regulons_30_TF.tsv	bd-rhap-rep1-X/regulons_30_TF.tsv	bd-rhap-rep2-X/regulons_30_TF.tsv
2087	DC	MAX	0.05263157894736842	30	30	30	50	bd-rhap-rep1-X/regulons_30_TF.tsv vs bd-rhap-rep2-X/regulons_30_TF.tsv	bd-rhap-rep1-X/regulons_30_TF.tsv	bd-rhap-rep2-X/regulons_30_TF.tsv
2088	cd14+_monocytes	TRPS1	0.4634146341463415	30	30	30	50	bd-rhap-rep1-X/regulons_30_TF.tsv vs bd-rhap-rep2-X/regulons_30_TF.tsv	bd-rhap-rep1-X/regulons_30_TF.tsv	bd-rhap-rep2-X/regulons_30_TF.tsv
2089	cd4+_tcells	BTG2	0.3333333333333333	30	30	30	50	bd-rhap-rep1-X/regulons_30_TF.tsv vs bd-rhap-rep2-X/regulons_30_TF.tsv	bd-rhap-rep1-X/regulons_30_TF.tsv	bd-rhap-rep2-X/regulons_30_TF.tsv
2090	cd8+_tcells	BTG2	0.3333333333333333	30	30	30	50	bd-rhap-rep1-X/regulons_30_TF.tsv vs bd-rhap-rep2-X/regulons_30_TF.tsv	bd-rhap-rep1-X/regulons_30_TF.tsv	bd-rhap-rep2-X/regulons_30_TF.tsv
2091	DC	NFATC2	0.30434782608695654	30	30	30	50	bd-rhap-rep1-X/regulons_30_TF.tsv vs bd-rhap-rep2-X/regulons_30_TF.tsv	bd-rhap-rep1-X/regulons_30_TF.tsv	bd-rhap-rep2-X/regulons_30_TF.tsv
2092	cd4+_tcells	MAF	0.30434782608695654	30	30	30	50	bd-rhap-rep1-X/regulons_30_TF.tsv vs bd-rhap-rep2-X/regulons_30_TF.tsv	bd-rhap-rep1-X/regulons_30_TF.tsv	bd-rhap-rep2-X/regulons_30_TF.tsv
2093	b_cells	SETBP1	0.2765957446808511	30	30	30	50	bd-rhap-rep1-X/regulons_30_TF.tsv vs bd-rhap-rep2-X/regulons_30_TF.tsv	bd-rhap-rep1-X/regulons_30_TF.tsv	bd-rhap-rep2-X/regulons_30_TF.tsv
2094	DC	TRPS1	0.5	30	30	30	50	bd-rhap-rep1-X/regulons_30_TF.tsv vs bd-rhap-rep2-X/regulons_30_TF.tsv	bd-rhap-rep1-X/regulons_30_TF.tsv	bd-rhap-rep2-X/regulons_30_TF.tsv
2095	b_cells	IKZF3	0.5384615384615384	30	30	30	50	bd-rhap-rep1-X/regulons_30_TF.tsv vs bd-rhap-rep2-X/regulons_30_TF.tsv	bd-rhap-rep1-X/regulons_30_TF.tsv	bd-rhap-rep2-X/regulons_30_TF.tsv
2096	cd8+_tcells	PRDM1	0.2765957446808511	30	30	30	50	bd-rhap-rep1-X/regulons_30_TF.tsv vs bd-rhap-rep2-X/regulons_30_TF.tsv	bd-rhap-rep1-X/regulons_30_TF.tsv	bd-rhap-rep2-X/regulons_30_TF.tsv
2097	cd14-_monocytes	FOXP1	0.42857142857142855	30	30	30	50	bd-rhap-rep1-X/regulons_30_TF.tsv vs bd-rhap-rep2-X/regulons_30_TF.tsv	bd-rhap-rep1-X/regulons_30_TF.tsv	bd-rhap-rep2-X/regulons_30_TF.tsv
2098	cd14+_monocytes	ZBTB20	0.36363636363636365	30	30	30	50	bd-rhap-rep1-X/regulons_30_TF.tsv vs bd-rhap-rep2-X/regulons_30_TF.tsv	bd-rhap-rep1-X/regulons_30_TF.tsv	bd-rhap-rep2-X/regulons_30_TF.tsv
2099	cd8+_tcells	EOMES	0.5	30	30	30	50	bd-rhap-rep1-X/regulons_30_TF.tsv vs bd-rhap-rep2-X/regulons_30_TF.tsv	bd-rhap-rep1-X/regulons_30_TF.tsv	bd-rhap-rep2-X/regulons_30_TF.tsv
2100	DC	TRERF1	0.2	30	30	30	50	bd-rhap-rep1-X/regulons_30_TF.tsv vs bd-rhap-rep2-X/regulons_30_TF.tsv	bd-rhap-rep1-X/regulons_30_TF.tsv	bd-rhap-rep2-X/regulons_30_TF.tsv
2101	cd14+_monocytes	IRF7	0.25	30	30	30	50	bd-rhap-rep1-X/regulons_30_TF.tsv vs bd-rhap-rep2-X/regulons_30_TF.tsv	bd-rhap-rep1-X/regulons_30_TF.tsv	bd-rhap-rep2-X/regulons_30_TF.tsv
2102	cd14-_monocytes	NFAT5	0.2765957446808511	30	30	30	50	bd-rhap-rep1-X/regulons_30_TF.tsv vs bd-rhap-rep2-X/regulons_30_TF.tsv	bd-rhap-rep1-X/regulons_30_TF.tsv	bd-rhap-rep2-X/regulons_30_TF.tsv
2103	cd14+_monocytes	NR4A1	0.42857142857142855	30	30	30	50	bd-rhap-rep1-X/regulons_30_TF.tsv vs bd-rhap-rep2-X/regulons_30_TF.tsv	bd-rhap-rep1-X/regulons_30_TF.tsv	bd-rhap-rep2-X/regulons_30_TF.tsv
2104	cd14-_monocytes	HES1	0.4634146341463415	30	30	30	50	bd-rhap-rep1-X/regulons_30_TF.tsv vs bd-rhap-rep2-X/regulons_30_TF.tsv	bd-rhap-rep1-X/regulons_30_TF.tsv	bd-rhap-rep2-X/regulons_30_TF.tsv
2105	nk_cells	HOPX	0.2765957446808511	30	30	30	50	bd-rhap-rep1-X/regulons_30_TF.tsv vs bd-rhap-rep2-X/regulons_30_TF.tsv	bd-rhap-rep1-X/regulons_30_TF.tsv	bd-rhap-rep2-X/regulons_30_TF.tsv
2106	nk_cells	IKZF3	0.5789473684210527	30	30	30	50	bd-rhap-rep1-X/regulons_30_TF.tsv vs bd-rhap-rep2-X/regulons_30_TF.tsv	bd-rhap-rep1-X/regulons_30_TF.tsv	bd-rhap-rep2-X/regulons_30_TF.tsv
2107	DC	TCF12	0.3333333333333333	30	30	30	50	bd-rhap-rep1-X/regulons_30_TF.tsv vs bd-rhap-rep2-X/regulons_30_TF.tsv	bd-rhap-rep1-X/regulons_30_TF.tsv	bd-rhap-rep2-X/regulons_30_TF.tsv
2108	pDC	ETS1	0.36363636363636365	30	30	30	50	bd-rhap-rep1-X/regulons_30_TF.tsv vs bd-rhap-rep2-X/regulons_30_TF.tsv	bd-rhap-rep1-X/regulons_30_TF.tsv	bd-rhap-rep2-X/regulons_30_TF.tsv
2109	cd14+_monocytes	EGR1	0.3333333333333333	30	30	30	50	bd-rhap-rep1-X/regulons_30_TF.tsv vs bd-rhap-rep2-X/regulons_30_TF.tsv	bd-rhap-rep1-X/regulons_30_TF.tsv	bd-rhap-rep2-X/regulons_30_TF.tsv
2110	cd14-_monocytes	IRF8	0.25	30	30	30	50	bd-rhap-rep1-X/regulons_30_TF.tsv vs bd-rhap-rep2-X/regulons_30_TF.tsv	bd-rhap-rep1-X/regulons_30_TF.tsv	bd-rhap-rep2-X/regulons_30_TF.tsv
2111	cd14+_monocytes	ID2	0.5	30	30	30	50	bd-rhap-rep1-X/regulons_30_TF.tsv vs bd-rhap-rep2-X/regulons_30_TF.tsv	bd-rhap-rep1-X/regulons_30_TF.tsv	bd-rhap-rep2-X/regulons_30_TF.tsv
2112	DC	IRF7	0.30434782608695654	30	30	30	50	bd-rhap-rep1-X/regulons_30_TF.tsv vs bd-rhap-rep2-X/regulons_30_TF.tsv	bd-rhap-rep1-X/regulons_30_TF.tsv	bd-rhap-rep2-X/regulons_30_TF.tsv
2113	pDC	TFDP2	0.07142857142857142	30	30	30	50	bd-rhap-rep1-X/regulons_30_TF.tsv vs bd-rhap-rep2-X/regulons_30_TF.tsv	bd-rhap-rep1-X/regulons_30_TF.tsv	bd-rhap-rep2-X/regulons_30_TF.tsv
2114	cd4+_tcells	FOSB	0.3953488372093023	30	30	30	50	bd-rhap-rep1-X/regulons_30_TF.tsv vs bd-rhap-rep2-X/regulons_30_TF.tsv	bd-rhap-rep1-X/regulons_30_TF.tsv	bd-rhap-rep2-X/regulons_30_TF.tsv
2115	cd8+_tcells	FOXP1	0.5789473684210527	30	30	30	50	bd-rhap-rep1-X/regulons_30_TF.tsv vs bd-rhap-rep2-X/regulons_30_TF.tsv	bd-rhap-rep1-X/regulons_30_TF.tsv	bd-rhap-rep2-X/regulons_30_TF.tsv
2116	cd4+_tcells	LEF1	0.42857142857142855	30	30	30	50	bd-rhap-rep1-X/regulons_30_TF.tsv vs bd-rhap-rep2-X/regulons_30_TF.tsv	bd-rhap-rep1-X/regulons_30_TF.tsv	bd-rhap-rep2-X/regulons_30_TF.tsv
2117	cd8+_tcells	RORA	0.4634146341463415	30	30	30	50	bd-rhap-rep1-X/regulons_30_TF.tsv vs bd-rhap-rep2-X/regulons_30_TF.tsv	bd-rhap-rep1-X/regulons_30_TF.tsv	bd-rhap-rep2-X/regulons_30_TF.tsv
2118	cd8+_tcells	FOSB	0.42857142857142855	30	30	30	50	bd-rhap-rep1-X/regulons_30_TF.tsv vs bd-rhap-rep2-X/regulons_30_TF.tsv	bd-rhap-rep1-X/regulons_30_TF.tsv	bd-rhap-rep2-X/regulons_30_TF.tsv
2119	nk_cells	ID2	0.4634146341463415	30	30	30	50	bd-rhap-rep1-X/regulons_30_TF.tsv vs bd-rhap-rep2-X/regulons_30_TF.tsv	bd-rhap-rep1-X/regulons_30_TF.tsv	bd-rhap-rep2-X/regulons_30_TF.tsv
2120	cd14+_monocytes	HIPK2	0.2765957446808511	30	30	30	50	bd-rhap-rep1-X/regulons_30_TF.tsv vs bd-rhap-rep2-X/regulons_30_TF.tsv	bd-rhap-rep1-X/regulons_30_TF.tsv	bd-rhap-rep2-X/regulons_30_TF.tsv
2121	DC	ID2	0.3953488372093023	30	30	30	50	bd-rhap-rep1-X/regulons_30_TF.tsv vs bd-rhap-rep2-X/regulons_30_TF.tsv	bd-rhap-rep1-X/regulons_30_TF.tsv	bd-rhap-rep2-X/regulons_30_TF.tsv
2122	b_cells	KLF12	0.25	30	30	30	50	bd-rhap-rep1-X/regulons_30_TF.tsv vs bd-rhap-rep2-X/regulons_30_TF.tsv	bd-rhap-rep1-X/regulons_30_TF.tsv	bd-rhap-rep2-X/regulons_30_TF.tsv
2123	b_cells	FOXO1	0.22448979591836735	30	30	30	50	bd-rhap-rep1-X/regulons_30_TF.tsv vs bd-rhap-rep2-X/regulons_30_TF.tsv	bd-rhap-rep1-X/regulons_30_TF.tsv	bd-rhap-rep2-X/regulons_30_TF.tsv
2124	nk_cells	BTG2	0.25	30	30	30	50	bd-rhap-rep1-X/regulons_30_TF.tsv vs bd-rhap-rep2-X/regulons_30_TF.tsv	bd-rhap-rep1-X/regulons_30_TF.tsv	bd-rhap-rep2-X/regulons_30_TF.tsv
2125	cd4+_tcells	RUNX3	0.3333333333333333	30	30	30	50	bd-rhap-rep1-X/regulons_30_TF.tsv vs bd-rhap-rep2-X/regulons_30_TF.tsv	bd-rhap-rep1-X/regulons_30_TF.tsv	bd-rhap-rep2-X/regulons_30_TF.tsv
2126	b_cells	HDAC9	0.4634146341463415	30	30	30	50	bd-rhap-rep1-X/regulons_30_TF.tsv vs bd-rhap-rep2-X/regulons_30_TF.tsv	bd-rhap-rep1-X/regulons_30_TF.tsv	bd-rhap-rep2-X/regulons_30_TF.tsv
2127	nk_cells	MAF	0.2765957446808511	30	30	30	50	bd-rhap-rep1-X/regulons_30_TF.tsv vs bd-rhap-rep2-X/regulons_30_TF.tsv	bd-rhap-rep1-X/regulons_30_TF.tsv	bd-rhap-rep2-X/regulons_30_TF.tsv
2128	nk_cells	PRDM1	0.25	30	30	30	50	bd-rhap-rep1-X/regulons_30_TF.tsv vs bd-rhap-rep2-X/regulons_30_TF.tsv	bd-rhap-rep1-X/regulons_30_TF.tsv	bd-rhap-rep2-X/regulons_30_TF.tsv
2129	cd14-_monocytes	MAX	0.36363636363636365	30	30	30	50	bd-rhap-rep1-X/regulons_30_TF.tsv vs bd-rhap-rep2-X/regulons_30_TF.tsv	bd-rhap-rep1-X/regulons_30_TF.tsv	bd-rhap-rep2-X/regulons_30_TF.tsv
2130	cd4+_tcells	MAML2	0.36363636363636365	30	30	30	50	bd-rhap-rep1-X/regulons_30_TF.tsv vs bd-rhap-rep2-X/regulons_30_TF.tsv	bd-rhap-rep1-X/regulons_30_TF.tsv	bd-rhap-rep2-X/regulons_30_TF.tsv
2131	pDC	TCF12	0.3953488372093023	30	30	30	50	bd-rhap-rep1-X/regulons_30_TF.tsv vs bd-rhap-rep2-X/regulons_30_TF.tsv	bd-rhap-rep1-X/regulons_30_TF.tsv	bd-rhap-rep2-X/regulons_30_TF.tsv
2132	cd14+_monocytes	HDAC9	0.5	30	30	30	50	bd-rhap-rep1-X/regulons_30_TF.tsv vs bd-rhap-rep2-X/regulons_30_TF.tsv	bd-rhap-rep1-X/regulons_30_TF.tsv	bd-rhap-rep2-X/regulons_30_TF.tsv
2133	cd4+_tcells	NFATC3	0.22448979591836735	30	30	30	50	bd-rhap-rep1-X/regulons_30_TF.tsv vs bd-rhap-rep2-X/regulons_30_TF.tsv	bd-rhap-rep1-X/regulons_30_TF.tsv	bd-rhap-rep2-X/regulons_30_TF.tsv
2134	nk_cells	EOMES	0.5789473684210527	30	30	30	50	bd-rhap-rep1-X/regulons_30_TF.tsv vs bd-rhap-rep2-X/regulons_30_TF.tsv	bd-rhap-rep1-X/regulons_30_TF.tsv	bd-rhap-rep2-X/regulons_30_TF.tsv
2135	cd8+_tcells	NFATC3	0.1320754716981132	30	30	30	50	bd-rhap-rep1-X/regulons_30_TF.tsv vs bd-rhap-rep2-X/regulons_30_TF.tsv	bd-rhap-rep1-X/regulons_30_TF.tsv	bd-rhap-rep2-X/regulons_30_TF.tsv
2136	DC	HDAC9	0.5384615384615384	30	30	30	50	bd-rhap-rep1-X/regulons_30_TF.tsv vs bd-rhap-rep2-X/regulons_30_TF.tsv	bd-rhap-rep1-X/regulons_30_TF.tsv	bd-rhap-rep2-X/regulons_30_TF.tsv
2137	cd4+_tcells	BCL11B	0.42857142857142855	30	30	30	50	bd-rhap-rep1-X/regulons_30_TF.tsv vs bd-rhap-rep2-X/regulons_30_TF.tsv	bd-rhap-rep1-X/regulons_30_TF.tsv	bd-rhap-rep2-X/regulons_30_TF.tsv
2138	nk_cells	MYBL1	0.30434782608695654	30	30	30	50	bd-rhap-rep1-X/regulons_30_TF.tsv vs bd-rhap-rep2-X/regulons_30_TF.tsv	bd-rhap-rep1-X/regulons_30_TF.tsv	bd-rhap-rep2-X/regulons_30_TF.tsv
2139	b_cells	RUNX3	0.3333333333333333	30	30	30	50	bd-rhap-rep1-X/regulons_30_TF.tsv vs bd-rhap-rep2-X/regulons_30_TF.tsv	bd-rhap-rep1-X/regulons_30_TF.tsv	bd-rhap-rep2-X/regulons_30_TF.tsv
2140	DC	SOX4	0.3333333333333333	30	30	30	50	bd-rhap-rep1-X/regulons_30_TF.tsv vs bd-rhap-rep2-X/regulons_30_TF.tsv	bd-rhap-rep1-X/regulons_30_TF.tsv	bd-rhap-rep2-X/regulons_30_TF.tsv
2141	nk_cells	RORA	0.42857142857142855	30	30	30	50	bd-rhap-rep1-X/regulons_30_TF.tsv vs bd-rhap-rep2-X/regulons_30_TF.tsv	bd-rhap-rep1-X/regulons_30_TF.tsv	bd-rhap-rep2-X/regulons_30_TF.tsv
2142	pDC	BTG2	0.25	30	30	30	50	bd-rhap-rep1-X/regulons_30_TF.tsv vs bd-rhap-rep2-X/regulons_30_TF.tsv	bd-rhap-rep1-X/regulons_30_TF.tsv	bd-rhap-rep2-X/regulons_30_TF.tsv
2143	cd14+_monocytes	RUNX3	0.3953488372093023	30	30	30	50	bd-rhap-rep1-X/regulons_30_TF.tsv vs bd-rhap-rep2-X/regulons_30_TF.tsv	bd-rhap-rep1-X/regulons_30_TF.tsv	bd-rhap-rep2-X/regulons_30_TF.tsv
2144	cd14-_monocytes	ZBTB20	0.4634146341463415	30	30	30	50	bd-rhap-rep1-X/regulons_30_TF.tsv vs bd-rhap-rep2-X/regulons_30_TF.tsv	bd-rhap-rep1-X/regulons_30_TF.tsv	bd-rhap-rep2-X/regulons_30_TF.tsv
2145	cd14+_monocytes	TCF12	0.3333333333333333	30	30	30	50	bd-rhap-rep1-X/regulons_30_TF.tsv vs bd-rhap-rep2-X/regulons_30_TF.tsv	bd-rhap-rep1-X/regulons_30_TF.tsv	bd-rhap-rep2-X/regulons_30_TF.tsv
2146	cd14-_monocytes	SETBP1	0.36363636363636365	30	30	30	50	bd-rhap-rep1-X/regulons_30_TF.tsv vs bd-rhap-rep2-X/regulons_30_TF.tsv	bd-rhap-rep1-X/regulons_30_TF.tsv	bd-rhap-rep2-X/regulons_30_TF.tsv
2147	b_cells	NFATC3	0.15384615384615385	30	30	30	50	bd-rhap-rep1-X/regulons_30_TF.tsv vs bd-rhap-rep2-X/regulons_30_TF.tsv	bd-rhap-rep1-X/regulons_30_TF.tsv	bd-rhap-rep2-X/regulons_30_TF.tsv
2148	b_cells	ZEB2	0.4634146341463415	30	30	30	50	bd-rhap-rep1-X/regulons_30_TF.tsv vs bd-rhap-rep2-X/regulons_30_TF.tsv	bd-rhap-rep1-X/regulons_30_TF.tsv	bd-rhap-rep2-X/regulons_30_TF.tsv
2149	cd14-_monocytes	IRF7	0.42857142857142855	30	30	30	50	bd-rhap-rep1-X/regulons_30_TF.tsv vs bd-rhap-rep2-X/regulons_30_TF.tsv	bd-rhap-rep1-X/regulons_30_TF.tsv	bd-rhap-rep2-X/regulons_30_TF.tsv
2150	cd14-_monocytes	NR4A1	0.3333333333333333	30	30	30	50	bd-rhap-rep1-X/regulons_30_TF.tsv vs bd-rhap-rep2-X/regulons_30_TF.tsv	bd-rhap-rep1-X/regulons_30_TF.tsv	bd-rhap-rep2-X/regulons_30_TF.tsv
2151	nk_cells	RUNX3	0.6216216216216216	30	30	30	50	bd-rhap-rep1-X/regulons_30_TF.tsv vs bd-rhap-rep2-X/regulons_30_TF.tsv	bd-rhap-rep1-X/regulons_30_TF.tsv	bd-rhap-rep2-X/regulons_30_TF.tsv
2152	DC	RUNX3	0.3333333333333333	30	30	30	50	bd-rhap-rep1-X/regulons_30_TF.tsv vs bd-rhap-rep2-X/regulons_30_TF.tsv	bd-rhap-rep1-X/regulons_30_TF.tsv	bd-rhap-rep2-X/regulons_30_TF.tsv
2153	pDC	TCF4	0.5789473684210527	30	30	30	50	bd-rhap-rep1-X/regulons_30_TF.tsv vs bd-rhap-rep2-X/regulons_30_TF.tsv	bd-rhap-rep1-X/regulons_30_TF.tsv	bd-rhap-rep2-X/regulons_30_TF.tsv
2154	b_cells	BTG2	0.2765957446808511	30	30	30	50	bd-rhap-rep1-X/regulons_30_TF.tsv vs bd-rhap-rep2-X/regulons_30_TF.tsv	bd-rhap-rep1-X/regulons_30_TF.tsv	bd-rhap-rep2-X/regulons_30_TF.tsv
2155	pDC	ZFAT	0.22448979591836735	30	30	30	50	bd-rhap-rep1-X/regulons_30_TF.tsv vs bd-rhap-rep2-X/regulons_30_TF.tsv	bd-rhap-rep1-X/regulons_30_TF.tsv	bd-rhap-rep2-X/regulons_30_TF.tsv
2156	b_cells	BCL11A	0.7647058823529411	30	30	30	50	bd-rhap-rep1-X/regulons_30_TF.tsv vs bd-rhap-rep2-X/regulons_30_TF.tsv	bd-rhap-rep1-X/regulons_30_TF.tsv	bd-rhap-rep2-X/regulons_30_TF.tsv
2157	cd14-_monocytes	ID2	0.3333333333333333	30	30	30	50	bd-rhap-rep1-X/regulons_30_TF.tsv vs bd-rhap-rep2-X/regulons_30_TF.tsv	bd-rhap-rep1-X/regulons_30_TF.tsv	bd-rhap-rep2-X/regulons_30_TF.tsv
2158	cd4+_tcells	FOXP1	0.5789473684210527	30	30	30	50	bd-rhap-rep1-X/regulons_30_TF.tsv vs bd-rhap-rep2-X/regulons_30_TF.tsv	bd-rhap-rep1-X/regulons_30_TF.tsv	bd-rhap-rep2-X/regulons_30_TF.tsv
2159	pDC	HDAC9	0.5789473684210527	30	30	30	50	bd-rhap-rep1-X/regulons_30_TF.tsv vs bd-rhap-rep2-X/regulons_30_TF.tsv	bd-rhap-rep1-X/regulons_30_TF.tsv	bd-rhap-rep2-X/regulons_30_TF.tsv
2160	cd4+_tcells	RORA	0.42857142857142855	30	30	30	50	bd-rhap-rep1-X/regulons_30_TF.tsv vs bd-rhap-rep2-X/regulons_30_TF.tsv	bd-rhap-rep1-X/regulons_30_TF.tsv	bd-rhap-rep2-X/regulons_30_TF.tsv
2161	pDC	SOX4	0.5	30	30	30	50	bd-rhap-rep1-X/regulons_30_TF.tsv vs bd-rhap-rep2-X/regulons_30_TF.tsv	bd-rhap-rep1-X/regulons_30_TF.tsv	bd-rhap-rep2-X/regulons_30_TF.tsv
2162	cd14+_monocytes	BTG2	0.36363636363636365	30	30	30	50	bd-rhap-rep1-X/regulons_30_TF.tsv vs bd-rhap-rep2-X/regulons_30_TF.tsv	bd-rhap-rep1-X/regulons_30_TF.tsv	bd-rhap-rep2-X/regulons_30_TF.tsv
2163	b_cells	TCF4	0.6216216216216216	30	30	30	50	bd-rhap-rep1-X/regulons_30_TF.tsv vs bd-rhap-rep2-X/regulons_30_TF.tsv	bd-rhap-rep1-X/regulons_30_TF.tsv	bd-rhap-rep2-X/regulons_30_TF.tsv
2164	cd14-_monocytes	HIPK2	0.17647058823529413	30	30	30	50	bd-rhap-rep1-X/regulons_30_TF.tsv vs bd-rhap-rep2-X/regulons_30_TF.tsv	bd-rhap-rep1-X/regulons_30_TF.tsv	bd-rhap-rep2-X/regulons_30_TF.tsv
2165	nk_cells	NFATC3	0.4634146341463415	30	30	30	50	bd-rhap-rep1-X/regulons_30_TF.tsv vs bd-rhap-rep2-X/regulons_30_TF.tsv	bd-rhap-rep1-X/regulons_30_TF.tsv	bd-rhap-rep2-X/regulons_30_TF.tsv
2166	b_cells	SP140	0.4634146341463415	30	30	30	50	bd-rhap-rep1-X/regulons_30_TF.tsv vs bd-rhap-rep2-X/regulons_30_TF.tsv	bd-rhap-rep1-X/regulons_30_TF.tsv	bd-rhap-rep2-X/regulons_30_TF.tsv
2167	nk_cells	ZEB2	0.42857142857142855	30	30	30	50	bd-rhap-rep1-X/regulons_30_TF.tsv vs bd-rhap-rep2-X/regulons_30_TF.tsv	bd-rhap-rep1-X/regulons_30_TF.tsv	bd-rhap-rep2-X/regulons_30_TF.tsv
2168	DC	NFATC3	0.30434782608695654	30	30	30	50	bd-rhap-rep1-X/regulons_30_TF.tsv vs bd-rhap-rep2-X/regulons_30_TF.tsv	bd-rhap-rep1-X/regulons_30_TF.tsv	bd-rhap-rep2-X/regulons_30_TF.tsv
2169	DC	ZEB2	0.3953488372093023	30	30	30	50	bd-rhap-rep1-X/regulons_30_TF.tsv vs bd-rhap-rep2-X/regulons_30_TF.tsv	bd-rhap-rep1-X/regulons_30_TF.tsv	bd-rhap-rep2-X/regulons_30_TF.tsv
2170	nk_cells	IKZF2	0.4634146341463415	30	30	30	50	bd-rhap-rep1-X/regulons_30_TF.tsv vs bd-rhap-rep2-X/regulons_30_TF.tsv	bd-rhap-rep1-X/regulons_30_TF.tsv	bd-rhap-rep2-X/regulons_30_TF.tsv
2171	pDC	FOSB	0.3333333333333333	30	30	30	50	bd-rhap-rep1-X/regulons_30_TF.tsv vs bd-rhap-rep2-X/regulons_30_TF.tsv	bd-rhap-rep1-X/regulons_30_TF.tsv	bd-rhap-rep2-X/regulons_30_TF.tsv
2172	nk_cells	BCL11B	0.42857142857142855	30	30	30	50	bd-rhap-rep1-X/regulons_30_TF.tsv vs bd-rhap-rep2-X/regulons_30_TF.tsv	bd-rhap-rep1-X/regulons_30_TF.tsv	bd-rhap-rep2-X/regulons_30_TF.tsv
2173	DC	BTG2	0.30434782608695654	30	30	30	50	bd-rhap-rep1-X/regulons_30_TF.tsv vs bd-rhap-rep2-X/regulons_30_TF.tsv	bd-rhap-rep1-X/regulons_30_TF.tsv	bd-rhap-rep2-X/regulons_30_TF.tsv
2174	DC	BCL11A	0.5789473684210527	30	30	30	50	bd-rhap-rep1-X/regulons_30_TF.tsv vs bd-rhap-rep2-X/regulons_30_TF.tsv	bd-rhap-rep1-X/regulons_30_TF.tsv	bd-rhap-rep2-X/regulons_30_TF.tsv
2175	cd14-_monocytes	FOXO1	0.15384615384615385	30	30	30	50	bd-rhap-rep1-X/regulons_30_TF.tsv vs bd-rhap-rep2-X/regulons_30_TF.tsv	bd-rhap-rep1-X/regulons_30_TF.tsv	bd-rhap-rep2-X/regulons_30_TF.tsv
2176	pDC	RUNX2	0.5789473684210527	30	30	30	50	bd-rhap-rep1-X/regulons_30_TF.tsv vs bd-rhap-rep2-X/regulons_30_TF.tsv	bd-rhap-rep1-X/regulons_30_TF.tsv	bd-rhap-rep2-X/regulons_30_TF.tsv
2177	DC	TCF4	0.3953488372093023	30	30	30	50	bd-rhap-rep1-X/regulons_30_TF.tsv vs bd-rhap-rep2-X/regulons_30_TF.tsv	bd-rhap-rep1-X/regulons_30_TF.tsv	bd-rhap-rep2-X/regulons_30_TF.tsv
2178	b_cells	FOXP1	0.5789473684210527	30	30	30	50	bd-rhap-rep1-X/regulons_30_TF.tsv vs bd-rhap-rep2-X/regulons_30_TF.tsv	bd-rhap-rep1-X/regulons_30_TF.tsv	bd-rhap-rep2-X/regulons_30_TF.tsv
2179	DC	SP140	0.17647058823529413	30	30	30	50	bd-rhap-rep1-X/regulons_30_TF.tsv vs bd-rhap-rep2-X/regulons_30_TF.tsv	bd-rhap-rep1-X/regulons_30_TF.tsv	bd-rhap-rep2-X/regulons_30_TF.tsv
2180	b_cells	FOSB	0.36363636363636365	30	30	30	50	bd-rhap-rep1-X/regulons_30_TF.tsv vs bd-rhap-rep2-X/regulons_30_TF.tsv	bd-rhap-rep1-X/regulons_30_TF.tsv	bd-rhap-rep2-X/regulons_30_TF.tsv
2181	pDC	ZEB1	0.42857142857142855	30	30	30	50	bd-rhap-rep1-X/regulons_30_TF.tsv vs bd-rhap-rep2-X/regulons_30_TF.tsv	bd-rhap-rep1-X/regulons_30_TF.tsv	bd-rhap-rep2-X/regulons_30_TF.tsv
2182	cd14+_monocytes	SOX4	0.36363636363636365	30	30	30	50	bd-rhap-rep1-X/regulons_30_TF.tsv vs bd-rhap-rep2-X/regulons_30_TF.tsv	bd-rhap-rep1-X/regulons_30_TF.tsv	bd-rhap-rep2-X/regulons_30_TF.tsv
2183	cd8+_tcells	RUNX1	0.30434782608695654	30	30	30	50	bd-rhap-rep1-X/regulons_30_TF.tsv vs bd-rhap-rep2-X/regulons_30_TF.tsv	bd-rhap-rep1-X/regulons_30_TF.tsv	bd-rhap-rep2-X/regulons_30_TF.tsv
2184	cd14+_monocytes	FOSB	0.3953488372093023	30	30	30	50	bd-rhap-rep1-X/regulons_30_TF.tsv vs bd-rhap-rep2-X/regulons_30_TF.tsv	bd-rhap-rep1-X/regulons_30_TF.tsv	bd-rhap-rep2-X/regulons_30_TF.tsv
2185	pDC	NFATC3	0.2765957446808511	30	30	30	50	bd-rhap-rep1-X/regulons_30_TF.tsv vs bd-rhap-rep2-X/regulons_30_TF.tsv	bd-rhap-rep1-X/regulons_30_TF.tsv	bd-rhap-rep2-X/regulons_30_TF.tsv
2186	pDC	ZEB2	0.22448979591836735	30	30	30	50	bd-rhap-rep1-X/regulons_30_TF.tsv vs bd-rhap-rep2-X/regulons_30_TF.tsv	bd-rhap-rep1-X/regulons_30_TF.tsv	bd-rhap-rep2-X/regulons_30_TF.tsv
2187	cd4+_tcells	KAT6B	0.30434782608695654	30	30	30	50	bd-rhap-rep1-X/regulons_30_TF.tsv vs bd-rhap-rep2-X/regulons_30_TF.tsv	bd-rhap-rep1-X/regulons_30_TF.tsv	bd-rhap-rep2-X/regulons_30_TF.tsv
2188	cd8+_tcells	STAT4	0.25	30	30	30	50	bd-rhap-rep1-X/regulons_30_TF.tsv vs bd-rhap-rep2-X/regulons_30_TF.tsv	bd-rhap-rep1-X/regulons_30_TF.tsv	bd-rhap-rep2-X/regulons_30_TF.tsv
2189	nk_cells	FOXP1	0.5789473684210527	30	30	30	50	bd-rhap-rep1-X/regulons_30_TF.tsv vs bd-rhap-rep2-X/regulons_30_TF.tsv	bd-rhap-rep1-X/regulons_30_TF.tsv	bd-rhap-rep2-X/regulons_30_TF.tsv
2190	cd8+_tcells	MAX	0.3333333333333333	30	30	30	50	bd-rhap-rep1-X/regulons_30_TF.tsv vs bd-rhap-rep2-X/regulons_30_TF.tsv	bd-rhap-rep1-X/regulons_30_TF.tsv	bd-rhap-rep2-X/regulons_30_TF.tsv
2191	cd8+_tcells	TCF7	0.5384615384615384	30	30	30	50	bd-rhap-rep1-X/regulons_30_TF.tsv vs bd-rhap-rep2-X/regulons_30_TF.tsv	bd-rhap-rep1-X/regulons_30_TF.tsv	bd-rhap-rep2-X/regulons_30_TF.tsv
2192	DC	FOXP1	0.3333333333333333	30	30	30	50	bd-rhap-rep1-X/regulons_30_TF.tsv vs bd-rhap-rep2-X/regulons_30_TF.tsv	bd-rhap-rep1-X/regulons_30_TF.tsv	bd-rhap-rep2-X/regulons_30_TF.tsv
2193	DC	FOSB	0.36363636363636365	30	30	30	50	bd-rhap-rep1-X/regulons_30_TF.tsv vs bd-rhap-rep2-X/regulons_30_TF.tsv	bd-rhap-rep1-X/regulons_30_TF.tsv	bd-rhap-rep2-X/regulons_30_TF.tsv
2194	pDC	BCL11A	0.6666666666666666	30	30	30	50	bd-rhap-rep1-X/regulons_30_TF.tsv vs bd-rhap-rep2-X/regulons_30_TF.tsv	bd-rhap-rep1-X/regulons_30_TF.tsv	bd-rhap-rep2-X/regulons_30_TF.tsv
2195	cd14-_monocytes	RUNX3	0.5384615384615384	30	30	30	50	bd-rhap-rep1-X/regulons_30_TF.tsv vs bd-rhap-rep2-X/regulons_30_TF.tsv	bd-rhap-rep1-X/regulons_30_TF.tsv	bd-rhap-rep2-X/regulons_30_TF.tsv
2196	cd8+_tcells	NFATC2	0.3333333333333333	30	30	30	50	bd-rhap-rep1-X/regulons_30_TF.tsv vs bd-rhap-rep2-X/regulons_30_TF.tsv	bd-rhap-rep1-X/regulons_30_TF.tsv	bd-rhap-rep2-X/regulons_30_TF.tsv
2197	cd4+_tcells	HIVEP2	0.4634146341463415	30	30	30	50	bd-rhap-rep1-X/regulons_30_TF.tsv vs bd-rhap-rep2-X/regulons_30_TF.tsv	bd-rhap-rep1-X/regulons_30_TF.tsv	bd-rhap-rep2-X/regulons_30_TF.tsv
2198	cd14-_monocytes	TCF12	0.36363636363636365	30	30	30	50	bd-rhap-rep1-X/regulons_30_TF.tsv vs bd-rhap-rep2-X/regulons_30_TF.tsv	bd-rhap-rep1-X/regulons_30_TF.tsv	bd-rhap-rep2-X/regulons_30_TF.tsv
2199	cd14+_monocytes	TCF7L2	0.42857142857142855	30	30	30	50	bd-rhap-rep1-X/regulons_30_TF.tsv vs bd-rhap-rep2-X/regulons_30_TF.tsv	bd-rhap-rep1-X/regulons_30_TF.tsv	bd-rhap-rep2-X/regulons_30_TF.tsv
2200	DC	RUNX2	0.4634146341463415	30	30	30	50	bd-rhap-rep1-X/regulons_30_TF.tsv vs bd-rhap-rep2-X/regulons_30_TF.tsv	bd-rhap-rep1-X/regulons_30_TF.tsv	bd-rhap-rep2-X/regulons_30_TF.tsv
2201	cd14+_monocytes	NFATC3	0.3333333333333333	30	30	30	50	bd-rhap-rep1-X/regulons_30_TF.tsv vs bd-rhap-rep2-X/regulons_30_TF.tsv	bd-rhap-rep1-X/regulons_30_TF.tsv	bd-rhap-rep2-X/regulons_30_TF.tsv
2202	cd14+_monocytes	ZEB2	0.3333333333333333	30	30	30	50	bd-rhap-rep1-X/regulons_30_TF.tsv vs bd-rhap-rep2-X/regulons_30_TF.tsv	bd-rhap-rep1-X/regulons_30_TF.tsv	bd-rhap-rep2-X/regulons_30_TF.tsv
2203	cd4+_tcells	ZBTB20	0.3953488372093023	30	30	30	50	bd-rhap-rep1-X/regulons_30_TF.tsv vs bd-rhap-rep2-X/regulons_30_TF.tsv	bd-rhap-rep1-X/regulons_30_TF.tsv	bd-rhap-rep2-X/regulons_30_TF.tsv
2204	nk_cells	TOX	0.5789473684210527	30	30	30	50	bd-rhap-rep1-X/regulons_30_TF.tsv vs bd-rhap-rep2-X/regulons_30_TF.tsv	bd-rhap-rep1-X/regulons_30_TF.tsv	bd-rhap-rep2-X/regulons_30_TF.tsv
2205	nk_cells	ZBTB16	0.5	30	30	30	50	bd-rhap-rep1-X/regulons_30_TF.tsv vs bd-rhap-rep2-X/regulons_30_TF.tsv	bd-rhap-rep1-X/regulons_30_TF.tsv	bd-rhap-rep2-X/regulons_30_TF.tsv
2206	cd14-_monocytes	BTG2	0.2	30	30	30	50	bd-rhap-rep1-X/regulons_30_TF.tsv vs 10x-rep1-kallisto-cellbender-X/regulons_30_TF.tsv	bd-rhap-rep1-X/regulons_30_TF.tsv	10x-rep1-kallisto-cellbender-X/regulons_30_TF.tsv
2207	DC	KMT2A	0.01694915254237288	30	30	30	50	bd-rhap-rep1-X/regulons_30_TF.tsv vs 10x-rep1-kallisto-cellbender-X/regulons_30_TF.tsv	bd-rhap-rep1-X/regulons_30_TF.tsv	10x-rep1-kallisto-cellbender-X/regulons_30_TF.tsv
2208	cd8+_tcells	HOPX	0.17647058823529413	30	30	30	50	bd-rhap-rep1-X/regulons_30_TF.tsv vs 10x-rep1-kallisto-cellbender-X/regulons_30_TF.tsv	bd-rhap-rep1-X/regulons_30_TF.tsv	10x-rep1-kallisto-cellbender-X/regulons_30_TF.tsv
2209	cd8+_tcells	IKZF3	0.17647058823529413	30	30	30	50	bd-rhap-rep1-X/regulons_30_TF.tsv vs 10x-rep1-kallisto-cellbender-X/regulons_30_TF.tsv	bd-rhap-rep1-X/regulons_30_TF.tsv	10x-rep1-kallisto-cellbender-X/regulons_30_TF.tsv
2210	cd8+_tcells	ID2	0.15384615384615385	30	30	30	50	bd-rhap-rep1-X/regulons_30_TF.tsv vs 10x-rep1-kallisto-cellbender-X/regulons_30_TF.tsv	bd-rhap-rep1-X/regulons_30_TF.tsv	10x-rep1-kallisto-cellbender-X/regulons_30_TF.tsv
2211	pDC	IRF8	0.5789473684210527	30	30	30	50	bd-rhap-rep1-X/regulons_30_TF.tsv vs 10x-rep1-kallisto-cellbender-X/regulons_30_TF.tsv	bd-rhap-rep1-X/regulons_30_TF.tsv	10x-rep1-kallisto-cellbender-X/regulons_30_TF.tsv
2212	cd14-_monocytes	STAT1	0.1320754716981132	30	30	30	50	bd-rhap-rep1-X/regulons_30_TF.tsv vs 10x-rep1-kallisto-cellbender-X/regulons_30_TF.tsv	bd-rhap-rep1-X/regulons_30_TF.tsv	10x-rep1-kallisto-cellbender-X/regulons_30_TF.tsv
2213	cd14-_monocytes	SOX4	0.1111111111111111	30	30	30	50	bd-rhap-rep1-X/regulons_30_TF.tsv vs 10x-rep1-kallisto-cellbender-X/regulons_30_TF.tsv	bd-rhap-rep1-X/regulons_30_TF.tsv	10x-rep1-kallisto-cellbender-X/regulons_30_TF.tsv
2214	cd4+_tcells	ETS1	0.3953488372093023	30	30	30	50	bd-rhap-rep1-X/regulons_30_TF.tsv vs 10x-rep1-kallisto-cellbender-X/regulons_30_TF.tsv	bd-rhap-rep1-X/regulons_30_TF.tsv	10x-rep1-kallisto-cellbender-X/regulons_30_TF.tsv
2215	b_cells	IRF8	0.3333333333333333	30	30	30	50	bd-rhap-rep1-X/regulons_30_TF.tsv vs 10x-rep1-kallisto-cellbender-X/regulons_30_TF.tsv	bd-rhap-rep1-X/regulons_30_TF.tsv	10x-rep1-kallisto-cellbender-X/regulons_30_TF.tsv
2216	cd4+_tcells	TCF7	0.30434782608695654	30	30	30	50	bd-rhap-rep1-X/regulons_30_TF.tsv vs 10x-rep1-kallisto-cellbender-X/regulons_30_TF.tsv	bd-rhap-rep1-X/regulons_30_TF.tsv	10x-rep1-kallisto-cellbender-X/regulons_30_TF.tsv
2217	cd14-_monocytes	JUN	0.17647058823529413	30	30	30	50	bd-rhap-rep1-X/regulons_30_TF.tsv vs 10x-rep1-kallisto-cellbender-X/regulons_30_TF.tsv	bd-rhap-rep1-X/regulons_30_TF.tsv	10x-rep1-kallisto-cellbender-X/regulons_30_TF.tsv
2218	cd14+_monocytes	IRF8	0.17647058823529413	30	30	30	50	bd-rhap-rep1-X/regulons_30_TF.tsv vs 10x-rep1-kallisto-cellbender-X/regulons_30_TF.tsv	bd-rhap-rep1-X/regulons_30_TF.tsv	10x-rep1-kallisto-cellbender-X/regulons_30_TF.tsv
2219	cd14-_monocytes	FOS	0.30434782608695654	30	30	30	50	bd-rhap-rep1-X/regulons_30_TF.tsv vs 10x-rep1-kallisto-cellbender-X/regulons_30_TF.tsv	bd-rhap-rep1-X/regulons_30_TF.tsv	10x-rep1-kallisto-cellbender-X/regulons_30_TF.tsv
2220	DC	NR4A1	0.09090909090909091	30	30	30	50	bd-rhap-rep1-X/regulons_30_TF.tsv vs 10x-rep1-kallisto-cellbender-X/regulons_30_TF.tsv	bd-rhap-rep1-X/regulons_30_TF.tsv	10x-rep1-kallisto-cellbender-X/regulons_30_TF.tsv
2221	cd14-_monocytes	TCF7L2	0.25	30	30	30	50	bd-rhap-rep1-X/regulons_30_TF.tsv vs 10x-rep1-kallisto-cellbender-X/regulons_30_TF.tsv	bd-rhap-rep1-X/regulons_30_TF.tsv	10x-rep1-kallisto-cellbender-X/regulons_30_TF.tsv
2222	DC	IRF8	0.3333333333333333	30	30	30	50	bd-rhap-rep1-X/regulons_30_TF.tsv vs 10x-rep1-kallisto-cellbender-X/regulons_30_TF.tsv	bd-rhap-rep1-X/regulons_30_TF.tsv	10x-rep1-kallisto-cellbender-X/regulons_30_TF.tsv
2223	b_cells	ETS1	0.09433962264150944	30	28	30	50	bd-rhap-rep1-X/regulons_30_TF.tsv vs 10x-rep1-kallisto-cellbender-X/regulons_30_TF.tsv	bd-rhap-rep1-X/regulons_30_TF.tsv	10x-rep1-kallisto-cellbender-X/regulons_30_TF.tsv
2224	cd4+_tcells	IRF1	0.09090909090909091	30	30	30	50	bd-rhap-rep1-X/regulons_30_TF.tsv vs 10x-rep1-kallisto-cellbender-X/regulons_30_TF.tsv	bd-rhap-rep1-X/regulons_30_TF.tsv	10x-rep1-kallisto-cellbender-X/regulons_30_TF.tsv
2225	cd14-_monocytes	ZEB2	0.2	30	30	30	50	bd-rhap-rep1-X/regulons_30_TF.tsv vs 10x-rep1-kallisto-cellbender-X/regulons_30_TF.tsv	bd-rhap-rep1-X/regulons_30_TF.tsv	10x-rep1-kallisto-cellbender-X/regulons_30_TF.tsv
2226	cd8+_tcells	RUNX3	0.09090909090909091	30	30	30	50	bd-rhap-rep1-X/regulons_30_TF.tsv vs 10x-rep1-kallisto-cellbender-X/regulons_30_TF.tsv	bd-rhap-rep1-X/regulons_30_TF.tsv	10x-rep1-kallisto-cellbender-X/regulons_30_TF.tsv
2227	cd8+_tcells	FOS	0.17647058823529413	30	30	30	50	bd-rhap-rep1-X/regulons_30_TF.tsv vs 10x-rep1-kallisto-cellbender-X/regulons_30_TF.tsv	bd-rhap-rep1-X/regulons_30_TF.tsv	10x-rep1-kallisto-cellbender-X/regulons_30_TF.tsv
2228	nk_cells	TLE5	0.25	30	30	30	50	bd-rhap-rep1-X/regulons_30_TF.tsv vs 10x-rep1-kallisto-cellbender-X/regulons_30_TF.tsv	bd-rhap-rep1-X/regulons_30_TF.tsv	10x-rep1-kallisto-cellbender-X/regulons_30_TF.tsv
2229	nk_cells	ETS1	0.17647058823529413	30	30	30	50	bd-rhap-rep1-X/regulons_30_TF.tsv vs 10x-rep1-kallisto-cellbender-X/regulons_30_TF.tsv	bd-rhap-rep1-X/regulons_30_TF.tsv	10x-rep1-kallisto-cellbender-X/regulons_30_TF.tsv
2230	pDC	IRF7	0.22448979591836735	30	30	30	50	bd-rhap-rep1-X/regulons_30_TF.tsv vs 10x-rep1-kallisto-cellbender-X/regulons_30_TF.tsv	bd-rhap-rep1-X/regulons_30_TF.tsv	10x-rep1-kallisto-cellbender-X/regulons_30_TF.tsv
2231	nk_cells	TFDP2	0.3953488372093023	30	30	30	50	bd-rhap-rep1-X/regulons_30_TF.tsv vs 10x-rep1-kallisto-cellbender-X/regulons_30_TF.tsv	bd-rhap-rep1-X/regulons_30_TF.tsv	10x-rep1-kallisto-cellbender-X/regulons_30_TF.tsv
2232	DC	MAX	0.0	30	30	30	50	bd-rhap-rep1-X/regulons_30_TF.tsv vs 10x-rep1-kallisto-cellbender-X/regulons_30_TF.tsv	bd-rhap-rep1-X/regulons_30_TF.tsv	10x-rep1-kallisto-cellbender-X/regulons_30_TF.tsv
2233	cd4+_tcells	BTG2	0.17647058823529413	30	30	30	50	bd-rhap-rep1-X/regulons_30_TF.tsv vs 10x-rep1-kallisto-cellbender-X/regulons_30_TF.tsv	bd-rhap-rep1-X/regulons_30_TF.tsv	10x-rep1-kallisto-cellbender-X/regulons_30_TF.tsv
2234	pDC	HMGB2	0.01694915254237288	30	30	30	50	bd-rhap-rep1-X/regulons_30_TF.tsv vs 10x-rep1-kallisto-cellbender-X/regulons_30_TF.tsv	bd-rhap-rep1-X/regulons_30_TF.tsv	10x-rep1-kallisto-cellbender-X/regulons_30_TF.tsv
2235	cd8+_tcells	BTG2	0.2	30	30	30	50	bd-rhap-rep1-X/regulons_30_TF.tsv vs 10x-rep1-kallisto-cellbender-X/regulons_30_TF.tsv	bd-rhap-rep1-X/regulons_30_TF.tsv	10x-rep1-kallisto-cellbender-X/regulons_30_TF.tsv
2236	b_cells	IRF1	0.09090909090909091	30	30	30	50	bd-rhap-rep1-X/regulons_30_TF.tsv vs 10x-rep1-kallisto-cellbender-X/regulons_30_TF.tsv	bd-rhap-rep1-X/regulons_30_TF.tsv	10x-rep1-kallisto-cellbender-X/regulons_30_TF.tsv
2237	cd4+_tcells	TLE5	0.42857142857142855	30	30	30	50	bd-rhap-rep1-X/regulons_30_TF.tsv vs 10x-rep1-kallisto-cellbender-X/regulons_30_TF.tsv	bd-rhap-rep1-X/regulons_30_TF.tsv	10x-rep1-kallisto-cellbender-X/regulons_30_TF.tsv
2238	b_cells	IKZF3	0.25	30	30	30	50	bd-rhap-rep1-X/regulons_30_TF.tsv vs 10x-rep1-kallisto-cellbender-X/regulons_30_TF.tsv	bd-rhap-rep1-X/regulons_30_TF.tsv	10x-rep1-kallisto-cellbender-X/regulons_30_TF.tsv
2239	nk_cells	CEBPD	0.15384615384615385	30	30	30	50	bd-rhap-rep1-X/regulons_30_TF.tsv vs 10x-rep1-kallisto-cellbender-X/regulons_30_TF.tsv	bd-rhap-rep1-X/regulons_30_TF.tsv	10x-rep1-kallisto-cellbender-X/regulons_30_TF.tsv
2240	pDC	TLE5	0.3333333333333333	30	30	30	50	bd-rhap-rep1-X/regulons_30_TF.tsv vs 10x-rep1-kallisto-cellbender-X/regulons_30_TF.tsv	bd-rhap-rep1-X/regulons_30_TF.tsv	10x-rep1-kallisto-cellbender-X/regulons_30_TF.tsv
2241	nk_cells	IRF1	0.1320754716981132	30	30	30	50	bd-rhap-rep1-X/regulons_30_TF.tsv vs 10x-rep1-kallisto-cellbender-X/regulons_30_TF.tsv	bd-rhap-rep1-X/regulons_30_TF.tsv	10x-rep1-kallisto-cellbender-X/regulons_30_TF.tsv
2242	DC	IRF1	0.2	30	30	30	50	bd-rhap-rep1-X/regulons_30_TF.tsv vs 10x-rep1-kallisto-cellbender-X/regulons_30_TF.tsv	bd-rhap-rep1-X/regulons_30_TF.tsv	10x-rep1-kallisto-cellbender-X/regulons_30_TF.tsv
2243	nk_cells	HOPX	0.3333333333333333	30	30	30	50	bd-rhap-rep1-X/regulons_30_TF.tsv vs 10x-rep1-kallisto-cellbender-X/regulons_30_TF.tsv	bd-rhap-rep1-X/regulons_30_TF.tsv	10x-rep1-kallisto-cellbender-X/regulons_30_TF.tsv
2244	pDC	ETS1	0.17647058823529413	30	30	30	50	bd-rhap-rep1-X/regulons_30_TF.tsv vs 10x-rep1-kallisto-cellbender-X/regulons_30_TF.tsv	bd-rhap-rep1-X/regulons_30_TF.tsv	10x-rep1-kallisto-cellbender-X/regulons_30_TF.tsv
2245	cd14+_monocytes	HMGB2	0.30434782608695654	30	30	30	50	bd-rhap-rep1-X/regulons_30_TF.tsv vs 10x-rep1-kallisto-cellbender-X/regulons_30_TF.tsv	bd-rhap-rep1-X/regulons_30_TF.tsv	10x-rep1-kallisto-cellbender-X/regulons_30_TF.tsv
2246	cd14+_monocytes	EGR1	0.2	30	30	30	50	bd-rhap-rep1-X/regulons_30_TF.tsv vs 10x-rep1-kallisto-cellbender-X/regulons_30_TF.tsv	bd-rhap-rep1-X/regulons_30_TF.tsv	10x-rep1-kallisto-cellbender-X/regulons_30_TF.tsv
2247	cd14+_monocytes	ID2	0.22448979591836735	30	30	30	50	bd-rhap-rep1-X/regulons_30_TF.tsv vs 10x-rep1-kallisto-cellbender-X/regulons_30_TF.tsv	bd-rhap-rep1-X/regulons_30_TF.tsv	10x-rep1-kallisto-cellbender-X/regulons_30_TF.tsv
2248	DC	IRF7	0.1320754716981132	30	30	30	50	bd-rhap-rep1-X/regulons_30_TF.tsv vs 10x-rep1-kallisto-cellbender-X/regulons_30_TF.tsv	bd-rhap-rep1-X/regulons_30_TF.tsv	10x-rep1-kallisto-cellbender-X/regulons_30_TF.tsv
2249	b_cells	TLE5	0.2	30	30	30	50	bd-rhap-rep1-X/regulons_30_TF.tsv vs 10x-rep1-kallisto-cellbender-X/regulons_30_TF.tsv	bd-rhap-rep1-X/regulons_30_TF.tsv	10x-rep1-kallisto-cellbender-X/regulons_30_TF.tsv
2250	cd4+_tcells	LEF1	0.17647058823529413	30	30	30	50	bd-rhap-rep1-X/regulons_30_TF.tsv vs 10x-rep1-kallisto-cellbender-X/regulons_30_TF.tsv	bd-rhap-rep1-X/regulons_30_TF.tsv	10x-rep1-kallisto-cellbender-X/regulons_30_TF.tsv
2251	DC	HMGB2	0.1111111111111111	30	30	30	50	bd-rhap-rep1-X/regulons_30_TF.tsv vs 10x-rep1-kallisto-cellbender-X/regulons_30_TF.tsv	bd-rhap-rep1-X/regulons_30_TF.tsv	10x-rep1-kallisto-cellbender-X/regulons_30_TF.tsv
2252	cd8+_tcells	RORA	0.2765957446808511	30	30	30	50	bd-rhap-rep1-X/regulons_30_TF.tsv vs 10x-rep1-kallisto-cellbender-X/regulons_30_TF.tsv	bd-rhap-rep1-X/regulons_30_TF.tsv	10x-rep1-kallisto-cellbender-X/regulons_30_TF.tsv
2253	nk_cells	ID2	0.2	30	30	30	50	bd-rhap-rep1-X/regulons_30_TF.tsv vs 10x-rep1-kallisto-cellbender-X/regulons_30_TF.tsv	bd-rhap-rep1-X/regulons_30_TF.tsv	10x-rep1-kallisto-cellbender-X/regulons_30_TF.tsv
2254	DC	ID2	0.07142857142857142	30	30	30	50	bd-rhap-rep1-X/regulons_30_TF.tsv vs 10x-rep1-kallisto-cellbender-X/regulons_30_TF.tsv	bd-rhap-rep1-X/regulons_30_TF.tsv	10x-rep1-kallisto-cellbender-X/regulons_30_TF.tsv
2255	cd4+_tcells	JUN	0.2765957446808511	30	30	30	50	bd-rhap-rep1-X/regulons_30_TF.tsv vs 10x-rep1-kallisto-cellbender-X/regulons_30_TF.tsv	bd-rhap-rep1-X/regulons_30_TF.tsv	10x-rep1-kallisto-cellbender-X/regulons_30_TF.tsv
2256	cd14+_monocytes	TLE5	0.05263157894736842	30	30	30	50	bd-rhap-rep1-X/regulons_30_TF.tsv vs 10x-rep1-kallisto-cellbender-X/regulons_30_TF.tsv	bd-rhap-rep1-X/regulons_30_TF.tsv	10x-rep1-kallisto-cellbender-X/regulons_30_TF.tsv
2257	nk_cells	BTG2	0.2	30	30	30	50	bd-rhap-rep1-X/regulons_30_TF.tsv vs 10x-rep1-kallisto-cellbender-X/regulons_30_TF.tsv	bd-rhap-rep1-X/regulons_30_TF.tsv	10x-rep1-kallisto-cellbender-X/regulons_30_TF.tsv
2258	cd4+_tcells	FOS	0.17647058823529413	30	30	30	50	bd-rhap-rep1-X/regulons_30_TF.tsv vs 10x-rep1-kallisto-cellbender-X/regulons_30_TF.tsv	bd-rhap-rep1-X/regulons_30_TF.tsv	10x-rep1-kallisto-cellbender-X/regulons_30_TF.tsv
2259	DC	TLE5	0.17647058823529413	30	30	30	50	bd-rhap-rep1-X/regulons_30_TF.tsv vs 10x-rep1-kallisto-cellbender-X/regulons_30_TF.tsv	bd-rhap-rep1-X/regulons_30_TF.tsv	10x-rep1-kallisto-cellbender-X/regulons_30_TF.tsv
2260	pDC	IRF1	0.1320754716981132	30	30	30	50	bd-rhap-rep1-X/regulons_30_TF.tsv vs 10x-rep1-kallisto-cellbender-X/regulons_30_TF.tsv	bd-rhap-rep1-X/regulons_30_TF.tsv	10x-rep1-kallisto-cellbender-X/regulons_30_TF.tsv
2261	pDC	LMO4	0.6216216216216216	30	30	30	50	bd-rhap-rep1-X/regulons_30_TF.tsv vs 10x-rep1-kallisto-cellbender-X/regulons_30_TF.tsv	bd-rhap-rep1-X/regulons_30_TF.tsv	10x-rep1-kallisto-cellbender-X/regulons_30_TF.tsv
2262	DC	STAT1	0.07142857142857142	30	30	30	50	bd-rhap-rep1-X/regulons_30_TF.tsv vs 10x-rep1-kallisto-cellbender-X/regulons_30_TF.tsv	bd-rhap-rep1-X/regulons_30_TF.tsv	10x-rep1-kallisto-cellbender-X/regulons_30_TF.tsv
2263	cd4+_tcells	BCL11B	0.3953488372093023	30	30	30	50	bd-rhap-rep1-X/regulons_30_TF.tsv vs 10x-rep1-kallisto-cellbender-X/regulons_30_TF.tsv	bd-rhap-rep1-X/regulons_30_TF.tsv	10x-rep1-kallisto-cellbender-X/regulons_30_TF.tsv
2264	nk_cells	MYBL1	0.36363636363636365	30	30	30	50	bd-rhap-rep1-X/regulons_30_TF.tsv vs 10x-rep1-kallisto-cellbender-X/regulons_30_TF.tsv	bd-rhap-rep1-X/regulons_30_TF.tsv	10x-rep1-kallisto-cellbender-X/regulons_30_TF.tsv
2265	b_cells	JUN	0.15384615384615385	30	30	30	50	bd-rhap-rep1-X/regulons_30_TF.tsv vs 10x-rep1-kallisto-cellbender-X/regulons_30_TF.tsv	bd-rhap-rep1-X/regulons_30_TF.tsv	10x-rep1-kallisto-cellbender-X/regulons_30_TF.tsv
2266	cd8+_tcells	BCL11B	0.3953488372093023	30	30	30	50	bd-rhap-rep1-X/regulons_30_TF.tsv vs 10x-rep1-kallisto-cellbender-X/regulons_30_TF.tsv	bd-rhap-rep1-X/regulons_30_TF.tsv	10x-rep1-kallisto-cellbender-X/regulons_30_TF.tsv
2267	DC	SOX4	0.15384615384615385	30	30	30	50	bd-rhap-rep1-X/regulons_30_TF.tsv vs 10x-rep1-kallisto-cellbender-X/regulons_30_TF.tsv	bd-rhap-rep1-X/regulons_30_TF.tsv	10x-rep1-kallisto-cellbender-X/regulons_30_TF.tsv
2268	b_cells	FOS	0.09090909090909091	30	30	30	50	bd-rhap-rep1-X/regulons_30_TF.tsv vs 10x-rep1-kallisto-cellbender-X/regulons_30_TF.tsv	bd-rhap-rep1-X/regulons_30_TF.tsv	10x-rep1-kallisto-cellbender-X/regulons_30_TF.tsv
2269	cd14+_monocytes	CEBPD	0.2765957446808511	30	30	30	50	bd-rhap-rep1-X/regulons_30_TF.tsv vs 10x-rep1-kallisto-cellbender-X/regulons_30_TF.tsv	bd-rhap-rep1-X/regulons_30_TF.tsv	10x-rep1-kallisto-cellbender-X/regulons_30_TF.tsv
2270	b_cells	POU2F2	0.2765957446808511	30	30	30	50	bd-rhap-rep1-X/regulons_30_TF.tsv vs 10x-rep1-kallisto-cellbender-X/regulons_30_TF.tsv	bd-rhap-rep1-X/regulons_30_TF.tsv	10x-rep1-kallisto-cellbender-X/regulons_30_TF.tsv
2271	nk_cells	RORA	0.22448979591836735	30	30	30	50	bd-rhap-rep1-X/regulons_30_TF.tsv vs 10x-rep1-kallisto-cellbender-X/regulons_30_TF.tsv	bd-rhap-rep1-X/regulons_30_TF.tsv	10x-rep1-kallisto-cellbender-X/regulons_30_TF.tsv
2272	pDC	BTG2	0.1111111111111111	30	30	30	50	bd-rhap-rep1-X/regulons_30_TF.tsv vs 10x-rep1-kallisto-cellbender-X/regulons_30_TF.tsv	bd-rhap-rep1-X/regulons_30_TF.tsv	10x-rep1-kallisto-cellbender-X/regulons_30_TF.tsv
2273	cd14+_monocytes	JUN	0.17647058823529413	30	30	30	50	bd-rhap-rep1-X/regulons_30_TF.tsv vs 10x-rep1-kallisto-cellbender-X/regulons_30_TF.tsv	bd-rhap-rep1-X/regulons_30_TF.tsv	10x-rep1-kallisto-cellbender-X/regulons_30_TF.tsv
2274	cd14+_monocytes	IRF1	0.22448979591836735	30	30	30	50	bd-rhap-rep1-X/regulons_30_TF.tsv vs 10x-rep1-kallisto-cellbender-X/regulons_30_TF.tsv	bd-rhap-rep1-X/regulons_30_TF.tsv	10x-rep1-kallisto-cellbender-X/regulons_30_TF.tsv
2275	cd14+_monocytes	LMO4	0.2	30	30	30	50	bd-rhap-rep1-X/regulons_30_TF.tsv vs 10x-rep1-kallisto-cellbender-X/regulons_30_TF.tsv	bd-rhap-rep1-X/regulons_30_TF.tsv	10x-rep1-kallisto-cellbender-X/regulons_30_TF.tsv
2276	cd14+_monocytes	POU2F2	0.30434782608695654	30	30	30	50	bd-rhap-rep1-X/regulons_30_TF.tsv vs 10x-rep1-kallisto-cellbender-X/regulons_30_TF.tsv	bd-rhap-rep1-X/regulons_30_TF.tsv	10x-rep1-kallisto-cellbender-X/regulons_30_TF.tsv
2277	nk_cells	JUN	0.2765957446808511	30	30	30	50	bd-rhap-rep1-X/regulons_30_TF.tsv vs 10x-rep1-kallisto-cellbender-X/regulons_30_TF.tsv	bd-rhap-rep1-X/regulons_30_TF.tsv	10x-rep1-kallisto-cellbender-X/regulons_30_TF.tsv
2278	pDC	TCF4	0.36363636363636365	30	30	30	50	bd-rhap-rep1-X/regulons_30_TF.tsv vs 10x-rep1-kallisto-cellbender-X/regulons_30_TF.tsv	bd-rhap-rep1-X/regulons_30_TF.tsv	10x-rep1-kallisto-cellbender-X/regulons_30_TF.tsv
2279	nk_cells	RUNX3	0.30434782608695654	30	30	30	50	bd-rhap-rep1-X/regulons_30_TF.tsv vs 10x-rep1-kallisto-cellbender-X/regulons_30_TF.tsv	bd-rhap-rep1-X/regulons_30_TF.tsv	10x-rep1-kallisto-cellbender-X/regulons_30_TF.tsv
2280	DC	JUN	0.1111111111111111	30	30	30	50	bd-rhap-rep1-X/regulons_30_TF.tsv vs 10x-rep1-kallisto-cellbender-X/regulons_30_TF.tsv	bd-rhap-rep1-X/regulons_30_TF.tsv	10x-rep1-kallisto-cellbender-X/regulons_30_TF.tsv
2281	nk_cells	FOS	0.15384615384615385	30	30	30	50	bd-rhap-rep1-X/regulons_30_TF.tsv vs 10x-rep1-kallisto-cellbender-X/regulons_30_TF.tsv	bd-rhap-rep1-X/regulons_30_TF.tsv	10x-rep1-kallisto-cellbender-X/regulons_30_TF.tsv
2282	cd14-_monocytes	NR4A1	0.15384615384615385	30	30	30	50	bd-rhap-rep1-X/regulons_30_TF.tsv vs 10x-rep1-kallisto-cellbender-X/regulons_30_TF.tsv	bd-rhap-rep1-X/regulons_30_TF.tsv	10x-rep1-kallisto-cellbender-X/regulons_30_TF.tsv
2283	cd14+_monocytes	MAFB	0.22448979591836735	30	30	30	50	bd-rhap-rep1-X/regulons_30_TF.tsv vs 10x-rep1-kallisto-cellbender-X/regulons_30_TF.tsv	bd-rhap-rep1-X/regulons_30_TF.tsv	10x-rep1-kallisto-cellbender-X/regulons_30_TF.tsv
2284	DC	LMO4	0.25	30	30	30	50	bd-rhap-rep1-X/regulons_30_TF.tsv vs 10x-rep1-kallisto-cellbender-X/regulons_30_TF.tsv	bd-rhap-rep1-X/regulons_30_TF.tsv	10x-rep1-kallisto-cellbender-X/regulons_30_TF.tsv
2285	DC	POU2F2	0.36363636363636365	30	30	30	50	bd-rhap-rep1-X/regulons_30_TF.tsv vs 10x-rep1-kallisto-cellbender-X/regulons_30_TF.tsv	bd-rhap-rep1-X/regulons_30_TF.tsv	10x-rep1-kallisto-cellbender-X/regulons_30_TF.tsv
2286	b_cells	BTG2	0.17647058823529413	30	30	30	50	bd-rhap-rep1-X/regulons_30_TF.tsv vs 10x-rep1-kallisto-cellbender-X/regulons_30_TF.tsv	bd-rhap-rep1-X/regulons_30_TF.tsv	10x-rep1-kallisto-cellbender-X/regulons_30_TF.tsv
2287	cd14-_monocytes	HMGB2	0.034482758620689655	30	30	30	50	bd-rhap-rep1-X/regulons_30_TF.tsv vs 10x-rep1-kallisto-cellbender-X/regulons_30_TF.tsv	bd-rhap-rep1-X/regulons_30_TF.tsv	10x-rep1-kallisto-cellbender-X/regulons_30_TF.tsv
2288	b_cells	BCL11A	0.36363636363636365	30	30	30	50	bd-rhap-rep1-X/regulons_30_TF.tsv vs 10x-rep1-kallisto-cellbender-X/regulons_30_TF.tsv	bd-rhap-rep1-X/regulons_30_TF.tsv	10x-rep1-kallisto-cellbender-X/regulons_30_TF.tsv
2289	cd14-_monocytes	ID2	0.09090909090909091	30	30	30	50	bd-rhap-rep1-X/regulons_30_TF.tsv vs 10x-rep1-kallisto-cellbender-X/regulons_30_TF.tsv	bd-rhap-rep1-X/regulons_30_TF.tsv	10x-rep1-kallisto-cellbender-X/regulons_30_TF.tsv
2290	pDC	STAT1	0.09090909090909091	30	30	30	50	bd-rhap-rep1-X/regulons_30_TF.tsv vs 10x-rep1-kallisto-cellbender-X/regulons_30_TF.tsv	bd-rhap-rep1-X/regulons_30_TF.tsv	10x-rep1-kallisto-cellbender-X/regulons_30_TF.tsv
2291	cd4+_tcells	RORA	0.2765957446808511	30	30	30	50	bd-rhap-rep1-X/regulons_30_TF.tsv vs 10x-rep1-kallisto-cellbender-X/regulons_30_TF.tsv	bd-rhap-rep1-X/regulons_30_TF.tsv	10x-rep1-kallisto-cellbender-X/regulons_30_TF.tsv
2292	pDC	SOX4	0.36363636363636365	30	30	30	50	bd-rhap-rep1-X/regulons_30_TF.tsv vs 10x-rep1-kallisto-cellbender-X/regulons_30_TF.tsv	bd-rhap-rep1-X/regulons_30_TF.tsv	10x-rep1-kallisto-cellbender-X/regulons_30_TF.tsv
2293	cd14+_monocytes	BTG2	0.25	30	30	30	50	bd-rhap-rep1-X/regulons_30_TF.tsv vs 10x-rep1-kallisto-cellbender-X/regulons_30_TF.tsv	bd-rhap-rep1-X/regulons_30_TF.tsv	10x-rep1-kallisto-cellbender-X/regulons_30_TF.tsv
2294	b_cells	TCF4	0.2765957446808511	30	30	30	50	bd-rhap-rep1-X/regulons_30_TF.tsv vs 10x-rep1-kallisto-cellbender-X/regulons_30_TF.tsv	bd-rhap-rep1-X/regulons_30_TF.tsv	10x-rep1-kallisto-cellbender-X/regulons_30_TF.tsv
2295	b_cells	SP140	0.3333333333333333	30	30	30	50	bd-rhap-rep1-X/regulons_30_TF.tsv vs 10x-rep1-kallisto-cellbender-X/regulons_30_TF.tsv	bd-rhap-rep1-X/regulons_30_TF.tsv	10x-rep1-kallisto-cellbender-X/regulons_30_TF.tsv
2296	nk_cells	ZEB2	0.09090909090909091	30	30	30	50	bd-rhap-rep1-X/regulons_30_TF.tsv vs 10x-rep1-kallisto-cellbender-X/regulons_30_TF.tsv	bd-rhap-rep1-X/regulons_30_TF.tsv	10x-rep1-kallisto-cellbender-X/regulons_30_TF.tsv
2297	DC	ZEB2	0.22448979591836735	30	30	30	50	bd-rhap-rep1-X/regulons_30_TF.tsv vs 10x-rep1-kallisto-cellbender-X/regulons_30_TF.tsv	bd-rhap-rep1-X/regulons_30_TF.tsv	10x-rep1-kallisto-cellbender-X/regulons_30_TF.tsv
2298	cd14-_monocytes	TLE5	0.09090909090909091	30	30	30	50	bd-rhap-rep1-X/regulons_30_TF.tsv vs 10x-rep1-kallisto-cellbender-X/regulons_30_TF.tsv	bd-rhap-rep1-X/regulons_30_TF.tsv	10x-rep1-kallisto-cellbender-X/regulons_30_TF.tsv
2299	DC	BTG2	0.17647058823529413	30	30	30	50	bd-rhap-rep1-X/regulons_30_TF.tsv vs 10x-rep1-kallisto-cellbender-X/regulons_30_TF.tsv	bd-rhap-rep1-X/regulons_30_TF.tsv	10x-rep1-kallisto-cellbender-X/regulons_30_TF.tsv
2300	DC	BCL11A	0.25	30	30	30	50	bd-rhap-rep1-X/regulons_30_TF.tsv vs 10x-rep1-kallisto-cellbender-X/regulons_30_TF.tsv	bd-rhap-rep1-X/regulons_30_TF.tsv	10x-rep1-kallisto-cellbender-X/regulons_30_TF.tsv
2301	pDC	JUN	0.15384615384615385	30	30	30	50	bd-rhap-rep1-X/regulons_30_TF.tsv vs 10x-rep1-kallisto-cellbender-X/regulons_30_TF.tsv	bd-rhap-rep1-X/regulons_30_TF.tsv	10x-rep1-kallisto-cellbender-X/regulons_30_TF.tsv
2302	pDC	RUNX2	0.3333333333333333	30	30	30	50	bd-rhap-rep1-X/regulons_30_TF.tsv vs 10x-rep1-kallisto-cellbender-X/regulons_30_TF.tsv	bd-rhap-rep1-X/regulons_30_TF.tsv	10x-rep1-kallisto-cellbender-X/regulons_30_TF.tsv
2303	pDC	FOS	0.05263157894736842	30	30	30	50	bd-rhap-rep1-X/regulons_30_TF.tsv vs 10x-rep1-kallisto-cellbender-X/regulons_30_TF.tsv	bd-rhap-rep1-X/regulons_30_TF.tsv	10x-rep1-kallisto-cellbender-X/regulons_30_TF.tsv
2304	cd14+_monocytes	STAT1	0.1320754716981132	30	30	30	50	bd-rhap-rep1-X/regulons_30_TF.tsv vs 10x-rep1-kallisto-cellbender-X/regulons_30_TF.tsv	bd-rhap-rep1-X/regulons_30_TF.tsv	10x-rep1-kallisto-cellbender-X/regulons_30_TF.tsv
2305	cd14+_monocytes	SOX4	0.30434782608695654	30	30	30	50	bd-rhap-rep1-X/regulons_30_TF.tsv vs 10x-rep1-kallisto-cellbender-X/regulons_30_TF.tsv	bd-rhap-rep1-X/regulons_30_TF.tsv	10x-rep1-kallisto-cellbender-X/regulons_30_TF.tsv
2306	pDC	ZEB2	0.2	30	30	30	50	bd-rhap-rep1-X/regulons_30_TF.tsv vs 10x-rep1-kallisto-cellbender-X/regulons_30_TF.tsv	bd-rhap-rep1-X/regulons_30_TF.tsv	10x-rep1-kallisto-cellbender-X/regulons_30_TF.tsv
2307	cd14-_monocytes	CEBPD	0.22448979591836735	30	30	30	50	bd-rhap-rep1-X/regulons_30_TF.tsv vs 10x-rep1-kallisto-cellbender-X/regulons_30_TF.tsv	bd-rhap-rep1-X/regulons_30_TF.tsv	10x-rep1-kallisto-cellbender-X/regulons_30_TF.tsv
2308	cd8+_tcells	TCF7	0.17647058823529413	30	30	30	50	bd-rhap-rep1-X/regulons_30_TF.tsv vs 10x-rep1-kallisto-cellbender-X/regulons_30_TF.tsv	bd-rhap-rep1-X/regulons_30_TF.tsv	10x-rep1-kallisto-cellbender-X/regulons_30_TF.tsv
2309	pDC	BCL11A	0.42857142857142855	30	30	30	50	bd-rhap-rep1-X/regulons_30_TF.tsv vs 10x-rep1-kallisto-cellbender-X/regulons_30_TF.tsv	bd-rhap-rep1-X/regulons_30_TF.tsv	10x-rep1-kallisto-cellbender-X/regulons_30_TF.tsv
2310	cd14-_monocytes	RUNX3	0.17647058823529413	30	30	30	50	bd-rhap-rep1-X/regulons_30_TF.tsv vs 10x-rep1-kallisto-cellbender-X/regulons_30_TF.tsv	bd-rhap-rep1-X/regulons_30_TF.tsv	10x-rep1-kallisto-cellbender-X/regulons_30_TF.tsv
2311	cd14+_monocytes	FOS	0.30434782608695654	30	30	30	50	bd-rhap-rep1-X/regulons_30_TF.tsv vs 10x-rep1-kallisto-cellbender-X/regulons_30_TF.tsv	bd-rhap-rep1-X/regulons_30_TF.tsv	10x-rep1-kallisto-cellbender-X/regulons_30_TF.tsv
2312	cd14-_monocytes	IRF1	0.2	30	30	30	50	bd-rhap-rep1-X/regulons_30_TF.tsv vs 10x-rep1-kallisto-cellbender-X/regulons_30_TF.tsv	bd-rhap-rep1-X/regulons_30_TF.tsv	10x-rep1-kallisto-cellbender-X/regulons_30_TF.tsv
2313	cd14-_monocytes	LMO4	0.36363636363636365	30	30	30	50	bd-rhap-rep1-X/regulons_30_TF.tsv vs 10x-rep1-kallisto-cellbender-X/regulons_30_TF.tsv	bd-rhap-rep1-X/regulons_30_TF.tsv	10x-rep1-kallisto-cellbender-X/regulons_30_TF.tsv
2314	cd14-_monocytes	POU2F2	0.30434782608695654	30	30	30	50	bd-rhap-rep1-X/regulons_30_TF.tsv vs 10x-rep1-kallisto-cellbender-X/regulons_30_TF.tsv	bd-rhap-rep1-X/regulons_30_TF.tsv	10x-rep1-kallisto-cellbender-X/regulons_30_TF.tsv
2315	cd14-_monocytes	MAFB	0.2	30	30	30	50	bd-rhap-rep1-X/regulons_30_TF.tsv vs 10x-rep1-kallisto-cellbender-X/regulons_30_TF.tsv	bd-rhap-rep1-X/regulons_30_TF.tsv	10x-rep1-kallisto-cellbender-X/regulons_30_TF.tsv
2316	cd14+_monocytes	ZEB2	0.2765957446808511	30	30	30	50	bd-rhap-rep1-X/regulons_30_TF.tsv vs 10x-rep1-kallisto-cellbender-X/regulons_30_TF.tsv	bd-rhap-rep1-X/regulons_30_TF.tsv	10x-rep1-kallisto-cellbender-X/regulons_30_TF.tsv
2317	cd8+_tcells	IRF1	0.1320754716981132	30	30	30	50	bd-rhap-rep1-X/regulons_30_TF.tsv vs 10x-rep1-kallisto-cellbender-X/regulons_30_TF.tsv	bd-rhap-rep1-X/regulons_30_TF.tsv	10x-rep1-kallisto-cellbender-X/regulons_30_TF.tsv
2318	cd14-_monocytes	BTG2	0.09090909090909091	30	30	30	50	bd-rhap-rep2-X/regulons_30_TF.tsv vs 10x-rep1-kallisto-cellbender-X/regulons_30_TF.tsv	bd-rhap-rep2-X/regulons_30_TF.tsv	10x-rep1-kallisto-cellbender-X/regulons_30_TF.tsv
2319	cd8+_tcells	RUNX3	0.1320754716981132	30	30	30	50	bd-rhap-rep2-X/regulons_30_TF.tsv vs 10x-rep1-kallisto-cellbender-X/regulons_30_TF.tsv	bd-rhap-rep2-X/regulons_30_TF.tsv	10x-rep1-kallisto-cellbender-X/regulons_30_TF.tsv
2320	cd8+_tcells	HOPX	0.1320754716981132	30	30	30	50	bd-rhap-rep2-X/regulons_30_TF.tsv vs 10x-rep1-kallisto-cellbender-X/regulons_30_TF.tsv	bd-rhap-rep2-X/regulons_30_TF.tsv	10x-rep1-kallisto-cellbender-X/regulons_30_TF.tsv
2321	cd8+_tcells	IKZF3	0.17647058823529413	30	30	30	50	bd-rhap-rep2-X/regulons_30_TF.tsv vs 10x-rep1-kallisto-cellbender-X/regulons_30_TF.tsv	bd-rhap-rep2-X/regulons_30_TF.tsv	10x-rep1-kallisto-cellbender-X/regulons_30_TF.tsv
2322	nk_cells	BTG2	0.1111111111111111	30	30	30	50	bd-rhap-rep2-X/regulons_30_TF.tsv vs 10x-rep1-kallisto-cellbender-X/regulons_30_TF.tsv	bd-rhap-rep2-X/regulons_30_TF.tsv	10x-rep1-kallisto-cellbender-X/regulons_30_TF.tsv
2323	DC	ZEB2	0.17647058823529413	30	30	30	50	bd-rhap-rep2-X/regulons_30_TF.tsv vs 10x-rep1-kallisto-cellbender-X/regulons_30_TF.tsv	bd-rhap-rep2-X/regulons_30_TF.tsv	10x-rep1-kallisto-cellbender-X/regulons_30_TF.tsv
2324	DC	BTG2	0.1111111111111111	30	30	30	50	bd-rhap-rep2-X/regulons_30_TF.tsv vs 10x-rep1-kallisto-cellbender-X/regulons_30_TF.tsv	bd-rhap-rep2-X/regulons_30_TF.tsv	10x-rep1-kallisto-cellbender-X/regulons_30_TF.tsv
2325	nk_cells	ZEB2	0.09090909090909091	30	30	30	50	bd-rhap-rep2-X/regulons_30_TF.tsv vs 10x-rep1-kallisto-cellbender-X/regulons_30_TF.tsv	bd-rhap-rep2-X/regulons_30_TF.tsv	10x-rep1-kallisto-cellbender-X/regulons_30_TF.tsv
2326	DC	BCL11A	0.22448979591836735	30	30	30	50	bd-rhap-rep2-X/regulons_30_TF.tsv vs 10x-rep1-kallisto-cellbender-X/regulons_30_TF.tsv	bd-rhap-rep2-X/regulons_30_TF.tsv	10x-rep1-kallisto-cellbender-X/regulons_30_TF.tsv
2327	cd8+_tcells	ID2	0.17647058823529413	30	30	30	50	bd-rhap-rep2-X/regulons_30_TF.tsv vs 10x-rep1-kallisto-cellbender-X/regulons_30_TF.tsv	bd-rhap-rep2-X/regulons_30_TF.tsv	10x-rep1-kallisto-cellbender-X/regulons_30_TF.tsv
2328	nk_cells	ETS1	0.2	30	30	30	50	bd-rhap-rep2-X/regulons_30_TF.tsv vs 10x-rep1-kallisto-cellbender-X/regulons_30_TF.tsv	bd-rhap-rep2-X/regulons_30_TF.tsv	10x-rep1-kallisto-cellbender-X/regulons_30_TF.tsv
2329	pDC	IRF7	0.2	30	30	30	50	bd-rhap-rep2-X/regulons_30_TF.tsv vs 10x-rep1-kallisto-cellbender-X/regulons_30_TF.tsv	bd-rhap-rep2-X/regulons_30_TF.tsv	10x-rep1-kallisto-cellbender-X/regulons_30_TF.tsv
2330	pDC	RUNX2	0.3333333333333333	30	30	30	50	bd-rhap-rep2-X/regulons_30_TF.tsv vs 10x-rep1-kallisto-cellbender-X/regulons_30_TF.tsv	bd-rhap-rep2-X/regulons_30_TF.tsv	10x-rep1-kallisto-cellbender-X/regulons_30_TF.tsv
2331	nk_cells	TFDP2	0.30434782608695654	30	30	30	50	bd-rhap-rep2-X/regulons_30_TF.tsv vs 10x-rep1-kallisto-cellbender-X/regulons_30_TF.tsv	bd-rhap-rep2-X/regulons_30_TF.tsv	10x-rep1-kallisto-cellbender-X/regulons_30_TF.tsv
2332	pDC	IRF8	0.4634146341463415	30	30	30	50	bd-rhap-rep2-X/regulons_30_TF.tsv vs 10x-rep1-kallisto-cellbender-X/regulons_30_TF.tsv	bd-rhap-rep2-X/regulons_30_TF.tsv	10x-rep1-kallisto-cellbender-X/regulons_30_TF.tsv
2333	DC	MAX	0.0	30	30	30	50	bd-rhap-rep2-X/regulons_30_TF.tsv vs 10x-rep1-kallisto-cellbender-X/regulons_30_TF.tsv	bd-rhap-rep2-X/regulons_30_TF.tsv	10x-rep1-kallisto-cellbender-X/regulons_30_TF.tsv
2334	cd4+_tcells	BTG2	0.2	30	30	30	50	bd-rhap-rep2-X/regulons_30_TF.tsv vs 10x-rep1-kallisto-cellbender-X/regulons_30_TF.tsv	bd-rhap-rep2-X/regulons_30_TF.tsv	10x-rep1-kallisto-cellbender-X/regulons_30_TF.tsv
2335	cd8+_tcells	BTG2	0.15384615384615385	30	30	30	50	bd-rhap-rep2-X/regulons_30_TF.tsv vs 10x-rep1-kallisto-cellbender-X/regulons_30_TF.tsv	bd-rhap-rep2-X/regulons_30_TF.tsv	10x-rep1-kallisto-cellbender-X/regulons_30_TF.tsv
2336	cd14+_monocytes	SOX4	0.22448979591836735	30	30	30	50	bd-rhap-rep2-X/regulons_30_TF.tsv vs 10x-rep1-kallisto-cellbender-X/regulons_30_TF.tsv	bd-rhap-rep2-X/regulons_30_TF.tsv	10x-rep1-kallisto-cellbender-X/regulons_30_TF.tsv
2337	cd4+_tcells	BCL11B	0.2765957446808511	30	30	30	50	bd-rhap-rep2-X/regulons_30_TF.tsv vs 10x-rep1-kallisto-cellbender-X/regulons_30_TF.tsv	bd-rhap-rep2-X/regulons_30_TF.tsv	10x-rep1-kallisto-cellbender-X/regulons_30_TF.tsv
2338	nk_cells	MYBL1	0.30434782608695654	30	30	30	50	bd-rhap-rep2-X/regulons_30_TF.tsv vs 10x-rep1-kallisto-cellbender-X/regulons_30_TF.tsv	bd-rhap-rep2-X/regulons_30_TF.tsv	10x-rep1-kallisto-cellbender-X/regulons_30_TF.tsv
2339	cd14-_monocytes	SOX4	0.22448979591836735	30	30	30	50	bd-rhap-rep2-X/regulons_30_TF.tsv vs 10x-rep1-kallisto-cellbender-X/regulons_30_TF.tsv	bd-rhap-rep2-X/regulons_30_TF.tsv	10x-rep1-kallisto-cellbender-X/regulons_30_TF.tsv
2340	DC	SOX4	0.09090909090909091	30	30	30	50	bd-rhap-rep2-X/regulons_30_TF.tsv vs 10x-rep1-kallisto-cellbender-X/regulons_30_TF.tsv	bd-rhap-rep2-X/regulons_30_TF.tsv	10x-rep1-kallisto-cellbender-X/regulons_30_TF.tsv
2341	b_cells	IKZF3	0.2765957446808511	30	30	30	50	bd-rhap-rep2-X/regulons_30_TF.tsv vs 10x-rep1-kallisto-cellbender-X/regulons_30_TF.tsv	bd-rhap-rep2-X/regulons_30_TF.tsv	10x-rep1-kallisto-cellbender-X/regulons_30_TF.tsv
2342	pDC	ZEB2	0.1111111111111111	30	30	30	50	bd-rhap-rep2-X/regulons_30_TF.tsv vs 10x-rep1-kallisto-cellbender-X/regulons_30_TF.tsv	bd-rhap-rep2-X/regulons_30_TF.tsv	10x-rep1-kallisto-cellbender-X/regulons_30_TF.tsv
2343	cd4+_tcells	ETS1	0.25	30	30	30	50	bd-rhap-rep2-X/regulons_30_TF.tsv vs 10x-rep1-kallisto-cellbender-X/regulons_30_TF.tsv	bd-rhap-rep2-X/regulons_30_TF.tsv	10x-rep1-kallisto-cellbender-X/regulons_30_TF.tsv
2344	nk_cells	RORA	0.22448979591836735	30	30	30	50	bd-rhap-rep2-X/regulons_30_TF.tsv vs 10x-rep1-kallisto-cellbender-X/regulons_30_TF.tsv	bd-rhap-rep2-X/regulons_30_TF.tsv	10x-rep1-kallisto-cellbender-X/regulons_30_TF.tsv
2345	pDC	BTG2	0.05263157894736842	30	30	30	50	bd-rhap-rep2-X/regulons_30_TF.tsv vs 10x-rep1-kallisto-cellbender-X/regulons_30_TF.tsv	bd-rhap-rep2-X/regulons_30_TF.tsv	10x-rep1-kallisto-cellbender-X/regulons_30_TF.tsv
2346	b_cells	IRF8	0.17647058823529413	30	30	30	50	bd-rhap-rep2-X/regulons_30_TF.tsv vs 10x-rep1-kallisto-cellbender-X/regulons_30_TF.tsv	bd-rhap-rep2-X/regulons_30_TF.tsv	10x-rep1-kallisto-cellbender-X/regulons_30_TF.tsv
2347	cd8+_tcells	ETS1	0.3953488372093023	30	30	30	50	bd-rhap-rep2-X/regulons_30_TF.tsv vs 10x-rep1-kallisto-cellbender-X/regulons_30_TF.tsv	bd-rhap-rep2-X/regulons_30_TF.tsv	10x-rep1-kallisto-cellbender-X/regulons_30_TF.tsv
2348	cd8+_tcells	TCF7	0.2	30	30	30	50	bd-rhap-rep2-X/regulons_30_TF.tsv vs 10x-rep1-kallisto-cellbender-X/regulons_30_TF.tsv	bd-rhap-rep2-X/regulons_30_TF.tsv	10x-rep1-kallisto-cellbender-X/regulons_30_TF.tsv
2349	cd4+_tcells	TCF7	0.2765957446808511	30	30	30	50	bd-rhap-rep2-X/regulons_30_TF.tsv vs 10x-rep1-kallisto-cellbender-X/regulons_30_TF.tsv	bd-rhap-rep2-X/regulons_30_TF.tsv	10x-rep1-kallisto-cellbender-X/regulons_30_TF.tsv
2350	pDC	BCL11A	0.36363636363636365	30	30	30	50	bd-rhap-rep2-X/regulons_30_TF.tsv vs 10x-rep1-kallisto-cellbender-X/regulons_30_TF.tsv	bd-rhap-rep2-X/regulons_30_TF.tsv	10x-rep1-kallisto-cellbender-X/regulons_30_TF.tsv
2351	b_cells	SP140	0.30434782608695654	30	30	30	50	bd-rhap-rep2-X/regulons_30_TF.tsv vs 10x-rep1-kallisto-cellbender-X/regulons_30_TF.tsv	bd-rhap-rep2-X/regulons_30_TF.tsv	10x-rep1-kallisto-cellbender-X/regulons_30_TF.tsv
2352	cd14-_monocytes	RUNX3	0.15384615384615385	30	30	30	50	bd-rhap-rep2-X/regulons_30_TF.tsv vs 10x-rep1-kallisto-cellbender-X/regulons_30_TF.tsv	bd-rhap-rep2-X/regulons_30_TF.tsv	10x-rep1-kallisto-cellbender-X/regulons_30_TF.tsv
2353	pDC	TCF4	0.3333333333333333	30	30	30	50	bd-rhap-rep2-X/regulons_30_TF.tsv vs 10x-rep1-kallisto-cellbender-X/regulons_30_TF.tsv	bd-rhap-rep2-X/regulons_30_TF.tsv	10x-rep1-kallisto-cellbender-X/regulons_30_TF.tsv
2354	nk_cells	RUNX3	0.22448979591836735	30	30	30	50	bd-rhap-rep2-X/regulons_30_TF.tsv vs 10x-rep1-kallisto-cellbender-X/regulons_30_TF.tsv	bd-rhap-rep2-X/regulons_30_TF.tsv	10x-rep1-kallisto-cellbender-X/regulons_30_TF.tsv
2355	cd14+_monocytes	IRF8	0.1111111111111111	30	30	30	50	bd-rhap-rep2-X/regulons_30_TF.tsv vs 10x-rep1-kallisto-cellbender-X/regulons_30_TF.tsv	bd-rhap-rep2-X/regulons_30_TF.tsv	10x-rep1-kallisto-cellbender-X/regulons_30_TF.tsv
2356	nk_cells	HOPX	0.25	30	30	30	50	bd-rhap-rep2-X/regulons_30_TF.tsv vs 10x-rep1-kallisto-cellbender-X/regulons_30_TF.tsv	bd-rhap-rep2-X/regulons_30_TF.tsv	10x-rep1-kallisto-cellbender-X/regulons_30_TF.tsv
2357	pDC	ETS1	0.17647058823529413	30	30	30	50	bd-rhap-rep2-X/regulons_30_TF.tsv vs 10x-rep1-kallisto-cellbender-X/regulons_30_TF.tsv	bd-rhap-rep2-X/regulons_30_TF.tsv	10x-rep1-kallisto-cellbender-X/regulons_30_TF.tsv
2358	cd14-_monocytes	NR4A1	0.07142857142857142	30	30	30	50	bd-rhap-rep2-X/regulons_30_TF.tsv vs 10x-rep1-kallisto-cellbender-X/regulons_30_TF.tsv	bd-rhap-rep2-X/regulons_30_TF.tsv	10x-rep1-kallisto-cellbender-X/regulons_30_TF.tsv
2359	DC	NR4A1	0.034482758620689655	30	30	30	50	bd-rhap-rep2-X/regulons_30_TF.tsv vs 10x-rep1-kallisto-cellbender-X/regulons_30_TF.tsv	bd-rhap-rep2-X/regulons_30_TF.tsv	10x-rep1-kallisto-cellbender-X/regulons_30_TF.tsv
2360	cd14+_monocytes	EGR1	0.17647058823529413	30	30	30	50	bd-rhap-rep2-X/regulons_30_TF.tsv vs 10x-rep1-kallisto-cellbender-X/regulons_30_TF.tsv	bd-rhap-rep2-X/regulons_30_TF.tsv	10x-rep1-kallisto-cellbender-X/regulons_30_TF.tsv
2361	cd14+_monocytes	ID2	0.2	30	30	30	50	bd-rhap-rep2-X/regulons_30_TF.tsv vs 10x-rep1-kallisto-cellbender-X/regulons_30_TF.tsv	bd-rhap-rep2-X/regulons_30_TF.tsv	10x-rep1-kallisto-cellbender-X/regulons_30_TF.tsv
2362	DC	IRF7	0.05263157894736842	30	30	30	50	bd-rhap-rep2-X/regulons_30_TF.tsv vs 10x-rep1-kallisto-cellbender-X/regulons_30_TF.tsv	bd-rhap-rep2-X/regulons_30_TF.tsv	10x-rep1-kallisto-cellbender-X/regulons_30_TF.tsv
2363	b_cells	BTG2	0.1320754716981132	30	30	30	50	bd-rhap-rep2-X/regulons_30_TF.tsv vs 10x-rep1-kallisto-cellbender-X/regulons_30_TF.tsv	bd-rhap-rep2-X/regulons_30_TF.tsv	10x-rep1-kallisto-cellbender-X/regulons_30_TF.tsv
2364	cd14-_monocytes	TCF7L2	0.1320754716981132	30	30	30	50	bd-rhap-rep2-X/regulons_30_TF.tsv vs 10x-rep1-kallisto-cellbender-X/regulons_30_TF.tsv	bd-rhap-rep2-X/regulons_30_TF.tsv	10x-rep1-kallisto-cellbender-X/regulons_30_TF.tsv
2365	b_cells	BCL11A	0.3333333333333333	30	30	30	50	bd-rhap-rep2-X/regulons_30_TF.tsv vs 10x-rep1-kallisto-cellbender-X/regulons_30_TF.tsv	bd-rhap-rep2-X/regulons_30_TF.tsv	10x-rep1-kallisto-cellbender-X/regulons_30_TF.tsv
2366	cd14-_monocytes	ID2	0.09090909090909091	30	30	30	50	bd-rhap-rep2-X/regulons_30_TF.tsv vs 10x-rep1-kallisto-cellbender-X/regulons_30_TF.tsv	bd-rhap-rep2-X/regulons_30_TF.tsv	10x-rep1-kallisto-cellbender-X/regulons_30_TF.tsv
2367	DC	IRF8	0.25	30	30	30	50	bd-rhap-rep2-X/regulons_30_TF.tsv vs 10x-rep1-kallisto-cellbender-X/regulons_30_TF.tsv	bd-rhap-rep2-X/regulons_30_TF.tsv	10x-rep1-kallisto-cellbender-X/regulons_30_TF.tsv
2368	cd4+_tcells	LEF1	0.1320754716981132	30	30	30	50	bd-rhap-rep2-X/regulons_30_TF.tsv vs 10x-rep1-kallisto-cellbender-X/regulons_30_TF.tsv	bd-rhap-rep2-X/regulons_30_TF.tsv	10x-rep1-kallisto-cellbender-X/regulons_30_TF.tsv
2369	cd8+_tcells	RORA	0.2	30	30	30	50	bd-rhap-rep2-X/regulons_30_TF.tsv vs 10x-rep1-kallisto-cellbender-X/regulons_30_TF.tsv	bd-rhap-rep2-X/regulons_30_TF.tsv	10x-rep1-kallisto-cellbender-X/regulons_30_TF.tsv
2370	nk_cells	ID2	0.17647058823529413	30	30	30	50	bd-rhap-rep2-X/regulons_30_TF.tsv vs 10x-rep1-kallisto-cellbender-X/regulons_30_TF.tsv	bd-rhap-rep2-X/regulons_30_TF.tsv	10x-rep1-kallisto-cellbender-X/regulons_30_TF.tsv
2371	cd4+_tcells	RORA	0.2765957446808511	30	30	30	50	bd-rhap-rep2-X/regulons_30_TF.tsv vs 10x-rep1-kallisto-cellbender-X/regulons_30_TF.tsv	bd-rhap-rep2-X/regulons_30_TF.tsv	10x-rep1-kallisto-cellbender-X/regulons_30_TF.tsv
2372	DC	ID2	0.1111111111111111	30	30	30	50	bd-rhap-rep2-X/regulons_30_TF.tsv vs 10x-rep1-kallisto-cellbender-X/regulons_30_TF.tsv	bd-rhap-rep2-X/regulons_30_TF.tsv	10x-rep1-kallisto-cellbender-X/regulons_30_TF.tsv
2373	cd14+_monocytes	ZEB2	0.17647058823529413	30	30	30	50	bd-rhap-rep2-X/regulons_30_TF.tsv vs 10x-rep1-kallisto-cellbender-X/regulons_30_TF.tsv	bd-rhap-rep2-X/regulons_30_TF.tsv	10x-rep1-kallisto-cellbender-X/regulons_30_TF.tsv
2374	b_cells	ETS1	0.07407407407407407	30	28	30	50	bd-rhap-rep2-X/regulons_30_TF.tsv vs 10x-rep1-kallisto-cellbender-X/regulons_30_TF.tsv	bd-rhap-rep2-X/regulons_30_TF.tsv	10x-rep1-kallisto-cellbender-X/regulons_30_TF.tsv
2375	pDC	SOX4	0.36363636363636365	30	30	30	50	bd-rhap-rep2-X/regulons_30_TF.tsv vs 10x-rep1-kallisto-cellbender-X/regulons_30_TF.tsv	bd-rhap-rep2-X/regulons_30_TF.tsv	10x-rep1-kallisto-cellbender-X/regulons_30_TF.tsv
2376	cd14+_monocytes	BTG2	0.1320754716981132	30	30	30	50	bd-rhap-rep2-X/regulons_30_TF.tsv vs 10x-rep1-kallisto-cellbender-X/regulons_30_TF.tsv	bd-rhap-rep2-X/regulons_30_TF.tsv	10x-rep1-kallisto-cellbender-X/regulons_30_TF.tsv
2377	b_cells	TCF4	0.2765957446808511	30	30	30	50	bd-rhap-rep2-X/regulons_30_TF.tsv vs 10x-rep1-kallisto-cellbender-X/regulons_30_TF.tsv	bd-rhap-rep2-X/regulons_30_TF.tsv	10x-rep1-kallisto-cellbender-X/regulons_30_TF.tsv
2378	cd14-_monocytes	ZEB2	0.1320754716981132	30	30	30	50	bd-rhap-rep2-X/regulons_30_TF.tsv vs 10x-rep1-kallisto-cellbender-X/regulons_30_TF.tsv	bd-rhap-rep2-X/regulons_30_TF.tsv	10x-rep1-kallisto-cellbender-X/regulons_30_TF.tsv
2379	cd8+_tcells	HOPX	0.3793103448275862	40	40	40	50	bd-rhap-rep1-X/regulons_40_TF.tsv vs bd-rhap-rep2-X/regulons_40_TF.tsv	bd-rhap-rep1-X/regulons_40_TF.tsv	bd-rhap-rep2-X/regulons_40_TF.tsv
2380	cd8+_tcells	IKZF3	0.6326530612244898	40	40	40	50	bd-rhap-rep1-X/regulons_40_TF.tsv vs bd-rhap-rep2-X/regulons_40_TF.tsv	bd-rhap-rep1-X/regulons_40_TF.tsv	bd-rhap-rep2-X/regulons_40_TF.tsv
2381	nk_cells	RUNX1	0.3793103448275862	40	40	40	50	bd-rhap-rep1-X/regulons_40_TF.tsv vs bd-rhap-rep2-X/regulons_40_TF.tsv	bd-rhap-rep1-X/regulons_40_TF.tsv	bd-rhap-rep2-X/regulons_40_TF.tsv
2382	pDC	FOXP1	0.45454545454545453	40	40	40	50	bd-rhap-rep1-X/regulons_40_TF.tsv vs bd-rhap-rep2-X/regulons_40_TF.tsv	bd-rhap-rep1-X/regulons_40_TF.tsv	bd-rhap-rep2-X/regulons_40_TF.tsv
2383	nk_cells	TBX21	0.2903225806451613	40	40	40	50	bd-rhap-rep1-X/regulons_40_TF.tsv vs bd-rhap-rep2-X/regulons_40_TF.tsv	bd-rhap-rep1-X/regulons_40_TF.tsv	bd-rhap-rep2-X/regulons_40_TF.tsv
2384	nk_cells	STAT4	0.2903225806451613	40	40	40	50	bd-rhap-rep1-X/regulons_40_TF.tsv vs bd-rhap-rep2-X/regulons_40_TF.tsv	bd-rhap-rep1-X/regulons_40_TF.tsv	bd-rhap-rep2-X/regulons_40_TF.tsv
2385	cd8+_tcells	ID2	0.3793103448275862	40	40	40	50	bd-rhap-rep1-X/regulons_40_TF.tsv vs bd-rhap-rep2-X/regulons_40_TF.tsv	bd-rhap-rep1-X/regulons_40_TF.tsv	bd-rhap-rep2-X/regulons_40_TF.tsv
2386	cd4+_tcells	ARID5B	0.3793103448275862	40	40	40	50	bd-rhap-rep1-X/regulons_40_TF.tsv vs bd-rhap-rep2-X/regulons_40_TF.tsv	bd-rhap-rep1-X/regulons_40_TF.tsv	bd-rhap-rep2-X/regulons_40_TF.tsv
2387	nk_cells	KAT6B	0.45454545454545453	40	40	40	50	bd-rhap-rep1-X/regulons_40_TF.tsv vs bd-rhap-rep2-X/regulons_40_TF.tsv	bd-rhap-rep1-X/regulons_40_TF.tsv	bd-rhap-rep2-X/regulons_40_TF.tsv
2388	DC	KAT6B	0.25	40	40	40	50	bd-rhap-rep1-X/regulons_40_TF.tsv vs bd-rhap-rep2-X/regulons_40_TF.tsv	bd-rhap-rep1-X/regulons_40_TF.tsv	bd-rhap-rep2-X/regulons_40_TF.tsv
2389	b_cells	BACH2	0.3793103448275862	40	40	40	50	bd-rhap-rep1-X/regulons_40_TF.tsv vs bd-rhap-rep2-X/regulons_40_TF.tsv	bd-rhap-rep1-X/regulons_40_TF.tsv	bd-rhap-rep2-X/regulons_40_TF.tsv
2390	pDC	IRF8	0.7021276595744681	40	40	40	50	bd-rhap-rep1-X/regulons_40_TF.tsv vs bd-rhap-rep2-X/regulons_40_TF.tsv	bd-rhap-rep1-X/regulons_40_TF.tsv	bd-rhap-rep2-X/regulons_40_TF.tsv
2391	nk_cells	NFATC2	0.5384615384615384	40	40	40	50	bd-rhap-rep1-X/regulons_40_TF.tsv vs bd-rhap-rep2-X/regulons_40_TF.tsv	bd-rhap-rep1-X/regulons_40_TF.tsv	bd-rhap-rep2-X/regulons_40_TF.tsv
2392	cd14-_monocytes	HDAC9	0.25	40	40	40	50	bd-rhap-rep1-X/regulons_40_TF.tsv vs bd-rhap-rep2-X/regulons_40_TF.tsv	bd-rhap-rep1-X/regulons_40_TF.tsv	bd-rhap-rep2-X/regulons_40_TF.tsv
2393	b_cells	ZBTB20	0.45454545454545453	40	40	40	50	bd-rhap-rep1-X/regulons_40_TF.tsv vs bd-rhap-rep2-X/regulons_40_TF.tsv	bd-rhap-rep1-X/regulons_40_TF.tsv	bd-rhap-rep2-X/regulons_40_TF.tsv
2394	cd4+_tcells	RUNX1	0.23076923076923078	40	40	40	50	bd-rhap-rep1-X/regulons_40_TF.tsv vs bd-rhap-rep2-X/regulons_40_TF.tsv	bd-rhap-rep1-X/regulons_40_TF.tsv	bd-rhap-rep2-X/regulons_40_TF.tsv
2395	cd8+_tcells	MAF	0.40350877192982454	40	40	40	50	bd-rhap-rep1-X/regulons_40_TF.tsv vs bd-rhap-rep2-X/regulons_40_TF.tsv	bd-rhap-rep1-X/regulons_40_TF.tsv	bd-rhap-rep2-X/regulons_40_TF.tsv
2396	DC	HIVEP2	0.3559322033898305	40	40	40	50	bd-rhap-rep1-X/regulons_40_TF.tsv vs bd-rhap-rep2-X/regulons_40_TF.tsv	bd-rhap-rep1-X/regulons_40_TF.tsv	bd-rhap-rep2-X/regulons_40_TF.tsv
2397	cd14-_monocytes	SOX4	0.3333333333333333	40	40	40	50	bd-rhap-rep1-X/regulons_40_TF.tsv vs bd-rhap-rep2-X/regulons_40_TF.tsv	bd-rhap-rep1-X/regulons_40_TF.tsv	bd-rhap-rep2-X/regulons_40_TF.tsv
2398	cd4+_tcells	KLF12	0.6	40	40	40	50	bd-rhap-rep1-X/regulons_40_TF.tsv vs bd-rhap-rep2-X/regulons_40_TF.tsv	bd-rhap-rep1-X/regulons_40_TF.tsv	bd-rhap-rep2-X/regulons_40_TF.tsv
2399	cd14+_monocytes	FOXP1	0.48148148148148145	40	40	40	50	bd-rhap-rep1-X/regulons_40_TF.tsv vs bd-rhap-rep2-X/regulons_40_TF.tsv	bd-rhap-rep1-X/regulons_40_TF.tsv	bd-rhap-rep2-X/regulons_40_TF.tsv
2400	cd4+_tcells	FOXO1	0.2903225806451613	40	40	40	50	bd-rhap-rep1-X/regulons_40_TF.tsv vs bd-rhap-rep2-X/regulons_40_TF.tsv	bd-rhap-rep1-X/regulons_40_TF.tsv	bd-rhap-rep2-X/regulons_40_TF.tsv
2401	cd4+_tcells	ETS1	0.7391304347826086	40	40	40	50	bd-rhap-rep1-X/regulons_40_TF.tsv vs bd-rhap-rep2-X/regulons_40_TF.tsv	bd-rhap-rep1-X/regulons_40_TF.tsv	bd-rhap-rep2-X/regulons_40_TF.tsv
2402	cd8+_tcells	KLF12	0.6326530612244898	40	40	40	50	bd-rhap-rep1-X/regulons_40_TF.tsv vs bd-rhap-rep2-X/regulons_40_TF.tsv	bd-rhap-rep1-X/regulons_40_TF.tsv	bd-rhap-rep2-X/regulons_40_TF.tsv
2403	cd14-_monocytes	FOSB	0.40350877192982454	40	40	40	50	bd-rhap-rep1-X/regulons_40_TF.tsv vs bd-rhap-rep2-X/regulons_40_TF.tsv	bd-rhap-rep1-X/regulons_40_TF.tsv	bd-rhap-rep2-X/regulons_40_TF.tsv
2404	b_cells	IRF8	0.48148148148148145	40	40	40	50	bd-rhap-rep1-X/regulons_40_TF.tsv vs bd-rhap-rep2-X/regulons_40_TF.tsv	bd-rhap-rep1-X/regulons_40_TF.tsv	bd-rhap-rep2-X/regulons_40_TF.tsv
2405	cd8+_tcells	ETS1	0.6666666666666666	40	40	40	50	bd-rhap-rep1-X/regulons_40_TF.tsv vs bd-rhap-rep2-X/regulons_40_TF.tsv	bd-rhap-rep1-X/regulons_40_TF.tsv	bd-rhap-rep2-X/regulons_40_TF.tsv
2406	cd4+_tcells	MAX	0.3559322033898305	40	40	40	50	bd-rhap-rep1-X/regulons_40_TF.tsv vs bd-rhap-rep2-X/regulons_40_TF.tsv	bd-rhap-rep1-X/regulons_40_TF.tsv	bd-rhap-rep2-X/regulons_40_TF.tsv
2407	cd4+_tcells	TCF7	0.5094339622641509	40	40	40	50	bd-rhap-rep1-X/regulons_40_TF.tsv vs bd-rhap-rep2-X/regulons_40_TF.tsv	bd-rhap-rep1-X/regulons_40_TF.tsv	bd-rhap-rep2-X/regulons_40_TF.tsv
2408	pDC	RUNX1	0.3793103448275862	40	40	40	50	bd-rhap-rep1-X/regulons_40_TF.tsv vs bd-rhap-rep2-X/regulons_40_TF.tsv	bd-rhap-rep1-X/regulons_40_TF.tsv	bd-rhap-rep2-X/regulons_40_TF.tsv
2409	pDC	DACH1	0.3559322033898305	40	40	40	50	bd-rhap-rep1-X/regulons_40_TF.tsv vs bd-rhap-rep2-X/regulons_40_TF.tsv	bd-rhap-rep1-X/regulons_40_TF.tsv	bd-rhap-rep2-X/regulons_40_TF.tsv
2410	cd14+_monocytes	NFAT5	0.42857142857142855	40	40	40	50	bd-rhap-rep1-X/regulons_40_TF.tsv vs bd-rhap-rep2-X/regulons_40_TF.tsv	bd-rhap-rep1-X/regulons_40_TF.tsv	bd-rhap-rep2-X/regulons_40_TF.tsv
2411	b_cells	ARID5B	0.3793103448275862	40	40	40	50	bd-rhap-rep1-X/regulons_40_TF.tsv vs bd-rhap-rep2-X/regulons_40_TF.tsv	bd-rhap-rep1-X/regulons_40_TF.tsv	bd-rhap-rep2-X/regulons_40_TF.tsv
2412	DC	ZBTB20	0.40350877192982454	40	40	40	50	bd-rhap-rep1-X/regulons_40_TF.tsv vs bd-rhap-rep2-X/regulons_40_TF.tsv	bd-rhap-rep1-X/regulons_40_TF.tsv	bd-rhap-rep2-X/regulons_40_TF.tsv
2413	cd8+_tcells	MYBL1	0.3559322033898305	40	40	40	50	bd-rhap-rep1-X/regulons_40_TF.tsv vs bd-rhap-rep2-X/regulons_40_TF.tsv	bd-rhap-rep1-X/regulons_40_TF.tsv	bd-rhap-rep2-X/regulons_40_TF.tsv
2414	b_cells	HIPK2	0.0392156862745098	40	13	40	50	bd-rhap-rep1-X/regulons_40_TF.tsv vs bd-rhap-rep2-X/regulons_40_TF.tsv	bd-rhap-rep1-X/regulons_40_TF.tsv	bd-rhap-rep2-X/regulons_40_TF.tsv
2415	cd14+_monocytes	IRF8	0.3559322033898305	40	40	40	50	bd-rhap-rep1-X/regulons_40_TF.tsv vs bd-rhap-rep2-X/regulons_40_TF.tsv	bd-rhap-rep1-X/regulons_40_TF.tsv	bd-rhap-rep2-X/regulons_40_TF.tsv
2416	nk_cells	NFAT5	0.3559322033898305	40	40	40	50	bd-rhap-rep1-X/regulons_40_TF.tsv vs bd-rhap-rep2-X/regulons_40_TF.tsv	bd-rhap-rep1-X/regulons_40_TF.tsv	bd-rhap-rep2-X/regulons_40_TF.tsv
2417	pDC	MAX	0.19402985074626866	40	40	40	50	bd-rhap-rep1-X/regulons_40_TF.tsv vs bd-rhap-rep2-X/regulons_40_TF.tsv	bd-rhap-rep1-X/regulons_40_TF.tsv	bd-rhap-rep2-X/regulons_40_TF.tsv
2418	DC	NFAT5	0.2698412698412698	40	40	40	50	bd-rhap-rep1-X/regulons_40_TF.tsv vs bd-rhap-rep2-X/regulons_40_TF.tsv	bd-rhap-rep1-X/regulons_40_TF.tsv	bd-rhap-rep2-X/regulons_40_TF.tsv
2419	DC	NR4A1	0.48148148148148145	40	40	40	50	bd-rhap-rep1-X/regulons_40_TF.tsv vs bd-rhap-rep2-X/regulons_40_TF.tsv	bd-rhap-rep1-X/regulons_40_TF.tsv	bd-rhap-rep2-X/regulons_40_TF.tsv
2420	cd14-_monocytes	TCF7L2	0.45454545454545453	40	40	40	50	bd-rhap-rep1-X/regulons_40_TF.tsv vs bd-rhap-rep2-X/regulons_40_TF.tsv	bd-rhap-rep1-X/regulons_40_TF.tsv	bd-rhap-rep2-X/regulons_40_TF.tsv
2421	DC	IRF8	0.48148148148148145	40	40	40	50	bd-rhap-rep1-X/regulons_40_TF.tsv vs bd-rhap-rep2-X/regulons_40_TF.tsv	bd-rhap-rep1-X/regulons_40_TF.tsv	bd-rhap-rep2-X/regulons_40_TF.tsv
2422	cd4+_tcells	TRERF1	0.3333333333333333	40	40	40	50	bd-rhap-rep1-X/regulons_40_TF.tsv vs bd-rhap-rep2-X/regulons_40_TF.tsv	bd-rhap-rep1-X/regulons_40_TF.tsv	bd-rhap-rep2-X/regulons_40_TF.tsv
2423	b_cells	ETS1	0.5094339622641509	40	40	40	50	bd-rhap-rep1-X/regulons_40_TF.tsv vs bd-rhap-rep2-X/regulons_40_TF.tsv	bd-rhap-rep1-X/regulons_40_TF.tsv	bd-rhap-rep2-X/regulons_40_TF.tsv
2424	nk_cells	HIPK2	0.42857142857142855	40	40	40	50	bd-rhap-rep1-X/regulons_40_TF.tsv vs bd-rhap-rep2-X/regulons_40_TF.tsv	bd-rhap-rep1-X/regulons_40_TF.tsv	bd-rhap-rep2-X/regulons_40_TF.tsv
2425	cd14-_monocytes	NFATC3	0.40350877192982454	40	40	40	50	bd-rhap-rep1-X/regulons_40_TF.tsv vs bd-rhap-rep2-X/regulons_40_TF.tsv	bd-rhap-rep1-X/regulons_40_TF.tsv	bd-rhap-rep2-X/regulons_40_TF.tsv
2426	cd14-_monocytes	ZEB2	0.40350877192982454	40	40	40	50	bd-rhap-rep1-X/regulons_40_TF.tsv vs bd-rhap-rep2-X/regulons_40_TF.tsv	bd-rhap-rep1-X/regulons_40_TF.tsv	bd-rhap-rep2-X/regulons_40_TF.tsv
2427	DC	HIPK2	0.15942028985507245	40	40	40	50	bd-rhap-rep1-X/regulons_40_TF.tsv vs bd-rhap-rep2-X/regulons_40_TF.tsv	bd-rhap-rep1-X/regulons_40_TF.tsv	bd-rhap-rep2-X/regulons_40_TF.tsv
2428	cd14+_monocytes	RUNX1	0.42857142857142855	40	40	40	50	bd-rhap-rep1-X/regulons_40_TF.tsv vs bd-rhap-rep2-X/regulons_40_TF.tsv	bd-rhap-rep1-X/regulons_40_TF.tsv	bd-rhap-rep2-X/regulons_40_TF.tsv
2429	cd8+_tcells	RUNX3	0.5094339622641509	40	40	40	50	bd-rhap-rep1-X/regulons_40_TF.tsv vs bd-rhap-rep2-X/regulons_40_TF.tsv	bd-rhap-rep1-X/regulons_40_TF.tsv	bd-rhap-rep2-X/regulons_40_TF.tsv
2430	cd4+_tcells	GATA3	0.3333333333333333	40	40	40	50	bd-rhap-rep1-X/regulons_40_TF.tsv vs bd-rhap-rep2-X/regulons_40_TF.tsv	bd-rhap-rep1-X/regulons_40_TF.tsv	bd-rhap-rep2-X/regulons_40_TF.tsv
2431	cd4+_tcells	TCF12	0.1	40	15	40	50	bd-rhap-rep1-X/regulons_40_TF.tsv vs bd-rhap-rep2-X/regulons_40_TF.tsv	bd-rhap-rep1-X/regulons_40_TF.tsv	bd-rhap-rep2-X/regulons_40_TF.tsv
2432	b_cells	MAX	0.21212121212121213	40	40	40	50	bd-rhap-rep1-X/regulons_40_TF.tsv vs bd-rhap-rep2-X/regulons_40_TF.tsv	bd-rhap-rep1-X/regulons_40_TF.tsv	bd-rhap-rep2-X/regulons_40_TF.tsv
2433	cd4+_tcells	IKZF3	0.6326530612244898	40	40	40	50	bd-rhap-rep1-X/regulons_40_TF.tsv vs bd-rhap-rep2-X/regulons_40_TF.tsv	bd-rhap-rep1-X/regulons_40_TF.tsv	bd-rhap-rep2-X/regulons_40_TF.tsv
2434	pDC	TRERF1	0.3114754098360656	40	40	40	50	bd-rhap-rep1-X/regulons_40_TF.tsv vs bd-rhap-rep2-X/regulons_40_TF.tsv	bd-rhap-rep1-X/regulons_40_TF.tsv	bd-rhap-rep2-X/regulons_40_TF.tsv
2435	DC	RUNX1	0.3114754098360656	40	40	40	50	bd-rhap-rep1-X/regulons_40_TF.tsv vs bd-rhap-rep2-X/regulons_40_TF.tsv	bd-rhap-rep1-X/regulons_40_TF.tsv	bd-rhap-rep2-X/regulons_40_TF.tsv
2436	cd14+_monocytes	MAX	0.23076923076923078	40	40	40	50	bd-rhap-rep1-X/regulons_40_TF.tsv vs bd-rhap-rep2-X/regulons_40_TF.tsv	bd-rhap-rep1-X/regulons_40_TF.tsv	bd-rhap-rep2-X/regulons_40_TF.tsv
2437	pDC	ZBTB20	0.25	40	40	40	50	bd-rhap-rep1-X/regulons_40_TF.tsv vs bd-rhap-rep2-X/regulons_40_TF.tsv	bd-rhap-rep1-X/regulons_40_TF.tsv	bd-rhap-rep2-X/regulons_40_TF.tsv
2438	nk_cells	KLF12	0.5686274509803921	40	40	40	50	bd-rhap-rep1-X/regulons_40_TF.tsv vs bd-rhap-rep2-X/regulons_40_TF.tsv	bd-rhap-rep1-X/regulons_40_TF.tsv	bd-rhap-rep2-X/regulons_40_TF.tsv
2439	pDC	SETBP1	0.3333333333333333	40	40	40	50	bd-rhap-rep1-X/regulons_40_TF.tsv vs bd-rhap-rep2-X/regulons_40_TF.tsv	bd-rhap-rep1-X/regulons_40_TF.tsv	bd-rhap-rep2-X/regulons_40_TF.tsv
2440	cd4+_tcells	ID2	0.3114754098360656	40	40	40	50	bd-rhap-rep1-X/regulons_40_TF.tsv vs bd-rhap-rep2-X/regulons_40_TF.tsv	bd-rhap-rep1-X/regulons_40_TF.tsv	bd-rhap-rep2-X/regulons_40_TF.tsv
2441	nk_cells	ETS1	0.6	40	40	40	50	bd-rhap-rep1-X/regulons_40_TF.tsv vs bd-rhap-rep2-X/regulons_40_TF.tsv	bd-rhap-rep1-X/regulons_40_TF.tsv	bd-rhap-rep2-X/regulons_40_TF.tsv
2442	pDC	IRF7	0.40350877192982454	40	40	40	50	bd-rhap-rep1-X/regulons_40_TF.tsv vs bd-rhap-rep2-X/regulons_40_TF.tsv	bd-rhap-rep1-X/regulons_40_TF.tsv	bd-rhap-rep2-X/regulons_40_TF.tsv
2443	pDC	NFAT5	0.14285714285714285	40	40	40	50	bd-rhap-rep1-X/regulons_40_TF.tsv vs bd-rhap-rep2-X/regulons_40_TF.tsv	bd-rhap-rep1-X/regulons_40_TF.tsv	bd-rhap-rep2-X/regulons_40_TF.tsv
2444	nk_cells	MAX	0.08108108108108109	40	40	40	50	bd-rhap-rep1-X/regulons_40_TF.tsv vs bd-rhap-rep2-X/regulons_40_TF.tsv	bd-rhap-rep1-X/regulons_40_TF.tsv	bd-rhap-rep2-X/regulons_40_TF.tsv
2445	cd8+_tcells	ZEB2	0.3333333333333333	40	40	40	50	bd-rhap-rep1-X/regulons_40_TF.tsv vs bd-rhap-rep2-X/regulons_40_TF.tsv	bd-rhap-rep1-X/regulons_40_TF.tsv	bd-rhap-rep2-X/regulons_40_TF.tsv
2446	nk_cells	TFDP2	0.45454545454545453	40	40	40	50	bd-rhap-rep1-X/regulons_40_TF.tsv vs bd-rhap-rep2-X/regulons_40_TF.tsv	bd-rhap-rep1-X/regulons_40_TF.tsv	bd-rhap-rep2-X/regulons_40_TF.tsv
2447	DC	MAX	0.08108108108108109	40	40	40	50	bd-rhap-rep1-X/regulons_40_TF.tsv vs bd-rhap-rep2-X/regulons_40_TF.tsv	bd-rhap-rep1-X/regulons_40_TF.tsv	bd-rhap-rep2-X/regulons_40_TF.tsv
2448	cd14+_monocytes	TRPS1	0.48148148148148145	40	40	40	50	bd-rhap-rep1-X/regulons_40_TF.tsv vs bd-rhap-rep2-X/regulons_40_TF.tsv	bd-rhap-rep1-X/regulons_40_TF.tsv	bd-rhap-rep2-X/regulons_40_TF.tsv
2449	cd4+_tcells	BTG2	0.3793103448275862	40	40	40	50	bd-rhap-rep1-X/regulons_40_TF.tsv vs bd-rhap-rep2-X/regulons_40_TF.tsv	bd-rhap-rep1-X/regulons_40_TF.tsv	bd-rhap-rep2-X/regulons_40_TF.tsv
2450	DC	NFATC2	0.25	40	40	40	50	bd-rhap-rep1-X/regulons_40_TF.tsv vs bd-rhap-rep2-X/regulons_40_TF.tsv	bd-rhap-rep1-X/regulons_40_TF.tsv	bd-rhap-rep2-X/regulons_40_TF.tsv
2451	cd4+_tcells	MAF	0.3114754098360656	40	40	40	50	bd-rhap-rep1-X/regulons_40_TF.tsv vs bd-rhap-rep2-X/regulons_40_TF.tsv	bd-rhap-rep1-X/regulons_40_TF.tsv	bd-rhap-rep2-X/regulons_40_TF.tsv
2452	b_cells	SETBP1	0.3793103448275862	40	40	40	50	bd-rhap-rep1-X/regulons_40_TF.tsv vs bd-rhap-rep2-X/regulons_40_TF.tsv	bd-rhap-rep1-X/regulons_40_TF.tsv	bd-rhap-rep2-X/regulons_40_TF.tsv
2453	DC	TRPS1	0.45454545454545453	40	40	40	50	bd-rhap-rep1-X/regulons_40_TF.tsv vs bd-rhap-rep2-X/regulons_40_TF.tsv	bd-rhap-rep1-X/regulons_40_TF.tsv	bd-rhap-rep2-X/regulons_40_TF.tsv
2454	b_cells	IKZF3	0.5686274509803921	40	40	40	50	bd-rhap-rep1-X/regulons_40_TF.tsv vs bd-rhap-rep2-X/regulons_40_TF.tsv	bd-rhap-rep1-X/regulons_40_TF.tsv	bd-rhap-rep2-X/regulons_40_TF.tsv
2455	cd8+_tcells	PRDM1	0.40350877192982454	40	40	40	50	bd-rhap-rep1-X/regulons_40_TF.tsv vs bd-rhap-rep2-X/regulons_40_TF.tsv	bd-rhap-rep1-X/regulons_40_TF.tsv	bd-rhap-rep2-X/regulons_40_TF.tsv
2456	cd14-_monocytes	FOXP1	0.5094339622641509	40	40	40	50	bd-rhap-rep1-X/regulons_40_TF.tsv vs bd-rhap-rep2-X/regulons_40_TF.tsv	bd-rhap-rep1-X/regulons_40_TF.tsv	bd-rhap-rep2-X/regulons_40_TF.tsv
2457	cd14+_monocytes	ZBTB20	0.3559322033898305	40	40	40	50	bd-rhap-rep1-X/regulons_40_TF.tsv vs bd-rhap-rep2-X/regulons_40_TF.tsv	bd-rhap-rep1-X/regulons_40_TF.tsv	bd-rhap-rep2-X/regulons_40_TF.tsv
2458	cd8+_tcells	EOMES	0.6326530612244898	40	40	40	50	bd-rhap-rep1-X/regulons_40_TF.tsv vs bd-rhap-rep2-X/regulons_40_TF.tsv	bd-rhap-rep1-X/regulons_40_TF.tsv	bd-rhap-rep2-X/regulons_40_TF.tsv
2459	DC	TRERF1	0.25	40	40	40	50	bd-rhap-rep1-X/regulons_40_TF.tsv vs bd-rhap-rep2-X/regulons_40_TF.tsv	bd-rhap-rep1-X/regulons_40_TF.tsv	bd-rhap-rep2-X/regulons_40_TF.tsv
2460	cd14+_monocytes	IRF7	0.25	40	40	40	50	bd-rhap-rep1-X/regulons_40_TF.tsv vs bd-rhap-rep2-X/regulons_40_TF.tsv	bd-rhap-rep1-X/regulons_40_TF.tsv	bd-rhap-rep2-X/regulons_40_TF.tsv
2461	cd14-_monocytes	NFAT5	0.2698412698412698	40	40	40	50	bd-rhap-rep1-X/regulons_40_TF.tsv vs bd-rhap-rep2-X/regulons_40_TF.tsv	bd-rhap-rep1-X/regulons_40_TF.tsv	bd-rhap-rep2-X/regulons_40_TF.tsv
2462	cd14+_monocytes	NR4A1	0.45454545454545453	40	40	40	50	bd-rhap-rep1-X/regulons_40_TF.tsv vs bd-rhap-rep2-X/regulons_40_TF.tsv	bd-rhap-rep1-X/regulons_40_TF.tsv	bd-rhap-rep2-X/regulons_40_TF.tsv
2463	cd14-_monocytes	HES1	0.40350877192982454	40	40	40	50	bd-rhap-rep1-X/regulons_40_TF.tsv vs bd-rhap-rep2-X/regulons_40_TF.tsv	bd-rhap-rep1-X/regulons_40_TF.tsv	bd-rhap-rep2-X/regulons_40_TF.tsv
2464	nk_cells	HOPX	0.25	40	40	40	50	bd-rhap-rep1-X/regulons_40_TF.tsv vs bd-rhap-rep2-X/regulons_40_TF.tsv	bd-rhap-rep1-X/regulons_40_TF.tsv	bd-rhap-rep2-X/regulons_40_TF.tsv
2465	nk_cells	IKZF3	0.45454545454545453	40	40	40	50	bd-rhap-rep1-X/regulons_40_TF.tsv vs bd-rhap-rep2-X/regulons_40_TF.tsv	bd-rhap-rep1-X/regulons_40_TF.tsv	bd-rhap-rep2-X/regulons_40_TF.tsv
2466	DC	TCF12	0.3114754098360656	40	40	40	50	bd-rhap-rep1-X/regulons_40_TF.tsv vs bd-rhap-rep2-X/regulons_40_TF.tsv	bd-rhap-rep1-X/regulons_40_TF.tsv	bd-rhap-rep2-X/regulons_40_TF.tsv
2467	pDC	ETS1	0.3559322033898305	40	40	40	50	bd-rhap-rep1-X/regulons_40_TF.tsv vs bd-rhap-rep2-X/regulons_40_TF.tsv	bd-rhap-rep1-X/regulons_40_TF.tsv	bd-rhap-rep2-X/regulons_40_TF.tsv
2468	cd14+_monocytes	EGR1	0.3793103448275862	40	40	40	50	bd-rhap-rep1-X/regulons_40_TF.tsv vs bd-rhap-rep2-X/regulons_40_TF.tsv	bd-rhap-rep1-X/regulons_40_TF.tsv	bd-rhap-rep2-X/regulons_40_TF.tsv
2469	cd14-_monocytes	IRF8	0.2903225806451613	40	40	40	50	bd-rhap-rep1-X/regulons_40_TF.tsv vs bd-rhap-rep2-X/regulons_40_TF.tsv	bd-rhap-rep1-X/regulons_40_TF.tsv	bd-rhap-rep2-X/regulons_40_TF.tsv
2470	cd14+_monocytes	ID2	0.42857142857142855	40	40	40	50	bd-rhap-rep1-X/regulons_40_TF.tsv vs bd-rhap-rep2-X/regulons_40_TF.tsv	bd-rhap-rep1-X/regulons_40_TF.tsv	bd-rhap-rep2-X/regulons_40_TF.tsv
2471	DC	IRF7	0.3114754098360656	40	40	40	50	bd-rhap-rep1-X/regulons_40_TF.tsv vs bd-rhap-rep2-X/regulons_40_TF.tsv	bd-rhap-rep1-X/regulons_40_TF.tsv	bd-rhap-rep2-X/regulons_40_TF.tsv
2472	pDC	TFDP2	0.14285714285714285	40	40	40	50	bd-rhap-rep1-X/regulons_40_TF.tsv vs bd-rhap-rep2-X/regulons_40_TF.tsv	bd-rhap-rep1-X/regulons_40_TF.tsv	bd-rhap-rep2-X/regulons_40_TF.tsv
2473	cd4+_tcells	FOSB	0.3793103448275862	40	40	40	50	bd-rhap-rep1-X/regulons_40_TF.tsv vs bd-rhap-rep2-X/regulons_40_TF.tsv	bd-rhap-rep1-X/regulons_40_TF.tsv	bd-rhap-rep2-X/regulons_40_TF.tsv
2474	cd8+_tcells	FOXP1	0.6	40	40	40	50	bd-rhap-rep1-X/regulons_40_TF.tsv vs bd-rhap-rep2-X/regulons_40_TF.tsv	bd-rhap-rep1-X/regulons_40_TF.tsv	bd-rhap-rep2-X/regulons_40_TF.tsv
2475	cd4+_tcells	LEF1	0.3793103448275862	40	40	40	50	bd-rhap-rep1-X/regulons_40_TF.tsv vs bd-rhap-rep2-X/regulons_40_TF.tsv	bd-rhap-rep1-X/regulons_40_TF.tsv	bd-rhap-rep2-X/regulons_40_TF.tsv
2476	cd8+_tcells	RORA	0.48148148148148145	40	40	40	50	bd-rhap-rep1-X/regulons_40_TF.tsv vs bd-rhap-rep2-X/regulons_40_TF.tsv	bd-rhap-rep1-X/regulons_40_TF.tsv	bd-rhap-rep2-X/regulons_40_TF.tsv
2477	cd8+_tcells	FOSB	0.45454545454545453	40	40	40	50	bd-rhap-rep1-X/regulons_40_TF.tsv vs bd-rhap-rep2-X/regulons_40_TF.tsv	bd-rhap-rep1-X/regulons_40_TF.tsv	bd-rhap-rep2-X/regulons_40_TF.tsv
2478	nk_cells	ID2	0.3793103448275862	40	40	40	50	bd-rhap-rep1-X/regulons_40_TF.tsv vs bd-rhap-rep2-X/regulons_40_TF.tsv	bd-rhap-rep1-X/regulons_40_TF.tsv	bd-rhap-rep2-X/regulons_40_TF.tsv
2479	cd14+_monocytes	HIPK2	0.2903225806451613	40	40	40	50	bd-rhap-rep1-X/regulons_40_TF.tsv vs bd-rhap-rep2-X/regulons_40_TF.tsv	bd-rhap-rep1-X/regulons_40_TF.tsv	bd-rhap-rep2-X/regulons_40_TF.tsv
2480	DC	ID2	0.45454545454545453	40	40	40	50	bd-rhap-rep1-X/regulons_40_TF.tsv vs bd-rhap-rep2-X/regulons_40_TF.tsv	bd-rhap-rep1-X/regulons_40_TF.tsv	bd-rhap-rep2-X/regulons_40_TF.tsv
2481	b_cells	KLF12	0.3793103448275862	40	40	40	50	bd-rhap-rep1-X/regulons_40_TF.tsv vs bd-rhap-rep2-X/regulons_40_TF.tsv	bd-rhap-rep1-X/regulons_40_TF.tsv	bd-rhap-rep2-X/regulons_40_TF.tsv
2482	b_cells	FOXO1	0.3333333333333333	40	40	40	50	bd-rhap-rep1-X/regulons_40_TF.tsv vs bd-rhap-rep2-X/regulons_40_TF.tsv	bd-rhap-rep1-X/regulons_40_TF.tsv	bd-rhap-rep2-X/regulons_40_TF.tsv
2483	nk_cells	BTG2	0.25	40	40	40	50	bd-rhap-rep1-X/regulons_40_TF.tsv vs bd-rhap-rep2-X/regulons_40_TF.tsv	bd-rhap-rep1-X/regulons_40_TF.tsv	bd-rhap-rep2-X/regulons_40_TF.tsv
2484	cd4+_tcells	RUNX3	0.40350877192982454	40	40	40	50	bd-rhap-rep1-X/regulons_40_TF.tsv vs bd-rhap-rep2-X/regulons_40_TF.tsv	bd-rhap-rep1-X/regulons_40_TF.tsv	bd-rhap-rep2-X/regulons_40_TF.tsv
2485	b_cells	HDAC9	0.45454545454545453	40	40	40	50	bd-rhap-rep1-X/regulons_40_TF.tsv vs bd-rhap-rep2-X/regulons_40_TF.tsv	bd-rhap-rep1-X/regulons_40_TF.tsv	bd-rhap-rep2-X/regulons_40_TF.tsv
2486	nk_cells	MAF	0.3114754098360656	40	40	40	50	bd-rhap-rep1-X/regulons_40_TF.tsv vs bd-rhap-rep2-X/regulons_40_TF.tsv	bd-rhap-rep1-X/regulons_40_TF.tsv	bd-rhap-rep2-X/regulons_40_TF.tsv
2487	nk_cells	PRDM1	0.2698412698412698	40	40	40	50	bd-rhap-rep1-X/regulons_40_TF.tsv vs bd-rhap-rep2-X/regulons_40_TF.tsv	bd-rhap-rep1-X/regulons_40_TF.tsv	bd-rhap-rep2-X/regulons_40_TF.tsv
2488	cd14-_monocytes	MAX	0.3559322033898305	40	40	40	50	bd-rhap-rep1-X/regulons_40_TF.tsv vs bd-rhap-rep2-X/regulons_40_TF.tsv	bd-rhap-rep1-X/regulons_40_TF.tsv	bd-rhap-rep2-X/regulons_40_TF.tsv
2489	cd4+_tcells	MAML2	0.3559322033898305	40	40	40	50	bd-rhap-rep1-X/regulons_40_TF.tsv vs bd-rhap-rep2-X/regulons_40_TF.tsv	bd-rhap-rep1-X/regulons_40_TF.tsv	bd-rhap-rep2-X/regulons_40_TF.tsv
2490	pDC	TCF12	0.42857142857142855	40	40	40	50	bd-rhap-rep1-X/regulons_40_TF.tsv vs bd-rhap-rep2-X/regulons_40_TF.tsv	bd-rhap-rep1-X/regulons_40_TF.tsv	bd-rhap-rep2-X/regulons_40_TF.tsv
2491	cd14+_monocytes	HDAC9	0.48148148148148145	40	40	40	50	bd-rhap-rep1-X/regulons_40_TF.tsv vs bd-rhap-rep2-X/regulons_40_TF.tsv	bd-rhap-rep1-X/regulons_40_TF.tsv	bd-rhap-rep2-X/regulons_40_TF.tsv
2492	cd4+_tcells	NFATC3	0.2698412698412698	40	40	40	50	bd-rhap-rep1-X/regulons_40_TF.tsv vs bd-rhap-rep2-X/regulons_40_TF.tsv	bd-rhap-rep1-X/regulons_40_TF.tsv	bd-rhap-rep2-X/regulons_40_TF.tsv
2493	nk_cells	EOMES	0.6326530612244898	40	40	40	50	bd-rhap-rep1-X/regulons_40_TF.tsv vs bd-rhap-rep2-X/regulons_40_TF.tsv	bd-rhap-rep1-X/regulons_40_TF.tsv	bd-rhap-rep2-X/regulons_40_TF.tsv
2494	cd8+_tcells	NFATC3	0.23076923076923078	40	40	40	50	bd-rhap-rep1-X/regulons_40_TF.tsv vs bd-rhap-rep2-X/regulons_40_TF.tsv	bd-rhap-rep1-X/regulons_40_TF.tsv	bd-rhap-rep2-X/regulons_40_TF.tsv
2495	DC	HDAC9	0.6	40	40	40	50	bd-rhap-rep1-X/regulons_40_TF.tsv vs bd-rhap-rep2-X/regulons_40_TF.tsv	bd-rhap-rep1-X/regulons_40_TF.tsv	bd-rhap-rep2-X/regulons_40_TF.tsv
2496	cd4+_tcells	BCL11B	0.48148148148148145	40	40	40	50	bd-rhap-rep1-X/regulons_40_TF.tsv vs bd-rhap-rep2-X/regulons_40_TF.tsv	bd-rhap-rep1-X/regulons_40_TF.tsv	bd-rhap-rep2-X/regulons_40_TF.tsv
2497	nk_cells	MYBL1	0.2903225806451613	40	40	40	50	bd-rhap-rep1-X/regulons_40_TF.tsv vs bd-rhap-rep2-X/regulons_40_TF.tsv	bd-rhap-rep1-X/regulons_40_TF.tsv	bd-rhap-rep2-X/regulons_40_TF.tsv
2498	cd8+_tcells	BCL11B	0.42857142857142855	40	40	40	50	bd-rhap-rep1-X/regulons_40_TF.tsv vs bd-rhap-rep2-X/regulons_40_TF.tsv	bd-rhap-rep1-X/regulons_40_TF.tsv	bd-rhap-rep2-X/regulons_40_TF.tsv
2499	b_cells	RUNX3	0.3333333333333333	40	40	40	50	bd-rhap-rep1-X/regulons_40_TF.tsv vs bd-rhap-rep2-X/regulons_40_TF.tsv	bd-rhap-rep1-X/regulons_40_TF.tsv	bd-rhap-rep2-X/regulons_40_TF.tsv
2500	DC	SOX4	0.3559322033898305	40	40	40	50	bd-rhap-rep1-X/regulons_40_TF.tsv vs bd-rhap-rep2-X/regulons_40_TF.tsv	bd-rhap-rep1-X/regulons_40_TF.tsv	bd-rhap-rep2-X/regulons_40_TF.tsv
2501	nk_cells	RORA	0.48148148148148145	40	40	40	50	bd-rhap-rep1-X/regulons_40_TF.tsv vs bd-rhap-rep2-X/regulons_40_TF.tsv	bd-rhap-rep1-X/regulons_40_TF.tsv	bd-rhap-rep2-X/regulons_40_TF.tsv
2502	pDC	BTG2	0.21212121212121213	40	40	40	50	bd-rhap-rep1-X/regulons_40_TF.tsv vs bd-rhap-rep2-X/regulons_40_TF.tsv	bd-rhap-rep1-X/regulons_40_TF.tsv	bd-rhap-rep2-X/regulons_40_TF.tsv
2503	cd14+_monocytes	RUNX3	0.48148148148148145	40	40	40	50	bd-rhap-rep1-X/regulons_40_TF.tsv vs bd-rhap-rep2-X/regulons_40_TF.tsv	bd-rhap-rep1-X/regulons_40_TF.tsv	bd-rhap-rep2-X/regulons_40_TF.tsv
2504	cd14-_monocytes	ZBTB20	0.5384615384615384	40	40	40	50	bd-rhap-rep1-X/regulons_40_TF.tsv vs bd-rhap-rep2-X/regulons_40_TF.tsv	bd-rhap-rep1-X/regulons_40_TF.tsv	bd-rhap-rep2-X/regulons_40_TF.tsv
2505	cd14+_monocytes	TCF12	0.45454545454545453	40	40	40	50	bd-rhap-rep1-X/regulons_40_TF.tsv vs bd-rhap-rep2-X/regulons_40_TF.tsv	bd-rhap-rep1-X/regulons_40_TF.tsv	bd-rhap-rep2-X/regulons_40_TF.tsv
2506	cd14-_monocytes	SETBP1	0.40350877192982454	40	40	40	50	bd-rhap-rep1-X/regulons_40_TF.tsv vs bd-rhap-rep2-X/regulons_40_TF.tsv	bd-rhap-rep1-X/regulons_40_TF.tsv	bd-rhap-rep2-X/regulons_40_TF.tsv
2507	b_cells	NFATC3	0.19402985074626866	40	40	40	50	bd-rhap-rep1-X/regulons_40_TF.tsv vs bd-rhap-rep2-X/regulons_40_TF.tsv	bd-rhap-rep1-X/regulons_40_TF.tsv	bd-rhap-rep2-X/regulons_40_TF.tsv
2508	b_cells	ZEB2	0.40350877192982454	40	40	40	50	bd-rhap-rep1-X/regulons_40_TF.tsv vs bd-rhap-rep2-X/regulons_40_TF.tsv	bd-rhap-rep1-X/regulons_40_TF.tsv	bd-rhap-rep2-X/regulons_40_TF.tsv
2509	cd14-_monocytes	IRF7	0.40350877192982454	40	40	40	50	bd-rhap-rep1-X/regulons_40_TF.tsv vs bd-rhap-rep2-X/regulons_40_TF.tsv	bd-rhap-rep1-X/regulons_40_TF.tsv	bd-rhap-rep2-X/regulons_40_TF.tsv
2510	cd14-_monocytes	NR4A1	0.3793103448275862	40	40	40	50	bd-rhap-rep1-X/regulons_40_TF.tsv vs bd-rhap-rep2-X/regulons_40_TF.tsv	bd-rhap-rep1-X/regulons_40_TF.tsv	bd-rhap-rep2-X/regulons_40_TF.tsv
2511	nk_cells	RUNX3	0.6666666666666666	40	40	40	50	bd-rhap-rep1-X/regulons_40_TF.tsv vs bd-rhap-rep2-X/regulons_40_TF.tsv	bd-rhap-rep1-X/regulons_40_TF.tsv	bd-rhap-rep2-X/regulons_40_TF.tsv
2512	DC	RUNX3	0.2698412698412698	40	40	40	50	bd-rhap-rep1-X/regulons_40_TF.tsv vs bd-rhap-rep2-X/regulons_40_TF.tsv	bd-rhap-rep1-X/regulons_40_TF.tsv	bd-rhap-rep2-X/regulons_40_TF.tsv
2513	pDC	TCF4	0.5686274509803921	40	40	40	50	bd-rhap-rep1-X/regulons_40_TF.tsv vs bd-rhap-rep2-X/regulons_40_TF.tsv	bd-rhap-rep1-X/regulons_40_TF.tsv	bd-rhap-rep2-X/regulons_40_TF.tsv
2514	b_cells	BTG2	0.2903225806451613	40	40	40	50	bd-rhap-rep1-X/regulons_40_TF.tsv vs bd-rhap-rep2-X/regulons_40_TF.tsv	bd-rhap-rep1-X/regulons_40_TF.tsv	bd-rhap-rep2-X/regulons_40_TF.tsv
2515	pDC	ZFAT	0.25	40	40	40	50	bd-rhap-rep1-X/regulons_40_TF.tsv vs bd-rhap-rep2-X/regulons_40_TF.tsv	bd-rhap-rep1-X/regulons_40_TF.tsv	bd-rhap-rep2-X/regulons_40_TF.tsv
2516	b_cells	BCL11A	0.6326530612244898	40	40	40	50	bd-rhap-rep1-X/regulons_40_TF.tsv vs bd-rhap-rep2-X/regulons_40_TF.tsv	bd-rhap-rep1-X/regulons_40_TF.tsv	bd-rhap-rep2-X/regulons_40_TF.tsv
2517	cd14-_monocytes	ID2	0.3333333333333333	40	40	40	50	bd-rhap-rep1-X/regulons_40_TF.tsv vs bd-rhap-rep2-X/regulons_40_TF.tsv	bd-rhap-rep1-X/regulons_40_TF.tsv	bd-rhap-rep2-X/regulons_40_TF.tsv
2518	cd4+_tcells	FOXP1	0.6666666666666666	40	40	40	50	bd-rhap-rep1-X/regulons_40_TF.tsv vs bd-rhap-rep2-X/regulons_40_TF.tsv	bd-rhap-rep1-X/regulons_40_TF.tsv	bd-rhap-rep2-X/regulons_40_TF.tsv
2519	pDC	HDAC9	0.6	40	40	40	50	bd-rhap-rep1-X/regulons_40_TF.tsv vs bd-rhap-rep2-X/regulons_40_TF.tsv	bd-rhap-rep1-X/regulons_40_TF.tsv	bd-rhap-rep2-X/regulons_40_TF.tsv
2520	cd4+_tcells	RORA	0.40350877192982454	40	40	40	50	bd-rhap-rep1-X/regulons_40_TF.tsv vs bd-rhap-rep2-X/regulons_40_TF.tsv	bd-rhap-rep1-X/regulons_40_TF.tsv	bd-rhap-rep2-X/regulons_40_TF.tsv
2521	pDC	SOX4	0.45454545454545453	40	40	40	50	bd-rhap-rep1-X/regulons_40_TF.tsv vs bd-rhap-rep2-X/regulons_40_TF.tsv	bd-rhap-rep1-X/regulons_40_TF.tsv	bd-rhap-rep2-X/regulons_40_TF.tsv
2522	cd14+_monocytes	BTG2	0.3559322033898305	40	40	40	50	bd-rhap-rep1-X/regulons_40_TF.tsv vs bd-rhap-rep2-X/regulons_40_TF.tsv	bd-rhap-rep1-X/regulons_40_TF.tsv	bd-rhap-rep2-X/regulons_40_TF.tsv
2523	b_cells	TCF4	0.5384615384615384	40	40	40	50	bd-rhap-rep1-X/regulons_40_TF.tsv vs bd-rhap-rep2-X/regulons_40_TF.tsv	bd-rhap-rep1-X/regulons_40_TF.tsv	bd-rhap-rep2-X/regulons_40_TF.tsv
2524	cd14-_monocytes	HIPK2	0.17647058823529413	40	40	40	50	bd-rhap-rep1-X/regulons_40_TF.tsv vs bd-rhap-rep2-X/regulons_40_TF.tsv	bd-rhap-rep1-X/regulons_40_TF.tsv	bd-rhap-rep2-X/regulons_40_TF.tsv
2525	nk_cells	NFATC3	0.40350877192982454	40	40	40	50	bd-rhap-rep1-X/regulons_40_TF.tsv vs bd-rhap-rep2-X/regulons_40_TF.tsv	bd-rhap-rep1-X/regulons_40_TF.tsv	bd-rhap-rep2-X/regulons_40_TF.tsv
2526	b_cells	SP140	0.45454545454545453	40	40	40	50	bd-rhap-rep1-X/regulons_40_TF.tsv vs bd-rhap-rep2-X/regulons_40_TF.tsv	bd-rhap-rep1-X/regulons_40_TF.tsv	bd-rhap-rep2-X/regulons_40_TF.tsv
2527	nk_cells	ZEB2	0.3559322033898305	40	40	40	50	bd-rhap-rep1-X/regulons_40_TF.tsv vs bd-rhap-rep2-X/regulons_40_TF.tsv	bd-rhap-rep1-X/regulons_40_TF.tsv	bd-rhap-rep2-X/regulons_40_TF.tsv
2528	DC	NFATC3	0.3114754098360656	40	40	40	50	bd-rhap-rep1-X/regulons_40_TF.tsv vs bd-rhap-rep2-X/regulons_40_TF.tsv	bd-rhap-rep1-X/regulons_40_TF.tsv	bd-rhap-rep2-X/regulons_40_TF.tsv
2529	DC	ZEB2	0.3793103448275862	40	40	40	50	bd-rhap-rep1-X/regulons_40_TF.tsv vs bd-rhap-rep2-X/regulons_40_TF.tsv	bd-rhap-rep1-X/regulons_40_TF.tsv	bd-rhap-rep2-X/regulons_40_TF.tsv
2530	nk_cells	IKZF2	0.3793103448275862	40	40	40	50	bd-rhap-rep1-X/regulons_40_TF.tsv vs bd-rhap-rep2-X/regulons_40_TF.tsv	bd-rhap-rep1-X/regulons_40_TF.tsv	bd-rhap-rep2-X/regulons_40_TF.tsv
2531	pDC	FOSB	0.3559322033898305	40	40	40	50	bd-rhap-rep1-X/regulons_40_TF.tsv vs bd-rhap-rep2-X/regulons_40_TF.tsv	bd-rhap-rep1-X/regulons_40_TF.tsv	bd-rhap-rep2-X/regulons_40_TF.tsv
2532	nk_cells	BCL11B	0.5094339622641509	40	40	40	50	bd-rhap-rep1-X/regulons_40_TF.tsv vs bd-rhap-rep2-X/regulons_40_TF.tsv	bd-rhap-rep1-X/regulons_40_TF.tsv	bd-rhap-rep2-X/regulons_40_TF.tsv
2533	DC	BTG2	0.3559322033898305	40	40	40	50	bd-rhap-rep1-X/regulons_40_TF.tsv vs bd-rhap-rep2-X/regulons_40_TF.tsv	bd-rhap-rep1-X/regulons_40_TF.tsv	bd-rhap-rep2-X/regulons_40_TF.tsv
2534	DC	BCL11A	0.6326530612244898	40	40	40	50	bd-rhap-rep1-X/regulons_40_TF.tsv vs bd-rhap-rep2-X/regulons_40_TF.tsv	bd-rhap-rep1-X/regulons_40_TF.tsv	bd-rhap-rep2-X/regulons_40_TF.tsv
2535	cd14-_monocytes	FOXO1	0.21212121212121213	40	40	40	50	bd-rhap-rep1-X/regulons_40_TF.tsv vs bd-rhap-rep2-X/regulons_40_TF.tsv	bd-rhap-rep1-X/regulons_40_TF.tsv	bd-rhap-rep2-X/regulons_40_TF.tsv
2536	pDC	RUNX2	0.5686274509803921	40	40	40	50	bd-rhap-rep1-X/regulons_40_TF.tsv vs bd-rhap-rep2-X/regulons_40_TF.tsv	bd-rhap-rep1-X/regulons_40_TF.tsv	bd-rhap-rep2-X/regulons_40_TF.tsv
2537	DC	TCF4	0.48148148148148145	40	40	40	50	bd-rhap-rep1-X/regulons_40_TF.tsv vs bd-rhap-rep2-X/regulons_40_TF.tsv	bd-rhap-rep1-X/regulons_40_TF.tsv	bd-rhap-rep2-X/regulons_40_TF.tsv
2538	b_cells	FOXP1	0.5384615384615384	40	40	40	50	bd-rhap-rep1-X/regulons_40_TF.tsv vs bd-rhap-rep2-X/regulons_40_TF.tsv	bd-rhap-rep1-X/regulons_40_TF.tsv	bd-rhap-rep2-X/regulons_40_TF.tsv
2539	DC	SP140	0.16666666666666666	40	37	40	50	bd-rhap-rep1-X/regulons_40_TF.tsv vs bd-rhap-rep2-X/regulons_40_TF.tsv	bd-rhap-rep1-X/regulons_40_TF.tsv	bd-rhap-rep2-X/regulons_40_TF.tsv
2540	b_cells	FOSB	0.3559322033898305	40	40	40	50	bd-rhap-rep1-X/regulons_40_TF.tsv vs bd-rhap-rep2-X/regulons_40_TF.tsv	bd-rhap-rep1-X/regulons_40_TF.tsv	bd-rhap-rep2-X/regulons_40_TF.tsv
2541	pDC	ZEB1	0.42857142857142855	40	40	40	50	bd-rhap-rep1-X/regulons_40_TF.tsv vs bd-rhap-rep2-X/regulons_40_TF.tsv	bd-rhap-rep1-X/regulons_40_TF.tsv	bd-rhap-rep2-X/regulons_40_TF.tsv
2542	cd14+_monocytes	SOX4	0.3793103448275862	40	40	40	50	bd-rhap-rep1-X/regulons_40_TF.tsv vs bd-rhap-rep2-X/regulons_40_TF.tsv	bd-rhap-rep1-X/regulons_40_TF.tsv	bd-rhap-rep2-X/regulons_40_TF.tsv
2543	cd8+_tcells	RUNX1	0.3793103448275862	40	40	40	50	bd-rhap-rep1-X/regulons_40_TF.tsv vs bd-rhap-rep2-X/regulons_40_TF.tsv	bd-rhap-rep1-X/regulons_40_TF.tsv	bd-rhap-rep2-X/regulons_40_TF.tsv
2544	cd14+_monocytes	FOSB	0.3559322033898305	40	40	40	50	bd-rhap-rep1-X/regulons_40_TF.tsv vs bd-rhap-rep2-X/regulons_40_TF.tsv	bd-rhap-rep1-X/regulons_40_TF.tsv	bd-rhap-rep2-X/regulons_40_TF.tsv
2545	pDC	NFATC3	0.3333333333333333	40	40	40	50	bd-rhap-rep1-X/regulons_40_TF.tsv vs bd-rhap-rep2-X/regulons_40_TF.tsv	bd-rhap-rep1-X/regulons_40_TF.tsv	bd-rhap-rep2-X/regulons_40_TF.tsv
2546	pDC	ZEB2	0.3333333333333333	40	40	40	50	bd-rhap-rep1-X/regulons_40_TF.tsv vs bd-rhap-rep2-X/regulons_40_TF.tsv	bd-rhap-rep1-X/regulons_40_TF.tsv	bd-rhap-rep2-X/regulons_40_TF.tsv
2547	cd4+_tcells	KAT6B	0.2698412698412698	40	40	40	50	bd-rhap-rep1-X/regulons_40_TF.tsv vs bd-rhap-rep2-X/regulons_40_TF.tsv	bd-rhap-rep1-X/regulons_40_TF.tsv	bd-rhap-rep2-X/regulons_40_TF.tsv
2548	cd8+_tcells	STAT4	0.2698412698412698	40	40	40	50	bd-rhap-rep1-X/regulons_40_TF.tsv vs bd-rhap-rep2-X/regulons_40_TF.tsv	bd-rhap-rep1-X/regulons_40_TF.tsv	bd-rhap-rep2-X/regulons_40_TF.tsv
2549	nk_cells	FOXP1	0.6666666666666666	40	40	40	50	bd-rhap-rep1-X/regulons_40_TF.tsv vs bd-rhap-rep2-X/regulons_40_TF.tsv	bd-rhap-rep1-X/regulons_40_TF.tsv	bd-rhap-rep2-X/regulons_40_TF.tsv
2550	cd8+_tcells	MAX	0.3333333333333333	40	40	40	50	bd-rhap-rep1-X/regulons_40_TF.tsv vs bd-rhap-rep2-X/regulons_40_TF.tsv	bd-rhap-rep1-X/regulons_40_TF.tsv	bd-rhap-rep2-X/regulons_40_TF.tsv
2551	cd8+_tcells	TCF7	0.48148148148148145	40	40	40	50	bd-rhap-rep1-X/regulons_40_TF.tsv vs bd-rhap-rep2-X/regulons_40_TF.tsv	bd-rhap-rep1-X/regulons_40_TF.tsv	bd-rhap-rep2-X/regulons_40_TF.tsv
2552	DC	FOXP1	0.42857142857142855	40	40	40	50	bd-rhap-rep1-X/regulons_40_TF.tsv vs bd-rhap-rep2-X/regulons_40_TF.tsv	bd-rhap-rep1-X/regulons_40_TF.tsv	bd-rhap-rep2-X/regulons_40_TF.tsv
2553	DC	FOSB	0.3793103448275862	40	40	40	50	bd-rhap-rep1-X/regulons_40_TF.tsv vs bd-rhap-rep2-X/regulons_40_TF.tsv	bd-rhap-rep1-X/regulons_40_TF.tsv	bd-rhap-rep2-X/regulons_40_TF.tsv
2554	pDC	BCL11A	0.7021276595744681	40	40	40	50	bd-rhap-rep1-X/regulons_40_TF.tsv vs bd-rhap-rep2-X/regulons_40_TF.tsv	bd-rhap-rep1-X/regulons_40_TF.tsv	bd-rhap-rep2-X/regulons_40_TF.tsv
2555	cd14-_monocytes	RUNX3	0.48148148148148145	40	40	40	50	bd-rhap-rep1-X/regulons_40_TF.tsv vs bd-rhap-rep2-X/regulons_40_TF.tsv	bd-rhap-rep1-X/regulons_40_TF.tsv	bd-rhap-rep2-X/regulons_40_TF.tsv
2556	cd8+_tcells	NFATC2	0.40350877192982454	40	40	40	50	bd-rhap-rep1-X/regulons_40_TF.tsv vs bd-rhap-rep2-X/regulons_40_TF.tsv	bd-rhap-rep1-X/regulons_40_TF.tsv	bd-rhap-rep2-X/regulons_40_TF.tsv
2557	cd4+_tcells	HIVEP2	0.45454545454545453	40	40	40	50	bd-rhap-rep1-X/regulons_40_TF.tsv vs bd-rhap-rep2-X/regulons_40_TF.tsv	bd-rhap-rep1-X/regulons_40_TF.tsv	bd-rhap-rep2-X/regulons_40_TF.tsv
2558	cd14-_monocytes	TCF12	0.45454545454545453	40	40	40	50	bd-rhap-rep1-X/regulons_40_TF.tsv vs bd-rhap-rep2-X/regulons_40_TF.tsv	bd-rhap-rep1-X/regulons_40_TF.tsv	bd-rhap-rep2-X/regulons_40_TF.tsv
2559	cd14+_monocytes	TCF7L2	0.3333333333333333	40	40	40	50	bd-rhap-rep1-X/regulons_40_TF.tsv vs bd-rhap-rep2-X/regulons_40_TF.tsv	bd-rhap-rep1-X/regulons_40_TF.tsv	bd-rhap-rep2-X/regulons_40_TF.tsv
2560	DC	RUNX2	0.42857142857142855	40	40	40	50	bd-rhap-rep1-X/regulons_40_TF.tsv vs bd-rhap-rep2-X/regulons_40_TF.tsv	bd-rhap-rep1-X/regulons_40_TF.tsv	bd-rhap-rep2-X/regulons_40_TF.tsv
2561	cd14+_monocytes	NFATC3	0.3559322033898305	40	40	40	50	bd-rhap-rep1-X/regulons_40_TF.tsv vs bd-rhap-rep2-X/regulons_40_TF.tsv	bd-rhap-rep1-X/regulons_40_TF.tsv	bd-rhap-rep2-X/regulons_40_TF.tsv
2562	cd14+_monocytes	ZEB2	0.3559322033898305	40	40	40	50	bd-rhap-rep1-X/regulons_40_TF.tsv vs bd-rhap-rep2-X/regulons_40_TF.tsv	bd-rhap-rep1-X/regulons_40_TF.tsv	bd-rhap-rep2-X/regulons_40_TF.tsv
2563	cd4+_tcells	ZBTB20	0.40350877192982454	40	40	40	50	bd-rhap-rep1-X/regulons_40_TF.tsv vs bd-rhap-rep2-X/regulons_40_TF.tsv	bd-rhap-rep1-X/regulons_40_TF.tsv	bd-rhap-rep2-X/regulons_40_TF.tsv
2564	nk_cells	TOX	0.45454545454545453	40	40	40	50	bd-rhap-rep1-X/regulons_40_TF.tsv vs bd-rhap-rep2-X/regulons_40_TF.tsv	bd-rhap-rep1-X/regulons_40_TF.tsv	bd-rhap-rep2-X/regulons_40_TF.tsv
2565	nk_cells	ZBTB16	0.40350877192982454	40	40	40	50	bd-rhap-rep1-X/regulons_40_TF.tsv vs bd-rhap-rep2-X/regulons_40_TF.tsv	bd-rhap-rep1-X/regulons_40_TF.tsv	bd-rhap-rep2-X/regulons_40_TF.tsv
2566	DC	KMT2A	0.012658227848101266	40	40	40	50	bd-rhap-rep1-X/regulons_40_TF.tsv vs 10x-rep1-kallisto-cellbender-X/regulons_40_TF.tsv	bd-rhap-rep1-X/regulons_40_TF.tsv	10x-rep1-kallisto-cellbender-X/regulons_40_TF.tsv
2567	cd8+_tcells	HOPX	0.14285714285714285	40	40	40	50	bd-rhap-rep1-X/regulons_40_TF.tsv vs 10x-rep1-kallisto-cellbender-X/regulons_40_TF.tsv	bd-rhap-rep1-X/regulons_40_TF.tsv	10x-rep1-kallisto-cellbender-X/regulons_40_TF.tsv
2568	cd8+_tcells	IKZF3	0.13846153846153847	40	34	40	50	bd-rhap-rep1-X/regulons_40_TF.tsv vs 10x-rep1-kallisto-cellbender-X/regulons_40_TF.tsv	bd-rhap-rep1-X/regulons_40_TF.tsv	10x-rep1-kallisto-cellbender-X/regulons_40_TF.tsv
2569	cd8+_tcells	ID2	0.15942028985507245	40	40	40	50	bd-rhap-rep1-X/regulons_40_TF.tsv vs 10x-rep1-kallisto-cellbender-X/regulons_40_TF.tsv	bd-rhap-rep1-X/regulons_40_TF.tsv	10x-rep1-kallisto-cellbender-X/regulons_40_TF.tsv
2570	pDC	IRF8	0.45454545454545453	40	40	40	50	bd-rhap-rep1-X/regulons_40_TF.tsv vs 10x-rep1-kallisto-cellbender-X/regulons_40_TF.tsv	bd-rhap-rep1-X/regulons_40_TF.tsv	10x-rep1-kallisto-cellbender-X/regulons_40_TF.tsv
2571	cd14-_monocytes	STAT1	0.15942028985507245	40	40	40	50	bd-rhap-rep1-X/regulons_40_TF.tsv vs 10x-rep1-kallisto-cellbender-X/regulons_40_TF.tsv	bd-rhap-rep1-X/regulons_40_TF.tsv	10x-rep1-kallisto-cellbender-X/regulons_40_TF.tsv
2572	cd8+_tcells	TLE5	0.3559322033898305	40	40	40	50	bd-rhap-rep1-X/regulons_40_TF.tsv vs 10x-rep1-kallisto-cellbender-X/regulons_40_TF.tsv	bd-rhap-rep1-X/regulons_40_TF.tsv	10x-rep1-kallisto-cellbender-X/regulons_40_TF.tsv
2573	cd14-_monocytes	SOX4	0.08108108108108109	40	40	40	50	bd-rhap-rep1-X/regulons_40_TF.tsv vs 10x-rep1-kallisto-cellbender-X/regulons_40_TF.tsv	bd-rhap-rep1-X/regulons_40_TF.tsv	10x-rep1-kallisto-cellbender-X/regulons_40_TF.tsv
2574	cd4+_tcells	ETS1	0.3793103448275862	40	40	40	50	bd-rhap-rep1-X/regulons_40_TF.tsv vs 10x-rep1-kallisto-cellbender-X/regulons_40_TF.tsv	bd-rhap-rep1-X/regulons_40_TF.tsv	10x-rep1-kallisto-cellbender-X/regulons_40_TF.tsv
2575	b_cells	IRF8	0.25	40	40	40	50	bd-rhap-rep1-X/regulons_40_TF.tsv vs 10x-rep1-kallisto-cellbender-X/regulons_40_TF.tsv	bd-rhap-rep1-X/regulons_40_TF.tsv	10x-rep1-kallisto-cellbender-X/regulons_40_TF.tsv
2576	cd8+_tcells	ETS1	0.3333333333333333	40	40	40	50	bd-rhap-rep1-X/regulons_40_TF.tsv vs 10x-rep1-kallisto-cellbender-X/regulons_40_TF.tsv	bd-rhap-rep1-X/regulons_40_TF.tsv	10x-rep1-kallisto-cellbender-X/regulons_40_TF.tsv
2577	cd4+_tcells	TCF7	0.3114754098360656	40	40	40	50	bd-rhap-rep1-X/regulons_40_TF.tsv vs 10x-rep1-kallisto-cellbender-X/regulons_40_TF.tsv	bd-rhap-rep1-X/regulons_40_TF.tsv	10x-rep1-kallisto-cellbender-X/regulons_40_TF.tsv
2578	cd14-_monocytes	JUN	0.14285714285714285	40	40	40	50	bd-rhap-rep1-X/regulons_40_TF.tsv vs 10x-rep1-kallisto-cellbender-X/regulons_40_TF.tsv	bd-rhap-rep1-X/regulons_40_TF.tsv	10x-rep1-kallisto-cellbender-X/regulons_40_TF.tsv
2579	cd14+_monocytes	IRF8	0.15942028985507245	40	40	40	50	bd-rhap-rep1-X/regulons_40_TF.tsv vs 10x-rep1-kallisto-cellbender-X/regulons_40_TF.tsv	bd-rhap-rep1-X/regulons_40_TF.tsv	10x-rep1-kallisto-cellbender-X/regulons_40_TF.tsv
2580	cd14-_monocytes	FOS	0.2903225806451613	40	40	40	50	bd-rhap-rep1-X/regulons_40_TF.tsv vs 10x-rep1-kallisto-cellbender-X/regulons_40_TF.tsv	bd-rhap-rep1-X/regulons_40_TF.tsv	10x-rep1-kallisto-cellbender-X/regulons_40_TF.tsv
2581	DC	NR4A1	0.1111111111111111	40	40	40	50	bd-rhap-rep1-X/regulons_40_TF.tsv vs 10x-rep1-kallisto-cellbender-X/regulons_40_TF.tsv	bd-rhap-rep1-X/regulons_40_TF.tsv	10x-rep1-kallisto-cellbender-X/regulons_40_TF.tsv
2582	cd14-_monocytes	TCF7L2	0.2903225806451613	40	40	40	50	bd-rhap-rep1-X/regulons_40_TF.tsv vs 10x-rep1-kallisto-cellbender-X/regulons_40_TF.tsv	bd-rhap-rep1-X/regulons_40_TF.tsv	10x-rep1-kallisto-cellbender-X/regulons_40_TF.tsv
2583	DC	IRF8	0.2698412698412698	40	40	40	50	bd-rhap-rep1-X/regulons_40_TF.tsv vs 10x-rep1-kallisto-cellbender-X/regulons_40_TF.tsv	bd-rhap-rep1-X/regulons_40_TF.tsv	10x-rep1-kallisto-cellbender-X/regulons_40_TF.tsv
2584	b_cells	ETS1	0.0967741935483871	40	28	40	50	bd-rhap-rep1-X/regulons_40_TF.tsv vs 10x-rep1-kallisto-cellbender-X/regulons_40_TF.tsv	bd-rhap-rep1-X/regulons_40_TF.tsv	10x-rep1-kallisto-cellbender-X/regulons_40_TF.tsv
2585	cd4+_tcells	IRF1	0.0958904109589041	40	40	40	50	bd-rhap-rep1-X/regulons_40_TF.tsv vs 10x-rep1-kallisto-cellbender-X/regulons_40_TF.tsv	bd-rhap-rep1-X/regulons_40_TF.tsv	10x-rep1-kallisto-cellbender-X/regulons_40_TF.tsv
2586	cd14-_monocytes	ZEB2	0.25	40	40	40	50	bd-rhap-rep1-X/regulons_40_TF.tsv vs 10x-rep1-kallisto-cellbender-X/regulons_40_TF.tsv	bd-rhap-rep1-X/regulons_40_TF.tsv	10x-rep1-kallisto-cellbender-X/regulons_40_TF.tsv
2587	cd8+_tcells	RUNX3	0.19402985074626866	40	40	40	50	bd-rhap-rep1-X/regulons_40_TF.tsv vs 10x-rep1-kallisto-cellbender-X/regulons_40_TF.tsv	bd-rhap-rep1-X/regulons_40_TF.tsv	10x-rep1-kallisto-cellbender-X/regulons_40_TF.tsv
2588	cd8+_tcells	FOS	0.17647058823529413	40	40	40	50	bd-rhap-rep1-X/regulons_40_TF.tsv vs 10x-rep1-kallisto-cellbender-X/regulons_40_TF.tsv	bd-rhap-rep1-X/regulons_40_TF.tsv	10x-rep1-kallisto-cellbender-X/regulons_40_TF.tsv
2589	nk_cells	TLE5	0.21212121212121213	40	40	40	50	bd-rhap-rep1-X/regulons_40_TF.tsv vs 10x-rep1-kallisto-cellbender-X/regulons_40_TF.tsv	bd-rhap-rep1-X/regulons_40_TF.tsv	10x-rep1-kallisto-cellbender-X/regulons_40_TF.tsv
2590	nk_cells	ETS1	0.21212121212121213	40	40	40	50	bd-rhap-rep1-X/regulons_40_TF.tsv vs 10x-rep1-kallisto-cellbender-X/regulons_40_TF.tsv	bd-rhap-rep1-X/regulons_40_TF.tsv	10x-rep1-kallisto-cellbender-X/regulons_40_TF.tsv
2591	pDC	IRF7	0.25	40	40	40	50	bd-rhap-rep1-X/regulons_40_TF.tsv vs 10x-rep1-kallisto-cellbender-X/regulons_40_TF.tsv	bd-rhap-rep1-X/regulons_40_TF.tsv	10x-rep1-kallisto-cellbender-X/regulons_40_TF.tsv
2592	nk_cells	TFDP2	0.3333333333333333	40	40	40	50	bd-rhap-rep1-X/regulons_40_TF.tsv vs 10x-rep1-kallisto-cellbender-X/regulons_40_TF.tsv	bd-rhap-rep1-X/regulons_40_TF.tsv	10x-rep1-kallisto-cellbender-X/regulons_40_TF.tsv
2593	DC	MAX	0.0	40	40	40	50	bd-rhap-rep1-X/regulons_40_TF.tsv vs 10x-rep1-kallisto-cellbender-X/regulons_40_TF.tsv	bd-rhap-rep1-X/regulons_40_TF.tsv	10x-rep1-kallisto-cellbender-X/regulons_40_TF.tsv
2594	cd4+_tcells	BTG2	0.19402985074626866	40	40	40	50	bd-rhap-rep1-X/regulons_40_TF.tsv vs 10x-rep1-kallisto-cellbender-X/regulons_40_TF.tsv	bd-rhap-rep1-X/regulons_40_TF.tsv	10x-rep1-kallisto-cellbender-X/regulons_40_TF.tsv
2595	pDC	HMGB2	0.02564102564102564	40	40	40	50	bd-rhap-rep1-X/regulons_40_TF.tsv vs 10x-rep1-kallisto-cellbender-X/regulons_40_TF.tsv	bd-rhap-rep1-X/regulons_40_TF.tsv	10x-rep1-kallisto-cellbender-X/regulons_40_TF.tsv
2596	b_cells	IRF1	0.06666666666666667	40	40	40	50	bd-rhap-rep1-X/regulons_40_TF.tsv vs 10x-rep1-kallisto-cellbender-X/regulons_40_TF.tsv	bd-rhap-rep1-X/regulons_40_TF.tsv	10x-rep1-kallisto-cellbender-X/regulons_40_TF.tsv
2597	cd4+_tcells	TLE5	0.3793103448275862	40	40	40	50	bd-rhap-rep1-X/regulons_40_TF.tsv vs 10x-rep1-kallisto-cellbender-X/regulons_40_TF.tsv	bd-rhap-rep1-X/regulons_40_TF.tsv	10x-rep1-kallisto-cellbender-X/regulons_40_TF.tsv
2598	b_cells	IKZF3	0.25	40	40	40	50	bd-rhap-rep1-X/regulons_40_TF.tsv vs 10x-rep1-kallisto-cellbender-X/regulons_40_TF.tsv	bd-rhap-rep1-X/regulons_40_TF.tsv	10x-rep1-kallisto-cellbender-X/regulons_40_TF.tsv
2599	nk_cells	CEBPD	0.17647058823529413	40	40	40	50	bd-rhap-rep1-X/regulons_40_TF.tsv vs 10x-rep1-kallisto-cellbender-X/regulons_40_TF.tsv	bd-rhap-rep1-X/regulons_40_TF.tsv	10x-rep1-kallisto-cellbender-X/regulons_40_TF.tsv
2600	DC	CEBPD	0.25	40	40	40	50	bd-rhap-rep1-X/regulons_40_TF.tsv vs 10x-rep1-kallisto-cellbender-X/regulons_40_TF.tsv	bd-rhap-rep1-X/regulons_40_TF.tsv	10x-rep1-kallisto-cellbender-X/regulons_40_TF.tsv
2601	pDC	TLE5	0.2698412698412698	40	40	40	50	bd-rhap-rep1-X/regulons_40_TF.tsv vs 10x-rep1-kallisto-cellbender-X/regulons_40_TF.tsv	bd-rhap-rep1-X/regulons_40_TF.tsv	10x-rep1-kallisto-cellbender-X/regulons_40_TF.tsv
2602	nk_cells	IRF1	0.17647058823529413	40	40	40	50	bd-rhap-rep1-X/regulons_40_TF.tsv vs 10x-rep1-kallisto-cellbender-X/regulons_40_TF.tsv	bd-rhap-rep1-X/regulons_40_TF.tsv	10x-rep1-kallisto-cellbender-X/regulons_40_TF.tsv
2603	nk_cells	HOPX	0.3114754098360656	40	40	40	50	bd-rhap-rep1-X/regulons_40_TF.tsv vs 10x-rep1-kallisto-cellbender-X/regulons_40_TF.tsv	bd-rhap-rep1-X/regulons_40_TF.tsv	10x-rep1-kallisto-cellbender-X/regulons_40_TF.tsv
2604	pDC	ETS1	0.1267605633802817	40	40	40	50	bd-rhap-rep1-X/regulons_40_TF.tsv vs 10x-rep1-kallisto-cellbender-X/regulons_40_TF.tsv	bd-rhap-rep1-X/regulons_40_TF.tsv	10x-rep1-kallisto-cellbender-X/regulons_40_TF.tsv
2605	cd14+_monocytes	HMGB2	0.23076923076923078	40	40	40	50	bd-rhap-rep1-X/regulons_40_TF.tsv vs 10x-rep1-kallisto-cellbender-X/regulons_40_TF.tsv	bd-rhap-rep1-X/regulons_40_TF.tsv	10x-rep1-kallisto-cellbender-X/regulons_40_TF.tsv
2606	cd14+_monocytes	EGR1	0.23076923076923078	40	40	40	50	bd-rhap-rep1-X/regulons_40_TF.tsv vs 10x-rep1-kallisto-cellbender-X/regulons_40_TF.tsv	bd-rhap-rep1-X/regulons_40_TF.tsv	10x-rep1-kallisto-cellbender-X/regulons_40_TF.tsv
2607	cd14+_monocytes	ID2	0.21212121212121213	40	40	40	50	bd-rhap-rep1-X/regulons_40_TF.tsv vs 10x-rep1-kallisto-cellbender-X/regulons_40_TF.tsv	bd-rhap-rep1-X/regulons_40_TF.tsv	10x-rep1-kallisto-cellbender-X/regulons_40_TF.tsv
2608	DC	IRF7	0.0958904109589041	40	40	40	50	bd-rhap-rep1-X/regulons_40_TF.tsv vs 10x-rep1-kallisto-cellbender-X/regulons_40_TF.tsv	bd-rhap-rep1-X/regulons_40_TF.tsv	10x-rep1-kallisto-cellbender-X/regulons_40_TF.tsv
2609	b_cells	TLE5	0.23076923076923078	40	40	40	50	bd-rhap-rep1-X/regulons_40_TF.tsv vs 10x-rep1-kallisto-cellbender-X/regulons_40_TF.tsv	bd-rhap-rep1-X/regulons_40_TF.tsv	10x-rep1-kallisto-cellbender-X/regulons_40_TF.tsv
2610	cd4+_tcells	LEF1	0.19402985074626866	40	40	40	50	bd-rhap-rep1-X/regulons_40_TF.tsv vs 10x-rep1-kallisto-cellbender-X/regulons_40_TF.tsv	bd-rhap-rep1-X/regulons_40_TF.tsv	10x-rep1-kallisto-cellbender-X/regulons_40_TF.tsv
2611	DC	HMGB2	0.1111111111111111	40	40	40	50	bd-rhap-rep1-X/regulons_40_TF.tsv vs 10x-rep1-kallisto-cellbender-X/regulons_40_TF.tsv	bd-rhap-rep1-X/regulons_40_TF.tsv	10x-rep1-kallisto-cellbender-X/regulons_40_TF.tsv
2612	cd8+_tcells	RORA	0.25	40	40	40	50	bd-rhap-rep1-X/regulons_40_TF.tsv vs 10x-rep1-kallisto-cellbender-X/regulons_40_TF.tsv	bd-rhap-rep1-X/regulons_40_TF.tsv	10x-rep1-kallisto-cellbender-X/regulons_40_TF.tsv
2613	nk_cells	ID2	0.21212121212121213	40	40	40	50	bd-rhap-rep1-X/regulons_40_TF.tsv vs 10x-rep1-kallisto-cellbender-X/regulons_40_TF.tsv	bd-rhap-rep1-X/regulons_40_TF.tsv	10x-rep1-kallisto-cellbender-X/regulons_40_TF.tsv
2614	DC	ID2	0.1111111111111111	40	40	40	50	bd-rhap-rep1-X/regulons_40_TF.tsv vs 10x-rep1-kallisto-cellbender-X/regulons_40_TF.tsv	bd-rhap-rep1-X/regulons_40_TF.tsv	10x-rep1-kallisto-cellbender-X/regulons_40_TF.tsv
2615	cd4+_tcells	JUN	0.3333333333333333	40	40	40	50	bd-rhap-rep1-X/regulons_40_TF.tsv vs 10x-rep1-kallisto-cellbender-X/regulons_40_TF.tsv	bd-rhap-rep1-X/regulons_40_TF.tsv	10x-rep1-kallisto-cellbender-X/regulons_40_TF.tsv
2616	cd14+_monocytes	TLE5	0.08108108108108109	40	40	40	50	bd-rhap-rep1-X/regulons_40_TF.tsv vs 10x-rep1-kallisto-cellbender-X/regulons_40_TF.tsv	bd-rhap-rep1-X/regulons_40_TF.tsv	10x-rep1-kallisto-cellbender-X/regulons_40_TF.tsv
2617	nk_cells	BTG2	0.17647058823529413	40	40	40	50	bd-rhap-rep1-X/regulons_40_TF.tsv vs 10x-rep1-kallisto-cellbender-X/regulons_40_TF.tsv	bd-rhap-rep1-X/regulons_40_TF.tsv	10x-rep1-kallisto-cellbender-X/regulons_40_TF.tsv
2618	cd4+_tcells	FOS	0.21212121212121213	40	40	40	50	bd-rhap-rep1-X/regulons_40_TF.tsv vs 10x-rep1-kallisto-cellbender-X/regulons_40_TF.tsv	bd-rhap-rep1-X/regulons_40_TF.tsv	10x-rep1-kallisto-cellbender-X/regulons_40_TF.tsv
2619	DC	TLE5	0.19402985074626866	40	40	40	50	bd-rhap-rep1-X/regulons_40_TF.tsv vs 10x-rep1-kallisto-cellbender-X/regulons_40_TF.tsv	bd-rhap-rep1-X/regulons_40_TF.tsv	10x-rep1-kallisto-cellbender-X/regulons_40_TF.tsv
2620	pDC	IRF1	0.1267605633802817	40	40	40	50	bd-rhap-rep1-X/regulons_40_TF.tsv vs 10x-rep1-kallisto-cellbender-X/regulons_40_TF.tsv	bd-rhap-rep1-X/regulons_40_TF.tsv	10x-rep1-kallisto-cellbender-X/regulons_40_TF.tsv
2621	pDC	LMO4	0.48148148148148145	40	40	40	50	bd-rhap-rep1-X/regulons_40_TF.tsv vs 10x-rep1-kallisto-cellbender-X/regulons_40_TF.tsv	bd-rhap-rep1-X/regulons_40_TF.tsv	10x-rep1-kallisto-cellbender-X/regulons_40_TF.tsv
2622	DC	STAT1	0.0958904109589041	40	40	40	50	bd-rhap-rep1-X/regulons_40_TF.tsv vs 10x-rep1-kallisto-cellbender-X/regulons_40_TF.tsv	bd-rhap-rep1-X/regulons_40_TF.tsv	10x-rep1-kallisto-cellbender-X/regulons_40_TF.tsv
2623	cd4+_tcells	BCL11B	0.3114754098360656	40	40	40	50	bd-rhap-rep1-X/regulons_40_TF.tsv vs 10x-rep1-kallisto-cellbender-X/regulons_40_TF.tsv	bd-rhap-rep1-X/regulons_40_TF.tsv	10x-rep1-kallisto-cellbender-X/regulons_40_TF.tsv
2624	nk_cells	MYBL1	0.3333333333333333	40	40	40	50	bd-rhap-rep1-X/regulons_40_TF.tsv vs 10x-rep1-kallisto-cellbender-X/regulons_40_TF.tsv	bd-rhap-rep1-X/regulons_40_TF.tsv	10x-rep1-kallisto-cellbender-X/regulons_40_TF.tsv
2625	b_cells	JUN	0.19402985074626866	40	40	40	50	bd-rhap-rep1-X/regulons_40_TF.tsv vs 10x-rep1-kallisto-cellbender-X/regulons_40_TF.tsv	bd-rhap-rep1-X/regulons_40_TF.tsv	10x-rep1-kallisto-cellbender-X/regulons_40_TF.tsv
2626	cd8+_tcells	BCL11B	0.3333333333333333	40	40	40	50	bd-rhap-rep1-X/regulons_40_TF.tsv vs 10x-rep1-kallisto-cellbender-X/regulons_40_TF.tsv	bd-rhap-rep1-X/regulons_40_TF.tsv	10x-rep1-kallisto-cellbender-X/regulons_40_TF.tsv
2627	DC	SOX4	0.14285714285714285	40	40	40	50	bd-rhap-rep1-X/regulons_40_TF.tsv vs 10x-rep1-kallisto-cellbender-X/regulons_40_TF.tsv	bd-rhap-rep1-X/regulons_40_TF.tsv	10x-rep1-kallisto-cellbender-X/regulons_40_TF.tsv
2628	b_cells	FOS	0.06666666666666667	40	40	40	50	bd-rhap-rep1-X/regulons_40_TF.tsv vs 10x-rep1-kallisto-cellbender-X/regulons_40_TF.tsv	bd-rhap-rep1-X/regulons_40_TF.tsv	10x-rep1-kallisto-cellbender-X/regulons_40_TF.tsv
2629	cd14+_monocytes	CEBPD	0.2903225806451613	40	40	40	50	bd-rhap-rep1-X/regulons_40_TF.tsv vs 10x-rep1-kallisto-cellbender-X/regulons_40_TF.tsv	bd-rhap-rep1-X/regulons_40_TF.tsv	10x-rep1-kallisto-cellbender-X/regulons_40_TF.tsv
2630	b_cells	POU2F2	0.21212121212121213	40	40	40	50	bd-rhap-rep1-X/regulons_40_TF.tsv vs 10x-rep1-kallisto-cellbender-X/regulons_40_TF.tsv	bd-rhap-rep1-X/regulons_40_TF.tsv	10x-rep1-kallisto-cellbender-X/regulons_40_TF.tsv
2631	nk_cells	RORA	0.2698412698412698	40	40	40	50	bd-rhap-rep1-X/regulons_40_TF.tsv vs 10x-rep1-kallisto-cellbender-X/regulons_40_TF.tsv	bd-rhap-rep1-X/regulons_40_TF.tsv	10x-rep1-kallisto-cellbender-X/regulons_40_TF.tsv
2632	pDC	BTG2	0.1111111111111111	40	40	40	50	bd-rhap-rep1-X/regulons_40_TF.tsv vs 10x-rep1-kallisto-cellbender-X/regulons_40_TF.tsv	bd-rhap-rep1-X/regulons_40_TF.tsv	10x-rep1-kallisto-cellbender-X/regulons_40_TF.tsv
2633	cd14+_monocytes	JUN	0.21212121212121213	40	40	40	50	bd-rhap-rep1-X/regulons_40_TF.tsv vs 10x-rep1-kallisto-cellbender-X/regulons_40_TF.tsv	bd-rhap-rep1-X/regulons_40_TF.tsv	10x-rep1-kallisto-cellbender-X/regulons_40_TF.tsv
2634	cd14+_monocytes	IRF1	0.2698412698412698	40	40	40	50	bd-rhap-rep1-X/regulons_40_TF.tsv vs 10x-rep1-kallisto-cellbender-X/regulons_40_TF.tsv	bd-rhap-rep1-X/regulons_40_TF.tsv	10x-rep1-kallisto-cellbender-X/regulons_40_TF.tsv
2635	cd14+_monocytes	LMO4	0.15942028985507245	40	40	40	50	bd-rhap-rep1-X/regulons_40_TF.tsv vs 10x-rep1-kallisto-cellbender-X/regulons_40_TF.tsv	bd-rhap-rep1-X/regulons_40_TF.tsv	10x-rep1-kallisto-cellbender-X/regulons_40_TF.tsv
2636	cd14+_monocytes	POU2F2	0.2903225806451613	40	40	40	50	bd-rhap-rep1-X/regulons_40_TF.tsv vs 10x-rep1-kallisto-cellbender-X/regulons_40_TF.tsv	bd-rhap-rep1-X/regulons_40_TF.tsv	10x-rep1-kallisto-cellbender-X/regulons_40_TF.tsv
2637	nk_cells	JUN	0.3114754098360656	40	40	40	50	bd-rhap-rep1-X/regulons_40_TF.tsv vs 10x-rep1-kallisto-cellbender-X/regulons_40_TF.tsv	bd-rhap-rep1-X/regulons_40_TF.tsv	10x-rep1-kallisto-cellbender-X/regulons_40_TF.tsv
2638	pDC	TCF4	0.2903225806451613	40	40	40	50	bd-rhap-rep1-X/regulons_40_TF.tsv vs 10x-rep1-kallisto-cellbender-X/regulons_40_TF.tsv	bd-rhap-rep1-X/regulons_40_TF.tsv	10x-rep1-kallisto-cellbender-X/regulons_40_TF.tsv
2639	nk_cells	RUNX3	0.25	40	40	40	50	bd-rhap-rep1-X/regulons_40_TF.tsv vs 10x-rep1-kallisto-cellbender-X/regulons_40_TF.tsv	bd-rhap-rep1-X/regulons_40_TF.tsv	10x-rep1-kallisto-cellbender-X/regulons_40_TF.tsv
2640	DC	JUN	0.1111111111111111	40	40	40	50	bd-rhap-rep1-X/regulons_40_TF.tsv vs 10x-rep1-kallisto-cellbender-X/regulons_40_TF.tsv	bd-rhap-rep1-X/regulons_40_TF.tsv	10x-rep1-kallisto-cellbender-X/regulons_40_TF.tsv
2641	nk_cells	FOS	0.15942028985507245	40	40	40	50	bd-rhap-rep1-X/regulons_40_TF.tsv vs 10x-rep1-kallisto-cellbender-X/regulons_40_TF.tsv	bd-rhap-rep1-X/regulons_40_TF.tsv	10x-rep1-kallisto-cellbender-X/regulons_40_TF.tsv
2642	cd14-_monocytes	NR4A1	0.15942028985507245	40	40	40	50	bd-rhap-rep1-X/regulons_40_TF.tsv vs 10x-rep1-kallisto-cellbender-X/regulons_40_TF.tsv	bd-rhap-rep1-X/regulons_40_TF.tsv	10x-rep1-kallisto-cellbender-X/regulons_40_TF.tsv
2643	DC	FOS	0.1111111111111111	40	40	40	50	bd-rhap-rep1-X/regulons_40_TF.tsv vs 10x-rep1-kallisto-cellbender-X/regulons_40_TF.tsv	bd-rhap-rep1-X/regulons_40_TF.tsv	10x-rep1-kallisto-cellbender-X/regulons_40_TF.tsv
2644	cd14+_monocytes	MAFB	0.23076923076923078	40	40	40	50	bd-rhap-rep1-X/regulons_40_TF.tsv vs 10x-rep1-kallisto-cellbender-X/regulons_40_TF.tsv	bd-rhap-rep1-X/regulons_40_TF.tsv	10x-rep1-kallisto-cellbender-X/regulons_40_TF.tsv
2645	DC	LMO4	0.2698412698412698	40	40	40	50	bd-rhap-rep1-X/regulons_40_TF.tsv vs 10x-rep1-kallisto-cellbender-X/regulons_40_TF.tsv	bd-rhap-rep1-X/regulons_40_TF.tsv	10x-rep1-kallisto-cellbender-X/regulons_40_TF.tsv
2646	DC	POU2F2	0.3333333333333333	40	40	40	50	bd-rhap-rep1-X/regulons_40_TF.tsv vs 10x-rep1-kallisto-cellbender-X/regulons_40_TF.tsv	bd-rhap-rep1-X/regulons_40_TF.tsv	10x-rep1-kallisto-cellbender-X/regulons_40_TF.tsv
2647	b_cells	BTG2	0.19402985074626866	40	40	40	50	bd-rhap-rep1-X/regulons_40_TF.tsv vs 10x-rep1-kallisto-cellbender-X/regulons_40_TF.tsv	bd-rhap-rep1-X/regulons_40_TF.tsv	10x-rep1-kallisto-cellbender-X/regulons_40_TF.tsv
2648	cd14-_monocytes	HMGB2	0.03896103896103896	40	40	40	50	bd-rhap-rep1-X/regulons_40_TF.tsv vs 10x-rep1-kallisto-cellbender-X/regulons_40_TF.tsv	bd-rhap-rep1-X/regulons_40_TF.tsv	10x-rep1-kallisto-cellbender-X/regulons_40_TF.tsv
2649	b_cells	BCL11A	0.2698412698412698	40	40	40	50	bd-rhap-rep1-X/regulons_40_TF.tsv vs 10x-rep1-kallisto-cellbender-X/regulons_40_TF.tsv	bd-rhap-rep1-X/regulons_40_TF.tsv	10x-rep1-kallisto-cellbender-X/regulons_40_TF.tsv
2650	cd14-_monocytes	ID2	0.1267605633802817	40	40	40	50	bd-rhap-rep1-X/regulons_40_TF.tsv vs 10x-rep1-kallisto-cellbender-X/regulons_40_TF.tsv	bd-rhap-rep1-X/regulons_40_TF.tsv	10x-rep1-kallisto-cellbender-X/regulons_40_TF.tsv
2651	pDC	STAT1	0.08108108108108109	40	40	40	50	bd-rhap-rep1-X/regulons_40_TF.tsv vs 10x-rep1-kallisto-cellbender-X/regulons_40_TF.tsv	bd-rhap-rep1-X/regulons_40_TF.tsv	10x-rep1-kallisto-cellbender-X/regulons_40_TF.tsv
2652	cd4+_tcells	RORA	0.2698412698412698	40	40	40	50	bd-rhap-rep1-X/regulons_40_TF.tsv vs 10x-rep1-kallisto-cellbender-X/regulons_40_TF.tsv	bd-rhap-rep1-X/regulons_40_TF.tsv	10x-rep1-kallisto-cellbender-X/regulons_40_TF.tsv
2653	pDC	SOX4	0.3114754098360656	40	40	40	50	bd-rhap-rep1-X/regulons_40_TF.tsv vs 10x-rep1-kallisto-cellbender-X/regulons_40_TF.tsv	bd-rhap-rep1-X/regulons_40_TF.tsv	10x-rep1-kallisto-cellbender-X/regulons_40_TF.tsv
2654	cd14+_monocytes	BTG2	0.19402985074626866	40	40	40	50	bd-rhap-rep1-X/regulons_40_TF.tsv vs 10x-rep1-kallisto-cellbender-X/regulons_40_TF.tsv	bd-rhap-rep1-X/regulons_40_TF.tsv	10x-rep1-kallisto-cellbender-X/regulons_40_TF.tsv
2655	b_cells	TCF4	0.19402985074626866	40	40	40	50	bd-rhap-rep1-X/regulons_40_TF.tsv vs 10x-rep1-kallisto-cellbender-X/regulons_40_TF.tsv	bd-rhap-rep1-X/regulons_40_TF.tsv	10x-rep1-kallisto-cellbender-X/regulons_40_TF.tsv
2656	b_cells	SP140	0.2903225806451613	40	40	40	50	bd-rhap-rep1-X/regulons_40_TF.tsv vs 10x-rep1-kallisto-cellbender-X/regulons_40_TF.tsv	bd-rhap-rep1-X/regulons_40_TF.tsv	10x-rep1-kallisto-cellbender-X/regulons_40_TF.tsv
2657	nk_cells	ZEB2	0.06666666666666667	40	40	40	50	bd-rhap-rep1-X/regulons_40_TF.tsv vs 10x-rep1-kallisto-cellbender-X/regulons_40_TF.tsv	bd-rhap-rep1-X/regulons_40_TF.tsv	10x-rep1-kallisto-cellbender-X/regulons_40_TF.tsv
2658	DC	ZEB2	0.25	40	40	40	50	bd-rhap-rep1-X/regulons_40_TF.tsv vs 10x-rep1-kallisto-cellbender-X/regulons_40_TF.tsv	bd-rhap-rep1-X/regulons_40_TF.tsv	10x-rep1-kallisto-cellbender-X/regulons_40_TF.tsv
2659	cd14-_monocytes	TLE5	0.0958904109589041	40	40	40	50	bd-rhap-rep1-X/regulons_40_TF.tsv vs 10x-rep1-kallisto-cellbender-X/regulons_40_TF.tsv	bd-rhap-rep1-X/regulons_40_TF.tsv	10x-rep1-kallisto-cellbender-X/regulons_40_TF.tsv
2660	DC	BTG2	0.17647058823529413	40	40	40	50	bd-rhap-rep1-X/regulons_40_TF.tsv vs 10x-rep1-kallisto-cellbender-X/regulons_40_TF.tsv	bd-rhap-rep1-X/regulons_40_TF.tsv	10x-rep1-kallisto-cellbender-X/regulons_40_TF.tsv
2661	DC	BCL11A	0.21212121212121213	40	40	40	50	bd-rhap-rep1-X/regulons_40_TF.tsv vs 10x-rep1-kallisto-cellbender-X/regulons_40_TF.tsv	bd-rhap-rep1-X/regulons_40_TF.tsv	10x-rep1-kallisto-cellbender-X/regulons_40_TF.tsv
2662	pDC	JUN	0.17647058823529413	40	40	40	50	bd-rhap-rep1-X/regulons_40_TF.tsv vs 10x-rep1-kallisto-cellbender-X/regulons_40_TF.tsv	bd-rhap-rep1-X/regulons_40_TF.tsv	10x-rep1-kallisto-cellbender-X/regulons_40_TF.tsv
2663	pDC	RUNX2	0.3333333333333333	40	40	40	50	bd-rhap-rep1-X/regulons_40_TF.tsv vs 10x-rep1-kallisto-cellbender-X/regulons_40_TF.tsv	bd-rhap-rep1-X/regulons_40_TF.tsv	10x-rep1-kallisto-cellbender-X/regulons_40_TF.tsv
2664	pDC	FOS	0.08108108108108109	40	40	40	50	bd-rhap-rep1-X/regulons_40_TF.tsv vs 10x-rep1-kallisto-cellbender-X/regulons_40_TF.tsv	bd-rhap-rep1-X/regulons_40_TF.tsv	10x-rep1-kallisto-cellbender-X/regulons_40_TF.tsv
2665	cd14+_monocytes	STAT1	0.17647058823529413	40	40	40	50	bd-rhap-rep1-X/regulons_40_TF.tsv vs 10x-rep1-kallisto-cellbender-X/regulons_40_TF.tsv	bd-rhap-rep1-X/regulons_40_TF.tsv	10x-rep1-kallisto-cellbender-X/regulons_40_TF.tsv
2666	cd14+_monocytes	SOX4	0.23076923076923078	40	40	40	50	bd-rhap-rep1-X/regulons_40_TF.tsv vs 10x-rep1-kallisto-cellbender-X/regulons_40_TF.tsv	bd-rhap-rep1-X/regulons_40_TF.tsv	10x-rep1-kallisto-cellbender-X/regulons_40_TF.tsv
2667	pDC	ZEB2	0.19402985074626866	40	40	40	50	bd-rhap-rep1-X/regulons_40_TF.tsv vs 10x-rep1-kallisto-cellbender-X/regulons_40_TF.tsv	bd-rhap-rep1-X/regulons_40_TF.tsv	10x-rep1-kallisto-cellbender-X/regulons_40_TF.tsv
2668	cd14-_monocytes	CEBPD	0.2903225806451613	40	40	40	50	bd-rhap-rep1-X/regulons_40_TF.tsv vs 10x-rep1-kallisto-cellbender-X/regulons_40_TF.tsv	bd-rhap-rep1-X/regulons_40_TF.tsv	10x-rep1-kallisto-cellbender-X/regulons_40_TF.tsv
2669	cd8+_tcells	TCF7	0.21212121212121213	40	40	40	50	bd-rhap-rep1-X/regulons_40_TF.tsv vs 10x-rep1-kallisto-cellbender-X/regulons_40_TF.tsv	bd-rhap-rep1-X/regulons_40_TF.tsv	10x-rep1-kallisto-cellbender-X/regulons_40_TF.tsv
2670	pDC	BCL11A	0.3559322033898305	40	40	40	50	bd-rhap-rep1-X/regulons_40_TF.tsv vs 10x-rep1-kallisto-cellbender-X/regulons_40_TF.tsv	bd-rhap-rep1-X/regulons_40_TF.tsv	10x-rep1-kallisto-cellbender-X/regulons_40_TF.tsv
2671	cd14-_monocytes	RUNX3	0.19402985074626866	40	40	40	50	bd-rhap-rep1-X/regulons_40_TF.tsv vs 10x-rep1-kallisto-cellbender-X/regulons_40_TF.tsv	bd-rhap-rep1-X/regulons_40_TF.tsv	10x-rep1-kallisto-cellbender-X/regulons_40_TF.tsv
2672	cd14+_monocytes	FOS	0.3333333333333333	40	40	40	50	bd-rhap-rep1-X/regulons_40_TF.tsv vs 10x-rep1-kallisto-cellbender-X/regulons_40_TF.tsv	bd-rhap-rep1-X/regulons_40_TF.tsv	10x-rep1-kallisto-cellbender-X/regulons_40_TF.tsv
2673	cd14-_monocytes	IRF1	0.2698412698412698	40	40	40	50	bd-rhap-rep1-X/regulons_40_TF.tsv vs 10x-rep1-kallisto-cellbender-X/regulons_40_TF.tsv	bd-rhap-rep1-X/regulons_40_TF.tsv	10x-rep1-kallisto-cellbender-X/regulons_40_TF.tsv
2674	cd14-_monocytes	LMO4	0.2903225806451613	40	40	40	50	bd-rhap-rep1-X/regulons_40_TF.tsv vs 10x-rep1-kallisto-cellbender-X/regulons_40_TF.tsv	bd-rhap-rep1-X/regulons_40_TF.tsv	10x-rep1-kallisto-cellbender-X/regulons_40_TF.tsv
2675	cd14-_monocytes	POU2F2	0.3333333333333333	40	40	40	50	bd-rhap-rep1-X/regulons_40_TF.tsv vs 10x-rep1-kallisto-cellbender-X/regulons_40_TF.tsv	bd-rhap-rep1-X/regulons_40_TF.tsv	10x-rep1-kallisto-cellbender-X/regulons_40_TF.tsv
2676	cd14-_monocytes	MAFB	0.25	40	40	40	50	bd-rhap-rep1-X/regulons_40_TF.tsv vs 10x-rep1-kallisto-cellbender-X/regulons_40_TF.tsv	bd-rhap-rep1-X/regulons_40_TF.tsv	10x-rep1-kallisto-cellbender-X/regulons_40_TF.tsv
2677	cd14+_monocytes	ZEB2	0.25	40	40	40	50	bd-rhap-rep1-X/regulons_40_TF.tsv vs 10x-rep1-kallisto-cellbender-X/regulons_40_TF.tsv	bd-rhap-rep1-X/regulons_40_TF.tsv	10x-rep1-kallisto-cellbender-X/regulons_40_TF.tsv
2678	cd8+_tcells	IRF1	0.1111111111111111	40	40	40	50	bd-rhap-rep1-X/regulons_40_TF.tsv vs 10x-rep1-kallisto-cellbender-X/regulons_40_TF.tsv	bd-rhap-rep1-X/regulons_40_TF.tsv	10x-rep1-kallisto-cellbender-X/regulons_40_TF.tsv
2679	cd14-_monocytes	BTG2	0.06666666666666667	40	40	40	50	bd-rhap-rep2-X/regulons_40_TF.tsv vs 10x-rep1-kallisto-cellbender-X/regulons_40_TF.tsv	bd-rhap-rep2-X/regulons_40_TF.tsv	10x-rep1-kallisto-cellbender-X/regulons_40_TF.tsv
2680	cd8+_tcells	RUNX3	0.21212121212121213	40	40	40	50	bd-rhap-rep2-X/regulons_40_TF.tsv vs 10x-rep1-kallisto-cellbender-X/regulons_40_TF.tsv	bd-rhap-rep2-X/regulons_40_TF.tsv	10x-rep1-kallisto-cellbender-X/regulons_40_TF.tsv
2681	cd8+_tcells	HOPX	0.1267605633802817	40	40	40	50	bd-rhap-rep2-X/regulons_40_TF.tsv vs 10x-rep1-kallisto-cellbender-X/regulons_40_TF.tsv	bd-rhap-rep2-X/regulons_40_TF.tsv	10x-rep1-kallisto-cellbender-X/regulons_40_TF.tsv
2682	cd8+_tcells	IKZF3	0.1746031746031746	40	34	40	50	bd-rhap-rep2-X/regulons_40_TF.tsv vs 10x-rep1-kallisto-cellbender-X/regulons_40_TF.tsv	bd-rhap-rep2-X/regulons_40_TF.tsv	10x-rep1-kallisto-cellbender-X/regulons_40_TF.tsv
2683	nk_cells	BTG2	0.1267605633802817	40	40	40	50	bd-rhap-rep2-X/regulons_40_TF.tsv vs 10x-rep1-kallisto-cellbender-X/regulons_40_TF.tsv	bd-rhap-rep2-X/regulons_40_TF.tsv	10x-rep1-kallisto-cellbender-X/regulons_40_TF.tsv
2684	DC	ZEB2	0.14285714285714285	40	40	40	50	bd-rhap-rep2-X/regulons_40_TF.tsv vs 10x-rep1-kallisto-cellbender-X/regulons_40_TF.tsv	bd-rhap-rep2-X/regulons_40_TF.tsv	10x-rep1-kallisto-cellbender-X/regulons_40_TF.tsv
2685	DC	BTG2	0.1111111111111111	40	40	40	50	bd-rhap-rep2-X/regulons_40_TF.tsv vs 10x-rep1-kallisto-cellbender-X/regulons_40_TF.tsv	bd-rhap-rep2-X/regulons_40_TF.tsv	10x-rep1-kallisto-cellbender-X/regulons_40_TF.tsv
2686	nk_cells	ZEB2	0.08108108108108109	40	40	40	50	bd-rhap-rep2-X/regulons_40_TF.tsv vs 10x-rep1-kallisto-cellbender-X/regulons_40_TF.tsv	bd-rhap-rep2-X/regulons_40_TF.tsv	10x-rep1-kallisto-cellbender-X/regulons_40_TF.tsv
2687	DC	BCL11A	0.21212121212121213	40	40	40	50	bd-rhap-rep2-X/regulons_40_TF.tsv vs 10x-rep1-kallisto-cellbender-X/regulons_40_TF.tsv	bd-rhap-rep2-X/regulons_40_TF.tsv	10x-rep1-kallisto-cellbender-X/regulons_40_TF.tsv
2688	cd8+_tcells	ID2	0.17647058823529413	40	40	40	50	bd-rhap-rep2-X/regulons_40_TF.tsv vs 10x-rep1-kallisto-cellbender-X/regulons_40_TF.tsv	bd-rhap-rep2-X/regulons_40_TF.tsv	10x-rep1-kallisto-cellbender-X/regulons_40_TF.tsv
2689	nk_cells	ETS1	0.2698412698412698	40	40	40	50	bd-rhap-rep2-X/regulons_40_TF.tsv vs 10x-rep1-kallisto-cellbender-X/regulons_40_TF.tsv	bd-rhap-rep2-X/regulons_40_TF.tsv	10x-rep1-kallisto-cellbender-X/regulons_40_TF.tsv
2690	pDC	IRF7	0.25	40	40	40	50	bd-rhap-rep2-X/regulons_40_TF.tsv vs 10x-rep1-kallisto-cellbender-X/regulons_40_TF.tsv	bd-rhap-rep2-X/regulons_40_TF.tsv	10x-rep1-kallisto-cellbender-X/regulons_40_TF.tsv
2691	pDC	RUNX2	0.3114754098360656	40	40	40	50	bd-rhap-rep2-X/regulons_40_TF.tsv vs 10x-rep1-kallisto-cellbender-X/regulons_40_TF.tsv	bd-rhap-rep2-X/regulons_40_TF.tsv	10x-rep1-kallisto-cellbender-X/regulons_40_TF.tsv
2692	nk_cells	TFDP2	0.25	40	40	40	50	bd-rhap-rep2-X/regulons_40_TF.tsv vs 10x-rep1-kallisto-cellbender-X/regulons_40_TF.tsv	bd-rhap-rep2-X/regulons_40_TF.tsv	10x-rep1-kallisto-cellbender-X/regulons_40_TF.tsv
2693	pDC	IRF8	0.40350877192982454	40	40	40	50	bd-rhap-rep2-X/regulons_40_TF.tsv vs 10x-rep1-kallisto-cellbender-X/regulons_40_TF.tsv	bd-rhap-rep2-X/regulons_40_TF.tsv	10x-rep1-kallisto-cellbender-X/regulons_40_TF.tsv
2694	DC	MAX	0.0	40	40	40	50	bd-rhap-rep2-X/regulons_40_TF.tsv vs 10x-rep1-kallisto-cellbender-X/regulons_40_TF.tsv	bd-rhap-rep2-X/regulons_40_TF.tsv	10x-rep1-kallisto-cellbender-X/regulons_40_TF.tsv
2695	cd4+_tcells	BTG2	0.19402985074626866	40	40	40	50	bd-rhap-rep2-X/regulons_40_TF.tsv vs 10x-rep1-kallisto-cellbender-X/regulons_40_TF.tsv	bd-rhap-rep2-X/regulons_40_TF.tsv	10x-rep1-kallisto-cellbender-X/regulons_40_TF.tsv
2696	cd8+_tcells	BTG2	0.15942028985507245	40	40	40	50	bd-rhap-rep2-X/regulons_40_TF.tsv vs 10x-rep1-kallisto-cellbender-X/regulons_40_TF.tsv	bd-rhap-rep2-X/regulons_40_TF.tsv	10x-rep1-kallisto-cellbender-X/regulons_40_TF.tsv
2697	cd14+_monocytes	SOX4	0.17647058823529413	40	40	40	50	bd-rhap-rep2-X/regulons_40_TF.tsv vs 10x-rep1-kallisto-cellbender-X/regulons_40_TF.tsv	bd-rhap-rep2-X/regulons_40_TF.tsv	10x-rep1-kallisto-cellbender-X/regulons_40_TF.tsv
2698	cd4+_tcells	BCL11B	0.3114754098360656	40	40	40	50	bd-rhap-rep2-X/regulons_40_TF.tsv vs 10x-rep1-kallisto-cellbender-X/regulons_40_TF.tsv	bd-rhap-rep2-X/regulons_40_TF.tsv	10x-rep1-kallisto-cellbender-X/regulons_40_TF.tsv
2699	nk_cells	MYBL1	0.3559322033898305	40	40	40	50	bd-rhap-rep2-X/regulons_40_TF.tsv vs 10x-rep1-kallisto-cellbender-X/regulons_40_TF.tsv	bd-rhap-rep2-X/regulons_40_TF.tsv	10x-rep1-kallisto-cellbender-X/regulons_40_TF.tsv
2700	cd14-_monocytes	SOX4	0.19402985074626866	40	40	40	50	bd-rhap-rep2-X/regulons_40_TF.tsv vs 10x-rep1-kallisto-cellbender-X/regulons_40_TF.tsv	bd-rhap-rep2-X/regulons_40_TF.tsv	10x-rep1-kallisto-cellbender-X/regulons_40_TF.tsv
2701	cd8+_tcells	BCL11B	0.3559322033898305	40	40	40	50	bd-rhap-rep2-X/regulons_40_TF.tsv vs 10x-rep1-kallisto-cellbender-X/regulons_40_TF.tsv	bd-rhap-rep2-X/regulons_40_TF.tsv	10x-rep1-kallisto-cellbender-X/regulons_40_TF.tsv
2702	DC	SOX4	0.0958904109589041	40	40	40	50	bd-rhap-rep2-X/regulons_40_TF.tsv vs 10x-rep1-kallisto-cellbender-X/regulons_40_TF.tsv	bd-rhap-rep2-X/regulons_40_TF.tsv	10x-rep1-kallisto-cellbender-X/regulons_40_TF.tsv
2703	b_cells	IKZF3	0.23076923076923078	40	40	40	50	bd-rhap-rep2-X/regulons_40_TF.tsv vs 10x-rep1-kallisto-cellbender-X/regulons_40_TF.tsv	bd-rhap-rep2-X/regulons_40_TF.tsv	10x-rep1-kallisto-cellbender-X/regulons_40_TF.tsv
2704	pDC	ZEB2	0.1111111111111111	40	40	40	50	bd-rhap-rep2-X/regulons_40_TF.tsv vs 10x-rep1-kallisto-cellbender-X/regulons_40_TF.tsv	bd-rhap-rep2-X/regulons_40_TF.tsv	10x-rep1-kallisto-cellbender-X/regulons_40_TF.tsv
2705	cd4+_tcells	ETS1	0.3559322033898305	40	40	40	50	bd-rhap-rep2-X/regulons_40_TF.tsv vs 10x-rep1-kallisto-cellbender-X/regulons_40_TF.tsv	bd-rhap-rep2-X/regulons_40_TF.tsv	10x-rep1-kallisto-cellbender-X/regulons_40_TF.tsv
2706	nk_cells	RORA	0.2698412698412698	40	40	40	50	bd-rhap-rep2-X/regulons_40_TF.tsv vs 10x-rep1-kallisto-cellbender-X/regulons_40_TF.tsv	bd-rhap-rep2-X/regulons_40_TF.tsv	10x-rep1-kallisto-cellbender-X/regulons_40_TF.tsv
2707	pDC	BTG2	0.05263157894736842	40	40	40	50	bd-rhap-rep2-X/regulons_40_TF.tsv vs 10x-rep1-kallisto-cellbender-X/regulons_40_TF.tsv	bd-rhap-rep2-X/regulons_40_TF.tsv	10x-rep1-kallisto-cellbender-X/regulons_40_TF.tsv
2708	b_cells	IRF8	0.15942028985507245	40	40	40	50	bd-rhap-rep2-X/regulons_40_TF.tsv vs 10x-rep1-kallisto-cellbender-X/regulons_40_TF.tsv	bd-rhap-rep2-X/regulons_40_TF.tsv	10x-rep1-kallisto-cellbender-X/regulons_40_TF.tsv
2709	cd8+_tcells	ETS1	0.3559322033898305	40	40	40	50	bd-rhap-rep2-X/regulons_40_TF.tsv vs 10x-rep1-kallisto-cellbender-X/regulons_40_TF.tsv	bd-rhap-rep2-X/regulons_40_TF.tsv	10x-rep1-kallisto-cellbender-X/regulons_40_TF.tsv
2710	cd8+_tcells	TCF7	0.2698412698412698	40	40	40	50	bd-rhap-rep2-X/regulons_40_TF.tsv vs 10x-rep1-kallisto-cellbender-X/regulons_40_TF.tsv	bd-rhap-rep2-X/regulons_40_TF.tsv	10x-rep1-kallisto-cellbender-X/regulons_40_TF.tsv
2711	cd4+_tcells	TCF7	0.2903225806451613	40	40	40	50	bd-rhap-rep2-X/regulons_40_TF.tsv vs 10x-rep1-kallisto-cellbender-X/regulons_40_TF.tsv	bd-rhap-rep2-X/regulons_40_TF.tsv	10x-rep1-kallisto-cellbender-X/regulons_40_TF.tsv
2712	pDC	BCL11A	0.3114754098360656	40	40	40	50	bd-rhap-rep2-X/regulons_40_TF.tsv vs 10x-rep1-kallisto-cellbender-X/regulons_40_TF.tsv	bd-rhap-rep2-X/regulons_40_TF.tsv	10x-rep1-kallisto-cellbender-X/regulons_40_TF.tsv
2713	b_cells	SP140	0.23076923076923078	40	40	40	50	bd-rhap-rep2-X/regulons_40_TF.tsv vs 10x-rep1-kallisto-cellbender-X/regulons_40_TF.tsv	bd-rhap-rep2-X/regulons_40_TF.tsv	10x-rep1-kallisto-cellbender-X/regulons_40_TF.tsv
2714	cd14-_monocytes	RUNX3	0.15942028985507245	40	40	40	50	bd-rhap-rep2-X/regulons_40_TF.tsv vs 10x-rep1-kallisto-cellbender-X/regulons_40_TF.tsv	bd-rhap-rep2-X/regulons_40_TF.tsv	10x-rep1-kallisto-cellbender-X/regulons_40_TF.tsv
2715	pDC	TCF4	0.3333333333333333	40	40	40	50	bd-rhap-rep2-X/regulons_40_TF.tsv vs 10x-rep1-kallisto-cellbender-X/regulons_40_TF.tsv	bd-rhap-rep2-X/regulons_40_TF.tsv	10x-rep1-kallisto-cellbender-X/regulons_40_TF.tsv
2716	nk_cells	RUNX3	0.23076923076923078	40	40	40	50	bd-rhap-rep2-X/regulons_40_TF.tsv vs 10x-rep1-kallisto-cellbender-X/regulons_40_TF.tsv	bd-rhap-rep2-X/regulons_40_TF.tsv	10x-rep1-kallisto-cellbender-X/regulons_40_TF.tsv
2717	cd14+_monocytes	IRF8	0.1111111111111111	40	40	40	50	bd-rhap-rep2-X/regulons_40_TF.tsv vs 10x-rep1-kallisto-cellbender-X/regulons_40_TF.tsv	bd-rhap-rep2-X/regulons_40_TF.tsv	10x-rep1-kallisto-cellbender-X/regulons_40_TF.tsv
2718	nk_cells	HOPX	0.19402985074626866	40	40	40	50	bd-rhap-rep2-X/regulons_40_TF.tsv vs 10x-rep1-kallisto-cellbender-X/regulons_40_TF.tsv	bd-rhap-rep2-X/regulons_40_TF.tsv	10x-rep1-kallisto-cellbender-X/regulons_40_TF.tsv
2719	pDC	ETS1	0.1267605633802817	40	40	40	50	bd-rhap-rep2-X/regulons_40_TF.tsv vs 10x-rep1-kallisto-cellbender-X/regulons_40_TF.tsv	bd-rhap-rep2-X/regulons_40_TF.tsv	10x-rep1-kallisto-cellbender-X/regulons_40_TF.tsv
2720	cd14-_monocytes	NR4A1	0.1111111111111111	40	40	40	50	bd-rhap-rep2-X/regulons_40_TF.tsv vs 10x-rep1-kallisto-cellbender-X/regulons_40_TF.tsv	bd-rhap-rep2-X/regulons_40_TF.tsv	10x-rep1-kallisto-cellbender-X/regulons_40_TF.tsv
2721	DC	NR4A1	0.06666666666666667	40	40	40	50	bd-rhap-rep2-X/regulons_40_TF.tsv vs 10x-rep1-kallisto-cellbender-X/regulons_40_TF.tsv	bd-rhap-rep2-X/regulons_40_TF.tsv	10x-rep1-kallisto-cellbender-X/regulons_40_TF.tsv
2722	cd14+_monocytes	EGR1	0.17647058823529413	40	40	40	50	bd-rhap-rep2-X/regulons_40_TF.tsv vs 10x-rep1-kallisto-cellbender-X/regulons_40_TF.tsv	bd-rhap-rep2-X/regulons_40_TF.tsv	10x-rep1-kallisto-cellbender-X/regulons_40_TF.tsv
2723	cd14+_monocytes	ID2	0.17647058823529413	40	40	40	50	bd-rhap-rep2-X/regulons_40_TF.tsv vs 10x-rep1-kallisto-cellbender-X/regulons_40_TF.tsv	bd-rhap-rep2-X/regulons_40_TF.tsv	10x-rep1-kallisto-cellbender-X/regulons_40_TF.tsv
2724	DC	IRF7	0.05263157894736842	40	40	40	50	bd-rhap-rep2-X/regulons_40_TF.tsv vs 10x-rep1-kallisto-cellbender-X/regulons_40_TF.tsv	bd-rhap-rep2-X/regulons_40_TF.tsv	10x-rep1-kallisto-cellbender-X/regulons_40_TF.tsv
2725	b_cells	BTG2	0.1111111111111111	40	40	40	50	bd-rhap-rep2-X/regulons_40_TF.tsv vs 10x-rep1-kallisto-cellbender-X/regulons_40_TF.tsv	bd-rhap-rep2-X/regulons_40_TF.tsv	10x-rep1-kallisto-cellbender-X/regulons_40_TF.tsv
2726	cd14-_monocytes	TCF7L2	0.19402985074626866	40	40	40	50	bd-rhap-rep2-X/regulons_40_TF.tsv vs 10x-rep1-kallisto-cellbender-X/regulons_40_TF.tsv	bd-rhap-rep2-X/regulons_40_TF.tsv	10x-rep1-kallisto-cellbender-X/regulons_40_TF.tsv
2727	b_cells	BCL11A	0.25	40	40	40	50	bd-rhap-rep2-X/regulons_40_TF.tsv vs 10x-rep1-kallisto-cellbender-X/regulons_40_TF.tsv	bd-rhap-rep2-X/regulons_40_TF.tsv	10x-rep1-kallisto-cellbender-X/regulons_40_TF.tsv
2728	cd14-_monocytes	ID2	0.1267605633802817	40	40	40	50	bd-rhap-rep2-X/regulons_40_TF.tsv vs 10x-rep1-kallisto-cellbender-X/regulons_40_TF.tsv	bd-rhap-rep2-X/regulons_40_TF.tsv	10x-rep1-kallisto-cellbender-X/regulons_40_TF.tsv
2729	DC	IRF8	0.17647058823529413	40	40	40	50	bd-rhap-rep2-X/regulons_40_TF.tsv vs 10x-rep1-kallisto-cellbender-X/regulons_40_TF.tsv	bd-rhap-rep2-X/regulons_40_TF.tsv	10x-rep1-kallisto-cellbender-X/regulons_40_TF.tsv
2730	cd4+_tcells	LEF1	0.14285714285714285	40	40	40	50	bd-rhap-rep2-X/regulons_40_TF.tsv vs 10x-rep1-kallisto-cellbender-X/regulons_40_TF.tsv	bd-rhap-rep2-X/regulons_40_TF.tsv	10x-rep1-kallisto-cellbender-X/regulons_40_TF.tsv
2731	cd8+_tcells	RORA	0.21212121212121213	40	40	40	50	bd-rhap-rep2-X/regulons_40_TF.tsv vs 10x-rep1-kallisto-cellbender-X/regulons_40_TF.tsv	bd-rhap-rep2-X/regulons_40_TF.tsv	10x-rep1-kallisto-cellbender-X/regulons_40_TF.tsv
2732	nk_cells	ID2	0.17647058823529413	40	40	40	50	bd-rhap-rep2-X/regulons_40_TF.tsv vs 10x-rep1-kallisto-cellbender-X/regulons_40_TF.tsv	bd-rhap-rep2-X/regulons_40_TF.tsv	10x-rep1-kallisto-cellbender-X/regulons_40_TF.tsv
2733	cd4+_tcells	RORA	0.2698412698412698	40	40	40	50	bd-rhap-rep2-X/regulons_40_TF.tsv vs 10x-rep1-kallisto-cellbender-X/regulons_40_TF.tsv	bd-rhap-rep2-X/regulons_40_TF.tsv	10x-rep1-kallisto-cellbender-X/regulons_40_TF.tsv
2734	DC	ID2	0.1111111111111111	40	40	40	50	bd-rhap-rep2-X/regulons_40_TF.tsv vs 10x-rep1-kallisto-cellbender-X/regulons_40_TF.tsv	bd-rhap-rep2-X/regulons_40_TF.tsv	10x-rep1-kallisto-cellbender-X/regulons_40_TF.tsv
2735	cd14+_monocytes	ZEB2	0.1267605633802817	40	40	40	50	bd-rhap-rep2-X/regulons_40_TF.tsv vs 10x-rep1-kallisto-cellbender-X/regulons_40_TF.tsv	bd-rhap-rep2-X/regulons_40_TF.tsv	10x-rep1-kallisto-cellbender-X/regulons_40_TF.tsv
2736	b_cells	ETS1	0.07936507936507936	40	28	40	50	bd-rhap-rep2-X/regulons_40_TF.tsv vs 10x-rep1-kallisto-cellbender-X/regulons_40_TF.tsv	bd-rhap-rep2-X/regulons_40_TF.tsv	10x-rep1-kallisto-cellbender-X/regulons_40_TF.tsv
2737	pDC	SOX4	0.2903225806451613	40	40	40	50	bd-rhap-rep2-X/regulons_40_TF.tsv vs 10x-rep1-kallisto-cellbender-X/regulons_40_TF.tsv	bd-rhap-rep2-X/regulons_40_TF.tsv	10x-rep1-kallisto-cellbender-X/regulons_40_TF.tsv
2738	cd14+_monocytes	BTG2	0.1267605633802817	40	40	40	50	bd-rhap-rep2-X/regulons_40_TF.tsv vs 10x-rep1-kallisto-cellbender-X/regulons_40_TF.tsv	bd-rhap-rep2-X/regulons_40_TF.tsv	10x-rep1-kallisto-cellbender-X/regulons_40_TF.tsv
2739	b_cells	TCF4	0.19402985074626866	40	40	40	50	bd-rhap-rep2-X/regulons_40_TF.tsv vs 10x-rep1-kallisto-cellbender-X/regulons_40_TF.tsv	bd-rhap-rep2-X/regulons_40_TF.tsv	10x-rep1-kallisto-cellbender-X/regulons_40_TF.tsv
2740	cd14-_monocytes	ZEB2	0.1111111111111111	40	40	40	50	bd-rhap-rep2-X/regulons_40_TF.tsv vs 10x-rep1-kallisto-cellbender-X/regulons_40_TF.tsv	bd-rhap-rep2-X/regulons_40_TF.tsv	10x-rep1-kallisto-cellbender-X/regulons_40_TF.tsv
2741	cd14-_monocytes	BTG2	0.28205128205128205	50	50	50	50	bd-rhap-rep1-X/regulons_50_TF.tsv vs bd-rhap-rep2-X/regulons_50_TF.tsv	bd-rhap-rep1-X/regulons_50_TF.tsv	bd-rhap-rep2-X/regulons_50_TF.tsv
2742	cd8+_tcells	HOPX	0.3698630136986301	50	50	50	50	bd-rhap-rep1-X/regulons_50_TF.tsv vs bd-rhap-rep2-X/regulons_50_TF.tsv	bd-rhap-rep1-X/regulons_50_TF.tsv	bd-rhap-rep2-X/regulons_50_TF.tsv
2743	cd8+_tcells	IKZF3	0.639344262295082	50	50	50	50	bd-rhap-rep1-X/regulons_50_TF.tsv vs bd-rhap-rep2-X/regulons_50_TF.tsv	bd-rhap-rep1-X/regulons_50_TF.tsv	bd-rhap-rep2-X/regulons_50_TF.tsv
2744	nk_cells	RUNX1	0.4084507042253521	50	50	50	50	bd-rhap-rep1-X/regulons_50_TF.tsv vs bd-rhap-rep2-X/regulons_50_TF.tsv	bd-rhap-rep1-X/regulons_50_TF.tsv	bd-rhap-rep2-X/regulons_50_TF.tsv
2745	pDC	FOXP1	0.4492753623188406	50	50	50	50	bd-rhap-rep1-X/regulons_50_TF.tsv vs bd-rhap-rep2-X/regulons_50_TF.tsv	bd-rhap-rep1-X/regulons_50_TF.tsv	bd-rhap-rep2-X/regulons_50_TF.tsv
2746	nk_cells	TBX21	0.28205128205128205	50	50	50	50	bd-rhap-rep1-X/regulons_50_TF.tsv vs bd-rhap-rep2-X/regulons_50_TF.tsv	bd-rhap-rep1-X/regulons_50_TF.tsv	bd-rhap-rep2-X/regulons_50_TF.tsv
2747	nk_cells	STAT4	0.2987012987012987	50	50	50	50	bd-rhap-rep1-X/regulons_50_TF.tsv vs bd-rhap-rep2-X/regulons_50_TF.tsv	bd-rhap-rep1-X/regulons_50_TF.tsv	bd-rhap-rep2-X/regulons_50_TF.tsv
2748	cd8+_tcells	ID2	0.3698630136986301	50	50	50	50	bd-rhap-rep1-X/regulons_50_TF.tsv vs bd-rhap-rep2-X/regulons_50_TF.tsv	bd-rhap-rep1-X/regulons_50_TF.tsv	bd-rhap-rep2-X/regulons_50_TF.tsv
2749	cd4+_tcells	ARID5B	0.3698630136986301	50	50	50	50	bd-rhap-rep1-X/regulons_50_TF.tsv vs bd-rhap-rep2-X/regulons_50_TF.tsv	bd-rhap-rep1-X/regulons_50_TF.tsv	bd-rhap-rep2-X/regulons_50_TF.tsv
2750	nk_cells	KAT6B	0.47058823529411764	50	50	50	50	bd-rhap-rep1-X/regulons_50_TF.tsv vs bd-rhap-rep2-X/regulons_50_TF.tsv	bd-rhap-rep1-X/regulons_50_TF.tsv	bd-rhap-rep2-X/regulons_50_TF.tsv
2751	DC	KAT6B	0.25	50	50	50	50	bd-rhap-rep1-X/regulons_50_TF.tsv vs bd-rhap-rep2-X/regulons_50_TF.tsv	bd-rhap-rep1-X/regulons_50_TF.tsv	bd-rhap-rep2-X/regulons_50_TF.tsv
2752	b_cells	BACH2	0.4084507042253521	50	50	50	50	bd-rhap-rep1-X/regulons_50_TF.tsv vs bd-rhap-rep2-X/regulons_50_TF.tsv	bd-rhap-rep1-X/regulons_50_TF.tsv	bd-rhap-rep2-X/regulons_50_TF.tsv
2753	pDC	IRF8	0.639344262295082	50	50	50	50	bd-rhap-rep1-X/regulons_50_TF.tsv vs bd-rhap-rep2-X/regulons_50_TF.tsv	bd-rhap-rep1-X/regulons_50_TF.tsv	bd-rhap-rep2-X/regulons_50_TF.tsv
2754	nk_cells	NFATC2	0.5873015873015873	50	50	50	50	bd-rhap-rep1-X/regulons_50_TF.tsv vs bd-rhap-rep2-X/regulons_50_TF.tsv	bd-rhap-rep1-X/regulons_50_TF.tsv	bd-rhap-rep2-X/regulons_50_TF.tsv
2755	cd14-_monocytes	HDAC9	0.25	50	50	50	50	bd-rhap-rep1-X/regulons_50_TF.tsv vs bd-rhap-rep2-X/regulons_50_TF.tsv	bd-rhap-rep1-X/regulons_50_TF.tsv	bd-rhap-rep2-X/regulons_50_TF.tsv
2756	b_cells	ZBTB20	0.5151515151515151	50	50	50	50	bd-rhap-rep1-X/regulons_50_TF.tsv vs bd-rhap-rep2-X/regulons_50_TF.tsv	bd-rhap-rep1-X/regulons_50_TF.tsv	bd-rhap-rep2-X/regulons_50_TF.tsv
2757	cd4+_tcells	RUNX1	0.26582278481012656	50	50	50	50	bd-rhap-rep1-X/regulons_50_TF.tsv vs bd-rhap-rep2-X/regulons_50_TF.tsv	bd-rhap-rep1-X/regulons_50_TF.tsv	bd-rhap-rep2-X/regulons_50_TF.tsv
2758	cd8+_tcells	MAF	0.3333333333333333	50	50	50	50	bd-rhap-rep1-X/regulons_50_TF.tsv vs bd-rhap-rep2-X/regulons_50_TF.tsv	bd-rhap-rep1-X/regulons_50_TF.tsv	bd-rhap-rep2-X/regulons_50_TF.tsv
2759	DC	HIVEP2	0.35135135135135137	50	50	50	50	bd-rhap-rep1-X/regulons_50_TF.tsv vs bd-rhap-rep2-X/regulons_50_TF.tsv	bd-rhap-rep1-X/regulons_50_TF.tsv	bd-rhap-rep2-X/regulons_50_TF.tsv
2760	cd14-_monocytes	SOX4	0.3333333333333333	50	50	50	50	bd-rhap-rep1-X/regulons_50_TF.tsv vs bd-rhap-rep2-X/regulons_50_TF.tsv	bd-rhap-rep1-X/regulons_50_TF.tsv	bd-rhap-rep2-X/regulons_50_TF.tsv
2761	cd4+_tcells	KLF12	0.6666666666666666	50	50	50	50	bd-rhap-rep1-X/regulons_50_TF.tsv vs bd-rhap-rep2-X/regulons_50_TF.tsv	bd-rhap-rep1-X/regulons_50_TF.tsv	bd-rhap-rep2-X/regulons_50_TF.tsv
2762	cd14+_monocytes	FOXP1	0.4925373134328358	50	50	50	50	bd-rhap-rep1-X/regulons_50_TF.tsv vs bd-rhap-rep2-X/regulons_50_TF.tsv	bd-rhap-rep1-X/regulons_50_TF.tsv	bd-rhap-rep2-X/regulons_50_TF.tsv
2763	cd4+_tcells	FOXO1	0.35135135135135137	50	50	50	50	bd-rhap-rep1-X/regulons_50_TF.tsv vs bd-rhap-rep2-X/regulons_50_TF.tsv	bd-rhap-rep1-X/regulons_50_TF.tsv	bd-rhap-rep2-X/regulons_50_TF.tsv
2764	cd4+_tcells	ETS1	0.7241379310344828	50	50	50	50	bd-rhap-rep1-X/regulons_50_TF.tsv vs bd-rhap-rep2-X/regulons_50_TF.tsv	bd-rhap-rep1-X/regulons_50_TF.tsv	bd-rhap-rep2-X/regulons_50_TF.tsv
2765	cd8+_tcells	KLF12	0.6129032258064516	50	50	50	50	bd-rhap-rep1-X/regulons_50_TF.tsv vs bd-rhap-rep2-X/regulons_50_TF.tsv	bd-rhap-rep1-X/regulons_50_TF.tsv	bd-rhap-rep2-X/regulons_50_TF.tsv
2766	cd14-_monocytes	FOSB	0.4492753623188406	50	50	50	50	bd-rhap-rep1-X/regulons_50_TF.tsv vs bd-rhap-rep2-X/regulons_50_TF.tsv	bd-rhap-rep1-X/regulons_50_TF.tsv	bd-rhap-rep2-X/regulons_50_TF.tsv
2767	b_cells	IRF8	0.5384615384615384	50	50	50	50	bd-rhap-rep1-X/regulons_50_TF.tsv vs bd-rhap-rep2-X/regulons_50_TF.tsv	bd-rhap-rep1-X/regulons_50_TF.tsv	bd-rhap-rep2-X/regulons_50_TF.tsv
2768	cd8+_tcells	ETS1	0.639344262295082	50	50	50	50	bd-rhap-rep1-X/regulons_50_TF.tsv vs bd-rhap-rep2-X/regulons_50_TF.tsv	bd-rhap-rep1-X/regulons_50_TF.tsv	bd-rhap-rep2-X/regulons_50_TF.tsv
2769	cd4+_tcells	MAX	0.42857142857142855	50	50	50	50	bd-rhap-rep1-X/regulons_50_TF.tsv vs bd-rhap-rep2-X/regulons_50_TF.tsv	bd-rhap-rep1-X/regulons_50_TF.tsv	bd-rhap-rep2-X/regulons_50_TF.tsv
2770	cd4+_tcells	TCF7	0.5873015873015873	50	50	50	50	bd-rhap-rep1-X/regulons_50_TF.tsv vs bd-rhap-rep2-X/regulons_50_TF.tsv	bd-rhap-rep1-X/regulons_50_TF.tsv	bd-rhap-rep2-X/regulons_50_TF.tsv
2771	pDC	RUNX1	0.3888888888888889	50	50	50	50	bd-rhap-rep1-X/regulons_50_TF.tsv vs bd-rhap-rep2-X/regulons_50_TF.tsv	bd-rhap-rep1-X/regulons_50_TF.tsv	bd-rhap-rep2-X/regulons_50_TF.tsv
2772	pDC	DACH1	0.4084507042253521	50	50	50	50	bd-rhap-rep1-X/regulons_50_TF.tsv vs bd-rhap-rep2-X/regulons_50_TF.tsv	bd-rhap-rep1-X/regulons_50_TF.tsv	bd-rhap-rep2-X/regulons_50_TF.tsv
2773	cd14+_monocytes	NFAT5	0.4925373134328358	50	50	50	50	bd-rhap-rep1-X/regulons_50_TF.tsv vs bd-rhap-rep2-X/regulons_50_TF.tsv	bd-rhap-rep1-X/regulons_50_TF.tsv	bd-rhap-rep2-X/regulons_50_TF.tsv
2774	b_cells	ARID5B	0.47058823529411764	50	50	50	50	bd-rhap-rep1-X/regulons_50_TF.tsv vs bd-rhap-rep2-X/regulons_50_TF.tsv	bd-rhap-rep1-X/regulons_50_TF.tsv	bd-rhap-rep2-X/regulons_50_TF.tsv
2775	DC	ZBTB20	0.4925373134328358	50	50	50	50	bd-rhap-rep1-X/regulons_50_TF.tsv vs bd-rhap-rep2-X/regulons_50_TF.tsv	bd-rhap-rep1-X/regulons_50_TF.tsv	bd-rhap-rep2-X/regulons_50_TF.tsv
2776	cd8+_tcells	MYBL1	0.47058823529411764	50	50	50	50	bd-rhap-rep1-X/regulons_50_TF.tsv vs bd-rhap-rep2-X/regulons_50_TF.tsv	bd-rhap-rep1-X/regulons_50_TF.tsv	bd-rhap-rep2-X/regulons_50_TF.tsv
2777	b_cells	HIPK2	0.03278688524590164	50	13	50	50	bd-rhap-rep1-X/regulons_50_TF.tsv vs bd-rhap-rep2-X/regulons_50_TF.tsv	bd-rhap-rep1-X/regulons_50_TF.tsv	bd-rhap-rep2-X/regulons_50_TF.tsv
2778	cd14+_monocytes	IRF8	0.3157894736842105	50	50	50	50	bd-rhap-rep1-X/regulons_50_TF.tsv vs bd-rhap-rep2-X/regulons_50_TF.tsv	bd-rhap-rep1-X/regulons_50_TF.tsv	bd-rhap-rep2-X/regulons_50_TF.tsv
2779	nk_cells	NFAT5	0.3888888888888889	50	50	50	50	bd-rhap-rep1-X/regulons_50_TF.tsv vs bd-rhap-rep2-X/regulons_50_TF.tsv	bd-rhap-rep1-X/regulons_50_TF.tsv	bd-rhap-rep2-X/regulons_50_TF.tsv
2780	pDC	MAX	0.21951219512195122	50	50	50	50	bd-rhap-rep1-X/regulons_50_TF.tsv vs bd-rhap-rep2-X/regulons_50_TF.tsv	bd-rhap-rep1-X/regulons_50_TF.tsv	bd-rhap-rep2-X/regulons_50_TF.tsv
2781	DC	NFAT5	0.21951219512195122	50	50	50	50	bd-rhap-rep1-X/regulons_50_TF.tsv vs bd-rhap-rep2-X/regulons_50_TF.tsv	bd-rhap-rep1-X/regulons_50_TF.tsv	bd-rhap-rep2-X/regulons_50_TF.tsv
2782	DC	NR4A1	0.47058823529411764	50	50	50	50	bd-rhap-rep1-X/regulons_50_TF.tsv vs bd-rhap-rep2-X/regulons_50_TF.tsv	bd-rhap-rep1-X/regulons_50_TF.tsv	bd-rhap-rep2-X/regulons_50_TF.tsv
2783	cd14-_monocytes	TCF7L2	0.47058823529411764	50	50	50	50	bd-rhap-rep1-X/regulons_50_TF.tsv vs bd-rhap-rep2-X/regulons_50_TF.tsv	bd-rhap-rep1-X/regulons_50_TF.tsv	bd-rhap-rep2-X/regulons_50_TF.tsv
2784	DC	IRF8	0.5151515151515151	50	50	50	50	bd-rhap-rep1-X/regulons_50_TF.tsv vs bd-rhap-rep2-X/regulons_50_TF.tsv	bd-rhap-rep1-X/regulons_50_TF.tsv	bd-rhap-rep2-X/regulons_50_TF.tsv
2785	cd4+_tcells	TRERF1	0.3888888888888889	50	50	50	50	bd-rhap-rep1-X/regulons_50_TF.tsv vs bd-rhap-rep2-X/regulons_50_TF.tsv	bd-rhap-rep1-X/regulons_50_TF.tsv	bd-rhap-rep2-X/regulons_50_TF.tsv
2786	b_cells	ETS1	0.5151515151515151	50	50	50	50	bd-rhap-rep1-X/regulons_50_TF.tsv vs bd-rhap-rep2-X/regulons_50_TF.tsv	bd-rhap-rep1-X/regulons_50_TF.tsv	bd-rhap-rep2-X/regulons_50_TF.tsv
2787	nk_cells	HIPK2	0.47058823529411764	50	50	50	50	bd-rhap-rep1-X/regulons_50_TF.tsv vs bd-rhap-rep2-X/regulons_50_TF.tsv	bd-rhap-rep1-X/regulons_50_TF.tsv	bd-rhap-rep2-X/regulons_50_TF.tsv
2788	cd14-_monocytes	NFATC3	0.4925373134328358	50	50	50	50	bd-rhap-rep1-X/regulons_50_TF.tsv vs bd-rhap-rep2-X/regulons_50_TF.tsv	bd-rhap-rep1-X/regulons_50_TF.tsv	bd-rhap-rep2-X/regulons_50_TF.tsv
2789	cd14-_monocytes	ZEB2	0.4084507042253521	50	50	50	50	bd-rhap-rep1-X/regulons_50_TF.tsv vs bd-rhap-rep2-X/regulons_50_TF.tsv	bd-rhap-rep1-X/regulons_50_TF.tsv	bd-rhap-rep2-X/regulons_50_TF.tsv
2790	DC	HIPK2	0.21951219512195122	50	50	50	50	bd-rhap-rep1-X/regulons_50_TF.tsv vs bd-rhap-rep2-X/regulons_50_TF.tsv	bd-rhap-rep1-X/regulons_50_TF.tsv	bd-rhap-rep2-X/regulons_50_TF.tsv
2791	cd14+_monocytes	RUNX1	0.4492753623188406	50	50	50	50	bd-rhap-rep1-X/regulons_50_TF.tsv vs bd-rhap-rep2-X/regulons_50_TF.tsv	bd-rhap-rep1-X/regulons_50_TF.tsv	bd-rhap-rep2-X/regulons_50_TF.tsv
2792	b_cells	MAX	0.25	50	50	50	50	bd-rhap-rep1-X/regulons_50_TF.tsv vs bd-rhap-rep2-X/regulons_50_TF.tsv	bd-rhap-rep1-X/regulons_50_TF.tsv	bd-rhap-rep2-X/regulons_50_TF.tsv
2793	cd4+_tcells	GATA3	0.4084507042253521	50	50	50	50	bd-rhap-rep1-X/regulons_50_TF.tsv vs bd-rhap-rep2-X/regulons_50_TF.tsv	bd-rhap-rep1-X/regulons_50_TF.tsv	bd-rhap-rep2-X/regulons_50_TF.tsv
2794	cd4+_tcells	TCF12	0.08333333333333333	50	15	50	50	bd-rhap-rep1-X/regulons_50_TF.tsv vs bd-rhap-rep2-X/regulons_50_TF.tsv	bd-rhap-rep1-X/regulons_50_TF.tsv	bd-rhap-rep2-X/regulons_50_TF.tsv
2795	cd4+_tcells	IKZF3	0.5625	50	50	50	50	bd-rhap-rep1-X/regulons_50_TF.tsv vs bd-rhap-rep2-X/regulons_50_TF.tsv	bd-rhap-rep1-X/regulons_50_TF.tsv	bd-rhap-rep2-X/regulons_50_TF.tsv
2796	pDC	TRERF1	0.3333333333333333	50	50	50	50	bd-rhap-rep1-X/regulons_50_TF.tsv vs bd-rhap-rep2-X/regulons_50_TF.tsv	bd-rhap-rep1-X/regulons_50_TF.tsv	bd-rhap-rep2-X/regulons_50_TF.tsv
2797	DC	RUNX1	0.3888888888888889	50	50	50	50	bd-rhap-rep1-X/regulons_50_TF.tsv vs bd-rhap-rep2-X/regulons_50_TF.tsv	bd-rhap-rep1-X/regulons_50_TF.tsv	bd-rhap-rep2-X/regulons_50_TF.tsv
2798	cd14+_monocytes	MAX	0.25	50	50	50	50	bd-rhap-rep1-X/regulons_50_TF.tsv vs bd-rhap-rep2-X/regulons_50_TF.tsv	bd-rhap-rep1-X/regulons_50_TF.tsv	bd-rhap-rep2-X/regulons_50_TF.tsv
2799	pDC	ZBTB20	0.25	50	50	50	50	bd-rhap-rep1-X/regulons_50_TF.tsv vs bd-rhap-rep2-X/regulons_50_TF.tsv	bd-rhap-rep1-X/regulons_50_TF.tsv	bd-rhap-rep2-X/regulons_50_TF.tsv
2800	nk_cells	KLF12	0.6949152542372882	50	50	50	50	bd-rhap-rep1-X/regulons_50_TF.tsv vs bd-rhap-rep2-X/regulons_50_TF.tsv	bd-rhap-rep1-X/regulons_50_TF.tsv	bd-rhap-rep2-X/regulons_50_TF.tsv
2801	pDC	SETBP1	0.26582278481012656	50	50	50	50	bd-rhap-rep1-X/regulons_50_TF.tsv vs bd-rhap-rep2-X/regulons_50_TF.tsv	bd-rhap-rep1-X/regulons_50_TF.tsv	bd-rhap-rep2-X/regulons_50_TF.tsv
2802	cd4+_tcells	ID2	0.2987012987012987	50	50	50	50	bd-rhap-rep1-X/regulons_50_TF.tsv vs bd-rhap-rep2-X/regulons_50_TF.tsv	bd-rhap-rep1-X/regulons_50_TF.tsv	bd-rhap-rep2-X/regulons_50_TF.tsv
2803	nk_cells	ETS1	0.6666666666666666	50	50	50	50	bd-rhap-rep1-X/regulons_50_TF.tsv vs bd-rhap-rep2-X/regulons_50_TF.tsv	bd-rhap-rep1-X/regulons_50_TF.tsv	bd-rhap-rep2-X/regulons_50_TF.tsv
2804	pDC	IRF7	0.42857142857142855	50	50	50	50	bd-rhap-rep1-X/regulons_50_TF.tsv vs bd-rhap-rep2-X/regulons_50_TF.tsv	bd-rhap-rep1-X/regulons_50_TF.tsv	bd-rhap-rep2-X/regulons_50_TF.tsv
2805	pDC	NFAT5	0.19047619047619047	50	50	50	50	bd-rhap-rep1-X/regulons_50_TF.tsv vs bd-rhap-rep2-X/regulons_50_TF.tsv	bd-rhap-rep1-X/regulons_50_TF.tsv	bd-rhap-rep2-X/regulons_50_TF.tsv
2806	nk_cells	MAX	0.13636363636363635	50	50	50	50	bd-rhap-rep1-X/regulons_50_TF.tsv vs bd-rhap-rep2-X/regulons_50_TF.tsv	bd-rhap-rep1-X/regulons_50_TF.tsv	bd-rhap-rep2-X/regulons_50_TF.tsv
2807	cd8+_tcells	ZEB2	0.4084507042253521	50	50	50	50	bd-rhap-rep1-X/regulons_50_TF.tsv vs bd-rhap-rep2-X/regulons_50_TF.tsv	bd-rhap-rep1-X/regulons_50_TF.tsv	bd-rhap-rep2-X/regulons_50_TF.tsv
2808	nk_cells	TFDP2	0.4084507042253521	50	50	50	50	bd-rhap-rep1-X/regulons_50_TF.tsv vs bd-rhap-rep2-X/regulons_50_TF.tsv	bd-rhap-rep1-X/regulons_50_TF.tsv	bd-rhap-rep2-X/regulons_50_TF.tsv
2809	DC	MAX	0.13636363636363635	50	50	50	50	bd-rhap-rep1-X/regulons_50_TF.tsv vs bd-rhap-rep2-X/regulons_50_TF.tsv	bd-rhap-rep1-X/regulons_50_TF.tsv	bd-rhap-rep2-X/regulons_50_TF.tsv
2810	cd14+_monocytes	TRPS1	0.4925373134328358	50	50	50	50	bd-rhap-rep1-X/regulons_50_TF.tsv vs bd-rhap-rep2-X/regulons_50_TF.tsv	bd-rhap-rep1-X/regulons_50_TF.tsv	bd-rhap-rep2-X/regulons_50_TF.tsv
2811	cd4+_tcells	BTG2	0.3888888888888889	50	50	50	50	bd-rhap-rep1-X/regulons_50_TF.tsv vs bd-rhap-rep2-X/regulons_50_TF.tsv	bd-rhap-rep1-X/regulons_50_TF.tsv	bd-rhap-rep2-X/regulons_50_TF.tsv
2812	cd8+_tcells	BTG2	0.2987012987012987	50	50	50	50	bd-rhap-rep1-X/regulons_50_TF.tsv vs bd-rhap-rep2-X/regulons_50_TF.tsv	bd-rhap-rep1-X/regulons_50_TF.tsv	bd-rhap-rep2-X/regulons_50_TF.tsv
2813	DC	NFATC2	0.26582278481012656	50	50	50	50	bd-rhap-rep1-X/regulons_50_TF.tsv vs bd-rhap-rep2-X/regulons_50_TF.tsv	bd-rhap-rep1-X/regulons_50_TF.tsv	bd-rhap-rep2-X/regulons_50_TF.tsv
2814	cd4+_tcells	MAF	0.3333333333333333	50	50	50	50	bd-rhap-rep1-X/regulons_50_TF.tsv vs bd-rhap-rep2-X/regulons_50_TF.tsv	bd-rhap-rep1-X/regulons_50_TF.tsv	bd-rhap-rep2-X/regulons_50_TF.tsv
2815	b_cells	SETBP1	0.3698630136986301	50	50	50	50	bd-rhap-rep1-X/regulons_50_TF.tsv vs bd-rhap-rep2-X/regulons_50_TF.tsv	bd-rhap-rep1-X/regulons_50_TF.tsv	bd-rhap-rep2-X/regulons_50_TF.tsv
2816	DC	TRPS1	0.4925373134328358	50	50	50	50	bd-rhap-rep1-X/regulons_50_TF.tsv vs bd-rhap-rep2-X/regulons_50_TF.tsv	bd-rhap-rep1-X/regulons_50_TF.tsv	bd-rhap-rep2-X/regulons_50_TF.tsv
2817	b_cells	IKZF3	0.5625	50	50	50	50	bd-rhap-rep1-X/regulons_50_TF.tsv vs bd-rhap-rep2-X/regulons_50_TF.tsv	bd-rhap-rep1-X/regulons_50_TF.tsv	bd-rhap-rep2-X/regulons_50_TF.tsv
2818	cd8+_tcells	PRDM1	0.3698630136986301	50	50	50	50	bd-rhap-rep1-X/regulons_50_TF.tsv vs bd-rhap-rep2-X/regulons_50_TF.tsv	bd-rhap-rep1-X/regulons_50_TF.tsv	bd-rhap-rep2-X/regulons_50_TF.tsv
2819	cd14-_monocytes	FOXP1	0.5151515151515151	50	50	50	50	bd-rhap-rep1-X/regulons_50_TF.tsv vs bd-rhap-rep2-X/regulons_50_TF.tsv	bd-rhap-rep1-X/regulons_50_TF.tsv	bd-rhap-rep2-X/regulons_50_TF.tsv
2820	cd14+_monocytes	ZBTB20	0.4084507042253521	50	50	50	50	bd-rhap-rep1-X/regulons_50_TF.tsv vs bd-rhap-rep2-X/regulons_50_TF.tsv	bd-rhap-rep1-X/regulons_50_TF.tsv	bd-rhap-rep2-X/regulons_50_TF.tsv
2821	cd8+_tcells	EOMES	0.5873015873015873	50	50	50	50	bd-rhap-rep1-X/regulons_50_TF.tsv vs bd-rhap-rep2-X/regulons_50_TF.tsv	bd-rhap-rep1-X/regulons_50_TF.tsv	bd-rhap-rep2-X/regulons_50_TF.tsv
2822	DC	TRERF1	0.26582278481012656	50	50	50	50	bd-rhap-rep1-X/regulons_50_TF.tsv vs bd-rhap-rep2-X/regulons_50_TF.tsv	bd-rhap-rep1-X/regulons_50_TF.tsv	bd-rhap-rep2-X/regulons_50_TF.tsv
2823	cd14+_monocytes	IRF7	0.3157894736842105	50	50	50	50	bd-rhap-rep1-X/regulons_50_TF.tsv vs bd-rhap-rep2-X/regulons_50_TF.tsv	bd-rhap-rep1-X/regulons_50_TF.tsv	bd-rhap-rep2-X/regulons_50_TF.tsv
2824	cd14-_monocytes	NFAT5	0.3333333333333333	50	50	50	50	bd-rhap-rep1-X/regulons_50_TF.tsv vs bd-rhap-rep2-X/regulons_50_TF.tsv	bd-rhap-rep1-X/regulons_50_TF.tsv	bd-rhap-rep2-X/regulons_50_TF.tsv
2825	cd14+_monocytes	NR4A1	0.4925373134328358	50	50	50	50	bd-rhap-rep1-X/regulons_50_TF.tsv vs bd-rhap-rep2-X/regulons_50_TF.tsv	bd-rhap-rep1-X/regulons_50_TF.tsv	bd-rhap-rep2-X/regulons_50_TF.tsv
2826	cd14-_monocytes	HES1	0.3698630136986301	50	50	50	50	bd-rhap-rep1-X/regulons_50_TF.tsv vs bd-rhap-rep2-X/regulons_50_TF.tsv	bd-rhap-rep1-X/regulons_50_TF.tsv	bd-rhap-rep2-X/regulons_50_TF.tsv
2827	nk_cells	HOPX	0.21951219512195122	50	50	50	50	bd-rhap-rep1-X/regulons_50_TF.tsv vs bd-rhap-rep2-X/regulons_50_TF.tsv	bd-rhap-rep1-X/regulons_50_TF.tsv	bd-rhap-rep2-X/regulons_50_TF.tsv
2828	nk_cells	IKZF3	0.5384615384615384	50	50	50	50	bd-rhap-rep1-X/regulons_50_TF.tsv vs bd-rhap-rep2-X/regulons_50_TF.tsv	bd-rhap-rep1-X/regulons_50_TF.tsv	bd-rhap-rep2-X/regulons_50_TF.tsv
2829	DC	TCF12	0.3157894736842105	50	50	50	50	bd-rhap-rep1-X/regulons_50_TF.tsv vs bd-rhap-rep2-X/regulons_50_TF.tsv	bd-rhap-rep1-X/regulons_50_TF.tsv	bd-rhap-rep2-X/regulons_50_TF.tsv
2830	pDC	ETS1	0.3698630136986301	50	50	50	50	bd-rhap-rep1-X/regulons_50_TF.tsv vs bd-rhap-rep2-X/regulons_50_TF.tsv	bd-rhap-rep1-X/regulons_50_TF.tsv	bd-rhap-rep2-X/regulons_50_TF.tsv
2831	cd14+_monocytes	EGR1	0.3888888888888889	50	50	50	50	bd-rhap-rep1-X/regulons_50_TF.tsv vs bd-rhap-rep2-X/regulons_50_TF.tsv	bd-rhap-rep1-X/regulons_50_TF.tsv	bd-rhap-rep2-X/regulons_50_TF.tsv
2832	cd14-_monocytes	IRF8	0.25	50	50	50	50	bd-rhap-rep1-X/regulons_50_TF.tsv vs bd-rhap-rep2-X/regulons_50_TF.tsv	bd-rhap-rep1-X/regulons_50_TF.tsv	bd-rhap-rep2-X/regulons_50_TF.tsv
2833	cd14+_monocytes	ID2	0.4084507042253521	50	50	50	50	bd-rhap-rep1-X/regulons_50_TF.tsv vs bd-rhap-rep2-X/regulons_50_TF.tsv	bd-rhap-rep1-X/regulons_50_TF.tsv	bd-rhap-rep2-X/regulons_50_TF.tsv
2834	DC	IRF7	0.3157894736842105	50	50	50	50	bd-rhap-rep1-X/regulons_50_TF.tsv vs bd-rhap-rep2-X/regulons_50_TF.tsv	bd-rhap-rep1-X/regulons_50_TF.tsv	bd-rhap-rep2-X/regulons_50_TF.tsv
2835	pDC	TFDP2	0.21951219512195122	50	50	50	50	bd-rhap-rep1-X/regulons_50_TF.tsv vs bd-rhap-rep2-X/regulons_50_TF.tsv	bd-rhap-rep1-X/regulons_50_TF.tsv	bd-rhap-rep2-X/regulons_50_TF.tsv
2836	cd4+_tcells	FOSB	0.42857142857142855	50	50	50	50	bd-rhap-rep1-X/regulons_50_TF.tsv vs bd-rhap-rep2-X/regulons_50_TF.tsv	bd-rhap-rep1-X/regulons_50_TF.tsv	bd-rhap-rep2-X/regulons_50_TF.tsv
2837	cd8+_tcells	FOXP1	0.639344262295082	50	50	50	50	bd-rhap-rep1-X/regulons_50_TF.tsv vs bd-rhap-rep2-X/regulons_50_TF.tsv	bd-rhap-rep1-X/regulons_50_TF.tsv	bd-rhap-rep2-X/regulons_50_TF.tsv
2838	cd4+_tcells	LEF1	0.3888888888888889	50	50	50	50	bd-rhap-rep1-X/regulons_50_TF.tsv vs bd-rhap-rep2-X/regulons_50_TF.tsv	bd-rhap-rep1-X/regulons_50_TF.tsv	bd-rhap-rep2-X/regulons_50_TF.tsv
2839	cd8+_tcells	RORA	0.4925373134328358	50	50	50	50	bd-rhap-rep1-X/regulons_50_TF.tsv vs bd-rhap-rep2-X/regulons_50_TF.tsv	bd-rhap-rep1-X/regulons_50_TF.tsv	bd-rhap-rep2-X/regulons_50_TF.tsv
2840	cd8+_tcells	FOSB	0.4084507042253521	50	50	50	50	bd-rhap-rep1-X/regulons_50_TF.tsv vs bd-rhap-rep2-X/regulons_50_TF.tsv	bd-rhap-rep1-X/regulons_50_TF.tsv	bd-rhap-rep2-X/regulons_50_TF.tsv
2841	nk_cells	ID2	0.4084507042253521	50	50	50	50	bd-rhap-rep1-X/regulons_50_TF.tsv vs bd-rhap-rep2-X/regulons_50_TF.tsv	bd-rhap-rep1-X/regulons_50_TF.tsv	bd-rhap-rep2-X/regulons_50_TF.tsv
2842	cd14+_monocytes	HIPK2	0.28205128205128205	50	50	50	50	bd-rhap-rep1-X/regulons_50_TF.tsv vs bd-rhap-rep2-X/regulons_50_TF.tsv	bd-rhap-rep1-X/regulons_50_TF.tsv	bd-rhap-rep2-X/regulons_50_TF.tsv
2843	DC	ID2	0.4084507042253521	50	50	50	50	bd-rhap-rep1-X/regulons_50_TF.tsv vs bd-rhap-rep2-X/regulons_50_TF.tsv	bd-rhap-rep1-X/regulons_50_TF.tsv	bd-rhap-rep2-X/regulons_50_TF.tsv
2844	b_cells	KLF12	0.4925373134328358	50	50	50	50	bd-rhap-rep1-X/regulons_50_TF.tsv vs bd-rhap-rep2-X/regulons_50_TF.tsv	bd-rhap-rep1-X/regulons_50_TF.tsv	bd-rhap-rep2-X/regulons_50_TF.tsv
2845	b_cells	FOXO1	0.3157894736842105	50	50	50	50	bd-rhap-rep1-X/regulons_50_TF.tsv vs bd-rhap-rep2-X/regulons_50_TF.tsv	bd-rhap-rep1-X/regulons_50_TF.tsv	bd-rhap-rep2-X/regulons_50_TF.tsv
2846	nk_cells	BTG2	0.26582278481012656	50	50	50	50	bd-rhap-rep1-X/regulons_50_TF.tsv vs bd-rhap-rep2-X/regulons_50_TF.tsv	bd-rhap-rep1-X/regulons_50_TF.tsv	bd-rhap-rep2-X/regulons_50_TF.tsv
2847	cd4+_tcells	RUNX3	0.3888888888888889	50	50	50	50	bd-rhap-rep1-X/regulons_50_TF.tsv vs bd-rhap-rep2-X/regulons_50_TF.tsv	bd-rhap-rep1-X/regulons_50_TF.tsv	bd-rhap-rep2-X/regulons_50_TF.tsv
2848	b_cells	HDAC9	0.47058823529411764	50	50	50	50	bd-rhap-rep1-X/regulons_50_TF.tsv vs bd-rhap-rep2-X/regulons_50_TF.tsv	bd-rhap-rep1-X/regulons_50_TF.tsv	bd-rhap-rep2-X/regulons_50_TF.tsv
2849	nk_cells	MAF	0.3333333333333333	50	50	50	50	bd-rhap-rep1-X/regulons_50_TF.tsv vs bd-rhap-rep2-X/regulons_50_TF.tsv	bd-rhap-rep1-X/regulons_50_TF.tsv	bd-rhap-rep2-X/regulons_50_TF.tsv
2850	nk_cells	PRDM1	0.26582278481012656	50	50	50	50	bd-rhap-rep1-X/regulons_50_TF.tsv vs bd-rhap-rep2-X/regulons_50_TF.tsv	bd-rhap-rep1-X/regulons_50_TF.tsv	bd-rhap-rep2-X/regulons_50_TF.tsv
2851	cd14-_monocytes	MAX	0.3157894736842105	50	50	50	50	bd-rhap-rep1-X/regulons_50_TF.tsv vs bd-rhap-rep2-X/regulons_50_TF.tsv	bd-rhap-rep1-X/regulons_50_TF.tsv	bd-rhap-rep2-X/regulons_50_TF.tsv
2852	cd4+_tcells	MAML2	0.47058823529411764	50	50	50	50	bd-rhap-rep1-X/regulons_50_TF.tsv vs bd-rhap-rep2-X/regulons_50_TF.tsv	bd-rhap-rep1-X/regulons_50_TF.tsv	bd-rhap-rep2-X/regulons_50_TF.tsv
2853	pDC	TCF12	0.3698630136986301	50	50	50	50	bd-rhap-rep1-X/regulons_50_TF.tsv vs bd-rhap-rep2-X/regulons_50_TF.tsv	bd-rhap-rep1-X/regulons_50_TF.tsv	bd-rhap-rep2-X/regulons_50_TF.tsv
2854	cd14+_monocytes	HDAC9	0.5151515151515151	50	50	50	50	bd-rhap-rep1-X/regulons_50_TF.tsv vs bd-rhap-rep2-X/regulons_50_TF.tsv	bd-rhap-rep1-X/regulons_50_TF.tsv	bd-rhap-rep2-X/regulons_50_TF.tsv
2855	cd4+_tcells	NFATC3	0.2345679012345679	50	50	50	50	bd-rhap-rep1-X/regulons_50_TF.tsv vs bd-rhap-rep2-X/regulons_50_TF.tsv	bd-rhap-rep1-X/regulons_50_TF.tsv	bd-rhap-rep2-X/regulons_50_TF.tsv
2856	nk_cells	EOMES	0.639344262295082	50	50	50	50	bd-rhap-rep1-X/regulons_50_TF.tsv vs bd-rhap-rep2-X/regulons_50_TF.tsv	bd-rhap-rep1-X/regulons_50_TF.tsv	bd-rhap-rep2-X/regulons_50_TF.tsv
2857	cd8+_tcells	NFATC3	0.3157894736842105	50	50	50	50	bd-rhap-rep1-X/regulons_50_TF.tsv vs bd-rhap-rep2-X/regulons_50_TF.tsv	bd-rhap-rep1-X/regulons_50_TF.tsv	bd-rhap-rep2-X/regulons_50_TF.tsv
2858	DC	HDAC9	0.639344262295082	50	50	50	50	bd-rhap-rep1-X/regulons_50_TF.tsv vs bd-rhap-rep2-X/regulons_50_TF.tsv	bd-rhap-rep1-X/regulons_50_TF.tsv	bd-rhap-rep2-X/regulons_50_TF.tsv
2859	cd4+_tcells	BCL11B	0.4084507042253521	50	50	50	50	bd-rhap-rep1-X/regulons_50_TF.tsv vs bd-rhap-rep2-X/regulons_50_TF.tsv	bd-rhap-rep1-X/regulons_50_TF.tsv	bd-rhap-rep2-X/regulons_50_TF.tsv
2860	nk_cells	MYBL1	0.3698630136986301	50	50	50	50	bd-rhap-rep1-X/regulons_50_TF.tsv vs bd-rhap-rep2-X/regulons_50_TF.tsv	bd-rhap-rep1-X/regulons_50_TF.tsv	bd-rhap-rep2-X/regulons_50_TF.tsv
2861	cd8+_tcells	BCL11B	0.3888888888888889	50	50	50	50	bd-rhap-rep1-X/regulons_50_TF.tsv vs bd-rhap-rep2-X/regulons_50_TF.tsv	bd-rhap-rep1-X/regulons_50_TF.tsv	bd-rhap-rep2-X/regulons_50_TF.tsv
2862	b_cells	RUNX3	0.4492753623188406	50	50	50	50	bd-rhap-rep1-X/regulons_50_TF.tsv vs bd-rhap-rep2-X/regulons_50_TF.tsv	bd-rhap-rep1-X/regulons_50_TF.tsv	bd-rhap-rep2-X/regulons_50_TF.tsv
2863	DC	SOX4	0.3333333333333333	50	50	50	50	bd-rhap-rep1-X/regulons_50_TF.tsv vs bd-rhap-rep2-X/regulons_50_TF.tsv	bd-rhap-rep1-X/regulons_50_TF.tsv	bd-rhap-rep2-X/regulons_50_TF.tsv
2864	nk_cells	RORA	0.5384615384615384	50	50	50	50	bd-rhap-rep1-X/regulons_50_TF.tsv vs bd-rhap-rep2-X/regulons_50_TF.tsv	bd-rhap-rep1-X/regulons_50_TF.tsv	bd-rhap-rep2-X/regulons_50_TF.tsv
2865	pDC	BTG2	0.21951219512195122	50	50	50	50	bd-rhap-rep1-X/regulons_50_TF.tsv vs bd-rhap-rep2-X/regulons_50_TF.tsv	bd-rhap-rep1-X/regulons_50_TF.tsv	bd-rhap-rep2-X/regulons_50_TF.tsv
2866	cd14+_monocytes	RUNX3	0.5151515151515151	50	50	50	50	bd-rhap-rep1-X/regulons_50_TF.tsv vs bd-rhap-rep2-X/regulons_50_TF.tsv	bd-rhap-rep1-X/regulons_50_TF.tsv	bd-rhap-rep2-X/regulons_50_TF.tsv
2867	cd14-_monocytes	ZBTB20	0.47058823529411764	50	50	50	50	bd-rhap-rep1-X/regulons_50_TF.tsv vs bd-rhap-rep2-X/regulons_50_TF.tsv	bd-rhap-rep1-X/regulons_50_TF.tsv	bd-rhap-rep2-X/regulons_50_TF.tsv
2868	cd14+_monocytes	TCF12	0.4492753623188406	50	50	50	50	bd-rhap-rep1-X/regulons_50_TF.tsv vs bd-rhap-rep2-X/regulons_50_TF.tsv	bd-rhap-rep1-X/regulons_50_TF.tsv	bd-rhap-rep2-X/regulons_50_TF.tsv
2869	cd14-_monocytes	SETBP1	0.4925373134328358	50	50	50	50	bd-rhap-rep1-X/regulons_50_TF.tsv vs bd-rhap-rep2-X/regulons_50_TF.tsv	bd-rhap-rep1-X/regulons_50_TF.tsv	bd-rhap-rep2-X/regulons_50_TF.tsv
2870	b_cells	NFATC3	0.20481927710843373	50	50	50	50	bd-rhap-rep1-X/regulons_50_TF.tsv vs bd-rhap-rep2-X/regulons_50_TF.tsv	bd-rhap-rep1-X/regulons_50_TF.tsv	bd-rhap-rep2-X/regulons_50_TF.tsv
2871	b_cells	ZEB2	0.4084507042253521	50	50	50	50	bd-rhap-rep1-X/regulons_50_TF.tsv vs bd-rhap-rep2-X/regulons_50_TF.tsv	bd-rhap-rep1-X/regulons_50_TF.tsv	bd-rhap-rep2-X/regulons_50_TF.tsv
2872	cd14-_monocytes	IRF7	0.3888888888888889	50	50	50	50	bd-rhap-rep1-X/regulons_50_TF.tsv vs bd-rhap-rep2-X/regulons_50_TF.tsv	bd-rhap-rep1-X/regulons_50_TF.tsv	bd-rhap-rep2-X/regulons_50_TF.tsv
2873	cd14-_monocytes	NR4A1	0.4084507042253521	50	50	50	50	bd-rhap-rep1-X/regulons_50_TF.tsv vs bd-rhap-rep2-X/regulons_50_TF.tsv	bd-rhap-rep1-X/regulons_50_TF.tsv	bd-rhap-rep2-X/regulons_50_TF.tsv
2874	nk_cells	RUNX3	0.5625	50	50	50	50	bd-rhap-rep1-X/regulons_50_TF.tsv vs bd-rhap-rep2-X/regulons_50_TF.tsv	bd-rhap-rep1-X/regulons_50_TF.tsv	bd-rhap-rep2-X/regulons_50_TF.tsv
2875	DC	RUNX3	0.35135135135135137	50	50	50	50	bd-rhap-rep1-X/regulons_50_TF.tsv vs bd-rhap-rep2-X/regulons_50_TF.tsv	bd-rhap-rep1-X/regulons_50_TF.tsv	bd-rhap-rep2-X/regulons_50_TF.tsv
2876	pDC	TCF4	0.5625	50	50	50	50	bd-rhap-rep1-X/regulons_50_TF.tsv vs bd-rhap-rep2-X/regulons_50_TF.tsv	bd-rhap-rep1-X/regulons_50_TF.tsv	bd-rhap-rep2-X/regulons_50_TF.tsv
2877	b_cells	BTG2	0.2987012987012987	50	50	50	50	bd-rhap-rep1-X/regulons_50_TF.tsv vs bd-rhap-rep2-X/regulons_50_TF.tsv	bd-rhap-rep1-X/regulons_50_TF.tsv	bd-rhap-rep2-X/regulons_50_TF.tsv
2878	pDC	ZFAT	0.21951219512195122	50	50	50	50	bd-rhap-rep1-X/regulons_50_TF.tsv vs bd-rhap-rep2-X/regulons_50_TF.tsv	bd-rhap-rep1-X/regulons_50_TF.tsv	bd-rhap-rep2-X/regulons_50_TF.tsv
2879	b_cells	BCL11A	0.6666666666666666	50	50	50	50	bd-rhap-rep1-X/regulons_50_TF.tsv vs bd-rhap-rep2-X/regulons_50_TF.tsv	bd-rhap-rep1-X/regulons_50_TF.tsv	bd-rhap-rep2-X/regulons_50_TF.tsv
2880	cd14-_monocytes	ID2	0.35135135135135137	50	50	50	50	bd-rhap-rep1-X/regulons_50_TF.tsv vs bd-rhap-rep2-X/regulons_50_TF.tsv	bd-rhap-rep1-X/regulons_50_TF.tsv	bd-rhap-rep2-X/regulons_50_TF.tsv
2881	cd4+_tcells	FOXP1	0.6949152542372882	50	50	50	50	bd-rhap-rep1-X/regulons_50_TF.tsv vs bd-rhap-rep2-X/regulons_50_TF.tsv	bd-rhap-rep1-X/regulons_50_TF.tsv	bd-rhap-rep2-X/regulons_50_TF.tsv
2882	pDC	HDAC9	0.4925373134328358	50	50	50	50	bd-rhap-rep1-X/regulons_50_TF.tsv vs bd-rhap-rep2-X/regulons_50_TF.tsv	bd-rhap-rep1-X/regulons_50_TF.tsv	bd-rhap-rep2-X/regulons_50_TF.tsv
2883	cd4+_tcells	RORA	0.47058823529411764	50	50	50	50	bd-rhap-rep1-X/regulons_50_TF.tsv vs bd-rhap-rep2-X/regulons_50_TF.tsv	bd-rhap-rep1-X/regulons_50_TF.tsv	bd-rhap-rep2-X/regulons_50_TF.tsv
2884	pDC	SOX4	0.42857142857142855	50	50	50	50	bd-rhap-rep1-X/regulons_50_TF.tsv vs bd-rhap-rep2-X/regulons_50_TF.tsv	bd-rhap-rep1-X/regulons_50_TF.tsv	bd-rhap-rep2-X/regulons_50_TF.tsv
2885	cd14+_monocytes	BTG2	0.42857142857142855	50	50	50	50	bd-rhap-rep1-X/regulons_50_TF.tsv vs bd-rhap-rep2-X/regulons_50_TF.tsv	bd-rhap-rep1-X/regulons_50_TF.tsv	bd-rhap-rep2-X/regulons_50_TF.tsv
2886	b_cells	TCF4	0.5384615384615384	50	50	50	50	bd-rhap-rep1-X/regulons_50_TF.tsv vs bd-rhap-rep2-X/regulons_50_TF.tsv	bd-rhap-rep1-X/regulons_50_TF.tsv	bd-rhap-rep2-X/regulons_50_TF.tsv
2887	cd14-_monocytes	HIPK2	0.19047619047619047	50	50	50	50	bd-rhap-rep1-X/regulons_50_TF.tsv vs bd-rhap-rep2-X/regulons_50_TF.tsv	bd-rhap-rep1-X/regulons_50_TF.tsv	bd-rhap-rep2-X/regulons_50_TF.tsv
2888	nk_cells	NFATC3	0.42857142857142855	50	50	50	50	bd-rhap-rep1-X/regulons_50_TF.tsv vs bd-rhap-rep2-X/regulons_50_TF.tsv	bd-rhap-rep1-X/regulons_50_TF.tsv	bd-rhap-rep2-X/regulons_50_TF.tsv
2889	b_cells	SP140	0.5151515151515151	50	50	50	50	bd-rhap-rep1-X/regulons_50_TF.tsv vs bd-rhap-rep2-X/regulons_50_TF.tsv	bd-rhap-rep1-X/regulons_50_TF.tsv	bd-rhap-rep2-X/regulons_50_TF.tsv
2890	nk_cells	ZEB2	0.35135135135135137	50	50	50	50	bd-rhap-rep1-X/regulons_50_TF.tsv vs bd-rhap-rep2-X/regulons_50_TF.tsv	bd-rhap-rep1-X/regulons_50_TF.tsv	bd-rhap-rep2-X/regulons_50_TF.tsv
2891	DC	NFATC3	0.3157894736842105	50	50	50	50	bd-rhap-rep1-X/regulons_50_TF.tsv vs bd-rhap-rep2-X/regulons_50_TF.tsv	bd-rhap-rep1-X/regulons_50_TF.tsv	bd-rhap-rep2-X/regulons_50_TF.tsv
2892	DC	ZEB2	0.3888888888888889	50	50	50	50	bd-rhap-rep1-X/regulons_50_TF.tsv vs bd-rhap-rep2-X/regulons_50_TF.tsv	bd-rhap-rep1-X/regulons_50_TF.tsv	bd-rhap-rep2-X/regulons_50_TF.tsv
2893	nk_cells	IKZF2	0.4084507042253521	50	50	50	50	bd-rhap-rep1-X/regulons_50_TF.tsv vs bd-rhap-rep2-X/regulons_50_TF.tsv	bd-rhap-rep1-X/regulons_50_TF.tsv	bd-rhap-rep2-X/regulons_50_TF.tsv
2894	pDC	FOSB	0.3333333333333333	50	50	50	50	bd-rhap-rep1-X/regulons_50_TF.tsv vs bd-rhap-rep2-X/regulons_50_TF.tsv	bd-rhap-rep1-X/regulons_50_TF.tsv	bd-rhap-rep2-X/regulons_50_TF.tsv
2895	nk_cells	BCL11B	0.5151515151515151	50	50	50	50	bd-rhap-rep1-X/regulons_50_TF.tsv vs bd-rhap-rep2-X/regulons_50_TF.tsv	bd-rhap-rep1-X/regulons_50_TF.tsv	bd-rhap-rep2-X/regulons_50_TF.tsv
2896	DC	BTG2	0.3333333333333333	50	50	50	50	bd-rhap-rep1-X/regulons_50_TF.tsv vs bd-rhap-rep2-X/regulons_50_TF.tsv	bd-rhap-rep1-X/regulons_50_TF.tsv	bd-rhap-rep2-X/regulons_50_TF.tsv
2897	DC	BCL11A	0.5384615384615384	50	50	50	50	bd-rhap-rep1-X/regulons_50_TF.tsv vs bd-rhap-rep2-X/regulons_50_TF.tsv	bd-rhap-rep1-X/regulons_50_TF.tsv	bd-rhap-rep2-X/regulons_50_TF.tsv
2898	cd14-_monocytes	FOXO1	0.26582278481012656	50	50	50	50	bd-rhap-rep1-X/regulons_50_TF.tsv vs bd-rhap-rep2-X/regulons_50_TF.tsv	bd-rhap-rep1-X/regulons_50_TF.tsv	bd-rhap-rep2-X/regulons_50_TF.tsv
2899	pDC	RUNX2	0.5151515151515151	50	50	50	50	bd-rhap-rep1-X/regulons_50_TF.tsv vs bd-rhap-rep2-X/regulons_50_TF.tsv	bd-rhap-rep1-X/regulons_50_TF.tsv	bd-rhap-rep2-X/regulons_50_TF.tsv
2900	DC	TCF4	0.47058823529411764	50	50	50	50	bd-rhap-rep1-X/regulons_50_TF.tsv vs bd-rhap-rep2-X/regulons_50_TF.tsv	bd-rhap-rep1-X/regulons_50_TF.tsv	bd-rhap-rep2-X/regulons_50_TF.tsv
2901	b_cells	FOXP1	0.4925373134328358	50	50	50	50	bd-rhap-rep1-X/regulons_50_TF.tsv vs bd-rhap-rep2-X/regulons_50_TF.tsv	bd-rhap-rep1-X/regulons_50_TF.tsv	bd-rhap-rep2-X/regulons_50_TF.tsv
2902	DC	SP140	0.17567567567567569	50	37	50	50	bd-rhap-rep1-X/regulons_50_TF.tsv vs bd-rhap-rep2-X/regulons_50_TF.tsv	bd-rhap-rep1-X/regulons_50_TF.tsv	bd-rhap-rep2-X/regulons_50_TF.tsv
2903	b_cells	FOSB	0.3698630136986301	50	50	50	50	bd-rhap-rep1-X/regulons_50_TF.tsv vs bd-rhap-rep2-X/regulons_50_TF.tsv	bd-rhap-rep1-X/regulons_50_TF.tsv	bd-rhap-rep2-X/regulons_50_TF.tsv
2904	pDC	ZEB1	0.4084507042253521	50	50	50	50	bd-rhap-rep1-X/regulons_50_TF.tsv vs bd-rhap-rep2-X/regulons_50_TF.tsv	bd-rhap-rep1-X/regulons_50_TF.tsv	bd-rhap-rep2-X/regulons_50_TF.tsv
2905	cd14+_monocytes	SOX4	0.42857142857142855	50	50	50	50	bd-rhap-rep1-X/regulons_50_TF.tsv vs bd-rhap-rep2-X/regulons_50_TF.tsv	bd-rhap-rep1-X/regulons_50_TF.tsv	bd-rhap-rep2-X/regulons_50_TF.tsv
2906	cd8+_tcells	RUNX1	0.3888888888888889	50	50	50	50	bd-rhap-rep1-X/regulons_50_TF.tsv vs bd-rhap-rep2-X/regulons_50_TF.tsv	bd-rhap-rep1-X/regulons_50_TF.tsv	bd-rhap-rep2-X/regulons_50_TF.tsv
2907	cd14+_monocytes	FOSB	0.3888888888888889	50	50	50	50	bd-rhap-rep1-X/regulons_50_TF.tsv vs bd-rhap-rep2-X/regulons_50_TF.tsv	bd-rhap-rep1-X/regulons_50_TF.tsv	bd-rhap-rep2-X/regulons_50_TF.tsv
2908	pDC	NFATC3	0.3698630136986301	50	50	50	50	bd-rhap-rep1-X/regulons_50_TF.tsv vs bd-rhap-rep2-X/regulons_50_TF.tsv	bd-rhap-rep1-X/regulons_50_TF.tsv	bd-rhap-rep2-X/regulons_50_TF.tsv
2909	pDC	ZEB2	0.2987012987012987	50	50	50	50	bd-rhap-rep1-X/regulons_50_TF.tsv vs bd-rhap-rep2-X/regulons_50_TF.tsv	bd-rhap-rep1-X/regulons_50_TF.tsv	bd-rhap-rep2-X/regulons_50_TF.tsv
2910	cd4+_tcells	KAT6B	0.30434782608695654	50	40	50	50	bd-rhap-rep1-X/regulons_50_TF.tsv vs bd-rhap-rep2-X/regulons_50_TF.tsv	bd-rhap-rep1-X/regulons_50_TF.tsv	bd-rhap-rep2-X/regulons_50_TF.tsv
2911	cd8+_tcells	STAT4	0.3888888888888889	50	50	50	50	bd-rhap-rep1-X/regulons_50_TF.tsv vs bd-rhap-rep2-X/regulons_50_TF.tsv	bd-rhap-rep1-X/regulons_50_TF.tsv	bd-rhap-rep2-X/regulons_50_TF.tsv
2912	nk_cells	FOXP1	0.6949152542372882	50	50	50	50	bd-rhap-rep1-X/regulons_50_TF.tsv vs bd-rhap-rep2-X/regulons_50_TF.tsv	bd-rhap-rep1-X/regulons_50_TF.tsv	bd-rhap-rep2-X/regulons_50_TF.tsv
2913	cd8+_tcells	MAX	0.35135135135135137	50	50	50	50	bd-rhap-rep1-X/regulons_50_TF.tsv vs bd-rhap-rep2-X/regulons_50_TF.tsv	bd-rhap-rep1-X/regulons_50_TF.tsv	bd-rhap-rep2-X/regulons_50_TF.tsv
2914	cd8+_tcells	TCF7	0.5151515151515151	50	50	50	50	bd-rhap-rep1-X/regulons_50_TF.tsv vs bd-rhap-rep2-X/regulons_50_TF.tsv	bd-rhap-rep1-X/regulons_50_TF.tsv	bd-rhap-rep2-X/regulons_50_TF.tsv
2915	DC	FOXP1	0.3698630136986301	50	50	50	50	bd-rhap-rep1-X/regulons_50_TF.tsv vs bd-rhap-rep2-X/regulons_50_TF.tsv	bd-rhap-rep1-X/regulons_50_TF.tsv	bd-rhap-rep2-X/regulons_50_TF.tsv
2916	DC	FOSB	0.4492753623188406	50	50	50	50	bd-rhap-rep1-X/regulons_50_TF.tsv vs bd-rhap-rep2-X/regulons_50_TF.tsv	bd-rhap-rep1-X/regulons_50_TF.tsv	bd-rhap-rep2-X/regulons_50_TF.tsv
2917	pDC	BCL11A	0.639344262295082	50	50	50	50	bd-rhap-rep1-X/regulons_50_TF.tsv vs bd-rhap-rep2-X/regulons_50_TF.tsv	bd-rhap-rep1-X/regulons_50_TF.tsv	bd-rhap-rep2-X/regulons_50_TF.tsv
2918	cd14-_monocytes	RUNX3	0.5151515151515151	50	50	50	50	bd-rhap-rep1-X/regulons_50_TF.tsv vs bd-rhap-rep2-X/regulons_50_TF.tsv	bd-rhap-rep1-X/regulons_50_TF.tsv	bd-rhap-rep2-X/regulons_50_TF.tsv
2919	cd8+_tcells	NFATC2	0.4492753623188406	50	50	50	50	bd-rhap-rep1-X/regulons_50_TF.tsv vs bd-rhap-rep2-X/regulons_50_TF.tsv	bd-rhap-rep1-X/regulons_50_TF.tsv	bd-rhap-rep2-X/regulons_50_TF.tsv
2920	cd4+_tcells	HIVEP2	0.47058823529411764	50	50	50	50	bd-rhap-rep1-X/regulons_50_TF.tsv vs bd-rhap-rep2-X/regulons_50_TF.tsv	bd-rhap-rep1-X/regulons_50_TF.tsv	bd-rhap-rep2-X/regulons_50_TF.tsv
2921	cd14-_monocytes	TCF12	0.4492753623188406	50	50	50	50	bd-rhap-rep1-X/regulons_50_TF.tsv vs bd-rhap-rep2-X/regulons_50_TF.tsv	bd-rhap-rep1-X/regulons_50_TF.tsv	bd-rhap-rep2-X/regulons_50_TF.tsv
2922	cd14+_monocytes	TCF7L2	0.42857142857142855	50	50	50	50	bd-rhap-rep1-X/regulons_50_TF.tsv vs bd-rhap-rep2-X/regulons_50_TF.tsv	bd-rhap-rep1-X/regulons_50_TF.tsv	bd-rhap-rep2-X/regulons_50_TF.tsv
2923	DC	RUNX2	0.3888888888888889	50	50	50	50	bd-rhap-rep1-X/regulons_50_TF.tsv vs bd-rhap-rep2-X/regulons_50_TF.tsv	bd-rhap-rep1-X/regulons_50_TF.tsv	bd-rhap-rep2-X/regulons_50_TF.tsv
2924	cd14+_monocytes	NFATC3	0.35135135135135137	50	50	50	50	bd-rhap-rep1-X/regulons_50_TF.tsv vs bd-rhap-rep2-X/regulons_50_TF.tsv	bd-rhap-rep1-X/regulons_50_TF.tsv	bd-rhap-rep2-X/regulons_50_TF.tsv
2925	cd14+_monocytes	ZEB2	0.4084507042253521	50	50	50	50	bd-rhap-rep1-X/regulons_50_TF.tsv vs bd-rhap-rep2-X/regulons_50_TF.tsv	bd-rhap-rep1-X/regulons_50_TF.tsv	bd-rhap-rep2-X/regulons_50_TF.tsv
2926	cd4+_tcells	ZBTB20	0.3698630136986301	50	50	50	50	bd-rhap-rep1-X/regulons_50_TF.tsv vs bd-rhap-rep2-X/regulons_50_TF.tsv	bd-rhap-rep1-X/regulons_50_TF.tsv	bd-rhap-rep2-X/regulons_50_TF.tsv
2927	nk_cells	TOX	0.5151515151515151	50	50	50	50	bd-rhap-rep1-X/regulons_50_TF.tsv vs bd-rhap-rep2-X/regulons_50_TF.tsv	bd-rhap-rep1-X/regulons_50_TF.tsv	bd-rhap-rep2-X/regulons_50_TF.tsv
2928	nk_cells	ZBTB16	0.3888888888888889	50	50	50	50	bd-rhap-rep1-X/regulons_50_TF.tsv vs bd-rhap-rep2-X/regulons_50_TF.tsv	bd-rhap-rep1-X/regulons_50_TF.tsv	bd-rhap-rep2-X/regulons_50_TF.tsv
2929	cd14-_monocytes	BTG2	0.14942528735632185	50	50	50	50	bd-rhap-rep1-X/regulons_50_TF.tsv vs 10x-rep1-kallisto-cellbender-X/regulons_50_TF.tsv	bd-rhap-rep1-X/regulons_50_TF.tsv	10x-rep1-kallisto-cellbender-X/regulons_50_TF.tsv
2930	DC	KMT2A	0.010101010101010102	50	50	50	50	bd-rhap-rep1-X/regulons_50_TF.tsv vs 10x-rep1-kallisto-cellbender-X/regulons_50_TF.tsv	bd-rhap-rep1-X/regulons_50_TF.tsv	10x-rep1-kallisto-cellbender-X/regulons_50_TF.tsv
2931	cd8+_tcells	HOPX	0.13636363636363635	50	50	50	50	bd-rhap-rep1-X/regulons_50_TF.tsv vs 10x-rep1-kallisto-cellbender-X/regulons_50_TF.tsv	bd-rhap-rep1-X/regulons_50_TF.tsv	10x-rep1-kallisto-cellbender-X/regulons_50_TF.tsv
2932	cd8+_tcells	IKZF3	0.1506849315068493	50	34	50	50	bd-rhap-rep1-X/regulons_50_TF.tsv vs 10x-rep1-kallisto-cellbender-X/regulons_50_TF.tsv	bd-rhap-rep1-X/regulons_50_TF.tsv	10x-rep1-kallisto-cellbender-X/regulons_50_TF.tsv
2933	cd8+_tcells	ID2	0.16279069767441862	50	50	50	50	bd-rhap-rep1-X/regulons_50_TF.tsv vs 10x-rep1-kallisto-cellbender-X/regulons_50_TF.tsv	bd-rhap-rep1-X/regulons_50_TF.tsv	10x-rep1-kallisto-cellbender-X/regulons_50_TF.tsv
2934	pDC	IRF8	0.47058823529411764	50	50	50	50	bd-rhap-rep1-X/regulons_50_TF.tsv vs 10x-rep1-kallisto-cellbender-X/regulons_50_TF.tsv	bd-rhap-rep1-X/regulons_50_TF.tsv	10x-rep1-kallisto-cellbender-X/regulons_50_TF.tsv
2935	cd14-_monocytes	STAT1	0.20481927710843373	50	50	50	50	bd-rhap-rep1-X/regulons_50_TF.tsv vs 10x-rep1-kallisto-cellbender-X/regulons_50_TF.tsv	bd-rhap-rep1-X/regulons_50_TF.tsv	10x-rep1-kallisto-cellbender-X/regulons_50_TF.tsv
2936	cd8+_tcells	TLE5	0.28205128205128205	50	50	50	50	bd-rhap-rep1-X/regulons_50_TF.tsv vs 10x-rep1-kallisto-cellbender-X/regulons_50_TF.tsv	bd-rhap-rep1-X/regulons_50_TF.tsv	10x-rep1-kallisto-cellbender-X/regulons_50_TF.tsv
2937	cd14-_monocytes	SOX4	0.0989010989010989	50	50	50	50	bd-rhap-rep1-X/regulons_50_TF.tsv vs 10x-rep1-kallisto-cellbender-X/regulons_50_TF.tsv	bd-rhap-rep1-X/regulons_50_TF.tsv	10x-rep1-kallisto-cellbender-X/regulons_50_TF.tsv
2938	cd4+_tcells	ETS1	0.3698630136986301	50	50	50	50	bd-rhap-rep1-X/regulons_50_TF.tsv vs 10x-rep1-kallisto-cellbender-X/regulons_50_TF.tsv	bd-rhap-rep1-X/regulons_50_TF.tsv	10x-rep1-kallisto-cellbender-X/regulons_50_TF.tsv
2939	b_cells	IRF8	0.21951219512195122	50	50	50	50	bd-rhap-rep1-X/regulons_50_TF.tsv vs 10x-rep1-kallisto-cellbender-X/regulons_50_TF.tsv	bd-rhap-rep1-X/regulons_50_TF.tsv	10x-rep1-kallisto-cellbender-X/regulons_50_TF.tsv
2940	cd8+_tcells	ETS1	0.2987012987012987	50	50	50	50	bd-rhap-rep1-X/regulons_50_TF.tsv vs 10x-rep1-kallisto-cellbender-X/regulons_50_TF.tsv	bd-rhap-rep1-X/regulons_50_TF.tsv	10x-rep1-kallisto-cellbender-X/regulons_50_TF.tsv
2941	cd4+_tcells	TCF7	0.25	50	50	50	50	bd-rhap-rep1-X/regulons_50_TF.tsv vs 10x-rep1-kallisto-cellbender-X/regulons_50_TF.tsv	bd-rhap-rep1-X/regulons_50_TF.tsv	10x-rep1-kallisto-cellbender-X/regulons_50_TF.tsv
2942	cd14-_monocytes	JUN	0.12359550561797752	50	50	50	50	bd-rhap-rep1-X/regulons_50_TF.tsv vs 10x-rep1-kallisto-cellbender-X/regulons_50_TF.tsv	bd-rhap-rep1-X/regulons_50_TF.tsv	10x-rep1-kallisto-cellbender-X/regulons_50_TF.tsv
2943	cd14+_monocytes	IRF8	0.12359550561797752	50	50	50	50	bd-rhap-rep1-X/regulons_50_TF.tsv vs 10x-rep1-kallisto-cellbender-X/regulons_50_TF.tsv	bd-rhap-rep1-X/regulons_50_TF.tsv	10x-rep1-kallisto-cellbender-X/regulons_50_TF.tsv
2944	cd14-_monocytes	FOS	0.2345679012345679	50	50	50	50	bd-rhap-rep1-X/regulons_50_TF.tsv vs 10x-rep1-kallisto-cellbender-X/regulons_50_TF.tsv	bd-rhap-rep1-X/regulons_50_TF.tsv	10x-rep1-kallisto-cellbender-X/regulons_50_TF.tsv
2945	DC	NR4A1	0.13636363636363635	50	50	50	50	bd-rhap-rep1-X/regulons_50_TF.tsv vs 10x-rep1-kallisto-cellbender-X/regulons_50_TF.tsv	bd-rhap-rep1-X/regulons_50_TF.tsv	10x-rep1-kallisto-cellbender-X/regulons_50_TF.tsv
2946	cd14-_monocytes	TCF7L2	0.28205128205128205	50	50	50	50	bd-rhap-rep1-X/regulons_50_TF.tsv vs 10x-rep1-kallisto-cellbender-X/regulons_50_TF.tsv	bd-rhap-rep1-X/regulons_50_TF.tsv	10x-rep1-kallisto-cellbender-X/regulons_50_TF.tsv
2947	DC	IRF8	0.2345679012345679	50	50	50	50	bd-rhap-rep1-X/regulons_50_TF.tsv vs 10x-rep1-kallisto-cellbender-X/regulons_50_TF.tsv	bd-rhap-rep1-X/regulons_50_TF.tsv	10x-rep1-kallisto-cellbender-X/regulons_50_TF.tsv
2948	b_cells	ETS1	0.08333333333333333	50	28	50	50	bd-rhap-rep1-X/regulons_50_TF.tsv vs 10x-rep1-kallisto-cellbender-X/regulons_50_TF.tsv	bd-rhap-rep1-X/regulons_50_TF.tsv	10x-rep1-kallisto-cellbender-X/regulons_50_TF.tsv
2949	cd4+_tcells	IRF1	0.08695652173913043	50	50	50	50	bd-rhap-rep1-X/regulons_50_TF.tsv vs 10x-rep1-kallisto-cellbender-X/regulons_50_TF.tsv	bd-rhap-rep1-X/regulons_50_TF.tsv	10x-rep1-kallisto-cellbender-X/regulons_50_TF.tsv
2950	cd8+_tcells	JUN	0.3157894736842105	50	50	50	50	bd-rhap-rep1-X/regulons_50_TF.tsv vs 10x-rep1-kallisto-cellbender-X/regulons_50_TF.tsv	bd-rhap-rep1-X/regulons_50_TF.tsv	10x-rep1-kallisto-cellbender-X/regulons_50_TF.tsv
2951	cd14-_monocytes	ZEB2	0.26582278481012656	50	50	50	50	bd-rhap-rep1-X/regulons_50_TF.tsv vs 10x-rep1-kallisto-cellbender-X/regulons_50_TF.tsv	bd-rhap-rep1-X/regulons_50_TF.tsv	10x-rep1-kallisto-cellbender-X/regulons_50_TF.tsv
2952	cd8+_tcells	RUNX3	0.21621621621621623	50	40	50	50	bd-rhap-rep1-X/regulons_50_TF.tsv vs 10x-rep1-kallisto-cellbender-X/regulons_50_TF.tsv	bd-rhap-rep1-X/regulons_50_TF.tsv	10x-rep1-kallisto-cellbender-X/regulons_50_TF.tsv
2953	cd8+_tcells	FOS	0.20481927710843373	50	50	50	50	bd-rhap-rep1-X/regulons_50_TF.tsv vs 10x-rep1-kallisto-cellbender-X/regulons_50_TF.tsv	bd-rhap-rep1-X/regulons_50_TF.tsv	10x-rep1-kallisto-cellbender-X/regulons_50_TF.tsv
2954	nk_cells	TLE5	0.21951219512195122	50	50	50	50	bd-rhap-rep1-X/regulons_50_TF.tsv vs 10x-rep1-kallisto-cellbender-X/regulons_50_TF.tsv	bd-rhap-rep1-X/regulons_50_TF.tsv	10x-rep1-kallisto-cellbender-X/regulons_50_TF.tsv
2955	nk_cells	ETS1	0.21951219512195122	50	50	50	50	bd-rhap-rep1-X/regulons_50_TF.tsv vs 10x-rep1-kallisto-cellbender-X/regulons_50_TF.tsv	bd-rhap-rep1-X/regulons_50_TF.tsv	10x-rep1-kallisto-cellbender-X/regulons_50_TF.tsv
2956	pDC	IRF7	0.2345679012345679	50	50	50	50	bd-rhap-rep1-X/regulons_50_TF.tsv vs 10x-rep1-kallisto-cellbender-X/regulons_50_TF.tsv	bd-rhap-rep1-X/regulons_50_TF.tsv	10x-rep1-kallisto-cellbender-X/regulons_50_TF.tsv
2957	nk_cells	TFDP2	0.28205128205128205	50	50	50	50	bd-rhap-rep1-X/regulons_50_TF.tsv vs 10x-rep1-kallisto-cellbender-X/regulons_50_TF.tsv	bd-rhap-rep1-X/regulons_50_TF.tsv	10x-rep1-kallisto-cellbender-X/regulons_50_TF.tsv
2958	DC	MAX	0.0	50	50	50	50	bd-rhap-rep1-X/regulons_50_TF.tsv vs 10x-rep1-kallisto-cellbender-X/regulons_50_TF.tsv	bd-rhap-rep1-X/regulons_50_TF.tsv	10x-rep1-kallisto-cellbender-X/regulons_50_TF.tsv
2959	cd4+_tcells	BTG2	0.16279069767441862	50	50	50	50	bd-rhap-rep1-X/regulons_50_TF.tsv vs 10x-rep1-kallisto-cellbender-X/regulons_50_TF.tsv	bd-rhap-rep1-X/regulons_50_TF.tsv	10x-rep1-kallisto-cellbender-X/regulons_50_TF.tsv
2960	pDC	HMGB2	0.05263157894736842	50	50	50	50	bd-rhap-rep1-X/regulons_50_TF.tsv vs 10x-rep1-kallisto-cellbender-X/regulons_50_TF.tsv	bd-rhap-rep1-X/regulons_50_TF.tsv	10x-rep1-kallisto-cellbender-X/regulons_50_TF.tsv
2961	cd8+_tcells	BTG2	0.19047619047619047	50	50	50	50	bd-rhap-rep1-X/regulons_50_TF.tsv vs 10x-rep1-kallisto-cellbender-X/regulons_50_TF.tsv	bd-rhap-rep1-X/regulons_50_TF.tsv	10x-rep1-kallisto-cellbender-X/regulons_50_TF.tsv
2962	b_cells	IRF1	0.06818181818181818	50	44	50	50	bd-rhap-rep1-X/regulons_50_TF.tsv vs 10x-rep1-kallisto-cellbender-X/regulons_50_TF.tsv	bd-rhap-rep1-X/regulons_50_TF.tsv	10x-rep1-kallisto-cellbender-X/regulons_50_TF.tsv
2963	cd4+_tcells	TLE5	0.3157894736842105	50	50	50	50	bd-rhap-rep1-X/regulons_50_TF.tsv vs 10x-rep1-kallisto-cellbender-X/regulons_50_TF.tsv	bd-rhap-rep1-X/regulons_50_TF.tsv	10x-rep1-kallisto-cellbender-X/regulons_50_TF.tsv
2964	b_cells	IKZF3	0.25	50	50	50	50	bd-rhap-rep1-X/regulons_50_TF.tsv vs 10x-rep1-kallisto-cellbender-X/regulons_50_TF.tsv	bd-rhap-rep1-X/regulons_50_TF.tsv	10x-rep1-kallisto-cellbender-X/regulons_50_TF.tsv
2965	nk_cells	CEBPD	0.17647058823529413	50	50	50	50	bd-rhap-rep1-X/regulons_50_TF.tsv vs 10x-rep1-kallisto-cellbender-X/regulons_50_TF.tsv	bd-rhap-rep1-X/regulons_50_TF.tsv	10x-rep1-kallisto-cellbender-X/regulons_50_TF.tsv
2966	DC	CEBPD	0.25	50	50	50	50	bd-rhap-rep1-X/regulons_50_TF.tsv vs 10x-rep1-kallisto-cellbender-X/regulons_50_TF.tsv	bd-rhap-rep1-X/regulons_50_TF.tsv	10x-rep1-kallisto-cellbender-X/regulons_50_TF.tsv
2967	pDC	TLE5	0.25	50	50	50	50	bd-rhap-rep1-X/regulons_50_TF.tsv vs 10x-rep1-kallisto-cellbender-X/regulons_50_TF.tsv	bd-rhap-rep1-X/regulons_50_TF.tsv	10x-rep1-kallisto-cellbender-X/regulons_50_TF.tsv
2968	nk_cells	IRF1	0.17647058823529413	50	50	50	50	bd-rhap-rep1-X/regulons_50_TF.tsv vs 10x-rep1-kallisto-cellbender-X/regulons_50_TF.tsv	bd-rhap-rep1-X/regulons_50_TF.tsv	10x-rep1-kallisto-cellbender-X/regulons_50_TF.tsv
2969	DC	IRF1	0.2345679012345679	50	50	50	50	bd-rhap-rep1-X/regulons_50_TF.tsv vs 10x-rep1-kallisto-cellbender-X/regulons_50_TF.tsv	bd-rhap-rep1-X/regulons_50_TF.tsv	10x-rep1-kallisto-cellbender-X/regulons_50_TF.tsv
2970	nk_cells	HOPX	0.28205128205128205	50	50	50	50	bd-rhap-rep1-X/regulons_50_TF.tsv vs 10x-rep1-kallisto-cellbender-X/regulons_50_TF.tsv	bd-rhap-rep1-X/regulons_50_TF.tsv	10x-rep1-kallisto-cellbender-X/regulons_50_TF.tsv
2971	pDC	ETS1	0.13636363636363635	50	50	50	50	bd-rhap-rep1-X/regulons_50_TF.tsv vs 10x-rep1-kallisto-cellbender-X/regulons_50_TF.tsv	bd-rhap-rep1-X/regulons_50_TF.tsv	10x-rep1-kallisto-cellbender-X/regulons_50_TF.tsv
2972	cd14+_monocytes	HMGB2	0.20481927710843373	50	50	50	50	bd-rhap-rep1-X/regulons_50_TF.tsv vs 10x-rep1-kallisto-cellbender-X/regulons_50_TF.tsv	bd-rhap-rep1-X/regulons_50_TF.tsv	10x-rep1-kallisto-cellbender-X/regulons_50_TF.tsv
2973	cd14+_monocytes	EGR1	0.25	50	50	50	50	bd-rhap-rep1-X/regulons_50_TF.tsv vs 10x-rep1-kallisto-cellbender-X/regulons_50_TF.tsv	bd-rhap-rep1-X/regulons_50_TF.tsv	10x-rep1-kallisto-cellbender-X/regulons_50_TF.tsv
2974	cd14+_monocytes	ID2	0.21951219512195122	50	50	50	50	bd-rhap-rep1-X/regulons_50_TF.tsv vs 10x-rep1-kallisto-cellbender-X/regulons_50_TF.tsv	bd-rhap-rep1-X/regulons_50_TF.tsv	10x-rep1-kallisto-cellbender-X/regulons_50_TF.tsv
2975	DC	IRF7	0.07526881720430108	50	50	50	50	bd-rhap-rep1-X/regulons_50_TF.tsv vs 10x-rep1-kallisto-cellbender-X/regulons_50_TF.tsv	bd-rhap-rep1-X/regulons_50_TF.tsv	10x-rep1-kallisto-cellbender-X/regulons_50_TF.tsv
2976	b_cells	TLE5	0.26582278481012656	50	50	50	50	bd-rhap-rep1-X/regulons_50_TF.tsv vs 10x-rep1-kallisto-cellbender-X/regulons_50_TF.tsv	bd-rhap-rep1-X/regulons_50_TF.tsv	10x-rep1-kallisto-cellbender-X/regulons_50_TF.tsv
2977	cd4+_tcells	LEF1	0.20481927710843373	50	50	50	50	bd-rhap-rep1-X/regulons_50_TF.tsv vs 10x-rep1-kallisto-cellbender-X/regulons_50_TF.tsv	bd-rhap-rep1-X/regulons_50_TF.tsv	10x-rep1-kallisto-cellbender-X/regulons_50_TF.tsv
2978	DC	HMGB2	0.0989010989010989	50	50	50	50	bd-rhap-rep1-X/regulons_50_TF.tsv vs 10x-rep1-kallisto-cellbender-X/regulons_50_TF.tsv	bd-rhap-rep1-X/regulons_50_TF.tsv	10x-rep1-kallisto-cellbender-X/regulons_50_TF.tsv
2979	cd8+_tcells	RORA	0.25	50	50	50	50	bd-rhap-rep1-X/regulons_50_TF.tsv vs 10x-rep1-kallisto-cellbender-X/regulons_50_TF.tsv	bd-rhap-rep1-X/regulons_50_TF.tsv	10x-rep1-kallisto-cellbender-X/regulons_50_TF.tsv
2980	nk_cells	ID2	0.16279069767441862	50	50	50	50	bd-rhap-rep1-X/regulons_50_TF.tsv vs 10x-rep1-kallisto-cellbender-X/regulons_50_TF.tsv	bd-rhap-rep1-X/regulons_50_TF.tsv	10x-rep1-kallisto-cellbender-X/regulons_50_TF.tsv
2981	DC	ID2	0.14942528735632185	50	50	50	50	bd-rhap-rep1-X/regulons_50_TF.tsv vs 10x-rep1-kallisto-cellbender-X/regulons_50_TF.tsv	bd-rhap-rep1-X/regulons_50_TF.tsv	10x-rep1-kallisto-cellbender-X/regulons_50_TF.tsv
2982	cd4+_tcells	JUN	0.3333333333333333	50	50	50	50	bd-rhap-rep1-X/regulons_50_TF.tsv vs 10x-rep1-kallisto-cellbender-X/regulons_50_TF.tsv	bd-rhap-rep1-X/regulons_50_TF.tsv	10x-rep1-kallisto-cellbender-X/regulons_50_TF.tsv
2983	cd14+_monocytes	TLE5	0.08695652173913043	50	50	50	50	bd-rhap-rep1-X/regulons_50_TF.tsv vs 10x-rep1-kallisto-cellbender-X/regulons_50_TF.tsv	bd-rhap-rep1-X/regulons_50_TF.tsv	10x-rep1-kallisto-cellbender-X/regulons_50_TF.tsv
2984	nk_cells	BTG2	0.14942528735632185	50	50	50	50	bd-rhap-rep1-X/regulons_50_TF.tsv vs 10x-rep1-kallisto-cellbender-X/regulons_50_TF.tsv	bd-rhap-rep1-X/regulons_50_TF.tsv	10x-rep1-kallisto-cellbender-X/regulons_50_TF.tsv
2985	cd4+_tcells	FOS	0.16279069767441862	50	50	50	50	bd-rhap-rep1-X/regulons_50_TF.tsv vs 10x-rep1-kallisto-cellbender-X/regulons_50_TF.tsv	bd-rhap-rep1-X/regulons_50_TF.tsv	10x-rep1-kallisto-cellbender-X/regulons_50_TF.tsv
2986	DC	TLE5	0.17647058823529413	50	50	50	50	bd-rhap-rep1-X/regulons_50_TF.tsv vs 10x-rep1-kallisto-cellbender-X/regulons_50_TF.tsv	bd-rhap-rep1-X/regulons_50_TF.tsv	10x-rep1-kallisto-cellbender-X/regulons_50_TF.tsv
2987	pDC	IRF1	0.0989010989010989	50	50	50	50	bd-rhap-rep1-X/regulons_50_TF.tsv vs 10x-rep1-kallisto-cellbender-X/regulons_50_TF.tsv	bd-rhap-rep1-X/regulons_50_TF.tsv	10x-rep1-kallisto-cellbender-X/regulons_50_TF.tsv
2988	pDC	LMO4	0.42857142857142855	50	50	50	50	bd-rhap-rep1-X/regulons_50_TF.tsv vs 10x-rep1-kallisto-cellbender-X/regulons_50_TF.tsv	bd-rhap-rep1-X/regulons_50_TF.tsv	10x-rep1-kallisto-cellbender-X/regulons_50_TF.tsv
2989	DC	STAT1	0.19047619047619047	50	50	50	50	bd-rhap-rep1-X/regulons_50_TF.tsv vs 10x-rep1-kallisto-cellbender-X/regulons_50_TF.tsv	bd-rhap-rep1-X/regulons_50_TF.tsv	10x-rep1-kallisto-cellbender-X/regulons_50_TF.tsv
2990	cd4+_tcells	BCL11B	0.3157894736842105	50	50	50	50	bd-rhap-rep1-X/regulons_50_TF.tsv vs 10x-rep1-kallisto-cellbender-X/regulons_50_TF.tsv	bd-rhap-rep1-X/regulons_50_TF.tsv	10x-rep1-kallisto-cellbender-X/regulons_50_TF.tsv
2991	nk_cells	MYBL1	0.3157894736842105	50	50	50	50	bd-rhap-rep1-X/regulons_50_TF.tsv vs 10x-rep1-kallisto-cellbender-X/regulons_50_TF.tsv	bd-rhap-rep1-X/regulons_50_TF.tsv	10x-rep1-kallisto-cellbender-X/regulons_50_TF.tsv
2992	b_cells	JUN	0.2345679012345679	50	50	50	50	bd-rhap-rep1-X/regulons_50_TF.tsv vs 10x-rep1-kallisto-cellbender-X/regulons_50_TF.tsv	bd-rhap-rep1-X/regulons_50_TF.tsv	10x-rep1-kallisto-cellbender-X/regulons_50_TF.tsv
2993	cd8+_tcells	BCL11B	0.2987012987012987	50	50	50	50	bd-rhap-rep1-X/regulons_50_TF.tsv vs 10x-rep1-kallisto-cellbender-X/regulons_50_TF.tsv	bd-rhap-rep1-X/regulons_50_TF.tsv	10x-rep1-kallisto-cellbender-X/regulons_50_TF.tsv
2994	DC	SOX4	0.13636363636363635	50	50	50	50	bd-rhap-rep1-X/regulons_50_TF.tsv vs 10x-rep1-kallisto-cellbender-X/regulons_50_TF.tsv	bd-rhap-rep1-X/regulons_50_TF.tsv	10x-rep1-kallisto-cellbender-X/regulons_50_TF.tsv
2995	b_cells	FOS	0.0989010989010989	50	50	50	50	bd-rhap-rep1-X/regulons_50_TF.tsv vs 10x-rep1-kallisto-cellbender-X/regulons_50_TF.tsv	bd-rhap-rep1-X/regulons_50_TF.tsv	10x-rep1-kallisto-cellbender-X/regulons_50_TF.tsv
2996	cd14+_monocytes	CEBPD	0.28205128205128205	50	50	50	50	bd-rhap-rep1-X/regulons_50_TF.tsv vs 10x-rep1-kallisto-cellbender-X/regulons_50_TF.tsv	bd-rhap-rep1-X/regulons_50_TF.tsv	10x-rep1-kallisto-cellbender-X/regulons_50_TF.tsv
2997	b_cells	POU2F2	0.19047619047619047	50	50	50	50	bd-rhap-rep1-X/regulons_50_TF.tsv vs 10x-rep1-kallisto-cellbender-X/regulons_50_TF.tsv	bd-rhap-rep1-X/regulons_50_TF.tsv	10x-rep1-kallisto-cellbender-X/regulons_50_TF.tsv
2998	nk_cells	RORA	0.28205128205128205	50	50	50	50	bd-rhap-rep1-X/regulons_50_TF.tsv vs 10x-rep1-kallisto-cellbender-X/regulons_50_TF.tsv	bd-rhap-rep1-X/regulons_50_TF.tsv	10x-rep1-kallisto-cellbender-X/regulons_50_TF.tsv
2999	pDC	BTG2	0.08695652173913043	50	50	50	50	bd-rhap-rep1-X/regulons_50_TF.tsv vs 10x-rep1-kallisto-cellbender-X/regulons_50_TF.tsv	bd-rhap-rep1-X/regulons_50_TF.tsv	10x-rep1-kallisto-cellbender-X/regulons_50_TF.tsv
3000	cd14+_monocytes	JUN	0.19047619047619047	50	50	50	50	bd-rhap-rep1-X/regulons_50_TF.tsv vs 10x-rep1-kallisto-cellbender-X/regulons_50_TF.tsv	bd-rhap-rep1-X/regulons_50_TF.tsv	10x-rep1-kallisto-cellbender-X/regulons_50_TF.tsv
3001	cd14+_monocytes	IRF1	0.2345679012345679	50	50	50	50	bd-rhap-rep1-X/regulons_50_TF.tsv vs 10x-rep1-kallisto-cellbender-X/regulons_50_TF.tsv	bd-rhap-rep1-X/regulons_50_TF.tsv	10x-rep1-kallisto-cellbender-X/regulons_50_TF.tsv
3002	cd14+_monocytes	LMO4	0.12359550561797752	50	50	50	50	bd-rhap-rep1-X/regulons_50_TF.tsv vs 10x-rep1-kallisto-cellbender-X/regulons_50_TF.tsv	bd-rhap-rep1-X/regulons_50_TF.tsv	10x-rep1-kallisto-cellbender-X/regulons_50_TF.tsv
3003	cd14+_monocytes	POU2F2	0.26582278481012656	50	50	50	50	bd-rhap-rep1-X/regulons_50_TF.tsv vs 10x-rep1-kallisto-cellbender-X/regulons_50_TF.tsv	bd-rhap-rep1-X/regulons_50_TF.tsv	10x-rep1-kallisto-cellbender-X/regulons_50_TF.tsv
3004	nk_cells	JUN	0.26582278481012656	50	50	50	50	bd-rhap-rep1-X/regulons_50_TF.tsv vs 10x-rep1-kallisto-cellbender-X/regulons_50_TF.tsv	bd-rhap-rep1-X/regulons_50_TF.tsv	10x-rep1-kallisto-cellbender-X/regulons_50_TF.tsv
3005	pDC	TCF4	0.2987012987012987	50	50	50	50	bd-rhap-rep1-X/regulons_50_TF.tsv vs 10x-rep1-kallisto-cellbender-X/regulons_50_TF.tsv	bd-rhap-rep1-X/regulons_50_TF.tsv	10x-rep1-kallisto-cellbender-X/regulons_50_TF.tsv
3006	nk_cells	RUNX3	0.25	50	50	50	50	bd-rhap-rep1-X/regulons_50_TF.tsv vs 10x-rep1-kallisto-cellbender-X/regulons_50_TF.tsv	bd-rhap-rep1-X/regulons_50_TF.tsv	10x-rep1-kallisto-cellbender-X/regulons_50_TF.tsv
3007	DC	JUN	0.14942528735632185	50	50	50	50	bd-rhap-rep1-X/regulons_50_TF.tsv vs 10x-rep1-kallisto-cellbender-X/regulons_50_TF.tsv	bd-rhap-rep1-X/regulons_50_TF.tsv	10x-rep1-kallisto-cellbender-X/regulons_50_TF.tsv
3008	cd14-_monocytes	NR4A1	0.14942528735632185	50	50	50	50	bd-rhap-rep1-X/regulons_50_TF.tsv vs 10x-rep1-kallisto-cellbender-X/regulons_50_TF.tsv	bd-rhap-rep1-X/regulons_50_TF.tsv	10x-rep1-kallisto-cellbender-X/regulons_50_TF.tsv
3009	nk_cells	FOS	0.12359550561797752	50	50	50	50	bd-rhap-rep1-X/regulons_50_TF.tsv vs 10x-rep1-kallisto-cellbender-X/regulons_50_TF.tsv	bd-rhap-rep1-X/regulons_50_TF.tsv	10x-rep1-kallisto-cellbender-X/regulons_50_TF.tsv
3010	DC	FOS	0.13636363636363635	50	50	50	50	bd-rhap-rep1-X/regulons_50_TF.tsv vs 10x-rep1-kallisto-cellbender-X/regulons_50_TF.tsv	bd-rhap-rep1-X/regulons_50_TF.tsv	10x-rep1-kallisto-cellbender-X/regulons_50_TF.tsv
3011	cd14+_monocytes	MAFB	0.20481927710843373	50	50	50	50	bd-rhap-rep1-X/regulons_50_TF.tsv vs 10x-rep1-kallisto-cellbender-X/regulons_50_TF.tsv	bd-rhap-rep1-X/regulons_50_TF.tsv	10x-rep1-kallisto-cellbender-X/regulons_50_TF.tsv
3012	DC	LMO4	0.25	50	50	50	50	bd-rhap-rep1-X/regulons_50_TF.tsv vs 10x-rep1-kallisto-cellbender-X/regulons_50_TF.tsv	bd-rhap-rep1-X/regulons_50_TF.tsv	10x-rep1-kallisto-cellbender-X/regulons_50_TF.tsv
3013	DC	POU2F2	0.26582278481012656	50	50	50	50	bd-rhap-rep1-X/regulons_50_TF.tsv vs 10x-rep1-kallisto-cellbender-X/regulons_50_TF.tsv	bd-rhap-rep1-X/regulons_50_TF.tsv	10x-rep1-kallisto-cellbender-X/regulons_50_TF.tsv
3014	b_cells	BTG2	0.20481927710843373	50	50	50	50	bd-rhap-rep1-X/regulons_50_TF.tsv vs 10x-rep1-kallisto-cellbender-X/regulons_50_TF.tsv	bd-rhap-rep1-X/regulons_50_TF.tsv	10x-rep1-kallisto-cellbender-X/regulons_50_TF.tsv
3015	cd14-_monocytes	HMGB2	0.030927835051546393	50	50	50	50	bd-rhap-rep1-X/regulons_50_TF.tsv vs 10x-rep1-kallisto-cellbender-X/regulons_50_TF.tsv	bd-rhap-rep1-X/regulons_50_TF.tsv	10x-rep1-kallisto-cellbender-X/regulons_50_TF.tsv
3016	b_cells	BCL11A	0.2345679012345679	50	50	50	50	bd-rhap-rep1-X/regulons_50_TF.tsv vs 10x-rep1-kallisto-cellbender-X/regulons_50_TF.tsv	bd-rhap-rep1-X/regulons_50_TF.tsv	10x-rep1-kallisto-cellbender-X/regulons_50_TF.tsv
3017	cd14-_monocytes	ID2	0.12359550561797752	50	50	50	50	bd-rhap-rep1-X/regulons_50_TF.tsv vs 10x-rep1-kallisto-cellbender-X/regulons_50_TF.tsv	bd-rhap-rep1-X/regulons_50_TF.tsv	10x-rep1-kallisto-cellbender-X/regulons_50_TF.tsv
3018	pDC	STAT1	0.06666666666666667	50	46	50	50	bd-rhap-rep1-X/regulons_50_TF.tsv vs 10x-rep1-kallisto-cellbender-X/regulons_50_TF.tsv	bd-rhap-rep1-X/regulons_50_TF.tsv	10x-rep1-kallisto-cellbender-X/regulons_50_TF.tsv
3019	cd4+_tcells	RORA	0.21518987341772153	50	46	50	50	bd-rhap-rep1-X/regulons_50_TF.tsv vs 10x-rep1-kallisto-cellbender-X/regulons_50_TF.tsv	bd-rhap-rep1-X/regulons_50_TF.tsv	10x-rep1-kallisto-cellbender-X/regulons_50_TF.tsv
3020	pDC	SOX4	0.3157894736842105	50	50	50	50	bd-rhap-rep1-X/regulons_50_TF.tsv vs 10x-rep1-kallisto-cellbender-X/regulons_50_TF.tsv	bd-rhap-rep1-X/regulons_50_TF.tsv	10x-rep1-kallisto-cellbender-X/regulons_50_TF.tsv
3021	cd14+_monocytes	BTG2	0.2345679012345679	50	50	50	50	bd-rhap-rep1-X/regulons_50_TF.tsv vs 10x-rep1-kallisto-cellbender-X/regulons_50_TF.tsv	bd-rhap-rep1-X/regulons_50_TF.tsv	10x-rep1-kallisto-cellbender-X/regulons_50_TF.tsv
3022	b_cells	TCF4	0.1625	50	43	50	50	bd-rhap-rep1-X/regulons_50_TF.tsv vs 10x-rep1-kallisto-cellbender-X/regulons_50_TF.tsv	bd-rhap-rep1-X/regulons_50_TF.tsv	10x-rep1-kallisto-cellbender-X/regulons_50_TF.tsv
3023	b_cells	SP140	0.21951219512195122	50	50	50	50	bd-rhap-rep1-X/regulons_50_TF.tsv vs 10x-rep1-kallisto-cellbender-X/regulons_50_TF.tsv	bd-rhap-rep1-X/regulons_50_TF.tsv	10x-rep1-kallisto-cellbender-X/regulons_50_TF.tsv
3024	nk_cells	ZEB2	0.06382978723404255	50	50	50	50	bd-rhap-rep1-X/regulons_50_TF.tsv vs 10x-rep1-kallisto-cellbender-X/regulons_50_TF.tsv	bd-rhap-rep1-X/regulons_50_TF.tsv	10x-rep1-kallisto-cellbender-X/regulons_50_TF.tsv
3025	DC	ZEB2	0.21951219512195122	50	50	50	50	bd-rhap-rep1-X/regulons_50_TF.tsv vs 10x-rep1-kallisto-cellbender-X/regulons_50_TF.tsv	bd-rhap-rep1-X/regulons_50_TF.tsv	10x-rep1-kallisto-cellbender-X/regulons_50_TF.tsv
3026	cd14-_monocytes	TLE5	0.0989010989010989	50	50	50	50	bd-rhap-rep1-X/regulons_50_TF.tsv vs 10x-rep1-kallisto-cellbender-X/regulons_50_TF.tsv	bd-rhap-rep1-X/regulons_50_TF.tsv	10x-rep1-kallisto-cellbender-X/regulons_50_TF.tsv
3027	DC	BTG2	0.14942528735632185	50	50	50	50	bd-rhap-rep1-X/regulons_50_TF.tsv vs 10x-rep1-kallisto-cellbender-X/regulons_50_TF.tsv	bd-rhap-rep1-X/regulons_50_TF.tsv	10x-rep1-kallisto-cellbender-X/regulons_50_TF.tsv
3028	DC	BCL11A	0.16279069767441862	50	50	50	50	bd-rhap-rep1-X/regulons_50_TF.tsv vs 10x-rep1-kallisto-cellbender-X/regulons_50_TF.tsv	bd-rhap-rep1-X/regulons_50_TF.tsv	10x-rep1-kallisto-cellbender-X/regulons_50_TF.tsv
3029	pDC	JUN	0.16279069767441862	50	50	50	50	bd-rhap-rep1-X/regulons_50_TF.tsv vs 10x-rep1-kallisto-cellbender-X/regulons_50_TF.tsv	bd-rhap-rep1-X/regulons_50_TF.tsv	10x-rep1-kallisto-cellbender-X/regulons_50_TF.tsv
3030	pDC	RUNX2	0.35135135135135137	50	50	50	50	bd-rhap-rep1-X/regulons_50_TF.tsv vs 10x-rep1-kallisto-cellbender-X/regulons_50_TF.tsv	bd-rhap-rep1-X/regulons_50_TF.tsv	10x-rep1-kallisto-cellbender-X/regulons_50_TF.tsv
3031	pDC	FOS	0.07526881720430108	50	50	50	50	bd-rhap-rep1-X/regulons_50_TF.tsv vs 10x-rep1-kallisto-cellbender-X/regulons_50_TF.tsv	bd-rhap-rep1-X/regulons_50_TF.tsv	10x-rep1-kallisto-cellbender-X/regulons_50_TF.tsv
3032	cd14+_monocytes	STAT1	0.2345679012345679	50	50	50	50	bd-rhap-rep1-X/regulons_50_TF.tsv vs 10x-rep1-kallisto-cellbender-X/regulons_50_TF.tsv	bd-rhap-rep1-X/regulons_50_TF.tsv	10x-rep1-kallisto-cellbender-X/regulons_50_TF.tsv
3033	cd14+_monocytes	SOX4	0.20481927710843373	50	50	50	50	bd-rhap-rep1-X/regulons_50_TF.tsv vs 10x-rep1-kallisto-cellbender-X/regulons_50_TF.tsv	bd-rhap-rep1-X/regulons_50_TF.tsv	10x-rep1-kallisto-cellbender-X/regulons_50_TF.tsv
3034	pDC	ZEB2	0.14942528735632185	50	50	50	50	bd-rhap-rep1-X/regulons_50_TF.tsv vs 10x-rep1-kallisto-cellbender-X/regulons_50_TF.tsv	bd-rhap-rep1-X/regulons_50_TF.tsv	10x-rep1-kallisto-cellbender-X/regulons_50_TF.tsv
3035	cd14-_monocytes	CEBPD	0.25	50	50	50	50	bd-rhap-rep1-X/regulons_50_TF.tsv vs 10x-rep1-kallisto-cellbender-X/regulons_50_TF.tsv	bd-rhap-rep1-X/regulons_50_TF.tsv	10x-rep1-kallisto-cellbender-X/regulons_50_TF.tsv
3036	cd8+_tcells	TCF7	0.2345679012345679	50	50	50	50	bd-rhap-rep1-X/regulons_50_TF.tsv vs 10x-rep1-kallisto-cellbender-X/regulons_50_TF.tsv	bd-rhap-rep1-X/regulons_50_TF.tsv	10x-rep1-kallisto-cellbender-X/regulons_50_TF.tsv
3037	pDC	BCL11A	0.3333333333333333	50	50	50	50	bd-rhap-rep1-X/regulons_50_TF.tsv vs 10x-rep1-kallisto-cellbender-X/regulons_50_TF.tsv	bd-rhap-rep1-X/regulons_50_TF.tsv	10x-rep1-kallisto-cellbender-X/regulons_50_TF.tsv
3038	cd14-_monocytes	RUNX3	0.21951219512195122	50	50	50	50	bd-rhap-rep1-X/regulons_50_TF.tsv vs 10x-rep1-kallisto-cellbender-X/regulons_50_TF.tsv	bd-rhap-rep1-X/regulons_50_TF.tsv	10x-rep1-kallisto-cellbender-X/regulons_50_TF.tsv
3039	cd14+_monocytes	FOS	0.3157894736842105	50	50	50	50	bd-rhap-rep1-X/regulons_50_TF.tsv vs 10x-rep1-kallisto-cellbender-X/regulons_50_TF.tsv	bd-rhap-rep1-X/regulons_50_TF.tsv	10x-rep1-kallisto-cellbender-X/regulons_50_TF.tsv
3040	cd14-_monocytes	IRF1	0.2345679012345679	50	50	50	50	bd-rhap-rep1-X/regulons_50_TF.tsv vs 10x-rep1-kallisto-cellbender-X/regulons_50_TF.tsv	bd-rhap-rep1-X/regulons_50_TF.tsv	10x-rep1-kallisto-cellbender-X/regulons_50_TF.tsv
3041	cd14-_monocytes	LMO4	0.28205128205128205	50	50	50	50	bd-rhap-rep1-X/regulons_50_TF.tsv vs 10x-rep1-kallisto-cellbender-X/regulons_50_TF.tsv	bd-rhap-rep1-X/regulons_50_TF.tsv	10x-rep1-kallisto-cellbender-X/regulons_50_TF.tsv
3042	cd14-_monocytes	POU2F2	0.2987012987012987	50	50	50	50	bd-rhap-rep1-X/regulons_50_TF.tsv vs 10x-rep1-kallisto-cellbender-X/regulons_50_TF.tsv	bd-rhap-rep1-X/regulons_50_TF.tsv	10x-rep1-kallisto-cellbender-X/regulons_50_TF.tsv
3043	cd14-_monocytes	MAFB	0.26582278481012656	50	50	50	50	bd-rhap-rep1-X/regulons_50_TF.tsv vs 10x-rep1-kallisto-cellbender-X/regulons_50_TF.tsv	bd-rhap-rep1-X/regulons_50_TF.tsv	10x-rep1-kallisto-cellbender-X/regulons_50_TF.tsv
3044	cd14+_monocytes	ZEB2	0.25	50	50	50	50	bd-rhap-rep1-X/regulons_50_TF.tsv vs 10x-rep1-kallisto-cellbender-X/regulons_50_TF.tsv	bd-rhap-rep1-X/regulons_50_TF.tsv	10x-rep1-kallisto-cellbender-X/regulons_50_TF.tsv
3045	cd8+_tcells	IRF1	0.12359550561797752	50	50	50	50	bd-rhap-rep1-X/regulons_50_TF.tsv vs 10x-rep1-kallisto-cellbender-X/regulons_50_TF.tsv	bd-rhap-rep1-X/regulons_50_TF.tsv	10x-rep1-kallisto-cellbender-X/regulons_50_TF.tsv
3046	cd14-_monocytes	BTG2	0.08695652173913043	50	50	50	50	bd-rhap-rep2-X/regulons_50_TF.tsv vs 10x-rep1-kallisto-cellbender-X/regulons_50_TF.tsv	bd-rhap-rep2-X/regulons_50_TF.tsv	10x-rep1-kallisto-cellbender-X/regulons_50_TF.tsv
3047	nk_cells	BTG2	0.13636363636363635	50	50	50	50	bd-rhap-rep2-X/regulons_50_TF.tsv vs 10x-rep1-kallisto-cellbender-X/regulons_50_TF.tsv	bd-rhap-rep2-X/regulons_50_TF.tsv	10x-rep1-kallisto-cellbender-X/regulons_50_TF.tsv
3048	cd8+_tcells	HOPX	0.16279069767441862	50	50	50	50	bd-rhap-rep2-X/regulons_50_TF.tsv vs 10x-rep1-kallisto-cellbender-X/regulons_50_TF.tsv	bd-rhap-rep2-X/regulons_50_TF.tsv	10x-rep1-kallisto-cellbender-X/regulons_50_TF.tsv
3049	cd8+_tcells	IKZF3	0.1506849315068493	50	34	50	50	bd-rhap-rep2-X/regulons_50_TF.tsv vs 10x-rep1-kallisto-cellbender-X/regulons_50_TF.tsv	bd-rhap-rep2-X/regulons_50_TF.tsv	10x-rep1-kallisto-cellbender-X/regulons_50_TF.tsv
3050	DC	ZEB2	0.1111111111111111	50	50	50	50	bd-rhap-rep2-X/regulons_50_TF.tsv vs 10x-rep1-kallisto-cellbender-X/regulons_50_TF.tsv	bd-rhap-rep2-X/regulons_50_TF.tsv	10x-rep1-kallisto-cellbender-X/regulons_50_TF.tsv
3051	DC	BTG2	0.0989010989010989	50	50	50	50	bd-rhap-rep2-X/regulons_50_TF.tsv vs 10x-rep1-kallisto-cellbender-X/regulons_50_TF.tsv	bd-rhap-rep2-X/regulons_50_TF.tsv	10x-rep1-kallisto-cellbender-X/regulons_50_TF.tsv
3052	nk_cells	ZEB2	0.0989010989010989	50	50	50	50	bd-rhap-rep2-X/regulons_50_TF.tsv vs 10x-rep1-kallisto-cellbender-X/regulons_50_TF.tsv	bd-rhap-rep2-X/regulons_50_TF.tsv	10x-rep1-kallisto-cellbender-X/regulons_50_TF.tsv
3053	DC	BCL11A	0.17647058823529413	50	50	50	50	bd-rhap-rep2-X/regulons_50_TF.tsv vs 10x-rep1-kallisto-cellbender-X/regulons_50_TF.tsv	bd-rhap-rep2-X/regulons_50_TF.tsv	10x-rep1-kallisto-cellbender-X/regulons_50_TF.tsv
3054	cd8+_tcells	ID2	0.17647058823529413	50	50	50	50	bd-rhap-rep2-X/regulons_50_TF.tsv vs 10x-rep1-kallisto-cellbender-X/regulons_50_TF.tsv	bd-rhap-rep2-X/regulons_50_TF.tsv	10x-rep1-kallisto-cellbender-X/regulons_50_TF.tsv
3055	nk_cells	ETS1	0.25	50	50	50	50	bd-rhap-rep2-X/regulons_50_TF.tsv vs 10x-rep1-kallisto-cellbender-X/regulons_50_TF.tsv	bd-rhap-rep2-X/regulons_50_TF.tsv	10x-rep1-kallisto-cellbender-X/regulons_50_TF.tsv
3056	pDC	IRF7	0.21951219512195122	50	50	50	50	bd-rhap-rep2-X/regulons_50_TF.tsv vs 10x-rep1-kallisto-cellbender-X/regulons_50_TF.tsv	bd-rhap-rep2-X/regulons_50_TF.tsv	10x-rep1-kallisto-cellbender-X/regulons_50_TF.tsv
3057	pDC	RUNX2	0.2987012987012987	50	50	50	50	bd-rhap-rep2-X/regulons_50_TF.tsv vs 10x-rep1-kallisto-cellbender-X/regulons_50_TF.tsv	bd-rhap-rep2-X/regulons_50_TF.tsv	10x-rep1-kallisto-cellbender-X/regulons_50_TF.tsv
3058	nk_cells	TFDP2	0.20481927710843373	50	50	50	50	bd-rhap-rep2-X/regulons_50_TF.tsv vs 10x-rep1-kallisto-cellbender-X/regulons_50_TF.tsv	bd-rhap-rep2-X/regulons_50_TF.tsv	10x-rep1-kallisto-cellbender-X/regulons_50_TF.tsv
3059	pDC	IRF8	0.4084507042253521	50	50	50	50	bd-rhap-rep2-X/regulons_50_TF.tsv vs 10x-rep1-kallisto-cellbender-X/regulons_50_TF.tsv	bd-rhap-rep2-X/regulons_50_TF.tsv	10x-rep1-kallisto-cellbender-X/regulons_50_TF.tsv
3060	DC	MAX	0.0	50	50	50	50	bd-rhap-rep2-X/regulons_50_TF.tsv vs 10x-rep1-kallisto-cellbender-X/regulons_50_TF.tsv	bd-rhap-rep2-X/regulons_50_TF.tsv	10x-rep1-kallisto-cellbender-X/regulons_50_TF.tsv
3061	cd4+_tcells	BTG2	0.19047619047619047	50	50	50	50	bd-rhap-rep2-X/regulons_50_TF.tsv vs 10x-rep1-kallisto-cellbender-X/regulons_50_TF.tsv	bd-rhap-rep2-X/regulons_50_TF.tsv	10x-rep1-kallisto-cellbender-X/regulons_50_TF.tsv
3062	cd8+_tcells	BTG2	0.17647058823529413	50	50	50	50	bd-rhap-rep2-X/regulons_50_TF.tsv vs 10x-rep1-kallisto-cellbender-X/regulons_50_TF.tsv	bd-rhap-rep2-X/regulons_50_TF.tsv	10x-rep1-kallisto-cellbender-X/regulons_50_TF.tsv
3063	cd14+_monocytes	SOX4	0.14942528735632185	50	50	50	50	bd-rhap-rep2-X/regulons_50_TF.tsv vs 10x-rep1-kallisto-cellbender-X/regulons_50_TF.tsv	bd-rhap-rep2-X/regulons_50_TF.tsv	10x-rep1-kallisto-cellbender-X/regulons_50_TF.tsv
3064	cd4+_tcells	BCL11B	0.3157894736842105	50	50	50	50	bd-rhap-rep2-X/regulons_50_TF.tsv vs 10x-rep1-kallisto-cellbender-X/regulons_50_TF.tsv	bd-rhap-rep2-X/regulons_50_TF.tsv	10x-rep1-kallisto-cellbender-X/regulons_50_TF.tsv
3065	nk_cells	MYBL1	0.28205128205128205	50	50	50	50	bd-rhap-rep2-X/regulons_50_TF.tsv vs 10x-rep1-kallisto-cellbender-X/regulons_50_TF.tsv	bd-rhap-rep2-X/regulons_50_TF.tsv	10x-rep1-kallisto-cellbender-X/regulons_50_TF.tsv
3066	cd14-_monocytes	SOX4	0.16279069767441862	50	50	50	50	bd-rhap-rep2-X/regulons_50_TF.tsv vs 10x-rep1-kallisto-cellbender-X/regulons_50_TF.tsv	bd-rhap-rep2-X/regulons_50_TF.tsv	10x-rep1-kallisto-cellbender-X/regulons_50_TF.tsv
3067	cd8+_tcells	BCL11B	0.2987012987012987	50	50	50	50	bd-rhap-rep2-X/regulons_50_TF.tsv vs 10x-rep1-kallisto-cellbender-X/regulons_50_TF.tsv	bd-rhap-rep2-X/regulons_50_TF.tsv	10x-rep1-kallisto-cellbender-X/regulons_50_TF.tsv
3068	DC	SOX4	0.0989010989010989	50	50	50	50	bd-rhap-rep2-X/regulons_50_TF.tsv vs 10x-rep1-kallisto-cellbender-X/regulons_50_TF.tsv	bd-rhap-rep2-X/regulons_50_TF.tsv	10x-rep1-kallisto-cellbender-X/regulons_50_TF.tsv
3069	b_cells	IKZF3	0.2345679012345679	50	50	50	50	bd-rhap-rep2-X/regulons_50_TF.tsv vs 10x-rep1-kallisto-cellbender-X/regulons_50_TF.tsv	bd-rhap-rep2-X/regulons_50_TF.tsv	10x-rep1-kallisto-cellbender-X/regulons_50_TF.tsv
3070	pDC	ZEB2	0.0989010989010989	50	50	50	50	bd-rhap-rep2-X/regulons_50_TF.tsv vs 10x-rep1-kallisto-cellbender-X/regulons_50_TF.tsv	bd-rhap-rep2-X/regulons_50_TF.tsv	10x-rep1-kallisto-cellbender-X/regulons_50_TF.tsv
3071	cd4+_tcells	ETS1	0.3698630136986301	50	50	50	50	bd-rhap-rep2-X/regulons_50_TF.tsv vs 10x-rep1-kallisto-cellbender-X/regulons_50_TF.tsv	bd-rhap-rep2-X/regulons_50_TF.tsv	10x-rep1-kallisto-cellbender-X/regulons_50_TF.tsv
3072	nk_cells	RORA	0.26582278481012656	50	50	50	50	bd-rhap-rep2-X/regulons_50_TF.tsv vs 10x-rep1-kallisto-cellbender-X/regulons_50_TF.tsv	bd-rhap-rep2-X/regulons_50_TF.tsv	10x-rep1-kallisto-cellbender-X/regulons_50_TF.tsv
3073	pDC	BTG2	0.041666666666666664	50	50	50	50	bd-rhap-rep2-X/regulons_50_TF.tsv vs 10x-rep1-kallisto-cellbender-X/regulons_50_TF.tsv	bd-rhap-rep2-X/regulons_50_TF.tsv	10x-rep1-kallisto-cellbender-X/regulons_50_TF.tsv
3074	b_cells	IRF8	0.20481927710843373	50	50	50	50	bd-rhap-rep2-X/regulons_50_TF.tsv vs 10x-rep1-kallisto-cellbender-X/regulons_50_TF.tsv	bd-rhap-rep2-X/regulons_50_TF.tsv	10x-rep1-kallisto-cellbender-X/regulons_50_TF.tsv
3075	cd8+_tcells	ETS1	0.3157894736842105	50	50	50	50	bd-rhap-rep2-X/regulons_50_TF.tsv vs 10x-rep1-kallisto-cellbender-X/regulons_50_TF.tsv	bd-rhap-rep2-X/regulons_50_TF.tsv	10x-rep1-kallisto-cellbender-X/regulons_50_TF.tsv
3076	cd8+_tcells	TCF7	0.26582278481012656	50	50	50	50	bd-rhap-rep2-X/regulons_50_TF.tsv vs 10x-rep1-kallisto-cellbender-X/regulons_50_TF.tsv	bd-rhap-rep2-X/regulons_50_TF.tsv	10x-rep1-kallisto-cellbender-X/regulons_50_TF.tsv
3077	cd4+_tcells	TCF7	0.26582278481012656	50	50	50	50	bd-rhap-rep2-X/regulons_50_TF.tsv vs 10x-rep1-kallisto-cellbender-X/regulons_50_TF.tsv	bd-rhap-rep2-X/regulons_50_TF.tsv	10x-rep1-kallisto-cellbender-X/regulons_50_TF.tsv
3078	pDC	BCL11A	0.3157894736842105	50	50	50	50	bd-rhap-rep2-X/regulons_50_TF.tsv vs 10x-rep1-kallisto-cellbender-X/regulons_50_TF.tsv	bd-rhap-rep2-X/regulons_50_TF.tsv	10x-rep1-kallisto-cellbender-X/regulons_50_TF.tsv
3079	b_cells	SP140	0.17647058823529413	50	50	50	50	bd-rhap-rep2-X/regulons_50_TF.tsv vs 10x-rep1-kallisto-cellbender-X/regulons_50_TF.tsv	bd-rhap-rep2-X/regulons_50_TF.tsv	10x-rep1-kallisto-cellbender-X/regulons_50_TF.tsv
3080	cd14-_monocytes	RUNX3	0.16279069767441862	50	50	50	50	bd-rhap-rep2-X/regulons_50_TF.tsv vs 10x-rep1-kallisto-cellbender-X/regulons_50_TF.tsv	bd-rhap-rep2-X/regulons_50_TF.tsv	10x-rep1-kallisto-cellbender-X/regulons_50_TF.tsv
3081	pDC	TCF4	0.2987012987012987	50	50	50	50	bd-rhap-rep2-X/regulons_50_TF.tsv vs 10x-rep1-kallisto-cellbender-X/regulons_50_TF.tsv	bd-rhap-rep2-X/regulons_50_TF.tsv	10x-rep1-kallisto-cellbender-X/regulons_50_TF.tsv
3082	nk_cells	RUNX3	0.25	50	50	50	50	bd-rhap-rep2-X/regulons_50_TF.tsv vs 10x-rep1-kallisto-cellbender-X/regulons_50_TF.tsv	bd-rhap-rep2-X/regulons_50_TF.tsv	10x-rep1-kallisto-cellbender-X/regulons_50_TF.tsv
3083	cd14+_monocytes	IRF8	0.0989010989010989	50	50	50	50	bd-rhap-rep2-X/regulons_50_TF.tsv vs 10x-rep1-kallisto-cellbender-X/regulons_50_TF.tsv	bd-rhap-rep2-X/regulons_50_TF.tsv	10x-rep1-kallisto-cellbender-X/regulons_50_TF.tsv
3084	nk_cells	HOPX	0.19047619047619047	50	50	50	50	bd-rhap-rep2-X/regulons_50_TF.tsv vs 10x-rep1-kallisto-cellbender-X/regulons_50_TF.tsv	bd-rhap-rep2-X/regulons_50_TF.tsv	10x-rep1-kallisto-cellbender-X/regulons_50_TF.tsv
3085	pDC	ETS1	0.1111111111111111	50	50	50	50	bd-rhap-rep2-X/regulons_50_TF.tsv vs 10x-rep1-kallisto-cellbender-X/regulons_50_TF.tsv	bd-rhap-rep2-X/regulons_50_TF.tsv	10x-rep1-kallisto-cellbender-X/regulons_50_TF.tsv
3086	cd14-_monocytes	NR4A1	0.12359550561797752	50	50	50	50	bd-rhap-rep2-X/regulons_50_TF.tsv vs 10x-rep1-kallisto-cellbender-X/regulons_50_TF.tsv	bd-rhap-rep2-X/regulons_50_TF.tsv	10x-rep1-kallisto-cellbender-X/regulons_50_TF.tsv
3087	DC	NR4A1	0.0989010989010989	50	50	50	50	bd-rhap-rep2-X/regulons_50_TF.tsv vs 10x-rep1-kallisto-cellbender-X/regulons_50_TF.tsv	bd-rhap-rep2-X/regulons_50_TF.tsv	10x-rep1-kallisto-cellbender-X/regulons_50_TF.tsv
3088	cd14+_monocytes	EGR1	0.16279069767441862	50	50	50	50	bd-rhap-rep2-X/regulons_50_TF.tsv vs 10x-rep1-kallisto-cellbender-X/regulons_50_TF.tsv	bd-rhap-rep2-X/regulons_50_TF.tsv	10x-rep1-kallisto-cellbender-X/regulons_50_TF.tsv
3089	cd14+_monocytes	ID2	0.17647058823529413	50	50	50	50	bd-rhap-rep2-X/regulons_50_TF.tsv vs 10x-rep1-kallisto-cellbender-X/regulons_50_TF.tsv	bd-rhap-rep2-X/regulons_50_TF.tsv	10x-rep1-kallisto-cellbender-X/regulons_50_TF.tsv
3090	DC	IRF7	0.041666666666666664	50	50	50	50	bd-rhap-rep2-X/regulons_50_TF.tsv vs 10x-rep1-kallisto-cellbender-X/regulons_50_TF.tsv	bd-rhap-rep2-X/regulons_50_TF.tsv	10x-rep1-kallisto-cellbender-X/regulons_50_TF.tsv
3091	b_cells	BTG2	0.0989010989010989	50	50	50	50	bd-rhap-rep2-X/regulons_50_TF.tsv vs 10x-rep1-kallisto-cellbender-X/regulons_50_TF.tsv	bd-rhap-rep2-X/regulons_50_TF.tsv	10x-rep1-kallisto-cellbender-X/regulons_50_TF.tsv
3092	cd14-_monocytes	TCF7L2	0.16279069767441862	50	50	50	50	bd-rhap-rep2-X/regulons_50_TF.tsv vs 10x-rep1-kallisto-cellbender-X/regulons_50_TF.tsv	bd-rhap-rep2-X/regulons_50_TF.tsv	10x-rep1-kallisto-cellbender-X/regulons_50_TF.tsv
3093	b_cells	BCL11A	0.20481927710843373	50	50	50	50	bd-rhap-rep2-X/regulons_50_TF.tsv vs 10x-rep1-kallisto-cellbender-X/regulons_50_TF.tsv	bd-rhap-rep2-X/regulons_50_TF.tsv	10x-rep1-kallisto-cellbender-X/regulons_50_TF.tsv
3094	cd14-_monocytes	ID2	0.1111111111111111	50	50	50	50	bd-rhap-rep2-X/regulons_50_TF.tsv vs 10x-rep1-kallisto-cellbender-X/regulons_50_TF.tsv	bd-rhap-rep2-X/regulons_50_TF.tsv	10x-rep1-kallisto-cellbender-X/regulons_50_TF.tsv
3095	DC	IRF8	0.16279069767441862	50	50	50	50	bd-rhap-rep2-X/regulons_50_TF.tsv vs 10x-rep1-kallisto-cellbender-X/regulons_50_TF.tsv	bd-rhap-rep2-X/regulons_50_TF.tsv	10x-rep1-kallisto-cellbender-X/regulons_50_TF.tsv
3096	cd4+_tcells	LEF1	0.13636363636363635	50	50	50	50	bd-rhap-rep2-X/regulons_50_TF.tsv vs 10x-rep1-kallisto-cellbender-X/regulons_50_TF.tsv	bd-rhap-rep2-X/regulons_50_TF.tsv	10x-rep1-kallisto-cellbender-X/regulons_50_TF.tsv
3097	cd8+_tcells	RORA	0.25	50	50	50	50	bd-rhap-rep2-X/regulons_50_TF.tsv vs 10x-rep1-kallisto-cellbender-X/regulons_50_TF.tsv	bd-rhap-rep2-X/regulons_50_TF.tsv	10x-rep1-kallisto-cellbender-X/regulons_50_TF.tsv
3098	nk_cells	ID2	0.17647058823529413	50	50	50	50	bd-rhap-rep2-X/regulons_50_TF.tsv vs 10x-rep1-kallisto-cellbender-X/regulons_50_TF.tsv	bd-rhap-rep2-X/regulons_50_TF.tsv	10x-rep1-kallisto-cellbender-X/regulons_50_TF.tsv
3099	cd4+_tcells	RORA	0.23076923076923078	50	46	50	50	bd-rhap-rep2-X/regulons_50_TF.tsv vs 10x-rep1-kallisto-cellbender-X/regulons_50_TF.tsv	bd-rhap-rep2-X/regulons_50_TF.tsv	10x-rep1-kallisto-cellbender-X/regulons_50_TF.tsv
3100	DC	ID2	0.14942528735632185	50	50	50	50	bd-rhap-rep2-X/regulons_50_TF.tsv vs 10x-rep1-kallisto-cellbender-X/regulons_50_TF.tsv	bd-rhap-rep2-X/regulons_50_TF.tsv	10x-rep1-kallisto-cellbender-X/regulons_50_TF.tsv
3101	cd14+_monocytes	ZEB2	0.12359550561797752	50	50	50	50	bd-rhap-rep2-X/regulons_50_TF.tsv vs 10x-rep1-kallisto-cellbender-X/regulons_50_TF.tsv	bd-rhap-rep2-X/regulons_50_TF.tsv	10x-rep1-kallisto-cellbender-X/regulons_50_TF.tsv
3102	b_cells	ETS1	0.0684931506849315	50	28	50	50	bd-rhap-rep2-X/regulons_50_TF.tsv vs 10x-rep1-kallisto-cellbender-X/regulons_50_TF.tsv	bd-rhap-rep2-X/regulons_50_TF.tsv	10x-rep1-kallisto-cellbender-X/regulons_50_TF.tsv
3103	pDC	SOX4	0.25	50	50	50	50	bd-rhap-rep2-X/regulons_50_TF.tsv vs 10x-rep1-kallisto-cellbender-X/regulons_50_TF.tsv	bd-rhap-rep2-X/regulons_50_TF.tsv	10x-rep1-kallisto-cellbender-X/regulons_50_TF.tsv
3104	cd14+_monocytes	BTG2	0.12359550561797752	50	50	50	50	bd-rhap-rep2-X/regulons_50_TF.tsv vs 10x-rep1-kallisto-cellbender-X/regulons_50_TF.tsv	bd-rhap-rep2-X/regulons_50_TF.tsv	10x-rep1-kallisto-cellbender-X/regulons_50_TF.tsv
3105	b_cells	TCF4	0.17721518987341772	50	43	50	50	bd-rhap-rep2-X/regulons_50_TF.tsv vs 10x-rep1-kallisto-cellbender-X/regulons_50_TF.tsv	bd-rhap-rep2-X/regulons_50_TF.tsv	10x-rep1-kallisto-cellbender-X/regulons_50_TF.tsv
3106	cd14-_monocytes	ZEB2	0.12359550561797752	50	50	50	50	bd-rhap-rep2-X/regulons_50_TF.tsv vs 10x-rep1-kallisto-cellbender-X/regulons_50_TF.tsv	bd-rhap-rep2-X/regulons_50_TF.tsv	10x-rep1-kallisto-cellbender-X/regulons_50_TF.tsv
