	cluster	source	jaccard_score	size_a	size_b	threshold	top_regulons	comparison	file_a	file_b
0	pDC	HLA-DQB1	0.6666666666666666	10	10	10	5	bd-rhap-rep1-X/regulons_10.tsv vs bd-rhap-rep2-X/regulons_10.tsv	bd-rhap-rep1-X/regulons_10.tsv	bd-rhap-rep2-X/regulons_10.tsv
1	nk_cells	TAGLN2	0.25	10	10	10	5	bd-rhap-rep1-X/regulons_10.tsv vs bd-rhap-rep2-X/regulons_10.tsv	bd-rhap-rep1-X/regulons_10.tsv	bd-rhap-rep2-X/regulons_10.tsv
2	DC	HLA-DRB1	0.6666666666666666	10	10	10	5	bd-rhap-rep1-X/regulons_10.tsv vs bd-rhap-rep2-X/regulons_10.tsv	bd-rhap-rep1-X/regulons_10.tsv	bd-rhap-rep2-X/regulons_10.tsv
3	cd14+_monocytes	VOPP1	0.25	10	10	10	5	bd-rhap-rep1-X/regulons_10.tsv vs bd-rhap-rep2-X/regulons_10.tsv	bd-rhap-rep1-X/regulons_10.tsv	bd-rhap-rep2-X/regulons_10.tsv
4	cd4+_tcells	NIBAN1	0.05263157894736842	10	10	10	5	bd-rhap-rep1-X/regulons_10.tsv vs bd-rhap-rep2-X/regulons_10.tsv	bd-rhap-rep1-X/regulons_10.tsv	bd-rhap-rep2-X/regulons_10.tsv
5	cd14-_monocytes	HLA-DPA1	0.5384615384615384	10	10	10	5	bd-rhap-rep1-X/regulons_10.tsv vs bd-rhap-rep2-X/regulons_10.tsv	bd-rhap-rep1-X/regulons_10.tsv	bd-rhap-rep2-X/regulons_10.tsv
6	nk_cells	VOPP1	0.42857142857142855	10	10	10	5	bd-rhap-rep1-X/regulons_10.tsv vs bd-rhap-rep2-X/regulons_10.tsv	bd-rhap-rep1-X/regulons_10.tsv	bd-rhap-rep2-X/regulons_10.tsv
7	pDC	HLA-DPA1	0.8181818181818182	10	10	10	5	bd-rhap-rep1-X/regulons_10.tsv vs bd-rhap-rep2-X/regulons_10.tsv	bd-rhap-rep1-X/regulons_10.tsv	bd-rhap-rep2-X/regulons_10.tsv
8	DC	HLA-DPB1	0.6666666666666666	10	10	10	5	bd-rhap-rep1-X/regulons_10.tsv vs bd-rhap-rep2-X/regulons_10.tsv	bd-rhap-rep1-X/regulons_10.tsv	bd-rhap-rep2-X/regulons_10.tsv
9	cd4+_tcells	VOPP1	0.42857142857142855	10	10	10	5	bd-rhap-rep1-X/regulons_10.tsv vs bd-rhap-rep2-X/regulons_10.tsv	bd-rhap-rep1-X/regulons_10.tsv	bd-rhap-rep2-X/regulons_10.tsv
10	b_cells	HLA-DQA1	0.5384615384615384	10	10	10	5	bd-rhap-rep1-X/regulons_10.tsv vs bd-rhap-rep2-X/regulons_10.tsv	bd-rhap-rep1-X/regulons_10.tsv	bd-rhap-rep2-X/regulons_10.tsv
11	DC	HLA-DPA1	0.6666666666666666	10	10	10	5	bd-rhap-rep1-X/regulons_10.tsv vs bd-rhap-rep2-X/regulons_10.tsv	bd-rhap-rep1-X/regulons_10.tsv	bd-rhap-rep2-X/regulons_10.tsv
12	DC	HLA-DQB1	0.8181818181818182	10	10	10	5	bd-rhap-rep1-X/regulons_10.tsv vs bd-rhap-rep2-X/regulons_10.tsv	bd-rhap-rep1-X/regulons_10.tsv	bd-rhap-rep2-X/regulons_10.tsv
13	DC	HLA-DQA1	0.6666666666666666	10	10	10	5	bd-rhap-rep1-X/regulons_10.tsv vs bd-rhap-rep2-X/regulons_10.tsv	bd-rhap-rep1-X/regulons_10.tsv	bd-rhap-rep2-X/regulons_10.tsv
14	cd14+_monocytes	UVRAG	0.6666666666666666	10	10	10	5	bd-rhap-rep1-X/regulons_10.tsv vs bd-rhap-rep2-X/regulons_10.tsv	bd-rhap-rep1-X/regulons_10.tsv	bd-rhap-rep2-X/regulons_10.tsv
15	cd8+_tcells	HLA-DPB1	0.6666666666666666	10	10	10	5	bd-rhap-rep1-X/regulons_10.tsv vs bd-rhap-rep2-X/regulons_10.tsv	bd-rhap-rep1-X/regulons_10.tsv	bd-rhap-rep2-X/regulons_10.tsv
16	pDC	CD74	0.6666666666666666	10	10	10	5	bd-rhap-rep1-X/regulons_10.tsv vs bd-rhap-rep2-X/regulons_10.tsv	bd-rhap-rep1-X/regulons_10.tsv	bd-rhap-rep2-X/regulons_10.tsv
17	b_cells	HLA-DQB1	0.6666666666666666	10	10	10	5	bd-rhap-rep1-X/regulons_10.tsv vs bd-rhap-rep2-X/regulons_10.tsv	bd-rhap-rep1-X/regulons_10.tsv	bd-rhap-rep2-X/regulons_10.tsv
18	nk_cells	TAGLN2	0.05263157894736842	10	10	10	5	bd-rhap-rep1-X/regulons_10.tsv vs 10x-rep1-kallisto-cellbender-X/regulons_10.tsv	bd-rhap-rep1-X/regulons_10.tsv	10x-rep1-kallisto-cellbender-X/regulons_10.tsv
19	b_cells	HLA-DPB1	0.42857142857142855	10	10	10	5	bd-rhap-rep1-X/regulons_10.tsv vs 10x-rep1-kallisto-cellbender-X/regulons_10.tsv	bd-rhap-rep1-X/regulons_10.tsv	10x-rep1-kallisto-cellbender-X/regulons_10.tsv
20	cd14-_monocytes	HLA-DQB1	0.8181818181818182	10	10	10	5	bd-rhap-rep1-X/regulons_10.tsv vs 10x-rep1-kallisto-cellbender-X/regulons_10.tsv	bd-rhap-rep1-X/regulons_10.tsv	10x-rep1-kallisto-cellbender-X/regulons_10.tsv
21	pDC	HLA-DQB1	0.42857142857142855	10	10	10	5	bd-rhap-rep1-X/regulons_10.tsv vs 10x-rep1-kallisto-cellbender-X/regulons_10.tsv	bd-rhap-rep1-X/regulons_10.tsv	10x-rep1-kallisto-cellbender-X/regulons_10.tsv
22	b_cells	HLA-DQB1	0.42857142857142855	10	10	10	5	bd-rhap-rep1-X/regulons_10.tsv vs 10x-rep1-kallisto-cellbender-X/regulons_10.tsv	bd-rhap-rep1-X/regulons_10.tsv	10x-rep1-kallisto-cellbender-X/regulons_10.tsv
23	b_cells	HLA-DQA1	0.42857142857142855	10	10	10	5	bd-rhap-rep1-X/regulons_10.tsv vs 10x-rep1-kallisto-cellbender-X/regulons_10.tsv	bd-rhap-rep1-X/regulons_10.tsv	10x-rep1-kallisto-cellbender-X/regulons_10.tsv
24	pDC	CST3	0.25	10	10	10	5	bd-rhap-rep1-X/regulons_10.tsv vs 10x-rep1-kallisto-cellbender-X/regulons_10.tsv	bd-rhap-rep1-X/regulons_10.tsv	10x-rep1-kallisto-cellbender-X/regulons_10.tsv
25	pDC	HLA-DPA1	0.5384615384615384	10	10	10	5	bd-rhap-rep1-X/regulons_10.tsv vs 10x-rep1-kallisto-cellbender-X/regulons_10.tsv	bd-rhap-rep1-X/regulons_10.tsv	10x-rep1-kallisto-cellbender-X/regulons_10.tsv
26	DC	HLA-DPB1	0.8181818181818182	10	10	10	5	bd-rhap-rep1-X/regulons_10.tsv vs 10x-rep1-kallisto-cellbender-X/regulons_10.tsv	bd-rhap-rep1-X/regulons_10.tsv	10x-rep1-kallisto-cellbender-X/regulons_10.tsv
27	DC	HLA-DRB1	0.6666666666666666	10	10	10	5	bd-rhap-rep1-X/regulons_10.tsv vs 10x-rep1-kallisto-cellbender-X/regulons_10.tsv	bd-rhap-rep1-X/regulons_10.tsv	10x-rep1-kallisto-cellbender-X/regulons_10.tsv
28	nk_cells	TAGLN2	0.17647058823529413	10	10	10	5	bd-rhap-rep2-X/regulons_10.tsv vs 10x-rep1-kallisto-cellbender-X/regulons_10.tsv	bd-rhap-rep2-X/regulons_10.tsv	10x-rep1-kallisto-cellbender-X/regulons_10.tsv
29	nk_cells	IFITM2	0.17647058823529413	10	10	10	5	bd-rhap-rep2-X/regulons_10.tsv vs 10x-rep1-kallisto-cellbender-X/regulons_10.tsv	bd-rhap-rep2-X/regulons_10.tsv	10x-rep1-kallisto-cellbender-X/regulons_10.tsv
30	cd4+_tcells	TAGLN2	0.3333333333333333	10	10	10	5	bd-rhap-rep2-X/regulons_10.tsv vs 10x-rep1-kallisto-cellbender-X/regulons_10.tsv	bd-rhap-rep2-X/regulons_10.tsv	10x-rep1-kallisto-cellbender-X/regulons_10.tsv
31	cd14-_monocytes	HLA-DPB1	0.42857142857142855	10	10	10	5	bd-rhap-rep2-X/regulons_10.tsv vs 10x-rep1-kallisto-cellbender-X/regulons_10.tsv	bd-rhap-rep2-X/regulons_10.tsv	10x-rep1-kallisto-cellbender-X/regulons_10.tsv
32	pDC	HLA-DQB1	0.42857142857142855	10	10	10	5	bd-rhap-rep2-X/regulons_10.tsv vs 10x-rep1-kallisto-cellbender-X/regulons_10.tsv	bd-rhap-rep2-X/regulons_10.tsv	10x-rep1-kallisto-cellbender-X/regulons_10.tsv
33	b_cells	HLA-DQB1	0.42857142857142855	10	10	10	5	bd-rhap-rep2-X/regulons_10.tsv vs 10x-rep1-kallisto-cellbender-X/regulons_10.tsv	bd-rhap-rep2-X/regulons_10.tsv	10x-rep1-kallisto-cellbender-X/regulons_10.tsv
34	b_cells	HLA-DQA1	0.5384615384615384	10	10	10	5	bd-rhap-rep2-X/regulons_10.tsv vs 10x-rep1-kallisto-cellbender-X/regulons_10.tsv	bd-rhap-rep2-X/regulons_10.tsv	10x-rep1-kallisto-cellbender-X/regulons_10.tsv
35	pDC	HLA-DPA1	0.42857142857142855	10	10	10	5	bd-rhap-rep2-X/regulons_10.tsv vs 10x-rep1-kallisto-cellbender-X/regulons_10.tsv	bd-rhap-rep2-X/regulons_10.tsv	10x-rep1-kallisto-cellbender-X/regulons_10.tsv
36	DC	HLA-DPB1	0.5384615384615384	10	10	10	5	bd-rhap-rep2-X/regulons_10.tsv vs 10x-rep1-kallisto-cellbender-X/regulons_10.tsv	bd-rhap-rep2-X/regulons_10.tsv	10x-rep1-kallisto-cellbender-X/regulons_10.tsv
37	pDC	HLA-DPB1	0.42857142857142855	10	10	10	5	bd-rhap-rep2-X/regulons_10.tsv vs 10x-rep1-kallisto-cellbender-X/regulons_10.tsv	bd-rhap-rep2-X/regulons_10.tsv	10x-rep1-kallisto-cellbender-X/regulons_10.tsv
38	cd14-_monocytes	HLA-DQA1	0.42857142857142855	10	10	10	5	bd-rhap-rep2-X/regulons_10.tsv vs 10x-rep1-kallisto-cellbender-X/regulons_10.tsv	bd-rhap-rep2-X/regulons_10.tsv	10x-rep1-kallisto-cellbender-X/regulons_10.tsv
39	DC	HLA-DRB1	0.5384615384615384	10	10	10	5	bd-rhap-rep2-X/regulons_10.tsv vs 10x-rep1-kallisto-cellbender-X/regulons_10.tsv	bd-rhap-rep2-X/regulons_10.tsv	10x-rep1-kallisto-cellbender-X/regulons_10.tsv
40	cd14+_monocytes	VOPP1	0.25	20	20	20	5	bd-rhap-rep1-X/regulons_20.tsv vs bd-rhap-rep2-X/regulons_20.tsv	bd-rhap-rep1-X/regulons_20.tsv	bd-rhap-rep2-X/regulons_20.tsv
41	b_cells	HLA-DPB1	0.6666666666666666	20	20	20	5	bd-rhap-rep1-X/regulons_20.tsv vs bd-rhap-rep2-X/regulons_20.tsv	bd-rhap-rep1-X/regulons_20.tsv	bd-rhap-rep2-X/regulons_20.tsv
42	b_cells	HLA-DPA1	0.7391304347826086	20	20	20	5	bd-rhap-rep1-X/regulons_20.tsv vs bd-rhap-rep2-X/regulons_20.tsv	bd-rhap-rep1-X/regulons_20.tsv	bd-rhap-rep2-X/regulons_20.tsv
43	cd4+_tcells	NIBAN1	0.06896551724137931	20	11	20	5	bd-rhap-rep1-X/regulons_20.tsv vs bd-rhap-rep2-X/regulons_20.tsv	bd-rhap-rep1-X/regulons_20.tsv	bd-rhap-rep2-X/regulons_20.tsv
44	pDC	HLA-DQB1	0.5384615384615384	20	20	20	5	bd-rhap-rep1-X/regulons_20.tsv vs bd-rhap-rep2-X/regulons_20.tsv	bd-rhap-rep1-X/regulons_20.tsv	bd-rhap-rep2-X/regulons_20.tsv
45	cd14-_monocytes	VOPP1	0.48148148148148145	20	20	20	5	bd-rhap-rep1-X/regulons_20.tsv vs bd-rhap-rep2-X/regulons_20.tsv	bd-rhap-rep1-X/regulons_20.tsv	bd-rhap-rep2-X/regulons_20.tsv
46	DC	HLA-DPB1	0.6666666666666666	20	20	20	5	bd-rhap-rep1-X/regulons_20.tsv vs bd-rhap-rep2-X/regulons_20.tsv	bd-rhap-rep1-X/regulons_20.tsv	bd-rhap-rep2-X/regulons_20.tsv
47	cd4+_tcells	VOPP1	0.6	20	20	20	5	bd-rhap-rep1-X/regulons_20.tsv vs bd-rhap-rep2-X/regulons_20.tsv	bd-rhap-rep1-X/regulons_20.tsv	bd-rhap-rep2-X/regulons_20.tsv
48	b_cells	HLA-DQA1	0.5384615384615384	20	20	20	5	bd-rhap-rep1-X/regulons_20.tsv vs bd-rhap-rep2-X/regulons_20.tsv	bd-rhap-rep1-X/regulons_20.tsv	bd-rhap-rep2-X/regulons_20.tsv
49	b_cells	HLA-DRB1	0.6	20	20	20	5	bd-rhap-rep1-X/regulons_20.tsv vs bd-rhap-rep2-X/regulons_20.tsv	bd-rhap-rep1-X/regulons_20.tsv	bd-rhap-rep2-X/regulons_20.tsv
50	cd8+_tcells	HLA-DPB1	0.6666666666666666	20	20	20	5	bd-rhap-rep1-X/regulons_20.tsv vs bd-rhap-rep2-X/regulons_20.tsv	bd-rhap-rep1-X/regulons_20.tsv	bd-rhap-rep2-X/regulons_20.tsv
51	DC	HLA-DQB1	0.48148148148148145	20	20	20	5	bd-rhap-rep1-X/regulons_20.tsv vs bd-rhap-rep2-X/regulons_20.tsv	bd-rhap-rep1-X/regulons_20.tsv	bd-rhap-rep2-X/regulons_20.tsv
52	pDC	HLA-DQA1	0.7391304347826086	20	20	20	5	bd-rhap-rep1-X/regulons_20.tsv vs bd-rhap-rep2-X/regulons_20.tsv	bd-rhap-rep1-X/regulons_20.tsv	bd-rhap-rep2-X/regulons_20.tsv
53	b_cells	HLA-DQB1	0.48148148148148145	20	20	20	5	bd-rhap-rep1-X/regulons_20.tsv vs bd-rhap-rep2-X/regulons_20.tsv	bd-rhap-rep1-X/regulons_20.tsv	bd-rhap-rep2-X/regulons_20.tsv
54	cd14-_monocytes	HLA-DQA1	0.48148148148148145	20	20	20	5	bd-rhap-rep1-X/regulons_20.tsv vs bd-rhap-rep2-X/regulons_20.tsv	bd-rhap-rep1-X/regulons_20.tsv	bd-rhap-rep2-X/regulons_20.tsv
55	DC	HLA-DQA1	0.48148148148148145	20	20	20	5	bd-rhap-rep1-X/regulons_20.tsv vs bd-rhap-rep2-X/regulons_20.tsv	bd-rhap-rep1-X/regulons_20.tsv	bd-rhap-rep2-X/regulons_20.tsv
56	DC	FOS	0.14285714285714285	20	20	20	5	bd-rhap-rep1-X/regulons_20.tsv vs 10x-rep1-kallisto-cellbender-X/regulons_20.tsv	bd-rhap-rep1-X/regulons_20.tsv	10x-rep1-kallisto-cellbender-X/regulons_20.tsv
57	cd14-_monocytes	CPVL	0.48148148148148145	20	20	20	5	bd-rhap-rep1-X/regulons_20.tsv vs 10x-rep1-kallisto-cellbender-X/regulons_20.tsv	bd-rhap-rep1-X/regulons_20.tsv	10x-rep1-kallisto-cellbender-X/regulons_20.tsv
58	b_cells	HLA-DPB1	0.25	20	20	20	5	bd-rhap-rep1-X/regulons_20.tsv vs 10x-rep1-kallisto-cellbender-X/regulons_20.tsv	bd-rhap-rep1-X/regulons_20.tsv	10x-rep1-kallisto-cellbender-X/regulons_20.tsv
59	cd14-_monocytes	HLA-DQB1	0.3333333333333333	20	20	20	5	bd-rhap-rep1-X/regulons_20.tsv vs 10x-rep1-kallisto-cellbender-X/regulons_20.tsv	bd-rhap-rep1-X/regulons_20.tsv	10x-rep1-kallisto-cellbender-X/regulons_20.tsv
60	pDC	HLA-DQB1	0.48148148148148145	20	20	20	5	bd-rhap-rep1-X/regulons_20.tsv vs 10x-rep1-kallisto-cellbender-X/regulons_20.tsv	bd-rhap-rep1-X/regulons_20.tsv	10x-rep1-kallisto-cellbender-X/regulons_20.tsv
61	b_cells	HLA-DQB1	0.2903225806451613	20	20	20	5	bd-rhap-rep1-X/regulons_20.tsv vs 10x-rep1-kallisto-cellbender-X/regulons_20.tsv	bd-rhap-rep1-X/regulons_20.tsv	10x-rep1-kallisto-cellbender-X/regulons_20.tsv
62	b_cells	HLA-DQA1	0.2903225806451613	20	20	20	5	bd-rhap-rep1-X/regulons_20.tsv vs 10x-rep1-kallisto-cellbender-X/regulons_20.tsv	bd-rhap-rep1-X/regulons_20.tsv	10x-rep1-kallisto-cellbender-X/regulons_20.tsv
63	b_cells	HLA-DRB1	0.2903225806451613	20	20	20	5	bd-rhap-rep1-X/regulons_20.tsv vs 10x-rep1-kallisto-cellbender-X/regulons_20.tsv	bd-rhap-rep1-X/regulons_20.tsv	10x-rep1-kallisto-cellbender-X/regulons_20.tsv
64	cd14-_monocytes	HLA-DQA1	0.3333333333333333	20	20	20	5	bd-rhap-rep1-X/regulons_20.tsv vs 10x-rep1-kallisto-cellbender-X/regulons_20.tsv	bd-rhap-rep1-X/regulons_20.tsv	10x-rep1-kallisto-cellbender-X/regulons_20.tsv
65	cd14+_monocytes	CPVL	0.2903225806451613	20	20	20	5	bd-rhap-rep1-X/regulons_20.tsv vs 10x-rep1-kallisto-cellbender-X/regulons_20.tsv	bd-rhap-rep1-X/regulons_20.tsv	10x-rep1-kallisto-cellbender-X/regulons_20.tsv
66	nk_cells	TAGLN2	0.21212121212121213	20	20	20	5	bd-rhap-rep2-X/regulons_20.tsv vs 10x-rep1-kallisto-cellbender-X/regulons_20.tsv	bd-rhap-rep2-X/regulons_20.tsv	10x-rep1-kallisto-cellbender-X/regulons_20.tsv
67	nk_cells	IFITM2	0.17647058823529413	20	20	20	5	bd-rhap-rep2-X/regulons_20.tsv vs 10x-rep1-kallisto-cellbender-X/regulons_20.tsv	bd-rhap-rep2-X/regulons_20.tsv	10x-rep1-kallisto-cellbender-X/regulons_20.tsv
68	b_cells	HLA-DPB1	0.25	20	20	20	5	bd-rhap-rep2-X/regulons_20.tsv vs 10x-rep1-kallisto-cellbender-X/regulons_20.tsv	bd-rhap-rep2-X/regulons_20.tsv	10x-rep1-kallisto-cellbender-X/regulons_20.tsv
69	pDC	HLA-DQB1	0.2903225806451613	20	20	20	5	bd-rhap-rep2-X/regulons_20.tsv vs 10x-rep1-kallisto-cellbender-X/regulons_20.tsv	bd-rhap-rep2-X/regulons_20.tsv	10x-rep1-kallisto-cellbender-X/regulons_20.tsv
70	b_cells	HLA-DQB1	0.2903225806451613	20	20	20	5	bd-rhap-rep2-X/regulons_20.tsv vs 10x-rep1-kallisto-cellbender-X/regulons_20.tsv	bd-rhap-rep2-X/regulons_20.tsv	10x-rep1-kallisto-cellbender-X/regulons_20.tsv
71	b_cells	HLA-DQA1	0.3793103448275862	20	20	20	5	bd-rhap-rep2-X/regulons_20.tsv vs 10x-rep1-kallisto-cellbender-X/regulons_20.tsv	bd-rhap-rep2-X/regulons_20.tsv	10x-rep1-kallisto-cellbender-X/regulons_20.tsv
72	pDC	HLA-DPA1	0.3333333333333333	20	20	20	5	bd-rhap-rep2-X/regulons_20.tsv vs 10x-rep1-kallisto-cellbender-X/regulons_20.tsv	bd-rhap-rep2-X/regulons_20.tsv	10x-rep1-kallisto-cellbender-X/regulons_20.tsv
73	b_cells	HLA-DRB1	0.3333333333333333	20	20	20	5	bd-rhap-rep2-X/regulons_20.tsv vs 10x-rep1-kallisto-cellbender-X/regulons_20.tsv	bd-rhap-rep2-X/regulons_20.tsv	10x-rep1-kallisto-cellbender-X/regulons_20.tsv
74	pDC	HLA-DPB1	0.3333333333333333	20	20	20	5	bd-rhap-rep2-X/regulons_20.tsv vs 10x-rep1-kallisto-cellbender-X/regulons_20.tsv	bd-rhap-rep2-X/regulons_20.tsv	10x-rep1-kallisto-cellbender-X/regulons_20.tsv
75	cd14-_monocytes	HLA-DQA1	0.21212121212121213	20	20	20	5	bd-rhap-rep2-X/regulons_20.tsv vs 10x-rep1-kallisto-cellbender-X/regulons_20.tsv	bd-rhap-rep2-X/regulons_20.tsv	10x-rep1-kallisto-cellbender-X/regulons_20.tsv
76	DC	HLA-DRB1	0.3333333333333333	20	20	20	5	bd-rhap-rep2-X/regulons_20.tsv vs 10x-rep1-kallisto-cellbender-X/regulons_20.tsv	bd-rhap-rep2-X/regulons_20.tsv	10x-rep1-kallisto-cellbender-X/regulons_20.tsv
77	cd14+_monocytes	VOPP1	0.3333333333333333	30	30	30	5	bd-rhap-rep1-X/regulons_30.tsv vs bd-rhap-rep2-X/regulons_30.tsv	bd-rhap-rep1-X/regulons_30.tsv	bd-rhap-rep2-X/regulons_30.tsv
78	b_cells	HLA-DPB1	0.6216216216216216	30	30	30	5	bd-rhap-rep1-X/regulons_30.tsv vs bd-rhap-rep2-X/regulons_30.tsv	bd-rhap-rep1-X/regulons_30.tsv	bd-rhap-rep2-X/regulons_30.tsv
79	cd14+_monocytes	HLA-DQA1	0.3333333333333333	30	30	30	5	bd-rhap-rep1-X/regulons_30.tsv vs bd-rhap-rep2-X/regulons_30.tsv	bd-rhap-rep1-X/regulons_30.tsv	bd-rhap-rep2-X/regulons_30.tsv
80	cd4+_tcells	NIBAN1	0.10810810810810811	30	11	30	5	bd-rhap-rep1-X/regulons_30.tsv vs bd-rhap-rep2-X/regulons_30.tsv	bd-rhap-rep1-X/regulons_30.tsv	bd-rhap-rep2-X/regulons_30.tsv
81	pDC	HLA-DQB1	0.5384615384615384	30	30	30	5	bd-rhap-rep1-X/regulons_30.tsv vs bd-rhap-rep2-X/regulons_30.tsv	bd-rhap-rep1-X/regulons_30.tsv	bd-rhap-rep2-X/regulons_30.tsv
82	b_cells	HLA-DQA1	0.4634146341463415	30	30	30	5	bd-rhap-rep1-X/regulons_30.tsv vs bd-rhap-rep2-X/regulons_30.tsv	bd-rhap-rep1-X/regulons_30.tsv	bd-rhap-rep2-X/regulons_30.tsv
83	DC	HLA-DPB1	0.5384615384615384	30	30	30	5	bd-rhap-rep1-X/regulons_30.tsv vs bd-rhap-rep2-X/regulons_30.tsv	bd-rhap-rep1-X/regulons_30.tsv	bd-rhap-rep2-X/regulons_30.tsv
84	cd4+_tcells	VOPP1	0.6216216216216216	30	30	30	5	bd-rhap-rep1-X/regulons_30.tsv vs bd-rhap-rep2-X/regulons_30.tsv	bd-rhap-rep1-X/regulons_30.tsv	bd-rhap-rep2-X/regulons_30.tsv
85	DC	HLA-DPA1	0.5384615384615384	30	30	30	5	bd-rhap-rep1-X/regulons_30.tsv vs bd-rhap-rep2-X/regulons_30.tsv	bd-rhap-rep1-X/regulons_30.tsv	bd-rhap-rep2-X/regulons_30.tsv
86	b_cells	HLA-DRB1	0.6216216216216216	30	30	30	5	bd-rhap-rep1-X/regulons_30.tsv vs bd-rhap-rep2-X/regulons_30.tsv	bd-rhap-rep1-X/regulons_30.tsv	bd-rhap-rep2-X/regulons_30.tsv
87	b_cells	HLA-DQB1	0.42857142857142855	30	30	30	5	bd-rhap-rep1-X/regulons_30.tsv vs bd-rhap-rep2-X/regulons_30.tsv	bd-rhap-rep1-X/regulons_30.tsv	bd-rhap-rep2-X/regulons_30.tsv
88	DC	HLA-DQB1	0.42857142857142855	30	30	30	5	bd-rhap-rep1-X/regulons_30.tsv vs bd-rhap-rep2-X/regulons_30.tsv	bd-rhap-rep1-X/regulons_30.tsv	bd-rhap-rep2-X/regulons_30.tsv
89	pDC	HLA-DQA1	0.7142857142857143	30	30	30	5	bd-rhap-rep1-X/regulons_30.tsv vs bd-rhap-rep2-X/regulons_30.tsv	bd-rhap-rep1-X/regulons_30.tsv	bd-rhap-rep2-X/regulons_30.tsv
90	pDC	HLA-DPB1	0.6666666666666666	30	30	30	5	bd-rhap-rep1-X/regulons_30.tsv vs bd-rhap-rep2-X/regulons_30.tsv	bd-rhap-rep1-X/regulons_30.tsv	bd-rhap-rep2-X/regulons_30.tsv
91	nk_cells	SELL	0.36363636363636365	30	30	30	5	bd-rhap-rep1-X/regulons_30.tsv vs bd-rhap-rep2-X/regulons_30.tsv	bd-rhap-rep1-X/regulons_30.tsv	bd-rhap-rep2-X/regulons_30.tsv
92	DC	HLA-DQA1	0.5	30	30	30	5	bd-rhap-rep1-X/regulons_30.tsv vs bd-rhap-rep2-X/regulons_30.tsv	bd-rhap-rep1-X/regulons_30.tsv	bd-rhap-rep2-X/regulons_30.tsv
93	cd4+_tcells	SELL	0.36363636363636365	30	30	30	5	bd-rhap-rep1-X/regulons_30.tsv vs bd-rhap-rep2-X/regulons_30.tsv	bd-rhap-rep1-X/regulons_30.tsv	bd-rhap-rep2-X/regulons_30.tsv
94	cd14-_monocytes	CPVL	0.42857142857142855	30	30	30	5	bd-rhap-rep1-X/regulons_30.tsv vs 10x-rep1-kallisto-cellbender-X/regulons_30.tsv	bd-rhap-rep1-X/regulons_30.tsv	10x-rep1-kallisto-cellbender-X/regulons_30.tsv
95	b_cells	HLA-DPB1	0.25	30	30	30	5	bd-rhap-rep1-X/regulons_30.tsv vs 10x-rep1-kallisto-cellbender-X/regulons_30.tsv	bd-rhap-rep1-X/regulons_30.tsv	10x-rep1-kallisto-cellbender-X/regulons_30.tsv
96	cd14-_monocytes	HLA-DPB1	0.2	30	30	30	5	bd-rhap-rep1-X/regulons_30.tsv vs 10x-rep1-kallisto-cellbender-X/regulons_30.tsv	bd-rhap-rep1-X/regulons_30.tsv	10x-rep1-kallisto-cellbender-X/regulons_30.tsv
97	pDC	HLA-DQB1	0.36363636363636365	30	30	30	5	bd-rhap-rep1-X/regulons_30.tsv vs 10x-rep1-kallisto-cellbender-X/regulons_30.tsv	bd-rhap-rep1-X/regulons_30.tsv	10x-rep1-kallisto-cellbender-X/regulons_30.tsv
98	b_cells	HLA-DQB1	0.30434782608695654	30	30	30	5	bd-rhap-rep1-X/regulons_30.tsv vs 10x-rep1-kallisto-cellbender-X/regulons_30.tsv	bd-rhap-rep1-X/regulons_30.tsv	10x-rep1-kallisto-cellbender-X/regulons_30.tsv
99	b_cells	HLA-DQA1	0.25	30	30	30	5	bd-rhap-rep1-X/regulons_30.tsv vs 10x-rep1-kallisto-cellbender-X/regulons_30.tsv	bd-rhap-rep1-X/regulons_30.tsv	10x-rep1-kallisto-cellbender-X/regulons_30.tsv
100	pDC	HLA-DPB1	0.3333333333333333	30	30	30	5	bd-rhap-rep1-X/regulons_30.tsv vs 10x-rep1-kallisto-cellbender-X/regulons_30.tsv	bd-rhap-rep1-X/regulons_30.tsv	10x-rep1-kallisto-cellbender-X/regulons_30.tsv
101	DC	HLA-DPA1	0.2765957446808511	30	30	30	5	bd-rhap-rep1-X/regulons_30.tsv vs 10x-rep1-kallisto-cellbender-X/regulons_30.tsv	bd-rhap-rep1-X/regulons_30.tsv	10x-rep1-kallisto-cellbender-X/regulons_30.tsv
102	nk_cells	IFITM2	0.25	30	30	30	5	bd-rhap-rep2-X/regulons_30.tsv vs 10x-rep1-kallisto-cellbender-X/regulons_30.tsv	bd-rhap-rep2-X/regulons_30.tsv	10x-rep1-kallisto-cellbender-X/regulons_30.tsv
103	cd4+_tcells	TAGLN2	0.15384615384615385	30	30	30	5	bd-rhap-rep2-X/regulons_30.tsv vs 10x-rep1-kallisto-cellbender-X/regulons_30.tsv	bd-rhap-rep2-X/regulons_30.tsv	10x-rep1-kallisto-cellbender-X/regulons_30.tsv
104	b_cells	HLA-DPB1	0.22448979591836735	30	30	30	5	bd-rhap-rep2-X/regulons_30.tsv vs 10x-rep1-kallisto-cellbender-X/regulons_30.tsv	bd-rhap-rep2-X/regulons_30.tsv	10x-rep1-kallisto-cellbender-X/regulons_30.tsv
105	b_cells	HLA-DPA1	0.25	30	30	30	5	bd-rhap-rep2-X/regulons_30.tsv vs 10x-rep1-kallisto-cellbender-X/regulons_30.tsv	bd-rhap-rep2-X/regulons_30.tsv	10x-rep1-kallisto-cellbender-X/regulons_30.tsv
106	pDC	HLA-DQB1	0.30434782608695654	30	30	30	5	bd-rhap-rep2-X/regulons_30.tsv vs 10x-rep1-kallisto-cellbender-X/regulons_30.tsv	bd-rhap-rep2-X/regulons_30.tsv	10x-rep1-kallisto-cellbender-X/regulons_30.tsv
107	b_cells	HLA-DQB1	0.2765957446808511	30	30	30	5	bd-rhap-rep2-X/regulons_30.tsv vs 10x-rep1-kallisto-cellbender-X/regulons_30.tsv	bd-rhap-rep2-X/regulons_30.tsv	10x-rep1-kallisto-cellbender-X/regulons_30.tsv
108	b_cells	HLA-DQA1	0.22448979591836735	30	30	30	5	bd-rhap-rep2-X/regulons_30.tsv vs 10x-rep1-kallisto-cellbender-X/regulons_30.tsv	bd-rhap-rep2-X/regulons_30.tsv	10x-rep1-kallisto-cellbender-X/regulons_30.tsv
109	pDC	HLA-DPA1	0.36363636363636365	30	30	30	5	bd-rhap-rep2-X/regulons_30.tsv vs 10x-rep1-kallisto-cellbender-X/regulons_30.tsv	bd-rhap-rep2-X/regulons_30.tsv	10x-rep1-kallisto-cellbender-X/regulons_30.tsv
110	DC	HLA-DPA1	0.22448979591836735	30	30	30	5	bd-rhap-rep2-X/regulons_30.tsv vs 10x-rep1-kallisto-cellbender-X/regulons_30.tsv	bd-rhap-rep2-X/regulons_30.tsv	10x-rep1-kallisto-cellbender-X/regulons_30.tsv
111	pDC	HLA-DPB1	0.30434782608695654	30	30	30	5	bd-rhap-rep2-X/regulons_30.tsv vs 10x-rep1-kallisto-cellbender-X/regulons_30.tsv	bd-rhap-rep2-X/regulons_30.tsv	10x-rep1-kallisto-cellbender-X/regulons_30.tsv
112	cd14-_monocytes	HLA-DQA1	0.17647058823529413	30	30	30	5	bd-rhap-rep2-X/regulons_30.tsv vs 10x-rep1-kallisto-cellbender-X/regulons_30.tsv	bd-rhap-rep2-X/regulons_30.tsv	10x-rep1-kallisto-cellbender-X/regulons_30.tsv
113	DC	HLA-DRB1	0.22448979591836735	30	30	30	5	bd-rhap-rep2-X/regulons_30.tsv vs 10x-rep1-kallisto-cellbender-X/regulons_30.tsv	bd-rhap-rep2-X/regulons_30.tsv	10x-rep1-kallisto-cellbender-X/regulons_30.tsv
114	cd14+_monocytes	VOPP1	0.3114754098360656	40	40	40	5	bd-rhap-rep1-X/regulons_40.tsv vs bd-rhap-rep2-X/regulons_40.tsv	bd-rhap-rep1-X/regulons_40.tsv	bd-rhap-rep2-X/regulons_40.tsv
115	b_cells	HLA-DOA	0.5686274509803921	40	40	40	5	bd-rhap-rep1-X/regulons_40.tsv vs bd-rhap-rep2-X/regulons_40.tsv	bd-rhap-rep1-X/regulons_40.tsv	bd-rhap-rep2-X/regulons_40.tsv
116	cd14-_monocytes	HLA-DQB1	0.2903225806451613	40	40	40	5	bd-rhap-rep1-X/regulons_40.tsv vs bd-rhap-rep2-X/regulons_40.tsv	bd-rhap-rep1-X/regulons_40.tsv	bd-rhap-rep2-X/regulons_40.tsv
117	b_cells	HLA-DPB1	0.5384615384615384	40	40	40	5	bd-rhap-rep1-X/regulons_40.tsv vs bd-rhap-rep2-X/regulons_40.tsv	bd-rhap-rep1-X/regulons_40.tsv	bd-rhap-rep2-X/regulons_40.tsv
118	cd8+_tcells	NIBAN1	0.7391304347826086	40	40	40	5	bd-rhap-rep1-X/regulons_40.tsv vs bd-rhap-rep2-X/regulons_40.tsv	bd-rhap-rep1-X/regulons_40.tsv	bd-rhap-rep2-X/regulons_40.tsv
119	cd4+_tcells	NIBAN1	0.10869565217391304	40	11	40	5	bd-rhap-rep1-X/regulons_40.tsv vs bd-rhap-rep2-X/regulons_40.tsv	bd-rhap-rep1-X/regulons_40.tsv	bd-rhap-rep2-X/regulons_40.tsv
120	DC	HLA-DQB1	0.5384615384615384	40	40	40	5	bd-rhap-rep1-X/regulons_40.tsv vs bd-rhap-rep2-X/regulons_40.tsv	bd-rhap-rep1-X/regulons_40.tsv	bd-rhap-rep2-X/regulons_40.tsv
121	cd4+_tcells	ID2	0.3114754098360656	40	40	40	5	bd-rhap-rep1-X/regulons_40.tsv vs bd-rhap-rep2-X/regulons_40.tsv	bd-rhap-rep1-X/regulons_40.tsv	bd-rhap-rep2-X/regulons_40.tsv
122	b_cells	HLA-DPA1	0.6	40	40	40	5	bd-rhap-rep1-X/regulons_40.tsv vs bd-rhap-rep2-X/regulons_40.tsv	bd-rhap-rep1-X/regulons_40.tsv	bd-rhap-rep2-X/regulons_40.tsv
123	DC	HLA-DPB1	0.5384615384615384	40	40	40	5	bd-rhap-rep1-X/regulons_40.tsv vs bd-rhap-rep2-X/regulons_40.tsv	bd-rhap-rep1-X/regulons_40.tsv	bd-rhap-rep2-X/regulons_40.tsv
124	pDC	HLA-DQB1	0.5094339622641509	40	40	40	5	bd-rhap-rep1-X/regulons_40.tsv vs bd-rhap-rep2-X/regulons_40.tsv	bd-rhap-rep1-X/regulons_40.tsv	bd-rhap-rep2-X/regulons_40.tsv
125	b_cells	HLA-DQA1	0.5384615384615384	40	40	40	5	bd-rhap-rep1-X/regulons_40.tsv vs bd-rhap-rep2-X/regulons_40.tsv	bd-rhap-rep1-X/regulons_40.tsv	bd-rhap-rep2-X/regulons_40.tsv
126	DC	HLA-DPA1	0.5686274509803921	40	40	40	5	bd-rhap-rep1-X/regulons_40.tsv vs bd-rhap-rep2-X/regulons_40.tsv	bd-rhap-rep1-X/regulons_40.tsv	bd-rhap-rep2-X/regulons_40.tsv
127	cd14+_monocytes	HLA-DQA1	0.3793103448275862	40	40	40	5	bd-rhap-rep1-X/regulons_40.tsv vs bd-rhap-rep2-X/regulons_40.tsv	bd-rhap-rep1-X/regulons_40.tsv	bd-rhap-rep2-X/regulons_40.tsv
128	b_cells	HLA-DQB1	0.48148148148148145	40	40	40	5	bd-rhap-rep1-X/regulons_40.tsv vs bd-rhap-rep2-X/regulons_40.tsv	bd-rhap-rep1-X/regulons_40.tsv	bd-rhap-rep2-X/regulons_40.tsv
129	pDC	HLA-DOA	0.7021276595744681	40	40	40	5	bd-rhap-rep1-X/regulons_40.tsv vs bd-rhap-rep2-X/regulons_40.tsv	bd-rhap-rep1-X/regulons_40.tsv	bd-rhap-rep2-X/regulons_40.tsv
130	pDC	HLA-DPB1	0.7777777777777778	40	40	40	5	bd-rhap-rep1-X/regulons_40.tsv vs bd-rhap-rep2-X/regulons_40.tsv	bd-rhap-rep1-X/regulons_40.tsv	bd-rhap-rep2-X/regulons_40.tsv
131	cd14-_monocytes	HLA-DQA1	0.42857142857142855	40	40	40	5	bd-rhap-rep1-X/regulons_40.tsv vs bd-rhap-rep2-X/regulons_40.tsv	bd-rhap-rep1-X/regulons_40.tsv	bd-rhap-rep2-X/regulons_40.tsv
132	DC	HLA-DQA1	0.48148148148148145	40	40	40	5	bd-rhap-rep1-X/regulons_40.tsv vs bd-rhap-rep2-X/regulons_40.tsv	bd-rhap-rep1-X/regulons_40.tsv	bd-rhap-rep2-X/regulons_40.tsv
133	DC	HLA-DRB1	0.5094339622641509	40	40	40	5	bd-rhap-rep1-X/regulons_40.tsv vs bd-rhap-rep2-X/regulons_40.tsv	bd-rhap-rep1-X/regulons_40.tsv	bd-rhap-rep2-X/regulons_40.tsv
134	b_cells	HLA-DPB1	0.23076923076923078	40	40	40	5	bd-rhap-rep1-X/regulons_40.tsv vs 10x-rep1-kallisto-cellbender-X/regulons_40.tsv	bd-rhap-rep1-X/regulons_40.tsv	10x-rep1-kallisto-cellbender-X/regulons_40.tsv
135	b_cells	HLA-DPA1	0.25	40	40	40	5	bd-rhap-rep1-X/regulons_40.tsv vs 10x-rep1-kallisto-cellbender-X/regulons_40.tsv	bd-rhap-rep1-X/regulons_40.tsv	10x-rep1-kallisto-cellbender-X/regulons_40.tsv
136	pDC	HLA-DQB1	0.3333333333333333	40	40	40	5	bd-rhap-rep1-X/regulons_40.tsv vs 10x-rep1-kallisto-cellbender-X/regulons_40.tsv	bd-rhap-rep1-X/regulons_40.tsv	10x-rep1-kallisto-cellbender-X/regulons_40.tsv
137	b_cells	HLA-DQB1	0.2698412698412698	40	40	40	5	bd-rhap-rep1-X/regulons_40.tsv vs 10x-rep1-kallisto-cellbender-X/regulons_40.tsv	bd-rhap-rep1-X/regulons_40.tsv	10x-rep1-kallisto-cellbender-X/regulons_40.tsv
138	b_cells	HLA-DQA1	0.23076923076923078	40	40	40	5	bd-rhap-rep1-X/regulons_40.tsv vs 10x-rep1-kallisto-cellbender-X/regulons_40.tsv	bd-rhap-rep1-X/regulons_40.tsv	10x-rep1-kallisto-cellbender-X/regulons_40.tsv
139	pDC	HLA-DPB1	0.3793103448275862	40	40	40	5	bd-rhap-rep1-X/regulons_40.tsv vs 10x-rep1-kallisto-cellbender-X/regulons_40.tsv	bd-rhap-rep1-X/regulons_40.tsv	10x-rep1-kallisto-cellbender-X/regulons_40.tsv
140	cd14-_monocytes	HLA-DQA1	0.19402985074626866	40	40	40	5	bd-rhap-rep1-X/regulons_40.tsv vs 10x-rep1-kallisto-cellbender-X/regulons_40.tsv	bd-rhap-rep1-X/regulons_40.tsv	10x-rep1-kallisto-cellbender-X/regulons_40.tsv
141	DC	HLA-DRB1	0.23076923076923078	40	40	40	5	bd-rhap-rep1-X/regulons_40.tsv vs 10x-rep1-kallisto-cellbender-X/regulons_40.tsv	bd-rhap-rep1-X/regulons_40.tsv	10x-rep1-kallisto-cellbender-X/regulons_40.tsv
142	cd14+_monocytes	CPVL	0.3559322033898305	40	40	40	5	bd-rhap-rep1-X/regulons_40.tsv vs 10x-rep1-kallisto-cellbender-X/regulons_40.tsv	bd-rhap-rep1-X/regulons_40.tsv	10x-rep1-kallisto-cellbender-X/regulons_40.tsv
143	nk_cells	IFITM2	0.2698412698412698	40	40	40	5	bd-rhap-rep2-X/regulons_40.tsv vs 10x-rep1-kallisto-cellbender-X/regulons_40.tsv	bd-rhap-rep2-X/regulons_40.tsv	10x-rep1-kallisto-cellbender-X/regulons_40.tsv
144	cd14-_monocytes	S100A9	0.1267605633802817	40	40	40	5	bd-rhap-rep2-X/regulons_40.tsv vs 10x-rep1-kallisto-cellbender-X/regulons_40.tsv	bd-rhap-rep2-X/regulons_40.tsv	10x-rep1-kallisto-cellbender-X/regulons_40.tsv
145	b_cells	HLA-DPB1	0.19402985074626866	40	40	40	5	bd-rhap-rep2-X/regulons_40.tsv vs 10x-rep1-kallisto-cellbender-X/regulons_40.tsv	bd-rhap-rep2-X/regulons_40.tsv	10x-rep1-kallisto-cellbender-X/regulons_40.tsv
146	b_cells	HLA-DPA1	0.23076923076923078	40	40	40	5	bd-rhap-rep2-X/regulons_40.tsv vs 10x-rep1-kallisto-cellbender-X/regulons_40.tsv	bd-rhap-rep2-X/regulons_40.tsv	10x-rep1-kallisto-cellbender-X/regulons_40.tsv
147	pDC	HLA-DQB1	0.2698412698412698	40	40	40	5	bd-rhap-rep2-X/regulons_40.tsv vs 10x-rep1-kallisto-cellbender-X/regulons_40.tsv	bd-rhap-rep2-X/regulons_40.tsv	10x-rep1-kallisto-cellbender-X/regulons_40.tsv
148	b_cells	HLA-DQB1	0.23076923076923078	40	40	40	5	bd-rhap-rep2-X/regulons_40.tsv vs 10x-rep1-kallisto-cellbender-X/regulons_40.tsv	bd-rhap-rep2-X/regulons_40.tsv	10x-rep1-kallisto-cellbender-X/regulons_40.tsv
149	b_cells	HLA-DQA1	0.19402985074626866	40	40	40	5	bd-rhap-rep2-X/regulons_40.tsv vs 10x-rep1-kallisto-cellbender-X/regulons_40.tsv	bd-rhap-rep2-X/regulons_40.tsv	10x-rep1-kallisto-cellbender-X/regulons_40.tsv
150	pDC	HLA-DPB1	0.3333333333333333	40	40	40	5	bd-rhap-rep2-X/regulons_40.tsv vs 10x-rep1-kallisto-cellbender-X/regulons_40.tsv	bd-rhap-rep2-X/regulons_40.tsv	10x-rep1-kallisto-cellbender-X/regulons_40.tsv
151	cd14-_monocytes	HLA-DQA1	0.14285714285714285	40	40	40	5	bd-rhap-rep2-X/regulons_40.tsv vs 10x-rep1-kallisto-cellbender-X/regulons_40.tsv	bd-rhap-rep2-X/regulons_40.tsv	10x-rep1-kallisto-cellbender-X/regulons_40.tsv
152	pDC	HLA-DQA1	0.3559322033898305	40	40	40	5	bd-rhap-rep2-X/regulons_40.tsv vs 10x-rep1-kallisto-cellbender-X/regulons_40.tsv	bd-rhap-rep2-X/regulons_40.tsv	10x-rep1-kallisto-cellbender-X/regulons_40.tsv
153	DC	HLA-DRB1	0.21212121212121213	40	40	40	5	bd-rhap-rep2-X/regulons_40.tsv vs 10x-rep1-kallisto-cellbender-X/regulons_40.tsv	bd-rhap-rep2-X/regulons_40.tsv	10x-rep1-kallisto-cellbender-X/regulons_40.tsv
154	DC	HLA-DRB1	0.4925373134328358	50	50	50	5	bd-rhap-rep1-X/regulons_50.tsv vs bd-rhap-rep2-X/regulons_50.tsv	bd-rhap-rep1-X/regulons_50.tsv	bd-rhap-rep2-X/regulons_50.tsv
155	cd14-_monocytes	S100A9	0.4492753623188406	50	50	50	5	bd-rhap-rep1-X/regulons_50.tsv vs bd-rhap-rep2-X/regulons_50.tsv	bd-rhap-rep1-X/regulons_50.tsv	bd-rhap-rep2-X/regulons_50.tsv
156	cd14+_monocytes	VOPP1	0.3333333333333333	50	50	50	5	bd-rhap-rep1-X/regulons_50.tsv vs bd-rhap-rep2-X/regulons_50.tsv	bd-rhap-rep1-X/regulons_50.tsv	bd-rhap-rep2-X/regulons_50.tsv
157	b_cells	HLA-DOA	0.5384615384615384	50	50	50	5	bd-rhap-rep1-X/regulons_50.tsv vs bd-rhap-rep2-X/regulons_50.tsv	bd-rhap-rep1-X/regulons_50.tsv	bd-rhap-rep2-X/regulons_50.tsv
158	b_cells	HLA-DPB1	0.5384615384615384	50	50	50	5	bd-rhap-rep1-X/regulons_50.tsv vs bd-rhap-rep2-X/regulons_50.tsv	bd-rhap-rep1-X/regulons_50.tsv	bd-rhap-rep2-X/regulons_50.tsv
159	b_cells	HLA-DPA1	0.5384615384615384	50	50	50	5	bd-rhap-rep1-X/regulons_50.tsv vs bd-rhap-rep2-X/regulons_50.tsv	bd-rhap-rep1-X/regulons_50.tsv	bd-rhap-rep2-X/regulons_50.tsv
160	cd4+_tcells	NIBAN1	0.10909090909090909	50	11	50	5	bd-rhap-rep1-X/regulons_50.tsv vs bd-rhap-rep2-X/regulons_50.tsv	bd-rhap-rep1-X/regulons_50.tsv	bd-rhap-rep2-X/regulons_50.tsv
161	pDC	HLA-DQB1	0.4925373134328358	50	50	50	5	bd-rhap-rep1-X/regulons_50.tsv vs bd-rhap-rep2-X/regulons_50.tsv	bd-rhap-rep1-X/regulons_50.tsv	bd-rhap-rep2-X/regulons_50.tsv
162	b_cells	HLA-DQA1	0.4925373134328358	50	50	50	5	bd-rhap-rep1-X/regulons_50.tsv vs bd-rhap-rep2-X/regulons_50.tsv	bd-rhap-rep1-X/regulons_50.tsv	bd-rhap-rep2-X/regulons_50.tsv
163	DC	HLA-DPB1	0.5873015873015873	50	50	50	5	bd-rhap-rep1-X/regulons_50.tsv vs bd-rhap-rep2-X/regulons_50.tsv	bd-rhap-rep1-X/regulons_50.tsv	bd-rhap-rep2-X/regulons_50.tsv
164	DC	HLA-DPA1	0.5625	50	50	50	5	bd-rhap-rep1-X/regulons_50.tsv vs bd-rhap-rep2-X/regulons_50.tsv	bd-rhap-rep1-X/regulons_50.tsv	bd-rhap-rep2-X/regulons_50.tsv
165	b_cells	HLA-DQB1	0.47058823529411764	50	50	50	5	bd-rhap-rep1-X/regulons_50.tsv vs bd-rhap-rep2-X/regulons_50.tsv	bd-rhap-rep1-X/regulons_50.tsv	bd-rhap-rep2-X/regulons_50.tsv
166	pDC	HLA-DOA	0.6949152542372882	50	50	50	5	bd-rhap-rep1-X/regulons_50.tsv vs bd-rhap-rep2-X/regulons_50.tsv	bd-rhap-rep1-X/regulons_50.tsv	bd-rhap-rep2-X/regulons_50.tsv
167	pDC	HLA-DPB1	0.7241379310344828	50	50	50	5	bd-rhap-rep1-X/regulons_50.tsv vs bd-rhap-rep2-X/regulons_50.tsv	bd-rhap-rep1-X/regulons_50.tsv	bd-rhap-rep2-X/regulons_50.tsv
168	DC	HLA-DQB1	0.5625	50	50	50	5	bd-rhap-rep1-X/regulons_50.tsv vs bd-rhap-rep2-X/regulons_50.tsv	bd-rhap-rep1-X/regulons_50.tsv	bd-rhap-rep2-X/regulons_50.tsv
169	cd4+_tcells	VOPP1	0.6129032258064516	50	50	50	5	bd-rhap-rep1-X/regulons_50.tsv vs bd-rhap-rep2-X/regulons_50.tsv	bd-rhap-rep1-X/regulons_50.tsv	bd-rhap-rep2-X/regulons_50.tsv
170	cd14-_monocytes	HLA-DQA1	0.42857142857142855	50	50	50	5	bd-rhap-rep1-X/regulons_50.tsv vs bd-rhap-rep2-X/regulons_50.tsv	bd-rhap-rep1-X/regulons_50.tsv	bd-rhap-rep2-X/regulons_50.tsv
171	DC	HLA-DQA1	0.5151515151515151	50	50	50	5	bd-rhap-rep1-X/regulons_50.tsv vs bd-rhap-rep2-X/regulons_50.tsv	bd-rhap-rep1-X/regulons_50.tsv	bd-rhap-rep2-X/regulons_50.tsv
172	cd14-_monocytes	S100A9	0.19047619047619047	50	50	50	5	bd-rhap-rep1-X/regulons_50.tsv vs 10x-rep1-kallisto-cellbender-X/regulons_50.tsv	bd-rhap-rep1-X/regulons_50.tsv	10x-rep1-kallisto-cellbender-X/regulons_50.tsv
173	b_cells	HLA-DPB1	0.20481927710843373	50	50	50	5	bd-rhap-rep1-X/regulons_50.tsv vs 10x-rep1-kallisto-cellbender-X/regulons_50.tsv	bd-rhap-rep1-X/regulons_50.tsv	10x-rep1-kallisto-cellbender-X/regulons_50.tsv
174	pDC	HLA-DQB1	0.26582278481012656	50	50	50	5	bd-rhap-rep1-X/regulons_50.tsv vs 10x-rep1-kallisto-cellbender-X/regulons_50.tsv	bd-rhap-rep1-X/regulons_50.tsv	10x-rep1-kallisto-cellbender-X/regulons_50.tsv
175	b_cells	HLA-DQB1	0.25	50	50	50	5	bd-rhap-rep1-X/regulons_50.tsv vs 10x-rep1-kallisto-cellbender-X/regulons_50.tsv	bd-rhap-rep1-X/regulons_50.tsv	10x-rep1-kallisto-cellbender-X/regulons_50.tsv
176	b_cells	HLA-DQA1	0.19047619047619047	50	50	50	5	bd-rhap-rep1-X/regulons_50.tsv vs 10x-rep1-kallisto-cellbender-X/regulons_50.tsv	bd-rhap-rep1-X/regulons_50.tsv	10x-rep1-kallisto-cellbender-X/regulons_50.tsv
177	DC	HLA-DPB1	0.17647058823529413	50	50	50	5	bd-rhap-rep1-X/regulons_50.tsv vs 10x-rep1-kallisto-cellbender-X/regulons_50.tsv	bd-rhap-rep1-X/regulons_50.tsv	10x-rep1-kallisto-cellbender-X/regulons_50.tsv
178	pDC	HLA-DPB1	0.3333333333333333	50	50	50	5	bd-rhap-rep1-X/regulons_50.tsv vs 10x-rep1-kallisto-cellbender-X/regulons_50.tsv	bd-rhap-rep1-X/regulons_50.tsv	10x-rep1-kallisto-cellbender-X/regulons_50.tsv
179	cd14-_monocytes	HLA-DQA1	0.20481927710843373	50	50	50	5	bd-rhap-rep1-X/regulons_50.tsv vs 10x-rep1-kallisto-cellbender-X/regulons_50.tsv	bd-rhap-rep1-X/regulons_50.tsv	10x-rep1-kallisto-cellbender-X/regulons_50.tsv
180	DC	HLA-DRB1	0.21951219512195122	50	50	50	5	bd-rhap-rep1-X/regulons_50.tsv vs 10x-rep1-kallisto-cellbender-X/regulons_50.tsv	bd-rhap-rep1-X/regulons_50.tsv	10x-rep1-kallisto-cellbender-X/regulons_50.tsv
181	cd14-_monocytes	MNDA	0.2345679012345679	50	50	50	5	bd-rhap-rep1-X/regulons_50.tsv vs 10x-rep1-kallisto-cellbender-X/regulons_50.tsv	bd-rhap-rep1-X/regulons_50.tsv	10x-rep1-kallisto-cellbender-X/regulons_50.tsv
182	nk_cells	IFITM2	0.25	50	50	50	5	bd-rhap-rep2-X/regulons_50.tsv vs 10x-rep1-kallisto-cellbender-X/regulons_50.tsv	bd-rhap-rep2-X/regulons_50.tsv	10x-rep1-kallisto-cellbender-X/regulons_50.tsv
183	cd14-_monocytes	S100A9	0.12359550561797752	50	50	50	5	bd-rhap-rep2-X/regulons_50.tsv vs 10x-rep1-kallisto-cellbender-X/regulons_50.tsv	bd-rhap-rep2-X/regulons_50.tsv	10x-rep1-kallisto-cellbender-X/regulons_50.tsv
184	b_cells	HLA-DPB1	0.19047619047619047	50	50	50	5	bd-rhap-rep2-X/regulons_50.tsv vs 10x-rep1-kallisto-cellbender-X/regulons_50.tsv	bd-rhap-rep2-X/regulons_50.tsv	10x-rep1-kallisto-cellbender-X/regulons_50.tsv
185	pDC	HLA-DQB1	0.21951219512195122	50	50	50	5	bd-rhap-rep2-X/regulons_50.tsv vs 10x-rep1-kallisto-cellbender-X/regulons_50.tsv	bd-rhap-rep2-X/regulons_50.tsv	10x-rep1-kallisto-cellbender-X/regulons_50.tsv
186	b_cells	HLA-DQB1	0.17647058823529413	50	50	50	5	bd-rhap-rep2-X/regulons_50.tsv vs 10x-rep1-kallisto-cellbender-X/regulons_50.tsv	bd-rhap-rep2-X/regulons_50.tsv	10x-rep1-kallisto-cellbender-X/regulons_50.tsv
187	b_cells	HLA-DQA1	0.14942528735632185	50	50	50	5	bd-rhap-rep2-X/regulons_50.tsv vs 10x-rep1-kallisto-cellbender-X/regulons_50.tsv	bd-rhap-rep2-X/regulons_50.tsv	10x-rep1-kallisto-cellbender-X/regulons_50.tsv
188	DC	HLA-DPB1	0.16279069767441862	50	50	50	5	bd-rhap-rep2-X/regulons_50.tsv vs 10x-rep1-kallisto-cellbender-X/regulons_50.tsv	bd-rhap-rep2-X/regulons_50.tsv	10x-rep1-kallisto-cellbender-X/regulons_50.tsv
189	cd8+_tcells	IFITM2	0.2345679012345679	50	50	50	5	bd-rhap-rep2-X/regulons_50.tsv vs 10x-rep1-kallisto-cellbender-X/regulons_50.tsv	bd-rhap-rep2-X/regulons_50.tsv	10x-rep1-kallisto-cellbender-X/regulons_50.tsv
190	pDC	HLA-DPB1	0.28205128205128205	50	50	50	5	bd-rhap-rep2-X/regulons_50.tsv vs 10x-rep1-kallisto-cellbender-X/regulons_50.tsv	bd-rhap-rep2-X/regulons_50.tsv	10x-rep1-kallisto-cellbender-X/regulons_50.tsv
191	cd14-_monocytes	HLA-DQA1	0.12359550561797752	50	50	50	5	bd-rhap-rep2-X/regulons_50.tsv vs 10x-rep1-kallisto-cellbender-X/regulons_50.tsv	bd-rhap-rep2-X/regulons_50.tsv	10x-rep1-kallisto-cellbender-X/regulons_50.tsv
192	pDC	HLA-DQA1	0.3333333333333333	50	50	50	5	bd-rhap-rep2-X/regulons_50.tsv vs 10x-rep1-kallisto-cellbender-X/regulons_50.tsv	bd-rhap-rep2-X/regulons_50.tsv	10x-rep1-kallisto-cellbender-X/regulons_50.tsv
193	DC	HLA-DRB1	0.19047619047619047	50	50	50	5	bd-rhap-rep2-X/regulons_50.tsv vs 10x-rep1-kallisto-cellbender-X/regulons_50.tsv	bd-rhap-rep2-X/regulons_50.tsv	10x-rep1-kallisto-cellbender-X/regulons_50.tsv
194	cd14+_monocytes	VOPP1	0.25	10	10	10	10	bd-rhap-rep1-X/regulons_10.tsv vs bd-rhap-rep2-X/regulons_10.tsv	bd-rhap-rep1-X/regulons_10.tsv	bd-rhap-rep2-X/regulons_10.tsv
195	b_cells	HLA-DOA	0.6666666666666666	10	10	10	10	bd-rhap-rep1-X/regulons_10.tsv vs bd-rhap-rep2-X/regulons_10.tsv	bd-rhap-rep1-X/regulons_10.tsv	bd-rhap-rep2-X/regulons_10.tsv
196	cd14-_monocytes	HLA-DQB1	0.42857142857142855	10	10	10	10	bd-rhap-rep1-X/regulons_10.tsv vs bd-rhap-rep2-X/regulons_10.tsv	bd-rhap-rep1-X/regulons_10.tsv	bd-rhap-rep2-X/regulons_10.tsv
197	cd8+_tcells	NIBAN1	0.5384615384615384	10	10	10	10	bd-rhap-rep1-X/regulons_10.tsv vs bd-rhap-rep2-X/regulons_10.tsv	bd-rhap-rep1-X/regulons_10.tsv	bd-rhap-rep2-X/regulons_10.tsv
198	cd4+_tcells	NIBAN1	0.05263157894736842	10	10	10	10	bd-rhap-rep1-X/regulons_10.tsv vs bd-rhap-rep2-X/regulons_10.tsv	bd-rhap-rep1-X/regulons_10.tsv	bd-rhap-rep2-X/regulons_10.tsv
199	nk_cells	VOPP1	0.42857142857142855	10	10	10	10	bd-rhap-rep1-X/regulons_10.tsv vs bd-rhap-rep2-X/regulons_10.tsv	bd-rhap-rep1-X/regulons_10.tsv	bd-rhap-rep2-X/regulons_10.tsv
200	pDC	HLA-DPA1	0.8181818181818182	10	10	10	10	bd-rhap-rep1-X/regulons_10.tsv vs bd-rhap-rep2-X/regulons_10.tsv	bd-rhap-rep1-X/regulons_10.tsv	bd-rhap-rep2-X/regulons_10.tsv
201	cd14-_monocytes	VOPP1	0.3333333333333333	10	10	10	10	bd-rhap-rep1-X/regulons_10.tsv vs bd-rhap-rep2-X/regulons_10.tsv	bd-rhap-rep1-X/regulons_10.tsv	bd-rhap-rep2-X/regulons_10.tsv
202	DC	HLA-DQB1	0.8181818181818182	10	10	10	10	bd-rhap-rep1-X/regulons_10.tsv vs bd-rhap-rep2-X/regulons_10.tsv	bd-rhap-rep1-X/regulons_10.tsv	bd-rhap-rep2-X/regulons_10.tsv
203	cd14+_monocytes	UVRAG	0.6666666666666666	10	10	10	10	bd-rhap-rep1-X/regulons_10.tsv vs bd-rhap-rep2-X/regulons_10.tsv	bd-rhap-rep1-X/regulons_10.tsv	bd-rhap-rep2-X/regulons_10.tsv
204	cd4+_tcells	SELL	0.3333333333333333	10	10	10	10	bd-rhap-rep1-X/regulons_10.tsv vs bd-rhap-rep2-X/regulons_10.tsv	bd-rhap-rep1-X/regulons_10.tsv	bd-rhap-rep2-X/regulons_10.tsv
205	DC	HLA-DRA	0.6666666666666666	10	10	10	10	bd-rhap-rep1-X/regulons_10.tsv vs bd-rhap-rep2-X/regulons_10.tsv	bd-rhap-rep1-X/regulons_10.tsv	bd-rhap-rep2-X/regulons_10.tsv
206	DC	CD74	0.6666666666666666	10	10	10	10	bd-rhap-rep1-X/regulons_10.tsv vs bd-rhap-rep2-X/regulons_10.tsv	bd-rhap-rep1-X/regulons_10.tsv	bd-rhap-rep2-X/regulons_10.tsv
207	b_cells	HLA-DPA1	0.5384615384615384	10	10	10	10	bd-rhap-rep1-X/regulons_10.tsv vs bd-rhap-rep2-X/regulons_10.tsv	bd-rhap-rep1-X/regulons_10.tsv	bd-rhap-rep2-X/regulons_10.tsv
208	DC	HLA-DPB1	0.6666666666666666	10	10	10	10	bd-rhap-rep1-X/regulons_10.tsv vs bd-rhap-rep2-X/regulons_10.tsv	bd-rhap-rep1-X/regulons_10.tsv	bd-rhap-rep2-X/regulons_10.tsv
209	pDC	FCER1A	0.25	10	10	10	10	bd-rhap-rep1-X/regulons_10.tsv vs bd-rhap-rep2-X/regulons_10.tsv	bd-rhap-rep1-X/regulons_10.tsv	bd-rhap-rep2-X/regulons_10.tsv
210	cd4+_tcells	VOPP1	0.42857142857142855	10	10	10	10	bd-rhap-rep1-X/regulons_10.tsv vs bd-rhap-rep2-X/regulons_10.tsv	bd-rhap-rep1-X/regulons_10.tsv	bd-rhap-rep2-X/regulons_10.tsv
211	pDC	HLA-DQA1	0.6666666666666666	10	10	10	10	bd-rhap-rep1-X/regulons_10.tsv vs bd-rhap-rep2-X/regulons_10.tsv	bd-rhap-rep1-X/regulons_10.tsv	bd-rhap-rep2-X/regulons_10.tsv
212	nk_cells	SLC38A1	0.5384615384615384	10	10	10	10	bd-rhap-rep1-X/regulons_10.tsv vs bd-rhap-rep2-X/regulons_10.tsv	bd-rhap-rep1-X/regulons_10.tsv	bd-rhap-rep2-X/regulons_10.tsv
213	cd14-_monocytes	HLA-DPA1	0.5384615384615384	10	10	10	10	bd-rhap-rep1-X/regulons_10.tsv vs bd-rhap-rep2-X/regulons_10.tsv	bd-rhap-rep1-X/regulons_10.tsv	bd-rhap-rep2-X/regulons_10.tsv
214	pDC	HLA-DQB1	0.6666666666666666	10	10	10	10	bd-rhap-rep1-X/regulons_10.tsv vs bd-rhap-rep2-X/regulons_10.tsv	bd-rhap-rep1-X/regulons_10.tsv	bd-rhap-rep2-X/regulons_10.tsv
215	b_cells	HLA-DQA1	0.5384615384615384	10	10	10	10	bd-rhap-rep1-X/regulons_10.tsv vs bd-rhap-rep2-X/regulons_10.tsv	bd-rhap-rep1-X/regulons_10.tsv	bd-rhap-rep2-X/regulons_10.tsv
216	DC	HLA-DPA1	0.6666666666666666	10	10	10	10	bd-rhap-rep1-X/regulons_10.tsv vs bd-rhap-rep2-X/regulons_10.tsv	bd-rhap-rep1-X/regulons_10.tsv	bd-rhap-rep2-X/regulons_10.tsv
217	cd8+_tcells	HLA-DPB1	0.6666666666666666	10	10	10	10	bd-rhap-rep1-X/regulons_10.tsv vs bd-rhap-rep2-X/regulons_10.tsv	bd-rhap-rep1-X/regulons_10.tsv	bd-rhap-rep2-X/regulons_10.tsv
218	pDC	HLA-DRA	0.8181818181818182	10	10	10	10	bd-rhap-rep1-X/regulons_10.tsv vs bd-rhap-rep2-X/regulons_10.tsv	bd-rhap-rep1-X/regulons_10.tsv	bd-rhap-rep2-X/regulons_10.tsv
219	pDC	CD74	0.6666666666666666	10	10	10	10	bd-rhap-rep1-X/regulons_10.tsv vs bd-rhap-rep2-X/regulons_10.tsv	bd-rhap-rep1-X/regulons_10.tsv	bd-rhap-rep2-X/regulons_10.tsv
220	nk_cells	TAGLN2	0.25	10	10	10	10	bd-rhap-rep1-X/regulons_10.tsv vs bd-rhap-rep2-X/regulons_10.tsv	bd-rhap-rep1-X/regulons_10.tsv	bd-rhap-rep2-X/regulons_10.tsv
221	cd14+_monocytes	IGFBP7	0.3333333333333333	10	10	10	10	bd-rhap-rep1-X/regulons_10.tsv vs bd-rhap-rep2-X/regulons_10.tsv	bd-rhap-rep1-X/regulons_10.tsv	bd-rhap-rep2-X/regulons_10.tsv
222	b_cells	HLA-DQB1	0.6666666666666666	10	10	10	10	bd-rhap-rep1-X/regulons_10.tsv vs bd-rhap-rep2-X/regulons_10.tsv	bd-rhap-rep1-X/regulons_10.tsv	bd-rhap-rep2-X/regulons_10.tsv
223	pDC	HLA-DOA	0.6666666666666666	10	10	10	10	bd-rhap-rep1-X/regulons_10.tsv vs bd-rhap-rep2-X/regulons_10.tsv	bd-rhap-rep1-X/regulons_10.tsv	bd-rhap-rep2-X/regulons_10.tsv
224	pDC	HLA-DPB1	0.6666666666666666	10	10	10	10	bd-rhap-rep1-X/regulons_10.tsv vs bd-rhap-rep2-X/regulons_10.tsv	bd-rhap-rep1-X/regulons_10.tsv	bd-rhap-rep2-X/regulons_10.tsv
225	nk_cells	SELL	0.42857142857142855	10	10	10	10	bd-rhap-rep1-X/regulons_10.tsv vs bd-rhap-rep2-X/regulons_10.tsv	bd-rhap-rep1-X/regulons_10.tsv	bd-rhap-rep2-X/regulons_10.tsv
226	DC	HLA-DQA1	0.6666666666666666	10	10	10	10	bd-rhap-rep1-X/regulons_10.tsv vs bd-rhap-rep2-X/regulons_10.tsv	bd-rhap-rep1-X/regulons_10.tsv	bd-rhap-rep2-X/regulons_10.tsv
227	b_cells	HLA-DRA	0.8181818181818182	10	10	10	10	bd-rhap-rep1-X/regulons_10.tsv vs bd-rhap-rep2-X/regulons_10.tsv	bd-rhap-rep1-X/regulons_10.tsv	bd-rhap-rep2-X/regulons_10.tsv
228	DC	HLA-DRB1	0.6666666666666666	10	10	10	10	bd-rhap-rep1-X/regulons_10.tsv vs bd-rhap-rep2-X/regulons_10.tsv	bd-rhap-rep1-X/regulons_10.tsv	bd-rhap-rep2-X/regulons_10.tsv
229	b_cells	HLA-DPB1	0.42857142857142855	10	10	10	10	bd-rhap-rep1-X/regulons_10.tsv vs 10x-rep1-kallisto-cellbender-X/regulons_10.tsv	bd-rhap-rep1-X/regulons_10.tsv	10x-rep1-kallisto-cellbender-X/regulons_10.tsv
230	cd14-_monocytes	HLA-DQB1	0.8181818181818182	10	10	10	10	bd-rhap-rep1-X/regulons_10.tsv vs 10x-rep1-kallisto-cellbender-X/regulons_10.tsv	bd-rhap-rep1-X/regulons_10.tsv	10x-rep1-kallisto-cellbender-X/regulons_10.tsv
231	pDC	HLA-DPA1	0.5384615384615384	10	10	10	10	bd-rhap-rep1-X/regulons_10.tsv vs 10x-rep1-kallisto-cellbender-X/regulons_10.tsv	bd-rhap-rep1-X/regulons_10.tsv	10x-rep1-kallisto-cellbender-X/regulons_10.tsv
232	pDC	CST3	0.25	10	10	10	10	bd-rhap-rep1-X/regulons_10.tsv vs 10x-rep1-kallisto-cellbender-X/regulons_10.tsv	bd-rhap-rep1-X/regulons_10.tsv	10x-rep1-kallisto-cellbender-X/regulons_10.tsv
233	DC	HLA-DQB1	0.5384615384615384	10	10	10	10	bd-rhap-rep1-X/regulons_10.tsv vs 10x-rep1-kallisto-cellbender-X/regulons_10.tsv	bd-rhap-rep1-X/regulons_10.tsv	10x-rep1-kallisto-cellbender-X/regulons_10.tsv
234	DC	HLA-DRA	0.5384615384615384	10	10	10	10	bd-rhap-rep1-X/regulons_10.tsv vs 10x-rep1-kallisto-cellbender-X/regulons_10.tsv	bd-rhap-rep1-X/regulons_10.tsv	10x-rep1-kallisto-cellbender-X/regulons_10.tsv
235	b_cells	HLA-DPA1	0.42857142857142855	10	10	10	10	bd-rhap-rep1-X/regulons_10.tsv vs 10x-rep1-kallisto-cellbender-X/regulons_10.tsv	bd-rhap-rep1-X/regulons_10.tsv	10x-rep1-kallisto-cellbender-X/regulons_10.tsv
236	DC	HLA-DPB1	0.8181818181818182	10	10	10	10	bd-rhap-rep1-X/regulons_10.tsv vs 10x-rep1-kallisto-cellbender-X/regulons_10.tsv	bd-rhap-rep1-X/regulons_10.tsv	10x-rep1-kallisto-cellbender-X/regulons_10.tsv
237	pDC	HLA-DQB1	0.42857142857142855	10	10	10	10	bd-rhap-rep1-X/regulons_10.tsv vs 10x-rep1-kallisto-cellbender-X/regulons_10.tsv	bd-rhap-rep1-X/regulons_10.tsv	10x-rep1-kallisto-cellbender-X/regulons_10.tsv
238	b_cells	HLA-DQA1	0.42857142857142855	10	10	10	10	bd-rhap-rep1-X/regulons_10.tsv vs 10x-rep1-kallisto-cellbender-X/regulons_10.tsv	bd-rhap-rep1-X/regulons_10.tsv	10x-rep1-kallisto-cellbender-X/regulons_10.tsv
239	pDC	HLA-DRA	0.6666666666666666	10	10	10	10	bd-rhap-rep1-X/regulons_10.tsv vs 10x-rep1-kallisto-cellbender-X/regulons_10.tsv	bd-rhap-rep1-X/regulons_10.tsv	10x-rep1-kallisto-cellbender-X/regulons_10.tsv
240	pDC	CD74	0.5384615384615384	10	10	10	10	bd-rhap-rep1-X/regulons_10.tsv vs 10x-rep1-kallisto-cellbender-X/regulons_10.tsv	bd-rhap-rep1-X/regulons_10.tsv	10x-rep1-kallisto-cellbender-X/regulons_10.tsv
241	cd14+_monocytes	CPVL	0.42857142857142855	10	10	10	10	bd-rhap-rep1-X/regulons_10.tsv vs 10x-rep1-kallisto-cellbender-X/regulons_10.tsv	bd-rhap-rep1-X/regulons_10.tsv	10x-rep1-kallisto-cellbender-X/regulons_10.tsv
242	nk_cells	TAGLN2	0.05263157894736842	10	10	10	10	bd-rhap-rep1-X/regulons_10.tsv vs 10x-rep1-kallisto-cellbender-X/regulons_10.tsv	bd-rhap-rep1-X/regulons_10.tsv	10x-rep1-kallisto-cellbender-X/regulons_10.tsv
243	b_cells	HLA-DQB1	0.42857142857142855	10	10	10	10	bd-rhap-rep1-X/regulons_10.tsv vs 10x-rep1-kallisto-cellbender-X/regulons_10.tsv	bd-rhap-rep1-X/regulons_10.tsv	10x-rep1-kallisto-cellbender-X/regulons_10.tsv
244	pDC	HLA-DPB1	0.5384615384615384	10	10	10	10	bd-rhap-rep1-X/regulons_10.tsv vs 10x-rep1-kallisto-cellbender-X/regulons_10.tsv	bd-rhap-rep1-X/regulons_10.tsv	10x-rep1-kallisto-cellbender-X/regulons_10.tsv
245	DC	HLA-DQA1	0.5384615384615384	10	10	10	10	bd-rhap-rep1-X/regulons_10.tsv vs 10x-rep1-kallisto-cellbender-X/regulons_10.tsv	bd-rhap-rep1-X/regulons_10.tsv	10x-rep1-kallisto-cellbender-X/regulons_10.tsv
246	b_cells	HLA-DRA	0.5384615384615384	10	10	10	10	bd-rhap-rep1-X/regulons_10.tsv vs 10x-rep1-kallisto-cellbender-X/regulons_10.tsv	bd-rhap-rep1-X/regulons_10.tsv	10x-rep1-kallisto-cellbender-X/regulons_10.tsv
247	DC	HLA-DRB1	0.6666666666666666	10	10	10	10	bd-rhap-rep1-X/regulons_10.tsv vs 10x-rep1-kallisto-cellbender-X/regulons_10.tsv	bd-rhap-rep1-X/regulons_10.tsv	10x-rep1-kallisto-cellbender-X/regulons_10.tsv
248	nk_cells	IFITM2	0.17647058823529413	10	10	10	10	bd-rhap-rep2-X/regulons_10.tsv vs 10x-rep1-kallisto-cellbender-X/regulons_10.tsv	bd-rhap-rep2-X/regulons_10.tsv	10x-rep1-kallisto-cellbender-X/regulons_10.tsv
249	cd4+_tcells	TAGLN2	0.3333333333333333	10	10	10	10	bd-rhap-rep2-X/regulons_10.tsv vs 10x-rep1-kallisto-cellbender-X/regulons_10.tsv	bd-rhap-rep2-X/regulons_10.tsv	10x-rep1-kallisto-cellbender-X/regulons_10.tsv
250	cd14-_monocytes	HLA-DQB1	0.42857142857142855	10	10	10	10	bd-rhap-rep2-X/regulons_10.tsv vs 10x-rep1-kallisto-cellbender-X/regulons_10.tsv	bd-rhap-rep2-X/regulons_10.tsv	10x-rep1-kallisto-cellbender-X/regulons_10.tsv
251	pDC	HLA-DPA1	0.42857142857142855	10	10	10	10	bd-rhap-rep2-X/regulons_10.tsv vs 10x-rep1-kallisto-cellbender-X/regulons_10.tsv	bd-rhap-rep2-X/regulons_10.tsv	10x-rep1-kallisto-cellbender-X/regulons_10.tsv
252	DC	HLA-DQB1	0.5384615384615384	10	10	10	10	bd-rhap-rep2-X/regulons_10.tsv vs 10x-rep1-kallisto-cellbender-X/regulons_10.tsv	bd-rhap-rep2-X/regulons_10.tsv	10x-rep1-kallisto-cellbender-X/regulons_10.tsv
253	DC	HLA-DRA	0.5384615384615384	10	10	10	10	bd-rhap-rep2-X/regulons_10.tsv vs 10x-rep1-kallisto-cellbender-X/regulons_10.tsv	bd-rhap-rep2-X/regulons_10.tsv	10x-rep1-kallisto-cellbender-X/regulons_10.tsv
254	b_cells	HLA-DPA1	0.42857142857142855	10	10	10	10	bd-rhap-rep2-X/regulons_10.tsv vs 10x-rep1-kallisto-cellbender-X/regulons_10.tsv	bd-rhap-rep2-X/regulons_10.tsv	10x-rep1-kallisto-cellbender-X/regulons_10.tsv
255	cd4+_tcells	ARL4C	0.25	10	10	10	10	bd-rhap-rep2-X/regulons_10.tsv vs 10x-rep1-kallisto-cellbender-X/regulons_10.tsv	bd-rhap-rep2-X/regulons_10.tsv	10x-rep1-kallisto-cellbender-X/regulons_10.tsv
256	cd14-_monocytes	HLA-DPB1	0.42857142857142855	10	10	10	10	bd-rhap-rep2-X/regulons_10.tsv vs 10x-rep1-kallisto-cellbender-X/regulons_10.tsv	bd-rhap-rep2-X/regulons_10.tsv	10x-rep1-kallisto-cellbender-X/regulons_10.tsv
257	DC	HLA-DPB1	0.5384615384615384	10	10	10	10	bd-rhap-rep2-X/regulons_10.tsv vs 10x-rep1-kallisto-cellbender-X/regulons_10.tsv	bd-rhap-rep2-X/regulons_10.tsv	10x-rep1-kallisto-cellbender-X/regulons_10.tsv
258	cd4+_tcells	CD74	0.05263157894736842	10	10	10	10	bd-rhap-rep2-X/regulons_10.tsv vs 10x-rep1-kallisto-cellbender-X/regulons_10.tsv	bd-rhap-rep2-X/regulons_10.tsv	10x-rep1-kallisto-cellbender-X/regulons_10.tsv
259	pDC	HLA-DQB1	0.42857142857142855	10	10	10	10	bd-rhap-rep2-X/regulons_10.tsv vs 10x-rep1-kallisto-cellbender-X/regulons_10.tsv	bd-rhap-rep2-X/regulons_10.tsv	10x-rep1-kallisto-cellbender-X/regulons_10.tsv
260	b_cells	HLA-DQA1	0.5384615384615384	10	10	10	10	bd-rhap-rep2-X/regulons_10.tsv vs 10x-rep1-kallisto-cellbender-X/regulons_10.tsv	bd-rhap-rep2-X/regulons_10.tsv	10x-rep1-kallisto-cellbender-X/regulons_10.tsv
261	b_cells	HLA-DRB1	0.42857142857142855	10	10	10	10	bd-rhap-rep2-X/regulons_10.tsv vs 10x-rep1-kallisto-cellbender-X/regulons_10.tsv	bd-rhap-rep2-X/regulons_10.tsv	10x-rep1-kallisto-cellbender-X/regulons_10.tsv
262	pDC	HLA-DRA	0.6666666666666666	10	10	10	10	bd-rhap-rep2-X/regulons_10.tsv vs 10x-rep1-kallisto-cellbender-X/regulons_10.tsv	bd-rhap-rep2-X/regulons_10.tsv	10x-rep1-kallisto-cellbender-X/regulons_10.tsv
263	pDC	CD74	0.5384615384615384	10	10	10	10	bd-rhap-rep2-X/regulons_10.tsv vs 10x-rep1-kallisto-cellbender-X/regulons_10.tsv	bd-rhap-rep2-X/regulons_10.tsv	10x-rep1-kallisto-cellbender-X/regulons_10.tsv
264	nk_cells	TAGLN2	0.17647058823529413	10	10	10	10	bd-rhap-rep2-X/regulons_10.tsv vs 10x-rep1-kallisto-cellbender-X/regulons_10.tsv	bd-rhap-rep2-X/regulons_10.tsv	10x-rep1-kallisto-cellbender-X/regulons_10.tsv
265	b_cells	HLA-DQB1	0.42857142857142855	10	10	10	10	bd-rhap-rep2-X/regulons_10.tsv vs 10x-rep1-kallisto-cellbender-X/regulons_10.tsv	bd-rhap-rep2-X/regulons_10.tsv	10x-rep1-kallisto-cellbender-X/regulons_10.tsv
266	pDC	HLA-DPB1	0.42857142857142855	10	10	10	10	bd-rhap-rep2-X/regulons_10.tsv vs 10x-rep1-kallisto-cellbender-X/regulons_10.tsv	bd-rhap-rep2-X/regulons_10.tsv	10x-rep1-kallisto-cellbender-X/regulons_10.tsv
267	cd14-_monocytes	HLA-DQA1	0.42857142857142855	10	10	10	10	bd-rhap-rep2-X/regulons_10.tsv vs 10x-rep1-kallisto-cellbender-X/regulons_10.tsv	bd-rhap-rep2-X/regulons_10.tsv	10x-rep1-kallisto-cellbender-X/regulons_10.tsv
268	DC	HLA-DQA1	0.6666666666666666	10	10	10	10	bd-rhap-rep2-X/regulons_10.tsv vs 10x-rep1-kallisto-cellbender-X/regulons_10.tsv	bd-rhap-rep2-X/regulons_10.tsv	10x-rep1-kallisto-cellbender-X/regulons_10.tsv
269	b_cells	HLA-DRA	0.5384615384615384	10	10	10	10	bd-rhap-rep2-X/regulons_10.tsv vs 10x-rep1-kallisto-cellbender-X/regulons_10.tsv	bd-rhap-rep2-X/regulons_10.tsv	10x-rep1-kallisto-cellbender-X/regulons_10.tsv
270	DC	HLA-DRB1	0.5384615384615384	10	10	10	10	bd-rhap-rep2-X/regulons_10.tsv vs 10x-rep1-kallisto-cellbender-X/regulons_10.tsv	bd-rhap-rep2-X/regulons_10.tsv	10x-rep1-kallisto-cellbender-X/regulons_10.tsv
271	cd14+_monocytes	VOPP1	0.25	20	20	20	10	bd-rhap-rep1-X/regulons_20.tsv vs bd-rhap-rep2-X/regulons_20.tsv	bd-rhap-rep1-X/regulons_20.tsv	bd-rhap-rep2-X/regulons_20.tsv
272	b_cells	HLA-DOA	0.6666666666666666	20	20	20	10	bd-rhap-rep1-X/regulons_20.tsv vs bd-rhap-rep2-X/regulons_20.tsv	bd-rhap-rep1-X/regulons_20.tsv	bd-rhap-rep2-X/regulons_20.tsv
273	b_cells	HLA-DPB1	0.6666666666666666	20	20	20	10	bd-rhap-rep1-X/regulons_20.tsv vs bd-rhap-rep2-X/regulons_20.tsv	bd-rhap-rep1-X/regulons_20.tsv	bd-rhap-rep2-X/regulons_20.tsv
274	cd8+_tcells	NIBAN1	0.7391304347826086	20	20	20	10	bd-rhap-rep1-X/regulons_20.tsv vs bd-rhap-rep2-X/regulons_20.tsv	bd-rhap-rep1-X/regulons_20.tsv	bd-rhap-rep2-X/regulons_20.tsv
275	cd4+_tcells	NIBAN1	0.06896551724137931	20	11	20	10	bd-rhap-rep1-X/regulons_20.tsv vs bd-rhap-rep2-X/regulons_20.tsv	bd-rhap-rep1-X/regulons_20.tsv	bd-rhap-rep2-X/regulons_20.tsv
276	cd14-_monocytes	VOPP1	0.48148148148148145	20	20	20	10	bd-rhap-rep1-X/regulons_20.tsv vs bd-rhap-rep2-X/regulons_20.tsv	bd-rhap-rep1-X/regulons_20.tsv	bd-rhap-rep2-X/regulons_20.tsv
277	DC	HLA-DQB1	0.48148148148148145	20	20	20	10	bd-rhap-rep1-X/regulons_20.tsv vs bd-rhap-rep2-X/regulons_20.tsv	bd-rhap-rep1-X/regulons_20.tsv	bd-rhap-rep2-X/regulons_20.tsv
278	cd4+_tcells	SELL	0.42857142857142855	20	20	20	10	bd-rhap-rep1-X/regulons_20.tsv vs bd-rhap-rep2-X/regulons_20.tsv	bd-rhap-rep1-X/regulons_20.tsv	bd-rhap-rep2-X/regulons_20.tsv
279	DC	CD74	0.48148148148148145	20	20	20	10	bd-rhap-rep1-X/regulons_20.tsv vs bd-rhap-rep2-X/regulons_20.tsv	bd-rhap-rep1-X/regulons_20.tsv	bd-rhap-rep2-X/regulons_20.tsv
280	nk_cells	IL2RG	0.7391304347826086	20	20	20	10	bd-rhap-rep1-X/regulons_20.tsv vs bd-rhap-rep2-X/regulons_20.tsv	bd-rhap-rep1-X/regulons_20.tsv	bd-rhap-rep2-X/regulons_20.tsv
281	cd14-_monocytes	PLD4	0.48148148148148145	20	20	20	10	bd-rhap-rep1-X/regulons_20.tsv vs bd-rhap-rep2-X/regulons_20.tsv	bd-rhap-rep1-X/regulons_20.tsv	bd-rhap-rep2-X/regulons_20.tsv
282	b_cells	HLA-DPA1	0.7391304347826086	20	20	20	10	bd-rhap-rep1-X/regulons_20.tsv vs bd-rhap-rep2-X/regulons_20.tsv	bd-rhap-rep1-X/regulons_20.tsv	bd-rhap-rep2-X/regulons_20.tsv
283	DC	HLA-DPB1	0.6666666666666666	20	20	20	10	bd-rhap-rep1-X/regulons_20.tsv vs bd-rhap-rep2-X/regulons_20.tsv	bd-rhap-rep1-X/regulons_20.tsv	bd-rhap-rep2-X/regulons_20.tsv
284	pDC	SELL	0.5384615384615384	20	20	20	10	bd-rhap-rep1-X/regulons_20.tsv vs bd-rhap-rep2-X/regulons_20.tsv	bd-rhap-rep1-X/regulons_20.tsv	bd-rhap-rep2-X/regulons_20.tsv
285	pDC	HLA-DQA1	0.7391304347826086	20	20	20	10	bd-rhap-rep1-X/regulons_20.tsv vs bd-rhap-rep2-X/regulons_20.tsv	bd-rhap-rep1-X/regulons_20.tsv	bd-rhap-rep2-X/regulons_20.tsv
286	cd4+_tcells	VOPP1	0.6	20	20	20	10	bd-rhap-rep1-X/regulons_20.tsv vs bd-rhap-rep2-X/regulons_20.tsv	bd-rhap-rep1-X/regulons_20.tsv	bd-rhap-rep2-X/regulons_20.tsv
287	nk_cells	SLC38A1	0.6666666666666666	20	20	20	10	bd-rhap-rep1-X/regulons_20.tsv vs bd-rhap-rep2-X/regulons_20.tsv	bd-rhap-rep1-X/regulons_20.tsv	bd-rhap-rep2-X/regulons_20.tsv
288	cd8+_tcells	VOPP1	0.48148148148148145	20	20	20	10	bd-rhap-rep1-X/regulons_20.tsv vs bd-rhap-rep2-X/regulons_20.tsv	bd-rhap-rep1-X/regulons_20.tsv	bd-rhap-rep2-X/regulons_20.tsv
289	pDC	HLA-DQB1	0.5384615384615384	20	20	20	10	bd-rhap-rep1-X/regulons_20.tsv vs bd-rhap-rep2-X/regulons_20.tsv	bd-rhap-rep1-X/regulons_20.tsv	bd-rhap-rep2-X/regulons_20.tsv
290	b_cells	HLA-DQA1	0.5384615384615384	20	20	20	10	bd-rhap-rep1-X/regulons_20.tsv vs bd-rhap-rep2-X/regulons_20.tsv	bd-rhap-rep1-X/regulons_20.tsv	bd-rhap-rep2-X/regulons_20.tsv
291	DC	HLA-DPA1	0.6666666666666666	20	20	20	10	bd-rhap-rep1-X/regulons_20.tsv vs bd-rhap-rep2-X/regulons_20.tsv	bd-rhap-rep1-X/regulons_20.tsv	bd-rhap-rep2-X/regulons_20.tsv
292	b_cells	HLA-DRB1	0.6	20	20	20	10	bd-rhap-rep1-X/regulons_20.tsv vs bd-rhap-rep2-X/regulons_20.tsv	bd-rhap-rep1-X/regulons_20.tsv	bd-rhap-rep2-X/regulons_20.tsv
293	cd8+_tcells	HLA-DPB1	0.6666666666666666	20	20	20	10	bd-rhap-rep1-X/regulons_20.tsv vs bd-rhap-rep2-X/regulons_20.tsv	bd-rhap-rep1-X/regulons_20.tsv	bd-rhap-rep2-X/regulons_20.tsv
294	cd4+_tcells	SLC38A1	0.5384615384615384	20	20	20	10	bd-rhap-rep1-X/regulons_20.tsv vs bd-rhap-rep2-X/regulons_20.tsv	bd-rhap-rep1-X/regulons_20.tsv	bd-rhap-rep2-X/regulons_20.tsv
295	b_cells	HLA-DQB1	0.48148148148148145	20	20	20	10	bd-rhap-rep1-X/regulons_20.tsv vs bd-rhap-rep2-X/regulons_20.tsv	bd-rhap-rep1-X/regulons_20.tsv	bd-rhap-rep2-X/regulons_20.tsv
296	pDC	HLA-DPB1	0.6666666666666666	20	20	20	10	bd-rhap-rep1-X/regulons_20.tsv vs bd-rhap-rep2-X/regulons_20.tsv	bd-rhap-rep1-X/regulons_20.tsv	bd-rhap-rep2-X/regulons_20.tsv
297	pDC	HLA-DOA	0.6	20	20	20	10	bd-rhap-rep1-X/regulons_20.tsv vs bd-rhap-rep2-X/regulons_20.tsv	bd-rhap-rep1-X/regulons_20.tsv	bd-rhap-rep2-X/regulons_20.tsv
298	cd14-_monocytes	HLA-DQA1	0.48148148148148145	20	20	20	10	bd-rhap-rep1-X/regulons_20.tsv vs bd-rhap-rep2-X/regulons_20.tsv	bd-rhap-rep1-X/regulons_20.tsv	bd-rhap-rep2-X/regulons_20.tsv
299	cd8+_tcells	HLA-DPA1	0.48148148148148145	20	20	20	10	bd-rhap-rep1-X/regulons_20.tsv vs bd-rhap-rep2-X/regulons_20.tsv	bd-rhap-rep1-X/regulons_20.tsv	bd-rhap-rep2-X/regulons_20.tsv
300	nk_cells	SELL	0.42857142857142855	20	20	20	10	bd-rhap-rep1-X/regulons_20.tsv vs bd-rhap-rep2-X/regulons_20.tsv	bd-rhap-rep1-X/regulons_20.tsv	bd-rhap-rep2-X/regulons_20.tsv
301	DC	HLA-DQA1	0.48148148148148145	20	20	20	10	bd-rhap-rep1-X/regulons_20.tsv vs bd-rhap-rep2-X/regulons_20.tsv	bd-rhap-rep1-X/regulons_20.tsv	bd-rhap-rep2-X/regulons_20.tsv
302	b_cells	HLA-DRA	0.6666666666666666	20	20	20	10	bd-rhap-rep1-X/regulons_20.tsv vs bd-rhap-rep2-X/regulons_20.tsv	bd-rhap-rep1-X/regulons_20.tsv	bd-rhap-rep2-X/regulons_20.tsv
303	DC	HLA-DRB1	0.48148148148148145	20	20	20	10	bd-rhap-rep1-X/regulons_20.tsv vs bd-rhap-rep2-X/regulons_20.tsv	bd-rhap-rep1-X/regulons_20.tsv	bd-rhap-rep2-X/regulons_20.tsv
304	b_cells	HLA-DPB1	0.25	20	20	20	10	bd-rhap-rep1-X/regulons_20.tsv vs 10x-rep1-kallisto-cellbender-X/regulons_20.tsv	bd-rhap-rep1-X/regulons_20.tsv	10x-rep1-kallisto-cellbender-X/regulons_20.tsv
305	cd14-_monocytes	HLA-DQB1	0.3333333333333333	20	20	20	10	bd-rhap-rep1-X/regulons_20.tsv vs 10x-rep1-kallisto-cellbender-X/regulons_20.tsv	bd-rhap-rep1-X/regulons_20.tsv	10x-rep1-kallisto-cellbender-X/regulons_20.tsv
306	DC	HLA-DQB1	0.3333333333333333	20	20	20	10	bd-rhap-rep1-X/regulons_20.tsv vs 10x-rep1-kallisto-cellbender-X/regulons_20.tsv	bd-rhap-rep1-X/regulons_20.tsv	10x-rep1-kallisto-cellbender-X/regulons_20.tsv
307	b_cells	HLA-DPA1	0.3333333333333333	20	20	20	10	bd-rhap-rep1-X/regulons_20.tsv vs 10x-rep1-kallisto-cellbender-X/regulons_20.tsv	bd-rhap-rep1-X/regulons_20.tsv	10x-rep1-kallisto-cellbender-X/regulons_20.tsv
308	DC	HLA-DPB1	0.3333333333333333	20	20	20	10	bd-rhap-rep1-X/regulons_20.tsv vs 10x-rep1-kallisto-cellbender-X/regulons_20.tsv	bd-rhap-rep1-X/regulons_20.tsv	10x-rep1-kallisto-cellbender-X/regulons_20.tsv
309	pDC	HLA-DQA1	0.42857142857142855	20	20	20	10	bd-rhap-rep1-X/regulons_20.tsv vs 10x-rep1-kallisto-cellbender-X/regulons_20.tsv	bd-rhap-rep1-X/regulons_20.tsv	10x-rep1-kallisto-cellbender-X/regulons_20.tsv
310	cd14-_monocytes	HLA-DPA1	0.3793103448275862	20	20	20	10	bd-rhap-rep1-X/regulons_20.tsv vs 10x-rep1-kallisto-cellbender-X/regulons_20.tsv	bd-rhap-rep1-X/regulons_20.tsv	10x-rep1-kallisto-cellbender-X/regulons_20.tsv
311	pDC	HLA-DQB1	0.48148148148148145	20	20	20	10	bd-rhap-rep1-X/regulons_20.tsv vs 10x-rep1-kallisto-cellbender-X/regulons_20.tsv	bd-rhap-rep1-X/regulons_20.tsv	10x-rep1-kallisto-cellbender-X/regulons_20.tsv
312	b_cells	HLA-DQA1	0.2903225806451613	20	20	20	10	bd-rhap-rep1-X/regulons_20.tsv vs 10x-rep1-kallisto-cellbender-X/regulons_20.tsv	bd-rhap-rep1-X/regulons_20.tsv	10x-rep1-kallisto-cellbender-X/regulons_20.tsv
313	DC	HLA-DPA1	0.3333333333333333	20	20	20	10	bd-rhap-rep1-X/regulons_20.tsv vs 10x-rep1-kallisto-cellbender-X/regulons_20.tsv	bd-rhap-rep1-X/regulons_20.tsv	10x-rep1-kallisto-cellbender-X/regulons_20.tsv
314	b_cells	HLA-DRB1	0.2903225806451613	20	20	20	10	bd-rhap-rep1-X/regulons_20.tsv vs 10x-rep1-kallisto-cellbender-X/regulons_20.tsv	bd-rhap-rep1-X/regulons_20.tsv	10x-rep1-kallisto-cellbender-X/regulons_20.tsv
315	pDC	HLA-DRA	0.5384615384615384	20	20	20	10	bd-rhap-rep1-X/regulons_20.tsv vs 10x-rep1-kallisto-cellbender-X/regulons_20.tsv	bd-rhap-rep1-X/regulons_20.tsv	10x-rep1-kallisto-cellbender-X/regulons_20.tsv
316	cd14+_monocytes	CPVL	0.2903225806451613	20	20	20	10	bd-rhap-rep1-X/regulons_20.tsv vs 10x-rep1-kallisto-cellbender-X/regulons_20.tsv	bd-rhap-rep1-X/regulons_20.tsv	10x-rep1-kallisto-cellbender-X/regulons_20.tsv
317	DC	FOS	0.14285714285714285	20	20	20	10	bd-rhap-rep1-X/regulons_20.tsv vs 10x-rep1-kallisto-cellbender-X/regulons_20.tsv	bd-rhap-rep1-X/regulons_20.tsv	10x-rep1-kallisto-cellbender-X/regulons_20.tsv
318	cd14-_monocytes	CPVL	0.48148148148148145	20	20	20	10	bd-rhap-rep1-X/regulons_20.tsv vs 10x-rep1-kallisto-cellbender-X/regulons_20.tsv	bd-rhap-rep1-X/regulons_20.tsv	10x-rep1-kallisto-cellbender-X/regulons_20.tsv
319	b_cells	HLA-DQB1	0.2903225806451613	20	20	20	10	bd-rhap-rep1-X/regulons_20.tsv vs 10x-rep1-kallisto-cellbender-X/regulons_20.tsv	bd-rhap-rep1-X/regulons_20.tsv	10x-rep1-kallisto-cellbender-X/regulons_20.tsv
320	pDC	HLA-DPB1	0.3793103448275862	20	20	20	10	bd-rhap-rep1-X/regulons_20.tsv vs 10x-rep1-kallisto-cellbender-X/regulons_20.tsv	bd-rhap-rep1-X/regulons_20.tsv	10x-rep1-kallisto-cellbender-X/regulons_20.tsv
321	cd14-_monocytes	HLA-DQA1	0.3333333333333333	20	20	20	10	bd-rhap-rep1-X/regulons_20.tsv vs 10x-rep1-kallisto-cellbender-X/regulons_20.tsv	bd-rhap-rep1-X/regulons_20.tsv	10x-rep1-kallisto-cellbender-X/regulons_20.tsv
322	b_cells	HLA-DRA	0.42857142857142855	20	20	20	10	bd-rhap-rep1-X/regulons_20.tsv vs 10x-rep1-kallisto-cellbender-X/regulons_20.tsv	bd-rhap-rep1-X/regulons_20.tsv	10x-rep1-kallisto-cellbender-X/regulons_20.tsv
323	DC	HLA-DRB1	0.42857142857142855	20	20	20	10	bd-rhap-rep1-X/regulons_20.tsv vs 10x-rep1-kallisto-cellbender-X/regulons_20.tsv	bd-rhap-rep1-X/regulons_20.tsv	10x-rep1-kallisto-cellbender-X/regulons_20.tsv
324	nk_cells	IFITM2	0.17647058823529413	20	20	20	10	bd-rhap-rep2-X/regulons_20.tsv vs 10x-rep1-kallisto-cellbender-X/regulons_20.tsv	bd-rhap-rep2-X/regulons_20.tsv	10x-rep1-kallisto-cellbender-X/regulons_20.tsv
325	b_cells	HLA-DPB1	0.25	20	20	20	10	bd-rhap-rep2-X/regulons_20.tsv vs 10x-rep1-kallisto-cellbender-X/regulons_20.tsv	bd-rhap-rep2-X/regulons_20.tsv	10x-rep1-kallisto-cellbender-X/regulons_20.tsv
326	pDC	HLA-DPA1	0.3333333333333333	20	20	20	10	bd-rhap-rep2-X/regulons_20.tsv vs 10x-rep1-kallisto-cellbender-X/regulons_20.tsv	bd-rhap-rep2-X/regulons_20.tsv	10x-rep1-kallisto-cellbender-X/regulons_20.tsv
327	DC	HLA-DQB1	0.25	20	20	20	10	bd-rhap-rep2-X/regulons_20.tsv vs 10x-rep1-kallisto-cellbender-X/regulons_20.tsv	bd-rhap-rep2-X/regulons_20.tsv	10x-rep1-kallisto-cellbender-X/regulons_20.tsv
328	cd14-_monocytes	MNDA	0.14285714285714285	20	20	20	10	bd-rhap-rep2-X/regulons_20.tsv vs 10x-rep1-kallisto-cellbender-X/regulons_20.tsv	bd-rhap-rep2-X/regulons_20.tsv	10x-rep1-kallisto-cellbender-X/regulons_20.tsv
329	DC	HLA-DRA	0.3333333333333333	20	20	20	10	bd-rhap-rep2-X/regulons_20.tsv vs 10x-rep1-kallisto-cellbender-X/regulons_20.tsv	bd-rhap-rep2-X/regulons_20.tsv	10x-rep1-kallisto-cellbender-X/regulons_20.tsv
330	b_cells	HLA-DPA1	0.2903225806451613	20	20	20	10	bd-rhap-rep2-X/regulons_20.tsv vs 10x-rep1-kallisto-cellbender-X/regulons_20.tsv	bd-rhap-rep2-X/regulons_20.tsv	10x-rep1-kallisto-cellbender-X/regulons_20.tsv
331	cd14-_monocytes	HLA-DPB1	0.21212121212121213	20	20	20	10	bd-rhap-rep2-X/regulons_20.tsv vs 10x-rep1-kallisto-cellbender-X/regulons_20.tsv	bd-rhap-rep2-X/regulons_20.tsv	10x-rep1-kallisto-cellbender-X/regulons_20.tsv
332	DC	HLA-DPB1	0.2903225806451613	20	20	20	10	bd-rhap-rep2-X/regulons_20.tsv vs 10x-rep1-kallisto-cellbender-X/regulons_20.tsv	bd-rhap-rep2-X/regulons_20.tsv	10x-rep1-kallisto-cellbender-X/regulons_20.tsv
333	pDC	HLA-DQA1	0.42857142857142855	20	20	20	10	bd-rhap-rep2-X/regulons_20.tsv vs 10x-rep1-kallisto-cellbender-X/regulons_20.tsv	bd-rhap-rep2-X/regulons_20.tsv	10x-rep1-kallisto-cellbender-X/regulons_20.tsv
334	pDC	HLA-DRB1	0.48148148148148145	20	20	20	10	bd-rhap-rep2-X/regulons_20.tsv vs 10x-rep1-kallisto-cellbender-X/regulons_20.tsv	bd-rhap-rep2-X/regulons_20.tsv	10x-rep1-kallisto-cellbender-X/regulons_20.tsv
335	pDC	HLA-DQB1	0.2903225806451613	20	20	20	10	bd-rhap-rep2-X/regulons_20.tsv vs 10x-rep1-kallisto-cellbender-X/regulons_20.tsv	bd-rhap-rep2-X/regulons_20.tsv	10x-rep1-kallisto-cellbender-X/regulons_20.tsv
336	b_cells	HLA-DQA1	0.3793103448275862	20	20	20	10	bd-rhap-rep2-X/regulons_20.tsv vs 10x-rep1-kallisto-cellbender-X/regulons_20.tsv	bd-rhap-rep2-X/regulons_20.tsv	10x-rep1-kallisto-cellbender-X/regulons_20.tsv
337	b_cells	HLA-DRB1	0.3333333333333333	20	20	20	10	bd-rhap-rep2-X/regulons_20.tsv vs 10x-rep1-kallisto-cellbender-X/regulons_20.tsv	bd-rhap-rep2-X/regulons_20.tsv	10x-rep1-kallisto-cellbender-X/regulons_20.tsv
338	DC	HLA-DPA1	0.25	20	20	20	10	bd-rhap-rep2-X/regulons_20.tsv vs 10x-rep1-kallisto-cellbender-X/regulons_20.tsv	bd-rhap-rep2-X/regulons_20.tsv	10x-rep1-kallisto-cellbender-X/regulons_20.tsv
339	nk_cells	TAGLN2	0.21212121212121213	20	20	20	10	bd-rhap-rep2-X/regulons_20.tsv vs 10x-rep1-kallisto-cellbender-X/regulons_20.tsv	bd-rhap-rep2-X/regulons_20.tsv	10x-rep1-kallisto-cellbender-X/regulons_20.tsv
340	cd14+_monocytes	ID2	0.21212121212121213	20	20	20	10	bd-rhap-rep2-X/regulons_20.tsv vs 10x-rep1-kallisto-cellbender-X/regulons_20.tsv	bd-rhap-rep2-X/regulons_20.tsv	10x-rep1-kallisto-cellbender-X/regulons_20.tsv
341	b_cells	HLA-DQB1	0.2903225806451613	20	20	20	10	bd-rhap-rep2-X/regulons_20.tsv vs 10x-rep1-kallisto-cellbender-X/regulons_20.tsv	bd-rhap-rep2-X/regulons_20.tsv	10x-rep1-kallisto-cellbender-X/regulons_20.tsv
342	pDC	HLA-DPB1	0.3333333333333333	20	20	20	10	bd-rhap-rep2-X/regulons_20.tsv vs 10x-rep1-kallisto-cellbender-X/regulons_20.tsv	bd-rhap-rep2-X/regulons_20.tsv	10x-rep1-kallisto-cellbender-X/regulons_20.tsv
343	cd14-_monocytes	HLA-DQA1	0.21212121212121213	20	20	20	10	bd-rhap-rep2-X/regulons_20.tsv vs 10x-rep1-kallisto-cellbender-X/regulons_20.tsv	bd-rhap-rep2-X/regulons_20.tsv	10x-rep1-kallisto-cellbender-X/regulons_20.tsv
344	b_cells	HLA-DRA	0.3793103448275862	20	20	20	10	bd-rhap-rep2-X/regulons_20.tsv vs 10x-rep1-kallisto-cellbender-X/regulons_20.tsv	bd-rhap-rep2-X/regulons_20.tsv	10x-rep1-kallisto-cellbender-X/regulons_20.tsv
345	DC	HLA-DRB1	0.3333333333333333	20	20	20	10	bd-rhap-rep2-X/regulons_20.tsv vs 10x-rep1-kallisto-cellbender-X/regulons_20.tsv	bd-rhap-rep2-X/regulons_20.tsv	10x-rep1-kallisto-cellbender-X/regulons_20.tsv
346	cd14+_monocytes	VOPP1	0.3333333333333333	30	30	30	10	bd-rhap-rep1-X/regulons_30.tsv vs bd-rhap-rep2-X/regulons_30.tsv	bd-rhap-rep1-X/regulons_30.tsv	bd-rhap-rep2-X/regulons_30.tsv
347	b_cells	HLA-DOA	0.5384615384615384	30	30	30	10	bd-rhap-rep1-X/regulons_30.tsv vs bd-rhap-rep2-X/regulons_30.tsv	bd-rhap-rep1-X/regulons_30.tsv	bd-rhap-rep2-X/regulons_30.tsv
348	b_cells	HLA-DPB1	0.6216216216216216	30	30	30	10	bd-rhap-rep1-X/regulons_30.tsv vs bd-rhap-rep2-X/regulons_30.tsv	bd-rhap-rep1-X/regulons_30.tsv	bd-rhap-rep2-X/regulons_30.tsv
349	cd8+_tcells	NIBAN1	0.7142857142857143	30	30	30	10	bd-rhap-rep1-X/regulons_30.tsv vs bd-rhap-rep2-X/regulons_30.tsv	bd-rhap-rep1-X/regulons_30.tsv	bd-rhap-rep2-X/regulons_30.tsv
350	cd4+_tcells	NIBAN1	0.10810810810810811	30	11	30	10	bd-rhap-rep1-X/regulons_30.tsv vs bd-rhap-rep2-X/regulons_30.tsv	bd-rhap-rep1-X/regulons_30.tsv	bd-rhap-rep2-X/regulons_30.tsv
351	DC	HLA-DQB1	0.42857142857142855	30	30	30	10	bd-rhap-rep1-X/regulons_30.tsv vs bd-rhap-rep2-X/regulons_30.tsv	bd-rhap-rep1-X/regulons_30.tsv	bd-rhap-rep2-X/regulons_30.tsv
352	cd4+_tcells	SELL	0.36363636363636365	30	30	30	10	bd-rhap-rep1-X/regulons_30.tsv vs bd-rhap-rep2-X/regulons_30.tsv	bd-rhap-rep1-X/regulons_30.tsv	bd-rhap-rep2-X/regulons_30.tsv
353	cd14+_monocytes	HDAC9	0.5	30	30	30	10	bd-rhap-rep1-X/regulons_30.tsv vs bd-rhap-rep2-X/regulons_30.tsv	bd-rhap-rep1-X/regulons_30.tsv	bd-rhap-rep2-X/regulons_30.tsv
354	DC	HLA-DRA	0.6666666666666666	30	30	30	10	bd-rhap-rep1-X/regulons_30.tsv vs bd-rhap-rep2-X/regulons_30.tsv	bd-rhap-rep1-X/regulons_30.tsv	bd-rhap-rep2-X/regulons_30.tsv
355	cd14-_monocytes	PLD4	0.4634146341463415	30	30	30	10	bd-rhap-rep1-X/regulons_30.tsv vs bd-rhap-rep2-X/regulons_30.tsv	bd-rhap-rep1-X/regulons_30.tsv	bd-rhap-rep2-X/regulons_30.tsv
356	b_cells	HLA-DPA1	0.5789473684210527	30	30	30	10	bd-rhap-rep1-X/regulons_30.tsv vs bd-rhap-rep2-X/regulons_30.tsv	bd-rhap-rep1-X/regulons_30.tsv	bd-rhap-rep2-X/regulons_30.tsv
357	DC	HLA-DPB1	0.5384615384615384	30	30	30	10	bd-rhap-rep1-X/regulons_30.tsv vs bd-rhap-rep2-X/regulons_30.tsv	bd-rhap-rep1-X/regulons_30.tsv	bd-rhap-rep2-X/regulons_30.tsv
358	pDC	SELL	0.7142857142857143	30	30	30	10	bd-rhap-rep1-X/regulons_30.tsv vs bd-rhap-rep2-X/regulons_30.tsv	bd-rhap-rep1-X/regulons_30.tsv	bd-rhap-rep2-X/regulons_30.tsv
359	pDC	HLA-DQA1	0.7142857142857143	30	30	30	10	bd-rhap-rep1-X/regulons_30.tsv vs bd-rhap-rep2-X/regulons_30.tsv	bd-rhap-rep1-X/regulons_30.tsv	bd-rhap-rep2-X/regulons_30.tsv
360	cd4+_tcells	VOPP1	0.6216216216216216	30	30	30	10	bd-rhap-rep1-X/regulons_30.tsv vs bd-rhap-rep2-X/regulons_30.tsv	bd-rhap-rep1-X/regulons_30.tsv	bd-rhap-rep2-X/regulons_30.tsv
361	nk_cells	SLC38A1	0.5384615384615384	30	30	30	10	bd-rhap-rep1-X/regulons_30.tsv vs bd-rhap-rep2-X/regulons_30.tsv	bd-rhap-rep1-X/regulons_30.tsv	bd-rhap-rep2-X/regulons_30.tsv
362	cd8+_tcells	VOPP1	0.5384615384615384	30	30	30	10	bd-rhap-rep1-X/regulons_30.tsv vs bd-rhap-rep2-X/regulons_30.tsv	bd-rhap-rep1-X/regulons_30.tsv	bd-rhap-rep2-X/regulons_30.tsv
363	nk_cells	VAV3	0.36363636363636365	30	30	30	10	bd-rhap-rep1-X/regulons_30.tsv vs bd-rhap-rep2-X/regulons_30.tsv	bd-rhap-rep1-X/regulons_30.tsv	bd-rhap-rep2-X/regulons_30.tsv
364	DC	MCL1	0.42857142857142855	30	30	30	10	bd-rhap-rep1-X/regulons_30.tsv vs bd-rhap-rep2-X/regulons_30.tsv	bd-rhap-rep1-X/regulons_30.tsv	bd-rhap-rep2-X/regulons_30.tsv
365	pDC	HLA-DQB1	0.5384615384615384	30	30	30	10	bd-rhap-rep1-X/regulons_30.tsv vs bd-rhap-rep2-X/regulons_30.tsv	bd-rhap-rep1-X/regulons_30.tsv	bd-rhap-rep2-X/regulons_30.tsv
366	b_cells	HLA-DQA1	0.4634146341463415	30	30	30	10	bd-rhap-rep1-X/regulons_30.tsv vs bd-rhap-rep2-X/regulons_30.tsv	bd-rhap-rep1-X/regulons_30.tsv	bd-rhap-rep2-X/regulons_30.tsv
367	DC	HLA-DPA1	0.5384615384615384	30	30	30	10	bd-rhap-rep1-X/regulons_30.tsv vs bd-rhap-rep2-X/regulons_30.tsv	bd-rhap-rep1-X/regulons_30.tsv	bd-rhap-rep2-X/regulons_30.tsv
368	b_cells	HLA-DRB1	0.6216216216216216	30	30	30	10	bd-rhap-rep1-X/regulons_30.tsv vs bd-rhap-rep2-X/regulons_30.tsv	bd-rhap-rep1-X/regulons_30.tsv	bd-rhap-rep2-X/regulons_30.tsv
369	cd8+_tcells	HLA-DPB1	0.5789473684210527	30	30	30	10	bd-rhap-rep1-X/regulons_30.tsv vs bd-rhap-rep2-X/regulons_30.tsv	bd-rhap-rep1-X/regulons_30.tsv	bd-rhap-rep2-X/regulons_30.tsv
370	cd4+_tcells	SLC38A1	0.5789473684210527	30	30	30	10	bd-rhap-rep1-X/regulons_30.tsv vs bd-rhap-rep2-X/regulons_30.tsv	bd-rhap-rep1-X/regulons_30.tsv	bd-rhap-rep2-X/regulons_30.tsv
371	cd14+_monocytes	HLA-DQA1	0.3333333333333333	30	30	30	10	bd-rhap-rep1-X/regulons_30.tsv vs bd-rhap-rep2-X/regulons_30.tsv	bd-rhap-rep1-X/regulons_30.tsv	bd-rhap-rep2-X/regulons_30.tsv
372	b_cells	HLA-DQB1	0.42857142857142855	30	30	30	10	bd-rhap-rep1-X/regulons_30.tsv vs bd-rhap-rep2-X/regulons_30.tsv	bd-rhap-rep1-X/regulons_30.tsv	bd-rhap-rep2-X/regulons_30.tsv
373	pDC	HLA-DOA	0.7647058823529411	30	30	30	10	bd-rhap-rep1-X/regulons_30.tsv vs bd-rhap-rep2-X/regulons_30.tsv	bd-rhap-rep1-X/regulons_30.tsv	bd-rhap-rep2-X/regulons_30.tsv
374	pDC	HLA-DPB1	0.6666666666666666	30	30	30	10	bd-rhap-rep1-X/regulons_30.tsv vs bd-rhap-rep2-X/regulons_30.tsv	bd-rhap-rep1-X/regulons_30.tsv	bd-rhap-rep2-X/regulons_30.tsv
375	cd14-_monocytes	HLA-DQA1	0.42857142857142855	30	30	30	10	bd-rhap-rep1-X/regulons_30.tsv vs bd-rhap-rep2-X/regulons_30.tsv	bd-rhap-rep1-X/regulons_30.tsv	bd-rhap-rep2-X/regulons_30.tsv
376	nk_cells	SELL	0.36363636363636365	30	30	30	10	bd-rhap-rep1-X/regulons_30.tsv vs bd-rhap-rep2-X/regulons_30.tsv	bd-rhap-rep1-X/regulons_30.tsv	bd-rhap-rep2-X/regulons_30.tsv
377	DC	HLA-DQA1	0.5	30	30	30	10	bd-rhap-rep1-X/regulons_30.tsv vs bd-rhap-rep2-X/regulons_30.tsv	bd-rhap-rep1-X/regulons_30.tsv	bd-rhap-rep2-X/regulons_30.tsv
378	b_cells	HLA-DRA	0.6666666666666666	30	30	30	10	bd-rhap-rep1-X/regulons_30.tsv vs bd-rhap-rep2-X/regulons_30.tsv	bd-rhap-rep1-X/regulons_30.tsv	bd-rhap-rep2-X/regulons_30.tsv
379	DC	HLA-DRB1	0.5	30	30	30	10	bd-rhap-rep1-X/regulons_30.tsv vs bd-rhap-rep2-X/regulons_30.tsv	bd-rhap-rep1-X/regulons_30.tsv	bd-rhap-rep2-X/regulons_30.tsv
380	pDC	MCL1	0.6216216216216216	30	30	30	10	bd-rhap-rep1-X/regulons_30.tsv vs bd-rhap-rep2-X/regulons_30.tsv	bd-rhap-rep1-X/regulons_30.tsv	bd-rhap-rep2-X/regulons_30.tsv
381	DC	CD74	0.30434782608695654	30	30	30	10	bd-rhap-rep1-X/regulons_30.tsv vs 10x-rep1-kallisto-cellbender-X/regulons_30.tsv	bd-rhap-rep1-X/regulons_30.tsv	10x-rep1-kallisto-cellbender-X/regulons_30.tsv
382	cd14-_monocytes	CPVL	0.42857142857142855	30	30	30	10	bd-rhap-rep1-X/regulons_30.tsv vs 10x-rep1-kallisto-cellbender-X/regulons_30.tsv	bd-rhap-rep1-X/regulons_30.tsv	10x-rep1-kallisto-cellbender-X/regulons_30.tsv
383	nk_cells	ARL4C	0.25	30	30	30	10	bd-rhap-rep1-X/regulons_30.tsv vs 10x-rep1-kallisto-cellbender-X/regulons_30.tsv	bd-rhap-rep1-X/regulons_30.tsv	10x-rep1-kallisto-cellbender-X/regulons_30.tsv
384	b_cells	HLA-DPB1	0.25	30	30	30	10	bd-rhap-rep1-X/regulons_30.tsv vs 10x-rep1-kallisto-cellbender-X/regulons_30.tsv	bd-rhap-rep1-X/regulons_30.tsv	10x-rep1-kallisto-cellbender-X/regulons_30.tsv
385	b_cells	HLA-DPA1	0.25	30	30	30	10	bd-rhap-rep1-X/regulons_30.tsv vs 10x-rep1-kallisto-cellbender-X/regulons_30.tsv	bd-rhap-rep1-X/regulons_30.tsv	10x-rep1-kallisto-cellbender-X/regulons_30.tsv
386	cd14-_monocytes	HLA-DPB1	0.2	30	30	30	10	bd-rhap-rep1-X/regulons_30.tsv vs 10x-rep1-kallisto-cellbender-X/regulons_30.tsv	bd-rhap-rep1-X/regulons_30.tsv	10x-rep1-kallisto-cellbender-X/regulons_30.tsv
387	cd14-_monocytes	HLA-DPA1	0.30434782608695654	30	30	30	10	bd-rhap-rep1-X/regulons_30.tsv vs 10x-rep1-kallisto-cellbender-X/regulons_30.tsv	bd-rhap-rep1-X/regulons_30.tsv	10x-rep1-kallisto-cellbender-X/regulons_30.tsv
388	pDC	HLA-DQB1	0.36363636363636365	30	30	30	10	bd-rhap-rep1-X/regulons_30.tsv vs 10x-rep1-kallisto-cellbender-X/regulons_30.tsv	bd-rhap-rep1-X/regulons_30.tsv	10x-rep1-kallisto-cellbender-X/regulons_30.tsv
389	pDC	HLA-DPB1	0.3333333333333333	30	30	30	10	bd-rhap-rep1-X/regulons_30.tsv vs 10x-rep1-kallisto-cellbender-X/regulons_30.tsv	bd-rhap-rep1-X/regulons_30.tsv	10x-rep1-kallisto-cellbender-X/regulons_30.tsv
390	DC	HLA-DPB1	0.25	30	30	30	10	bd-rhap-rep1-X/regulons_30.tsv vs 10x-rep1-kallisto-cellbender-X/regulons_30.tsv	bd-rhap-rep1-X/regulons_30.tsv	10x-rep1-kallisto-cellbender-X/regulons_30.tsv
391	DC	HLA-DPA1	0.2765957446808511	30	30	30	10	bd-rhap-rep1-X/regulons_30.tsv vs 10x-rep1-kallisto-cellbender-X/regulons_30.tsv	bd-rhap-rep1-X/regulons_30.tsv	10x-rep1-kallisto-cellbender-X/regulons_30.tsv
392	b_cells	HLA-DRB1	0.25	30	30	30	10	bd-rhap-rep1-X/regulons_30.tsv vs 10x-rep1-kallisto-cellbender-X/regulons_30.tsv	bd-rhap-rep1-X/regulons_30.tsv	10x-rep1-kallisto-cellbender-X/regulons_30.tsv
393	cd14-_monocytes	HLA-DQA1	0.22448979591836735	30	30	30	10	bd-rhap-rep1-X/regulons_30.tsv vs 10x-rep1-kallisto-cellbender-X/regulons_30.tsv	bd-rhap-rep1-X/regulons_30.tsv	10x-rep1-kallisto-cellbender-X/regulons_30.tsv
394	b_cells	HLA-DQA1	0.25	30	30	30	10	bd-rhap-rep1-X/regulons_30.tsv vs 10x-rep1-kallisto-cellbender-X/regulons_30.tsv	bd-rhap-rep1-X/regulons_30.tsv	10x-rep1-kallisto-cellbender-X/regulons_30.tsv
395	b_cells	HLA-DQB1	0.30434782608695654	30	30	30	10	bd-rhap-rep1-X/regulons_30.tsv vs 10x-rep1-kallisto-cellbender-X/regulons_30.tsv	bd-rhap-rep1-X/regulons_30.tsv	10x-rep1-kallisto-cellbender-X/regulons_30.tsv
396	pDC	HLA-DQA1	0.3953488372093023	30	30	30	10	bd-rhap-rep1-X/regulons_30.tsv vs 10x-rep1-kallisto-cellbender-X/regulons_30.tsv	bd-rhap-rep1-X/regulons_30.tsv	10x-rep1-kallisto-cellbender-X/regulons_30.tsv
397	DC	HLA-DRB1	0.30434782608695654	30	30	30	10	bd-rhap-rep1-X/regulons_30.tsv vs 10x-rep1-kallisto-cellbender-X/regulons_30.tsv	bd-rhap-rep1-X/regulons_30.tsv	10x-rep1-kallisto-cellbender-X/regulons_30.tsv
398	DC	HLA-DRA	0.2765957446808511	30	30	30	10	bd-rhap-rep1-X/regulons_30.tsv vs 10x-rep1-kallisto-cellbender-X/regulons_30.tsv	bd-rhap-rep1-X/regulons_30.tsv	10x-rep1-kallisto-cellbender-X/regulons_30.tsv
399	nk_cells	IFITM2	0.25	30	30	30	10	bd-rhap-rep2-X/regulons_30.tsv vs 10x-rep1-kallisto-cellbender-X/regulons_30.tsv	bd-rhap-rep2-X/regulons_30.tsv	10x-rep1-kallisto-cellbender-X/regulons_30.tsv
400	cd4+_tcells	TAGLN2	0.15384615384615385	30	30	30	10	bd-rhap-rep2-X/regulons_30.tsv vs 10x-rep1-kallisto-cellbender-X/regulons_30.tsv	bd-rhap-rep2-X/regulons_30.tsv	10x-rep1-kallisto-cellbender-X/regulons_30.tsv
401	b_cells	HLA-DPB1	0.22448979591836735	30	30	30	10	bd-rhap-rep2-X/regulons_30.tsv vs 10x-rep1-kallisto-cellbender-X/regulons_30.tsv	bd-rhap-rep2-X/regulons_30.tsv	10x-rep1-kallisto-cellbender-X/regulons_30.tsv
402	pDC	HLA-DPA1	0.36363636363636365	30	30	30	10	bd-rhap-rep2-X/regulons_30.tsv vs 10x-rep1-kallisto-cellbender-X/regulons_30.tsv	bd-rhap-rep2-X/regulons_30.tsv	10x-rep1-kallisto-cellbender-X/regulons_30.tsv
403	DC	HLA-DRA	0.25	30	30	30	10	bd-rhap-rep2-X/regulons_30.tsv vs 10x-rep1-kallisto-cellbender-X/regulons_30.tsv	bd-rhap-rep2-X/regulons_30.tsv	10x-rep1-kallisto-cellbender-X/regulons_30.tsv
404	b_cells	HLA-DPA1	0.25	30	30	30	10	bd-rhap-rep2-X/regulons_30.tsv vs 10x-rep1-kallisto-cellbender-X/regulons_30.tsv	bd-rhap-rep2-X/regulons_30.tsv	10x-rep1-kallisto-cellbender-X/regulons_30.tsv
405	DC	HLA-DPB1	0.2	30	30	30	10	bd-rhap-rep2-X/regulons_30.tsv vs 10x-rep1-kallisto-cellbender-X/regulons_30.tsv	bd-rhap-rep2-X/regulons_30.tsv	10x-rep1-kallisto-cellbender-X/regulons_30.tsv
406	pDC	FCER1A	0.3333333333333333	30	30	30	10	bd-rhap-rep2-X/regulons_30.tsv vs 10x-rep1-kallisto-cellbender-X/regulons_30.tsv	bd-rhap-rep2-X/regulons_30.tsv	10x-rep1-kallisto-cellbender-X/regulons_30.tsv
407	pDC	HLA-DQA1	0.36363636363636365	30	30	30	10	bd-rhap-rep2-X/regulons_30.tsv vs 10x-rep1-kallisto-cellbender-X/regulons_30.tsv	bd-rhap-rep2-X/regulons_30.tsv	10x-rep1-kallisto-cellbender-X/regulons_30.tsv
408	pDC	HLA-DQB1	0.30434782608695654	30	30	30	10	bd-rhap-rep2-X/regulons_30.tsv vs 10x-rep1-kallisto-cellbender-X/regulons_30.tsv	bd-rhap-rep2-X/regulons_30.tsv	10x-rep1-kallisto-cellbender-X/regulons_30.tsv
409	b_cells	HLA-DQA1	0.22448979591836735	30	30	30	10	bd-rhap-rep2-X/regulons_30.tsv vs 10x-rep1-kallisto-cellbender-X/regulons_30.tsv	bd-rhap-rep2-X/regulons_30.tsv	10x-rep1-kallisto-cellbender-X/regulons_30.tsv
410	b_cells	HLA-DRB1	0.30434782608695654	30	30	30	10	bd-rhap-rep2-X/regulons_30.tsv vs 10x-rep1-kallisto-cellbender-X/regulons_30.tsv	bd-rhap-rep2-X/regulons_30.tsv	10x-rep1-kallisto-cellbender-X/regulons_30.tsv
411	DC	HLA-DPA1	0.22448979591836735	30	30	30	10	bd-rhap-rep2-X/regulons_30.tsv vs 10x-rep1-kallisto-cellbender-X/regulons_30.tsv	bd-rhap-rep2-X/regulons_30.tsv	10x-rep1-kallisto-cellbender-X/regulons_30.tsv
412	cd14+_monocytes	ID2	0.2	30	30	30	10	bd-rhap-rep2-X/regulons_30.tsv vs 10x-rep1-kallisto-cellbender-X/regulons_30.tsv	bd-rhap-rep2-X/regulons_30.tsv	10x-rep1-kallisto-cellbender-X/regulons_30.tsv
413	nk_cells	IGFBP7	0.1320754716981132	30	30	30	10	bd-rhap-rep2-X/regulons_30.tsv vs 10x-rep1-kallisto-cellbender-X/regulons_30.tsv	bd-rhap-rep2-X/regulons_30.tsv	10x-rep1-kallisto-cellbender-X/regulons_30.tsv
414	b_cells	HLA-DQB1	0.2765957446808511	30	30	30	10	bd-rhap-rep2-X/regulons_30.tsv vs 10x-rep1-kallisto-cellbender-X/regulons_30.tsv	bd-rhap-rep2-X/regulons_30.tsv	10x-rep1-kallisto-cellbender-X/regulons_30.tsv
415	pDC	HLA-DPB1	0.30434782608695654	30	30	30	10	bd-rhap-rep2-X/regulons_30.tsv vs 10x-rep1-kallisto-cellbender-X/regulons_30.tsv	bd-rhap-rep2-X/regulons_30.tsv	10x-rep1-kallisto-cellbender-X/regulons_30.tsv
416	cd14-_monocytes	HLA-DQA1	0.17647058823529413	30	30	30	10	bd-rhap-rep2-X/regulons_30.tsv vs 10x-rep1-kallisto-cellbender-X/regulons_30.tsv	bd-rhap-rep2-X/regulons_30.tsv	10x-rep1-kallisto-cellbender-X/regulons_30.tsv
417	DC	HLA-DRB1	0.22448979591836735	30	30	30	10	bd-rhap-rep2-X/regulons_30.tsv vs 10x-rep1-kallisto-cellbender-X/regulons_30.tsv	bd-rhap-rep2-X/regulons_30.tsv	10x-rep1-kallisto-cellbender-X/regulons_30.tsv
418	cd14+_monocytes	VOPP1	0.3114754098360656	40	40	40	10	bd-rhap-rep1-X/regulons_40.tsv vs bd-rhap-rep2-X/regulons_40.tsv	bd-rhap-rep1-X/regulons_40.tsv	bd-rhap-rep2-X/regulons_40.tsv
419	b_cells	HLA-DOA	0.5686274509803921	40	40	40	10	bd-rhap-rep1-X/regulons_40.tsv vs bd-rhap-rep2-X/regulons_40.tsv	bd-rhap-rep1-X/regulons_40.tsv	bd-rhap-rep2-X/regulons_40.tsv
420	cd14-_monocytes	HLA-DQB1	0.2903225806451613	40	40	40	10	bd-rhap-rep1-X/regulons_40.tsv vs bd-rhap-rep2-X/regulons_40.tsv	bd-rhap-rep1-X/regulons_40.tsv	bd-rhap-rep2-X/regulons_40.tsv
421	b_cells	HLA-DPB1	0.5384615384615384	40	40	40	10	bd-rhap-rep1-X/regulons_40.tsv vs bd-rhap-rep2-X/regulons_40.tsv	bd-rhap-rep1-X/regulons_40.tsv	bd-rhap-rep2-X/regulons_40.tsv
422	cd8+_tcells	NIBAN1	0.7391304347826086	40	40	40	10	bd-rhap-rep1-X/regulons_40.tsv vs bd-rhap-rep2-X/regulons_40.tsv	bd-rhap-rep1-X/regulons_40.tsv	bd-rhap-rep2-X/regulons_40.tsv
423	cd4+_tcells	NIBAN1	0.10869565217391304	40	11	40	10	bd-rhap-rep1-X/regulons_40.tsv vs bd-rhap-rep2-X/regulons_40.tsv	bd-rhap-rep1-X/regulons_40.tsv	bd-rhap-rep2-X/regulons_40.tsv
424	nk_cells	VOPP1	0.6	40	40	40	10	bd-rhap-rep1-X/regulons_40.tsv vs bd-rhap-rep2-X/regulons_40.tsv	bd-rhap-rep1-X/regulons_40.tsv	bd-rhap-rep2-X/regulons_40.tsv
425	DC	HLA-DQB1	0.5384615384615384	40	40	40	10	bd-rhap-rep1-X/regulons_40.tsv vs bd-rhap-rep2-X/regulons_40.tsv	bd-rhap-rep1-X/regulons_40.tsv	bd-rhap-rep2-X/regulons_40.tsv
426	cd4+_tcells	ID2	0.3114754098360656	40	40	40	10	bd-rhap-rep1-X/regulons_40.tsv vs bd-rhap-rep2-X/regulons_40.tsv	bd-rhap-rep1-X/regulons_40.tsv	bd-rhap-rep2-X/regulons_40.tsv
427	DC	HLA-DRA	0.6	40	40	40	10	bd-rhap-rep1-X/regulons_40.tsv vs bd-rhap-rep2-X/regulons_40.tsv	bd-rhap-rep1-X/regulons_40.tsv	bd-rhap-rep2-X/regulons_40.tsv
428	cd14+_monocytes	HDAC9	0.48148148148148145	40	40	40	10	bd-rhap-rep1-X/regulons_40.tsv vs bd-rhap-rep2-X/regulons_40.tsv	bd-rhap-rep1-X/regulons_40.tsv	bd-rhap-rep2-X/regulons_40.tsv
429	b_cells	HLA-DPA1	0.6	40	40	40	10	bd-rhap-rep1-X/regulons_40.tsv vs bd-rhap-rep2-X/regulons_40.tsv	bd-rhap-rep1-X/regulons_40.tsv	bd-rhap-rep2-X/regulons_40.tsv
430	DC	HLA-DPB1	0.5384615384615384	40	40	40	10	bd-rhap-rep1-X/regulons_40.tsv vs bd-rhap-rep2-X/regulons_40.tsv	bd-rhap-rep1-X/regulons_40.tsv	bd-rhap-rep2-X/regulons_40.tsv
431	pDC	SELL	0.6666666666666666	40	40	40	10	bd-rhap-rep1-X/regulons_40.tsv vs bd-rhap-rep2-X/regulons_40.tsv	bd-rhap-rep1-X/regulons_40.tsv	bd-rhap-rep2-X/regulons_40.tsv
432	pDC	FCER1A	0.3559322033898305	40	40	40	10	bd-rhap-rep1-X/regulons_40.tsv vs bd-rhap-rep2-X/regulons_40.tsv	bd-rhap-rep1-X/regulons_40.tsv	bd-rhap-rep2-X/regulons_40.tsv
433	cd4+_tcells	VOPP1	0.6	40	40	40	10	bd-rhap-rep1-X/regulons_40.tsv vs bd-rhap-rep2-X/regulons_40.tsv	bd-rhap-rep1-X/regulons_40.tsv	bd-rhap-rep2-X/regulons_40.tsv
434	nk_cells	SLC38A1	0.6666666666666666	40	40	40	10	bd-rhap-rep1-X/regulons_40.tsv vs bd-rhap-rep2-X/regulons_40.tsv	bd-rhap-rep1-X/regulons_40.tsv	bd-rhap-rep2-X/regulons_40.tsv
435	DC	MCL1	0.3333333333333333	40	40	40	10	bd-rhap-rep1-X/regulons_40.tsv vs bd-rhap-rep2-X/regulons_40.tsv	bd-rhap-rep1-X/regulons_40.tsv	bd-rhap-rep2-X/regulons_40.tsv
436	cd14-_monocytes	CSF3R	0.48148148148148145	40	40	40	10	bd-rhap-rep1-X/regulons_40.tsv vs bd-rhap-rep2-X/regulons_40.tsv	bd-rhap-rep1-X/regulons_40.tsv	bd-rhap-rep2-X/regulons_40.tsv
437	pDC	HLA-DQB1	0.5094339622641509	40	40	40	10	bd-rhap-rep1-X/regulons_40.tsv vs bd-rhap-rep2-X/regulons_40.tsv	bd-rhap-rep1-X/regulons_40.tsv	bd-rhap-rep2-X/regulons_40.tsv
438	b_cells	HLA-DQA1	0.5384615384615384	40	40	40	10	bd-rhap-rep1-X/regulons_40.tsv vs bd-rhap-rep2-X/regulons_40.tsv	bd-rhap-rep1-X/regulons_40.tsv	bd-rhap-rep2-X/regulons_40.tsv
439	DC	HLA-DPA1	0.5686274509803921	40	40	40	10	bd-rhap-rep1-X/regulons_40.tsv vs bd-rhap-rep2-X/regulons_40.tsv	bd-rhap-rep1-X/regulons_40.tsv	bd-rhap-rep2-X/regulons_40.tsv
440	b_cells	HLA-DRB1	0.5686274509803921	40	40	40	10	bd-rhap-rep1-X/regulons_40.tsv vs bd-rhap-rep2-X/regulons_40.tsv	bd-rhap-rep1-X/regulons_40.tsv	bd-rhap-rep2-X/regulons_40.tsv
441	cd4+_tcells	SLC38A1	0.5686274509803921	40	40	40	10	bd-rhap-rep1-X/regulons_40.tsv vs bd-rhap-rep2-X/regulons_40.tsv	bd-rhap-rep1-X/regulons_40.tsv	bd-rhap-rep2-X/regulons_40.tsv
442	cd14+_monocytes	HLA-DQA1	0.3793103448275862	40	40	40	10	bd-rhap-rep1-X/regulons_40.tsv vs bd-rhap-rep2-X/regulons_40.tsv	bd-rhap-rep1-X/regulons_40.tsv	bd-rhap-rep2-X/regulons_40.tsv
443	b_cells	HLA-DQB1	0.48148148148148145	40	40	40	10	bd-rhap-rep1-X/regulons_40.tsv vs bd-rhap-rep2-X/regulons_40.tsv	bd-rhap-rep1-X/regulons_40.tsv	bd-rhap-rep2-X/regulons_40.tsv
444	pDC	HLA-DOA	0.7021276595744681	40	40	40	10	bd-rhap-rep1-X/regulons_40.tsv vs bd-rhap-rep2-X/regulons_40.tsv	bd-rhap-rep1-X/regulons_40.tsv	bd-rhap-rep2-X/regulons_40.tsv
445	pDC	HLA-DPB1	0.7777777777777778	40	40	40	10	bd-rhap-rep1-X/regulons_40.tsv vs bd-rhap-rep2-X/regulons_40.tsv	bd-rhap-rep1-X/regulons_40.tsv	bd-rhap-rep2-X/regulons_40.tsv
446	cd14-_monocytes	HLA-DQA1	0.42857142857142855	40	40	40	10	bd-rhap-rep1-X/regulons_40.tsv vs bd-rhap-rep2-X/regulons_40.tsv	bd-rhap-rep1-X/regulons_40.tsv	bd-rhap-rep2-X/regulons_40.tsv
447	cd8+_tcells	HLA-DPA1	0.40350877192982454	40	40	40	10	bd-rhap-rep1-X/regulons_40.tsv vs bd-rhap-rep2-X/regulons_40.tsv	bd-rhap-rep1-X/regulons_40.tsv	bd-rhap-rep2-X/regulons_40.tsv
448	DC	HLA-DQA1	0.48148148148148145	40	40	40	10	bd-rhap-rep1-X/regulons_40.tsv vs bd-rhap-rep2-X/regulons_40.tsv	bd-rhap-rep1-X/regulons_40.tsv	bd-rhap-rep2-X/regulons_40.tsv
449	DC	HLA-DRB1	0.5094339622641509	40	40	40	10	bd-rhap-rep1-X/regulons_40.tsv vs bd-rhap-rep2-X/regulons_40.tsv	bd-rhap-rep1-X/regulons_40.tsv	bd-rhap-rep2-X/regulons_40.tsv
450	cd14-_monocytes	CPVL	0.3333333333333333	40	40	40	10	bd-rhap-rep1-X/regulons_40.tsv vs 10x-rep1-kallisto-cellbender-X/regulons_40.tsv	bd-rhap-rep1-X/regulons_40.tsv	10x-rep1-kallisto-cellbender-X/regulons_40.tsv
451	b_cells	HLA-DPB1	0.23076923076923078	40	40	40	10	bd-rhap-rep1-X/regulons_40.tsv vs 10x-rep1-kallisto-cellbender-X/regulons_40.tsv	bd-rhap-rep1-X/regulons_40.tsv	10x-rep1-kallisto-cellbender-X/regulons_40.tsv
452	b_cells	HLA-DPA1	0.25	40	40	40	10	bd-rhap-rep1-X/regulons_40.tsv vs 10x-rep1-kallisto-cellbender-X/regulons_40.tsv	bd-rhap-rep1-X/regulons_40.tsv	10x-rep1-kallisto-cellbender-X/regulons_40.tsv
453	cd14-_monocytes	HLA-DPA1	0.3114754098360656	40	40	40	10	bd-rhap-rep1-X/regulons_40.tsv vs 10x-rep1-kallisto-cellbender-X/regulons_40.tsv	bd-rhap-rep1-X/regulons_40.tsv	10x-rep1-kallisto-cellbender-X/regulons_40.tsv
454	pDC	HLA-DQB1	0.3333333333333333	40	40	40	10	bd-rhap-rep1-X/regulons_40.tsv vs 10x-rep1-kallisto-cellbender-X/regulons_40.tsv	bd-rhap-rep1-X/regulons_40.tsv	10x-rep1-kallisto-cellbender-X/regulons_40.tsv
455	pDC	HLA-DPB1	0.3793103448275862	40	40	40	10	bd-rhap-rep1-X/regulons_40.tsv vs 10x-rep1-kallisto-cellbender-X/regulons_40.tsv	bd-rhap-rep1-X/regulons_40.tsv	10x-rep1-kallisto-cellbender-X/regulons_40.tsv
456	DC	HLA-DPB1	0.21212121212121213	40	40	40	10	bd-rhap-rep1-X/regulons_40.tsv vs 10x-rep1-kallisto-cellbender-X/regulons_40.tsv	bd-rhap-rep1-X/regulons_40.tsv	10x-rep1-kallisto-cellbender-X/regulons_40.tsv
457	DC	HLA-DPA1	0.21212121212121213	40	40	40	10	bd-rhap-rep1-X/regulons_40.tsv vs 10x-rep1-kallisto-cellbender-X/regulons_40.tsv	bd-rhap-rep1-X/regulons_40.tsv	10x-rep1-kallisto-cellbender-X/regulons_40.tsv
458	cd14-_monocytes	HLA-DQA1	0.19402985074626866	40	40	40	10	bd-rhap-rep1-X/regulons_40.tsv vs 10x-rep1-kallisto-cellbender-X/regulons_40.tsv	bd-rhap-rep1-X/regulons_40.tsv	10x-rep1-kallisto-cellbender-X/regulons_40.tsv
459	b_cells	HLA-DQA1	0.23076923076923078	40	40	40	10	bd-rhap-rep1-X/regulons_40.tsv vs 10x-rep1-kallisto-cellbender-X/regulons_40.tsv	bd-rhap-rep1-X/regulons_40.tsv	10x-rep1-kallisto-cellbender-X/regulons_40.tsv
460	b_cells	HLA-DQB1	0.2698412698412698	40	40	40	10	bd-rhap-rep1-X/regulons_40.tsv vs 10x-rep1-kallisto-cellbender-X/regulons_40.tsv	bd-rhap-rep1-X/regulons_40.tsv	10x-rep1-kallisto-cellbender-X/regulons_40.tsv
461	pDC	FCER1A	0.25	40	40	40	10	bd-rhap-rep1-X/regulons_40.tsv vs 10x-rep1-kallisto-cellbender-X/regulons_40.tsv	bd-rhap-rep1-X/regulons_40.tsv	10x-rep1-kallisto-cellbender-X/regulons_40.tsv
462	DC	HLA-DRB1	0.23076923076923078	40	40	40	10	bd-rhap-rep1-X/regulons_40.tsv vs 10x-rep1-kallisto-cellbender-X/regulons_40.tsv	bd-rhap-rep1-X/regulons_40.tsv	10x-rep1-kallisto-cellbender-X/regulons_40.tsv
463	cd14+_monocytes	CPVL	0.3559322033898305	40	40	40	10	bd-rhap-rep1-X/regulons_40.tsv vs 10x-rep1-kallisto-cellbender-X/regulons_40.tsv	bd-rhap-rep1-X/regulons_40.tsv	10x-rep1-kallisto-cellbender-X/regulons_40.tsv
464	nk_cells	IFITM2	0.2698412698412698	40	40	40	10	bd-rhap-rep2-X/regulons_40.tsv vs 10x-rep1-kallisto-cellbender-X/regulons_40.tsv	bd-rhap-rep2-X/regulons_40.tsv	10x-rep1-kallisto-cellbender-X/regulons_40.tsv
465	cd8+_tcells	TAGLN2	0.25	40	40	40	10	bd-rhap-rep2-X/regulons_40.tsv vs 10x-rep1-kallisto-cellbender-X/regulons_40.tsv	bd-rhap-rep2-X/regulons_40.tsv	10x-rep1-kallisto-cellbender-X/regulons_40.tsv
466	cd14-_monocytes	S100A9	0.1267605633802817	40	40	40	10	bd-rhap-rep2-X/regulons_40.tsv vs 10x-rep1-kallisto-cellbender-X/regulons_40.tsv	bd-rhap-rep2-X/regulons_40.tsv	10x-rep1-kallisto-cellbender-X/regulons_40.tsv
467	cd4+_tcells	TAGLN2	0.25	40	40	40	10	bd-rhap-rep2-X/regulons_40.tsv vs 10x-rep1-kallisto-cellbender-X/regulons_40.tsv	bd-rhap-rep2-X/regulons_40.tsv	10x-rep1-kallisto-cellbender-X/regulons_40.tsv
468	b_cells	HLA-DPB1	0.19402985074626866	40	40	40	10	bd-rhap-rep2-X/regulons_40.tsv vs 10x-rep1-kallisto-cellbender-X/regulons_40.tsv	bd-rhap-rep2-X/regulons_40.tsv	10x-rep1-kallisto-cellbender-X/regulons_40.tsv
469	pDC	HLA-DPA1	0.2903225806451613	40	40	40	10	bd-rhap-rep2-X/regulons_40.tsv vs 10x-rep1-kallisto-cellbender-X/regulons_40.tsv	bd-rhap-rep2-X/regulons_40.tsv	10x-rep1-kallisto-cellbender-X/regulons_40.tsv
470	b_cells	HLA-DPA1	0.23076923076923078	40	40	40	10	bd-rhap-rep2-X/regulons_40.tsv vs 10x-rep1-kallisto-cellbender-X/regulons_40.tsv	bd-rhap-rep2-X/regulons_40.tsv	10x-rep1-kallisto-cellbender-X/regulons_40.tsv
471	cd14-_monocytes	HLA-DPB1	0.1111111111111111	40	40	40	10	bd-rhap-rep2-X/regulons_40.tsv vs 10x-rep1-kallisto-cellbender-X/regulons_40.tsv	bd-rhap-rep2-X/regulons_40.tsv	10x-rep1-kallisto-cellbender-X/regulons_40.tsv
472	DC	HLA-DPB1	0.19402985074626866	40	40	40	10	bd-rhap-rep2-X/regulons_40.tsv vs 10x-rep1-kallisto-cellbender-X/regulons_40.tsv	bd-rhap-rep2-X/regulons_40.tsv	10x-rep1-kallisto-cellbender-X/regulons_40.tsv
473	pDC	FCER1A	0.40350877192982454	40	40	40	10	bd-rhap-rep2-X/regulons_40.tsv vs 10x-rep1-kallisto-cellbender-X/regulons_40.tsv	bd-rhap-rep2-X/regulons_40.tsv	10x-rep1-kallisto-cellbender-X/regulons_40.tsv
474	pDC	HLA-DQA1	0.3559322033898305	40	40	40	10	bd-rhap-rep2-X/regulons_40.tsv vs 10x-rep1-kallisto-cellbender-X/regulons_40.tsv	bd-rhap-rep2-X/regulons_40.tsv	10x-rep1-kallisto-cellbender-X/regulons_40.tsv
475	pDC	HLA-DQB1	0.2698412698412698	40	40	40	10	bd-rhap-rep2-X/regulons_40.tsv vs 10x-rep1-kallisto-cellbender-X/regulons_40.tsv	bd-rhap-rep2-X/regulons_40.tsv	10x-rep1-kallisto-cellbender-X/regulons_40.tsv
476	b_cells	HLA-DQA1	0.19402985074626866	40	40	40	10	bd-rhap-rep2-X/regulons_40.tsv vs 10x-rep1-kallisto-cellbender-X/regulons_40.tsv	bd-rhap-rep2-X/regulons_40.tsv	10x-rep1-kallisto-cellbender-X/regulons_40.tsv
477	DC	HLA-DPA1	0.17647058823529413	40	40	40	10	bd-rhap-rep2-X/regulons_40.tsv vs 10x-rep1-kallisto-cellbender-X/regulons_40.tsv	bd-rhap-rep2-X/regulons_40.tsv	10x-rep1-kallisto-cellbender-X/regulons_40.tsv
478	cd14+_monocytes	ID2	0.17647058823529413	40	40	40	10	bd-rhap-rep2-X/regulons_40.tsv vs 10x-rep1-kallisto-cellbender-X/regulons_40.tsv	bd-rhap-rep2-X/regulons_40.tsv	10x-rep1-kallisto-cellbender-X/regulons_40.tsv
479	b_cells	HLA-DQB1	0.23076923076923078	40	40	40	10	bd-rhap-rep2-X/regulons_40.tsv vs 10x-rep1-kallisto-cellbender-X/regulons_40.tsv	bd-rhap-rep2-X/regulons_40.tsv	10x-rep1-kallisto-cellbender-X/regulons_40.tsv
480	pDC	HLA-DPB1	0.3333333333333333	40	40	40	10	bd-rhap-rep2-X/regulons_40.tsv vs 10x-rep1-kallisto-cellbender-X/regulons_40.tsv	bd-rhap-rep2-X/regulons_40.tsv	10x-rep1-kallisto-cellbender-X/regulons_40.tsv
481	cd14-_monocytes	HLA-DQA1	0.14285714285714285	40	40	40	10	bd-rhap-rep2-X/regulons_40.tsv vs 10x-rep1-kallisto-cellbender-X/regulons_40.tsv	bd-rhap-rep2-X/regulons_40.tsv	10x-rep1-kallisto-cellbender-X/regulons_40.tsv
482	DC	HLA-DRB1	0.21212121212121213	40	40	40	10	bd-rhap-rep2-X/regulons_40.tsv vs 10x-rep1-kallisto-cellbender-X/regulons_40.tsv	bd-rhap-rep2-X/regulons_40.tsv	10x-rep1-kallisto-cellbender-X/regulons_40.tsv
483	cd14-_monocytes	S100A9	0.4492753623188406	50	50	50	10	bd-rhap-rep1-X/regulons_50.tsv vs bd-rhap-rep2-X/regulons_50.tsv	bd-rhap-rep1-X/regulons_50.tsv	bd-rhap-rep2-X/regulons_50.tsv
484	cd14+_monocytes	VOPP1	0.3333333333333333	50	50	50	10	bd-rhap-rep1-X/regulons_50.tsv vs bd-rhap-rep2-X/regulons_50.tsv	bd-rhap-rep1-X/regulons_50.tsv	bd-rhap-rep2-X/regulons_50.tsv
485	b_cells	HLA-DOA	0.5384615384615384	50	50	50	10	bd-rhap-rep1-X/regulons_50.tsv vs bd-rhap-rep2-X/regulons_50.tsv	bd-rhap-rep1-X/regulons_50.tsv	bd-rhap-rep2-X/regulons_50.tsv
486	b_cells	HLA-DPB1	0.5384615384615384	50	50	50	10	bd-rhap-rep1-X/regulons_50.tsv vs bd-rhap-rep2-X/regulons_50.tsv	bd-rhap-rep1-X/regulons_50.tsv	bd-rhap-rep2-X/regulons_50.tsv
487	cd8+_tcells	NIBAN1	0.7241379310344828	50	50	50	10	bd-rhap-rep1-X/regulons_50.tsv vs bd-rhap-rep2-X/regulons_50.tsv	bd-rhap-rep1-X/regulons_50.tsv	bd-rhap-rep2-X/regulons_50.tsv
488	cd4+_tcells	NIBAN1	0.10909090909090909	50	11	50	10	bd-rhap-rep1-X/regulons_50.tsv vs bd-rhap-rep2-X/regulons_50.tsv	bd-rhap-rep1-X/regulons_50.tsv	bd-rhap-rep2-X/regulons_50.tsv
489	nk_cells	VOPP1	0.5384615384615384	50	50	50	10	bd-rhap-rep1-X/regulons_50.tsv vs bd-rhap-rep2-X/regulons_50.tsv	bd-rhap-rep1-X/regulons_50.tsv	bd-rhap-rep2-X/regulons_50.tsv
490	DC	HLA-DQB1	0.5625	50	50	50	10	bd-rhap-rep1-X/regulons_50.tsv vs bd-rhap-rep2-X/regulons_50.tsv	bd-rhap-rep1-X/regulons_50.tsv	bd-rhap-rep2-X/regulons_50.tsv
491	cd14-_monocytes	MNDA	0.47058823529411764	50	50	50	10	bd-rhap-rep1-X/regulons_50.tsv vs bd-rhap-rep2-X/regulons_50.tsv	bd-rhap-rep1-X/regulons_50.tsv	bd-rhap-rep2-X/regulons_50.tsv
492	cd14+_monocytes	HDAC9	0.5151515151515151	50	50	50	10	bd-rhap-rep1-X/regulons_50.tsv vs bd-rhap-rep2-X/regulons_50.tsv	bd-rhap-rep1-X/regulons_50.tsv	bd-rhap-rep2-X/regulons_50.tsv
493	b_cells	HLA-DPA1	0.5384615384615384	50	50	50	10	bd-rhap-rep1-X/regulons_50.tsv vs bd-rhap-rep2-X/regulons_50.tsv	bd-rhap-rep1-X/regulons_50.tsv	bd-rhap-rep2-X/regulons_50.tsv
494	DC	HLA-DPB1	0.5873015873015873	50	50	50	10	bd-rhap-rep1-X/regulons_50.tsv vs bd-rhap-rep2-X/regulons_50.tsv	bd-rhap-rep1-X/regulons_50.tsv	bd-rhap-rep2-X/regulons_50.tsv
495	pDC	SELL	0.5873015873015873	50	50	50	10	bd-rhap-rep1-X/regulons_50.tsv vs bd-rhap-rep2-X/regulons_50.tsv	bd-rhap-rep1-X/regulons_50.tsv	bd-rhap-rep2-X/regulons_50.tsv
496	pDC	FCER1A	0.4084507042253521	50	50	50	10	bd-rhap-rep1-X/regulons_50.tsv vs bd-rhap-rep2-X/regulons_50.tsv	bd-rhap-rep1-X/regulons_50.tsv	bd-rhap-rep2-X/regulons_50.tsv
497	cd4+_tcells	VOPP1	0.6129032258064516	50	50	50	10	bd-rhap-rep1-X/regulons_50.tsv vs bd-rhap-rep2-X/regulons_50.tsv	bd-rhap-rep1-X/regulons_50.tsv	bd-rhap-rep2-X/regulons_50.tsv
498	nk_cells	SLC38A1	0.6949152542372882	50	50	50	10	bd-rhap-rep1-X/regulons_50.tsv vs bd-rhap-rep2-X/regulons_50.tsv	bd-rhap-rep1-X/regulons_50.tsv	bd-rhap-rep2-X/regulons_50.tsv
499	b_cells	IRF8	0.5384615384615384	50	50	50	10	bd-rhap-rep1-X/regulons_50.tsv vs bd-rhap-rep2-X/regulons_50.tsv	bd-rhap-rep1-X/regulons_50.tsv	bd-rhap-rep2-X/regulons_50.tsv
500	cd14-_monocytes	CSF3R	0.47058823529411764	50	50	50	10	bd-rhap-rep1-X/regulons_50.tsv vs bd-rhap-rep2-X/regulons_50.tsv	bd-rhap-rep1-X/regulons_50.tsv	bd-rhap-rep2-X/regulons_50.tsv
501	pDC	HLA-DQB1	0.4925373134328358	50	50	50	10	bd-rhap-rep1-X/regulons_50.tsv vs bd-rhap-rep2-X/regulons_50.tsv	bd-rhap-rep1-X/regulons_50.tsv	bd-rhap-rep2-X/regulons_50.tsv
502	b_cells	HLA-DQA1	0.4925373134328358	50	50	50	10	bd-rhap-rep1-X/regulons_50.tsv vs bd-rhap-rep2-X/regulons_50.tsv	bd-rhap-rep1-X/regulons_50.tsv	bd-rhap-rep2-X/regulons_50.tsv
503	DC	HLA-DPA1	0.5625	50	50	50	10	bd-rhap-rep1-X/regulons_50.tsv vs bd-rhap-rep2-X/regulons_50.tsv	bd-rhap-rep1-X/regulons_50.tsv	bd-rhap-rep2-X/regulons_50.tsv
504	cd8+_tcells	HLA-DPB1	0.4925373134328358	50	50	50	10	bd-rhap-rep1-X/regulons_50.tsv vs bd-rhap-rep2-X/regulons_50.tsv	bd-rhap-rep1-X/regulons_50.tsv	bd-rhap-rep2-X/regulons_50.tsv
505	cd14-_monocytes	FCN1	0.3888888888888889	50	50	50	10	bd-rhap-rep1-X/regulons_50.tsv vs bd-rhap-rep2-X/regulons_50.tsv	bd-rhap-rep1-X/regulons_50.tsv	bd-rhap-rep2-X/regulons_50.tsv
506	cd4+_tcells	SLC38A1	0.639344262295082	50	50	50	10	bd-rhap-rep1-X/regulons_50.tsv vs bd-rhap-rep2-X/regulons_50.tsv	bd-rhap-rep1-X/regulons_50.tsv	bd-rhap-rep2-X/regulons_50.tsv
507	b_cells	HLA-DQB1	0.47058823529411764	50	50	50	10	bd-rhap-rep1-X/regulons_50.tsv vs bd-rhap-rep2-X/regulons_50.tsv	bd-rhap-rep1-X/regulons_50.tsv	bd-rhap-rep2-X/regulons_50.tsv
508	pDC	HLA-DOA	0.6949152542372882	50	50	50	10	bd-rhap-rep1-X/regulons_50.tsv vs bd-rhap-rep2-X/regulons_50.tsv	bd-rhap-rep1-X/regulons_50.tsv	bd-rhap-rep2-X/regulons_50.tsv
509	pDC	HLA-DPB1	0.7241379310344828	50	50	50	10	bd-rhap-rep1-X/regulons_50.tsv vs bd-rhap-rep2-X/regulons_50.tsv	bd-rhap-rep1-X/regulons_50.tsv	bd-rhap-rep2-X/regulons_50.tsv
510	cd14-_monocytes	HLA-DQA1	0.42857142857142855	50	50	50	10	bd-rhap-rep1-X/regulons_50.tsv vs bd-rhap-rep2-X/regulons_50.tsv	bd-rhap-rep1-X/regulons_50.tsv	bd-rhap-rep2-X/regulons_50.tsv
511	DC	HLA-DQA1	0.5151515151515151	50	50	50	10	bd-rhap-rep1-X/regulons_50.tsv vs bd-rhap-rep2-X/regulons_50.tsv	bd-rhap-rep1-X/regulons_50.tsv	bd-rhap-rep2-X/regulons_50.tsv
512	DC	HLA-DRB1	0.4925373134328358	50	50	50	10	bd-rhap-rep1-X/regulons_50.tsv vs bd-rhap-rep2-X/regulons_50.tsv	bd-rhap-rep1-X/regulons_50.tsv	bd-rhap-rep2-X/regulons_50.tsv
513	DC	MNDA	0.21951219512195122	50	50	50	10	bd-rhap-rep1-X/regulons_50.tsv vs 10x-rep1-kallisto-cellbender-X/regulons_50.tsv	bd-rhap-rep1-X/regulons_50.tsv	10x-rep1-kallisto-cellbender-X/regulons_50.tsv
514	cd14-_monocytes	CPVL	0.26582278481012656	50	50	50	10	bd-rhap-rep1-X/regulons_50.tsv vs 10x-rep1-kallisto-cellbender-X/regulons_50.tsv	bd-rhap-rep1-X/regulons_50.tsv	10x-rep1-kallisto-cellbender-X/regulons_50.tsv
515	cd14-_monocytes	S100A9	0.19047619047619047	50	50	50	10	bd-rhap-rep1-X/regulons_50.tsv vs 10x-rep1-kallisto-cellbender-X/regulons_50.tsv	bd-rhap-rep1-X/regulons_50.tsv	10x-rep1-kallisto-cellbender-X/regulons_50.tsv
516	b_cells	HLA-DPB1	0.20481927710843373	50	50	50	10	bd-rhap-rep1-X/regulons_50.tsv vs 10x-rep1-kallisto-cellbender-X/regulons_50.tsv	bd-rhap-rep1-X/regulons_50.tsv	10x-rep1-kallisto-cellbender-X/regulons_50.tsv
517	b_cells	HLA-DPA1	0.19047619047619047	50	50	50	10	bd-rhap-rep1-X/regulons_50.tsv vs 10x-rep1-kallisto-cellbender-X/regulons_50.tsv	bd-rhap-rep1-X/regulons_50.tsv	10x-rep1-kallisto-cellbender-X/regulons_50.tsv
518	cd14-_monocytes	HLA-DPA1	0.25	50	50	50	10	bd-rhap-rep1-X/regulons_50.tsv vs 10x-rep1-kallisto-cellbender-X/regulons_50.tsv	bd-rhap-rep1-X/regulons_50.tsv	10x-rep1-kallisto-cellbender-X/regulons_50.tsv
519	pDC	HLA-DQB1	0.26582278481012656	50	50	50	10	bd-rhap-rep1-X/regulons_50.tsv vs 10x-rep1-kallisto-cellbender-X/regulons_50.tsv	bd-rhap-rep1-X/regulons_50.tsv	10x-rep1-kallisto-cellbender-X/regulons_50.tsv
520	pDC	HLA-DPB1	0.3333333333333333	50	50	50	10	bd-rhap-rep1-X/regulons_50.tsv vs 10x-rep1-kallisto-cellbender-X/regulons_50.tsv	bd-rhap-rep1-X/regulons_50.tsv	10x-rep1-kallisto-cellbender-X/regulons_50.tsv
521	DC	HLA-DPB1	0.17647058823529413	50	50	50	10	bd-rhap-rep1-X/regulons_50.tsv vs 10x-rep1-kallisto-cellbender-X/regulons_50.tsv	bd-rhap-rep1-X/regulons_50.tsv	10x-rep1-kallisto-cellbender-X/regulons_50.tsv
522	DC	HLA-DPA1	0.20481927710843373	50	50	50	10	bd-rhap-rep1-X/regulons_50.tsv vs 10x-rep1-kallisto-cellbender-X/regulons_50.tsv	bd-rhap-rep1-X/regulons_50.tsv	10x-rep1-kallisto-cellbender-X/regulons_50.tsv
523	cd14-_monocytes	HLA-DQA1	0.20481927710843373	50	50	50	10	bd-rhap-rep1-X/regulons_50.tsv vs 10x-rep1-kallisto-cellbender-X/regulons_50.tsv	bd-rhap-rep1-X/regulons_50.tsv	10x-rep1-kallisto-cellbender-X/regulons_50.tsv
524	b_cells	HLA-DQA1	0.19047619047619047	50	50	50	10	bd-rhap-rep1-X/regulons_50.tsv vs 10x-rep1-kallisto-cellbender-X/regulons_50.tsv	bd-rhap-rep1-X/regulons_50.tsv	10x-rep1-kallisto-cellbender-X/regulons_50.tsv
525	b_cells	HLA-DQB1	0.25	50	50	50	10	bd-rhap-rep1-X/regulons_50.tsv vs 10x-rep1-kallisto-cellbender-X/regulons_50.tsv	bd-rhap-rep1-X/regulons_50.tsv	10x-rep1-kallisto-cellbender-X/regulons_50.tsv
526	pDC	FCER1A	0.25	50	50	50	10	bd-rhap-rep1-X/regulons_50.tsv vs 10x-rep1-kallisto-cellbender-X/regulons_50.tsv	bd-rhap-rep1-X/regulons_50.tsv	10x-rep1-kallisto-cellbender-X/regulons_50.tsv
527	DC	HLA-DRB1	0.21951219512195122	50	50	50	10	bd-rhap-rep1-X/regulons_50.tsv vs 10x-rep1-kallisto-cellbender-X/regulons_50.tsv	bd-rhap-rep1-X/regulons_50.tsv	10x-rep1-kallisto-cellbender-X/regulons_50.tsv
528	cd14-_monocytes	MNDA	0.2345679012345679	50	50	50	10	bd-rhap-rep1-X/regulons_50.tsv vs 10x-rep1-kallisto-cellbender-X/regulons_50.tsv	bd-rhap-rep1-X/regulons_50.tsv	10x-rep1-kallisto-cellbender-X/regulons_50.tsv
529	nk_cells	IFITM2	0.25	50	50	50	10	bd-rhap-rep2-X/regulons_50.tsv vs 10x-rep1-kallisto-cellbender-X/regulons_50.tsv	bd-rhap-rep2-X/regulons_50.tsv	10x-rep1-kallisto-cellbender-X/regulons_50.tsv
530	cd8+_tcells	TAGLN2	0.26582278481012656	50	50	50	10	bd-rhap-rep2-X/regulons_50.tsv vs 10x-rep1-kallisto-cellbender-X/regulons_50.tsv	bd-rhap-rep2-X/regulons_50.tsv	10x-rep1-kallisto-cellbender-X/regulons_50.tsv
531	cd14-_monocytes	S100A9	0.12359550561797752	50	50	50	10	bd-rhap-rep2-X/regulons_50.tsv vs 10x-rep1-kallisto-cellbender-X/regulons_50.tsv	bd-rhap-rep2-X/regulons_50.tsv	10x-rep1-kallisto-cellbender-X/regulons_50.tsv
532	cd4+_tcells	TAGLN2	0.2345679012345679	50	50	50	10	bd-rhap-rep2-X/regulons_50.tsv vs 10x-rep1-kallisto-cellbender-X/regulons_50.tsv	bd-rhap-rep2-X/regulons_50.tsv	10x-rep1-kallisto-cellbender-X/regulons_50.tsv
533	b_cells	HLA-DPB1	0.19047619047619047	50	50	50	10	bd-rhap-rep2-X/regulons_50.tsv vs 10x-rep1-kallisto-cellbender-X/regulons_50.tsv	bd-rhap-rep2-X/regulons_50.tsv	10x-rep1-kallisto-cellbender-X/regulons_50.tsv
534	cd14-_monocytes	HLA-DQB1	0.19047619047619047	50	50	50	10	bd-rhap-rep2-X/regulons_50.tsv vs 10x-rep1-kallisto-cellbender-X/regulons_50.tsv	bd-rhap-rep2-X/regulons_50.tsv	10x-rep1-kallisto-cellbender-X/regulons_50.tsv
535	cd14-_monocytes	MNDA	0.13636363636363635	50	50	50	10	bd-rhap-rep2-X/regulons_50.tsv vs 10x-rep1-kallisto-cellbender-X/regulons_50.tsv	bd-rhap-rep2-X/regulons_50.tsv	10x-rep1-kallisto-cellbender-X/regulons_50.tsv
536	b_cells	HLA-DPA1	0.20481927710843373	50	50	50	10	bd-rhap-rep2-X/regulons_50.tsv vs 10x-rep1-kallisto-cellbender-X/regulons_50.tsv	bd-rhap-rep2-X/regulons_50.tsv	10x-rep1-kallisto-cellbender-X/regulons_50.tsv
537	cd14-_monocytes	HLA-DPB1	0.12359550561797752	50	50	50	10	bd-rhap-rep2-X/regulons_50.tsv vs 10x-rep1-kallisto-cellbender-X/regulons_50.tsv	bd-rhap-rep2-X/regulons_50.tsv	10x-rep1-kallisto-cellbender-X/regulons_50.tsv
538	DC	HLA-DPB1	0.16279069767441862	50	50	50	10	bd-rhap-rep2-X/regulons_50.tsv vs 10x-rep1-kallisto-cellbender-X/regulons_50.tsv	bd-rhap-rep2-X/regulons_50.tsv	10x-rep1-kallisto-cellbender-X/regulons_50.tsv
539	cd8+_tcells	IFITM2	0.2345679012345679	50	50	50	10	bd-rhap-rep2-X/regulons_50.tsv vs 10x-rep1-kallisto-cellbender-X/regulons_50.tsv	bd-rhap-rep2-X/regulons_50.tsv	10x-rep1-kallisto-cellbender-X/regulons_50.tsv
540	pDC	FCER1A	0.35135135135135137	50	50	50	10	bd-rhap-rep2-X/regulons_50.tsv vs 10x-rep1-kallisto-cellbender-X/regulons_50.tsv	bd-rhap-rep2-X/regulons_50.tsv	10x-rep1-kallisto-cellbender-X/regulons_50.tsv
541	pDC	HLA-DQA1	0.3333333333333333	50	50	50	10	bd-rhap-rep2-X/regulons_50.tsv vs 10x-rep1-kallisto-cellbender-X/regulons_50.tsv	bd-rhap-rep2-X/regulons_50.tsv	10x-rep1-kallisto-cellbender-X/regulons_50.tsv
542	pDC	ARL4C	0.20481927710843373	50	50	50	10	bd-rhap-rep2-X/regulons_50.tsv vs 10x-rep1-kallisto-cellbender-X/regulons_50.tsv	bd-rhap-rep2-X/regulons_50.tsv	10x-rep1-kallisto-cellbender-X/regulons_50.tsv
543	pDC	HLA-DQB1	0.21951219512195122	50	50	50	10	bd-rhap-rep2-X/regulons_50.tsv vs 10x-rep1-kallisto-cellbender-X/regulons_50.tsv	bd-rhap-rep2-X/regulons_50.tsv	10x-rep1-kallisto-cellbender-X/regulons_50.tsv
544	b_cells	HLA-DQA1	0.14942528735632185	50	50	50	10	bd-rhap-rep2-X/regulons_50.tsv vs 10x-rep1-kallisto-cellbender-X/regulons_50.tsv	bd-rhap-rep2-X/regulons_50.tsv	10x-rep1-kallisto-cellbender-X/regulons_50.tsv
545	DC	HLA-DPA1	0.16279069767441862	50	50	50	10	bd-rhap-rep2-X/regulons_50.tsv vs 10x-rep1-kallisto-cellbender-X/regulons_50.tsv	bd-rhap-rep2-X/regulons_50.tsv	10x-rep1-kallisto-cellbender-X/regulons_50.tsv
546	b_cells	HLA-DRB1	0.21951219512195122	50	50	50	10	bd-rhap-rep2-X/regulons_50.tsv vs 10x-rep1-kallisto-cellbender-X/regulons_50.tsv	bd-rhap-rep2-X/regulons_50.tsv	10x-rep1-kallisto-cellbender-X/regulons_50.tsv
547	cd14+_monocytes	ID2	0.17647058823529413	50	50	50	10	bd-rhap-rep2-X/regulons_50.tsv vs 10x-rep1-kallisto-cellbender-X/regulons_50.tsv	bd-rhap-rep2-X/regulons_50.tsv	10x-rep1-kallisto-cellbender-X/regulons_50.tsv
548	b_cells	HLA-DQB1	0.17647058823529413	50	50	50	10	bd-rhap-rep2-X/regulons_50.tsv vs 10x-rep1-kallisto-cellbender-X/regulons_50.tsv	bd-rhap-rep2-X/regulons_50.tsv	10x-rep1-kallisto-cellbender-X/regulons_50.tsv
549	pDC	HLA-DPB1	0.28205128205128205	50	50	50	10	bd-rhap-rep2-X/regulons_50.tsv vs 10x-rep1-kallisto-cellbender-X/regulons_50.tsv	bd-rhap-rep2-X/regulons_50.tsv	10x-rep1-kallisto-cellbender-X/regulons_50.tsv
550	cd14-_monocytes	HLA-DQA1	0.12359550561797752	50	50	50	10	bd-rhap-rep2-X/regulons_50.tsv vs 10x-rep1-kallisto-cellbender-X/regulons_50.tsv	bd-rhap-rep2-X/regulons_50.tsv	10x-rep1-kallisto-cellbender-X/regulons_50.tsv
551	DC	HLA-DRB1	0.19047619047619047	50	50	50	10	bd-rhap-rep2-X/regulons_50.tsv vs 10x-rep1-kallisto-cellbender-X/regulons_50.tsv	bd-rhap-rep2-X/regulons_50.tsv	10x-rep1-kallisto-cellbender-X/regulons_50.tsv
552	DC	TPM4	0.6666666666666666	10	10	10	20	bd-rhap-rep1-X/regulons_10.tsv vs bd-rhap-rep2-X/regulons_10.tsv	bd-rhap-rep1-X/regulons_10.tsv	bd-rhap-rep2-X/regulons_10.tsv
553	nk_cells	ARL4C	0.6666666666666666	10	10	10	20	bd-rhap-rep1-X/regulons_10.tsv vs bd-rhap-rep2-X/regulons_10.tsv	bd-rhap-rep1-X/regulons_10.tsv	bd-rhap-rep2-X/regulons_10.tsv
554	cd4+_tcells	KIF2A	0.5384615384615384	10	10	10	20	bd-rhap-rep1-X/regulons_10.tsv vs bd-rhap-rep2-X/regulons_10.tsv	bd-rhap-rep1-X/regulons_10.tsv	bd-rhap-rep2-X/regulons_10.tsv
555	cd4+_tcells	PHACTR2	0.25	10	10	10	20	bd-rhap-rep1-X/regulons_10.tsv vs bd-rhap-rep2-X/regulons_10.tsv	bd-rhap-rep1-X/regulons_10.tsv	bd-rhap-rep2-X/regulons_10.tsv
556	cd14+_monocytes	VOPP1	0.25	10	10	10	20	bd-rhap-rep1-X/regulons_10.tsv vs bd-rhap-rep2-X/regulons_10.tsv	bd-rhap-rep1-X/regulons_10.tsv	bd-rhap-rep2-X/regulons_10.tsv
557	b_cells	HLA-DOA	0.6666666666666666	10	10	10	20	bd-rhap-rep1-X/regulons_10.tsv vs bd-rhap-rep2-X/regulons_10.tsv	bd-rhap-rep1-X/regulons_10.tsv	bd-rhap-rep2-X/regulons_10.tsv
558	cd14-_monocytes	HLA-DQB1	0.42857142857142855	10	10	10	20	bd-rhap-rep1-X/regulons_10.tsv vs bd-rhap-rep2-X/regulons_10.tsv	bd-rhap-rep1-X/regulons_10.tsv	bd-rhap-rep2-X/regulons_10.tsv
559	b_cells	HLA-DPB1	0.5384615384615384	10	10	10	20	bd-rhap-rep1-X/regulons_10.tsv vs bd-rhap-rep2-X/regulons_10.tsv	bd-rhap-rep1-X/regulons_10.tsv	bd-rhap-rep2-X/regulons_10.tsv
560	cd8+_tcells	NIBAN1	0.5384615384615384	10	10	10	20	bd-rhap-rep1-X/regulons_10.tsv vs bd-rhap-rep2-X/regulons_10.tsv	bd-rhap-rep1-X/regulons_10.tsv	bd-rhap-rep2-X/regulons_10.tsv
561	pDC	FLT3	0.3333333333333333	10	10	10	20	bd-rhap-rep1-X/regulons_10.tsv vs bd-rhap-rep2-X/regulons_10.tsv	bd-rhap-rep1-X/regulons_10.tsv	bd-rhap-rep2-X/regulons_10.tsv
562	cd4+_tcells	NIBAN1	0.05263157894736842	10	10	10	20	bd-rhap-rep1-X/regulons_10.tsv vs bd-rhap-rep2-X/regulons_10.tsv	bd-rhap-rep1-X/regulons_10.tsv	bd-rhap-rep2-X/regulons_10.tsv
563	nk_cells	VOPP1	0.42857142857142855	10	10	10	20	bd-rhap-rep1-X/regulons_10.tsv vs bd-rhap-rep2-X/regulons_10.tsv	bd-rhap-rep1-X/regulons_10.tsv	bd-rhap-rep2-X/regulons_10.tsv
564	pDC	HLA-DPA1	0.8181818181818182	10	10	10	20	bd-rhap-rep1-X/regulons_10.tsv vs bd-rhap-rep2-X/regulons_10.tsv	bd-rhap-rep1-X/regulons_10.tsv	bd-rhap-rep2-X/regulons_10.tsv
565	cd14-_monocytes	VOPP1	0.3333333333333333	10	10	10	20	bd-rhap-rep1-X/regulons_10.tsv vs bd-rhap-rep2-X/regulons_10.tsv	bd-rhap-rep1-X/regulons_10.tsv	bd-rhap-rep2-X/regulons_10.tsv
566	DC	IFITM2	0.5384615384615384	10	10	10	20	bd-rhap-rep1-X/regulons_10.tsv vs bd-rhap-rep2-X/regulons_10.tsv	bd-rhap-rep1-X/regulons_10.tsv	bd-rhap-rep2-X/regulons_10.tsv
567	cd4+_tcells	DOCK10	0.25	10	10	10	20	bd-rhap-rep1-X/regulons_10.tsv vs bd-rhap-rep2-X/regulons_10.tsv	bd-rhap-rep1-X/regulons_10.tsv	bd-rhap-rep2-X/regulons_10.tsv
568	DC	HLA-DQB1	0.8181818181818182	10	10	10	20	bd-rhap-rep1-X/regulons_10.tsv vs bd-rhap-rep2-X/regulons_10.tsv	bd-rhap-rep1-X/regulons_10.tsv	bd-rhap-rep2-X/regulons_10.tsv
569	cd14+_monocytes	UVRAG	0.6666666666666666	10	10	10	20	bd-rhap-rep1-X/regulons_10.tsv vs bd-rhap-rep2-X/regulons_10.tsv	bd-rhap-rep1-X/regulons_10.tsv	bd-rhap-rep2-X/regulons_10.tsv
570	cd4+_tcells	ID2	0.17647058823529413	10	10	10	20	bd-rhap-rep1-X/regulons_10.tsv vs bd-rhap-rep2-X/regulons_10.tsv	bd-rhap-rep1-X/regulons_10.tsv	bd-rhap-rep2-X/regulons_10.tsv
571	cd4+_tcells	SELL	0.3333333333333333	10	10	10	20	bd-rhap-rep1-X/regulons_10.tsv vs bd-rhap-rep2-X/regulons_10.tsv	bd-rhap-rep1-X/regulons_10.tsv	bd-rhap-rep2-X/regulons_10.tsv
572	DC	HLA-DRA	0.6666666666666666	10	10	10	20	bd-rhap-rep1-X/regulons_10.tsv vs bd-rhap-rep2-X/regulons_10.tsv	bd-rhap-rep1-X/regulons_10.tsv	bd-rhap-rep2-X/regulons_10.tsv
573	cd14+_monocytes	HDAC9	0.5384615384615384	10	10	10	20	bd-rhap-rep1-X/regulons_10.tsv vs bd-rhap-rep2-X/regulons_10.tsv	bd-rhap-rep1-X/regulons_10.tsv	bd-rhap-rep2-X/regulons_10.tsv
574	DC	CD74	0.6666666666666666	10	10	10	20	bd-rhap-rep1-X/regulons_10.tsv vs bd-rhap-rep2-X/regulons_10.tsv	bd-rhap-rep1-X/regulons_10.tsv	bd-rhap-rep2-X/regulons_10.tsv
575	pDC	TAGLN2	0.42857142857142855	10	10	10	20	bd-rhap-rep1-X/regulons_10.tsv vs bd-rhap-rep2-X/regulons_10.tsv	bd-rhap-rep1-X/regulons_10.tsv	bd-rhap-rep2-X/regulons_10.tsv
576	cd14-_monocytes	IL2RG	0.5384615384615384	10	10	10	20	bd-rhap-rep1-X/regulons_10.tsv vs bd-rhap-rep2-X/regulons_10.tsv	bd-rhap-rep1-X/regulons_10.tsv	bd-rhap-rep2-X/regulons_10.tsv
577	cd14-_monocytes	PLD4	0.5384615384615384	10	10	10	20	bd-rhap-rep1-X/regulons_10.tsv vs bd-rhap-rep2-X/regulons_10.tsv	bd-rhap-rep1-X/regulons_10.tsv	bd-rhap-rep2-X/regulons_10.tsv
578	DC	ZFP36L1	0.8181818181818182	10	10	10	20	bd-rhap-rep1-X/regulons_10.tsv vs bd-rhap-rep2-X/regulons_10.tsv	bd-rhap-rep1-X/regulons_10.tsv	bd-rhap-rep2-X/regulons_10.tsv
579	b_cells	HLA-DPA1	0.5384615384615384	10	10	10	20	bd-rhap-rep1-X/regulons_10.tsv vs bd-rhap-rep2-X/regulons_10.tsv	bd-rhap-rep1-X/regulons_10.tsv	bd-rhap-rep2-X/regulons_10.tsv
580	cd4+_tcells	ARL4C	0.6666666666666666	10	10	10	20	bd-rhap-rep1-X/regulons_10.tsv vs bd-rhap-rep2-X/regulons_10.tsv	bd-rhap-rep1-X/regulons_10.tsv	bd-rhap-rep2-X/regulons_10.tsv
581	cd14-_monocytes	HDAC9	0.3333333333333333	10	10	10	20	bd-rhap-rep1-X/regulons_10.tsv vs bd-rhap-rep2-X/regulons_10.tsv	bd-rhap-rep1-X/regulons_10.tsv	bd-rhap-rep2-X/regulons_10.tsv
582	DC	HLA-DPB1	0.6666666666666666	10	10	10	20	bd-rhap-rep1-X/regulons_10.tsv vs bd-rhap-rep2-X/regulons_10.tsv	bd-rhap-rep1-X/regulons_10.tsv	bd-rhap-rep2-X/regulons_10.tsv
583	b_cells	CD74	0.8181818181818182	10	10	10	20	bd-rhap-rep1-X/regulons_10.tsv vs bd-rhap-rep2-X/regulons_10.tsv	bd-rhap-rep1-X/regulons_10.tsv	bd-rhap-rep2-X/regulons_10.tsv
584	pDC	FCER1A	0.25	10	10	10	20	bd-rhap-rep1-X/regulons_10.tsv vs bd-rhap-rep2-X/regulons_10.tsv	bd-rhap-rep1-X/regulons_10.tsv	bd-rhap-rep2-X/regulons_10.tsv
585	cd4+_tcells	VOPP1	0.42857142857142855	10	10	10	20	bd-rhap-rep1-X/regulons_10.tsv vs bd-rhap-rep2-X/regulons_10.tsv	bd-rhap-rep1-X/regulons_10.tsv	bd-rhap-rep2-X/regulons_10.tsv
586	pDC	HLA-DQA1	0.6666666666666666	10	10	10	20	bd-rhap-rep1-X/regulons_10.tsv vs bd-rhap-rep2-X/regulons_10.tsv	bd-rhap-rep1-X/regulons_10.tsv	bd-rhap-rep2-X/regulons_10.tsv
587	nk_cells	SLC38A1	0.5384615384615384	10	10	10	20	bd-rhap-rep1-X/regulons_10.tsv vs bd-rhap-rep2-X/regulons_10.tsv	bd-rhap-rep1-X/regulons_10.tsv	bd-rhap-rep2-X/regulons_10.tsv
588	DC	MCL1	0.3333333333333333	10	10	10	20	bd-rhap-rep1-X/regulons_10.tsv vs bd-rhap-rep2-X/regulons_10.tsv	bd-rhap-rep1-X/regulons_10.tsv	bd-rhap-rep2-X/regulons_10.tsv
589	b_cells	IRF8	0.25	10	10	10	20	bd-rhap-rep1-X/regulons_10.tsv vs bd-rhap-rep2-X/regulons_10.tsv	bd-rhap-rep1-X/regulons_10.tsv	bd-rhap-rep2-X/regulons_10.tsv
590	pDC	ARL4C	0.5384615384615384	10	10	10	20	bd-rhap-rep1-X/regulons_10.tsv vs bd-rhap-rep2-X/regulons_10.tsv	bd-rhap-rep1-X/regulons_10.tsv	bd-rhap-rep2-X/regulons_10.tsv
591	b_cells	DOCK10	0.42857142857142855	10	10	10	20	bd-rhap-rep1-X/regulons_10.tsv vs bd-rhap-rep2-X/regulons_10.tsv	bd-rhap-rep1-X/regulons_10.tsv	bd-rhap-rep2-X/regulons_10.tsv
592	cd8+_tcells	ZFP36L1	0.17647058823529413	10	10	10	20	bd-rhap-rep1-X/regulons_10.tsv vs bd-rhap-rep2-X/regulons_10.tsv	bd-rhap-rep1-X/regulons_10.tsv	bd-rhap-rep2-X/regulons_10.tsv
593	cd4+_tcells	IL2RG	0.5384615384615384	10	10	10	20	bd-rhap-rep1-X/regulons_10.tsv vs bd-rhap-rep2-X/regulons_10.tsv	bd-rhap-rep1-X/regulons_10.tsv	bd-rhap-rep2-X/regulons_10.tsv
594	cd14-_monocytes	HLA-DPA1	0.5384615384615384	10	10	10	20	bd-rhap-rep1-X/regulons_10.tsv vs bd-rhap-rep2-X/regulons_10.tsv	bd-rhap-rep1-X/regulons_10.tsv	bd-rhap-rep2-X/regulons_10.tsv
595	pDC	HLA-DQB1	0.6666666666666666	10	10	10	20	bd-rhap-rep1-X/regulons_10.tsv vs bd-rhap-rep2-X/regulons_10.tsv	bd-rhap-rep1-X/regulons_10.tsv	bd-rhap-rep2-X/regulons_10.tsv
596	cd14-_monocytes	CMAHP--chr6:25061611(-)	0.8181818181818182	10	10	10	20	bd-rhap-rep1-X/regulons_10.tsv vs bd-rhap-rep2-X/regulons_10.tsv	bd-rhap-rep1-X/regulons_10.tsv	bd-rhap-rep2-X/regulons_10.tsv
597	b_cells	HLA-DQA1	0.5384615384615384	10	10	10	20	bd-rhap-rep1-X/regulons_10.tsv vs bd-rhap-rep2-X/regulons_10.tsv	bd-rhap-rep1-X/regulons_10.tsv	bd-rhap-rep2-X/regulons_10.tsv
598	DC	HLA-DPA1	0.6666666666666666	10	10	10	20	bd-rhap-rep1-X/regulons_10.tsv vs bd-rhap-rep2-X/regulons_10.tsv	bd-rhap-rep1-X/regulons_10.tsv	bd-rhap-rep2-X/regulons_10.tsv
599	cd8+_tcells	HLA-DPB1	0.6666666666666666	10	10	10	20	bd-rhap-rep1-X/regulons_10.tsv vs bd-rhap-rep2-X/regulons_10.tsv	bd-rhap-rep1-X/regulons_10.tsv	bd-rhap-rep2-X/regulons_10.tsv
600	b_cells	SELL	0.5384615384615384	10	10	10	20	bd-rhap-rep1-X/regulons_10.tsv vs bd-rhap-rep2-X/regulons_10.tsv	bd-rhap-rep1-X/regulons_10.tsv	bd-rhap-rep2-X/regulons_10.tsv
601	pDC	HLA-DRA	0.8181818181818182	10	10	10	20	bd-rhap-rep1-X/regulons_10.tsv vs bd-rhap-rep2-X/regulons_10.tsv	bd-rhap-rep1-X/regulons_10.tsv	bd-rhap-rep2-X/regulons_10.tsv
602	b_cells	ADAM28	0.6666666666666666	10	10	10	20	bd-rhap-rep1-X/regulons_10.tsv vs bd-rhap-rep2-X/regulons_10.tsv	bd-rhap-rep1-X/regulons_10.tsv	bd-rhap-rep2-X/regulons_10.tsv
603	pDC	CD74	0.6666666666666666	10	10	10	20	bd-rhap-rep1-X/regulons_10.tsv vs bd-rhap-rep2-X/regulons_10.tsv	bd-rhap-rep1-X/regulons_10.tsv	bd-rhap-rep2-X/regulons_10.tsv
604	cd14-_monocytes	APP	0.25	10	10	10	20	bd-rhap-rep1-X/regulons_10.tsv vs bd-rhap-rep2-X/regulons_10.tsv	bd-rhap-rep1-X/regulons_10.tsv	bd-rhap-rep2-X/regulons_10.tsv
605	nk_cells	TAGLN2	0.25	10	10	10	20	bd-rhap-rep1-X/regulons_10.tsv vs bd-rhap-rep2-X/regulons_10.tsv	bd-rhap-rep1-X/regulons_10.tsv	bd-rhap-rep2-X/regulons_10.tsv
606	cd14+_monocytes	CAMK1D	0.6666666666666666	10	10	10	20	bd-rhap-rep1-X/regulons_10.tsv vs bd-rhap-rep2-X/regulons_10.tsv	bd-rhap-rep1-X/regulons_10.tsv	bd-rhap-rep2-X/regulons_10.tsv
607	cd14+_monocytes	IGFBP7	0.3333333333333333	10	10	10	20	bd-rhap-rep1-X/regulons_10.tsv vs bd-rhap-rep2-X/regulons_10.tsv	bd-rhap-rep1-X/regulons_10.tsv	bd-rhap-rep2-X/regulons_10.tsv
608	cd14-_monocytes	DOCK10	0.42857142857142855	10	10	10	20	bd-rhap-rep1-X/regulons_10.tsv vs bd-rhap-rep2-X/regulons_10.tsv	bd-rhap-rep1-X/regulons_10.tsv	bd-rhap-rep2-X/regulons_10.tsv
609	cd14+_monocytes	MAML3	0.42857142857142855	10	10	10	20	bd-rhap-rep1-X/regulons_10.tsv vs bd-rhap-rep2-X/regulons_10.tsv	bd-rhap-rep1-X/regulons_10.tsv	bd-rhap-rep2-X/regulons_10.tsv
610	nk_cells	CDC42SE2	0.5384615384615384	10	10	10	20	bd-rhap-rep1-X/regulons_10.tsv vs bd-rhap-rep2-X/regulons_10.tsv	bd-rhap-rep1-X/regulons_10.tsv	bd-rhap-rep2-X/regulons_10.tsv
611	b_cells	HLA-DQB1	0.6666666666666666	10	10	10	20	bd-rhap-rep1-X/regulons_10.tsv vs bd-rhap-rep2-X/regulons_10.tsv	bd-rhap-rep1-X/regulons_10.tsv	bd-rhap-rep2-X/regulons_10.tsv
612	pDC	HLA-DOA	0.6666666666666666	10	10	10	20	bd-rhap-rep1-X/regulons_10.tsv vs bd-rhap-rep2-X/regulons_10.tsv	bd-rhap-rep1-X/regulons_10.tsv	bd-rhap-rep2-X/regulons_10.tsv
613	pDC	HLA-DPB1	0.6666666666666666	10	10	10	20	bd-rhap-rep1-X/regulons_10.tsv vs bd-rhap-rep2-X/regulons_10.tsv	bd-rhap-rep1-X/regulons_10.tsv	bd-rhap-rep2-X/regulons_10.tsv
614	b_cells	VOPP1	0.8181818181818182	10	10	10	20	bd-rhap-rep1-X/regulons_10.tsv vs bd-rhap-rep2-X/regulons_10.tsv	bd-rhap-rep1-X/regulons_10.tsv	bd-rhap-rep2-X/regulons_10.tsv
615	nk_cells	SELL	0.42857142857142855	10	10	10	20	bd-rhap-rep1-X/regulons_10.tsv vs bd-rhap-rep2-X/regulons_10.tsv	bd-rhap-rep1-X/regulons_10.tsv	bd-rhap-rep2-X/regulons_10.tsv
616	DC	HLA-DQA1	0.6666666666666666	10	10	10	20	bd-rhap-rep1-X/regulons_10.tsv vs bd-rhap-rep2-X/regulons_10.tsv	bd-rhap-rep1-X/regulons_10.tsv	bd-rhap-rep2-X/regulons_10.tsv
617	b_cells	HLA-DRA	0.8181818181818182	10	10	10	20	bd-rhap-rep1-X/regulons_10.tsv vs bd-rhap-rep2-X/regulons_10.tsv	bd-rhap-rep1-X/regulons_10.tsv	bd-rhap-rep2-X/regulons_10.tsv
618	DC	HLA-DRB1	0.6666666666666666	10	10	10	20	bd-rhap-rep1-X/regulons_10.tsv vs bd-rhap-rep2-X/regulons_10.tsv	bd-rhap-rep1-X/regulons_10.tsv	bd-rhap-rep2-X/regulons_10.tsv
619	DC	SELL	0.3333333333333333	10	10	10	20	bd-rhap-rep1-X/regulons_10.tsv vs bd-rhap-rep2-X/regulons_10.tsv	bd-rhap-rep1-X/regulons_10.tsv	bd-rhap-rep2-X/regulons_10.tsv
620	cd8+_tcells	ANKRD44	0.42857142857142855	10	10	10	20	bd-rhap-rep1-X/regulons_10.tsv vs bd-rhap-rep2-X/regulons_10.tsv	bd-rhap-rep1-X/regulons_10.tsv	bd-rhap-rep2-X/regulons_10.tsv
621	cd4+_tcells	ANKRD44	0.3333333333333333	10	10	10	20	bd-rhap-rep1-X/regulons_10.tsv vs bd-rhap-rep2-X/regulons_10.tsv	bd-rhap-rep1-X/regulons_10.tsv	bd-rhap-rep2-X/regulons_10.tsv
622	cd8+_tcells	MAP3K5	0.17647058823529413	10	10	10	20	bd-rhap-rep1-X/regulons_10.tsv vs bd-rhap-rep2-X/regulons_10.tsv	bd-rhap-rep1-X/regulons_10.tsv	bd-rhap-rep2-X/regulons_10.tsv
623	nk_cells	ARL4C	0.42857142857142855	10	10	10	20	bd-rhap-rep1-X/regulons_10.tsv vs 10x-rep1-kallisto-cellbender-X/regulons_10.tsv	bd-rhap-rep1-X/regulons_10.tsv	10x-rep1-kallisto-cellbender-X/regulons_10.tsv
624	b_cells	HLA-DPB1	0.42857142857142855	10	10	10	20	bd-rhap-rep1-X/regulons_10.tsv vs 10x-rep1-kallisto-cellbender-X/regulons_10.tsv	bd-rhap-rep1-X/regulons_10.tsv	10x-rep1-kallisto-cellbender-X/regulons_10.tsv
625	cd14-_monocytes	HLA-DQB1	0.8181818181818182	10	10	10	20	bd-rhap-rep1-X/regulons_10.tsv vs 10x-rep1-kallisto-cellbender-X/regulons_10.tsv	bd-rhap-rep1-X/regulons_10.tsv	10x-rep1-kallisto-cellbender-X/regulons_10.tsv
626	DC	LST1	0.25	10	10	10	20	bd-rhap-rep1-X/regulons_10.tsv vs 10x-rep1-kallisto-cellbender-X/regulons_10.tsv	bd-rhap-rep1-X/regulons_10.tsv	10x-rep1-kallisto-cellbender-X/regulons_10.tsv
627	DC	ARL4C	0.17647058823529413	10	10	10	20	bd-rhap-rep1-X/regulons_10.tsv vs 10x-rep1-kallisto-cellbender-X/regulons_10.tsv	bd-rhap-rep1-X/regulons_10.tsv	10x-rep1-kallisto-cellbender-X/regulons_10.tsv
628	pDC	HLA-DPA1	0.5384615384615384	10	10	10	20	bd-rhap-rep1-X/regulons_10.tsv vs 10x-rep1-kallisto-cellbender-X/regulons_10.tsv	bd-rhap-rep1-X/regulons_10.tsv	10x-rep1-kallisto-cellbender-X/regulons_10.tsv
629	pDC	CST3	0.25	10	10	10	20	bd-rhap-rep1-X/regulons_10.tsv vs 10x-rep1-kallisto-cellbender-X/regulons_10.tsv	bd-rhap-rep1-X/regulons_10.tsv	10x-rep1-kallisto-cellbender-X/regulons_10.tsv
630	DC	HLA-DQB1	0.5384615384615384	10	10	10	20	bd-rhap-rep1-X/regulons_10.tsv vs 10x-rep1-kallisto-cellbender-X/regulons_10.tsv	bd-rhap-rep1-X/regulons_10.tsv	10x-rep1-kallisto-cellbender-X/regulons_10.tsv
631	cd8+_tcells	ID2	0.1111111111111111	10	10	10	20	bd-rhap-rep1-X/regulons_10.tsv vs 10x-rep1-kallisto-cellbender-X/regulons_10.tsv	bd-rhap-rep1-X/regulons_10.tsv	10x-rep1-kallisto-cellbender-X/regulons_10.tsv
632	DC	HLA-DRA	0.5384615384615384	10	10	10	20	bd-rhap-rep1-X/regulons_10.tsv vs 10x-rep1-kallisto-cellbender-X/regulons_10.tsv	bd-rhap-rep1-X/regulons_10.tsv	10x-rep1-kallisto-cellbender-X/regulons_10.tsv
633	DC	CD74	0.42857142857142855	10	10	10	20	bd-rhap-rep1-X/regulons_10.tsv vs 10x-rep1-kallisto-cellbender-X/regulons_10.tsv	bd-rhap-rep1-X/regulons_10.tsv	10x-rep1-kallisto-cellbender-X/regulons_10.tsv
634	pDC	TAGLN2	0.5384615384615384	10	10	10	20	bd-rhap-rep1-X/regulons_10.tsv vs 10x-rep1-kallisto-cellbender-X/regulons_10.tsv	bd-rhap-rep1-X/regulons_10.tsv	10x-rep1-kallisto-cellbender-X/regulons_10.tsv
635	b_cells	HLA-DPA1	0.42857142857142855	10	10	10	20	bd-rhap-rep1-X/regulons_10.tsv vs 10x-rep1-kallisto-cellbender-X/regulons_10.tsv	bd-rhap-rep1-X/regulons_10.tsv	10x-rep1-kallisto-cellbender-X/regulons_10.tsv
636	DC	AIF1	0.0	10	10	10	20	bd-rhap-rep1-X/regulons_10.tsv vs 10x-rep1-kallisto-cellbender-X/regulons_10.tsv	bd-rhap-rep1-X/regulons_10.tsv	10x-rep1-kallisto-cellbender-X/regulons_10.tsv
637	cd4+_tcells	ARL4C	0.1111111111111111	10	10	10	20	bd-rhap-rep1-X/regulons_10.tsv vs 10x-rep1-kallisto-cellbender-X/regulons_10.tsv	bd-rhap-rep1-X/regulons_10.tsv	10x-rep1-kallisto-cellbender-X/regulons_10.tsv
638	DC	HLA-DPB1	0.8181818181818182	10	10	10	20	bd-rhap-rep1-X/regulons_10.tsv vs 10x-rep1-kallisto-cellbender-X/regulons_10.tsv	bd-rhap-rep1-X/regulons_10.tsv	10x-rep1-kallisto-cellbender-X/regulons_10.tsv
639	pDC	FCER1A	0.25	10	10	10	20	bd-rhap-rep1-X/regulons_10.tsv vs 10x-rep1-kallisto-cellbender-X/regulons_10.tsv	bd-rhap-rep1-X/regulons_10.tsv	10x-rep1-kallisto-cellbender-X/regulons_10.tsv
640	pDC	HLA-DRB1	0.5384615384615384	10	10	10	20	bd-rhap-rep1-X/regulons_10.tsv vs 10x-rep1-kallisto-cellbender-X/regulons_10.tsv	bd-rhap-rep1-X/regulons_10.tsv	10x-rep1-kallisto-cellbender-X/regulons_10.tsv
641	b_cells	FOS	0.1111111111111111	10	10	10	20	bd-rhap-rep1-X/regulons_10.tsv vs 10x-rep1-kallisto-cellbender-X/regulons_10.tsv	bd-rhap-rep1-X/regulons_10.tsv	10x-rep1-kallisto-cellbender-X/regulons_10.tsv
642	pDC	ARL4C	0.05263157894736842	10	10	10	20	bd-rhap-rep1-X/regulons_10.tsv vs 10x-rep1-kallisto-cellbender-X/regulons_10.tsv	bd-rhap-rep1-X/regulons_10.tsv	10x-rep1-kallisto-cellbender-X/regulons_10.tsv
643	cd4+_tcells	IL2RG	0.25	10	10	10	20	bd-rhap-rep1-X/regulons_10.tsv vs 10x-rep1-kallisto-cellbender-X/regulons_10.tsv	bd-rhap-rep1-X/regulons_10.tsv	10x-rep1-kallisto-cellbender-X/regulons_10.tsv
644	pDC	HLA-DQB1	0.42857142857142855	10	10	10	20	bd-rhap-rep1-X/regulons_10.tsv vs 10x-rep1-kallisto-cellbender-X/regulons_10.tsv	bd-rhap-rep1-X/regulons_10.tsv	10x-rep1-kallisto-cellbender-X/regulons_10.tsv
645	b_cells	HLA-DQA1	0.42857142857142855	10	10	10	20	bd-rhap-rep1-X/regulons_10.tsv vs 10x-rep1-kallisto-cellbender-X/regulons_10.tsv	bd-rhap-rep1-X/regulons_10.tsv	10x-rep1-kallisto-cellbender-X/regulons_10.tsv
646	pDC	HLA-DRA	0.6666666666666666	10	10	10	20	bd-rhap-rep1-X/regulons_10.tsv vs 10x-rep1-kallisto-cellbender-X/regulons_10.tsv	bd-rhap-rep1-X/regulons_10.tsv	10x-rep1-kallisto-cellbender-X/regulons_10.tsv
647	pDC	CD74	0.5384615384615384	10	10	10	20	bd-rhap-rep1-X/regulons_10.tsv vs 10x-rep1-kallisto-cellbender-X/regulons_10.tsv	bd-rhap-rep1-X/regulons_10.tsv	10x-rep1-kallisto-cellbender-X/regulons_10.tsv
648	cd14+_monocytes	CPVL	0.42857142857142855	10	10	10	20	bd-rhap-rep1-X/regulons_10.tsv vs 10x-rep1-kallisto-cellbender-X/regulons_10.tsv	bd-rhap-rep1-X/regulons_10.tsv	10x-rep1-kallisto-cellbender-X/regulons_10.tsv
649	nk_cells	TAGLN2	0.05263157894736842	10	10	10	20	bd-rhap-rep1-X/regulons_10.tsv vs 10x-rep1-kallisto-cellbender-X/regulons_10.tsv	bd-rhap-rep1-X/regulons_10.tsv	10x-rep1-kallisto-cellbender-X/regulons_10.tsv
650	b_cells	HLA-DQB1	0.42857142857142855	10	10	10	20	bd-rhap-rep1-X/regulons_10.tsv vs 10x-rep1-kallisto-cellbender-X/regulons_10.tsv	bd-rhap-rep1-X/regulons_10.tsv	10x-rep1-kallisto-cellbender-X/regulons_10.tsv
651	pDC	HLA-DPB1	0.5384615384615384	10	10	10	20	bd-rhap-rep1-X/regulons_10.tsv vs 10x-rep1-kallisto-cellbender-X/regulons_10.tsv	bd-rhap-rep1-X/regulons_10.tsv	10x-rep1-kallisto-cellbender-X/regulons_10.tsv
652	DC	HLA-DQA1	0.5384615384615384	10	10	10	20	bd-rhap-rep1-X/regulons_10.tsv vs 10x-rep1-kallisto-cellbender-X/regulons_10.tsv	bd-rhap-rep1-X/regulons_10.tsv	10x-rep1-kallisto-cellbender-X/regulons_10.tsv
653	b_cells	HLA-DRA	0.5384615384615384	10	10	10	20	bd-rhap-rep1-X/regulons_10.tsv vs 10x-rep1-kallisto-cellbender-X/regulons_10.tsv	bd-rhap-rep1-X/regulons_10.tsv	10x-rep1-kallisto-cellbender-X/regulons_10.tsv
654	DC	HLA-DRB1	0.6666666666666666	10	10	10	20	bd-rhap-rep1-X/regulons_10.tsv vs 10x-rep1-kallisto-cellbender-X/regulons_10.tsv	bd-rhap-rep1-X/regulons_10.tsv	10x-rep1-kallisto-cellbender-X/regulons_10.tsv
655	b_cells	CD74	0.6666666666666666	10	10	10	20	bd-rhap-rep1-X/regulons_10.tsv vs 10x-rep1-kallisto-cellbender-X/regulons_10.tsv	bd-rhap-rep1-X/regulons_10.tsv	10x-rep1-kallisto-cellbender-X/regulons_10.tsv
656	cd14-_monocytes	EVL	0.1111111111111111	10	10	10	20	bd-rhap-rep1-X/regulons_10.tsv vs 10x-rep1-kallisto-cellbender-X/regulons_10.tsv	bd-rhap-rep1-X/regulons_10.tsv	10x-rep1-kallisto-cellbender-X/regulons_10.tsv
657	nk_cells	ARL4C	0.3333333333333333	10	10	10	20	bd-rhap-rep2-X/regulons_10.tsv vs 10x-rep1-kallisto-cellbender-X/regulons_10.tsv	bd-rhap-rep2-X/regulons_10.tsv	10x-rep1-kallisto-cellbender-X/regulons_10.tsv
658	nk_cells	IFITM2	0.17647058823529413	10	10	10	20	bd-rhap-rep2-X/regulons_10.tsv vs 10x-rep1-kallisto-cellbender-X/regulons_10.tsv	bd-rhap-rep2-X/regulons_10.tsv	10x-rep1-kallisto-cellbender-X/regulons_10.tsv
659	cd8+_tcells	TAGLN2	0.25	10	10	10	20	bd-rhap-rep2-X/regulons_10.tsv vs 10x-rep1-kallisto-cellbender-X/regulons_10.tsv	bd-rhap-rep2-X/regulons_10.tsv	10x-rep1-kallisto-cellbender-X/regulons_10.tsv
660	cd4+_tcells	TAGLN2	0.3333333333333333	10	10	10	20	bd-rhap-rep2-X/regulons_10.tsv vs 10x-rep1-kallisto-cellbender-X/regulons_10.tsv	bd-rhap-rep2-X/regulons_10.tsv	10x-rep1-kallisto-cellbender-X/regulons_10.tsv
661	b_cells	HLA-DPB1	0.42857142857142855	10	10	10	20	bd-rhap-rep2-X/regulons_10.tsv vs 10x-rep1-kallisto-cellbender-X/regulons_10.tsv	bd-rhap-rep2-X/regulons_10.tsv	10x-rep1-kallisto-cellbender-X/regulons_10.tsv
662	cd14-_monocytes	HLA-DQB1	0.42857142857142855	10	10	10	20	bd-rhap-rep2-X/regulons_10.tsv vs 10x-rep1-kallisto-cellbender-X/regulons_10.tsv	bd-rhap-rep2-X/regulons_10.tsv	10x-rep1-kallisto-cellbender-X/regulons_10.tsv
663	pDC	HLA-DPA1	0.42857142857142855	10	10	10	20	bd-rhap-rep2-X/regulons_10.tsv vs 10x-rep1-kallisto-cellbender-X/regulons_10.tsv	bd-rhap-rep2-X/regulons_10.tsv	10x-rep1-kallisto-cellbender-X/regulons_10.tsv
664	DC	HLA-DQB1	0.5384615384615384	10	10	10	20	bd-rhap-rep2-X/regulons_10.tsv vs 10x-rep1-kallisto-cellbender-X/regulons_10.tsv	bd-rhap-rep2-X/regulons_10.tsv	10x-rep1-kallisto-cellbender-X/regulons_10.tsv
665	DC	HLA-DRA	0.5384615384615384	10	10	10	20	bd-rhap-rep2-X/regulons_10.tsv vs 10x-rep1-kallisto-cellbender-X/regulons_10.tsv	bd-rhap-rep2-X/regulons_10.tsv	10x-rep1-kallisto-cellbender-X/regulons_10.tsv
666	DC	CD74	0.5384615384615384	10	10	10	20	bd-rhap-rep2-X/regulons_10.tsv vs 10x-rep1-kallisto-cellbender-X/regulons_10.tsv	bd-rhap-rep2-X/regulons_10.tsv	10x-rep1-kallisto-cellbender-X/regulons_10.tsv
667	pDC	TAGLN2	0.42857142857142855	10	10	10	20	bd-rhap-rep2-X/regulons_10.tsv vs 10x-rep1-kallisto-cellbender-X/regulons_10.tsv	bd-rhap-rep2-X/regulons_10.tsv	10x-rep1-kallisto-cellbender-X/regulons_10.tsv
668	b_cells	HLA-DPA1	0.42857142857142855	10	10	10	20	bd-rhap-rep2-X/regulons_10.tsv vs 10x-rep1-kallisto-cellbender-X/regulons_10.tsv	bd-rhap-rep2-X/regulons_10.tsv	10x-rep1-kallisto-cellbender-X/regulons_10.tsv
669	cd4+_tcells	ARL4C	0.25	10	10	10	20	bd-rhap-rep2-X/regulons_10.tsv vs 10x-rep1-kallisto-cellbender-X/regulons_10.tsv	bd-rhap-rep2-X/regulons_10.tsv	10x-rep1-kallisto-cellbender-X/regulons_10.tsv
670	cd14-_monocytes	HLA-DPB1	0.42857142857142855	10	10	10	20	bd-rhap-rep2-X/regulons_10.tsv vs 10x-rep1-kallisto-cellbender-X/regulons_10.tsv	bd-rhap-rep2-X/regulons_10.tsv	10x-rep1-kallisto-cellbender-X/regulons_10.tsv
671	DC	HLA-DPB1	0.5384615384615384	10	10	10	20	bd-rhap-rep2-X/regulons_10.tsv vs 10x-rep1-kallisto-cellbender-X/regulons_10.tsv	bd-rhap-rep2-X/regulons_10.tsv	10x-rep1-kallisto-cellbender-X/regulons_10.tsv
672	pDC	FCER1A	0.05263157894736842	10	10	10	20	bd-rhap-rep2-X/regulons_10.tsv vs 10x-rep1-kallisto-cellbender-X/regulons_10.tsv	bd-rhap-rep2-X/regulons_10.tsv	10x-rep1-kallisto-cellbender-X/regulons_10.tsv
673	cd4+_tcells	CD74	0.05263157894736842	10	10	10	20	bd-rhap-rep2-X/regulons_10.tsv vs 10x-rep1-kallisto-cellbender-X/regulons_10.tsv	bd-rhap-rep2-X/regulons_10.tsv	10x-rep1-kallisto-cellbender-X/regulons_10.tsv
674	pDC	ARL4C	0.1111111111111111	10	10	10	20	bd-rhap-rep2-X/regulons_10.tsv vs 10x-rep1-kallisto-cellbender-X/regulons_10.tsv	bd-rhap-rep2-X/regulons_10.tsv	10x-rep1-kallisto-cellbender-X/regulons_10.tsv
675	cd4+_tcells	IL2RG	0.17647058823529413	10	10	10	20	bd-rhap-rep2-X/regulons_10.tsv vs 10x-rep1-kallisto-cellbender-X/regulons_10.tsv	bd-rhap-rep2-X/regulons_10.tsv	10x-rep1-kallisto-cellbender-X/regulons_10.tsv
676	pDC	HLA-DQB1	0.42857142857142855	10	10	10	20	bd-rhap-rep2-X/regulons_10.tsv vs 10x-rep1-kallisto-cellbender-X/regulons_10.tsv	bd-rhap-rep2-X/regulons_10.tsv	10x-rep1-kallisto-cellbender-X/regulons_10.tsv
677	b_cells	HLA-DQA1	0.5384615384615384	10	10	10	20	bd-rhap-rep2-X/regulons_10.tsv vs 10x-rep1-kallisto-cellbender-X/regulons_10.tsv	bd-rhap-rep2-X/regulons_10.tsv	10x-rep1-kallisto-cellbender-X/regulons_10.tsv
678	b_cells	HLA-DRB1	0.42857142857142855	10	10	10	20	bd-rhap-rep2-X/regulons_10.tsv vs 10x-rep1-kallisto-cellbender-X/regulons_10.tsv	bd-rhap-rep2-X/regulons_10.tsv	10x-rep1-kallisto-cellbender-X/regulons_10.tsv
679	pDC	HLA-DRA	0.6666666666666666	10	10	10	20	bd-rhap-rep2-X/regulons_10.tsv vs 10x-rep1-kallisto-cellbender-X/regulons_10.tsv	bd-rhap-rep2-X/regulons_10.tsv	10x-rep1-kallisto-cellbender-X/regulons_10.tsv
680	pDC	CD74	0.5384615384615384	10	10	10	20	bd-rhap-rep2-X/regulons_10.tsv vs 10x-rep1-kallisto-cellbender-X/regulons_10.tsv	bd-rhap-rep2-X/regulons_10.tsv	10x-rep1-kallisto-cellbender-X/regulons_10.tsv
681	nk_cells	TAGLN2	0.17647058823529413	10	10	10	20	bd-rhap-rep2-X/regulons_10.tsv vs 10x-rep1-kallisto-cellbender-X/regulons_10.tsv	bd-rhap-rep2-X/regulons_10.tsv	10x-rep1-kallisto-cellbender-X/regulons_10.tsv
682	cd14+_monocytes	ID2	0.0	10	10	10	20	bd-rhap-rep2-X/regulons_10.tsv vs 10x-rep1-kallisto-cellbender-X/regulons_10.tsv	bd-rhap-rep2-X/regulons_10.tsv	10x-rep1-kallisto-cellbender-X/regulons_10.tsv
683	cd14-_monocytes	ID2	0.0	10	10	10	20	bd-rhap-rep2-X/regulons_10.tsv vs 10x-rep1-kallisto-cellbender-X/regulons_10.tsv	bd-rhap-rep2-X/regulons_10.tsv	10x-rep1-kallisto-cellbender-X/regulons_10.tsv
684	b_cells	HLA-DQB1	0.42857142857142855	10	10	10	20	bd-rhap-rep2-X/regulons_10.tsv vs 10x-rep1-kallisto-cellbender-X/regulons_10.tsv	bd-rhap-rep2-X/regulons_10.tsv	10x-rep1-kallisto-cellbender-X/regulons_10.tsv
685	pDC	HLA-DPB1	0.42857142857142855	10	10	10	20	bd-rhap-rep2-X/regulons_10.tsv vs 10x-rep1-kallisto-cellbender-X/regulons_10.tsv	bd-rhap-rep2-X/regulons_10.tsv	10x-rep1-kallisto-cellbender-X/regulons_10.tsv
686	cd14-_monocytes	HLA-DQA1	0.42857142857142855	10	10	10	20	bd-rhap-rep2-X/regulons_10.tsv vs 10x-rep1-kallisto-cellbender-X/regulons_10.tsv	bd-rhap-rep2-X/regulons_10.tsv	10x-rep1-kallisto-cellbender-X/regulons_10.tsv
687	DC	HLA-DQA1	0.6666666666666666	10	10	10	20	bd-rhap-rep2-X/regulons_10.tsv vs 10x-rep1-kallisto-cellbender-X/regulons_10.tsv	bd-rhap-rep2-X/regulons_10.tsv	10x-rep1-kallisto-cellbender-X/regulons_10.tsv
688	b_cells	HLA-DRA	0.5384615384615384	10	10	10	20	bd-rhap-rep2-X/regulons_10.tsv vs 10x-rep1-kallisto-cellbender-X/regulons_10.tsv	bd-rhap-rep2-X/regulons_10.tsv	10x-rep1-kallisto-cellbender-X/regulons_10.tsv
689	DC	HLA-DRB1	0.5384615384615384	10	10	10	20	bd-rhap-rep2-X/regulons_10.tsv vs 10x-rep1-kallisto-cellbender-X/regulons_10.tsv	bd-rhap-rep2-X/regulons_10.tsv	10x-rep1-kallisto-cellbender-X/regulons_10.tsv
690	b_cells	CD74	0.5384615384615384	10	10	10	20	bd-rhap-rep2-X/regulons_10.tsv vs 10x-rep1-kallisto-cellbender-X/regulons_10.tsv	bd-rhap-rep2-X/regulons_10.tsv	10x-rep1-kallisto-cellbender-X/regulons_10.tsv
691	b_cells	UVRAG	0.6	20	20	20	20	bd-rhap-rep1-X/regulons_20.tsv vs bd-rhap-rep2-X/regulons_20.tsv	bd-rhap-rep1-X/regulons_20.tsv	bd-rhap-rep2-X/regulons_20.tsv
692	nk_cells	ARL4C	0.7391304347826086	20	20	20	20	bd-rhap-rep1-X/regulons_20.tsv vs bd-rhap-rep2-X/regulons_20.tsv	bd-rhap-rep1-X/regulons_20.tsv	bd-rhap-rep2-X/regulons_20.tsv
693	cd4+_tcells	TAGLN2	0.48148148148148145	20	20	20	20	bd-rhap-rep1-X/regulons_20.tsv vs bd-rhap-rep2-X/regulons_20.tsv	bd-rhap-rep1-X/regulons_20.tsv	bd-rhap-rep2-X/regulons_20.tsv
694	cd14+_monocytes	VOPP1	0.25	20	20	20	20	bd-rhap-rep1-X/regulons_20.tsv vs bd-rhap-rep2-X/regulons_20.tsv	bd-rhap-rep1-X/regulons_20.tsv	bd-rhap-rep2-X/regulons_20.tsv
695	b_cells	HLA-DOA	0.6666666666666666	20	20	20	20	bd-rhap-rep1-X/regulons_20.tsv vs bd-rhap-rep2-X/regulons_20.tsv	bd-rhap-rep1-X/regulons_20.tsv	bd-rhap-rep2-X/regulons_20.tsv
696	b_cells	HLA-DPB1	0.6666666666666666	20	20	20	20	bd-rhap-rep1-X/regulons_20.tsv vs bd-rhap-rep2-X/regulons_20.tsv	bd-rhap-rep1-X/regulons_20.tsv	bd-rhap-rep2-X/regulons_20.tsv
697	pDC	FLT3	0.6	20	20	20	20	bd-rhap-rep1-X/regulons_20.tsv vs bd-rhap-rep2-X/regulons_20.tsv	bd-rhap-rep1-X/regulons_20.tsv	bd-rhap-rep2-X/regulons_20.tsv
698	cd8+_tcells	NIBAN1	0.7391304347826086	20	20	20	20	bd-rhap-rep1-X/regulons_20.tsv vs bd-rhap-rep2-X/regulons_20.tsv	bd-rhap-rep1-X/regulons_20.tsv	bd-rhap-rep2-X/regulons_20.tsv
699	cd4+_tcells	NIBAN1	0.06896551724137931	20	11	20	20	bd-rhap-rep1-X/regulons_20.tsv vs bd-rhap-rep2-X/regulons_20.tsv	bd-rhap-rep1-X/regulons_20.tsv	bd-rhap-rep2-X/regulons_20.tsv
700	nk_cells	VOPP1	0.48148148148148145	20	20	20	20	bd-rhap-rep1-X/regulons_20.tsv vs bd-rhap-rep2-X/regulons_20.tsv	bd-rhap-rep1-X/regulons_20.tsv	bd-rhap-rep2-X/regulons_20.tsv
701	cd14-_monocytes	VOPP1	0.48148148148148145	20	20	20	20	bd-rhap-rep1-X/regulons_20.tsv vs bd-rhap-rep2-X/regulons_20.tsv	bd-rhap-rep1-X/regulons_20.tsv	bd-rhap-rep2-X/regulons_20.tsv
702	DC	IFITM2	0.5384615384615384	20	20	20	20	bd-rhap-rep1-X/regulons_20.tsv vs bd-rhap-rep2-X/regulons_20.tsv	bd-rhap-rep1-X/regulons_20.tsv	bd-rhap-rep2-X/regulons_20.tsv
703	cd4+_tcells	DOCK10	0.5384615384615384	20	20	20	20	bd-rhap-rep1-X/regulons_20.tsv vs bd-rhap-rep2-X/regulons_20.tsv	bd-rhap-rep1-X/regulons_20.tsv	bd-rhap-rep2-X/regulons_20.tsv
704	DC	HLA-DQB1	0.48148148148148145	20	20	20	20	bd-rhap-rep1-X/regulons_20.tsv vs bd-rhap-rep2-X/regulons_20.tsv	bd-rhap-rep1-X/regulons_20.tsv	bd-rhap-rep2-X/regulons_20.tsv
705	cd4+_tcells	SELL	0.42857142857142855	20	20	20	20	bd-rhap-rep1-X/regulons_20.tsv vs bd-rhap-rep2-X/regulons_20.tsv	bd-rhap-rep1-X/regulons_20.tsv	bd-rhap-rep2-X/regulons_20.tsv
706	DC	HLA-DRA	0.7391304347826086	20	20	20	20	bd-rhap-rep1-X/regulons_20.tsv vs bd-rhap-rep2-X/regulons_20.tsv	bd-rhap-rep1-X/regulons_20.tsv	bd-rhap-rep2-X/regulons_20.tsv
707	cd14+_monocytes	HDAC9	0.48148148148148145	20	20	20	20	bd-rhap-rep1-X/regulons_20.tsv vs bd-rhap-rep2-X/regulons_20.tsv	bd-rhap-rep1-X/regulons_20.tsv	bd-rhap-rep2-X/regulons_20.tsv
708	DC	CD74	0.48148148148148145	20	20	20	20	bd-rhap-rep1-X/regulons_20.tsv vs bd-rhap-rep2-X/regulons_20.tsv	bd-rhap-rep1-X/regulons_20.tsv	bd-rhap-rep2-X/regulons_20.tsv
709	cd14-_monocytes	IL2RG	0.3793103448275862	20	20	20	20	bd-rhap-rep1-X/regulons_20.tsv vs bd-rhap-rep2-X/regulons_20.tsv	bd-rhap-rep1-X/regulons_20.tsv	bd-rhap-rep2-X/regulons_20.tsv
710	nk_cells	IL2RG	0.7391304347826086	20	20	20	20	bd-rhap-rep1-X/regulons_20.tsv vs bd-rhap-rep2-X/regulons_20.tsv	bd-rhap-rep1-X/regulons_20.tsv	bd-rhap-rep2-X/regulons_20.tsv
711	cd14-_monocytes	PLD4	0.48148148148148145	20	20	20	20	bd-rhap-rep1-X/regulons_20.tsv vs bd-rhap-rep2-X/regulons_20.tsv	bd-rhap-rep1-X/regulons_20.tsv	bd-rhap-rep2-X/regulons_20.tsv
712	b_cells	HLA-DPA1	0.7391304347826086	20	20	20	20	bd-rhap-rep1-X/regulons_20.tsv vs bd-rhap-rep2-X/regulons_20.tsv	bd-rhap-rep1-X/regulons_20.tsv	bd-rhap-rep2-X/regulons_20.tsv
713	cd14+_monocytes	SLC40A1	0.17647058823529413	20	20	20	20	bd-rhap-rep1-X/regulons_20.tsv vs bd-rhap-rep2-X/regulons_20.tsv	bd-rhap-rep1-X/regulons_20.tsv	bd-rhap-rep2-X/regulons_20.tsv
714	cd14-_monocytes	HDAC9	0.3333333333333333	20	20	20	20	bd-rhap-rep1-X/regulons_20.tsv vs bd-rhap-rep2-X/regulons_20.tsv	bd-rhap-rep1-X/regulons_20.tsv	bd-rhap-rep2-X/regulons_20.tsv
715	cd4+_tcells	ARL4C	0.6	20	20	20	20	bd-rhap-rep1-X/regulons_20.tsv vs bd-rhap-rep2-X/regulons_20.tsv	bd-rhap-rep1-X/regulons_20.tsv	bd-rhap-rep2-X/regulons_20.tsv
716	cd4+_tcells	IFITM2	0.5384615384615384	20	20	20	20	bd-rhap-rep1-X/regulons_20.tsv vs bd-rhap-rep2-X/regulons_20.tsv	bd-rhap-rep1-X/regulons_20.tsv	bd-rhap-rep2-X/regulons_20.tsv
717	cd14-_monocytes	HLA-DPB1	0.48148148148148145	20	20	20	20	bd-rhap-rep1-X/regulons_20.tsv vs bd-rhap-rep2-X/regulons_20.tsv	bd-rhap-rep1-X/regulons_20.tsv	bd-rhap-rep2-X/regulons_20.tsv
718	DC	HLA-DPB1	0.6666666666666666	20	20	20	20	bd-rhap-rep1-X/regulons_20.tsv vs bd-rhap-rep2-X/regulons_20.tsv	bd-rhap-rep1-X/regulons_20.tsv	bd-rhap-rep2-X/regulons_20.tsv
719	DC	HLA-DOA	0.6	20	20	20	20	bd-rhap-rep1-X/regulons_20.tsv vs bd-rhap-rep2-X/regulons_20.tsv	bd-rhap-rep1-X/regulons_20.tsv	bd-rhap-rep2-X/regulons_20.tsv
720	pDC	SELL	0.5384615384615384	20	20	20	20	bd-rhap-rep1-X/regulons_20.tsv vs bd-rhap-rep2-X/regulons_20.tsv	bd-rhap-rep1-X/regulons_20.tsv	bd-rhap-rep2-X/regulons_20.tsv
721	pDC	FCER1A	0.3333333333333333	20	20	20	20	bd-rhap-rep1-X/regulons_20.tsv vs bd-rhap-rep2-X/regulons_20.tsv	bd-rhap-rep1-X/regulons_20.tsv	bd-rhap-rep2-X/regulons_20.tsv
722	cd4+_tcells	VOPP1	0.6	20	20	20	20	bd-rhap-rep1-X/regulons_20.tsv vs bd-rhap-rep2-X/regulons_20.tsv	bd-rhap-rep1-X/regulons_20.tsv	bd-rhap-rep2-X/regulons_20.tsv
723	pDC	HLA-DQA1	0.7391304347826086	20	20	20	20	bd-rhap-rep1-X/regulons_20.tsv vs bd-rhap-rep2-X/regulons_20.tsv	bd-rhap-rep1-X/regulons_20.tsv	bd-rhap-rep2-X/regulons_20.tsv
724	pDC	TPM4	0.5384615384615384	20	20	20	20	bd-rhap-rep1-X/regulons_20.tsv vs bd-rhap-rep2-X/regulons_20.tsv	bd-rhap-rep1-X/regulons_20.tsv	bd-rhap-rep2-X/regulons_20.tsv
725	nk_cells	SLC38A1	0.6666666666666666	20	20	20	20	bd-rhap-rep1-X/regulons_20.tsv vs bd-rhap-rep2-X/regulons_20.tsv	bd-rhap-rep1-X/regulons_20.tsv	bd-rhap-rep2-X/regulons_20.tsv
726	cd8+_tcells	VOPP1	0.48148148148148145	20	20	20	20	bd-rhap-rep1-X/regulons_20.tsv vs bd-rhap-rep2-X/regulons_20.tsv	bd-rhap-rep1-X/regulons_20.tsv	bd-rhap-rep2-X/regulons_20.tsv
727	nk_cells	VAV3	0.3793103448275862	20	20	20	20	bd-rhap-rep1-X/regulons_20.tsv vs bd-rhap-rep2-X/regulons_20.tsv	bd-rhap-rep1-X/regulons_20.tsv	bd-rhap-rep2-X/regulons_20.tsv
728	DC	MCL1	0.3793103448275862	20	20	20	20	bd-rhap-rep1-X/regulons_20.tsv vs bd-rhap-rep2-X/regulons_20.tsv	bd-rhap-rep1-X/regulons_20.tsv	bd-rhap-rep2-X/regulons_20.tsv
729	b_cells	IRF8	0.48148148148148145	20	20	20	20	bd-rhap-rep1-X/regulons_20.tsv vs bd-rhap-rep2-X/regulons_20.tsv	bd-rhap-rep1-X/regulons_20.tsv	bd-rhap-rep2-X/regulons_20.tsv
730	cd14-_monocytes	CSF3R	0.3793103448275862	20	20	20	20	bd-rhap-rep1-X/regulons_20.tsv vs bd-rhap-rep2-X/regulons_20.tsv	bd-rhap-rep1-X/regulons_20.tsv	bd-rhap-rep2-X/regulons_20.tsv
731	cd8+_tcells	ZFP36L1	0.17647058823529413	20	20	20	20	bd-rhap-rep1-X/regulons_20.tsv vs bd-rhap-rep2-X/regulons_20.tsv	bd-rhap-rep1-X/regulons_20.tsv	bd-rhap-rep2-X/regulons_20.tsv
732	cd14+_monocytes	RUNX3	0.6	20	20	20	20	bd-rhap-rep1-X/regulons_20.tsv vs bd-rhap-rep2-X/regulons_20.tsv	bd-rhap-rep1-X/regulons_20.tsv	bd-rhap-rep2-X/regulons_20.tsv
733	cd14-_monocytes	HLA-DPA1	0.5384615384615384	20	20	20	20	bd-rhap-rep1-X/regulons_20.tsv vs bd-rhap-rep2-X/regulons_20.tsv	bd-rhap-rep1-X/regulons_20.tsv	bd-rhap-rep2-X/regulons_20.tsv
734	pDC	HLA-DQB1	0.5384615384615384	20	20	20	20	bd-rhap-rep1-X/regulons_20.tsv vs bd-rhap-rep2-X/regulons_20.tsv	bd-rhap-rep1-X/regulons_20.tsv	bd-rhap-rep2-X/regulons_20.tsv
735	cd14-_monocytes	CMAHP--chr6:25061611(-)	0.42857142857142855	20	20	20	20	bd-rhap-rep1-X/regulons_20.tsv vs bd-rhap-rep2-X/regulons_20.tsv	bd-rhap-rep1-X/regulons_20.tsv	bd-rhap-rep2-X/regulons_20.tsv
736	b_cells	HLA-DQA1	0.5384615384615384	20	20	20	20	bd-rhap-rep1-X/regulons_20.tsv vs bd-rhap-rep2-X/regulons_20.tsv	bd-rhap-rep1-X/regulons_20.tsv	bd-rhap-rep2-X/regulons_20.tsv
737	DC	HLA-DPA1	0.6666666666666666	20	20	20	20	bd-rhap-rep1-X/regulons_20.tsv vs bd-rhap-rep2-X/regulons_20.tsv	bd-rhap-rep1-X/regulons_20.tsv	bd-rhap-rep2-X/regulons_20.tsv
738	b_cells	HLA-DRB1	0.6	20	20	20	20	bd-rhap-rep1-X/regulons_20.tsv vs bd-rhap-rep2-X/regulons_20.tsv	bd-rhap-rep1-X/regulons_20.tsv	bd-rhap-rep2-X/regulons_20.tsv
739	pDC	VOPP1	0.48148148148148145	20	20	20	20	bd-rhap-rep1-X/regulons_20.tsv vs bd-rhap-rep2-X/regulons_20.tsv	bd-rhap-rep1-X/regulons_20.tsv	bd-rhap-rep2-X/regulons_20.tsv
740	cd8+_tcells	HLA-DPB1	0.6666666666666666	20	20	20	20	bd-rhap-rep1-X/regulons_20.tsv vs bd-rhap-rep2-X/regulons_20.tsv	bd-rhap-rep1-X/regulons_20.tsv	bd-rhap-rep2-X/regulons_20.tsv
741	nk_cells	ANKRD44	0.48148148148148145	20	20	20	20	bd-rhap-rep1-X/regulons_20.tsv vs bd-rhap-rep2-X/regulons_20.tsv	bd-rhap-rep1-X/regulons_20.tsv	bd-rhap-rep2-X/regulons_20.tsv
742	pDC	HLA-DRA	0.7391304347826086	20	20	20	20	bd-rhap-rep1-X/regulons_20.tsv vs bd-rhap-rep2-X/regulons_20.tsv	bd-rhap-rep1-X/regulons_20.tsv	bd-rhap-rep2-X/regulons_20.tsv
743	b_cells	SELL	0.48148148148148145	20	20	20	20	bd-rhap-rep1-X/regulons_20.tsv vs bd-rhap-rep2-X/regulons_20.tsv	bd-rhap-rep1-X/regulons_20.tsv	bd-rhap-rep2-X/regulons_20.tsv
744	b_cells	ADAM28	0.8181818181818182	20	20	20	20	bd-rhap-rep1-X/regulons_20.tsv vs bd-rhap-rep2-X/regulons_20.tsv	bd-rhap-rep1-X/regulons_20.tsv	bd-rhap-rep2-X/regulons_20.tsv
745	cd8+_tcells	RHOB	0.3333333333333333	20	20	20	20	bd-rhap-rep1-X/regulons_20.tsv vs bd-rhap-rep2-X/regulons_20.tsv	bd-rhap-rep1-X/regulons_20.tsv	bd-rhap-rep2-X/regulons_20.tsv
746	cd14-_monocytes	APP	0.3333333333333333	20	20	20	20	bd-rhap-rep1-X/regulons_20.tsv vs bd-rhap-rep2-X/regulons_20.tsv	bd-rhap-rep1-X/regulons_20.tsv	bd-rhap-rep2-X/regulons_20.tsv
747	cd8+_tcells	SLC38A1	0.6666666666666666	20	20	20	20	bd-rhap-rep1-X/regulons_20.tsv vs bd-rhap-rep2-X/regulons_20.tsv	bd-rhap-rep1-X/regulons_20.tsv	bd-rhap-rep2-X/regulons_20.tsv
748	cd4+_tcells	SLC38A1	0.5384615384615384	20	20	20	20	bd-rhap-rep1-X/regulons_20.tsv vs bd-rhap-rep2-X/regulons_20.tsv	bd-rhap-rep1-X/regulons_20.tsv	bd-rhap-rep2-X/regulons_20.tsv
749	cd14+_monocytes	CAMK1D	0.42857142857142855	20	20	20	20	bd-rhap-rep1-X/regulons_20.tsv vs bd-rhap-rep2-X/regulons_20.tsv	bd-rhap-rep1-X/regulons_20.tsv	bd-rhap-rep2-X/regulons_20.tsv
750	cd14-_monocytes	DOCK10	0.3333333333333333	20	20	20	20	bd-rhap-rep1-X/regulons_20.tsv vs bd-rhap-rep2-X/regulons_20.tsv	bd-rhap-rep1-X/regulons_20.tsv	bd-rhap-rep2-X/regulons_20.tsv
751	nk_cells	CDC42SE2	0.5384615384615384	20	20	20	20	bd-rhap-rep1-X/regulons_20.tsv vs bd-rhap-rep2-X/regulons_20.tsv	bd-rhap-rep1-X/regulons_20.tsv	bd-rhap-rep2-X/regulons_20.tsv
752	cd14+_monocytes	HLA-DQA1	0.42857142857142855	20	20	20	20	bd-rhap-rep1-X/regulons_20.tsv vs bd-rhap-rep2-X/regulons_20.tsv	bd-rhap-rep1-X/regulons_20.tsv	bd-rhap-rep2-X/regulons_20.tsv
753	cd14+_monocytes	UBE2E2	0.3793103448275862	20	20	20	20	bd-rhap-rep1-X/regulons_20.tsv vs bd-rhap-rep2-X/regulons_20.tsv	bd-rhap-rep1-X/regulons_20.tsv	bd-rhap-rep2-X/regulons_20.tsv
754	b_cells	HLA-DQB1	0.48148148148148145	20	20	20	20	bd-rhap-rep1-X/regulons_20.tsv vs bd-rhap-rep2-X/regulons_20.tsv	bd-rhap-rep1-X/regulons_20.tsv	bd-rhap-rep2-X/regulons_20.tsv
755	pDC	HLA-DOA	0.6	20	20	20	20	bd-rhap-rep1-X/regulons_20.tsv vs bd-rhap-rep2-X/regulons_20.tsv	bd-rhap-rep1-X/regulons_20.tsv	bd-rhap-rep2-X/regulons_20.tsv
756	pDC	HLA-DPB1	0.6666666666666666	20	20	20	20	bd-rhap-rep1-X/regulons_20.tsv vs bd-rhap-rep2-X/regulons_20.tsv	bd-rhap-rep1-X/regulons_20.tsv	bd-rhap-rep2-X/regulons_20.tsv
757	cd14-_monocytes	HLA-DQA1	0.48148148148148145	20	20	20	20	bd-rhap-rep1-X/regulons_20.tsv vs bd-rhap-rep2-X/regulons_20.tsv	bd-rhap-rep1-X/regulons_20.tsv	bd-rhap-rep2-X/regulons_20.tsv
758	b_cells	VOPP1	0.6666666666666666	20	20	20	20	bd-rhap-rep1-X/regulons_20.tsv vs bd-rhap-rep2-X/regulons_20.tsv	bd-rhap-rep1-X/regulons_20.tsv	bd-rhap-rep2-X/regulons_20.tsv
759	cd8+_tcells	HLA-DPA1	0.48148148148148145	20	20	20	20	bd-rhap-rep1-X/regulons_20.tsv vs bd-rhap-rep2-X/regulons_20.tsv	bd-rhap-rep1-X/regulons_20.tsv	bd-rhap-rep2-X/regulons_20.tsv
760	nk_cells	SELL	0.42857142857142855	20	20	20	20	bd-rhap-rep1-X/regulons_20.tsv vs bd-rhap-rep2-X/regulons_20.tsv	bd-rhap-rep1-X/regulons_20.tsv	bd-rhap-rep2-X/regulons_20.tsv
761	DC	HLA-DQA1	0.48148148148148145	20	20	20	20	bd-rhap-rep1-X/regulons_20.tsv vs bd-rhap-rep2-X/regulons_20.tsv	bd-rhap-rep1-X/regulons_20.tsv	bd-rhap-rep2-X/regulons_20.tsv
762	b_cells	HLA-DRA	0.6666666666666666	20	20	20	20	bd-rhap-rep1-X/regulons_20.tsv vs bd-rhap-rep2-X/regulons_20.tsv	bd-rhap-rep1-X/regulons_20.tsv	bd-rhap-rep2-X/regulons_20.tsv
763	DC	HLA-DRB1	0.48148148148148145	20	20	20	20	bd-rhap-rep1-X/regulons_20.tsv vs bd-rhap-rep2-X/regulons_20.tsv	bd-rhap-rep1-X/regulons_20.tsv	bd-rhap-rep2-X/regulons_20.tsv
764	DC	SELL	0.3333333333333333	20	20	20	20	bd-rhap-rep1-X/regulons_20.tsv vs bd-rhap-rep2-X/regulons_20.tsv	bd-rhap-rep1-X/regulons_20.tsv	bd-rhap-rep2-X/regulons_20.tsv
765	cd8+_tcells	ANKRD44	0.42857142857142855	20	20	20	20	bd-rhap-rep1-X/regulons_20.tsv vs bd-rhap-rep2-X/regulons_20.tsv	bd-rhap-rep1-X/regulons_20.tsv	bd-rhap-rep2-X/regulons_20.tsv
766	nk_cells	ARL4C	0.25	20	20	20	20	bd-rhap-rep1-X/regulons_20.tsv vs 10x-rep1-kallisto-cellbender-X/regulons_20.tsv	bd-rhap-rep1-X/regulons_20.tsv	10x-rep1-kallisto-cellbender-X/regulons_20.tsv
767	cd8+_tcells	TAGLN2	0.25	20	20	20	20	bd-rhap-rep1-X/regulons_20.tsv vs 10x-rep1-kallisto-cellbender-X/regulons_20.tsv	bd-rhap-rep1-X/regulons_20.tsv	10x-rep1-kallisto-cellbender-X/regulons_20.tsv
768	cd4+_tcells	TAGLN2	0.17647058823529413	20	20	20	20	bd-rhap-rep1-X/regulons_20.tsv vs 10x-rep1-kallisto-cellbender-X/regulons_20.tsv	bd-rhap-rep1-X/regulons_20.tsv	10x-rep1-kallisto-cellbender-X/regulons_20.tsv
769	b_cells	HLA-DPB1	0.25	20	20	20	20	bd-rhap-rep1-X/regulons_20.tsv vs 10x-rep1-kallisto-cellbender-X/regulons_20.tsv	bd-rhap-rep1-X/regulons_20.tsv	10x-rep1-kallisto-cellbender-X/regulons_20.tsv
770	cd14-_monocytes	HLA-DQB1	0.3333333333333333	20	20	20	20	bd-rhap-rep1-X/regulons_20.tsv vs 10x-rep1-kallisto-cellbender-X/regulons_20.tsv	bd-rhap-rep1-X/regulons_20.tsv	10x-rep1-kallisto-cellbender-X/regulons_20.tsv
771	DC	ARL4C	0.25	20	20	20	20	bd-rhap-rep1-X/regulons_20.tsv vs 10x-rep1-kallisto-cellbender-X/regulons_20.tsv	bd-rhap-rep1-X/regulons_20.tsv	10x-rep1-kallisto-cellbender-X/regulons_20.tsv
772	pDC	CST3	0.2903225806451613	20	20	20	20	bd-rhap-rep1-X/regulons_20.tsv vs 10x-rep1-kallisto-cellbender-X/regulons_20.tsv	bd-rhap-rep1-X/regulons_20.tsv	10x-rep1-kallisto-cellbender-X/regulons_20.tsv
773	DC	HLA-DQB1	0.3333333333333333	20	20	20	20	bd-rhap-rep1-X/regulons_20.tsv vs 10x-rep1-kallisto-cellbender-X/regulons_20.tsv	bd-rhap-rep1-X/regulons_20.tsv	10x-rep1-kallisto-cellbender-X/regulons_20.tsv
774	DC	HLA-DRA	0.2903225806451613	20	20	20	20	bd-rhap-rep1-X/regulons_20.tsv vs 10x-rep1-kallisto-cellbender-X/regulons_20.tsv	bd-rhap-rep1-X/regulons_20.tsv	10x-rep1-kallisto-cellbender-X/regulons_20.tsv
775	pDC	FOS	0.05263157894736842	20	20	20	20	bd-rhap-rep1-X/regulons_20.tsv vs 10x-rep1-kallisto-cellbender-X/regulons_20.tsv	bd-rhap-rep1-X/regulons_20.tsv	10x-rep1-kallisto-cellbender-X/regulons_20.tsv
776	DC	CD74	0.3333333333333333	20	20	20	20	bd-rhap-rep1-X/regulons_20.tsv vs 10x-rep1-kallisto-cellbender-X/regulons_20.tsv	bd-rhap-rep1-X/regulons_20.tsv	10x-rep1-kallisto-cellbender-X/regulons_20.tsv
777	pDC	TAGLN2	0.3793103448275862	20	20	20	20	bd-rhap-rep1-X/regulons_20.tsv vs 10x-rep1-kallisto-cellbender-X/regulons_20.tsv	bd-rhap-rep1-X/regulons_20.tsv	10x-rep1-kallisto-cellbender-X/regulons_20.tsv
778	b_cells	HLA-DPA1	0.3333333333333333	20	20	20	20	bd-rhap-rep1-X/regulons_20.tsv vs 10x-rep1-kallisto-cellbender-X/regulons_20.tsv	bd-rhap-rep1-X/regulons_20.tsv	10x-rep1-kallisto-cellbender-X/regulons_20.tsv
779	cd4+_tcells	ARL4C	0.2903225806451613	20	20	20	20	bd-rhap-rep1-X/regulons_20.tsv vs 10x-rep1-kallisto-cellbender-X/regulons_20.tsv	bd-rhap-rep1-X/regulons_20.tsv	10x-rep1-kallisto-cellbender-X/regulons_20.tsv
780	cd4+_tcells	IFITM2	0.3333333333333333	20	20	20	20	bd-rhap-rep1-X/regulons_20.tsv vs 10x-rep1-kallisto-cellbender-X/regulons_20.tsv	bd-rhap-rep1-X/regulons_20.tsv	10x-rep1-kallisto-cellbender-X/regulons_20.tsv
781	cd14-_monocytes	HLA-DPB1	0.3333333333333333	20	20	20	20	bd-rhap-rep1-X/regulons_20.tsv vs 10x-rep1-kallisto-cellbender-X/regulons_20.tsv	bd-rhap-rep1-X/regulons_20.tsv	10x-rep1-kallisto-cellbender-X/regulons_20.tsv
782	DC	HLA-DPB1	0.3333333333333333	20	20	20	20	bd-rhap-rep1-X/regulons_20.tsv vs 10x-rep1-kallisto-cellbender-X/regulons_20.tsv	bd-rhap-rep1-X/regulons_20.tsv	10x-rep1-kallisto-cellbender-X/regulons_20.tsv
783	pDC	FCER1A	0.3793103448275862	20	20	20	20	bd-rhap-rep1-X/regulons_20.tsv vs 10x-rep1-kallisto-cellbender-X/regulons_20.tsv	bd-rhap-rep1-X/regulons_20.tsv	10x-rep1-kallisto-cellbender-X/regulons_20.tsv
784	pDC	HLA-DQA1	0.42857142857142855	20	20	20	20	bd-rhap-rep1-X/regulons_20.tsv vs 10x-rep1-kallisto-cellbender-X/regulons_20.tsv	bd-rhap-rep1-X/regulons_20.tsv	10x-rep1-kallisto-cellbender-X/regulons_20.tsv
785	b_cells	FOS	0.1111111111111111	20	20	20	20	bd-rhap-rep1-X/regulons_20.tsv vs 10x-rep1-kallisto-cellbender-X/regulons_20.tsv	bd-rhap-rep1-X/regulons_20.tsv	10x-rep1-kallisto-cellbender-X/regulons_20.tsv
786	b_cells	TAGLN2	0.3333333333333333	20	20	20	20	bd-rhap-rep1-X/regulons_20.tsv vs 10x-rep1-kallisto-cellbender-X/regulons_20.tsv	bd-rhap-rep1-X/regulons_20.tsv	10x-rep1-kallisto-cellbender-X/regulons_20.tsv
787	pDC	TLE5	0.21212121212121213	20	20	20	20	bd-rhap-rep1-X/regulons_20.tsv vs 10x-rep1-kallisto-cellbender-X/regulons_20.tsv	bd-rhap-rep1-X/regulons_20.tsv	10x-rep1-kallisto-cellbender-X/regulons_20.tsv
788	cd4+_tcells	ZFP36L1	0.0	20	20	20	20	bd-rhap-rep1-X/regulons_20.tsv vs 10x-rep1-kallisto-cellbender-X/regulons_20.tsv	bd-rhap-rep1-X/regulons_20.tsv	10x-rep1-kallisto-cellbender-X/regulons_20.tsv
789	cd14-_monocytes	HLA-DPA1	0.3793103448275862	20	20	20	20	bd-rhap-rep1-X/regulons_20.tsv vs 10x-rep1-kallisto-cellbender-X/regulons_20.tsv	bd-rhap-rep1-X/regulons_20.tsv	10x-rep1-kallisto-cellbender-X/regulons_20.tsv
790	pDC	HLA-DQB1	0.48148148148148145	20	20	20	20	bd-rhap-rep1-X/regulons_20.tsv vs 10x-rep1-kallisto-cellbender-X/regulons_20.tsv	bd-rhap-rep1-X/regulons_20.tsv	10x-rep1-kallisto-cellbender-X/regulons_20.tsv
791	b_cells	HLA-DQA1	0.2903225806451613	20	20	20	20	bd-rhap-rep1-X/regulons_20.tsv vs 10x-rep1-kallisto-cellbender-X/regulons_20.tsv	bd-rhap-rep1-X/regulons_20.tsv	10x-rep1-kallisto-cellbender-X/regulons_20.tsv
792	DC	HLA-DPA1	0.3333333333333333	20	20	20	20	bd-rhap-rep1-X/regulons_20.tsv vs 10x-rep1-kallisto-cellbender-X/regulons_20.tsv	bd-rhap-rep1-X/regulons_20.tsv	10x-rep1-kallisto-cellbender-X/regulons_20.tsv
793	b_cells	HLA-DRB1	0.2903225806451613	20	20	20	20	bd-rhap-rep1-X/regulons_20.tsv vs 10x-rep1-kallisto-cellbender-X/regulons_20.tsv	bd-rhap-rep1-X/regulons_20.tsv	10x-rep1-kallisto-cellbender-X/regulons_20.tsv
794	pDC	HLA-DRA	0.5384615384615384	20	20	20	20	bd-rhap-rep1-X/regulons_20.tsv vs 10x-rep1-kallisto-cellbender-X/regulons_20.tsv	bd-rhap-rep1-X/regulons_20.tsv	10x-rep1-kallisto-cellbender-X/regulons_20.tsv
795	cd14+_monocytes	CPVL	0.2903225806451613	20	20	20	20	bd-rhap-rep1-X/regulons_20.tsv vs 10x-rep1-kallisto-cellbender-X/regulons_20.tsv	bd-rhap-rep1-X/regulons_20.tsv	10x-rep1-kallisto-cellbender-X/regulons_20.tsv
796	DC	FOS	0.14285714285714285	20	20	20	20	bd-rhap-rep1-X/regulons_20.tsv vs 10x-rep1-kallisto-cellbender-X/regulons_20.tsv	bd-rhap-rep1-X/regulons_20.tsv	10x-rep1-kallisto-cellbender-X/regulons_20.tsv
797	cd14-_monocytes	CPVL	0.48148148148148145	20	20	20	20	bd-rhap-rep1-X/regulons_20.tsv vs 10x-rep1-kallisto-cellbender-X/regulons_20.tsv	bd-rhap-rep1-X/regulons_20.tsv	10x-rep1-kallisto-cellbender-X/regulons_20.tsv
798	b_cells	HLA-DQB1	0.2903225806451613	20	20	20	20	bd-rhap-rep1-X/regulons_20.tsv vs 10x-rep1-kallisto-cellbender-X/regulons_20.tsv	bd-rhap-rep1-X/regulons_20.tsv	10x-rep1-kallisto-cellbender-X/regulons_20.tsv
799	pDC	HLA-DPB1	0.3793103448275862	20	20	20	20	bd-rhap-rep1-X/regulons_20.tsv vs 10x-rep1-kallisto-cellbender-X/regulons_20.tsv	bd-rhap-rep1-X/regulons_20.tsv	10x-rep1-kallisto-cellbender-X/regulons_20.tsv
800	cd14-_monocytes	HLA-DQA1	0.3333333333333333	20	20	20	20	bd-rhap-rep1-X/regulons_20.tsv vs 10x-rep1-kallisto-cellbender-X/regulons_20.tsv	bd-rhap-rep1-X/regulons_20.tsv	10x-rep1-kallisto-cellbender-X/regulons_20.tsv
801	DC	HLA-DQA1	0.42857142857142855	20	20	20	20	bd-rhap-rep1-X/regulons_20.tsv vs 10x-rep1-kallisto-cellbender-X/regulons_20.tsv	bd-rhap-rep1-X/regulons_20.tsv	10x-rep1-kallisto-cellbender-X/regulons_20.tsv
802	b_cells	HLA-DRA	0.42857142857142855	20	20	20	20	bd-rhap-rep1-X/regulons_20.tsv vs 10x-rep1-kallisto-cellbender-X/regulons_20.tsv	bd-rhap-rep1-X/regulons_20.tsv	10x-rep1-kallisto-cellbender-X/regulons_20.tsv
803	DC	HLA-DRB1	0.42857142857142855	20	20	20	20	bd-rhap-rep1-X/regulons_20.tsv vs 10x-rep1-kallisto-cellbender-X/regulons_20.tsv	bd-rhap-rep1-X/regulons_20.tsv	10x-rep1-kallisto-cellbender-X/regulons_20.tsv
804	cd14-_monocytes	EVL	0.17647058823529413	20	20	20	20	bd-rhap-rep1-X/regulons_20.tsv vs 10x-rep1-kallisto-cellbender-X/regulons_20.tsv	bd-rhap-rep1-X/regulons_20.tsv	10x-rep1-kallisto-cellbender-X/regulons_20.tsv
805	nk_cells	ARL4C	0.2903225806451613	20	20	20	20	bd-rhap-rep2-X/regulons_20.tsv vs 10x-rep1-kallisto-cellbender-X/regulons_20.tsv	bd-rhap-rep2-X/regulons_20.tsv	10x-rep1-kallisto-cellbender-X/regulons_20.tsv
806	nk_cells	IFITM2	0.17647058823529413	20	20	20	20	bd-rhap-rep2-X/regulons_20.tsv vs 10x-rep1-kallisto-cellbender-X/regulons_20.tsv	bd-rhap-rep2-X/regulons_20.tsv	10x-rep1-kallisto-cellbender-X/regulons_20.tsv
807	cd4+_tcells	TAGLN2	0.21212121212121213	20	20	20	20	bd-rhap-rep2-X/regulons_20.tsv vs 10x-rep1-kallisto-cellbender-X/regulons_20.tsv	bd-rhap-rep2-X/regulons_20.tsv	10x-rep1-kallisto-cellbender-X/regulons_20.tsv
808	b_cells	HLA-DPB1	0.25	20	20	20	20	bd-rhap-rep2-X/regulons_20.tsv vs 10x-rep1-kallisto-cellbender-X/regulons_20.tsv	bd-rhap-rep2-X/regulons_20.tsv	10x-rep1-kallisto-cellbender-X/regulons_20.tsv
809	pDC	HLA-DPA1	0.3333333333333333	20	20	20	20	bd-rhap-rep2-X/regulons_20.tsv vs 10x-rep1-kallisto-cellbender-X/regulons_20.tsv	bd-rhap-rep2-X/regulons_20.tsv	10x-rep1-kallisto-cellbender-X/regulons_20.tsv
810	DC	HLA-DQB1	0.25	20	20	20	20	bd-rhap-rep2-X/regulons_20.tsv vs 10x-rep1-kallisto-cellbender-X/regulons_20.tsv	bd-rhap-rep2-X/regulons_20.tsv	10x-rep1-kallisto-cellbender-X/regulons_20.tsv
811	cd14-_monocytes	MNDA	0.14285714285714285	20	20	20	20	bd-rhap-rep2-X/regulons_20.tsv vs 10x-rep1-kallisto-cellbender-X/regulons_20.tsv	bd-rhap-rep2-X/regulons_20.tsv	10x-rep1-kallisto-cellbender-X/regulons_20.tsv
812	DC	HLA-DRA	0.3333333333333333	20	20	20	20	bd-rhap-rep2-X/regulons_20.tsv vs 10x-rep1-kallisto-cellbender-X/regulons_20.tsv	bd-rhap-rep2-X/regulons_20.tsv	10x-rep1-kallisto-cellbender-X/regulons_20.tsv
813	DC	CD74	0.2903225806451613	20	20	20	20	bd-rhap-rep2-X/regulons_20.tsv vs 10x-rep1-kallisto-cellbender-X/regulons_20.tsv	bd-rhap-rep2-X/regulons_20.tsv	10x-rep1-kallisto-cellbender-X/regulons_20.tsv
814	b_cells	H4C3	0.08108108108108109	20	20	20	20	bd-rhap-rep2-X/regulons_20.tsv vs 10x-rep1-kallisto-cellbender-X/regulons_20.tsv	bd-rhap-rep2-X/regulons_20.tsv	10x-rep1-kallisto-cellbender-X/regulons_20.tsv
815	b_cells	HLA-DPA1	0.2903225806451613	20	20	20	20	bd-rhap-rep2-X/regulons_20.tsv vs 10x-rep1-kallisto-cellbender-X/regulons_20.tsv	bd-rhap-rep2-X/regulons_20.tsv	10x-rep1-kallisto-cellbender-X/regulons_20.tsv
816	cd4+_tcells	ARL4C	0.2903225806451613	20	20	20	20	bd-rhap-rep2-X/regulons_20.tsv vs 10x-rep1-kallisto-cellbender-X/regulons_20.tsv	bd-rhap-rep2-X/regulons_20.tsv	10x-rep1-kallisto-cellbender-X/regulons_20.tsv
817	cd4+_tcells	IFITM2	0.25	20	20	20	20	bd-rhap-rep2-X/regulons_20.tsv vs 10x-rep1-kallisto-cellbender-X/regulons_20.tsv	bd-rhap-rep2-X/regulons_20.tsv	10x-rep1-kallisto-cellbender-X/regulons_20.tsv
818	cd14-_monocytes	HLA-DPB1	0.21212121212121213	20	20	20	20	bd-rhap-rep2-X/regulons_20.tsv vs 10x-rep1-kallisto-cellbender-X/regulons_20.tsv	bd-rhap-rep2-X/regulons_20.tsv	10x-rep1-kallisto-cellbender-X/regulons_20.tsv
819	DC	HLA-DPB1	0.2903225806451613	20	20	20	20	bd-rhap-rep2-X/regulons_20.tsv vs 10x-rep1-kallisto-cellbender-X/regulons_20.tsv	bd-rhap-rep2-X/regulons_20.tsv	10x-rep1-kallisto-cellbender-X/regulons_20.tsv
820	cd8+_tcells	ARL4C	0.2903225806451613	20	20	20	20	bd-rhap-rep2-X/regulons_20.tsv vs 10x-rep1-kallisto-cellbender-X/regulons_20.tsv	bd-rhap-rep2-X/regulons_20.tsv	10x-rep1-kallisto-cellbender-X/regulons_20.tsv
821	pDC	FCER1A	0.2903225806451613	20	20	20	20	bd-rhap-rep2-X/regulons_20.tsv vs 10x-rep1-kallisto-cellbender-X/regulons_20.tsv	bd-rhap-rep2-X/regulons_20.tsv	10x-rep1-kallisto-cellbender-X/regulons_20.tsv
822	pDC	HLA-DQA1	0.42857142857142855	20	20	20	20	bd-rhap-rep2-X/regulons_20.tsv vs 10x-rep1-kallisto-cellbender-X/regulons_20.tsv	bd-rhap-rep2-X/regulons_20.tsv	10x-rep1-kallisto-cellbender-X/regulons_20.tsv
823	pDC	HLA-DRB1	0.48148148148148145	20	20	20	20	bd-rhap-rep2-X/regulons_20.tsv vs 10x-rep1-kallisto-cellbender-X/regulons_20.tsv	bd-rhap-rep2-X/regulons_20.tsv	10x-rep1-kallisto-cellbender-X/regulons_20.tsv
824	pDC	ARL4C	0.21212121212121213	20	20	20	20	bd-rhap-rep2-X/regulons_20.tsv vs 10x-rep1-kallisto-cellbender-X/regulons_20.tsv	bd-rhap-rep2-X/regulons_20.tsv	10x-rep1-kallisto-cellbender-X/regulons_20.tsv
825	cd14-_monocytes	HLA-DPA1	0.25	20	20	20	20	bd-rhap-rep2-X/regulons_20.tsv vs 10x-rep1-kallisto-cellbender-X/regulons_20.tsv	bd-rhap-rep2-X/regulons_20.tsv	10x-rep1-kallisto-cellbender-X/regulons_20.tsv
826	pDC	HLA-DQB1	0.2903225806451613	20	20	20	20	bd-rhap-rep2-X/regulons_20.tsv vs 10x-rep1-kallisto-cellbender-X/regulons_20.tsv	bd-rhap-rep2-X/regulons_20.tsv	10x-rep1-kallisto-cellbender-X/regulons_20.tsv
827	b_cells	HLA-DQA1	0.3793103448275862	20	20	20	20	bd-rhap-rep2-X/regulons_20.tsv vs 10x-rep1-kallisto-cellbender-X/regulons_20.tsv	bd-rhap-rep2-X/regulons_20.tsv	10x-rep1-kallisto-cellbender-X/regulons_20.tsv
828	DC	HLA-DPA1	0.25	20	20	20	20	bd-rhap-rep2-X/regulons_20.tsv vs 10x-rep1-kallisto-cellbender-X/regulons_20.tsv	bd-rhap-rep2-X/regulons_20.tsv	10x-rep1-kallisto-cellbender-X/regulons_20.tsv
829	b_cells	HLA-DRB1	0.3333333333333333	20	20	20	20	bd-rhap-rep2-X/regulons_20.tsv vs 10x-rep1-kallisto-cellbender-X/regulons_20.tsv	bd-rhap-rep2-X/regulons_20.tsv	10x-rep1-kallisto-cellbender-X/regulons_20.tsv
830	pDC	HLA-DRA	0.5384615384615384	20	20	20	20	bd-rhap-rep2-X/regulons_20.tsv vs 10x-rep1-kallisto-cellbender-X/regulons_20.tsv	bd-rhap-rep2-X/regulons_20.tsv	10x-rep1-kallisto-cellbender-X/regulons_20.tsv
831	nk_cells	TAGLN2	0.21212121212121213	20	20	20	20	bd-rhap-rep2-X/regulons_20.tsv vs 10x-rep1-kallisto-cellbender-X/regulons_20.tsv	bd-rhap-rep2-X/regulons_20.tsv	10x-rep1-kallisto-cellbender-X/regulons_20.tsv
832	cd14+_monocytes	ID2	0.21212121212121213	20	20	20	20	bd-rhap-rep2-X/regulons_20.tsv vs 10x-rep1-kallisto-cellbender-X/regulons_20.tsv	bd-rhap-rep2-X/regulons_20.tsv	10x-rep1-kallisto-cellbender-X/regulons_20.tsv
833	b_cells	HLA-DQB1	0.2903225806451613	20	20	20	20	bd-rhap-rep2-X/regulons_20.tsv vs 10x-rep1-kallisto-cellbender-X/regulons_20.tsv	bd-rhap-rep2-X/regulons_20.tsv	10x-rep1-kallisto-cellbender-X/regulons_20.tsv
834	pDC	HLA-DPB1	0.3333333333333333	20	20	20	20	bd-rhap-rep2-X/regulons_20.tsv vs 10x-rep1-kallisto-cellbender-X/regulons_20.tsv	bd-rhap-rep2-X/regulons_20.tsv	10x-rep1-kallisto-cellbender-X/regulons_20.tsv
835	cd14-_monocytes	HLA-DQA1	0.21212121212121213	20	20	20	20	bd-rhap-rep2-X/regulons_20.tsv vs 10x-rep1-kallisto-cellbender-X/regulons_20.tsv	bd-rhap-rep2-X/regulons_20.tsv	10x-rep1-kallisto-cellbender-X/regulons_20.tsv
836	DC	HLA-DQA1	0.3333333333333333	20	20	20	20	bd-rhap-rep2-X/regulons_20.tsv vs 10x-rep1-kallisto-cellbender-X/regulons_20.tsv	bd-rhap-rep2-X/regulons_20.tsv	10x-rep1-kallisto-cellbender-X/regulons_20.tsv
837	b_cells	HLA-DRA	0.3793103448275862	20	20	20	20	bd-rhap-rep2-X/regulons_20.tsv vs 10x-rep1-kallisto-cellbender-X/regulons_20.tsv	bd-rhap-rep2-X/regulons_20.tsv	10x-rep1-kallisto-cellbender-X/regulons_20.tsv
838	DC	HLA-DRB1	0.3333333333333333	20	20	20	20	bd-rhap-rep2-X/regulons_20.tsv vs 10x-rep1-kallisto-cellbender-X/regulons_20.tsv	bd-rhap-rep2-X/regulons_20.tsv	10x-rep1-kallisto-cellbender-X/regulons_20.tsv
839	nk_cells	ARL4C	0.6216216216216216	30	30	30	20	bd-rhap-rep1-X/regulons_30.tsv vs bd-rhap-rep2-X/regulons_30.tsv	bd-rhap-rep1-X/regulons_30.tsv	bd-rhap-rep2-X/regulons_30.tsv
840	cd8+_tcells	TAGLN2	0.4634146341463415	30	30	30	20	bd-rhap-rep1-X/regulons_30.tsv vs bd-rhap-rep2-X/regulons_30.tsv	bd-rhap-rep1-X/regulons_30.tsv	bd-rhap-rep2-X/regulons_30.tsv
841	cd14-_monocytes	S100A9	0.3333333333333333	30	30	30	20	bd-rhap-rep1-X/regulons_30.tsv vs bd-rhap-rep2-X/regulons_30.tsv	bd-rhap-rep1-X/regulons_30.tsv	bd-rhap-rep2-X/regulons_30.tsv
842	cd8+_tcells	PHACTR2	0.4634146341463415	30	30	30	20	bd-rhap-rep1-X/regulons_30.tsv vs bd-rhap-rep2-X/regulons_30.tsv	bd-rhap-rep1-X/regulons_30.tsv	bd-rhap-rep2-X/regulons_30.tsv
843	b_cells	HLA-DOA	0.5384615384615384	30	30	30	20	bd-rhap-rep1-X/regulons_30.tsv vs bd-rhap-rep2-X/regulons_30.tsv	bd-rhap-rep1-X/regulons_30.tsv	bd-rhap-rep2-X/regulons_30.tsv
844	b_cells	HLA-DPB1	0.6216216216216216	30	30	30	20	bd-rhap-rep1-X/regulons_30.tsv vs bd-rhap-rep2-X/regulons_30.tsv	bd-rhap-rep1-X/regulons_30.tsv	bd-rhap-rep2-X/regulons_30.tsv
845	cd14+_monocytes	VOPP1	0.3333333333333333	30	30	30	20	bd-rhap-rep1-X/regulons_30.tsv vs bd-rhap-rep2-X/regulons_30.tsv	bd-rhap-rep1-X/regulons_30.tsv	bd-rhap-rep2-X/regulons_30.tsv
846	cd8+_tcells	NIBAN1	0.7142857142857143	30	30	30	20	bd-rhap-rep1-X/regulons_30.tsv vs bd-rhap-rep2-X/regulons_30.tsv	bd-rhap-rep1-X/regulons_30.tsv	bd-rhap-rep2-X/regulons_30.tsv
847	pDC	FLT3	0.6216216216216216	30	30	30	20	bd-rhap-rep1-X/regulons_30.tsv vs bd-rhap-rep2-X/regulons_30.tsv	bd-rhap-rep1-X/regulons_30.tsv	bd-rhap-rep2-X/regulons_30.tsv
848	cd4+_tcells	NIBAN1	0.10810810810810811	30	11	30	20	bd-rhap-rep1-X/regulons_30.tsv vs bd-rhap-rep2-X/regulons_30.tsv	bd-rhap-rep1-X/regulons_30.tsv	bd-rhap-rep2-X/regulons_30.tsv
849	cd14-_monocytes	VOPP1	0.42857142857142855	30	30	30	20	bd-rhap-rep1-X/regulons_30.tsv vs bd-rhap-rep2-X/regulons_30.tsv	bd-rhap-rep1-X/regulons_30.tsv	bd-rhap-rep2-X/regulons_30.tsv
850	pDC	HLA-DPA1	0.7647058823529411	30	30	30	20	bd-rhap-rep1-X/regulons_30.tsv vs bd-rhap-rep2-X/regulons_30.tsv	bd-rhap-rep1-X/regulons_30.tsv	bd-rhap-rep2-X/regulons_30.tsv
851	DC	IFITM2	0.42857142857142855	30	30	30	20	bd-rhap-rep1-X/regulons_30.tsv vs bd-rhap-rep2-X/regulons_30.tsv	bd-rhap-rep1-X/regulons_30.tsv	bd-rhap-rep2-X/regulons_30.tsv
852	DC	HLA-DQB1	0.42857142857142855	30	30	30	20	bd-rhap-rep1-X/regulons_30.tsv vs bd-rhap-rep2-X/regulons_30.tsv	bd-rhap-rep1-X/regulons_30.tsv	bd-rhap-rep2-X/regulons_30.tsv
853	cd14-_monocytes	MNDA	0.4634146341463415	30	30	30	20	bd-rhap-rep1-X/regulons_30.tsv vs bd-rhap-rep2-X/regulons_30.tsv	bd-rhap-rep1-X/regulons_30.tsv	bd-rhap-rep2-X/regulons_30.tsv
854	cd4+_tcells	SELL	0.36363636363636365	30	30	30	20	bd-rhap-rep1-X/regulons_30.tsv vs bd-rhap-rep2-X/regulons_30.tsv	bd-rhap-rep1-X/regulons_30.tsv	bd-rhap-rep2-X/regulons_30.tsv
855	DC	HLA-DRA	0.6666666666666666	30	30	30	20	bd-rhap-rep1-X/regulons_30.tsv vs bd-rhap-rep2-X/regulons_30.tsv	bd-rhap-rep1-X/regulons_30.tsv	bd-rhap-rep2-X/regulons_30.tsv
856	cd14+_monocytes	HDAC9	0.5	30	30	30	20	bd-rhap-rep1-X/regulons_30.tsv vs bd-rhap-rep2-X/regulons_30.tsv	bd-rhap-rep1-X/regulons_30.tsv	bd-rhap-rep2-X/regulons_30.tsv
857	DC	CD74	0.5384615384615384	30	30	30	20	bd-rhap-rep1-X/regulons_30.tsv vs bd-rhap-rep2-X/regulons_30.tsv	bd-rhap-rep1-X/regulons_30.tsv	bd-rhap-rep2-X/regulons_30.tsv
858	cd14-_monocytes	IL2RG	0.3333333333333333	30	30	30	20	bd-rhap-rep1-X/regulons_30.tsv vs bd-rhap-rep2-X/regulons_30.tsv	bd-rhap-rep1-X/regulons_30.tsv	bd-rhap-rep2-X/regulons_30.tsv
859	nk_cells	IL2RG	0.7142857142857143	30	30	30	20	bd-rhap-rep1-X/regulons_30.tsv vs bd-rhap-rep2-X/regulons_30.tsv	bd-rhap-rep1-X/regulons_30.tsv	bd-rhap-rep2-X/regulons_30.tsv
860	cd14+_monocytes	SYTL3	0.30434782608695654	30	30	30	20	bd-rhap-rep1-X/regulons_30.tsv vs bd-rhap-rep2-X/regulons_30.tsv	bd-rhap-rep1-X/regulons_30.tsv	bd-rhap-rep2-X/regulons_30.tsv
861	nk_cells	NFATC2	0.4634146341463415	30	30	30	20	bd-rhap-rep1-X/regulons_30.tsv vs bd-rhap-rep2-X/regulons_30.tsv	bd-rhap-rep1-X/regulons_30.tsv	bd-rhap-rep2-X/regulons_30.tsv
862	cd14-_monocytes	PLD4	0.4634146341463415	30	30	30	20	bd-rhap-rep1-X/regulons_30.tsv vs bd-rhap-rep2-X/regulons_30.tsv	bd-rhap-rep1-X/regulons_30.tsv	bd-rhap-rep2-X/regulons_30.tsv
863	b_cells	HLA-DPA1	0.5789473684210527	30	30	30	20	bd-rhap-rep1-X/regulons_30.tsv vs bd-rhap-rep2-X/regulons_30.tsv	bd-rhap-rep1-X/regulons_30.tsv	bd-rhap-rep2-X/regulons_30.tsv
864	cd14+_monocytes	SLC40A1	0.2	30	30	30	20	bd-rhap-rep1-X/regulons_30.tsv vs bd-rhap-rep2-X/regulons_30.tsv	bd-rhap-rep1-X/regulons_30.tsv	bd-rhap-rep2-X/regulons_30.tsv
865	cd14-_monocytes	HDAC9	0.25	30	30	30	20	bd-rhap-rep1-X/regulons_30.tsv vs bd-rhap-rep2-X/regulons_30.tsv	bd-rhap-rep1-X/regulons_30.tsv	bd-rhap-rep2-X/regulons_30.tsv
866	cd4+_tcells	ARL4C	0.5384615384615384	30	30	30	20	bd-rhap-rep1-X/regulons_30.tsv vs bd-rhap-rep2-X/regulons_30.tsv	bd-rhap-rep1-X/regulons_30.tsv	bd-rhap-rep2-X/regulons_30.tsv
867	cd14-_monocytes	S100A8	0.3953488372093023	30	30	30	20	bd-rhap-rep1-X/regulons_30.tsv vs bd-rhap-rep2-X/regulons_30.tsv	bd-rhap-rep1-X/regulons_30.tsv	bd-rhap-rep2-X/regulons_30.tsv
868	DC	HLA-DOA	0.5	30	30	30	20	bd-rhap-rep1-X/regulons_30.tsv vs bd-rhap-rep2-X/regulons_30.tsv	bd-rhap-rep1-X/regulons_30.tsv	bd-rhap-rep2-X/regulons_30.tsv
869	DC	HLA-DPB1	0.5384615384615384	30	30	30	20	bd-rhap-rep1-X/regulons_30.tsv vs bd-rhap-rep2-X/regulons_30.tsv	bd-rhap-rep1-X/regulons_30.tsv	bd-rhap-rep2-X/regulons_30.tsv
870	pDC	SELL	0.7142857142857143	30	30	30	20	bd-rhap-rep1-X/regulons_30.tsv vs bd-rhap-rep2-X/regulons_30.tsv	bd-rhap-rep1-X/regulons_30.tsv	bd-rhap-rep2-X/regulons_30.tsv
871	pDC	FCER1A	0.4634146341463415	30	30	30	20	bd-rhap-rep1-X/regulons_30.tsv vs bd-rhap-rep2-X/regulons_30.tsv	bd-rhap-rep1-X/regulons_30.tsv	bd-rhap-rep2-X/regulons_30.tsv
872	cd4+_tcells	VOPP1	0.6216216216216216	30	30	30	20	bd-rhap-rep1-X/regulons_30.tsv vs bd-rhap-rep2-X/regulons_30.tsv	bd-rhap-rep1-X/regulons_30.tsv	bd-rhap-rep2-X/regulons_30.tsv
873	pDC	HLA-DQA1	0.7142857142857143	30	30	30	20	bd-rhap-rep1-X/regulons_30.tsv vs bd-rhap-rep2-X/regulons_30.tsv	bd-rhap-rep1-X/regulons_30.tsv	bd-rhap-rep2-X/regulons_30.tsv
874	nk_cells	SLC38A1	0.5384615384615384	30	30	30	20	bd-rhap-rep1-X/regulons_30.tsv vs bd-rhap-rep2-X/regulons_30.tsv	bd-rhap-rep1-X/regulons_30.tsv	bd-rhap-rep2-X/regulons_30.tsv
875	cd8+_tcells	VOPP1	0.5384615384615384	30	30	30	20	bd-rhap-rep1-X/regulons_30.tsv vs bd-rhap-rep2-X/regulons_30.tsv	bd-rhap-rep1-X/regulons_30.tsv	bd-rhap-rep2-X/regulons_30.tsv
876	b_cells	TAGLN2	0.4634146341463415	30	30	30	20	bd-rhap-rep1-X/regulons_30.tsv vs bd-rhap-rep2-X/regulons_30.tsv	bd-rhap-rep1-X/regulons_30.tsv	bd-rhap-rep2-X/regulons_30.tsv
877	nk_cells	VAV3	0.36363636363636365	30	30	30	20	bd-rhap-rep1-X/regulons_30.tsv vs bd-rhap-rep2-X/regulons_30.tsv	bd-rhap-rep1-X/regulons_30.tsv	bd-rhap-rep2-X/regulons_30.tsv
878	DC	MCL1	0.42857142857142855	30	30	30	20	bd-rhap-rep1-X/regulons_30.tsv vs bd-rhap-rep2-X/regulons_30.tsv	bd-rhap-rep1-X/regulons_30.tsv	bd-rhap-rep2-X/regulons_30.tsv
879	b_cells	IRF8	0.4634146341463415	30	30	30	20	bd-rhap-rep1-X/regulons_30.tsv vs bd-rhap-rep2-X/regulons_30.tsv	bd-rhap-rep1-X/regulons_30.tsv	bd-rhap-rep2-X/regulons_30.tsv
880	pDC	IFITM2	0.36363636363636365	30	30	30	20	bd-rhap-rep1-X/regulons_30.tsv vs bd-rhap-rep2-X/regulons_30.tsv	bd-rhap-rep1-X/regulons_30.tsv	bd-rhap-rep2-X/regulons_30.tsv
881	cd14+_monocytes	RUNX3	0.3953488372093023	30	30	30	20	bd-rhap-rep1-X/regulons_30.tsv vs bd-rhap-rep2-X/regulons_30.tsv	bd-rhap-rep1-X/regulons_30.tsv	bd-rhap-rep2-X/regulons_30.tsv
882	pDC	HLA-DQB1	0.5384615384615384	30	30	30	20	bd-rhap-rep1-X/regulons_30.tsv vs bd-rhap-rep2-X/regulons_30.tsv	bd-rhap-rep1-X/regulons_30.tsv	bd-rhap-rep2-X/regulons_30.tsv
883	nk_cells	ANKRD44	0.5	30	30	30	20	bd-rhap-rep1-X/regulons_30.tsv vs bd-rhap-rep2-X/regulons_30.tsv	bd-rhap-rep1-X/regulons_30.tsv	bd-rhap-rep2-X/regulons_30.tsv
884	cd14-_monocytes	CMAHP--chr6:25061611(-)	0.42857142857142855	30	30	30	20	bd-rhap-rep1-X/regulons_30.tsv vs bd-rhap-rep2-X/regulons_30.tsv	bd-rhap-rep1-X/regulons_30.tsv	bd-rhap-rep2-X/regulons_30.tsv
885	b_cells	HLA-DQA1	0.4634146341463415	30	30	30	20	bd-rhap-rep1-X/regulons_30.tsv vs bd-rhap-rep2-X/regulons_30.tsv	bd-rhap-rep1-X/regulons_30.tsv	bd-rhap-rep2-X/regulons_30.tsv
886	DC	HLA-DPA1	0.5384615384615384	30	30	30	20	bd-rhap-rep1-X/regulons_30.tsv vs bd-rhap-rep2-X/regulons_30.tsv	bd-rhap-rep1-X/regulons_30.tsv	bd-rhap-rep2-X/regulons_30.tsv
887	b_cells	HLA-DRB1	0.6216216216216216	30	30	30	20	bd-rhap-rep1-X/regulons_30.tsv vs bd-rhap-rep2-X/regulons_30.tsv	bd-rhap-rep1-X/regulons_30.tsv	bd-rhap-rep2-X/regulons_30.tsv
888	pDC	VOPP1	0.5789473684210527	30	30	30	20	bd-rhap-rep1-X/regulons_30.tsv vs bd-rhap-rep2-X/regulons_30.tsv	bd-rhap-rep1-X/regulons_30.tsv	bd-rhap-rep2-X/regulons_30.tsv
889	cd8+_tcells	HLA-DPB1	0.5789473684210527	30	30	30	20	bd-rhap-rep1-X/regulons_30.tsv vs bd-rhap-rep2-X/regulons_30.tsv	bd-rhap-rep1-X/regulons_30.tsv	bd-rhap-rep2-X/regulons_30.tsv
890	b_cells	SELL	0.42857142857142855	30	30	30	20	bd-rhap-rep1-X/regulons_30.tsv vs bd-rhap-rep2-X/regulons_30.tsv	bd-rhap-rep1-X/regulons_30.tsv	bd-rhap-rep2-X/regulons_30.tsv
891	b_cells	ADAM28	0.5384615384615384	30	30	30	20	bd-rhap-rep1-X/regulons_30.tsv vs bd-rhap-rep2-X/regulons_30.tsv	bd-rhap-rep1-X/regulons_30.tsv	bd-rhap-rep2-X/regulons_30.tsv
892	cd8+_tcells	SLC38A1	0.6666666666666666	30	30	30	20	bd-rhap-rep1-X/regulons_30.tsv vs bd-rhap-rep2-X/regulons_30.tsv	bd-rhap-rep1-X/regulons_30.tsv	bd-rhap-rep2-X/regulons_30.tsv
893	cd4+_tcells	SLC38A1	0.5789473684210527	30	30	30	20	bd-rhap-rep1-X/regulons_30.tsv vs bd-rhap-rep2-X/regulons_30.tsv	bd-rhap-rep1-X/regulons_30.tsv	bd-rhap-rep2-X/regulons_30.tsv
894	nk_cells	RABGAP1L	0.4634146341463415	30	30	30	20	bd-rhap-rep1-X/regulons_30.tsv vs bd-rhap-rep2-X/regulons_30.tsv	bd-rhap-rep1-X/regulons_30.tsv	bd-rhap-rep2-X/regulons_30.tsv
895	cd14-_monocytes	DOCK10	0.36363636363636365	30	30	30	20	bd-rhap-rep1-X/regulons_30.tsv vs bd-rhap-rep2-X/regulons_30.tsv	bd-rhap-rep1-X/regulons_30.tsv	bd-rhap-rep2-X/regulons_30.tsv
896	cd14+_monocytes	HLA-DQA1	0.3333333333333333	30	30	30	20	bd-rhap-rep1-X/regulons_30.tsv vs bd-rhap-rep2-X/regulons_30.tsv	bd-rhap-rep1-X/regulons_30.tsv	bd-rhap-rep2-X/regulons_30.tsv
897	cd14+_monocytes	UBE2E2	0.3953488372093023	30	30	30	20	bd-rhap-rep1-X/regulons_30.tsv vs bd-rhap-rep2-X/regulons_30.tsv	bd-rhap-rep1-X/regulons_30.tsv	bd-rhap-rep2-X/regulons_30.tsv
898	b_cells	HLA-DQB1	0.42857142857142855	30	30	30	20	bd-rhap-rep1-X/regulons_30.tsv vs bd-rhap-rep2-X/regulons_30.tsv	bd-rhap-rep1-X/regulons_30.tsv	bd-rhap-rep2-X/regulons_30.tsv
899	pDC	HLA-DOA	0.7647058823529411	30	30	30	20	bd-rhap-rep1-X/regulons_30.tsv vs bd-rhap-rep2-X/regulons_30.tsv	bd-rhap-rep1-X/regulons_30.tsv	bd-rhap-rep2-X/regulons_30.tsv
900	pDC	HLA-DPB1	0.6666666666666666	30	30	30	20	bd-rhap-rep1-X/regulons_30.tsv vs bd-rhap-rep2-X/regulons_30.tsv	bd-rhap-rep1-X/regulons_30.tsv	bd-rhap-rep2-X/regulons_30.tsv
901	cd14-_monocytes	PLBD1	0.4634146341463415	30	30	30	20	bd-rhap-rep1-X/regulons_30.tsv vs bd-rhap-rep2-X/regulons_30.tsv	bd-rhap-rep1-X/regulons_30.tsv	bd-rhap-rep2-X/regulons_30.tsv
902	cd14-_monocytes	HLA-DQA1	0.42857142857142855	30	30	30	20	bd-rhap-rep1-X/regulons_30.tsv vs bd-rhap-rep2-X/regulons_30.tsv	bd-rhap-rep1-X/regulons_30.tsv	bd-rhap-rep2-X/regulons_30.tsv
903	cd8+_tcells	HLA-DPA1	0.5	30	30	30	20	bd-rhap-rep1-X/regulons_30.tsv vs bd-rhap-rep2-X/regulons_30.tsv	bd-rhap-rep1-X/regulons_30.tsv	bd-rhap-rep2-X/regulons_30.tsv
904	nk_cells	SELL	0.36363636363636365	30	30	30	20	bd-rhap-rep1-X/regulons_30.tsv vs bd-rhap-rep2-X/regulons_30.tsv	bd-rhap-rep1-X/regulons_30.tsv	bd-rhap-rep2-X/regulons_30.tsv
905	DC	HLA-DQA1	0.5	30	30	30	20	bd-rhap-rep1-X/regulons_30.tsv vs bd-rhap-rep2-X/regulons_30.tsv	bd-rhap-rep1-X/regulons_30.tsv	bd-rhap-rep2-X/regulons_30.tsv
906	b_cells	HLA-DRA	0.6666666666666666	30	30	30	20	bd-rhap-rep1-X/regulons_30.tsv vs bd-rhap-rep2-X/regulons_30.tsv	bd-rhap-rep1-X/regulons_30.tsv	bd-rhap-rep2-X/regulons_30.tsv
907	DC	HLA-DRB1	0.5	30	30	30	20	bd-rhap-rep1-X/regulons_30.tsv vs bd-rhap-rep2-X/regulons_30.tsv	bd-rhap-rep1-X/regulons_30.tsv	bd-rhap-rep2-X/regulons_30.tsv
908	cd8+_tcells	ANKRD44	0.42857142857142855	30	30	30	20	bd-rhap-rep1-X/regulons_30.tsv vs bd-rhap-rep2-X/regulons_30.tsv	bd-rhap-rep1-X/regulons_30.tsv	bd-rhap-rep2-X/regulons_30.tsv
909	pDC	MCL1	0.6216216216216216	30	30	30	20	bd-rhap-rep1-X/regulons_30.tsv vs bd-rhap-rep2-X/regulons_30.tsv	bd-rhap-rep1-X/regulons_30.tsv	bd-rhap-rep2-X/regulons_30.tsv
910	nk_cells	ARL4C	0.25	30	30	30	20	bd-rhap-rep1-X/regulons_30.tsv vs 10x-rep1-kallisto-cellbender-X/regulons_30.tsv	bd-rhap-rep1-X/regulons_30.tsv	10x-rep1-kallisto-cellbender-X/regulons_30.tsv
911	cd8+_tcells	TAGLN2	0.17647058823529413	30	30	30	20	bd-rhap-rep1-X/regulons_30.tsv vs 10x-rep1-kallisto-cellbender-X/regulons_30.tsv	bd-rhap-rep1-X/regulons_30.tsv	10x-rep1-kallisto-cellbender-X/regulons_30.tsv
912	b_cells	HLA-DPB1	0.25	30	30	30	20	bd-rhap-rep1-X/regulons_30.tsv vs 10x-rep1-kallisto-cellbender-X/regulons_30.tsv	bd-rhap-rep1-X/regulons_30.tsv	10x-rep1-kallisto-cellbender-X/regulons_30.tsv
913	cd14-_monocytes	HLA-DQB1	0.22448979591836735	30	30	30	20	bd-rhap-rep1-X/regulons_30.tsv vs 10x-rep1-kallisto-cellbender-X/regulons_30.tsv	bd-rhap-rep1-X/regulons_30.tsv	10x-rep1-kallisto-cellbender-X/regulons_30.tsv
914	DC	LST1	0.2	30	30	30	20	bd-rhap-rep1-X/regulons_30.tsv vs 10x-rep1-kallisto-cellbender-X/regulons_30.tsv	bd-rhap-rep1-X/regulons_30.tsv	10x-rep1-kallisto-cellbender-X/regulons_30.tsv
915	DC	ARL4C	0.22448979591836735	30	30	30	20	bd-rhap-rep1-X/regulons_30.tsv vs 10x-rep1-kallisto-cellbender-X/regulons_30.tsv	bd-rhap-rep1-X/regulons_30.tsv	10x-rep1-kallisto-cellbender-X/regulons_30.tsv
916	pDC	HLA-DPA1	0.36363636363636365	30	30	30	20	bd-rhap-rep1-X/regulons_30.tsv vs 10x-rep1-kallisto-cellbender-X/regulons_30.tsv	bd-rhap-rep1-X/regulons_30.tsv	10x-rep1-kallisto-cellbender-X/regulons_30.tsv
917	DC	HLA-DQB1	0.3333333333333333	30	30	30	20	bd-rhap-rep1-X/regulons_30.tsv vs 10x-rep1-kallisto-cellbender-X/regulons_30.tsv	bd-rhap-rep1-X/regulons_30.tsv	10x-rep1-kallisto-cellbender-X/regulons_30.tsv
918	cd14-_monocytes	MNDA	0.22448979591836735	30	30	30	20	bd-rhap-rep1-X/regulons_30.tsv vs 10x-rep1-kallisto-cellbender-X/regulons_30.tsv	bd-rhap-rep1-X/regulons_30.tsv	10x-rep1-kallisto-cellbender-X/regulons_30.tsv
919	DC	HLA-DRA	0.2765957446808511	30	30	30	20	bd-rhap-rep1-X/regulons_30.tsv vs 10x-rep1-kallisto-cellbender-X/regulons_30.tsv	bd-rhap-rep1-X/regulons_30.tsv	10x-rep1-kallisto-cellbender-X/regulons_30.tsv
920	DC	MNDA	0.25	30	30	30	20	bd-rhap-rep1-X/regulons_30.tsv vs 10x-rep1-kallisto-cellbender-X/regulons_30.tsv	bd-rhap-rep1-X/regulons_30.tsv	10x-rep1-kallisto-cellbender-X/regulons_30.tsv
921	DC	CD74	0.30434782608695654	30	30	30	20	bd-rhap-rep1-X/regulons_30.tsv vs 10x-rep1-kallisto-cellbender-X/regulons_30.tsv	bd-rhap-rep1-X/regulons_30.tsv	10x-rep1-kallisto-cellbender-X/regulons_30.tsv
922	pDC	TAGLN2	0.42857142857142855	30	30	30	20	bd-rhap-rep1-X/regulons_30.tsv vs 10x-rep1-kallisto-cellbender-X/regulons_30.tsv	bd-rhap-rep1-X/regulons_30.tsv	10x-rep1-kallisto-cellbender-X/regulons_30.tsv
923	b_cells	HLA-DPA1	0.25	30	30	30	20	bd-rhap-rep1-X/regulons_30.tsv vs 10x-rep1-kallisto-cellbender-X/regulons_30.tsv	bd-rhap-rep1-X/regulons_30.tsv	10x-rep1-kallisto-cellbender-X/regulons_30.tsv
924	cd4+_tcells	ARL4C	0.25	30	30	30	20	bd-rhap-rep1-X/regulons_30.tsv vs 10x-rep1-kallisto-cellbender-X/regulons_30.tsv	bd-rhap-rep1-X/regulons_30.tsv	10x-rep1-kallisto-cellbender-X/regulons_30.tsv
925	cd14-_monocytes	HLA-DPB1	0.2	30	30	30	20	bd-rhap-rep1-X/regulons_30.tsv vs 10x-rep1-kallisto-cellbender-X/regulons_30.tsv	bd-rhap-rep1-X/regulons_30.tsv	10x-rep1-kallisto-cellbender-X/regulons_30.tsv
926	cd14-_monocytes	S100A8	0.25	30	30	30	20	bd-rhap-rep1-X/regulons_30.tsv vs 10x-rep1-kallisto-cellbender-X/regulons_30.tsv	bd-rhap-rep1-X/regulons_30.tsv	10x-rep1-kallisto-cellbender-X/regulons_30.tsv
927	DC	HLA-DPB1	0.25	30	30	30	20	bd-rhap-rep1-X/regulons_30.tsv vs 10x-rep1-kallisto-cellbender-X/regulons_30.tsv	bd-rhap-rep1-X/regulons_30.tsv	10x-rep1-kallisto-cellbender-X/regulons_30.tsv
928	pDC	FCER1A	0.3333333333333333	30	30	30	20	bd-rhap-rep1-X/regulons_30.tsv vs 10x-rep1-kallisto-cellbender-X/regulons_30.tsv	bd-rhap-rep1-X/regulons_30.tsv	10x-rep1-kallisto-cellbender-X/regulons_30.tsv
929	pDC	HLA-DQA1	0.3953488372093023	30	30	30	20	bd-rhap-rep1-X/regulons_30.tsv vs 10x-rep1-kallisto-cellbender-X/regulons_30.tsv	bd-rhap-rep1-X/regulons_30.tsv	10x-rep1-kallisto-cellbender-X/regulons_30.tsv
930	b_cells	TAGLN2	0.25	30	30	30	20	bd-rhap-rep1-X/regulons_30.tsv vs 10x-rep1-kallisto-cellbender-X/regulons_30.tsv	bd-rhap-rep1-X/regulons_30.tsv	10x-rep1-kallisto-cellbender-X/regulons_30.tsv
931	cd14-_monocytes	CEBPD	0.22448979591836735	30	30	30	20	bd-rhap-rep1-X/regulons_30.tsv vs 10x-rep1-kallisto-cellbender-X/regulons_30.tsv	bd-rhap-rep1-X/regulons_30.tsv	10x-rep1-kallisto-cellbender-X/regulons_30.tsv
932	cd4+_tcells	IL2RG	0.3333333333333333	30	30	30	20	bd-rhap-rep1-X/regulons_30.tsv vs 10x-rep1-kallisto-cellbender-X/regulons_30.tsv	bd-rhap-rep1-X/regulons_30.tsv	10x-rep1-kallisto-cellbender-X/regulons_30.tsv
933	cd14-_monocytes	HLA-DPA1	0.30434782608695654	30	30	30	20	bd-rhap-rep1-X/regulons_30.tsv vs 10x-rep1-kallisto-cellbender-X/regulons_30.tsv	bd-rhap-rep1-X/regulons_30.tsv	10x-rep1-kallisto-cellbender-X/regulons_30.tsv
934	pDC	HLA-DQB1	0.36363636363636365	30	30	30	20	bd-rhap-rep1-X/regulons_30.tsv vs 10x-rep1-kallisto-cellbender-X/regulons_30.tsv	bd-rhap-rep1-X/regulons_30.tsv	10x-rep1-kallisto-cellbender-X/regulons_30.tsv
935	b_cells	HLA-DQA1	0.25	30	30	30	20	bd-rhap-rep1-X/regulons_30.tsv vs 10x-rep1-kallisto-cellbender-X/regulons_30.tsv	bd-rhap-rep1-X/regulons_30.tsv	10x-rep1-kallisto-cellbender-X/regulons_30.tsv
936	DC	HLA-DPA1	0.2765957446808511	30	30	30	20	bd-rhap-rep1-X/regulons_30.tsv vs 10x-rep1-kallisto-cellbender-X/regulons_30.tsv	bd-rhap-rep1-X/regulons_30.tsv	10x-rep1-kallisto-cellbender-X/regulons_30.tsv
937	b_cells	HLA-DRB1	0.25	30	30	30	20	bd-rhap-rep1-X/regulons_30.tsv vs 10x-rep1-kallisto-cellbender-X/regulons_30.tsv	bd-rhap-rep1-X/regulons_30.tsv	10x-rep1-kallisto-cellbender-X/regulons_30.tsv
938	pDC	HLA-DRA	0.42857142857142855	30	30	30	20	bd-rhap-rep1-X/regulons_30.tsv vs 10x-rep1-kallisto-cellbender-X/regulons_30.tsv	bd-rhap-rep1-X/regulons_30.tsv	10x-rep1-kallisto-cellbender-X/regulons_30.tsv
939	DC	CST3	0.22448979591836735	30	30	30	20	bd-rhap-rep1-X/regulons_30.tsv vs 10x-rep1-kallisto-cellbender-X/regulons_30.tsv	bd-rhap-rep1-X/regulons_30.tsv	10x-rep1-kallisto-cellbender-X/regulons_30.tsv
940	cd14+_monocytes	CPVL	0.30434782608695654	30	30	30	20	bd-rhap-rep1-X/regulons_30.tsv vs 10x-rep1-kallisto-cellbender-X/regulons_30.tsv	bd-rhap-rep1-X/regulons_30.tsv	10x-rep1-kallisto-cellbender-X/regulons_30.tsv
941	nk_cells	TAGLN2	0.1111111111111111	30	30	30	20	bd-rhap-rep1-X/regulons_30.tsv vs 10x-rep1-kallisto-cellbender-X/regulons_30.tsv	bd-rhap-rep1-X/regulons_30.tsv	10x-rep1-kallisto-cellbender-X/regulons_30.tsv
942	cd14-_monocytes	CPVL	0.42857142857142855	30	30	30	20	bd-rhap-rep1-X/regulons_30.tsv vs 10x-rep1-kallisto-cellbender-X/regulons_30.tsv	bd-rhap-rep1-X/regulons_30.tsv	10x-rep1-kallisto-cellbender-X/regulons_30.tsv
943	b_cells	HLA-DQB1	0.30434782608695654	30	30	30	20	bd-rhap-rep1-X/regulons_30.tsv vs 10x-rep1-kallisto-cellbender-X/regulons_30.tsv	bd-rhap-rep1-X/regulons_30.tsv	10x-rep1-kallisto-cellbender-X/regulons_30.tsv
944	pDC	HLA-DPB1	0.3333333333333333	30	30	30	20	bd-rhap-rep1-X/regulons_30.tsv vs 10x-rep1-kallisto-cellbender-X/regulons_30.tsv	bd-rhap-rep1-X/regulons_30.tsv	10x-rep1-kallisto-cellbender-X/regulons_30.tsv
945	cd14-_monocytes	HLA-DQA1	0.22448979591836735	30	30	30	20	bd-rhap-rep1-X/regulons_30.tsv vs 10x-rep1-kallisto-cellbender-X/regulons_30.tsv	bd-rhap-rep1-X/regulons_30.tsv	10x-rep1-kallisto-cellbender-X/regulons_30.tsv
946	DC	HLA-DQA1	0.30434782608695654	30	30	30	20	bd-rhap-rep1-X/regulons_30.tsv vs 10x-rep1-kallisto-cellbender-X/regulons_30.tsv	bd-rhap-rep1-X/regulons_30.tsv	10x-rep1-kallisto-cellbender-X/regulons_30.tsv
947	b_cells	HLA-DRA	0.3333333333333333	30	30	30	20	bd-rhap-rep1-X/regulons_30.tsv vs 10x-rep1-kallisto-cellbender-X/regulons_30.tsv	bd-rhap-rep1-X/regulons_30.tsv	10x-rep1-kallisto-cellbender-X/regulons_30.tsv
948	DC	HLA-DRB1	0.30434782608695654	30	30	30	20	bd-rhap-rep1-X/regulons_30.tsv vs 10x-rep1-kallisto-cellbender-X/regulons_30.tsv	bd-rhap-rep1-X/regulons_30.tsv	10x-rep1-kallisto-cellbender-X/regulons_30.tsv
949	nk_cells	ARL4C	0.3333333333333333	30	30	30	20	bd-rhap-rep2-X/regulons_30.tsv vs 10x-rep1-kallisto-cellbender-X/regulons_30.tsv	bd-rhap-rep2-X/regulons_30.tsv	10x-rep1-kallisto-cellbender-X/regulons_30.tsv
950	nk_cells	IFITM2	0.25	30	30	30	20	bd-rhap-rep2-X/regulons_30.tsv vs 10x-rep1-kallisto-cellbender-X/regulons_30.tsv	bd-rhap-rep2-X/regulons_30.tsv	10x-rep1-kallisto-cellbender-X/regulons_30.tsv
951	cd8+_tcells	TAGLN2	0.22448979591836735	30	30	30	20	bd-rhap-rep2-X/regulons_30.tsv vs 10x-rep1-kallisto-cellbender-X/regulons_30.tsv	bd-rhap-rep2-X/regulons_30.tsv	10x-rep1-kallisto-cellbender-X/regulons_30.tsv
952	cd4+_tcells	TAGLN2	0.15384615384615385	30	30	30	20	bd-rhap-rep2-X/regulons_30.tsv vs 10x-rep1-kallisto-cellbender-X/regulons_30.tsv	bd-rhap-rep2-X/regulons_30.tsv	10x-rep1-kallisto-cellbender-X/regulons_30.tsv
953	b_cells	HLA-DPB1	0.22448979591836735	30	30	30	20	bd-rhap-rep2-X/regulons_30.tsv vs 10x-rep1-kallisto-cellbender-X/regulons_30.tsv	bd-rhap-rep2-X/regulons_30.tsv	10x-rep1-kallisto-cellbender-X/regulons_30.tsv
954	pDC	HLA-DPA1	0.36363636363636365	30	30	30	20	bd-rhap-rep2-X/regulons_30.tsv vs 10x-rep1-kallisto-cellbender-X/regulons_30.tsv	bd-rhap-rep2-X/regulons_30.tsv	10x-rep1-kallisto-cellbender-X/regulons_30.tsv
955	DC	HLA-DQB1	0.30434782608695654	30	30	30	20	bd-rhap-rep2-X/regulons_30.tsv vs 10x-rep1-kallisto-cellbender-X/regulons_30.tsv	bd-rhap-rep2-X/regulons_30.tsv	10x-rep1-kallisto-cellbender-X/regulons_30.tsv
956	cd14-_monocytes	MNDA	0.1320754716981132	30	30	30	20	bd-rhap-rep2-X/regulons_30.tsv vs 10x-rep1-kallisto-cellbender-X/regulons_30.tsv	bd-rhap-rep2-X/regulons_30.tsv	10x-rep1-kallisto-cellbender-X/regulons_30.tsv
957	DC	HLA-DRA	0.25	30	30	30	20	bd-rhap-rep2-X/regulons_30.tsv vs 10x-rep1-kallisto-cellbender-X/regulons_30.tsv	bd-rhap-rep2-X/regulons_30.tsv	10x-rep1-kallisto-cellbender-X/regulons_30.tsv
958	DC	CD74	0.25	30	30	30	20	bd-rhap-rep2-X/regulons_30.tsv vs 10x-rep1-kallisto-cellbender-X/regulons_30.tsv	bd-rhap-rep2-X/regulons_30.tsv	10x-rep1-kallisto-cellbender-X/regulons_30.tsv
959	b_cells	HLA-DPA1	0.25	30	30	30	20	bd-rhap-rep2-X/regulons_30.tsv vs 10x-rep1-kallisto-cellbender-X/regulons_30.tsv	bd-rhap-rep2-X/regulons_30.tsv	10x-rep1-kallisto-cellbender-X/regulons_30.tsv
960	cd4+_tcells	ARL4C	0.25	30	30	30	20	bd-rhap-rep2-X/regulons_30.tsv vs 10x-rep1-kallisto-cellbender-X/regulons_30.tsv	bd-rhap-rep2-X/regulons_30.tsv	10x-rep1-kallisto-cellbender-X/regulons_30.tsv
961	cd14-_monocytes	S100A8	0.17647058823529413	30	30	30	20	bd-rhap-rep2-X/regulons_30.tsv vs 10x-rep1-kallisto-cellbender-X/regulons_30.tsv	bd-rhap-rep2-X/regulons_30.tsv	10x-rep1-kallisto-cellbender-X/regulons_30.tsv
962	DC	HLA-DPB1	0.2	30	30	30	20	bd-rhap-rep2-X/regulons_30.tsv vs 10x-rep1-kallisto-cellbender-X/regulons_30.tsv	bd-rhap-rep2-X/regulons_30.tsv	10x-rep1-kallisto-cellbender-X/regulons_30.tsv
963	cd8+_tcells	ARL4C	0.2765957446808511	30	30	30	20	bd-rhap-rep2-X/regulons_30.tsv vs 10x-rep1-kallisto-cellbender-X/regulons_30.tsv	bd-rhap-rep2-X/regulons_30.tsv	10x-rep1-kallisto-cellbender-X/regulons_30.tsv
964	pDC	FCER1A	0.3333333333333333	30	30	30	20	bd-rhap-rep2-X/regulons_30.tsv vs 10x-rep1-kallisto-cellbender-X/regulons_30.tsv	bd-rhap-rep2-X/regulons_30.tsv	10x-rep1-kallisto-cellbender-X/regulons_30.tsv
965	pDC	HLA-DQA1	0.36363636363636365	30	30	30	20	bd-rhap-rep2-X/regulons_30.tsv vs 10x-rep1-kallisto-cellbender-X/regulons_30.tsv	bd-rhap-rep2-X/regulons_30.tsv	10x-rep1-kallisto-cellbender-X/regulons_30.tsv
966	b_cells	TAGLN2	0.2	30	30	30	20	bd-rhap-rep2-X/regulons_30.tsv vs 10x-rep1-kallisto-cellbender-X/regulons_30.tsv	bd-rhap-rep2-X/regulons_30.tsv	10x-rep1-kallisto-cellbender-X/regulons_30.tsv
967	pDC	ARL4C	0.22448979591836735	30	30	30	20	bd-rhap-rep2-X/regulons_30.tsv vs 10x-rep1-kallisto-cellbender-X/regulons_30.tsv	bd-rhap-rep2-X/regulons_30.tsv	10x-rep1-kallisto-cellbender-X/regulons_30.tsv
968	pDC	HLA-DQB1	0.30434782608695654	30	30	30	20	bd-rhap-rep2-X/regulons_30.tsv vs 10x-rep1-kallisto-cellbender-X/regulons_30.tsv	bd-rhap-rep2-X/regulons_30.tsv	10x-rep1-kallisto-cellbender-X/regulons_30.tsv
969	b_cells	HLA-DQA1	0.22448979591836735	30	30	30	20	bd-rhap-rep2-X/regulons_30.tsv vs 10x-rep1-kallisto-cellbender-X/regulons_30.tsv	bd-rhap-rep2-X/regulons_30.tsv	10x-rep1-kallisto-cellbender-X/regulons_30.tsv
970	DC	HLA-DPA1	0.22448979591836735	30	30	30	20	bd-rhap-rep2-X/regulons_30.tsv vs 10x-rep1-kallisto-cellbender-X/regulons_30.tsv	bd-rhap-rep2-X/regulons_30.tsv	10x-rep1-kallisto-cellbender-X/regulons_30.tsv
971	b_cells	HLA-DRB1	0.30434782608695654	30	30	30	20	bd-rhap-rep2-X/regulons_30.tsv vs 10x-rep1-kallisto-cellbender-X/regulons_30.tsv	bd-rhap-rep2-X/regulons_30.tsv	10x-rep1-kallisto-cellbender-X/regulons_30.tsv
972	cd14+_monocytes	ID2	0.2	30	30	30	20	bd-rhap-rep2-X/regulons_30.tsv vs 10x-rep1-kallisto-cellbender-X/regulons_30.tsv	bd-rhap-rep2-X/regulons_30.tsv	10x-rep1-kallisto-cellbender-X/regulons_30.tsv
973	b_cells	IFITM2	0.17647058823529413	30	30	30	20	bd-rhap-rep2-X/regulons_30.tsv vs 10x-rep1-kallisto-cellbender-X/regulons_30.tsv	bd-rhap-rep2-X/regulons_30.tsv	10x-rep1-kallisto-cellbender-X/regulons_30.tsv
974	nk_cells	IGFBP7	0.1320754716981132	30	30	30	20	bd-rhap-rep2-X/regulons_30.tsv vs 10x-rep1-kallisto-cellbender-X/regulons_30.tsv	bd-rhap-rep2-X/regulons_30.tsv	10x-rep1-kallisto-cellbender-X/regulons_30.tsv
975	b_cells	HLA-DQB1	0.2765957446808511	30	30	30	20	bd-rhap-rep2-X/regulons_30.tsv vs 10x-rep1-kallisto-cellbender-X/regulons_30.tsv	bd-rhap-rep2-X/regulons_30.tsv	10x-rep1-kallisto-cellbender-X/regulons_30.tsv
976	pDC	HLA-DPB1	0.30434782608695654	30	30	30	20	bd-rhap-rep2-X/regulons_30.tsv vs 10x-rep1-kallisto-cellbender-X/regulons_30.tsv	bd-rhap-rep2-X/regulons_30.tsv	10x-rep1-kallisto-cellbender-X/regulons_30.tsv
977	cd14-_monocytes	HLA-DQA1	0.17647058823529413	30	30	30	20	bd-rhap-rep2-X/regulons_30.tsv vs 10x-rep1-kallisto-cellbender-X/regulons_30.tsv	bd-rhap-rep2-X/regulons_30.tsv	10x-rep1-kallisto-cellbender-X/regulons_30.tsv
978	DC	HLA-DQA1	0.22448979591836735	30	30	30	20	bd-rhap-rep2-X/regulons_30.tsv vs 10x-rep1-kallisto-cellbender-X/regulons_30.tsv	bd-rhap-rep2-X/regulons_30.tsv	10x-rep1-kallisto-cellbender-X/regulons_30.tsv
979	b_cells	HLA-DRA	0.30434782608695654	30	30	30	20	bd-rhap-rep2-X/regulons_30.tsv vs 10x-rep1-kallisto-cellbender-X/regulons_30.tsv	bd-rhap-rep2-X/regulons_30.tsv	10x-rep1-kallisto-cellbender-X/regulons_30.tsv
980	DC	HLA-DRB1	0.22448979591836735	30	30	30	20	bd-rhap-rep2-X/regulons_30.tsv vs 10x-rep1-kallisto-cellbender-X/regulons_30.tsv	bd-rhap-rep2-X/regulons_30.tsv	10x-rep1-kallisto-cellbender-X/regulons_30.tsv
981	cd14-_monocytes	EVL	0.1111111111111111	30	30	30	20	bd-rhap-rep2-X/regulons_30.tsv vs 10x-rep1-kallisto-cellbender-X/regulons_30.tsv	bd-rhap-rep2-X/regulons_30.tsv	10x-rep1-kallisto-cellbender-X/regulons_30.tsv
982	cd8+_tcells	TAGLN2	0.42857142857142855	40	40	40	20	bd-rhap-rep1-X/regulons_40.tsv vs bd-rhap-rep2-X/regulons_40.tsv	bd-rhap-rep1-X/regulons_40.tsv	bd-rhap-rep2-X/regulons_40.tsv
983	cd14-_monocytes	S100A9	0.42857142857142855	40	40	40	20	bd-rhap-rep1-X/regulons_40.tsv vs bd-rhap-rep2-X/regulons_40.tsv	bd-rhap-rep1-X/regulons_40.tsv	bd-rhap-rep2-X/regulons_40.tsv
984	b_cells	HLA-DOA	0.5686274509803921	40	40	40	20	bd-rhap-rep1-X/regulons_40.tsv vs bd-rhap-rep2-X/regulons_40.tsv	bd-rhap-rep1-X/regulons_40.tsv	bd-rhap-rep2-X/regulons_40.tsv
985	cd14-_monocytes	HLA-DQB1	0.2903225806451613	40	40	40	20	bd-rhap-rep1-X/regulons_40.tsv vs bd-rhap-rep2-X/regulons_40.tsv	bd-rhap-rep1-X/regulons_40.tsv	bd-rhap-rep2-X/regulons_40.tsv
986	b_cells	HLA-DPB1	0.5384615384615384	40	40	40	20	bd-rhap-rep1-X/regulons_40.tsv vs bd-rhap-rep2-X/regulons_40.tsv	bd-rhap-rep1-X/regulons_40.tsv	bd-rhap-rep2-X/regulons_40.tsv
987	nk_cells	VOPP1	0.6	40	40	40	20	bd-rhap-rep1-X/regulons_40.tsv vs bd-rhap-rep2-X/regulons_40.tsv	bd-rhap-rep1-X/regulons_40.tsv	bd-rhap-rep2-X/regulons_40.tsv
988	cd14-_monocytes	IL2RG	0.40350877192982454	40	40	40	20	bd-rhap-rep1-X/regulons_40.tsv vs bd-rhap-rep2-X/regulons_40.tsv	bd-rhap-rep1-X/regulons_40.tsv	bd-rhap-rep2-X/regulons_40.tsv
989	cd14+_monocytes	SYTL3	0.3559322033898305	40	40	40	20	bd-rhap-rep1-X/regulons_40.tsv vs bd-rhap-rep2-X/regulons_40.tsv	bd-rhap-rep1-X/regulons_40.tsv	bd-rhap-rep2-X/regulons_40.tsv
990	b_cells	HLA-DPA1	0.6	40	40	40	20	bd-rhap-rep1-X/regulons_40.tsv vs bd-rhap-rep2-X/regulons_40.tsv	bd-rhap-rep1-X/regulons_40.tsv	bd-rhap-rep2-X/regulons_40.tsv
991	cd14-_monocytes	HDAC9	0.25	40	40	40	20	bd-rhap-rep1-X/regulons_40.tsv vs bd-rhap-rep2-X/regulons_40.tsv	bd-rhap-rep1-X/regulons_40.tsv	bd-rhap-rep2-X/regulons_40.tsv
992	DC	HLA-DPB1	0.5384615384615384	40	40	40	20	bd-rhap-rep1-X/regulons_40.tsv vs bd-rhap-rep2-X/regulons_40.tsv	bd-rhap-rep1-X/regulons_40.tsv	bd-rhap-rep2-X/regulons_40.tsv
993	b_cells	IRF8	0.48148148148148145	40	40	40	20	bd-rhap-rep1-X/regulons_40.tsv vs bd-rhap-rep2-X/regulons_40.tsv	bd-rhap-rep1-X/regulons_40.tsv	bd-rhap-rep2-X/regulons_40.tsv
994	DC	HLA-DPA1	0.5686274509803921	40	40	40	20	bd-rhap-rep1-X/regulons_40.tsv vs bd-rhap-rep2-X/regulons_40.tsv	bd-rhap-rep1-X/regulons_40.tsv	bd-rhap-rep2-X/regulons_40.tsv
995	b_cells	HLA-DRB1	0.5686274509803921	40	40	40	20	bd-rhap-rep1-X/regulons_40.tsv vs bd-rhap-rep2-X/regulons_40.tsv	bd-rhap-rep1-X/regulons_40.tsv	bd-rhap-rep2-X/regulons_40.tsv
996	cd8+_tcells	SLC38A1	0.7391304347826086	40	40	40	20	bd-rhap-rep1-X/regulons_40.tsv vs bd-rhap-rep2-X/regulons_40.tsv	bd-rhap-rep1-X/regulons_40.tsv	bd-rhap-rep2-X/regulons_40.tsv
997	DC	FCN1	0.40350877192982454	40	40	40	20	bd-rhap-rep1-X/regulons_40.tsv vs bd-rhap-rep2-X/regulons_40.tsv	bd-rhap-rep1-X/regulons_40.tsv	bd-rhap-rep2-X/regulons_40.tsv
998	cd4+_tcells	GPRIN3	0.5094339622641509	40	40	40	20	bd-rhap-rep1-X/regulons_40.tsv vs bd-rhap-rep2-X/regulons_40.tsv	bd-rhap-rep1-X/regulons_40.tsv	bd-rhap-rep2-X/regulons_40.tsv
999	pDC	HLA-DOA	0.7021276595744681	40	40	40	20	bd-rhap-rep1-X/regulons_40.tsv vs bd-rhap-rep2-X/regulons_40.tsv	bd-rhap-rep1-X/regulons_40.tsv	bd-rhap-rep2-X/regulons_40.tsv
1000	pDC	HLA-DPB1	0.7777777777777778	40	40	40	20	bd-rhap-rep1-X/regulons_40.tsv vs bd-rhap-rep2-X/regulons_40.tsv	bd-rhap-rep1-X/regulons_40.tsv	bd-rhap-rep2-X/regulons_40.tsv
1001	cd14-_monocytes	PLBD1	0.42857142857142855	40	40	40	20	bd-rhap-rep1-X/regulons_40.tsv vs bd-rhap-rep2-X/regulons_40.tsv	bd-rhap-rep1-X/regulons_40.tsv	bd-rhap-rep2-X/regulons_40.tsv
1002	cd14-_monocytes	HLA-DQA1	0.42857142857142855	40	40	40	20	bd-rhap-rep1-X/regulons_40.tsv vs bd-rhap-rep2-X/regulons_40.tsv	bd-rhap-rep1-X/regulons_40.tsv	bd-rhap-rep2-X/regulons_40.tsv
1003	b_cells	VOPP1	0.5686274509803921	40	40	40	20	bd-rhap-rep1-X/regulons_40.tsv vs bd-rhap-rep2-X/regulons_40.tsv	bd-rhap-rep1-X/regulons_40.tsv	bd-rhap-rep2-X/regulons_40.tsv
1004	b_cells	HLA-DRA	0.5384615384615384	40	40	40	20	bd-rhap-rep1-X/regulons_40.tsv vs bd-rhap-rep2-X/regulons_40.tsv	bd-rhap-rep1-X/regulons_40.tsv	bd-rhap-rep2-X/regulons_40.tsv
1005	DC	HLA-DRB1	0.5094339622641509	40	40	40	20	bd-rhap-rep1-X/regulons_40.tsv vs bd-rhap-rep2-X/regulons_40.tsv	bd-rhap-rep1-X/regulons_40.tsv	bd-rhap-rep2-X/regulons_40.tsv
1006	nk_cells	EPB41	0.6326530612244898	40	40	40	20	bd-rhap-rep1-X/regulons_40.tsv vs bd-rhap-rep2-X/regulons_40.tsv	bd-rhap-rep1-X/regulons_40.tsv	bd-rhap-rep2-X/regulons_40.tsv
1007	pDC	MCL1	0.5094339622641509	40	40	40	20	bd-rhap-rep1-X/regulons_40.tsv vs bd-rhap-rep2-X/regulons_40.tsv	bd-rhap-rep1-X/regulons_40.tsv	bd-rhap-rep2-X/regulons_40.tsv
1008	cd4+_tcells	TAGLN2	0.42857142857142855	40	40	40	20	bd-rhap-rep1-X/regulons_40.tsv vs bd-rhap-rep2-X/regulons_40.tsv	bd-rhap-rep1-X/regulons_40.tsv	bd-rhap-rep2-X/regulons_40.tsv
1009	cd14+_monocytes	VOPP1	0.3114754098360656	40	40	40	20	bd-rhap-rep1-X/regulons_40.tsv vs bd-rhap-rep2-X/regulons_40.tsv	bd-rhap-rep1-X/regulons_40.tsv	bd-rhap-rep2-X/regulons_40.tsv
1010	cd8+_tcells	NIBAN1	0.7391304347826086	40	40	40	20	bd-rhap-rep1-X/regulons_40.tsv vs bd-rhap-rep2-X/regulons_40.tsv	bd-rhap-rep1-X/regulons_40.tsv	bd-rhap-rep2-X/regulons_40.tsv
1011	pDC	HLA-DPA1	0.8604651162790697	40	40	40	20	bd-rhap-rep1-X/regulons_40.tsv vs bd-rhap-rep2-X/regulons_40.tsv	bd-rhap-rep1-X/regulons_40.tsv	bd-rhap-rep2-X/regulons_40.tsv
1012	cd4+_tcells	ID2	0.3114754098360656	40	40	40	20	bd-rhap-rep1-X/regulons_40.tsv vs bd-rhap-rep2-X/regulons_40.tsv	bd-rhap-rep1-X/regulons_40.tsv	bd-rhap-rep2-X/regulons_40.tsv
1013	DC	HLA-DRA	0.6	40	40	40	20	bd-rhap-rep1-X/regulons_40.tsv vs bd-rhap-rep2-X/regulons_40.tsv	bd-rhap-rep1-X/regulons_40.tsv	bd-rhap-rep2-X/regulons_40.tsv
1014	cd4+_tcells	ARL4C	0.5686274509803921	40	40	40	20	bd-rhap-rep1-X/regulons_40.tsv vs bd-rhap-rep2-X/regulons_40.tsv	bd-rhap-rep1-X/regulons_40.tsv	bd-rhap-rep2-X/regulons_40.tsv
1015	cd14-_monocytes	S100A8	0.45454545454545453	40	40	40	20	bd-rhap-rep1-X/regulons_40.tsv vs bd-rhap-rep2-X/regulons_40.tsv	bd-rhap-rep1-X/regulons_40.tsv	bd-rhap-rep2-X/regulons_40.tsv
1016	b_cells	TAGLN2	0.5094339622641509	40	40	40	20	bd-rhap-rep1-X/regulons_40.tsv vs bd-rhap-rep2-X/regulons_40.tsv	bd-rhap-rep1-X/regulons_40.tsv	bd-rhap-rep2-X/regulons_40.tsv
1017	DC	MCL1	0.3333333333333333	40	40	40	20	bd-rhap-rep1-X/regulons_40.tsv vs bd-rhap-rep2-X/regulons_40.tsv	bd-rhap-rep1-X/regulons_40.tsv	bd-rhap-rep2-X/regulons_40.tsv
1018	cd14-_monocytes	CMAHP--chr6:25061611(-)	0.48148148148148145	40	40	40	20	bd-rhap-rep1-X/regulons_40.tsv vs bd-rhap-rep2-X/regulons_40.tsv	bd-rhap-rep1-X/regulons_40.tsv	bd-rhap-rep2-X/regulons_40.tsv
1019	cd4+_tcells	SLC38A1	0.5686274509803921	40	40	40	20	bd-rhap-rep1-X/regulons_40.tsv vs bd-rhap-rep2-X/regulons_40.tsv	bd-rhap-rep1-X/regulons_40.tsv	bd-rhap-rep2-X/regulons_40.tsv
1020	cd14-_monocytes	VCAN	0.45454545454545453	40	40	40	20	bd-rhap-rep1-X/regulons_40.tsv vs bd-rhap-rep2-X/regulons_40.tsv	bd-rhap-rep1-X/regulons_40.tsv	bd-rhap-rep2-X/regulons_40.tsv
1021	nk_cells	ARL4C	0.5686274509803921	40	40	40	20	bd-rhap-rep1-X/regulons_40.tsv vs bd-rhap-rep2-X/regulons_40.tsv	bd-rhap-rep1-X/regulons_40.tsv	bd-rhap-rep2-X/regulons_40.tsv
1022	pDC	FLT3	0.5686274509803921	40	40	40	20	bd-rhap-rep1-X/regulons_40.tsv vs bd-rhap-rep2-X/regulons_40.tsv	bd-rhap-rep1-X/regulons_40.tsv	bd-rhap-rep2-X/regulons_40.tsv
1023	cd4+_tcells	NIBAN1	0.10869565217391304	40	11	40	20	bd-rhap-rep1-X/regulons_40.tsv vs bd-rhap-rep2-X/regulons_40.tsv	bd-rhap-rep1-X/regulons_40.tsv	bd-rhap-rep2-X/regulons_40.tsv
1024	cd14-_monocytes	VOPP1	0.45454545454545453	40	40	40	20	bd-rhap-rep1-X/regulons_40.tsv vs bd-rhap-rep2-X/regulons_40.tsv	bd-rhap-rep1-X/regulons_40.tsv	bd-rhap-rep2-X/regulons_40.tsv
1025	cd14+_monocytes	HDAC9	0.48148148148148145	40	40	40	20	bd-rhap-rep1-X/regulons_40.tsv vs bd-rhap-rep2-X/regulons_40.tsv	bd-rhap-rep1-X/regulons_40.tsv	bd-rhap-rep2-X/regulons_40.tsv
1026	nk_cells	IL2RG	0.7391304347826086	40	40	40	20	bd-rhap-rep1-X/regulons_40.tsv vs bd-rhap-rep2-X/regulons_40.tsv	bd-rhap-rep1-X/regulons_40.tsv	bd-rhap-rep2-X/regulons_40.tsv
1027	cd14-_monocytes	HLA-DPB1	0.40350877192982454	40	40	40	20	bd-rhap-rep1-X/regulons_40.tsv vs bd-rhap-rep2-X/regulons_40.tsv	bd-rhap-rep1-X/regulons_40.tsv	bd-rhap-rep2-X/regulons_40.tsv
1028	nk_cells	SLC38A1	0.6666666666666666	40	40	40	20	bd-rhap-rep1-X/regulons_40.tsv vs bd-rhap-rep2-X/regulons_40.tsv	bd-rhap-rep1-X/regulons_40.tsv	bd-rhap-rep2-X/regulons_40.tsv
1029	cd14-_monocytes	CSF3R	0.48148148148148145	40	40	40	20	bd-rhap-rep1-X/regulons_40.tsv vs bd-rhap-rep2-X/regulons_40.tsv	bd-rhap-rep1-X/regulons_40.tsv	bd-rhap-rep2-X/regulons_40.tsv
1030	pDC	ARL4C	0.5384615384615384	40	40	40	20	bd-rhap-rep1-X/regulons_40.tsv vs bd-rhap-rep2-X/regulons_40.tsv	bd-rhap-rep1-X/regulons_40.tsv	bd-rhap-rep2-X/regulons_40.tsv
1031	cd14+_monocytes	RUNX3	0.48148148148148145	40	40	40	20	bd-rhap-rep1-X/regulons_40.tsv vs bd-rhap-rep2-X/regulons_40.tsv	bd-rhap-rep1-X/regulons_40.tsv	bd-rhap-rep2-X/regulons_40.tsv
1032	cd14-_monocytes	HLA-DPA1	0.48148148148148145	40	40	40	20	bd-rhap-rep1-X/regulons_40.tsv vs bd-rhap-rep2-X/regulons_40.tsv	bd-rhap-rep1-X/regulons_40.tsv	bd-rhap-rep2-X/regulons_40.tsv
1033	pDC	HLA-DQB1	0.5094339622641509	40	40	40	20	bd-rhap-rep1-X/regulons_40.tsv vs bd-rhap-rep2-X/regulons_40.tsv	bd-rhap-rep1-X/regulons_40.tsv	bd-rhap-rep2-X/regulons_40.tsv
1034	b_cells	HLA-DQA1	0.5384615384615384	40	40	40	20	bd-rhap-rep1-X/regulons_40.tsv vs bd-rhap-rep2-X/regulons_40.tsv	bd-rhap-rep1-X/regulons_40.tsv	bd-rhap-rep2-X/regulons_40.tsv
1035	cd8+_tcells	HLA-DPB1	0.5094339622641509	40	40	40	20	bd-rhap-rep1-X/regulons_40.tsv vs bd-rhap-rep2-X/regulons_40.tsv	bd-rhap-rep1-X/regulons_40.tsv	bd-rhap-rep2-X/regulons_40.tsv
1036	cd14+_monocytes	MAML3	0.3793103448275862	40	40	40	20	bd-rhap-rep1-X/regulons_40.tsv vs bd-rhap-rep2-X/regulons_40.tsv	bd-rhap-rep1-X/regulons_40.tsv	bd-rhap-rep2-X/regulons_40.tsv
1037	b_cells	HLA-DQB1	0.48148148148148145	40	40	40	20	bd-rhap-rep1-X/regulons_40.tsv vs bd-rhap-rep2-X/regulons_40.tsv	bd-rhap-rep1-X/regulons_40.tsv	bd-rhap-rep2-X/regulons_40.tsv
1038	cd8+_tcells	HLA-DPA1	0.40350877192982454	40	40	40	20	bd-rhap-rep1-X/regulons_40.tsv vs bd-rhap-rep2-X/regulons_40.tsv	bd-rhap-rep1-X/regulons_40.tsv	bd-rhap-rep2-X/regulons_40.tsv
1039	DC	HLA-DQA1	0.48148148148148145	40	40	40	20	bd-rhap-rep1-X/regulons_40.tsv vs bd-rhap-rep2-X/regulons_40.tsv	bd-rhap-rep1-X/regulons_40.tsv	bd-rhap-rep2-X/regulons_40.tsv
1040	cd8+_tcells	ANKRD44	0.5384615384615384	40	40	40	20	bd-rhap-rep1-X/regulons_40.tsv vs bd-rhap-rep2-X/regulons_40.tsv	bd-rhap-rep1-X/regulons_40.tsv	bd-rhap-rep2-X/regulons_40.tsv
1041	DC	IFITM2	0.40350877192982454	40	40	40	20	bd-rhap-rep1-X/regulons_40.tsv vs bd-rhap-rep2-X/regulons_40.tsv	bd-rhap-rep1-X/regulons_40.tsv	bd-rhap-rep2-X/regulons_40.tsv
1042	DC	HLA-DQB1	0.5384615384615384	40	40	40	20	bd-rhap-rep1-X/regulons_40.tsv vs bd-rhap-rep2-X/regulons_40.tsv	bd-rhap-rep1-X/regulons_40.tsv	bd-rhap-rep2-X/regulons_40.tsv
1043	cd4+_tcells	SELL	0.40350877192982454	40	40	40	20	bd-rhap-rep1-X/regulons_40.tsv vs bd-rhap-rep2-X/regulons_40.tsv	bd-rhap-rep1-X/regulons_40.tsv	bd-rhap-rep2-X/regulons_40.tsv
1044	pDC	SELL	0.6666666666666666	40	40	40	20	bd-rhap-rep1-X/regulons_40.tsv vs bd-rhap-rep2-X/regulons_40.tsv	bd-rhap-rep1-X/regulons_40.tsv	bd-rhap-rep2-X/regulons_40.tsv
1045	pDC	FCER1A	0.3559322033898305	40	40	40	20	bd-rhap-rep1-X/regulons_40.tsv vs bd-rhap-rep2-X/regulons_40.tsv	bd-rhap-rep1-X/regulons_40.tsv	bd-rhap-rep2-X/regulons_40.tsv
1046	cd4+_tcells	VOPP1	0.6	40	40	40	20	bd-rhap-rep1-X/regulons_40.tsv vs bd-rhap-rep2-X/regulons_40.tsv	bd-rhap-rep1-X/regulons_40.tsv	bd-rhap-rep2-X/regulons_40.tsv
1047	pDC	HLA-DQA1	0.6666666666666666	40	40	40	20	bd-rhap-rep1-X/regulons_40.tsv vs bd-rhap-rep2-X/regulons_40.tsv	bd-rhap-rep1-X/regulons_40.tsv	bd-rhap-rep2-X/regulons_40.tsv
1048	cd8+_tcells	VOPP1	0.48148148148148145	40	40	40	20	bd-rhap-rep1-X/regulons_40.tsv vs bd-rhap-rep2-X/regulons_40.tsv	bd-rhap-rep1-X/regulons_40.tsv	bd-rhap-rep2-X/regulons_40.tsv
1049	nk_cells	VAV3	0.45454545454545453	40	40	40	20	bd-rhap-rep1-X/regulons_40.tsv vs bd-rhap-rep2-X/regulons_40.tsv	bd-rhap-rep1-X/regulons_40.tsv	bd-rhap-rep2-X/regulons_40.tsv
1050	b_cells	SELL	0.45454545454545453	40	40	40	20	bd-rhap-rep1-X/regulons_40.tsv vs bd-rhap-rep2-X/regulons_40.tsv	bd-rhap-rep1-X/regulons_40.tsv	bd-rhap-rep2-X/regulons_40.tsv
1051	b_cells	ADAM28	0.5686274509803921	40	40	40	20	bd-rhap-rep1-X/regulons_40.tsv vs bd-rhap-rep2-X/regulons_40.tsv	bd-rhap-rep1-X/regulons_40.tsv	bd-rhap-rep2-X/regulons_40.tsv
1052	nk_cells	RABGAP1L	0.5384615384615384	40	40	40	20	bd-rhap-rep1-X/regulons_40.tsv vs bd-rhap-rep2-X/regulons_40.tsv	bd-rhap-rep1-X/regulons_40.tsv	bd-rhap-rep2-X/regulons_40.tsv
1053	DC	LYN	0.42857142857142855	40	40	40	20	bd-rhap-rep1-X/regulons_40.tsv vs bd-rhap-rep2-X/regulons_40.tsv	bd-rhap-rep1-X/regulons_40.tsv	bd-rhap-rep2-X/regulons_40.tsv
1054	cd14+_monocytes	HLA-DQA1	0.3793103448275862	40	40	40	20	bd-rhap-rep1-X/regulons_40.tsv vs bd-rhap-rep2-X/regulons_40.tsv	bd-rhap-rep1-X/regulons_40.tsv	bd-rhap-rep2-X/regulons_40.tsv
1055	cd14+_monocytes	UBE2E2	0.3333333333333333	40	40	40	20	bd-rhap-rep1-X/regulons_40.tsv vs bd-rhap-rep2-X/regulons_40.tsv	bd-rhap-rep1-X/regulons_40.tsv	bd-rhap-rep2-X/regulons_40.tsv
1056	nk_cells	DOCK10	0.3333333333333333	40	40	40	20	bd-rhap-rep1-X/regulons_40.tsv vs bd-rhap-rep2-X/regulons_40.tsv	bd-rhap-rep1-X/regulons_40.tsv	bd-rhap-rep2-X/regulons_40.tsv
1057	nk_cells	SELL	0.3333333333333333	40	40	40	20	bd-rhap-rep1-X/regulons_40.tsv vs bd-rhap-rep2-X/regulons_40.tsv	bd-rhap-rep1-X/regulons_40.tsv	bd-rhap-rep2-X/regulons_40.tsv
1058	DC	SELL	0.45454545454545453	40	40	40	20	bd-rhap-rep1-X/regulons_40.tsv vs bd-rhap-rep2-X/regulons_40.tsv	bd-rhap-rep1-X/regulons_40.tsv	bd-rhap-rep2-X/regulons_40.tsv
1059	nk_cells	ARL4C	0.2903225806451613	40	40	40	20	bd-rhap-rep1-X/regulons_40.tsv vs 10x-rep1-kallisto-cellbender-X/regulons_40.tsv	bd-rhap-rep1-X/regulons_40.tsv	10x-rep1-kallisto-cellbender-X/regulons_40.tsv
1060	cd8+_tcells	TAGLN2	0.23076923076923078	40	40	40	20	bd-rhap-rep1-X/regulons_40.tsv vs 10x-rep1-kallisto-cellbender-X/regulons_40.tsv	bd-rhap-rep1-X/regulons_40.tsv	10x-rep1-kallisto-cellbender-X/regulons_40.tsv
1061	cd14-_monocytes	S100A9	0.23076923076923078	40	40	40	20	bd-rhap-rep1-X/regulons_40.tsv vs 10x-rep1-kallisto-cellbender-X/regulons_40.tsv	bd-rhap-rep1-X/regulons_40.tsv	10x-rep1-kallisto-cellbender-X/regulons_40.tsv
1062	cd4+_tcells	TAGLN2	0.23076923076923078	40	40	40	20	bd-rhap-rep1-X/regulons_40.tsv vs 10x-rep1-kallisto-cellbender-X/regulons_40.tsv	bd-rhap-rep1-X/regulons_40.tsv	10x-rep1-kallisto-cellbender-X/regulons_40.tsv
1063	b_cells	HLA-DPB1	0.23076923076923078	40	40	40	20	bd-rhap-rep1-X/regulons_40.tsv vs 10x-rep1-kallisto-cellbender-X/regulons_40.tsv	bd-rhap-rep1-X/regulons_40.tsv	10x-rep1-kallisto-cellbender-X/regulons_40.tsv
1064	cd14-_monocytes	HLA-DQB1	0.19402985074626866	40	40	40	20	bd-rhap-rep1-X/regulons_40.tsv vs 10x-rep1-kallisto-cellbender-X/regulons_40.tsv	bd-rhap-rep1-X/regulons_40.tsv	10x-rep1-kallisto-cellbender-X/regulons_40.tsv
1065	DC	ARL4C	0.2903225806451613	40	40	40	20	bd-rhap-rep1-X/regulons_40.tsv vs 10x-rep1-kallisto-cellbender-X/regulons_40.tsv	bd-rhap-rep1-X/regulons_40.tsv	10x-rep1-kallisto-cellbender-X/regulons_40.tsv
1066	pDC	HLA-DPA1	0.2903225806451613	40	40	40	20	bd-rhap-rep1-X/regulons_40.tsv vs 10x-rep1-kallisto-cellbender-X/regulons_40.tsv	bd-rhap-rep1-X/regulons_40.tsv	10x-rep1-kallisto-cellbender-X/regulons_40.tsv
1067	DC	HLA-DQB1	0.25	40	40	40	20	bd-rhap-rep1-X/regulons_40.tsv vs 10x-rep1-kallisto-cellbender-X/regulons_40.tsv	bd-rhap-rep1-X/regulons_40.tsv	10x-rep1-kallisto-cellbender-X/regulons_40.tsv
1068	DC	HLA-DRA	0.25	40	40	40	20	bd-rhap-rep1-X/regulons_40.tsv vs 10x-rep1-kallisto-cellbender-X/regulons_40.tsv	bd-rhap-rep1-X/regulons_40.tsv	10x-rep1-kallisto-cellbender-X/regulons_40.tsv
1069	DC	MNDA	0.25	40	40	40	20	bd-rhap-rep1-X/regulons_40.tsv vs 10x-rep1-kallisto-cellbender-X/regulons_40.tsv	bd-rhap-rep1-X/regulons_40.tsv	10x-rep1-kallisto-cellbender-X/regulons_40.tsv
1070	pDC	TAGLN2	0.3559322033898305	40	40	40	20	bd-rhap-rep1-X/regulons_40.tsv vs 10x-rep1-kallisto-cellbender-X/regulons_40.tsv	bd-rhap-rep1-X/regulons_40.tsv	10x-rep1-kallisto-cellbender-X/regulons_40.tsv
1071	b_cells	HLA-DPA1	0.25	40	40	40	20	bd-rhap-rep1-X/regulons_40.tsv vs 10x-rep1-kallisto-cellbender-X/regulons_40.tsv	bd-rhap-rep1-X/regulons_40.tsv	10x-rep1-kallisto-cellbender-X/regulons_40.tsv
1072	cd4+_tcells	ARL4C	0.23076923076923078	40	40	40	20	bd-rhap-rep1-X/regulons_40.tsv vs 10x-rep1-kallisto-cellbender-X/regulons_40.tsv	bd-rhap-rep1-X/regulons_40.tsv	10x-rep1-kallisto-cellbender-X/regulons_40.tsv
1073	cd14-_monocytes	HLA-DPB1	0.15942028985507245	40	40	40	20	bd-rhap-rep1-X/regulons_40.tsv vs 10x-rep1-kallisto-cellbender-X/regulons_40.tsv	bd-rhap-rep1-X/regulons_40.tsv	10x-rep1-kallisto-cellbender-X/regulons_40.tsv
1074	cd14-_monocytes	S100A8	0.19402985074626866	40	40	40	20	bd-rhap-rep1-X/regulons_40.tsv vs 10x-rep1-kallisto-cellbender-X/regulons_40.tsv	bd-rhap-rep1-X/regulons_40.tsv	10x-rep1-kallisto-cellbender-X/regulons_40.tsv
1075	DC	HLA-DPB1	0.21212121212121213	40	40	40	20	bd-rhap-rep1-X/regulons_40.tsv vs 10x-rep1-kallisto-cellbender-X/regulons_40.tsv	bd-rhap-rep1-X/regulons_40.tsv	10x-rep1-kallisto-cellbender-X/regulons_40.tsv
1076	pDC	FCER1A	0.25	40	40	40	20	bd-rhap-rep1-X/regulons_40.tsv vs 10x-rep1-kallisto-cellbender-X/regulons_40.tsv	bd-rhap-rep1-X/regulons_40.tsv	10x-rep1-kallisto-cellbender-X/regulons_40.tsv
1077	pDC	HLA-DQA1	0.3559322033898305	40	40	40	20	bd-rhap-rep1-X/regulons_40.tsv vs 10x-rep1-kallisto-cellbender-X/regulons_40.tsv	bd-rhap-rep1-X/regulons_40.tsv	10x-rep1-kallisto-cellbender-X/regulons_40.tsv
1078	b_cells	TAGLN2	0.21212121212121213	40	40	40	20	bd-rhap-rep1-X/regulons_40.tsv vs 10x-rep1-kallisto-cellbender-X/regulons_40.tsv	bd-rhap-rep1-X/regulons_40.tsv	10x-rep1-kallisto-cellbender-X/regulons_40.tsv
1079	pDC	ARL4C	0.23076923076923078	40	40	40	20	bd-rhap-rep1-X/regulons_40.tsv vs 10x-rep1-kallisto-cellbender-X/regulons_40.tsv	bd-rhap-rep1-X/regulons_40.tsv	10x-rep1-kallisto-cellbender-X/regulons_40.tsv
1080	cd4+_tcells	IL2RG	0.2903225806451613	40	40	40	20	bd-rhap-rep1-X/regulons_40.tsv vs 10x-rep1-kallisto-cellbender-X/regulons_40.tsv	bd-rhap-rep1-X/regulons_40.tsv	10x-rep1-kallisto-cellbender-X/regulons_40.tsv
1081	cd14-_monocytes	HLA-DPA1	0.3114754098360656	40	40	40	20	bd-rhap-rep1-X/regulons_40.tsv vs 10x-rep1-kallisto-cellbender-X/regulons_40.tsv	bd-rhap-rep1-X/regulons_40.tsv	10x-rep1-kallisto-cellbender-X/regulons_40.tsv
1082	pDC	HLA-DQB1	0.3333333333333333	40	40	40	20	bd-rhap-rep1-X/regulons_40.tsv vs 10x-rep1-kallisto-cellbender-X/regulons_40.tsv	bd-rhap-rep1-X/regulons_40.tsv	10x-rep1-kallisto-cellbender-X/regulons_40.tsv
1083	b_cells	HLA-DQA1	0.23076923076923078	40	40	40	20	bd-rhap-rep1-X/regulons_40.tsv vs 10x-rep1-kallisto-cellbender-X/regulons_40.tsv	bd-rhap-rep1-X/regulons_40.tsv	10x-rep1-kallisto-cellbender-X/regulons_40.tsv
1084	DC	HLA-DPA1	0.21212121212121213	40	40	40	20	bd-rhap-rep1-X/regulons_40.tsv vs 10x-rep1-kallisto-cellbender-X/regulons_40.tsv	bd-rhap-rep1-X/regulons_40.tsv	10x-rep1-kallisto-cellbender-X/regulons_40.tsv
1085	b_cells	HLA-DRB1	0.2903225806451613	40	40	40	20	bd-rhap-rep1-X/regulons_40.tsv vs 10x-rep1-kallisto-cellbender-X/regulons_40.tsv	bd-rhap-rep1-X/regulons_40.tsv	10x-rep1-kallisto-cellbender-X/regulons_40.tsv
1086	cd14+_monocytes	CPVL	0.3559322033898305	40	40	40	20	bd-rhap-rep1-X/regulons_40.tsv vs 10x-rep1-kallisto-cellbender-X/regulons_40.tsv	bd-rhap-rep1-X/regulons_40.tsv	10x-rep1-kallisto-cellbender-X/regulons_40.tsv
1087	nk_cells	TAGLN2	0.15942028985507245	40	40	40	20	bd-rhap-rep1-X/regulons_40.tsv vs 10x-rep1-kallisto-cellbender-X/regulons_40.tsv	bd-rhap-rep1-X/regulons_40.tsv	10x-rep1-kallisto-cellbender-X/regulons_40.tsv
1088	cd14-_monocytes	CPVL	0.3333333333333333	40	40	40	20	bd-rhap-rep1-X/regulons_40.tsv vs 10x-rep1-kallisto-cellbender-X/regulons_40.tsv	bd-rhap-rep1-X/regulons_40.tsv	10x-rep1-kallisto-cellbender-X/regulons_40.tsv
1089	cd14-_monocytes	VCAN	0.23076923076923078	40	40	40	20	bd-rhap-rep1-X/regulons_40.tsv vs 10x-rep1-kallisto-cellbender-X/regulons_40.tsv	bd-rhap-rep1-X/regulons_40.tsv	10x-rep1-kallisto-cellbender-X/regulons_40.tsv
1090	b_cells	IFITM2	0.15942028985507245	40	40	40	20	bd-rhap-rep1-X/regulons_40.tsv vs 10x-rep1-kallisto-cellbender-X/regulons_40.tsv	bd-rhap-rep1-X/regulons_40.tsv	10x-rep1-kallisto-cellbender-X/regulons_40.tsv
1091	b_cells	HLA-DQB1	0.2698412698412698	40	40	40	20	bd-rhap-rep1-X/regulons_40.tsv vs 10x-rep1-kallisto-cellbender-X/regulons_40.tsv	bd-rhap-rep1-X/regulons_40.tsv	10x-rep1-kallisto-cellbender-X/regulons_40.tsv
1092	pDC	HLA-DPB1	0.3793103448275862	40	40	40	20	bd-rhap-rep1-X/regulons_40.tsv vs 10x-rep1-kallisto-cellbender-X/regulons_40.tsv	bd-rhap-rep1-X/regulons_40.tsv	10x-rep1-kallisto-cellbender-X/regulons_40.tsv
1093	cd14-_monocytes	HLA-DQA1	0.19402985074626866	40	40	40	20	bd-rhap-rep1-X/regulons_40.tsv vs 10x-rep1-kallisto-cellbender-X/regulons_40.tsv	bd-rhap-rep1-X/regulons_40.tsv	10x-rep1-kallisto-cellbender-X/regulons_40.tsv
1094	DC	HLA-DQA1	0.23076923076923078	40	40	40	20	bd-rhap-rep1-X/regulons_40.tsv vs 10x-rep1-kallisto-cellbender-X/regulons_40.tsv	bd-rhap-rep1-X/regulons_40.tsv	10x-rep1-kallisto-cellbender-X/regulons_40.tsv
1095	DC	HLA-DRB1	0.23076923076923078	40	40	40	20	bd-rhap-rep1-X/regulons_40.tsv vs 10x-rep1-kallisto-cellbender-X/regulons_40.tsv	bd-rhap-rep1-X/regulons_40.tsv	10x-rep1-kallisto-cellbender-X/regulons_40.tsv
1096	nk_cells	ARL4C	0.3559322033898305	40	40	40	20	bd-rhap-rep2-X/regulons_40.tsv vs 10x-rep1-kallisto-cellbender-X/regulons_40.tsv	bd-rhap-rep2-X/regulons_40.tsv	10x-rep1-kallisto-cellbender-X/regulons_40.tsv
1097	nk_cells	IFITM2	0.2698412698412698	40	40	40	20	bd-rhap-rep2-X/regulons_40.tsv vs 10x-rep1-kallisto-cellbender-X/regulons_40.tsv	bd-rhap-rep2-X/regulons_40.tsv	10x-rep1-kallisto-cellbender-X/regulons_40.tsv
1098	cd8+_tcells	TAGLN2	0.25	40	40	40	20	bd-rhap-rep2-X/regulons_40.tsv vs 10x-rep1-kallisto-cellbender-X/regulons_40.tsv	bd-rhap-rep2-X/regulons_40.tsv	10x-rep1-kallisto-cellbender-X/regulons_40.tsv
1099	cd14-_monocytes	S100A9	0.1267605633802817	40	40	40	20	bd-rhap-rep2-X/regulons_40.tsv vs 10x-rep1-kallisto-cellbender-X/regulons_40.tsv	bd-rhap-rep2-X/regulons_40.tsv	10x-rep1-kallisto-cellbender-X/regulons_40.tsv
1100	cd4+_tcells	TAGLN2	0.25	40	40	40	20	bd-rhap-rep2-X/regulons_40.tsv vs 10x-rep1-kallisto-cellbender-X/regulons_40.tsv	bd-rhap-rep2-X/regulons_40.tsv	10x-rep1-kallisto-cellbender-X/regulons_40.tsv
1101	b_cells	HLA-DPB1	0.19402985074626866	40	40	40	20	bd-rhap-rep2-X/regulons_40.tsv vs 10x-rep1-kallisto-cellbender-X/regulons_40.tsv	bd-rhap-rep2-X/regulons_40.tsv	10x-rep1-kallisto-cellbender-X/regulons_40.tsv
1102	cd14-_monocytes	HLA-DQB1	0.15942028985507245	40	40	40	20	bd-rhap-rep2-X/regulons_40.tsv vs 10x-rep1-kallisto-cellbender-X/regulons_40.tsv	bd-rhap-rep2-X/regulons_40.tsv	10x-rep1-kallisto-cellbender-X/regulons_40.tsv
1103	pDC	HLA-DPA1	0.2903225806451613	40	40	40	20	bd-rhap-rep2-X/regulons_40.tsv vs 10x-rep1-kallisto-cellbender-X/regulons_40.tsv	bd-rhap-rep2-X/regulons_40.tsv	10x-rep1-kallisto-cellbender-X/regulons_40.tsv
1104	DC	HLA-DQB1	0.23076923076923078	40	40	40	20	bd-rhap-rep2-X/regulons_40.tsv vs 10x-rep1-kallisto-cellbender-X/regulons_40.tsv	bd-rhap-rep2-X/regulons_40.tsv	10x-rep1-kallisto-cellbender-X/regulons_40.tsv
1105	DC	HLA-DRA	0.19402985074626866	40	40	40	20	bd-rhap-rep2-X/regulons_40.tsv vs 10x-rep1-kallisto-cellbender-X/regulons_40.tsv	bd-rhap-rep2-X/regulons_40.tsv	10x-rep1-kallisto-cellbender-X/regulons_40.tsv
1106	b_cells	HLA-DPA1	0.23076923076923078	40	40	40	20	bd-rhap-rep2-X/regulons_40.tsv vs 10x-rep1-kallisto-cellbender-X/regulons_40.tsv	bd-rhap-rep2-X/regulons_40.tsv	10x-rep1-kallisto-cellbender-X/regulons_40.tsv
1107	cd4+_tcells	ARL4C	0.2698412698412698	40	40	40	20	bd-rhap-rep2-X/regulons_40.tsv vs 10x-rep1-kallisto-cellbender-X/regulons_40.tsv	bd-rhap-rep2-X/regulons_40.tsv	10x-rep1-kallisto-cellbender-X/regulons_40.tsv
1108	cd14-_monocytes	HLA-DPB1	0.1111111111111111	40	40	40	20	bd-rhap-rep2-X/regulons_40.tsv vs 10x-rep1-kallisto-cellbender-X/regulons_40.tsv	bd-rhap-rep2-X/regulons_40.tsv	10x-rep1-kallisto-cellbender-X/regulons_40.tsv
1109	cd14-_monocytes	S100A8	0.1267605633802817	40	40	40	20	bd-rhap-rep2-X/regulons_40.tsv vs 10x-rep1-kallisto-cellbender-X/regulons_40.tsv	bd-rhap-rep2-X/regulons_40.tsv	10x-rep1-kallisto-cellbender-X/regulons_40.tsv
1110	DC	HLA-DPB1	0.19402985074626866	40	40	40	20	bd-rhap-rep2-X/regulons_40.tsv vs 10x-rep1-kallisto-cellbender-X/regulons_40.tsv	bd-rhap-rep2-X/regulons_40.tsv	10x-rep1-kallisto-cellbender-X/regulons_40.tsv
1111	cd8+_tcells	ARL4C	0.2698412698412698	40	40	40	20	bd-rhap-rep2-X/regulons_40.tsv vs 10x-rep1-kallisto-cellbender-X/regulons_40.tsv	bd-rhap-rep2-X/regulons_40.tsv	10x-rep1-kallisto-cellbender-X/regulons_40.tsv
1112	pDC	FCER1A	0.40350877192982454	40	40	40	20	bd-rhap-rep2-X/regulons_40.tsv vs 10x-rep1-kallisto-cellbender-X/regulons_40.tsv	bd-rhap-rep2-X/regulons_40.tsv	10x-rep1-kallisto-cellbender-X/regulons_40.tsv
1113	pDC	HLA-DQA1	0.3559322033898305	40	40	40	20	bd-rhap-rep2-X/regulons_40.tsv vs 10x-rep1-kallisto-cellbender-X/regulons_40.tsv	bd-rhap-rep2-X/regulons_40.tsv	10x-rep1-kallisto-cellbender-X/regulons_40.tsv
1114	b_cells	TAGLN2	0.21212121212121213	40	40	40	20	bd-rhap-rep2-X/regulons_40.tsv vs 10x-rep1-kallisto-cellbender-X/regulons_40.tsv	bd-rhap-rep2-X/regulons_40.tsv	10x-rep1-kallisto-cellbender-X/regulons_40.tsv
1115	pDC	ARL4C	0.19402985074626866	40	40	40	20	bd-rhap-rep2-X/regulons_40.tsv vs 10x-rep1-kallisto-cellbender-X/regulons_40.tsv	bd-rhap-rep2-X/regulons_40.tsv	10x-rep1-kallisto-cellbender-X/regulons_40.tsv
1116	cd14-_monocytes	HLA-DPA1	0.17647058823529413	40	40	40	20	bd-rhap-rep2-X/regulons_40.tsv vs 10x-rep1-kallisto-cellbender-X/regulons_40.tsv	bd-rhap-rep2-X/regulons_40.tsv	10x-rep1-kallisto-cellbender-X/regulons_40.tsv
1117	pDC	HLA-DQB1	0.2698412698412698	40	40	40	20	bd-rhap-rep2-X/regulons_40.tsv vs 10x-rep1-kallisto-cellbender-X/regulons_40.tsv	bd-rhap-rep2-X/regulons_40.tsv	10x-rep1-kallisto-cellbender-X/regulons_40.tsv
1118	b_cells	HLA-DQA1	0.19402985074626866	40	40	40	20	bd-rhap-rep2-X/regulons_40.tsv vs 10x-rep1-kallisto-cellbender-X/regulons_40.tsv	bd-rhap-rep2-X/regulons_40.tsv	10x-rep1-kallisto-cellbender-X/regulons_40.tsv
1119	DC	HLA-DPA1	0.17647058823529413	40	40	40	20	bd-rhap-rep2-X/regulons_40.tsv vs 10x-rep1-kallisto-cellbender-X/regulons_40.tsv	bd-rhap-rep2-X/regulons_40.tsv	10x-rep1-kallisto-cellbender-X/regulons_40.tsv
1120	b_cells	HLA-DRB1	0.25	40	40	40	20	bd-rhap-rep2-X/regulons_40.tsv vs 10x-rep1-kallisto-cellbender-X/regulons_40.tsv	bd-rhap-rep2-X/regulons_40.tsv	10x-rep1-kallisto-cellbender-X/regulons_40.tsv
1121	cd14+_monocytes	ID2	0.17647058823529413	40	40	40	20	bd-rhap-rep2-X/regulons_40.tsv vs 10x-rep1-kallisto-cellbender-X/regulons_40.tsv	bd-rhap-rep2-X/regulons_40.tsv	10x-rep1-kallisto-cellbender-X/regulons_40.tsv
1122	cd14-_monocytes	VCAN	0.1267605633802817	40	40	40	20	bd-rhap-rep2-X/regulons_40.tsv vs 10x-rep1-kallisto-cellbender-X/regulons_40.tsv	bd-rhap-rep2-X/regulons_40.tsv	10x-rep1-kallisto-cellbender-X/regulons_40.tsv
1123	b_cells	HLA-DQB1	0.23076923076923078	40	40	40	20	bd-rhap-rep2-X/regulons_40.tsv vs 10x-rep1-kallisto-cellbender-X/regulons_40.tsv	bd-rhap-rep2-X/regulons_40.tsv	10x-rep1-kallisto-cellbender-X/regulons_40.tsv
1124	pDC	HLA-DPB1	0.3333333333333333	40	40	40	20	bd-rhap-rep2-X/regulons_40.tsv vs 10x-rep1-kallisto-cellbender-X/regulons_40.tsv	bd-rhap-rep2-X/regulons_40.tsv	10x-rep1-kallisto-cellbender-X/regulons_40.tsv
1125	cd14-_monocytes	HLA-DQA1	0.14285714285714285	40	40	40	20	bd-rhap-rep2-X/regulons_40.tsv vs 10x-rep1-kallisto-cellbender-X/regulons_40.tsv	bd-rhap-rep2-X/regulons_40.tsv	10x-rep1-kallisto-cellbender-X/regulons_40.tsv
1126	DC	HLA-DQA1	0.23076923076923078	40	40	40	20	bd-rhap-rep2-X/regulons_40.tsv vs 10x-rep1-kallisto-cellbender-X/regulons_40.tsv	bd-rhap-rep2-X/regulons_40.tsv	10x-rep1-kallisto-cellbender-X/regulons_40.tsv
1127	DC	HLA-DRB1	0.21212121212121213	40	40	40	20	bd-rhap-rep2-X/regulons_40.tsv vs 10x-rep1-kallisto-cellbender-X/regulons_40.tsv	bd-rhap-rep2-X/regulons_40.tsv	10x-rep1-kallisto-cellbender-X/regulons_40.tsv
1128	b_cells	UVRAG	0.5625	50	50	50	20	bd-rhap-rep1-X/regulons_50.tsv vs bd-rhap-rep2-X/regulons_50.tsv	bd-rhap-rep1-X/regulons_50.tsv	bd-rhap-rep2-X/regulons_50.tsv
1129	nk_cells	ARL4C	0.6949152542372882	50	50	50	20	bd-rhap-rep1-X/regulons_50.tsv vs bd-rhap-rep2-X/regulons_50.tsv	bd-rhap-rep1-X/regulons_50.tsv	bd-rhap-rep2-X/regulons_50.tsv
1130	nk_cells	IFITM2	0.4925373134328358	50	50	50	20	bd-rhap-rep1-X/regulons_50.tsv vs bd-rhap-rep2-X/regulons_50.tsv	bd-rhap-rep1-X/regulons_50.tsv	bd-rhap-rep2-X/regulons_50.tsv
1131	cd14-_monocytes	S100A9	0.4492753623188406	50	50	50	20	bd-rhap-rep1-X/regulons_50.tsv vs bd-rhap-rep2-X/regulons_50.tsv	bd-rhap-rep1-X/regulons_50.tsv	bd-rhap-rep2-X/regulons_50.tsv
1132	cd4+_tcells	TAGLN2	0.42857142857142855	50	50	50	20	bd-rhap-rep1-X/regulons_50.tsv vs bd-rhap-rep2-X/regulons_50.tsv	bd-rhap-rep1-X/regulons_50.tsv	bd-rhap-rep2-X/regulons_50.tsv
1133	cd14+_monocytes	VOPP1	0.3333333333333333	50	50	50	20	bd-rhap-rep1-X/regulons_50.tsv vs bd-rhap-rep2-X/regulons_50.tsv	bd-rhap-rep1-X/regulons_50.tsv	bd-rhap-rep2-X/regulons_50.tsv
1134	b_cells	HLA-DOA	0.5384615384615384	50	50	50	20	bd-rhap-rep1-X/regulons_50.tsv vs bd-rhap-rep2-X/regulons_50.tsv	bd-rhap-rep1-X/regulons_50.tsv	bd-rhap-rep2-X/regulons_50.tsv
1135	b_cells	HLA-DPB1	0.5384615384615384	50	50	50	20	bd-rhap-rep1-X/regulons_50.tsv vs bd-rhap-rep2-X/regulons_50.tsv	bd-rhap-rep1-X/regulons_50.tsv	bd-rhap-rep2-X/regulons_50.tsv
1136	pDC	FLT3	0.6129032258064516	50	50	50	20	bd-rhap-rep1-X/regulons_50.tsv vs bd-rhap-rep2-X/regulons_50.tsv	bd-rhap-rep1-X/regulons_50.tsv	bd-rhap-rep2-X/regulons_50.tsv
1137	cd8+_tcells	NIBAN1	0.7241379310344828	50	50	50	20	bd-rhap-rep1-X/regulons_50.tsv vs bd-rhap-rep2-X/regulons_50.tsv	bd-rhap-rep1-X/regulons_50.tsv	bd-rhap-rep2-X/regulons_50.tsv
1138	cd4+_tcells	NIBAN1	0.10909090909090909	50	11	50	20	bd-rhap-rep1-X/regulons_50.tsv vs bd-rhap-rep2-X/regulons_50.tsv	bd-rhap-rep1-X/regulons_50.tsv	bd-rhap-rep2-X/regulons_50.tsv
1139	nk_cells	VOPP1	0.5384615384615384	50	50	50	20	bd-rhap-rep1-X/regulons_50.tsv vs bd-rhap-rep2-X/regulons_50.tsv	bd-rhap-rep1-X/regulons_50.tsv	bd-rhap-rep2-X/regulons_50.tsv
1140	pDC	HLA-DPA1	0.7241379310344828	50	50	50	20	bd-rhap-rep1-X/regulons_50.tsv vs bd-rhap-rep2-X/regulons_50.tsv	bd-rhap-rep1-X/regulons_50.tsv	bd-rhap-rep2-X/regulons_50.tsv
1141	cd14-_monocytes	VOPP1	0.42857142857142855	50	50	50	20	bd-rhap-rep1-X/regulons_50.tsv vs bd-rhap-rep2-X/regulons_50.tsv	bd-rhap-rep1-X/regulons_50.tsv	bd-rhap-rep2-X/regulons_50.tsv
1142	DC	IFITM2	0.3698630136986301	50	50	50	20	bd-rhap-rep1-X/regulons_50.tsv vs bd-rhap-rep2-X/regulons_50.tsv	bd-rhap-rep1-X/regulons_50.tsv	bd-rhap-rep2-X/regulons_50.tsv
1143	DC	HLA-DQB1	0.5625	50	50	50	20	bd-rhap-rep1-X/regulons_50.tsv vs bd-rhap-rep2-X/regulons_50.tsv	bd-rhap-rep1-X/regulons_50.tsv	bd-rhap-rep2-X/regulons_50.tsv
1144	cd14-_monocytes	MNDA	0.47058823529411764	50	50	50	20	bd-rhap-rep1-X/regulons_50.tsv vs bd-rhap-rep2-X/regulons_50.tsv	bd-rhap-rep1-X/regulons_50.tsv	bd-rhap-rep2-X/regulons_50.tsv
1145	cd4+_tcells	SELL	0.42857142857142855	50	50	50	20	bd-rhap-rep1-X/regulons_50.tsv vs bd-rhap-rep2-X/regulons_50.tsv	bd-rhap-rep1-X/regulons_50.tsv	bd-rhap-rep2-X/regulons_50.tsv
1146	DC	HLA-DRA	0.5625	50	50	50	20	bd-rhap-rep1-X/regulons_50.tsv vs bd-rhap-rep2-X/regulons_50.tsv	bd-rhap-rep1-X/regulons_50.tsv	bd-rhap-rep2-X/regulons_50.tsv
1147	cd14+_monocytes	HDAC9	0.5151515151515151	50	50	50	20	bd-rhap-rep1-X/regulons_50.tsv vs bd-rhap-rep2-X/regulons_50.tsv	bd-rhap-rep1-X/regulons_50.tsv	bd-rhap-rep2-X/regulons_50.tsv
1148	DC	MNDA	0.4084507042253521	50	50	50	20	bd-rhap-rep1-X/regulons_50.tsv vs bd-rhap-rep2-X/regulons_50.tsv	bd-rhap-rep1-X/regulons_50.tsv	bd-rhap-rep2-X/regulons_50.tsv
1149	cd14-_monocytes	IL2RG	0.4084507042253521	50	50	50	20	bd-rhap-rep1-X/regulons_50.tsv vs bd-rhap-rep2-X/regulons_50.tsv	bd-rhap-rep1-X/regulons_50.tsv	bd-rhap-rep2-X/regulons_50.tsv
1150	nk_cells	IL2RG	0.6949152542372882	50	50	50	20	bd-rhap-rep1-X/regulons_50.tsv vs bd-rhap-rep2-X/regulons_50.tsv	bd-rhap-rep1-X/regulons_50.tsv	bd-rhap-rep2-X/regulons_50.tsv
1151	cd14+_monocytes	SYTL3	0.3333333333333333	50	50	50	20	bd-rhap-rep1-X/regulons_50.tsv vs bd-rhap-rep2-X/regulons_50.tsv	bd-rhap-rep1-X/regulons_50.tsv	bd-rhap-rep2-X/regulons_50.tsv
1152	b_cells	HLA-DPA1	0.5384615384615384	50	50	50	20	bd-rhap-rep1-X/regulons_50.tsv vs bd-rhap-rep2-X/regulons_50.tsv	bd-rhap-rep1-X/regulons_50.tsv	bd-rhap-rep2-X/regulons_50.tsv
1153	cd4+_tcells	ARL4C	0.5625	50	50	50	20	bd-rhap-rep1-X/regulons_50.tsv vs bd-rhap-rep2-X/regulons_50.tsv	bd-rhap-rep1-X/regulons_50.tsv	bd-rhap-rep2-X/regulons_50.tsv
1154	cd14-_monocytes	HDAC9	0.25	50	50	50	20	bd-rhap-rep1-X/regulons_50.tsv vs bd-rhap-rep2-X/regulons_50.tsv	bd-rhap-rep1-X/regulons_50.tsv	bd-rhap-rep2-X/regulons_50.tsv
1155	cd14-_monocytes	S100A8	0.4492753623188406	50	50	50	20	bd-rhap-rep1-X/regulons_50.tsv vs bd-rhap-rep2-X/regulons_50.tsv	bd-rhap-rep1-X/regulons_50.tsv	bd-rhap-rep2-X/regulons_50.tsv
1156	cd14+_monocytes	ACTN1	0.3333333333333333	50	50	50	20	bd-rhap-rep1-X/regulons_50.tsv vs bd-rhap-rep2-X/regulons_50.tsv	bd-rhap-rep1-X/regulons_50.tsv	bd-rhap-rep2-X/regulons_50.tsv
1157	DC	HLA-DPB1	0.5873015873015873	50	50	50	20	bd-rhap-rep1-X/regulons_50.tsv vs bd-rhap-rep2-X/regulons_50.tsv	bd-rhap-rep1-X/regulons_50.tsv	bd-rhap-rep2-X/regulons_50.tsv
1158	cd8+_tcells	ARL4C	0.6129032258064516	50	50	50	20	bd-rhap-rep1-X/regulons_50.tsv vs bd-rhap-rep2-X/regulons_50.tsv	bd-rhap-rep1-X/regulons_50.tsv	bd-rhap-rep2-X/regulons_50.tsv
1159	pDC	SELL	0.5873015873015873	50	50	50	20	bd-rhap-rep1-X/regulons_50.tsv vs bd-rhap-rep2-X/regulons_50.tsv	bd-rhap-rep1-X/regulons_50.tsv	bd-rhap-rep2-X/regulons_50.tsv
1160	pDC	FCER1A	0.4084507042253521	50	50	50	20	bd-rhap-rep1-X/regulons_50.tsv vs bd-rhap-rep2-X/regulons_50.tsv	bd-rhap-rep1-X/regulons_50.tsv	bd-rhap-rep2-X/regulons_50.tsv
1161	cd4+_tcells	VOPP1	0.6129032258064516	50	50	50	20	bd-rhap-rep1-X/regulons_50.tsv vs bd-rhap-rep2-X/regulons_50.tsv	bd-rhap-rep1-X/regulons_50.tsv	bd-rhap-rep2-X/regulons_50.tsv
1162	pDC	HLA-DQA1	0.7241379310344828	50	50	50	20	bd-rhap-rep1-X/regulons_50.tsv vs bd-rhap-rep2-X/regulons_50.tsv	bd-rhap-rep1-X/regulons_50.tsv	bd-rhap-rep2-X/regulons_50.tsv
1163	nk_cells	SLC38A1	0.6949152542372882	50	50	50	20	bd-rhap-rep1-X/regulons_50.tsv vs bd-rhap-rep2-X/regulons_50.tsv	bd-rhap-rep1-X/regulons_50.tsv	bd-rhap-rep2-X/regulons_50.tsv
1164	cd8+_tcells	VOPP1	0.5625	50	50	50	20	bd-rhap-rep1-X/regulons_50.tsv vs bd-rhap-rep2-X/regulons_50.tsv	bd-rhap-rep1-X/regulons_50.tsv	bd-rhap-rep2-X/regulons_50.tsv
1165	b_cells	TAGLN2	0.47058823529411764	50	50	50	20	bd-rhap-rep1-X/regulons_50.tsv vs bd-rhap-rep2-X/regulons_50.tsv	bd-rhap-rep1-X/regulons_50.tsv	bd-rhap-rep2-X/regulons_50.tsv
1166	nk_cells	VAV3	0.4925373134328358	50	50	50	20	bd-rhap-rep1-X/regulons_50.tsv vs bd-rhap-rep2-X/regulons_50.tsv	bd-rhap-rep1-X/regulons_50.tsv	bd-rhap-rep2-X/regulons_50.tsv
1167	DC	MCL1	0.3333333333333333	50	50	50	20	bd-rhap-rep1-X/regulons_50.tsv vs bd-rhap-rep2-X/regulons_50.tsv	bd-rhap-rep1-X/regulons_50.tsv	bd-rhap-rep2-X/regulons_50.tsv
1168	b_cells	IRF8	0.5384615384615384	50	50	50	20	bd-rhap-rep1-X/regulons_50.tsv vs bd-rhap-rep2-X/regulons_50.tsv	bd-rhap-rep1-X/regulons_50.tsv	bd-rhap-rep2-X/regulons_50.tsv
1169	cd14-_monocytes	CSF3R	0.47058823529411764	50	50	50	20	bd-rhap-rep1-X/regulons_50.tsv vs bd-rhap-rep2-X/regulons_50.tsv	bd-rhap-rep1-X/regulons_50.tsv	bd-rhap-rep2-X/regulons_50.tsv
1170	pDC	ARL4C	0.5384615384615384	50	50	50	20	bd-rhap-rep1-X/regulons_50.tsv vs bd-rhap-rep2-X/regulons_50.tsv	bd-rhap-rep1-X/regulons_50.tsv	bd-rhap-rep2-X/regulons_50.tsv
1171	cd4+_tcells	IL2RG	0.7543859649122807	50	50	50	20	bd-rhap-rep1-X/regulons_50.tsv vs bd-rhap-rep2-X/regulons_50.tsv	bd-rhap-rep1-X/regulons_50.tsv	bd-rhap-rep2-X/regulons_50.tsv
1172	cd14-_monocytes	HLA-DPA1	0.4492753623188406	50	50	50	20	bd-rhap-rep1-X/regulons_50.tsv vs bd-rhap-rep2-X/regulons_50.tsv	bd-rhap-rep1-X/regulons_50.tsv	bd-rhap-rep2-X/regulons_50.tsv
1173	pDC	HLA-DQB1	0.4925373134328358	50	50	50	20	bd-rhap-rep1-X/regulons_50.tsv vs bd-rhap-rep2-X/regulons_50.tsv	bd-rhap-rep1-X/regulons_50.tsv	bd-rhap-rep2-X/regulons_50.tsv
1174	cd14-_monocytes	CMAHP--chr6:25061611(-)	0.42857142857142855	50	50	50	20	bd-rhap-rep1-X/regulons_50.tsv vs bd-rhap-rep2-X/regulons_50.tsv	bd-rhap-rep1-X/regulons_50.tsv	bd-rhap-rep2-X/regulons_50.tsv
1175	b_cells	HLA-DQA1	0.4925373134328358	50	50	50	20	bd-rhap-rep1-X/regulons_50.tsv vs bd-rhap-rep2-X/regulons_50.tsv	bd-rhap-rep1-X/regulons_50.tsv	bd-rhap-rep2-X/regulons_50.tsv
1176	DC	HLA-DPA1	0.5625	50	50	50	20	bd-rhap-rep1-X/regulons_50.tsv vs bd-rhap-rep2-X/regulons_50.tsv	bd-rhap-rep1-X/regulons_50.tsv	bd-rhap-rep2-X/regulons_50.tsv
1177	pDC	VOPP1	0.5873015873015873	50	50	50	20	bd-rhap-rep1-X/regulons_50.tsv vs bd-rhap-rep2-X/regulons_50.tsv	bd-rhap-rep1-X/regulons_50.tsv	bd-rhap-rep2-X/regulons_50.tsv
1178	cd8+_tcells	HLA-DPB1	0.4925373134328358	50	50	50	20	bd-rhap-rep1-X/regulons_50.tsv vs bd-rhap-rep2-X/regulons_50.tsv	bd-rhap-rep1-X/regulons_50.tsv	bd-rhap-rep2-X/regulons_50.tsv
1179	b_cells	SELL	0.47058823529411764	50	50	50	20	bd-rhap-rep1-X/regulons_50.tsv vs bd-rhap-rep2-X/regulons_50.tsv	bd-rhap-rep1-X/regulons_50.tsv	bd-rhap-rep2-X/regulons_50.tsv
1180	b_cells	ADAM28	0.6129032258064516	50	50	50	20	bd-rhap-rep1-X/regulons_50.tsv vs bd-rhap-rep2-X/regulons_50.tsv	bd-rhap-rep1-X/regulons_50.tsv	bd-rhap-rep2-X/regulons_50.tsv
1181	cd14-_monocytes	FCN1	0.3888888888888889	50	50	50	20	bd-rhap-rep1-X/regulons_50.tsv vs bd-rhap-rep2-X/regulons_50.tsv	bd-rhap-rep1-X/regulons_50.tsv	bd-rhap-rep2-X/regulons_50.tsv
1182	cd8+_tcells	SLC38A1	0.6949152542372882	50	50	50	20	bd-rhap-rep1-X/regulons_50.tsv vs bd-rhap-rep2-X/regulons_50.tsv	bd-rhap-rep1-X/regulons_50.tsv	bd-rhap-rep2-X/regulons_50.tsv
1183	DC	FCN1	0.3698630136986301	50	50	50	20	bd-rhap-rep1-X/regulons_50.tsv vs bd-rhap-rep2-X/regulons_50.tsv	bd-rhap-rep1-X/regulons_50.tsv	bd-rhap-rep2-X/regulons_50.tsv
1184	cd4+_tcells	SLC38A1	0.639344262295082	50	50	50	20	bd-rhap-rep1-X/regulons_50.tsv vs bd-rhap-rep2-X/regulons_50.tsv	bd-rhap-rep1-X/regulons_50.tsv	bd-rhap-rep2-X/regulons_50.tsv
1185	nk_cells	RABGAP1L	0.6129032258064516	50	50	50	20	bd-rhap-rep1-X/regulons_50.tsv vs bd-rhap-rep2-X/regulons_50.tsv	bd-rhap-rep1-X/regulons_50.tsv	bd-rhap-rep2-X/regulons_50.tsv
1186	cd14-_monocytes	DOCK10	0.28205128205128205	50	50	50	20	bd-rhap-rep1-X/regulons_50.tsv vs bd-rhap-rep2-X/regulons_50.tsv	bd-rhap-rep1-X/regulons_50.tsv	bd-rhap-rep2-X/regulons_50.tsv
1187	cd4+_tcells	GPRIN3	0.47058823529411764	50	50	50	20	bd-rhap-rep1-X/regulons_50.tsv vs bd-rhap-rep2-X/regulons_50.tsv	bd-rhap-rep1-X/regulons_50.tsv	bd-rhap-rep2-X/regulons_50.tsv
1188	b_cells	AFF3	0.7241379310344828	50	50	50	20	bd-rhap-rep1-X/regulons_50.tsv vs bd-rhap-rep2-X/regulons_50.tsv	bd-rhap-rep1-X/regulons_50.tsv	bd-rhap-rep2-X/regulons_50.tsv
1189	cd14+_monocytes	HLA-DQA1	0.3888888888888889	50	50	50	20	bd-rhap-rep1-X/regulons_50.tsv vs bd-rhap-rep2-X/regulons_50.tsv	bd-rhap-rep1-X/regulons_50.tsv	bd-rhap-rep2-X/regulons_50.tsv
1190	cd14+_monocytes	UBE2E2	0.3888888888888889	50	50	50	20	bd-rhap-rep1-X/regulons_50.tsv vs bd-rhap-rep2-X/regulons_50.tsv	bd-rhap-rep1-X/regulons_50.tsv	bd-rhap-rep2-X/regulons_50.tsv
1191	b_cells	HLA-DQB1	0.47058823529411764	50	50	50	20	bd-rhap-rep1-X/regulons_50.tsv vs bd-rhap-rep2-X/regulons_50.tsv	bd-rhap-rep1-X/regulons_50.tsv	bd-rhap-rep2-X/regulons_50.tsv
1192	pDC	HLA-DOA	0.6949152542372882	50	50	50	20	bd-rhap-rep1-X/regulons_50.tsv vs bd-rhap-rep2-X/regulons_50.tsv	bd-rhap-rep1-X/regulons_50.tsv	bd-rhap-rep2-X/regulons_50.tsv
1193	pDC	HLA-DPB1	0.7241379310344828	50	50	50	20	bd-rhap-rep1-X/regulons_50.tsv vs bd-rhap-rep2-X/regulons_50.tsv	bd-rhap-rep1-X/regulons_50.tsv	bd-rhap-rep2-X/regulons_50.tsv
1194	cd14-_monocytes	PLBD1	0.4925373134328358	50	50	50	20	bd-rhap-rep1-X/regulons_50.tsv vs bd-rhap-rep2-X/regulons_50.tsv	bd-rhap-rep1-X/regulons_50.tsv	bd-rhap-rep2-X/regulons_50.tsv
1195	cd14-_monocytes	HLA-DQA1	0.42857142857142855	50	50	50	20	bd-rhap-rep1-X/regulons_50.tsv vs bd-rhap-rep2-X/regulons_50.tsv	bd-rhap-rep1-X/regulons_50.tsv	bd-rhap-rep2-X/regulons_50.tsv
1196	b_cells	VOPP1	0.5873015873015873	50	50	50	20	bd-rhap-rep1-X/regulons_50.tsv vs bd-rhap-rep2-X/regulons_50.tsv	bd-rhap-rep1-X/regulons_50.tsv	bd-rhap-rep2-X/regulons_50.tsv
1197	DC	HLA-DQA1	0.5151515151515151	50	50	50	20	bd-rhap-rep1-X/regulons_50.tsv vs bd-rhap-rep2-X/regulons_50.tsv	bd-rhap-rep1-X/regulons_50.tsv	bd-rhap-rep2-X/regulons_50.tsv
1198	DC	HLA-DRB1	0.4925373134328358	50	50	50	20	bd-rhap-rep1-X/regulons_50.tsv vs bd-rhap-rep2-X/regulons_50.tsv	bd-rhap-rep1-X/regulons_50.tsv	bd-rhap-rep2-X/regulons_50.tsv
1199	DC	SELL	0.4084507042253521	50	50	50	20	bd-rhap-rep1-X/regulons_50.tsv vs bd-rhap-rep2-X/regulons_50.tsv	bd-rhap-rep1-X/regulons_50.tsv	bd-rhap-rep2-X/regulons_50.tsv
1200	nk_cells	ARL4C	0.28205128205128205	50	50	50	20	bd-rhap-rep1-X/regulons_50.tsv vs 10x-rep1-kallisto-cellbender-X/regulons_50.tsv	bd-rhap-rep1-X/regulons_50.tsv	10x-rep1-kallisto-cellbender-X/regulons_50.tsv
1201	nk_cells	IFITM2	0.19047619047619047	50	50	50	20	bd-rhap-rep1-X/regulons_50.tsv vs 10x-rep1-kallisto-cellbender-X/regulons_50.tsv	bd-rhap-rep1-X/regulons_50.tsv	10x-rep1-kallisto-cellbender-X/regulons_50.tsv
1202	cd14-_monocytes	S100A9	0.19047619047619047	50	50	50	20	bd-rhap-rep1-X/regulons_50.tsv vs 10x-rep1-kallisto-cellbender-X/regulons_50.tsv	bd-rhap-rep1-X/regulons_50.tsv	10x-rep1-kallisto-cellbender-X/regulons_50.tsv
1203	cd4+_tcells	TAGLN2	0.21951219512195122	50	50	50	20	bd-rhap-rep1-X/regulons_50.tsv vs 10x-rep1-kallisto-cellbender-X/regulons_50.tsv	bd-rhap-rep1-X/regulons_50.tsv	10x-rep1-kallisto-cellbender-X/regulons_50.tsv
1204	b_cells	HLA-DPB1	0.20481927710843373	50	50	50	20	bd-rhap-rep1-X/regulons_50.tsv vs 10x-rep1-kallisto-cellbender-X/regulons_50.tsv	bd-rhap-rep1-X/regulons_50.tsv	10x-rep1-kallisto-cellbender-X/regulons_50.tsv
1205	DC	ARL4C	0.26582278481012656	50	50	50	20	bd-rhap-rep1-X/regulons_50.tsv vs 10x-rep1-kallisto-cellbender-X/regulons_50.tsv	bd-rhap-rep1-X/regulons_50.tsv	10x-rep1-kallisto-cellbender-X/regulons_50.tsv
1206	pDC	HLA-DPA1	0.2987012987012987	50	50	50	20	bd-rhap-rep1-X/regulons_50.tsv vs 10x-rep1-kallisto-cellbender-X/regulons_50.tsv	bd-rhap-rep1-X/regulons_50.tsv	10x-rep1-kallisto-cellbender-X/regulons_50.tsv
1207	DC	HLA-DQB1	0.25	50	50	50	20	bd-rhap-rep1-X/regulons_50.tsv vs 10x-rep1-kallisto-cellbender-X/regulons_50.tsv	bd-rhap-rep1-X/regulons_50.tsv	10x-rep1-kallisto-cellbender-X/regulons_50.tsv
1208	cd14-_monocytes	MNDA	0.2345679012345679	50	50	50	20	bd-rhap-rep1-X/regulons_50.tsv vs 10x-rep1-kallisto-cellbender-X/regulons_50.tsv	bd-rhap-rep1-X/regulons_50.tsv	10x-rep1-kallisto-cellbender-X/regulons_50.tsv
1209	DC	MNDA	0.21951219512195122	50	50	50	20	bd-rhap-rep1-X/regulons_50.tsv vs 10x-rep1-kallisto-cellbender-X/regulons_50.tsv	bd-rhap-rep1-X/regulons_50.tsv	10x-rep1-kallisto-cellbender-X/regulons_50.tsv
1210	pDC	TAGLN2	0.3333333333333333	50	50	50	20	bd-rhap-rep1-X/regulons_50.tsv vs 10x-rep1-kallisto-cellbender-X/regulons_50.tsv	bd-rhap-rep1-X/regulons_50.tsv	10x-rep1-kallisto-cellbender-X/regulons_50.tsv
1211	b_cells	HLA-DPA1	0.19047619047619047	50	50	50	20	bd-rhap-rep1-X/regulons_50.tsv vs 10x-rep1-kallisto-cellbender-X/regulons_50.tsv	bd-rhap-rep1-X/regulons_50.tsv	10x-rep1-kallisto-cellbender-X/regulons_50.tsv
1212	cd4+_tcells	ARL4C	0.20481927710843373	50	50	50	20	bd-rhap-rep1-X/regulons_50.tsv vs 10x-rep1-kallisto-cellbender-X/regulons_50.tsv	bd-rhap-rep1-X/regulons_50.tsv	10x-rep1-kallisto-cellbender-X/regulons_50.tsv
1213	cd14-_monocytes	S100A8	0.19047619047619047	50	50	50	20	bd-rhap-rep1-X/regulons_50.tsv vs 10x-rep1-kallisto-cellbender-X/regulons_50.tsv	bd-rhap-rep1-X/regulons_50.tsv	10x-rep1-kallisto-cellbender-X/regulons_50.tsv
1214	cd14+_monocytes	ACTN1	0.14942528735632185	50	50	50	20	bd-rhap-rep1-X/regulons_50.tsv vs 10x-rep1-kallisto-cellbender-X/regulons_50.tsv	bd-rhap-rep1-X/regulons_50.tsv	10x-rep1-kallisto-cellbender-X/regulons_50.tsv
1215	DC	HLA-DPB1	0.17647058823529413	50	50	50	20	bd-rhap-rep1-X/regulons_50.tsv vs 10x-rep1-kallisto-cellbender-X/regulons_50.tsv	bd-rhap-rep1-X/regulons_50.tsv	10x-rep1-kallisto-cellbender-X/regulons_50.tsv
1216	cd8+_tcells	ARL4C	0.26582278481012656	50	50	50	20	bd-rhap-rep1-X/regulons_50.tsv vs 10x-rep1-kallisto-cellbender-X/regulons_50.tsv	bd-rhap-rep1-X/regulons_50.tsv	10x-rep1-kallisto-cellbender-X/regulons_50.tsv
1217	pDC	FCER1A	0.25	50	50	50	20	bd-rhap-rep1-X/regulons_50.tsv vs 10x-rep1-kallisto-cellbender-X/regulons_50.tsv	bd-rhap-rep1-X/regulons_50.tsv	10x-rep1-kallisto-cellbender-X/regulons_50.tsv
1218	pDC	HLA-DQA1	0.3698630136986301	50	50	50	20	bd-rhap-rep1-X/regulons_50.tsv vs 10x-rep1-kallisto-cellbender-X/regulons_50.tsv	bd-rhap-rep1-X/regulons_50.tsv	10x-rep1-kallisto-cellbender-X/regulons_50.tsv
1219	b_cells	TAGLN2	0.26582278481012656	50	50	50	20	bd-rhap-rep1-X/regulons_50.tsv vs 10x-rep1-kallisto-cellbender-X/regulons_50.tsv	bd-rhap-rep1-X/regulons_50.tsv	10x-rep1-kallisto-cellbender-X/regulons_50.tsv
1220	pDC	ARL4C	0.20481927710843373	50	50	50	20	bd-rhap-rep1-X/regulons_50.tsv vs 10x-rep1-kallisto-cellbender-X/regulons_50.tsv	bd-rhap-rep1-X/regulons_50.tsv	10x-rep1-kallisto-cellbender-X/regulons_50.tsv
1221	cd4+_tcells	IL2RG	0.3333333333333333	50	50	50	20	bd-rhap-rep1-X/regulons_50.tsv vs 10x-rep1-kallisto-cellbender-X/regulons_50.tsv	bd-rhap-rep1-X/regulons_50.tsv	10x-rep1-kallisto-cellbender-X/regulons_50.tsv
1222	cd14-_monocytes	HLA-DPA1	0.25	50	50	50	20	bd-rhap-rep1-X/regulons_50.tsv vs 10x-rep1-kallisto-cellbender-X/regulons_50.tsv	bd-rhap-rep1-X/regulons_50.tsv	10x-rep1-kallisto-cellbender-X/regulons_50.tsv
1223	pDC	HLA-DQB1	0.26582278481012656	50	50	50	20	bd-rhap-rep1-X/regulons_50.tsv vs 10x-rep1-kallisto-cellbender-X/regulons_50.tsv	bd-rhap-rep1-X/regulons_50.tsv	10x-rep1-kallisto-cellbender-X/regulons_50.tsv
1224	b_cells	HLA-DQA1	0.19047619047619047	50	50	50	20	bd-rhap-rep1-X/regulons_50.tsv vs 10x-rep1-kallisto-cellbender-X/regulons_50.tsv	bd-rhap-rep1-X/regulons_50.tsv	10x-rep1-kallisto-cellbender-X/regulons_50.tsv
1225	DC	HLA-DPA1	0.20481927710843373	50	50	50	20	bd-rhap-rep1-X/regulons_50.tsv vs 10x-rep1-kallisto-cellbender-X/regulons_50.tsv	bd-rhap-rep1-X/regulons_50.tsv	10x-rep1-kallisto-cellbender-X/regulons_50.tsv
1226	cd14+_monocytes	CPVL	0.3333333333333333	50	50	50	20	bd-rhap-rep1-X/regulons_50.tsv vs 10x-rep1-kallisto-cellbender-X/regulons_50.tsv	bd-rhap-rep1-X/regulons_50.tsv	10x-rep1-kallisto-cellbender-X/regulons_50.tsv
1227	cd14-_monocytes	CPVL	0.26582278481012656	50	50	50	20	bd-rhap-rep1-X/regulons_50.tsv vs 10x-rep1-kallisto-cellbender-X/regulons_50.tsv	bd-rhap-rep1-X/regulons_50.tsv	10x-rep1-kallisto-cellbender-X/regulons_50.tsv
1228	cd14-_monocytes	VCAN	0.20481927710843373	50	50	50	20	bd-rhap-rep1-X/regulons_50.tsv vs 10x-rep1-kallisto-cellbender-X/regulons_50.tsv	bd-rhap-rep1-X/regulons_50.tsv	10x-rep1-kallisto-cellbender-X/regulons_50.tsv
1229	b_cells	HLA-DQB1	0.25	50	50	50	20	bd-rhap-rep1-X/regulons_50.tsv vs 10x-rep1-kallisto-cellbender-X/regulons_50.tsv	bd-rhap-rep1-X/regulons_50.tsv	10x-rep1-kallisto-cellbender-X/regulons_50.tsv
1230	pDC	HLA-DPB1	0.3333333333333333	50	50	50	20	bd-rhap-rep1-X/regulons_50.tsv vs 10x-rep1-kallisto-cellbender-X/regulons_50.tsv	bd-rhap-rep1-X/regulons_50.tsv	10x-rep1-kallisto-cellbender-X/regulons_50.tsv
1231	cd14-_monocytes	HLA-DQA1	0.20481927710843373	50	50	50	20	bd-rhap-rep1-X/regulons_50.tsv vs 10x-rep1-kallisto-cellbender-X/regulons_50.tsv	bd-rhap-rep1-X/regulons_50.tsv	10x-rep1-kallisto-cellbender-X/regulons_50.tsv
1232	DC	HLA-DQA1	0.20481927710843373	50	50	50	20	bd-rhap-rep1-X/regulons_50.tsv vs 10x-rep1-kallisto-cellbender-X/regulons_50.tsv	bd-rhap-rep1-X/regulons_50.tsv	10x-rep1-kallisto-cellbender-X/regulons_50.tsv
1233	DC	HLA-DRB1	0.21951219512195122	50	50	50	20	bd-rhap-rep1-X/regulons_50.tsv vs 10x-rep1-kallisto-cellbender-X/regulons_50.tsv	bd-rhap-rep1-X/regulons_50.tsv	10x-rep1-kallisto-cellbender-X/regulons_50.tsv
1234	nk_cells	ARL4C	0.28205128205128205	50	50	50	20	bd-rhap-rep2-X/regulons_50.tsv vs 10x-rep1-kallisto-cellbender-X/regulons_50.tsv	bd-rhap-rep2-X/regulons_50.tsv	10x-rep1-kallisto-cellbender-X/regulons_50.tsv
1235	nk_cells	IFITM2	0.25	50	50	50	20	bd-rhap-rep2-X/regulons_50.tsv vs 10x-rep1-kallisto-cellbender-X/regulons_50.tsv	bd-rhap-rep2-X/regulons_50.tsv	10x-rep1-kallisto-cellbender-X/regulons_50.tsv
1236	cd8+_tcells	TAGLN2	0.26582278481012656	50	50	50	20	bd-rhap-rep2-X/regulons_50.tsv vs 10x-rep1-kallisto-cellbender-X/regulons_50.tsv	bd-rhap-rep2-X/regulons_50.tsv	10x-rep1-kallisto-cellbender-X/regulons_50.tsv
1237	cd14-_monocytes	S100A9	0.12359550561797752	50	50	50	20	bd-rhap-rep2-X/regulons_50.tsv vs 10x-rep1-kallisto-cellbender-X/regulons_50.tsv	bd-rhap-rep2-X/regulons_50.tsv	10x-rep1-kallisto-cellbender-X/regulons_50.tsv
1238	cd4+_tcells	TAGLN2	0.2345679012345679	50	50	50	20	bd-rhap-rep2-X/regulons_50.tsv vs 10x-rep1-kallisto-cellbender-X/regulons_50.tsv	bd-rhap-rep2-X/regulons_50.tsv	10x-rep1-kallisto-cellbender-X/regulons_50.tsv
1239	b_cells	HLA-DPB1	0.19047619047619047	50	50	50	20	bd-rhap-rep2-X/regulons_50.tsv vs 10x-rep1-kallisto-cellbender-X/regulons_50.tsv	bd-rhap-rep2-X/regulons_50.tsv	10x-rep1-kallisto-cellbender-X/regulons_50.tsv
1240	cd14-_monocytes	HLA-DQB1	0.19047619047619047	50	50	50	20	bd-rhap-rep2-X/regulons_50.tsv vs 10x-rep1-kallisto-cellbender-X/regulons_50.tsv	bd-rhap-rep2-X/regulons_50.tsv	10x-rep1-kallisto-cellbender-X/regulons_50.tsv
1241	pDC	HLA-DPA1	0.28205128205128205	50	50	50	20	bd-rhap-rep2-X/regulons_50.tsv vs 10x-rep1-kallisto-cellbender-X/regulons_50.tsv	bd-rhap-rep2-X/regulons_50.tsv	10x-rep1-kallisto-cellbender-X/regulons_50.tsv
1242	DC	HLA-DQB1	0.20481927710843373	50	50	50	20	bd-rhap-rep2-X/regulons_50.tsv vs 10x-rep1-kallisto-cellbender-X/regulons_50.tsv	bd-rhap-rep2-X/regulons_50.tsv	10x-rep1-kallisto-cellbender-X/regulons_50.tsv
1243	cd14-_monocytes	MNDA	0.13636363636363635	50	50	50	20	bd-rhap-rep2-X/regulons_50.tsv vs 10x-rep1-kallisto-cellbender-X/regulons_50.tsv	bd-rhap-rep2-X/regulons_50.tsv	10x-rep1-kallisto-cellbender-X/regulons_50.tsv
1244	cd4+_tcells	ALOX5AP	0.16279069767441862	50	50	50	20	bd-rhap-rep2-X/regulons_50.tsv vs 10x-rep1-kallisto-cellbender-X/regulons_50.tsv	bd-rhap-rep2-X/regulons_50.tsv	10x-rep1-kallisto-cellbender-X/regulons_50.tsv
1245	DC	MNDA	0.0989010989010989	50	50	50	20	bd-rhap-rep2-X/regulons_50.tsv vs 10x-rep1-kallisto-cellbender-X/regulons_50.tsv	bd-rhap-rep2-X/regulons_50.tsv	10x-rep1-kallisto-cellbender-X/regulons_50.tsv
1246	b_cells	HLA-DPA1	0.20481927710843373	50	50	50	20	bd-rhap-rep2-X/regulons_50.tsv vs 10x-rep1-kallisto-cellbender-X/regulons_50.tsv	bd-rhap-rep2-X/regulons_50.tsv	10x-rep1-kallisto-cellbender-X/regulons_50.tsv
1247	cd4+_tcells	ARL4C	0.25	50	50	50	20	bd-rhap-rep2-X/regulons_50.tsv vs 10x-rep1-kallisto-cellbender-X/regulons_50.tsv	bd-rhap-rep2-X/regulons_50.tsv	10x-rep1-kallisto-cellbender-X/regulons_50.tsv
1248	cd4+_tcells	IFITM2	0.3157894736842105	50	50	50	20	bd-rhap-rep2-X/regulons_50.tsv vs 10x-rep1-kallisto-cellbender-X/regulons_50.tsv	bd-rhap-rep2-X/regulons_50.tsv	10x-rep1-kallisto-cellbender-X/regulons_50.tsv
1249	cd14-_monocytes	S100A8	0.1111111111111111	50	50	50	20	bd-rhap-rep2-X/regulons_50.tsv vs 10x-rep1-kallisto-cellbender-X/regulons_50.tsv	bd-rhap-rep2-X/regulons_50.tsv	10x-rep1-kallisto-cellbender-X/regulons_50.tsv
1250	cd14-_monocytes	HLA-DPB1	0.12359550561797752	50	50	50	20	bd-rhap-rep2-X/regulons_50.tsv vs 10x-rep1-kallisto-cellbender-X/regulons_50.tsv	bd-rhap-rep2-X/regulons_50.tsv	10x-rep1-kallisto-cellbender-X/regulons_50.tsv
1251	cd14+_monocytes	ACTN1	0.07526881720430108	50	50	50	20	bd-rhap-rep2-X/regulons_50.tsv vs 10x-rep1-kallisto-cellbender-X/regulons_50.tsv	bd-rhap-rep2-X/regulons_50.tsv	10x-rep1-kallisto-cellbender-X/regulons_50.tsv
1252	DC	HLA-DPB1	0.16279069767441862	50	50	50	20	bd-rhap-rep2-X/regulons_50.tsv vs 10x-rep1-kallisto-cellbender-X/regulons_50.tsv	bd-rhap-rep2-X/regulons_50.tsv	10x-rep1-kallisto-cellbender-X/regulons_50.tsv
1253	cd8+_tcells	ARL4C	0.26582278481012656	50	50	50	20	bd-rhap-rep2-X/regulons_50.tsv vs 10x-rep1-kallisto-cellbender-X/regulons_50.tsv	bd-rhap-rep2-X/regulons_50.tsv	10x-rep1-kallisto-cellbender-X/regulons_50.tsv
1254	cd8+_tcells	IFITM2	0.2345679012345679	50	50	50	20	bd-rhap-rep2-X/regulons_50.tsv vs 10x-rep1-kallisto-cellbender-X/regulons_50.tsv	bd-rhap-rep2-X/regulons_50.tsv	10x-rep1-kallisto-cellbender-X/regulons_50.tsv
1255	pDC	FCER1A	0.35135135135135137	50	50	50	20	bd-rhap-rep2-X/regulons_50.tsv vs 10x-rep1-kallisto-cellbender-X/regulons_50.tsv	bd-rhap-rep2-X/regulons_50.tsv	10x-rep1-kallisto-cellbender-X/regulons_50.tsv
1256	pDC	HLA-DQA1	0.3333333333333333	50	50	50	20	bd-rhap-rep2-X/regulons_50.tsv vs 10x-rep1-kallisto-cellbender-X/regulons_50.tsv	bd-rhap-rep2-X/regulons_50.tsv	10x-rep1-kallisto-cellbender-X/regulons_50.tsv
1257	b_cells	TAGLN2	0.2345679012345679	50	50	50	20	bd-rhap-rep2-X/regulons_50.tsv vs 10x-rep1-kallisto-cellbender-X/regulons_50.tsv	bd-rhap-rep2-X/regulons_50.tsv	10x-rep1-kallisto-cellbender-X/regulons_50.tsv
1258	pDC	ARL4C	0.20481927710843373	50	50	50	20	bd-rhap-rep2-X/regulons_50.tsv vs 10x-rep1-kallisto-cellbender-X/regulons_50.tsv	bd-rhap-rep2-X/regulons_50.tsv	10x-rep1-kallisto-cellbender-X/regulons_50.tsv
1259	cd4+_tcells	IL2RG	0.3333333333333333	50	50	50	20	bd-rhap-rep2-X/regulons_50.tsv vs 10x-rep1-kallisto-cellbender-X/regulons_50.tsv	bd-rhap-rep2-X/regulons_50.tsv	10x-rep1-kallisto-cellbender-X/regulons_50.tsv
1260	cd14-_monocytes	HLA-DPA1	0.14942528735632185	50	50	50	20	bd-rhap-rep2-X/regulons_50.tsv vs 10x-rep1-kallisto-cellbender-X/regulons_50.tsv	bd-rhap-rep2-X/regulons_50.tsv	10x-rep1-kallisto-cellbender-X/regulons_50.tsv
1261	pDC	HLA-DQB1	0.21951219512195122	50	50	50	20	bd-rhap-rep2-X/regulons_50.tsv vs 10x-rep1-kallisto-cellbender-X/regulons_50.tsv	bd-rhap-rep2-X/regulons_50.tsv	10x-rep1-kallisto-cellbender-X/regulons_50.tsv
1262	b_cells	HLA-DQA1	0.14942528735632185	50	50	50	20	bd-rhap-rep2-X/regulons_50.tsv vs 10x-rep1-kallisto-cellbender-X/regulons_50.tsv	bd-rhap-rep2-X/regulons_50.tsv	10x-rep1-kallisto-cellbender-X/regulons_50.tsv
1263	DC	HLA-DPA1	0.16279069767441862	50	50	50	20	bd-rhap-rep2-X/regulons_50.tsv vs 10x-rep1-kallisto-cellbender-X/regulons_50.tsv	bd-rhap-rep2-X/regulons_50.tsv	10x-rep1-kallisto-cellbender-X/regulons_50.tsv
1264	b_cells	HLA-DRB1	0.21951219512195122	50	50	50	20	bd-rhap-rep2-X/regulons_50.tsv vs 10x-rep1-kallisto-cellbender-X/regulons_50.tsv	bd-rhap-rep2-X/regulons_50.tsv	10x-rep1-kallisto-cellbender-X/regulons_50.tsv
1265	cd14+_monocytes	ID2	0.17647058823529413	50	50	50	20	bd-rhap-rep2-X/regulons_50.tsv vs 10x-rep1-kallisto-cellbender-X/regulons_50.tsv	bd-rhap-rep2-X/regulons_50.tsv	10x-rep1-kallisto-cellbender-X/regulons_50.tsv
1266	b_cells	HLA-DQB1	0.17647058823529413	50	50	50	20	bd-rhap-rep2-X/regulons_50.tsv vs 10x-rep1-kallisto-cellbender-X/regulons_50.tsv	bd-rhap-rep2-X/regulons_50.tsv	10x-rep1-kallisto-cellbender-X/regulons_50.tsv
1267	pDC	HLA-DPB1	0.28205128205128205	50	50	50	20	bd-rhap-rep2-X/regulons_50.tsv vs 10x-rep1-kallisto-cellbender-X/regulons_50.tsv	bd-rhap-rep2-X/regulons_50.tsv	10x-rep1-kallisto-cellbender-X/regulons_50.tsv
1268	cd14-_monocytes	HLA-DQA1	0.12359550561797752	50	50	50	20	bd-rhap-rep2-X/regulons_50.tsv vs 10x-rep1-kallisto-cellbender-X/regulons_50.tsv	bd-rhap-rep2-X/regulons_50.tsv	10x-rep1-kallisto-cellbender-X/regulons_50.tsv
1269	DC	HLA-DQA1	0.19047619047619047	50	50	50	20	bd-rhap-rep2-X/regulons_50.tsv vs 10x-rep1-kallisto-cellbender-X/regulons_50.tsv	bd-rhap-rep2-X/regulons_50.tsv	10x-rep1-kallisto-cellbender-X/regulons_50.tsv
1270	DC	HLA-DRB1	0.19047619047619047	50	50	50	20	bd-rhap-rep2-X/regulons_50.tsv vs 10x-rep1-kallisto-cellbender-X/regulons_50.tsv	bd-rhap-rep2-X/regulons_50.tsv	10x-rep1-kallisto-cellbender-X/regulons_50.tsv
1271	DC	ADAM28	0.5384615384615384	10	10	10	50	bd-rhap-rep1-X/regulons_10.tsv vs bd-rhap-rep2-X/regulons_10.tsv	bd-rhap-rep1-X/regulons_10.tsv	bd-rhap-rep2-X/regulons_10.tsv
1272	DC	TPM4	0.6666666666666666	10	10	10	50	bd-rhap-rep1-X/regulons_10.tsv vs bd-rhap-rep2-X/regulons_10.tsv	bd-rhap-rep1-X/regulons_10.tsv	bd-rhap-rep2-X/regulons_10.tsv
1273	b_cells	UVRAG	0.6666666666666666	10	10	10	50	bd-rhap-rep1-X/regulons_10.tsv vs bd-rhap-rep2-X/regulons_10.tsv	bd-rhap-rep1-X/regulons_10.tsv	bd-rhap-rep2-X/regulons_10.tsv
1274	cd8+_tcells	CXCR4	0.42857142857142855	10	10	10	50	bd-rhap-rep1-X/regulons_10.tsv vs bd-rhap-rep2-X/regulons_10.tsv	bd-rhap-rep1-X/regulons_10.tsv	bd-rhap-rep2-X/regulons_10.tsv
1275	pDC	FOXP1	0.42857142857142855	10	10	10	50	bd-rhap-rep1-X/regulons_10.tsv vs bd-rhap-rep2-X/regulons_10.tsv	bd-rhap-rep1-X/regulons_10.tsv	bd-rhap-rep2-X/regulons_10.tsv
1276	b_cells	HLA-DPB1	0.5384615384615384	10	10	10	50	bd-rhap-rep1-X/regulons_10.tsv vs bd-rhap-rep2-X/regulons_10.tsv	bd-rhap-rep1-X/regulons_10.tsv	bd-rhap-rep2-X/regulons_10.tsv
1277	cd14-_monocytes	HLA-DQB1	0.42857142857142855	10	10	10	50	bd-rhap-rep1-X/regulons_10.tsv vs bd-rhap-rep2-X/regulons_10.tsv	bd-rhap-rep1-X/regulons_10.tsv	bd-rhap-rep2-X/regulons_10.tsv
1278	b_cells	HLA-DOA	0.6666666666666666	10	10	10	50	bd-rhap-rep1-X/regulons_10.tsv vs bd-rhap-rep2-X/regulons_10.tsv	bd-rhap-rep1-X/regulons_10.tsv	bd-rhap-rep2-X/regulons_10.tsv
1279	nk_cells	VOPP1	0.42857142857142855	10	10	10	50	bd-rhap-rep1-X/regulons_10.tsv vs bd-rhap-rep2-X/regulons_10.tsv	bd-rhap-rep1-X/regulons_10.tsv	bd-rhap-rep2-X/regulons_10.tsv
1280	cd14+_monocytes	SLC8A1	0.5384615384615384	10	10	10	50	bd-rhap-rep1-X/regulons_10.tsv vs bd-rhap-rep2-X/regulons_10.tsv	bd-rhap-rep1-X/regulons_10.tsv	bd-rhap-rep2-X/regulons_10.tsv
1281	DC	SELL	0.3333333333333333	10	10	10	50	bd-rhap-rep1-X/regulons_10.tsv vs bd-rhap-rep2-X/regulons_10.tsv	bd-rhap-rep1-X/regulons_10.tsv	bd-rhap-rep2-X/regulons_10.tsv
1282	cd4+_tcells	CDC42SE2	1.0	10	10	10	50	bd-rhap-rep1-X/regulons_10.tsv vs bd-rhap-rep2-X/regulons_10.tsv	bd-rhap-rep1-X/regulons_10.tsv	bd-rhap-rep2-X/regulons_10.tsv
1283	cd14+_monocytes	UVRAG	0.6666666666666666	10	10	10	50	bd-rhap-rep1-X/regulons_10.tsv vs bd-rhap-rep2-X/regulons_10.tsv	bd-rhap-rep1-X/regulons_10.tsv	bd-rhap-rep2-X/regulons_10.tsv
1284	b_cells	WDFY4	0.5384615384615384	10	10	10	50	bd-rhap-rep1-X/regulons_10.tsv vs bd-rhap-rep2-X/regulons_10.tsv	bd-rhap-rep1-X/regulons_10.tsv	bd-rhap-rep2-X/regulons_10.tsv
1285	DC	CD74	0.6666666666666666	10	10	10	50	bd-rhap-rep1-X/regulons_10.tsv vs bd-rhap-rep2-X/regulons_10.tsv	bd-rhap-rep1-X/regulons_10.tsv	bd-rhap-rep2-X/regulons_10.tsv
1286	pDC	KIF2A	0.17647058823529413	10	10	10	50	bd-rhap-rep1-X/regulons_10.tsv vs bd-rhap-rep2-X/regulons_10.tsv	bd-rhap-rep1-X/regulons_10.tsv	bd-rhap-rep2-X/regulons_10.tsv
1287	b_cells	VAV3	0.17647058823529413	10	10	10	50	bd-rhap-rep1-X/regulons_10.tsv vs bd-rhap-rep2-X/regulons_10.tsv	bd-rhap-rep1-X/regulons_10.tsv	bd-rhap-rep2-X/regulons_10.tsv
1288	nk_cells	ZFP36L1	0.1111111111111111	10	10	10	50	bd-rhap-rep1-X/regulons_10.tsv vs bd-rhap-rep2-X/regulons_10.tsv	bd-rhap-rep1-X/regulons_10.tsv	bd-rhap-rep2-X/regulons_10.tsv
1289	cd14-_monocytes	IL2RG	0.5384615384615384	10	10	10	50	bd-rhap-rep1-X/regulons_10.tsv vs bd-rhap-rep2-X/regulons_10.tsv	bd-rhap-rep1-X/regulons_10.tsv	bd-rhap-rep2-X/regulons_10.tsv
1290	cd8+_tcells	EPB41	0.3333333333333333	10	10	10	50	bd-rhap-rep1-X/regulons_10.tsv vs bd-rhap-rep2-X/regulons_10.tsv	bd-rhap-rep1-X/regulons_10.tsv	bd-rhap-rep2-X/regulons_10.tsv
1291	pDC	IRF8	0.6666666666666666	10	10	10	50	bd-rhap-rep1-X/regulons_10.tsv vs bd-rhap-rep2-X/regulons_10.tsv	bd-rhap-rep1-X/regulons_10.tsv	bd-rhap-rep2-X/regulons_10.tsv
1292	DC	ZFP36L1	0.8181818181818182	10	10	10	50	bd-rhap-rep1-X/regulons_10.tsv vs bd-rhap-rep2-X/regulons_10.tsv	bd-rhap-rep1-X/regulons_10.tsv	bd-rhap-rep2-X/regulons_10.tsv
1293	DC	UVRAG	0.6666666666666666	10	10	10	50	bd-rhap-rep1-X/regulons_10.tsv vs bd-rhap-rep2-X/regulons_10.tsv	bd-rhap-rep1-X/regulons_10.tsv	bd-rhap-rep2-X/regulons_10.tsv
1294	cd14+_monocytes	SYTL3	0.3333333333333333	10	10	10	50	bd-rhap-rep1-X/regulons_10.tsv vs bd-rhap-rep2-X/regulons_10.tsv	bd-rhap-rep1-X/regulons_10.tsv	bd-rhap-rep2-X/regulons_10.tsv
1295	cd8+_tcells	ATXN1	0.8181818181818182	10	10	10	50	bd-rhap-rep1-X/regulons_10.tsv vs bd-rhap-rep2-X/regulons_10.tsv	bd-rhap-rep1-X/regulons_10.tsv	bd-rhap-rep2-X/regulons_10.tsv
1296	cd14-_monocytes	HDAC9	0.3333333333333333	10	10	10	50	bd-rhap-rep1-X/regulons_10.tsv vs bd-rhap-rep2-X/regulons_10.tsv	bd-rhap-rep1-X/regulons_10.tsv	bd-rhap-rep2-X/regulons_10.tsv
1297	b_cells	HLA-DPA1	0.5384615384615384	10	10	10	50	bd-rhap-rep1-X/regulons_10.tsv vs bd-rhap-rep2-X/regulons_10.tsv	bd-rhap-rep1-X/regulons_10.tsv	bd-rhap-rep2-X/regulons_10.tsv
1298	nk_cells	NFATC2	0.42857142857142855	10	10	10	50	bd-rhap-rep1-X/regulons_10.tsv vs bd-rhap-rep2-X/regulons_10.tsv	bd-rhap-rep1-X/regulons_10.tsv	bd-rhap-rep2-X/regulons_10.tsv
1299	DC	HLA-DPB1	0.6666666666666666	10	10	10	50	bd-rhap-rep1-X/regulons_10.tsv vs bd-rhap-rep2-X/regulons_10.tsv	bd-rhap-rep1-X/regulons_10.tsv	bd-rhap-rep2-X/regulons_10.tsv
1300	DC	HLA-DOA	1.0	10	10	10	50	bd-rhap-rep1-X/regulons_10.tsv vs bd-rhap-rep2-X/regulons_10.tsv	bd-rhap-rep1-X/regulons_10.tsv	bd-rhap-rep2-X/regulons_10.tsv
1301	cd4+_tcells	RUNX1	0.05263157894736842	10	10	10	50	bd-rhap-rep1-X/regulons_10.tsv vs bd-rhap-rep2-X/regulons_10.tsv	bd-rhap-rep1-X/regulons_10.tsv	bd-rhap-rep2-X/regulons_10.tsv
1302	cd8+_tcells	SLAMF7	0.42857142857142855	10	10	10	50	bd-rhap-rep1-X/regulons_10.tsv vs bd-rhap-rep2-X/regulons_10.tsv	bd-rhap-rep1-X/regulons_10.tsv	bd-rhap-rep2-X/regulons_10.tsv
1303	cd14-_monocytes	RGS18	0.0	10	10	10	50	bd-rhap-rep1-X/regulons_10.tsv vs bd-rhap-rep2-X/regulons_10.tsv	bd-rhap-rep1-X/regulons_10.tsv	bd-rhap-rep2-X/regulons_10.tsv
1304	nk_cells	DAB2	0.42857142857142855	10	10	10	50	bd-rhap-rep1-X/regulons_10.tsv vs bd-rhap-rep2-X/regulons_10.tsv	bd-rhap-rep1-X/regulons_10.tsv	bd-rhap-rep2-X/regulons_10.tsv
1305	cd4+_tcells	CCND2	0.42857142857142855	10	10	10	50	bd-rhap-rep1-X/regulons_10.tsv vs bd-rhap-rep2-X/regulons_10.tsv	bd-rhap-rep1-X/regulons_10.tsv	bd-rhap-rep2-X/regulons_10.tsv
1306	b_cells	IRF8	0.25	10	10	10	50	bd-rhap-rep1-X/regulons_10.tsv vs bd-rhap-rep2-X/regulons_10.tsv	bd-rhap-rep1-X/regulons_10.tsv	bd-rhap-rep2-X/regulons_10.tsv
1307	b_cells	CDC42SE2	0.17647058823529413	10	10	10	50	bd-rhap-rep1-X/regulons_10.tsv vs bd-rhap-rep2-X/regulons_10.tsv	bd-rhap-rep1-X/regulons_10.tsv	bd-rhap-rep2-X/regulons_10.tsv
1308	pDC	AFF3	0.42857142857142855	10	10	10	50	bd-rhap-rep1-X/regulons_10.tsv vs bd-rhap-rep2-X/regulons_10.tsv	bd-rhap-rep1-X/regulons_10.tsv	bd-rhap-rep2-X/regulons_10.tsv
1309	cd4+_tcells	THEM4	0.17647058823529413	10	10	10	50	bd-rhap-rep1-X/regulons_10.tsv vs bd-rhap-rep2-X/regulons_10.tsv	bd-rhap-rep1-X/regulons_10.tsv	bd-rhap-rep2-X/regulons_10.tsv
1310	DC	HLA-DPA1	0.6666666666666666	10	10	10	50	bd-rhap-rep1-X/regulons_10.tsv vs bd-rhap-rep2-X/regulons_10.tsv	bd-rhap-rep1-X/regulons_10.tsv	bd-rhap-rep2-X/regulons_10.tsv
1311	pDC	ALCAM	0.3333333333333333	10	10	10	50	bd-rhap-rep1-X/regulons_10.tsv vs bd-rhap-rep2-X/regulons_10.tsv	bd-rhap-rep1-X/regulons_10.tsv	bd-rhap-rep2-X/regulons_10.tsv
1312	b_cells	EPB41	0.5384615384615384	10	10	10	50	bd-rhap-rep1-X/regulons_10.tsv vs bd-rhap-rep2-X/regulons_10.tsv	bd-rhap-rep1-X/regulons_10.tsv	bd-rhap-rep2-X/regulons_10.tsv
1313	pDC	HLA-DRA	0.8181818181818182	10	10	10	50	bd-rhap-rep1-X/regulons_10.tsv vs bd-rhap-rep2-X/regulons_10.tsv	bd-rhap-rep1-X/regulons_10.tsv	bd-rhap-rep2-X/regulons_10.tsv
1314	cd14-_monocytes	ADK	0.42857142857142855	10	10	10	50	bd-rhap-rep1-X/regulons_10.tsv vs bd-rhap-rep2-X/regulons_10.tsv	bd-rhap-rep1-X/regulons_10.tsv	bd-rhap-rep2-X/regulons_10.tsv
1315	cd14-_monocytes	APP	0.25	10	10	10	50	bd-rhap-rep1-X/regulons_10.tsv vs bd-rhap-rep2-X/regulons_10.tsv	bd-rhap-rep1-X/regulons_10.tsv	bd-rhap-rep2-X/regulons_10.tsv
1316	cd14-_monocytes	DOCK10	0.42857142857142855	10	10	10	50	bd-rhap-rep1-X/regulons_10.tsv vs bd-rhap-rep2-X/regulons_10.tsv	bd-rhap-rep1-X/regulons_10.tsv	bd-rhap-rep2-X/regulons_10.tsv
1317	cd14+_monocytes	FCHSD2	0.17647058823529413	10	10	10	50	bd-rhap-rep1-X/regulons_10.tsv vs bd-rhap-rep2-X/regulons_10.tsv	bd-rhap-rep1-X/regulons_10.tsv	bd-rhap-rep2-X/regulons_10.tsv
1318	cd4+_tcells	OFD1	0.3333333333333333	10	10	10	50	bd-rhap-rep1-X/regulons_10.tsv vs bd-rhap-rep2-X/regulons_10.tsv	bd-rhap-rep1-X/regulons_10.tsv	bd-rhap-rep2-X/regulons_10.tsv
1319	pDC	UVRAG	0.6666666666666666	10	10	10	50	bd-rhap-rep1-X/regulons_10.tsv vs bd-rhap-rep2-X/regulons_10.tsv	bd-rhap-rep1-X/regulons_10.tsv	bd-rhap-rep2-X/regulons_10.tsv
1320	cd14-_monocytes	CAMK1D	0.6666666666666666	10	10	10	50	bd-rhap-rep1-X/regulons_10.tsv vs bd-rhap-rep2-X/regulons_10.tsv	bd-rhap-rep1-X/regulons_10.tsv	bd-rhap-rep2-X/regulons_10.tsv
1321	pDC	PLD4	0.6666666666666666	10	10	10	50	bd-rhap-rep1-X/regulons_10.tsv vs bd-rhap-rep2-X/regulons_10.tsv	bd-rhap-rep1-X/regulons_10.tsv	bd-rhap-rep2-X/regulons_10.tsv
1322	nk_cells	CDC42SE2	0.5384615384615384	10	10	10	50	bd-rhap-rep1-X/regulons_10.tsv vs bd-rhap-rep2-X/regulons_10.tsv	bd-rhap-rep1-X/regulons_10.tsv	bd-rhap-rep2-X/regulons_10.tsv
1323	pDC	HLA-DOA	0.6666666666666666	10	10	10	50	bd-rhap-rep1-X/regulons_10.tsv vs bd-rhap-rep2-X/regulons_10.tsv	bd-rhap-rep1-X/regulons_10.tsv	bd-rhap-rep2-X/regulons_10.tsv
1324	pDC	HLA-DPB1	0.6666666666666666	10	10	10	50	bd-rhap-rep1-X/regulons_10.tsv vs bd-rhap-rep2-X/regulons_10.tsv	bd-rhap-rep1-X/regulons_10.tsv	bd-rhap-rep2-X/regulons_10.tsv
1325	b_cells	VOPP1	0.8181818181818182	10	10	10	50	bd-rhap-rep1-X/regulons_10.tsv vs bd-rhap-rep2-X/regulons_10.tsv	bd-rhap-rep1-X/regulons_10.tsv	bd-rhap-rep2-X/regulons_10.tsv
1326	cd14-_monocytes	UBE2E2	0.3333333333333333	10	10	10	50	bd-rhap-rep1-X/regulons_10.tsv vs bd-rhap-rep2-X/regulons_10.tsv	bd-rhap-rep1-X/regulons_10.tsv	bd-rhap-rep2-X/regulons_10.tsv
1327	cd4+_tcells	TRERF1	0.25	10	10	10	50	bd-rhap-rep1-X/regulons_10.tsv vs bd-rhap-rep2-X/regulons_10.tsv	bd-rhap-rep1-X/regulons_10.tsv	bd-rhap-rep2-X/regulons_10.tsv
1328	b_cells	HLA-DRA	0.8181818181818182	10	10	10	50	bd-rhap-rep1-X/regulons_10.tsv vs bd-rhap-rep2-X/regulons_10.tsv	bd-rhap-rep1-X/regulons_10.tsv	bd-rhap-rep2-X/regulons_10.tsv
1329	DC	HLA-DRB1	0.6666666666666666	10	10	10	50	bd-rhap-rep1-X/regulons_10.tsv vs bd-rhap-rep2-X/regulons_10.tsv	bd-rhap-rep1-X/regulons_10.tsv	bd-rhap-rep2-X/regulons_10.tsv
1330	nk_cells	EPB41	0.3333333333333333	10	10	10	50	bd-rhap-rep1-X/regulons_10.tsv vs bd-rhap-rep2-X/regulons_10.tsv	bd-rhap-rep1-X/regulons_10.tsv	bd-rhap-rep2-X/regulons_10.tsv
1331	pDC	MCL1	0.5384615384615384	10	10	10	50	bd-rhap-rep1-X/regulons_10.tsv vs bd-rhap-rep2-X/regulons_10.tsv	bd-rhap-rep1-X/regulons_10.tsv	bd-rhap-rep2-X/regulons_10.tsv
1332	cd8+_tcells	PHACTR2	0.6666666666666666	10	10	10	50	bd-rhap-rep1-X/regulons_10.tsv vs bd-rhap-rep2-X/regulons_10.tsv	bd-rhap-rep1-X/regulons_10.tsv	bd-rhap-rep2-X/regulons_10.tsv
1333	cd14+_monocytes	VOPP1	0.25	10	10	10	50	bd-rhap-rep1-X/regulons_10.tsv vs bd-rhap-rep2-X/regulons_10.tsv	bd-rhap-rep1-X/regulons_10.tsv	bd-rhap-rep2-X/regulons_10.tsv
1334	cd4+_tcells	CXCR4	0.42857142857142855	10	10	10	50	bd-rhap-rep1-X/regulons_10.tsv vs bd-rhap-rep2-X/regulons_10.tsv	bd-rhap-rep1-X/regulons_10.tsv	bd-rhap-rep2-X/regulons_10.tsv
1335	cd8+_tcells	NIBAN1	0.5384615384615384	10	10	10	50	bd-rhap-rep1-X/regulons_10.tsv vs bd-rhap-rep2-X/regulons_10.tsv	bd-rhap-rep1-X/regulons_10.tsv	bd-rhap-rep2-X/regulons_10.tsv
1336	cd14-_monocytes	OAS3	0.3333333333333333	10	10	10	50	bd-rhap-rep1-X/regulons_10.tsv vs bd-rhap-rep2-X/regulons_10.tsv	bd-rhap-rep1-X/regulons_10.tsv	bd-rhap-rep2-X/regulons_10.tsv
1337	pDC	HLA-DPA1	0.8181818181818182	10	10	10	50	bd-rhap-rep1-X/regulons_10.tsv vs bd-rhap-rep2-X/regulons_10.tsv	bd-rhap-rep1-X/regulons_10.tsv	bd-rhap-rep2-X/regulons_10.tsv
1338	cd4+_tcells	ID2	0.17647058823529413	10	10	10	50	bd-rhap-rep1-X/regulons_10.tsv vs bd-rhap-rep2-X/regulons_10.tsv	bd-rhap-rep1-X/regulons_10.tsv	bd-rhap-rep2-X/regulons_10.tsv
1339	cd14+_monocytes	ATP2B4	0.3333333333333333	10	10	10	50	bd-rhap-rep1-X/regulons_10.tsv vs bd-rhap-rep2-X/regulons_10.tsv	bd-rhap-rep1-X/regulons_10.tsv	bd-rhap-rep2-X/regulons_10.tsv
1340	DC	CD1C	0.8181818181818182	10	10	10	50	bd-rhap-rep1-X/regulons_10.tsv vs bd-rhap-rep2-X/regulons_10.tsv	bd-rhap-rep1-X/regulons_10.tsv	bd-rhap-rep2-X/regulons_10.tsv
1341	b_cells	OFD1	0.42857142857142855	10	10	10	50	bd-rhap-rep1-X/regulons_10.tsv vs bd-rhap-rep2-X/regulons_10.tsv	bd-rhap-rep1-X/regulons_10.tsv	bd-rhap-rep2-X/regulons_10.tsv
1342	DC	HLA-DRA	0.6666666666666666	10	10	10	50	bd-rhap-rep1-X/regulons_10.tsv vs bd-rhap-rep2-X/regulons_10.tsv	bd-rhap-rep1-X/regulons_10.tsv	bd-rhap-rep2-X/regulons_10.tsv
1343	nk_cells	CCND2	0.25	10	10	10	50	bd-rhap-rep1-X/regulons_10.tsv vs bd-rhap-rep2-X/regulons_10.tsv	bd-rhap-rep1-X/regulons_10.tsv	bd-rhap-rep2-X/regulons_10.tsv
1344	cd14+_monocytes	SLC40A1	0.3333333333333333	10	10	10	50	bd-rhap-rep1-X/regulons_10.tsv vs bd-rhap-rep2-X/regulons_10.tsv	bd-rhap-rep1-X/regulons_10.tsv	bd-rhap-rep2-X/regulons_10.tsv
1345	cd4+_tcells	ARL4C	0.6666666666666666	10	10	10	50	bd-rhap-rep1-X/regulons_10.tsv vs bd-rhap-rep2-X/regulons_10.tsv	bd-rhap-rep1-X/regulons_10.tsv	bd-rhap-rep2-X/regulons_10.tsv
1346	pDC	CDC42SE2	0.05263157894736842	10	10	10	50	bd-rhap-rep1-X/regulons_10.tsv vs bd-rhap-rep2-X/regulons_10.tsv	bd-rhap-rep1-X/regulons_10.tsv	bd-rhap-rep2-X/regulons_10.tsv
1347	cd14-_monocytes	PACS1	0.17647058823529413	10	10	10	50	bd-rhap-rep1-X/regulons_10.tsv vs bd-rhap-rep2-X/regulons_10.tsv	bd-rhap-rep1-X/regulons_10.tsv	bd-rhap-rep2-X/regulons_10.tsv
1348	nk_cells	GPRIN3	0.42857142857142855	10	10	10	50	bd-rhap-rep1-X/regulons_10.tsv vs bd-rhap-rep2-X/regulons_10.tsv	bd-rhap-rep1-X/regulons_10.tsv	bd-rhap-rep2-X/regulons_10.tsv
1349	cd4+_tcells	CMIP	0.3333333333333333	10	10	10	50	bd-rhap-rep1-X/regulons_10.tsv vs bd-rhap-rep2-X/regulons_10.tsv	bd-rhap-rep1-X/regulons_10.tsv	bd-rhap-rep2-X/regulons_10.tsv
1350	nk_cells	OFD1	0.42857142857142855	10	10	10	50	bd-rhap-rep1-X/regulons_10.tsv vs bd-rhap-rep2-X/regulons_10.tsv	bd-rhap-rep1-X/regulons_10.tsv	bd-rhap-rep2-X/regulons_10.tsv
1351	DC	MCL1	0.3333333333333333	10	10	10	50	bd-rhap-rep1-X/regulons_10.tsv vs bd-rhap-rep2-X/regulons_10.tsv	bd-rhap-rep1-X/regulons_10.tsv	bd-rhap-rep2-X/regulons_10.tsv
1352	b_cells	PALM2AKAP2	1.0	10	10	10	50	bd-rhap-rep1-X/regulons_10.tsv vs bd-rhap-rep2-X/regulons_10.tsv	bd-rhap-rep1-X/regulons_10.tsv	bd-rhap-rep2-X/regulons_10.tsv
1353	cd4+_tcells	ELMO1	0.25	10	10	10	50	bd-rhap-rep1-X/regulons_10.tsv vs bd-rhap-rep2-X/regulons_10.tsv	bd-rhap-rep1-X/regulons_10.tsv	bd-rhap-rep2-X/regulons_10.tsv
1354	cd4+_tcells	IL2RG	0.5384615384615384	10	10	10	50	bd-rhap-rep1-X/regulons_10.tsv vs bd-rhap-rep2-X/regulons_10.tsv	bd-rhap-rep1-X/regulons_10.tsv	bd-rhap-rep2-X/regulons_10.tsv
1355	pDC	PPP1R14B	0.6666666666666666	10	10	10	50	bd-rhap-rep1-X/regulons_10.tsv vs bd-rhap-rep2-X/regulons_10.tsv	bd-rhap-rep1-X/regulons_10.tsv	bd-rhap-rep2-X/regulons_10.tsv
1356	cd14-_monocytes	CMAHP--chr6:25061611(-)	0.8181818181818182	10	10	10	50	bd-rhap-rep1-X/regulons_10.tsv vs bd-rhap-rep2-X/regulons_10.tsv	bd-rhap-rep1-X/regulons_10.tsv	bd-rhap-rep2-X/regulons_10.tsv
1357	cd8+_tcells	IL2RG	0.5384615384615384	10	10	10	50	bd-rhap-rep1-X/regulons_10.tsv vs bd-rhap-rep2-X/regulons_10.tsv	bd-rhap-rep1-X/regulons_10.tsv	bd-rhap-rep2-X/regulons_10.tsv
1358	cd14+_monocytes	NR4A1	0.42857142857142855	10	10	10	50	bd-rhap-rep1-X/regulons_10.tsv vs bd-rhap-rep2-X/regulons_10.tsv	bd-rhap-rep1-X/regulons_10.tsv	bd-rhap-rep2-X/regulons_10.tsv
1359	nk_cells	TAGLN2	0.25	10	10	10	50	bd-rhap-rep1-X/regulons_10.tsv vs bd-rhap-rep2-X/regulons_10.tsv	bd-rhap-rep1-X/regulons_10.tsv	bd-rhap-rep2-X/regulons_10.tsv
1360	cd8+_tcells	H4C3	0.42857142857142855	10	10	10	50	bd-rhap-rep1-X/regulons_10.tsv vs bd-rhap-rep2-X/regulons_10.tsv	bd-rhap-rep1-X/regulons_10.tsv	bd-rhap-rep2-X/regulons_10.tsv
1361	DC	ID2	0.3333333333333333	10	10	10	50	bd-rhap-rep1-X/regulons_10.tsv vs bd-rhap-rep2-X/regulons_10.tsv	bd-rhap-rep1-X/regulons_10.tsv	bd-rhap-rep2-X/regulons_10.tsv
1362	cd14-_monocytes	EVL	0.5384615384615384	10	10	10	50	bd-rhap-rep1-X/regulons_10.tsv vs bd-rhap-rep2-X/regulons_10.tsv	bd-rhap-rep1-X/regulons_10.tsv	bd-rhap-rep2-X/regulons_10.tsv
1363	cd14+_monocytes	CHN2	0.6666666666666666	10	10	10	50	bd-rhap-rep1-X/regulons_10.tsv vs bd-rhap-rep2-X/regulons_10.tsv	bd-rhap-rep1-X/regulons_10.tsv	bd-rhap-rep2-X/regulons_10.tsv
1364	b_cells	ELMO1	0.6666666666666666	10	10	10	50	bd-rhap-rep1-X/regulons_10.tsv vs bd-rhap-rep2-X/regulons_10.tsv	bd-rhap-rep1-X/regulons_10.tsv	bd-rhap-rep2-X/regulons_10.tsv
1365	pDC	SPN	0.1111111111111111	10	10	10	50	bd-rhap-rep1-X/regulons_10.tsv vs bd-rhap-rep2-X/regulons_10.tsv	bd-rhap-rep1-X/regulons_10.tsv	bd-rhap-rep2-X/regulons_10.tsv
1366	cd8+_tcells	C12orf75	0.1111111111111111	10	10	10	50	bd-rhap-rep1-X/regulons_10.tsv vs bd-rhap-rep2-X/regulons_10.tsv	bd-rhap-rep1-X/regulons_10.tsv	bd-rhap-rep2-X/regulons_10.tsv
1367	nk_cells	ARL4C	0.6666666666666666	10	10	10	50	bd-rhap-rep1-X/regulons_10.tsv vs bd-rhap-rep2-X/regulons_10.tsv	bd-rhap-rep1-X/regulons_10.tsv	bd-rhap-rep2-X/regulons_10.tsv
1368	cd4+_tcells	PHACTR2	0.25	10	10	10	50	bd-rhap-rep1-X/regulons_10.tsv vs bd-rhap-rep2-X/regulons_10.tsv	bd-rhap-rep1-X/regulons_10.tsv	bd-rhap-rep2-X/regulons_10.tsv
1369	pDC	FLT3	0.3333333333333333	10	10	10	50	bd-rhap-rep1-X/regulons_10.tsv vs bd-rhap-rep2-X/regulons_10.tsv	bd-rhap-rep1-X/regulons_10.tsv	bd-rhap-rep2-X/regulons_10.tsv
1370	b_cells	HDAC9	0.8181818181818182	10	10	10	50	bd-rhap-rep1-X/regulons_10.tsv vs bd-rhap-rep2-X/regulons_10.tsv	bd-rhap-rep1-X/regulons_10.tsv	bd-rhap-rep2-X/regulons_10.tsv
1371	pDC	TLN1	0.25	10	10	10	50	bd-rhap-rep1-X/regulons_10.tsv vs bd-rhap-rep2-X/regulons_10.tsv	bd-rhap-rep1-X/regulons_10.tsv	bd-rhap-rep2-X/regulons_10.tsv
1372	cd4+_tcells	NIBAN1	0.05263157894736842	10	10	10	50	bd-rhap-rep1-X/regulons_10.tsv vs bd-rhap-rep2-X/regulons_10.tsv	bd-rhap-rep1-X/regulons_10.tsv	bd-rhap-rep2-X/regulons_10.tsv
1373	cd14-_monocytes	VOPP1	0.3333333333333333	10	10	10	50	bd-rhap-rep1-X/regulons_10.tsv vs bd-rhap-rep2-X/regulons_10.tsv	bd-rhap-rep1-X/regulons_10.tsv	bd-rhap-rep2-X/regulons_10.tsv
1374	cd14-_monocytes	HLA-DRA	0.5384615384615384	10	10	10	50	bd-rhap-rep1-X/regulons_10.tsv vs bd-rhap-rep2-X/regulons_10.tsv	bd-rhap-rep1-X/regulons_10.tsv	bd-rhap-rep2-X/regulons_10.tsv
1375	b_cells	SLC38A1	0.42857142857142855	10	10	10	50	bd-rhap-rep1-X/regulons_10.tsv vs bd-rhap-rep2-X/regulons_10.tsv	bd-rhap-rep1-X/regulons_10.tsv	bd-rhap-rep2-X/regulons_10.tsv
1376	cd14+_monocytes	PLXDC2	0.42857142857142855	10	10	10	50	bd-rhap-rep1-X/regulons_10.tsv vs bd-rhap-rep2-X/regulons_10.tsv	bd-rhap-rep1-X/regulons_10.tsv	bd-rhap-rep2-X/regulons_10.tsv
1377	b_cells	FCGR2B	0.8181818181818182	10	10	10	50	bd-rhap-rep1-X/regulons_10.tsv vs bd-rhap-rep2-X/regulons_10.tsv	bd-rhap-rep1-X/regulons_10.tsv	bd-rhap-rep2-X/regulons_10.tsv
1378	cd14+_monocytes	HDAC9	0.5384615384615384	10	10	10	50	bd-rhap-rep1-X/regulons_10.tsv vs bd-rhap-rep2-X/regulons_10.tsv	bd-rhap-rep1-X/regulons_10.tsv	bd-rhap-rep2-X/regulons_10.tsv
1379	pDC	TAGLN2	0.42857142857142855	10	10	10	50	bd-rhap-rep1-X/regulons_10.tsv vs bd-rhap-rep2-X/regulons_10.tsv	bd-rhap-rep1-X/regulons_10.tsv	bd-rhap-rep2-X/regulons_10.tsv
1380	nk_cells	IL2RG	0.42857142857142855	10	10	10	50	bd-rhap-rep1-X/regulons_10.tsv vs bd-rhap-rep2-X/regulons_10.tsv	bd-rhap-rep1-X/regulons_10.tsv	bd-rhap-rep2-X/regulons_10.tsv
1381	cd14-_monocytes	UVRAG	0.6666666666666666	10	10	10	50	bd-rhap-rep1-X/regulons_10.tsv vs bd-rhap-rep2-X/regulons_10.tsv	bd-rhap-rep1-X/regulons_10.tsv	bd-rhap-rep2-X/regulons_10.tsv
1382	cd14-_monocytes	PLD4	0.5384615384615384	10	10	10	50	bd-rhap-rep1-X/regulons_10.tsv vs bd-rhap-rep2-X/regulons_10.tsv	bd-rhap-rep1-X/regulons_10.tsv	bd-rhap-rep2-X/regulons_10.tsv
1383	DC	ENSG00000290039	0.25	10	10	10	50	bd-rhap-rep1-X/regulons_10.tsv vs bd-rhap-rep2-X/regulons_10.tsv	bd-rhap-rep1-X/regulons_10.tsv	bd-rhap-rep2-X/regulons_10.tsv
1384	nk_cells	SLC38A1	0.5384615384615384	10	10	10	50	bd-rhap-rep1-X/regulons_10.tsv vs bd-rhap-rep2-X/regulons_10.tsv	bd-rhap-rep1-X/regulons_10.tsv	bd-rhap-rep2-X/regulons_10.tsv
1385	cd8+_tcells	TLK1	0.3333333333333333	10	10	10	50	bd-rhap-rep1-X/regulons_10.tsv vs bd-rhap-rep2-X/regulons_10.tsv	bd-rhap-rep1-X/regulons_10.tsv	bd-rhap-rep2-X/regulons_10.tsv
1386	nk_cells	H4C3	0.17647058823529413	10	10	10	50	bd-rhap-rep1-X/regulons_10.tsv vs bd-rhap-rep2-X/regulons_10.tsv	bd-rhap-rep1-X/regulons_10.tsv	bd-rhap-rep2-X/regulons_10.tsv
1387	pDC	ARL4C	0.5384615384615384	10	10	10	50	bd-rhap-rep1-X/regulons_10.tsv vs bd-rhap-rep2-X/regulons_10.tsv	bd-rhap-rep1-X/regulons_10.tsv	bd-rhap-rep2-X/regulons_10.tsv
1388	cd8+_tcells	ZFP36L1	0.17647058823529413	10	10	10	50	bd-rhap-rep1-X/regulons_10.tsv vs bd-rhap-rep2-X/regulons_10.tsv	bd-rhap-rep1-X/regulons_10.tsv	bd-rhap-rep2-X/regulons_10.tsv
1389	cd14-_monocytes	HLA-DPA1	0.5384615384615384	10	10	10	50	bd-rhap-rep1-X/regulons_10.tsv vs bd-rhap-rep2-X/regulons_10.tsv	bd-rhap-rep1-X/regulons_10.tsv	bd-rhap-rep2-X/regulons_10.tsv
1390	pDC	HLA-DQB1	0.6666666666666666	10	10	10	50	bd-rhap-rep1-X/regulons_10.tsv vs bd-rhap-rep2-X/regulons_10.tsv	bd-rhap-rep1-X/regulons_10.tsv	bd-rhap-rep2-X/regulons_10.tsv
1391	b_cells	HLA-DQA1	0.5384615384615384	10	10	10	50	bd-rhap-rep1-X/regulons_10.tsv vs bd-rhap-rep2-X/regulons_10.tsv	bd-rhap-rep1-X/regulons_10.tsv	bd-rhap-rep2-X/regulons_10.tsv
1392	cd8+_tcells	HLA-DPB1	0.6666666666666666	10	10	10	50	bd-rhap-rep1-X/regulons_10.tsv vs bd-rhap-rep2-X/regulons_10.tsv	bd-rhap-rep1-X/regulons_10.tsv	bd-rhap-rep2-X/regulons_10.tsv
1393	cd14+_monocytes	PHACTR2	0.42857142857142855	10	10	10	50	bd-rhap-rep1-X/regulons_10.tsv vs bd-rhap-rep2-X/regulons_10.tsv	bd-rhap-rep1-X/regulons_10.tsv	bd-rhap-rep2-X/regulons_10.tsv
1394	cd14+_monocytes	IGFBP7	0.3333333333333333	10	10	10	50	bd-rhap-rep1-X/regulons_10.tsv vs bd-rhap-rep2-X/regulons_10.tsv	bd-rhap-rep1-X/regulons_10.tsv	bd-rhap-rep2-X/regulons_10.tsv
1395	cd14+_monocytes	MAML3	0.42857142857142855	10	10	10	50	bd-rhap-rep1-X/regulons_10.tsv vs bd-rhap-rep2-X/regulons_10.tsv	bd-rhap-rep1-X/regulons_10.tsv	bd-rhap-rep2-X/regulons_10.tsv
1396	b_cells	BCL11A	0.5384615384615384	10	10	10	50	bd-rhap-rep1-X/regulons_10.tsv vs bd-rhap-rep2-X/regulons_10.tsv	bd-rhap-rep1-X/regulons_10.tsv	bd-rhap-rep2-X/regulons_10.tsv
1397	cd14-_monocytes	ID2	0.5384615384615384	10	10	10	50	bd-rhap-rep1-X/regulons_10.tsv vs bd-rhap-rep2-X/regulons_10.tsv	bd-rhap-rep1-X/regulons_10.tsv	bd-rhap-rep2-X/regulons_10.tsv
1398	cd14+_monocytes	LCORL	0.3333333333333333	10	10	10	50	bd-rhap-rep1-X/regulons_10.tsv vs bd-rhap-rep2-X/regulons_10.tsv	bd-rhap-rep1-X/regulons_10.tsv	bd-rhap-rep2-X/regulons_10.tsv
1399	b_cells	HLA-DQB1	0.6666666666666666	10	10	10	50	bd-rhap-rep1-X/regulons_10.tsv vs bd-rhap-rep2-X/regulons_10.tsv	bd-rhap-rep1-X/regulons_10.tsv	bd-rhap-rep2-X/regulons_10.tsv
1400	pDC	HDAC9	0.5384615384615384	10	10	10	50	bd-rhap-rep1-X/regulons_10.tsv vs bd-rhap-rep2-X/regulons_10.tsv	bd-rhap-rep1-X/regulons_10.tsv	bd-rhap-rep2-X/regulons_10.tsv
1401	cd4+_tcells	H4C3	0.5384615384615384	10	10	10	50	bd-rhap-rep1-X/regulons_10.tsv vs bd-rhap-rep2-X/regulons_10.tsv	bd-rhap-rep1-X/regulons_10.tsv	bd-rhap-rep2-X/regulons_10.tsv
1402	nk_cells	TPM4	0.25	10	10	10	50	bd-rhap-rep1-X/regulons_10.tsv vs bd-rhap-rep2-X/regulons_10.tsv	bd-rhap-rep1-X/regulons_10.tsv	bd-rhap-rep2-X/regulons_10.tsv
1403	DC	HLA-DQA1	0.6666666666666666	10	10	10	50	bd-rhap-rep1-X/regulons_10.tsv vs bd-rhap-rep2-X/regulons_10.tsv	bd-rhap-rep1-X/regulons_10.tsv	bd-rhap-rep2-X/regulons_10.tsv
1404	cd14-_monocytes	LDLRAD4	0.1111111111111111	10	10	10	50	bd-rhap-rep1-X/regulons_10.tsv vs bd-rhap-rep2-X/regulons_10.tsv	bd-rhap-rep1-X/regulons_10.tsv	bd-rhap-rep2-X/regulons_10.tsv
1405	b_cells	PRKACB	0.3333333333333333	10	10	10	50	bd-rhap-rep1-X/regulons_10.tsv vs bd-rhap-rep2-X/regulons_10.tsv	bd-rhap-rep1-X/regulons_10.tsv	bd-rhap-rep2-X/regulons_10.tsv
1406	cd8+_tcells	ANKRD44	0.42857142857142855	10	10	10	50	bd-rhap-rep1-X/regulons_10.tsv vs bd-rhap-rep2-X/regulons_10.tsv	bd-rhap-rep1-X/regulons_10.tsv	bd-rhap-rep2-X/regulons_10.tsv
1407	pDC	SLC38A1	0.5384615384615384	10	10	10	50	bd-rhap-rep1-X/regulons_10.tsv vs bd-rhap-rep2-X/regulons_10.tsv	bd-rhap-rep1-X/regulons_10.tsv	bd-rhap-rep2-X/regulons_10.tsv
1408	pDC	GPR183	0.8181818181818182	10	10	10	50	bd-rhap-rep1-X/regulons_10.tsv vs bd-rhap-rep2-X/regulons_10.tsv	bd-rhap-rep1-X/regulons_10.tsv	bd-rhap-rep2-X/regulons_10.tsv
1409	cd4+_tcells	KIF2A	0.5384615384615384	10	10	10	50	bd-rhap-rep1-X/regulons_10.tsv vs bd-rhap-rep2-X/regulons_10.tsv	bd-rhap-rep1-X/regulons_10.tsv	bd-rhap-rep2-X/regulons_10.tsv
1410	cd4+_tcells	ARB2A	0.0	10	10	10	50	bd-rhap-rep1-X/regulons_10.tsv vs bd-rhap-rep2-X/regulons_10.tsv	bd-rhap-rep1-X/regulons_10.tsv	bd-rhap-rep2-X/regulons_10.tsv
1411	b_cells	IL2RG	0.5384615384615384	10	10	10	50	bd-rhap-rep1-X/regulons_10.tsv vs bd-rhap-rep2-X/regulons_10.tsv	bd-rhap-rep1-X/regulons_10.tsv	bd-rhap-rep2-X/regulons_10.tsv
1412	cd14-_monocytes	SLAMF7	0.5384615384615384	10	10	10	50	bd-rhap-rep1-X/regulons_10.tsv vs bd-rhap-rep2-X/regulons_10.tsv	bd-rhap-rep1-X/regulons_10.tsv	bd-rhap-rep2-X/regulons_10.tsv
1413	DC	ARL4C	0.8181818181818182	10	10	10	50	bd-rhap-rep1-X/regulons_10.tsv vs bd-rhap-rep2-X/regulons_10.tsv	bd-rhap-rep1-X/regulons_10.tsv	bd-rhap-rep2-X/regulons_10.tsv
1414	DC	IFITM2	0.5384615384615384	10	10	10	50	bd-rhap-rep1-X/regulons_10.tsv vs bd-rhap-rep2-X/regulons_10.tsv	bd-rhap-rep1-X/regulons_10.tsv	bd-rhap-rep2-X/regulons_10.tsv
1415	cd8+_tcells	CDC42SE2	0.8181818181818182	10	10	10	50	bd-rhap-rep1-X/regulons_10.tsv vs bd-rhap-rep2-X/regulons_10.tsv	bd-rhap-rep1-X/regulons_10.tsv	bd-rhap-rep2-X/regulons_10.tsv
1416	cd4+_tcells	DOCK10	0.25	10	10	10	50	bd-rhap-rep1-X/regulons_10.tsv vs bd-rhap-rep2-X/regulons_10.tsv	bd-rhap-rep1-X/regulons_10.tsv	bd-rhap-rep2-X/regulons_10.tsv
1417	DC	HLA-DQB1	0.8181818181818182	10	10	10	50	bd-rhap-rep1-X/regulons_10.tsv vs bd-rhap-rep2-X/regulons_10.tsv	bd-rhap-rep1-X/regulons_10.tsv	bd-rhap-rep2-X/regulons_10.tsv
1418	cd4+_tcells	CAMK1D	0.17647058823529413	10	10	10	50	bd-rhap-rep1-X/regulons_10.tsv vs bd-rhap-rep2-X/regulons_10.tsv	bd-rhap-rep1-X/regulons_10.tsv	bd-rhap-rep2-X/regulons_10.tsv
1419	pDC	HIP1	0.25	10	10	10	50	bd-rhap-rep1-X/regulons_10.tsv vs bd-rhap-rep2-X/regulons_10.tsv	bd-rhap-rep1-X/regulons_10.tsv	bd-rhap-rep2-X/regulons_10.tsv
1420	cd14+_monocytes	FRMD4B	0.42857142857142855	10	10	10	50	bd-rhap-rep1-X/regulons_10.tsv vs bd-rhap-rep2-X/regulons_10.tsv	bd-rhap-rep1-X/regulons_10.tsv	bd-rhap-rep2-X/regulons_10.tsv
1421	cd4+_tcells	SELL	0.3333333333333333	10	10	10	50	bd-rhap-rep1-X/regulons_10.tsv vs bd-rhap-rep2-X/regulons_10.tsv	bd-rhap-rep1-X/regulons_10.tsv	bd-rhap-rep2-X/regulons_10.tsv
1422	b_cells	CCDC50	0.6666666666666666	10	10	10	50	bd-rhap-rep1-X/regulons_10.tsv vs bd-rhap-rep2-X/regulons_10.tsv	bd-rhap-rep1-X/regulons_10.tsv	bd-rhap-rep2-X/regulons_10.tsv
1423	b_cells	H4C3	0.25	10	10	10	50	bd-rhap-rep1-X/regulons_10.tsv vs bd-rhap-rep2-X/regulons_10.tsv	bd-rhap-rep1-X/regulons_10.tsv	bd-rhap-rep2-X/regulons_10.tsv
1424	cd8+_tcells	EVL	0.6666666666666666	10	10	10	50	bd-rhap-rep1-X/regulons_10.tsv vs bd-rhap-rep2-X/regulons_10.tsv	bd-rhap-rep1-X/regulons_10.tsv	bd-rhap-rep2-X/regulons_10.tsv
1425	nk_cells	STAG1	0.05263157894736842	10	10	10	50	bd-rhap-rep1-X/regulons_10.tsv vs bd-rhap-rep2-X/regulons_10.tsv	bd-rhap-rep1-X/regulons_10.tsv	bd-rhap-rep2-X/regulons_10.tsv
1426	cd14+_monocytes	ACTN1	0.5384615384615384	10	10	10	50	bd-rhap-rep1-X/regulons_10.tsv vs bd-rhap-rep2-X/regulons_10.tsv	bd-rhap-rep1-X/regulons_10.tsv	bd-rhap-rep2-X/regulons_10.tsv
1427	cd8+_tcells	RUNX1	0.17647058823529413	10	10	10	50	bd-rhap-rep1-X/regulons_10.tsv vs bd-rhap-rep2-X/regulons_10.tsv	bd-rhap-rep1-X/regulons_10.tsv	bd-rhap-rep2-X/regulons_10.tsv
1428	pDC	SELL	0.5384615384615384	10	10	10	50	bd-rhap-rep1-X/regulons_10.tsv vs bd-rhap-rep2-X/regulons_10.tsv	bd-rhap-rep1-X/regulons_10.tsv	bd-rhap-rep2-X/regulons_10.tsv
1429	pDC	FCER1A	0.25	10	10	10	50	bd-rhap-rep1-X/regulons_10.tsv vs bd-rhap-rep2-X/regulons_10.tsv	bd-rhap-rep1-X/regulons_10.tsv	bd-rhap-rep2-X/regulons_10.tsv
1430	cd4+_tcells	VOPP1	0.42857142857142855	10	10	10	50	bd-rhap-rep1-X/regulons_10.tsv vs bd-rhap-rep2-X/regulons_10.tsv	bd-rhap-rep1-X/regulons_10.tsv	bd-rhap-rep2-X/regulons_10.tsv
1431	pDC	HLA-DQA1	0.6666666666666666	10	10	10	50	bd-rhap-rep1-X/regulons_10.tsv vs bd-rhap-rep2-X/regulons_10.tsv	bd-rhap-rep1-X/regulons_10.tsv	bd-rhap-rep2-X/regulons_10.tsv
1432	nk_cells	PACS1	0.25	10	10	10	50	bd-rhap-rep1-X/regulons_10.tsv vs bd-rhap-rep2-X/regulons_10.tsv	bd-rhap-rep1-X/regulons_10.tsv	bd-rhap-rep2-X/regulons_10.tsv
1433	nk_cells	VAV3	0.5384615384615384	10	10	10	50	bd-rhap-rep1-X/regulons_10.tsv vs bd-rhap-rep2-X/regulons_10.tsv	bd-rhap-rep1-X/regulons_10.tsv	bd-rhap-rep2-X/regulons_10.tsv
1434	cd14-_monocytes	CCNH	0.0	10	10	10	50	bd-rhap-rep1-X/regulons_10.tsv vs bd-rhap-rep2-X/regulons_10.tsv	bd-rhap-rep1-X/regulons_10.tsv	bd-rhap-rep2-X/regulons_10.tsv
1435	cd4+_tcells	TLK1	0.1111111111111111	10	10	10	50	bd-rhap-rep1-X/regulons_10.tsv vs bd-rhap-rep2-X/regulons_10.tsv	bd-rhap-rep1-X/regulons_10.tsv	bd-rhap-rep2-X/regulons_10.tsv
1436	b_cells	DOCK10	0.42857142857142855	10	10	10	50	bd-rhap-rep1-X/regulons_10.tsv vs bd-rhap-rep2-X/regulons_10.tsv	bd-rhap-rep1-X/regulons_10.tsv	bd-rhap-rep2-X/regulons_10.tsv
1437	b_cells	FCHSD2	0.5384615384615384	10	10	10	50	bd-rhap-rep1-X/regulons_10.tsv vs bd-rhap-rep2-X/regulons_10.tsv	bd-rhap-rep1-X/regulons_10.tsv	bd-rhap-rep2-X/regulons_10.tsv
1438	nk_cells	ANKRD44	0.25	10	10	10	50	bd-rhap-rep1-X/regulons_10.tsv vs bd-rhap-rep2-X/regulons_10.tsv	bd-rhap-rep1-X/regulons_10.tsv	bd-rhap-rep2-X/regulons_10.tsv
1439	b_cells	CAMK1D	0.6666666666666666	10	10	10	50	bd-rhap-rep1-X/regulons_10.tsv vs bd-rhap-rep2-X/regulons_10.tsv	bd-rhap-rep1-X/regulons_10.tsv	bd-rhap-rep2-X/regulons_10.tsv
1440	cd4+_tcells	MACF1	0.42857142857142855	10	10	10	50	bd-rhap-rep1-X/regulons_10.tsv vs bd-rhap-rep2-X/regulons_10.tsv	bd-rhap-rep1-X/regulons_10.tsv	bd-rhap-rep2-X/regulons_10.tsv
1441	b_cells	SELL	0.5384615384615384	10	10	10	50	bd-rhap-rep1-X/regulons_10.tsv vs bd-rhap-rep2-X/regulons_10.tsv	bd-rhap-rep1-X/regulons_10.tsv	bd-rhap-rep2-X/regulons_10.tsv
1442	cd8+_tcells	NFATC2	0.25	10	10	10	50	bd-rhap-rep1-X/regulons_10.tsv vs bd-rhap-rep2-X/regulons_10.tsv	bd-rhap-rep1-X/regulons_10.tsv	bd-rhap-rep2-X/regulons_10.tsv
1443	b_cells	ADAM28	0.6666666666666666	10	10	10	50	bd-rhap-rep1-X/regulons_10.tsv vs bd-rhap-rep2-X/regulons_10.tsv	bd-rhap-rep1-X/regulons_10.tsv	bd-rhap-rep2-X/regulons_10.tsv
1444	b_cells	TPM4	0.6666666666666666	10	10	10	50	bd-rhap-rep1-X/regulons_10.tsv vs bd-rhap-rep2-X/regulons_10.tsv	bd-rhap-rep1-X/regulons_10.tsv	bd-rhap-rep2-X/regulons_10.tsv
1445	pDC	CD74	0.6666666666666666	10	10	10	50	bd-rhap-rep1-X/regulons_10.tsv vs bd-rhap-rep2-X/regulons_10.tsv	bd-rhap-rep1-X/regulons_10.tsv	bd-rhap-rep2-X/regulons_10.tsv
1446	cd14-_monocytes	FAM117B	0.25	10	10	10	50	bd-rhap-rep1-X/regulons_10.tsv vs bd-rhap-rep2-X/regulons_10.tsv	bd-rhap-rep1-X/regulons_10.tsv	bd-rhap-rep2-X/regulons_10.tsv
1447	nk_cells	KIF2A	0.17647058823529413	10	10	10	50	bd-rhap-rep1-X/regulons_10.tsv vs bd-rhap-rep2-X/regulons_10.tsv	bd-rhap-rep1-X/regulons_10.tsv	bd-rhap-rep2-X/regulons_10.tsv
1448	cd14+_monocytes	CAMK1D	0.6666666666666666	10	10	10	50	bd-rhap-rep1-X/regulons_10.tsv vs bd-rhap-rep2-X/regulons_10.tsv	bd-rhap-rep1-X/regulons_10.tsv	bd-rhap-rep2-X/regulons_10.tsv
1449	DC	LYN	0.5384615384615384	10	10	10	50	bd-rhap-rep1-X/regulons_10.tsv vs bd-rhap-rep2-X/regulons_10.tsv	bd-rhap-rep1-X/regulons_10.tsv	bd-rhap-rep2-X/regulons_10.tsv
1450	b_cells	AFF3	0.5384615384615384	10	10	10	50	bd-rhap-rep1-X/regulons_10.tsv vs bd-rhap-rep2-X/regulons_10.tsv	bd-rhap-rep1-X/regulons_10.tsv	bd-rhap-rep2-X/regulons_10.tsv
1451	nk_cells	LPP	0.42857142857142855	10	10	10	50	bd-rhap-rep1-X/regulons_10.tsv vs bd-rhap-rep2-X/regulons_10.tsv	bd-rhap-rep1-X/regulons_10.tsv	bd-rhap-rep2-X/regulons_10.tsv
1452	cd14+_monocytes	HLA-DQA1	0.6666666666666666	10	10	10	50	bd-rhap-rep1-X/regulons_10.tsv vs bd-rhap-rep2-X/regulons_10.tsv	bd-rhap-rep1-X/regulons_10.tsv	bd-rhap-rep2-X/regulons_10.tsv
1453	nk_cells	DOCK10	0.1111111111111111	10	10	10	50	bd-rhap-rep1-X/regulons_10.tsv vs bd-rhap-rep2-X/regulons_10.tsv	bd-rhap-rep1-X/regulons_10.tsv	bd-rhap-rep2-X/regulons_10.tsv
1454	nk_cells	CD2	0.6666666666666666	10	10	10	50	bd-rhap-rep1-X/regulons_10.tsv vs bd-rhap-rep2-X/regulons_10.tsv	bd-rhap-rep1-X/regulons_10.tsv	bd-rhap-rep2-X/regulons_10.tsv
1455	nk_cells	SELL	0.42857142857142855	10	10	10	50	bd-rhap-rep1-X/regulons_10.tsv vs bd-rhap-rep2-X/regulons_10.tsv	bd-rhap-rep1-X/regulons_10.tsv	bd-rhap-rep2-X/regulons_10.tsv
1456	b_cells	CD74	0.8181818181818182	10	10	10	50	bd-rhap-rep1-X/regulons_10.tsv vs bd-rhap-rep2-X/regulons_10.tsv	bd-rhap-rep1-X/regulons_10.tsv	bd-rhap-rep2-X/regulons_10.tsv
1457	cd4+_tcells	ANKRD44	0.3333333333333333	10	10	10	50	bd-rhap-rep1-X/regulons_10.tsv vs bd-rhap-rep2-X/regulons_10.tsv	bd-rhap-rep1-X/regulons_10.tsv	bd-rhap-rep2-X/regulons_10.tsv
1458	cd8+_tcells	MAP3K5	0.17647058823529413	10	10	10	50	bd-rhap-rep1-X/regulons_10.tsv vs bd-rhap-rep2-X/regulons_10.tsv	bd-rhap-rep1-X/regulons_10.tsv	bd-rhap-rep2-X/regulons_10.tsv
1459	DC	FCER1A	0.42857142857142855	10	10	10	50	bd-rhap-rep1-X/regulons_10.tsv vs bd-rhap-rep2-X/regulons_10.tsv	bd-rhap-rep1-X/regulons_10.tsv	bd-rhap-rep2-X/regulons_10.tsv
1460	pDC	WDFY4	0.5384615384615384	10	10	10	50	bd-rhap-rep1-X/regulons_10.tsv vs bd-rhap-rep2-X/regulons_10.tsv	bd-rhap-rep1-X/regulons_10.tsv	bd-rhap-rep2-X/regulons_10.tsv
1461	DC	TPM4	0.17647058823529413	10	10	10	50	bd-rhap-rep1-X/regulons_10.tsv vs 10x-rep1-kallisto-cellbender-X/regulons_10.tsv	bd-rhap-rep1-X/regulons_10.tsv	10x-rep1-kallisto-cellbender-X/regulons_10.tsv
1462	nk_cells	BIN1	0.17647058823529413	10	10	10	50	bd-rhap-rep1-X/regulons_10.tsv vs 10x-rep1-kallisto-cellbender-X/regulons_10.tsv	bd-rhap-rep1-X/regulons_10.tsv	10x-rep1-kallisto-cellbender-X/regulons_10.tsv
1463	cd8+_tcells	CXCR4	0.3333333333333333	10	10	10	50	bd-rhap-rep1-X/regulons_10.tsv vs 10x-rep1-kallisto-cellbender-X/regulons_10.tsv	bd-rhap-rep1-X/regulons_10.tsv	10x-rep1-kallisto-cellbender-X/regulons_10.tsv
1464	b_cells	HLA-DPB1	0.42857142857142855	10	10	10	50	bd-rhap-rep1-X/regulons_10.tsv vs 10x-rep1-kallisto-cellbender-X/regulons_10.tsv	bd-rhap-rep1-X/regulons_10.tsv	10x-rep1-kallisto-cellbender-X/regulons_10.tsv
1465	cd14-_monocytes	HLA-DQB1	0.8181818181818182	10	10	10	50	bd-rhap-rep1-X/regulons_10.tsv vs 10x-rep1-kallisto-cellbender-X/regulons_10.tsv	bd-rhap-rep1-X/regulons_10.tsv	10x-rep1-kallisto-cellbender-X/regulons_10.tsv
1466	cd8+_tcells	ID2	0.1111111111111111	10	10	10	50	bd-rhap-rep1-X/regulons_10.tsv vs 10x-rep1-kallisto-cellbender-X/regulons_10.tsv	bd-rhap-rep1-X/regulons_10.tsv	10x-rep1-kallisto-cellbender-X/regulons_10.tsv
1467	DC	CD74	0.42857142857142855	10	10	10	50	bd-rhap-rep1-X/regulons_10.tsv vs 10x-rep1-kallisto-cellbender-X/regulons_10.tsv	bd-rhap-rep1-X/regulons_10.tsv	10x-rep1-kallisto-cellbender-X/regulons_10.tsv
1468	cd4+_tcells	EPB41	0.25	10	10	10	50	bd-rhap-rep1-X/regulons_10.tsv vs 10x-rep1-kallisto-cellbender-X/regulons_10.tsv	bd-rhap-rep1-X/regulons_10.tsv	10x-rep1-kallisto-cellbender-X/regulons_10.tsv
1469	pDC	IRF8	0.5384615384615384	10	10	10	50	bd-rhap-rep1-X/regulons_10.tsv vs 10x-rep1-kallisto-cellbender-X/regulons_10.tsv	bd-rhap-rep1-X/regulons_10.tsv	10x-rep1-kallisto-cellbender-X/regulons_10.tsv
1470	cd8+_tcells	EPB41	0.25	10	10	10	50	bd-rhap-rep1-X/regulons_10.tsv vs 10x-rep1-kallisto-cellbender-X/regulons_10.tsv	bd-rhap-rep1-X/regulons_10.tsv	10x-rep1-kallisto-cellbender-X/regulons_10.tsv
1471	b_cells	HLA-DPA1	0.42857142857142855	10	10	10	50	bd-rhap-rep1-X/regulons_10.tsv vs 10x-rep1-kallisto-cellbender-X/regulons_10.tsv	bd-rhap-rep1-X/regulons_10.tsv	10x-rep1-kallisto-cellbender-X/regulons_10.tsv
1472	DC	HLA-DPB1	0.8181818181818182	10	10	10	50	bd-rhap-rep1-X/regulons_10.tsv vs 10x-rep1-kallisto-cellbender-X/regulons_10.tsv	bd-rhap-rep1-X/regulons_10.tsv	10x-rep1-kallisto-cellbender-X/regulons_10.tsv
1473	cd4+_tcells	CCND2	0.25	10	10	10	50	bd-rhap-rep1-X/regulons_10.tsv vs 10x-rep1-kallisto-cellbender-X/regulons_10.tsv	bd-rhap-rep1-X/regulons_10.tsv	10x-rep1-kallisto-cellbender-X/regulons_10.tsv
1474	b_cells	IRF8	0.42857142857142855	10	10	10	50	bd-rhap-rep1-X/regulons_10.tsv vs 10x-rep1-kallisto-cellbender-X/regulons_10.tsv	bd-rhap-rep1-X/regulons_10.tsv	10x-rep1-kallisto-cellbender-X/regulons_10.tsv
1475	pDC	HLA-DRA	0.6666666666666666	10	10	10	50	bd-rhap-rep1-X/regulons_10.tsv vs 10x-rep1-kallisto-cellbender-X/regulons_10.tsv	bd-rhap-rep1-X/regulons_10.tsv	10x-rep1-kallisto-cellbender-X/regulons_10.tsv
1476	pDC	PLD4	0.5384615384615384	10	10	10	50	bd-rhap-rep1-X/regulons_10.tsv vs 10x-rep1-kallisto-cellbender-X/regulons_10.tsv	bd-rhap-rep1-X/regulons_10.tsv	10x-rep1-kallisto-cellbender-X/regulons_10.tsv
1477	pDC	HLA-DPB1	0.5384615384615384	10	10	10	50	bd-rhap-rep1-X/regulons_10.tsv vs 10x-rep1-kallisto-cellbender-X/regulons_10.tsv	bd-rhap-rep1-X/regulons_10.tsv	10x-rep1-kallisto-cellbender-X/regulons_10.tsv
1478	b_cells	HLA-DRA	0.5384615384615384	10	10	10	50	bd-rhap-rep1-X/regulons_10.tsv vs 10x-rep1-kallisto-cellbender-X/regulons_10.tsv	bd-rhap-rep1-X/regulons_10.tsv	10x-rep1-kallisto-cellbender-X/regulons_10.tsv
1479	DC	HLA-DRB1	0.6666666666666666	10	10	10	50	bd-rhap-rep1-X/regulons_10.tsv vs 10x-rep1-kallisto-cellbender-X/regulons_10.tsv	bd-rhap-rep1-X/regulons_10.tsv	10x-rep1-kallisto-cellbender-X/regulons_10.tsv
1480	cd4+_tcells	CXCR4	0.3333333333333333	10	10	10	50	bd-rhap-rep1-X/regulons_10.tsv vs 10x-rep1-kallisto-cellbender-X/regulons_10.tsv	bd-rhap-rep1-X/regulons_10.tsv	10x-rep1-kallisto-cellbender-X/regulons_10.tsv
1481	DC	LST1	0.25	10	10	10	50	bd-rhap-rep1-X/regulons_10.tsv vs 10x-rep1-kallisto-cellbender-X/regulons_10.tsv	bd-rhap-rep1-X/regulons_10.tsv	10x-rep1-kallisto-cellbender-X/regulons_10.tsv
1482	pDC	HLA-DPA1	0.5384615384615384	10	10	10	50	bd-rhap-rep1-X/regulons_10.tsv vs 10x-rep1-kallisto-cellbender-X/regulons_10.tsv	bd-rhap-rep1-X/regulons_10.tsv	10x-rep1-kallisto-cellbender-X/regulons_10.tsv
1483	cd14-_monocytes	MNDA	0.3333333333333333	10	10	10	50	bd-rhap-rep1-X/regulons_10.tsv vs 10x-rep1-kallisto-cellbender-X/regulons_10.tsv	bd-rhap-rep1-X/regulons_10.tsv	10x-rep1-kallisto-cellbender-X/regulons_10.tsv
1484	DC	CD1C	0.8181818181818182	10	10	10	50	bd-rhap-rep1-X/regulons_10.tsv vs 10x-rep1-kallisto-cellbender-X/regulons_10.tsv	bd-rhap-rep1-X/regulons_10.tsv	10x-rep1-kallisto-cellbender-X/regulons_10.tsv
1485	DC	HLA-DRA	0.5384615384615384	10	10	10	50	bd-rhap-rep1-X/regulons_10.tsv vs 10x-rep1-kallisto-cellbender-X/regulons_10.tsv	bd-rhap-rep1-X/regulons_10.tsv	10x-rep1-kallisto-cellbender-X/regulons_10.tsv
1486	DC	AIF1	0.0	10	10	10	50	bd-rhap-rep1-X/regulons_10.tsv vs 10x-rep1-kallisto-cellbender-X/regulons_10.tsv	bd-rhap-rep1-X/regulons_10.tsv	10x-rep1-kallisto-cellbender-X/regulons_10.tsv
1487	cd4+_tcells	ARL4C	0.1111111111111111	10	10	10	50	bd-rhap-rep1-X/regulons_10.tsv vs 10x-rep1-kallisto-cellbender-X/regulons_10.tsv	bd-rhap-rep1-X/regulons_10.tsv	10x-rep1-kallisto-cellbender-X/regulons_10.tsv
1488	pDC	HLA-DRB1	0.5384615384615384	10	10	10	50	bd-rhap-rep1-X/regulons_10.tsv vs 10x-rep1-kallisto-cellbender-X/regulons_10.tsv	bd-rhap-rep1-X/regulons_10.tsv	10x-rep1-kallisto-cellbender-X/regulons_10.tsv
1489	pDC	TLE5	0.17647058823529413	10	10	10	50	bd-rhap-rep1-X/regulons_10.tsv vs 10x-rep1-kallisto-cellbender-X/regulons_10.tsv	bd-rhap-rep1-X/regulons_10.tsv	10x-rep1-kallisto-cellbender-X/regulons_10.tsv
1490	cd4+_tcells	IL2RG	0.25	10	10	10	50	bd-rhap-rep1-X/regulons_10.tsv vs 10x-rep1-kallisto-cellbender-X/regulons_10.tsv	bd-rhap-rep1-X/regulons_10.tsv	10x-rep1-kallisto-cellbender-X/regulons_10.tsv
1491	pDC	PPP1R14B	0.17647058823529413	10	10	10	50	bd-rhap-rep1-X/regulons_10.tsv vs 10x-rep1-kallisto-cellbender-X/regulons_10.tsv	bd-rhap-rep1-X/regulons_10.tsv	10x-rep1-kallisto-cellbender-X/regulons_10.tsv
1492	cd8+_tcells	IL2RG	0.05263157894736842	10	10	10	50	bd-rhap-rep1-X/regulons_10.tsv vs 10x-rep1-kallisto-cellbender-X/regulons_10.tsv	bd-rhap-rep1-X/regulons_10.tsv	10x-rep1-kallisto-cellbender-X/regulons_10.tsv
1493	nk_cells	TAGLN2	0.05263157894736842	10	10	10	50	bd-rhap-rep1-X/regulons_10.tsv vs 10x-rep1-kallisto-cellbender-X/regulons_10.tsv	bd-rhap-rep1-X/regulons_10.tsv	10x-rep1-kallisto-cellbender-X/regulons_10.tsv
1494	DC	TAGLN2	0.42857142857142855	10	10	10	50	bd-rhap-rep1-X/regulons_10.tsv vs 10x-rep1-kallisto-cellbender-X/regulons_10.tsv	bd-rhap-rep1-X/regulons_10.tsv	10x-rep1-kallisto-cellbender-X/regulons_10.tsv
1495	pDC	AIF1	0.0	10	10	10	50	bd-rhap-rep1-X/regulons_10.tsv vs 10x-rep1-kallisto-cellbender-X/regulons_10.tsv	bd-rhap-rep1-X/regulons_10.tsv	10x-rep1-kallisto-cellbender-X/regulons_10.tsv
1496	cd8+_tcells	H4C3	0.6666666666666666	10	10	10	50	bd-rhap-rep1-X/regulons_10.tsv vs 10x-rep1-kallisto-cellbender-X/regulons_10.tsv	bd-rhap-rep1-X/regulons_10.tsv	10x-rep1-kallisto-cellbender-X/regulons_10.tsv
1497	DC	ID2	0.1111111111111111	10	10	10	50	bd-rhap-rep1-X/regulons_10.tsv vs 10x-rep1-kallisto-cellbender-X/regulons_10.tsv	bd-rhap-rep1-X/regulons_10.tsv	10x-rep1-kallisto-cellbender-X/regulons_10.tsv
1498	cd14-_monocytes	EVL	0.1111111111111111	10	10	10	50	bd-rhap-rep1-X/regulons_10.tsv vs 10x-rep1-kallisto-cellbender-X/regulons_10.tsv	bd-rhap-rep1-X/regulons_10.tsv	10x-rep1-kallisto-cellbender-X/regulons_10.tsv
1499	nk_cells	BTG2	0.17647058823529413	10	10	10	50	bd-rhap-rep1-X/regulons_10.tsv vs 10x-rep1-kallisto-cellbender-X/regulons_10.tsv	bd-rhap-rep1-X/regulons_10.tsv	10x-rep1-kallisto-cellbender-X/regulons_10.tsv
1500	cd8+_tcells	C12orf75	0.17647058823529413	10	10	10	50	bd-rhap-rep1-X/regulons_10.tsv vs 10x-rep1-kallisto-cellbender-X/regulons_10.tsv	bd-rhap-rep1-X/regulons_10.tsv	10x-rep1-kallisto-cellbender-X/regulons_10.tsv
1501	cd14+_monocytes	TLE5	0.05263157894736842	10	10	10	50	bd-rhap-rep1-X/regulons_10.tsv vs 10x-rep1-kallisto-cellbender-X/regulons_10.tsv	bd-rhap-rep1-X/regulons_10.tsv	10x-rep1-kallisto-cellbender-X/regulons_10.tsv
1502	nk_cells	ARL4C	0.42857142857142855	10	10	10	50	bd-rhap-rep1-X/regulons_10.tsv vs 10x-rep1-kallisto-cellbender-X/regulons_10.tsv	bd-rhap-rep1-X/regulons_10.tsv	10x-rep1-kallisto-cellbender-X/regulons_10.tsv
1503	pDC	TAGLN2	0.5384615384615384	10	10	10	50	bd-rhap-rep1-X/regulons_10.tsv vs 10x-rep1-kallisto-cellbender-X/regulons_10.tsv	bd-rhap-rep1-X/regulons_10.tsv	10x-rep1-kallisto-cellbender-X/regulons_10.tsv
1504	nk_cells	IL2RG	0.3333333333333333	10	10	10	50	bd-rhap-rep1-X/regulons_10.tsv vs 10x-rep1-kallisto-cellbender-X/regulons_10.tsv	bd-rhap-rep1-X/regulons_10.tsv	10x-rep1-kallisto-cellbender-X/regulons_10.tsv
1505	cd8+_tcells	BIN1	0.3333333333333333	10	10	10	50	bd-rhap-rep1-X/regulons_10.tsv vs 10x-rep1-kallisto-cellbender-X/regulons_10.tsv	bd-rhap-rep1-X/regulons_10.tsv	10x-rep1-kallisto-cellbender-X/regulons_10.tsv
1506	b_cells	JUN	0.3333333333333333	10	10	10	50	bd-rhap-rep1-X/regulons_10.tsv vs 10x-rep1-kallisto-cellbender-X/regulons_10.tsv	bd-rhap-rep1-X/regulons_10.tsv	10x-rep1-kallisto-cellbender-X/regulons_10.tsv
1507	b_cells	FOS	0.1111111111111111	10	10	10	50	bd-rhap-rep1-X/regulons_10.tsv vs 10x-rep1-kallisto-cellbender-X/regulons_10.tsv	bd-rhap-rep1-X/regulons_10.tsv	10x-rep1-kallisto-cellbender-X/regulons_10.tsv
1508	DC	SLC38A1	0.1111111111111111	10	10	10	50	bd-rhap-rep1-X/regulons_10.tsv vs 10x-rep1-kallisto-cellbender-X/regulons_10.tsv	bd-rhap-rep1-X/regulons_10.tsv	10x-rep1-kallisto-cellbender-X/regulons_10.tsv
1509	nk_cells	H4C3	0.17647058823529413	10	10	10	50	bd-rhap-rep1-X/regulons_10.tsv vs 10x-rep1-kallisto-cellbender-X/regulons_10.tsv	bd-rhap-rep1-X/regulons_10.tsv	10x-rep1-kallisto-cellbender-X/regulons_10.tsv
1510	pDC	ARL4C	0.05263157894736842	10	10	10	50	bd-rhap-rep1-X/regulons_10.tsv vs 10x-rep1-kallisto-cellbender-X/regulons_10.tsv	bd-rhap-rep1-X/regulons_10.tsv	10x-rep1-kallisto-cellbender-X/regulons_10.tsv
1511	pDC	HLA-DQB1	0.42857142857142855	10	10	10	50	bd-rhap-rep1-X/regulons_10.tsv vs 10x-rep1-kallisto-cellbender-X/regulons_10.tsv	bd-rhap-rep1-X/regulons_10.tsv	10x-rep1-kallisto-cellbender-X/regulons_10.tsv
1512	b_cells	HLA-DQA1	0.42857142857142855	10	10	10	50	bd-rhap-rep1-X/regulons_10.tsv vs 10x-rep1-kallisto-cellbender-X/regulons_10.tsv	bd-rhap-rep1-X/regulons_10.tsv	10x-rep1-kallisto-cellbender-X/regulons_10.tsv
1513	DC	CLEC10A	0.42857142857142855	10	10	10	50	bd-rhap-rep1-X/regulons_10.tsv vs 10x-rep1-kallisto-cellbender-X/regulons_10.tsv	bd-rhap-rep1-X/regulons_10.tsv	10x-rep1-kallisto-cellbender-X/regulons_10.tsv
1514	b_cells	BCL11A	0.42857142857142855	10	10	10	50	bd-rhap-rep1-X/regulons_10.tsv vs 10x-rep1-kallisto-cellbender-X/regulons_10.tsv	bd-rhap-rep1-X/regulons_10.tsv	10x-rep1-kallisto-cellbender-X/regulons_10.tsv
1515	cd14-_monocytes	ID2	0.0	10	10	10	50	bd-rhap-rep1-X/regulons_10.tsv vs 10x-rep1-kallisto-cellbender-X/regulons_10.tsv	bd-rhap-rep1-X/regulons_10.tsv	10x-rep1-kallisto-cellbender-X/regulons_10.tsv
1516	b_cells	HLA-DQB1	0.42857142857142855	10	10	10	50	bd-rhap-rep1-X/regulons_10.tsv vs 10x-rep1-kallisto-cellbender-X/regulons_10.tsv	bd-rhap-rep1-X/regulons_10.tsv	10x-rep1-kallisto-cellbender-X/regulons_10.tsv
1517	cd4+_tcells	H4C3	0.25	10	10	10	50	bd-rhap-rep1-X/regulons_10.tsv vs 10x-rep1-kallisto-cellbender-X/regulons_10.tsv	bd-rhap-rep1-X/regulons_10.tsv	10x-rep1-kallisto-cellbender-X/regulons_10.tsv
1518	cd14-_monocytes	HLA-DRB1	0.8181818181818182	10	10	10	50	bd-rhap-rep1-X/regulons_10.tsv vs 10x-rep1-kallisto-cellbender-X/regulons_10.tsv	bd-rhap-rep1-X/regulons_10.tsv	10x-rep1-kallisto-cellbender-X/regulons_10.tsv
1519	nk_cells	TPM4	0.05263157894736842	10	10	10	50	bd-rhap-rep1-X/regulons_10.tsv vs 10x-rep1-kallisto-cellbender-X/regulons_10.tsv	bd-rhap-rep1-X/regulons_10.tsv	10x-rep1-kallisto-cellbender-X/regulons_10.tsv
1520	DC	HLA-DQA1	0.5384615384615384	10	10	10	50	bd-rhap-rep1-X/regulons_10.tsv vs 10x-rep1-kallisto-cellbender-X/regulons_10.tsv	bd-rhap-rep1-X/regulons_10.tsv	10x-rep1-kallisto-cellbender-X/regulons_10.tsv
1521	pDC	SLC38A1	0.25	10	10	10	50	bd-rhap-rep1-X/regulons_10.tsv vs 10x-rep1-kallisto-cellbender-X/regulons_10.tsv	bd-rhap-rep1-X/regulons_10.tsv	10x-rep1-kallisto-cellbender-X/regulons_10.tsv
1522	pDC	GPR183	0.5384615384615384	10	10	10	50	bd-rhap-rep1-X/regulons_10.tsv vs 10x-rep1-kallisto-cellbender-X/regulons_10.tsv	bd-rhap-rep1-X/regulons_10.tsv	10x-rep1-kallisto-cellbender-X/regulons_10.tsv
1523	cd4+_tcells	KIF2A	0.42857142857142855	10	10	10	50	bd-rhap-rep1-X/regulons_10.tsv vs 10x-rep1-kallisto-cellbender-X/regulons_10.tsv	bd-rhap-rep1-X/regulons_10.tsv	10x-rep1-kallisto-cellbender-X/regulons_10.tsv
1524	pDC	H4C3	0.25	10	10	10	50	bd-rhap-rep1-X/regulons_10.tsv vs 10x-rep1-kallisto-cellbender-X/regulons_10.tsv	bd-rhap-rep1-X/regulons_10.tsv	10x-rep1-kallisto-cellbender-X/regulons_10.tsv
1525	DC	ARL4C	0.17647058823529413	10	10	10	50	bd-rhap-rep1-X/regulons_10.tsv vs 10x-rep1-kallisto-cellbender-X/regulons_10.tsv	bd-rhap-rep1-X/regulons_10.tsv	10x-rep1-kallisto-cellbender-X/regulons_10.tsv
1526	pDC	CST3	0.25	10	10	10	50	bd-rhap-rep1-X/regulons_10.tsv vs 10x-rep1-kallisto-cellbender-X/regulons_10.tsv	bd-rhap-rep1-X/regulons_10.tsv	10x-rep1-kallisto-cellbender-X/regulons_10.tsv
1527	DC	HLA-DQB1	0.5384615384615384	10	10	10	50	bd-rhap-rep1-X/regulons_10.tsv vs 10x-rep1-kallisto-cellbender-X/regulons_10.tsv	bd-rhap-rep1-X/regulons_10.tsv	10x-rep1-kallisto-cellbender-X/regulons_10.tsv
1528	b_cells	CCDC50	0.8181818181818182	10	10	10	50	bd-rhap-rep1-X/regulons_10.tsv vs 10x-rep1-kallisto-cellbender-X/regulons_10.tsv	bd-rhap-rep1-X/regulons_10.tsv	10x-rep1-kallisto-cellbender-X/regulons_10.tsv
1529	b_cells	H4C3	0.25	10	10	10	50	bd-rhap-rep1-X/regulons_10.tsv vs 10x-rep1-kallisto-cellbender-X/regulons_10.tsv	bd-rhap-rep1-X/regulons_10.tsv	10x-rep1-kallisto-cellbender-X/regulons_10.tsv
1530	cd14+_monocytes	ACTN1	0.25	10	10	10	50	bd-rhap-rep1-X/regulons_10.tsv vs 10x-rep1-kallisto-cellbender-X/regulons_10.tsv	bd-rhap-rep1-X/regulons_10.tsv	10x-rep1-kallisto-cellbender-X/regulons_10.tsv
1531	cd14+_monocytes	RGS18	0.3333333333333333	10	10	10	50	bd-rhap-rep1-X/regulons_10.tsv vs 10x-rep1-kallisto-cellbender-X/regulons_10.tsv	bd-rhap-rep1-X/regulons_10.tsv	10x-rep1-kallisto-cellbender-X/regulons_10.tsv
1532	pDC	FCER1A	0.25	10	10	10	50	bd-rhap-rep1-X/regulons_10.tsv vs 10x-rep1-kallisto-cellbender-X/regulons_10.tsv	bd-rhap-rep1-X/regulons_10.tsv	10x-rep1-kallisto-cellbender-X/regulons_10.tsv
1533	cd14-_monocytes	CEBPD	0.42857142857142855	10	10	10	50	bd-rhap-rep1-X/regulons_10.tsv vs 10x-rep1-kallisto-cellbender-X/regulons_10.tsv	bd-rhap-rep1-X/regulons_10.tsv	10x-rep1-kallisto-cellbender-X/regulons_10.tsv
1534	pDC	BCL11A	0.42857142857142855	10	10	10	50	bd-rhap-rep1-X/regulons_10.tsv vs 10x-rep1-kallisto-cellbender-X/regulons_10.tsv	bd-rhap-rep1-X/regulons_10.tsv	10x-rep1-kallisto-cellbender-X/regulons_10.tsv
1535	pDC	CD74	0.5384615384615384	10	10	10	50	bd-rhap-rep1-X/regulons_10.tsv vs 10x-rep1-kallisto-cellbender-X/regulons_10.tsv	bd-rhap-rep1-X/regulons_10.tsv	10x-rep1-kallisto-cellbender-X/regulons_10.tsv
1536	cd14-_monocytes	LMO4	0.25	10	10	10	50	bd-rhap-rep1-X/regulons_10.tsv vs 10x-rep1-kallisto-cellbender-X/regulons_10.tsv	bd-rhap-rep1-X/regulons_10.tsv	10x-rep1-kallisto-cellbender-X/regulons_10.tsv
1537	DC	CST3	0.42857142857142855	10	10	10	50	bd-rhap-rep1-X/regulons_10.tsv vs 10x-rep1-kallisto-cellbender-X/regulons_10.tsv	bd-rhap-rep1-X/regulons_10.tsv	10x-rep1-kallisto-cellbender-X/regulons_10.tsv
1538	nk_cells	C12orf75	0.3333333333333333	10	10	10	50	bd-rhap-rep1-X/regulons_10.tsv vs 10x-rep1-kallisto-cellbender-X/regulons_10.tsv	bd-rhap-rep1-X/regulons_10.tsv	10x-rep1-kallisto-cellbender-X/regulons_10.tsv
1539	cd14+_monocytes	CPVL	0.42857142857142855	10	10	10	50	bd-rhap-rep1-X/regulons_10.tsv vs 10x-rep1-kallisto-cellbender-X/regulons_10.tsv	bd-rhap-rep1-X/regulons_10.tsv	10x-rep1-kallisto-cellbender-X/regulons_10.tsv
1540	nk_cells	ACAP1	0.1111111111111111	10	10	10	50	bd-rhap-rep1-X/regulons_10.tsv vs 10x-rep1-kallisto-cellbender-X/regulons_10.tsv	bd-rhap-rep1-X/regulons_10.tsv	10x-rep1-kallisto-cellbender-X/regulons_10.tsv
1541	b_cells	CD74	0.6666666666666666	10	10	10	50	bd-rhap-rep1-X/regulons_10.tsv vs 10x-rep1-kallisto-cellbender-X/regulons_10.tsv	bd-rhap-rep1-X/regulons_10.tsv	10x-rep1-kallisto-cellbender-X/regulons_10.tsv
1542	DC	FCER1A	0.17647058823529413	10	10	10	50	bd-rhap-rep1-X/regulons_10.tsv vs 10x-rep1-kallisto-cellbender-X/regulons_10.tsv	bd-rhap-rep1-X/regulons_10.tsv	10x-rep1-kallisto-cellbender-X/regulons_10.tsv
1543	nk_cells	EVL	0.1111111111111111	10	10	10	50	bd-rhap-rep1-X/regulons_10.tsv vs 10x-rep1-kallisto-cellbender-X/regulons_10.tsv	bd-rhap-rep1-X/regulons_10.tsv	10x-rep1-kallisto-cellbender-X/regulons_10.tsv
1544	DC	TPM4	0.1111111111111111	10	10	10	50	bd-rhap-rep2-X/regulons_10.tsv vs 10x-rep1-kallisto-cellbender-X/regulons_10.tsv	bd-rhap-rep2-X/regulons_10.tsv	10x-rep1-kallisto-cellbender-X/regulons_10.tsv
1545	cd8+_tcells	C12orf75	0.25	10	10	10	50	bd-rhap-rep2-X/regulons_10.tsv vs 10x-rep1-kallisto-cellbender-X/regulons_10.tsv	bd-rhap-rep2-X/regulons_10.tsv	10x-rep1-kallisto-cellbender-X/regulons_10.tsv
1546	cd8+_tcells	KIF2A	0.5384615384615384	10	10	10	50	bd-rhap-rep2-X/regulons_10.tsv vs 10x-rep1-kallisto-cellbender-X/regulons_10.tsv	bd-rhap-rep2-X/regulons_10.tsv	10x-rep1-kallisto-cellbender-X/regulons_10.tsv
1547	nk_cells	ARL4C	0.3333333333333333	10	10	10	50	bd-rhap-rep2-X/regulons_10.tsv vs 10x-rep1-kallisto-cellbender-X/regulons_10.tsv	bd-rhap-rep2-X/regulons_10.tsv	10x-rep1-kallisto-cellbender-X/regulons_10.tsv
1548	pDC	GPR183	0.5384615384615384	10	10	10	50	bd-rhap-rep2-X/regulons_10.tsv vs 10x-rep1-kallisto-cellbender-X/regulons_10.tsv	bd-rhap-rep2-X/regulons_10.tsv	10x-rep1-kallisto-cellbender-X/regulons_10.tsv
1549	nk_cells	IFITM2	0.17647058823529413	10	10	10	50	bd-rhap-rep2-X/regulons_10.tsv vs 10x-rep1-kallisto-cellbender-X/regulons_10.tsv	bd-rhap-rep2-X/regulons_10.tsv	10x-rep1-kallisto-cellbender-X/regulons_10.tsv
1550	cd8+_tcells	CXCR4	0.3333333333333333	10	10	10	50	bd-rhap-rep2-X/regulons_10.tsv vs 10x-rep1-kallisto-cellbender-X/regulons_10.tsv	bd-rhap-rep2-X/regulons_10.tsv	10x-rep1-kallisto-cellbender-X/regulons_10.tsv
1551	cd4+_tcells	TAGLN2	0.3333333333333333	10	10	10	50	bd-rhap-rep2-X/regulons_10.tsv vs 10x-rep1-kallisto-cellbender-X/regulons_10.tsv	bd-rhap-rep2-X/regulons_10.tsv	10x-rep1-kallisto-cellbender-X/regulons_10.tsv
1552	b_cells	HLA-DPB1	0.42857142857142855	10	10	10	50	bd-rhap-rep2-X/regulons_10.tsv vs 10x-rep1-kallisto-cellbender-X/regulons_10.tsv	bd-rhap-rep2-X/regulons_10.tsv	10x-rep1-kallisto-cellbender-X/regulons_10.tsv
1553	cd14-_monocytes	HLA-DQB1	0.42857142857142855	10	10	10	50	bd-rhap-rep2-X/regulons_10.tsv vs 10x-rep1-kallisto-cellbender-X/regulons_10.tsv	bd-rhap-rep2-X/regulons_10.tsv	10x-rep1-kallisto-cellbender-X/regulons_10.tsv
1554	cd4+_tcells	CXCR4	0.25	10	10	10	50	bd-rhap-rep2-X/regulons_10.tsv vs 10x-rep1-kallisto-cellbender-X/regulons_10.tsv	bd-rhap-rep2-X/regulons_10.tsv	10x-rep1-kallisto-cellbender-X/regulons_10.tsv
1555	cd4+_tcells	KIF2A	0.42857142857142855	10	10	10	50	bd-rhap-rep2-X/regulons_10.tsv vs 10x-rep1-kallisto-cellbender-X/regulons_10.tsv	bd-rhap-rep2-X/regulons_10.tsv	10x-rep1-kallisto-cellbender-X/regulons_10.tsv
1556	cd8+_tcells	TAGLN2	0.25	10	10	10	50	bd-rhap-rep2-X/regulons_10.tsv vs 10x-rep1-kallisto-cellbender-X/regulons_10.tsv	bd-rhap-rep2-X/regulons_10.tsv	10x-rep1-kallisto-cellbender-X/regulons_10.tsv
1557	DC	ARL4C	0.17647058823529413	10	10	10	50	bd-rhap-rep2-X/regulons_10.tsv vs 10x-rep1-kallisto-cellbender-X/regulons_10.tsv	bd-rhap-rep2-X/regulons_10.tsv	10x-rep1-kallisto-cellbender-X/regulons_10.tsv
1558	pDC	HLA-DPA1	0.42857142857142855	10	10	10	50	bd-rhap-rep2-X/regulons_10.tsv vs 10x-rep1-kallisto-cellbender-X/regulons_10.tsv	bd-rhap-rep2-X/regulons_10.tsv	10x-rep1-kallisto-cellbender-X/regulons_10.tsv
1559	DC	FCER1A	0.25	10	10	10	50	bd-rhap-rep2-X/regulons_10.tsv vs 10x-rep1-kallisto-cellbender-X/regulons_10.tsv	bd-rhap-rep2-X/regulons_10.tsv	10x-rep1-kallisto-cellbender-X/regulons_10.tsv
1560	DC	HLA-DQB1	0.5384615384615384	10	10	10	50	bd-rhap-rep2-X/regulons_10.tsv vs 10x-rep1-kallisto-cellbender-X/regulons_10.tsv	bd-rhap-rep2-X/regulons_10.tsv	10x-rep1-kallisto-cellbender-X/regulons_10.tsv
1561	DC	CD1C	0.8181818181818182	10	10	10	50	bd-rhap-rep2-X/regulons_10.tsv vs 10x-rep1-kallisto-cellbender-X/regulons_10.tsv	bd-rhap-rep2-X/regulons_10.tsv	10x-rep1-kallisto-cellbender-X/regulons_10.tsv
1562	cd8+_tcells	DUSP2	0.25	10	10	10	50	bd-rhap-rep2-X/regulons_10.tsv vs 10x-rep1-kallisto-cellbender-X/regulons_10.tsv	bd-rhap-rep2-X/regulons_10.tsv	10x-rep1-kallisto-cellbender-X/regulons_10.tsv
1563	DC	HLA-DRA	0.5384615384615384	10	10	10	50	bd-rhap-rep2-X/regulons_10.tsv vs 10x-rep1-kallisto-cellbender-X/regulons_10.tsv	bd-rhap-rep2-X/regulons_10.tsv	10x-rep1-kallisto-cellbender-X/regulons_10.tsv
1564	DC	CD74	0.5384615384615384	10	10	10	50	bd-rhap-rep2-X/regulons_10.tsv vs 10x-rep1-kallisto-cellbender-X/regulons_10.tsv	bd-rhap-rep2-X/regulons_10.tsv	10x-rep1-kallisto-cellbender-X/regulons_10.tsv
1565	pDC	TAGLN2	0.42857142857142855	10	10	10	50	bd-rhap-rep2-X/regulons_10.tsv vs 10x-rep1-kallisto-cellbender-X/regulons_10.tsv	bd-rhap-rep2-X/regulons_10.tsv	10x-rep1-kallisto-cellbender-X/regulons_10.tsv
1566	nk_cells	IL2RG	0.05263157894736842	10	10	10	50	bd-rhap-rep2-X/regulons_10.tsv vs 10x-rep1-kallisto-cellbender-X/regulons_10.tsv	bd-rhap-rep2-X/regulons_10.tsv	10x-rep1-kallisto-cellbender-X/regulons_10.tsv
1567	b_cells	CCDC50	0.8181818181818182	10	10	10	50	bd-rhap-rep2-X/regulons_10.tsv vs 10x-rep1-kallisto-cellbender-X/regulons_10.tsv	bd-rhap-rep2-X/regulons_10.tsv	10x-rep1-kallisto-cellbender-X/regulons_10.tsv
1568	cd8+_tcells	EPB41	0.25	10	10	10	50	bd-rhap-rep2-X/regulons_10.tsv vs 10x-rep1-kallisto-cellbender-X/regulons_10.tsv	bd-rhap-rep2-X/regulons_10.tsv	10x-rep1-kallisto-cellbender-X/regulons_10.tsv
1569	pDC	IRF8	0.6666666666666666	10	10	10	50	bd-rhap-rep2-X/regulons_10.tsv vs 10x-rep1-kallisto-cellbender-X/regulons_10.tsv	bd-rhap-rep2-X/regulons_10.tsv	10x-rep1-kallisto-cellbender-X/regulons_10.tsv
1570	b_cells	H4C3	0.1111111111111111	10	10	10	50	bd-rhap-rep2-X/regulons_10.tsv vs 10x-rep1-kallisto-cellbender-X/regulons_10.tsv	bd-rhap-rep2-X/regulons_10.tsv	10x-rep1-kallisto-cellbender-X/regulons_10.tsv
1571	b_cells	HLA-DPA1	0.42857142857142855	10	10	10	50	bd-rhap-rep2-X/regulons_10.tsv vs 10x-rep1-kallisto-cellbender-X/regulons_10.tsv	bd-rhap-rep2-X/regulons_10.tsv	10x-rep1-kallisto-cellbender-X/regulons_10.tsv
1572	cd4+_tcells	ARL4C	0.25	10	10	10	50	bd-rhap-rep2-X/regulons_10.tsv vs 10x-rep1-kallisto-cellbender-X/regulons_10.tsv	bd-rhap-rep2-X/regulons_10.tsv	10x-rep1-kallisto-cellbender-X/regulons_10.tsv
1573	cd14-_monocytes	HLA-DPB1	0.42857142857142855	10	10	10	50	bd-rhap-rep2-X/regulons_10.tsv vs 10x-rep1-kallisto-cellbender-X/regulons_10.tsv	bd-rhap-rep2-X/regulons_10.tsv	10x-rep1-kallisto-cellbender-X/regulons_10.tsv
1574	cd8+_tcells	BTG2	0.05263157894736842	10	10	10	50	bd-rhap-rep2-X/regulons_10.tsv vs 10x-rep1-kallisto-cellbender-X/regulons_10.tsv	bd-rhap-rep2-X/regulons_10.tsv	10x-rep1-kallisto-cellbender-X/regulons_10.tsv
1575	cd14-_monocytes	S100A8	0.25	10	10	10	50	bd-rhap-rep2-X/regulons_10.tsv vs 10x-rep1-kallisto-cellbender-X/regulons_10.tsv	bd-rhap-rep2-X/regulons_10.tsv	10x-rep1-kallisto-cellbender-X/regulons_10.tsv
1576	cd14+_monocytes	ACTN1	0.3333333333333333	10	10	10	50	bd-rhap-rep2-X/regulons_10.tsv vs 10x-rep1-kallisto-cellbender-X/regulons_10.tsv	bd-rhap-rep2-X/regulons_10.tsv	10x-rep1-kallisto-cellbender-X/regulons_10.tsv
1577	DC	HLA-DPB1	0.5384615384615384	10	10	10	50	bd-rhap-rep2-X/regulons_10.tsv vs 10x-rep1-kallisto-cellbender-X/regulons_10.tsv	bd-rhap-rep2-X/regulons_10.tsv	10x-rep1-kallisto-cellbender-X/regulons_10.tsv
1578	pDC	HSPA5	0.05263157894736842	10	10	10	50	bd-rhap-rep2-X/regulons_10.tsv vs 10x-rep1-kallisto-cellbender-X/regulons_10.tsv	bd-rhap-rep2-X/regulons_10.tsv	10x-rep1-kallisto-cellbender-X/regulons_10.tsv
1579	pDC	FCER1A	0.05263157894736842	10	10	10	50	bd-rhap-rep2-X/regulons_10.tsv vs 10x-rep1-kallisto-cellbender-X/regulons_10.tsv	bd-rhap-rep2-X/regulons_10.tsv	10x-rep1-kallisto-cellbender-X/regulons_10.tsv
1580	b_cells	GCC2	0.25	10	10	10	50	bd-rhap-rep2-X/regulons_10.tsv vs 10x-rep1-kallisto-cellbender-X/regulons_10.tsv	bd-rhap-rep2-X/regulons_10.tsv	10x-rep1-kallisto-cellbender-X/regulons_10.tsv
1581	cd4+_tcells	CD74	0.05263157894736842	10	10	10	50	bd-rhap-rep2-X/regulons_10.tsv vs 10x-rep1-kallisto-cellbender-X/regulons_10.tsv	bd-rhap-rep2-X/regulons_10.tsv	10x-rep1-kallisto-cellbender-X/regulons_10.tsv
1582	nk_cells	H4C3	0.1111111111111111	10	10	10	50	bd-rhap-rep2-X/regulons_10.tsv vs 10x-rep1-kallisto-cellbender-X/regulons_10.tsv	bd-rhap-rep2-X/regulons_10.tsv	10x-rep1-kallisto-cellbender-X/regulons_10.tsv
1583	cd4+_tcells	CCND2	0.5384615384615384	10	10	10	50	bd-rhap-rep2-X/regulons_10.tsv vs 10x-rep1-kallisto-cellbender-X/regulons_10.tsv	bd-rhap-rep2-X/regulons_10.tsv	10x-rep1-kallisto-cellbender-X/regulons_10.tsv
1584	b_cells	IRF8	0.17647058823529413	10	10	10	50	bd-rhap-rep2-X/regulons_10.tsv vs 10x-rep1-kallisto-cellbender-X/regulons_10.tsv	bd-rhap-rep2-X/regulons_10.tsv	10x-rep1-kallisto-cellbender-X/regulons_10.tsv
1585	pDC	ARL4C	0.1111111111111111	10	10	10	50	bd-rhap-rep2-X/regulons_10.tsv vs 10x-rep1-kallisto-cellbender-X/regulons_10.tsv	bd-rhap-rep2-X/regulons_10.tsv	10x-rep1-kallisto-cellbender-X/regulons_10.tsv
1586	cd4+_tcells	IL2RG	0.17647058823529413	10	10	10	50	bd-rhap-rep2-X/regulons_10.tsv vs 10x-rep1-kallisto-cellbender-X/regulons_10.tsv	bd-rhap-rep2-X/regulons_10.tsv	10x-rep1-kallisto-cellbender-X/regulons_10.tsv
1587	pDC	HLA-DQB1	0.42857142857142855	10	10	10	50	bd-rhap-rep2-X/regulons_10.tsv vs 10x-rep1-kallisto-cellbender-X/regulons_10.tsv	bd-rhap-rep2-X/regulons_10.tsv	10x-rep1-kallisto-cellbender-X/regulons_10.tsv
1588	pDC	PPP1R14B	0.1111111111111111	10	10	10	50	bd-rhap-rep2-X/regulons_10.tsv vs 10x-rep1-kallisto-cellbender-X/regulons_10.tsv	bd-rhap-rep2-X/regulons_10.tsv	10x-rep1-kallisto-cellbender-X/regulons_10.tsv
1589	b_cells	HLA-DQA1	0.5384615384615384	10	10	10	50	bd-rhap-rep2-X/regulons_10.tsv vs 10x-rep1-kallisto-cellbender-X/regulons_10.tsv	bd-rhap-rep2-X/regulons_10.tsv	10x-rep1-kallisto-cellbender-X/regulons_10.tsv
1590	b_cells	HLA-DRB1	0.42857142857142855	10	10	10	50	bd-rhap-rep2-X/regulons_10.tsv vs 10x-rep1-kallisto-cellbender-X/regulons_10.tsv	bd-rhap-rep2-X/regulons_10.tsv	10x-rep1-kallisto-cellbender-X/regulons_10.tsv
1591	cd8+_tcells	IL2RG	0.17647058823529413	10	10	10	50	bd-rhap-rep2-X/regulons_10.tsv vs 10x-rep1-kallisto-cellbender-X/regulons_10.tsv	bd-rhap-rep2-X/regulons_10.tsv	10x-rep1-kallisto-cellbender-X/regulons_10.tsv
1592	pDC	HLA-DRA	0.6666666666666666	10	10	10	50	bd-rhap-rep2-X/regulons_10.tsv vs 10x-rep1-kallisto-cellbender-X/regulons_10.tsv	bd-rhap-rep2-X/regulons_10.tsv	10x-rep1-kallisto-cellbender-X/regulons_10.tsv
1593	pDC	CD74	0.5384615384615384	10	10	10	50	bd-rhap-rep2-X/regulons_10.tsv vs 10x-rep1-kallisto-cellbender-X/regulons_10.tsv	bd-rhap-rep2-X/regulons_10.tsv	10x-rep1-kallisto-cellbender-X/regulons_10.tsv
1594	cd4+_tcells	PCED1B-AS1	0.1111111111111111	10	10	10	50	bd-rhap-rep2-X/regulons_10.tsv vs 10x-rep1-kallisto-cellbender-X/regulons_10.tsv	bd-rhap-rep2-X/regulons_10.tsv	10x-rep1-kallisto-cellbender-X/regulons_10.tsv
1595	nk_cells	TAGLN2	0.17647058823529413	10	10	10	50	bd-rhap-rep2-X/regulons_10.tsv vs 10x-rep1-kallisto-cellbender-X/regulons_10.tsv	bd-rhap-rep2-X/regulons_10.tsv	10x-rep1-kallisto-cellbender-X/regulons_10.tsv
1596	cd14+_monocytes	ID2	0.0	10	10	10	50	bd-rhap-rep2-X/regulons_10.tsv vs 10x-rep1-kallisto-cellbender-X/regulons_10.tsv	bd-rhap-rep2-X/regulons_10.tsv	10x-rep1-kallisto-cellbender-X/regulons_10.tsv
1597	b_cells	IFITM2	0.1111111111111111	10	10	10	50	bd-rhap-rep2-X/regulons_10.tsv vs 10x-rep1-kallisto-cellbender-X/regulons_10.tsv	bd-rhap-rep2-X/regulons_10.tsv	10x-rep1-kallisto-cellbender-X/regulons_10.tsv
1598	b_cells	BCL11A	0.42857142857142855	10	10	10	50	bd-rhap-rep2-X/regulons_10.tsv vs 10x-rep1-kallisto-cellbender-X/regulons_10.tsv	bd-rhap-rep2-X/regulons_10.tsv	10x-rep1-kallisto-cellbender-X/regulons_10.tsv
1599	cd14-_monocytes	ID2	0.0	10	10	10	50	bd-rhap-rep2-X/regulons_10.tsv vs 10x-rep1-kallisto-cellbender-X/regulons_10.tsv	bd-rhap-rep2-X/regulons_10.tsv	10x-rep1-kallisto-cellbender-X/regulons_10.tsv
1600	pDC	PLD4	0.5384615384615384	10	10	10	50	bd-rhap-rep2-X/regulons_10.tsv vs 10x-rep1-kallisto-cellbender-X/regulons_10.tsv	bd-rhap-rep2-X/regulons_10.tsv	10x-rep1-kallisto-cellbender-X/regulons_10.tsv
1601	DC	IGFBP7	0.17647058823529413	10	10	10	50	bd-rhap-rep2-X/regulons_10.tsv vs 10x-rep1-kallisto-cellbender-X/regulons_10.tsv	bd-rhap-rep2-X/regulons_10.tsv	10x-rep1-kallisto-cellbender-X/regulons_10.tsv
1602	DC	HSPA5	0.1111111111111111	10	10	10	50	bd-rhap-rep2-X/regulons_10.tsv vs 10x-rep1-kallisto-cellbender-X/regulons_10.tsv	bd-rhap-rep2-X/regulons_10.tsv	10x-rep1-kallisto-cellbender-X/regulons_10.tsv
1603	pDC	HLA-DPB1	0.42857142857142855	10	10	10	50	bd-rhap-rep2-X/regulons_10.tsv vs 10x-rep1-kallisto-cellbender-X/regulons_10.tsv	bd-rhap-rep2-X/regulons_10.tsv	10x-rep1-kallisto-cellbender-X/regulons_10.tsv
1604	cd8+_tcells	H4C3	0.3333333333333333	10	10	10	50	bd-rhap-rep2-X/regulons_10.tsv vs 10x-rep1-kallisto-cellbender-X/regulons_10.tsv	bd-rhap-rep2-X/regulons_10.tsv	10x-rep1-kallisto-cellbender-X/regulons_10.tsv
1605	cd14-_monocytes	HLA-DQA1	0.42857142857142855	10	10	10	50	bd-rhap-rep2-X/regulons_10.tsv vs 10x-rep1-kallisto-cellbender-X/regulons_10.tsv	bd-rhap-rep2-X/regulons_10.tsv	10x-rep1-kallisto-cellbender-X/regulons_10.tsv
1606	cd4+_tcells	H4C3	0.17647058823529413	10	10	10	50	bd-rhap-rep2-X/regulons_10.tsv vs 10x-rep1-kallisto-cellbender-X/regulons_10.tsv	bd-rhap-rep2-X/regulons_10.tsv	10x-rep1-kallisto-cellbender-X/regulons_10.tsv
1607	b_cells	HLA-DQB1	0.42857142857142855	10	10	10	50	bd-rhap-rep2-X/regulons_10.tsv vs 10x-rep1-kallisto-cellbender-X/regulons_10.tsv	bd-rhap-rep2-X/regulons_10.tsv	10x-rep1-kallisto-cellbender-X/regulons_10.tsv
1608	nk_cells	TPM4	0.05263157894736842	10	10	10	50	bd-rhap-rep2-X/regulons_10.tsv vs 10x-rep1-kallisto-cellbender-X/regulons_10.tsv	bd-rhap-rep2-X/regulons_10.tsv	10x-rep1-kallisto-cellbender-X/regulons_10.tsv
1609	DC	HLA-DQA1	0.6666666666666666	10	10	10	50	bd-rhap-rep2-X/regulons_10.tsv vs 10x-rep1-kallisto-cellbender-X/regulons_10.tsv	bd-rhap-rep2-X/regulons_10.tsv	10x-rep1-kallisto-cellbender-X/regulons_10.tsv
1610	b_cells	HLA-DRA	0.5384615384615384	10	10	10	50	bd-rhap-rep2-X/regulons_10.tsv vs 10x-rep1-kallisto-cellbender-X/regulons_10.tsv	bd-rhap-rep2-X/regulons_10.tsv	10x-rep1-kallisto-cellbender-X/regulons_10.tsv
1611	DC	HLA-DRB1	0.5384615384615384	10	10	10	50	bd-rhap-rep2-X/regulons_10.tsv vs 10x-rep1-kallisto-cellbender-X/regulons_10.tsv	bd-rhap-rep2-X/regulons_10.tsv	10x-rep1-kallisto-cellbender-X/regulons_10.tsv
1612	b_cells	CD74	0.5384615384615384	10	10	10	50	bd-rhap-rep2-X/regulons_10.tsv vs 10x-rep1-kallisto-cellbender-X/regulons_10.tsv	bd-rhap-rep2-X/regulons_10.tsv	10x-rep1-kallisto-cellbender-X/regulons_10.tsv
1613	b_cells	TCF4	0.42857142857142855	10	10	10	50	bd-rhap-rep2-X/regulons_10.tsv vs 10x-rep1-kallisto-cellbender-X/regulons_10.tsv	bd-rhap-rep2-X/regulons_10.tsv	10x-rep1-kallisto-cellbender-X/regulons_10.tsv
1614	DC	ID2	0.05263157894736842	10	10	10	50	bd-rhap-rep2-X/regulons_10.tsv vs 10x-rep1-kallisto-cellbender-X/regulons_10.tsv	bd-rhap-rep2-X/regulons_10.tsv	10x-rep1-kallisto-cellbender-X/regulons_10.tsv
1615	pDC	SLC38A1	0.17647058823529413	10	10	10	50	bd-rhap-rep2-X/regulons_10.tsv vs 10x-rep1-kallisto-cellbender-X/regulons_10.tsv	bd-rhap-rep2-X/regulons_10.tsv	10x-rep1-kallisto-cellbender-X/regulons_10.tsv
1616	cd14-_monocytes	EVL	0.17647058823529413	10	10	10	50	bd-rhap-rep2-X/regulons_10.tsv vs 10x-rep1-kallisto-cellbender-X/regulons_10.tsv	bd-rhap-rep2-X/regulons_10.tsv	10x-rep1-kallisto-cellbender-X/regulons_10.tsv
1617	DC	TPM4	0.5384615384615384	20	20	20	50	bd-rhap-rep1-X/regulons_20.tsv vs bd-rhap-rep2-X/regulons_20.tsv	bd-rhap-rep1-X/regulons_20.tsv	bd-rhap-rep2-X/regulons_20.tsv
1618	b_cells	ZFP36L1	0.42857142857142855	20	20	20	50	bd-rhap-rep1-X/regulons_20.tsv vs bd-rhap-rep2-X/regulons_20.tsv	bd-rhap-rep1-X/regulons_20.tsv	bd-rhap-rep2-X/regulons_20.tsv
1619	b_cells	UVRAG	0.6	20	20	20	50	bd-rhap-rep1-X/regulons_20.tsv vs bd-rhap-rep2-X/regulons_20.tsv	bd-rhap-rep1-X/regulons_20.tsv	bd-rhap-rep2-X/regulons_20.tsv
1620	cd8+_tcells	CXCR4	0.6	20	20	20	50	bd-rhap-rep1-X/regulons_20.tsv vs bd-rhap-rep2-X/regulons_20.tsv	bd-rhap-rep1-X/regulons_20.tsv	bd-rhap-rep2-X/regulons_20.tsv
1621	b_cells	HLA-DPB1	0.6666666666666666	20	20	20	50	bd-rhap-rep1-X/regulons_20.tsv vs bd-rhap-rep2-X/regulons_20.tsv	bd-rhap-rep1-X/regulons_20.tsv	bd-rhap-rep2-X/regulons_20.tsv
1622	b_cells	HLA-DOA	0.6666666666666666	20	20	20	50	bd-rhap-rep1-X/regulons_20.tsv vs bd-rhap-rep2-X/regulons_20.tsv	bd-rhap-rep1-X/regulons_20.tsv	bd-rhap-rep2-X/regulons_20.tsv
1623	nk_cells	VOPP1	0.48148148148148145	20	20	20	50	bd-rhap-rep1-X/regulons_20.tsv vs bd-rhap-rep2-X/regulons_20.tsv	bd-rhap-rep1-X/regulons_20.tsv	bd-rhap-rep2-X/regulons_20.tsv
1624	DC	SELL	0.3333333333333333	20	20	20	50	bd-rhap-rep1-X/regulons_20.tsv vs bd-rhap-rep2-X/regulons_20.tsv	bd-rhap-rep1-X/regulons_20.tsv	bd-rhap-rep2-X/regulons_20.tsv
1625	cd4+_tcells	CDC42SE2	0.7391304347826086	20	20	20	50	bd-rhap-rep1-X/regulons_20.tsv vs bd-rhap-rep2-X/regulons_20.tsv	bd-rhap-rep1-X/regulons_20.tsv	bd-rhap-rep2-X/regulons_20.tsv
1626	cd8+_tcells	PAG1	0.48148148148148145	20	20	20	50	bd-rhap-rep1-X/regulons_20.tsv vs bd-rhap-rep2-X/regulons_20.tsv	bd-rhap-rep1-X/regulons_20.tsv	bd-rhap-rep2-X/regulons_20.tsv
1627	b_cells	WDFY4	0.6	20	20	20	50	bd-rhap-rep1-X/regulons_20.tsv vs bd-rhap-rep2-X/regulons_20.tsv	bd-rhap-rep1-X/regulons_20.tsv	bd-rhap-rep2-X/regulons_20.tsv
1628	DC	CD74	0.48148148148148145	20	20	20	50	bd-rhap-rep1-X/regulons_20.tsv vs bd-rhap-rep2-X/regulons_20.tsv	bd-rhap-rep1-X/regulons_20.tsv	bd-rhap-rep2-X/regulons_20.tsv
1629	b_cells	VAV3	0.2903225806451613	20	20	20	50	bd-rhap-rep1-X/regulons_20.tsv vs bd-rhap-rep2-X/regulons_20.tsv	bd-rhap-rep1-X/regulons_20.tsv	bd-rhap-rep2-X/regulons_20.tsv
1630	nk_cells	ZFP36L1	0.1111111111111111	20	20	20	50	bd-rhap-rep1-X/regulons_20.tsv vs bd-rhap-rep2-X/regulons_20.tsv	bd-rhap-rep1-X/regulons_20.tsv	bd-rhap-rep2-X/regulons_20.tsv
1631	cd14-_monocytes	IL2RG	0.3793103448275862	20	20	20	50	bd-rhap-rep1-X/regulons_20.tsv vs bd-rhap-rep2-X/regulons_20.tsv	bd-rhap-rep1-X/regulons_20.tsv	bd-rhap-rep2-X/regulons_20.tsv
1632	cd8+_tcells	EPB41	0.6	20	20	20	50	bd-rhap-rep1-X/regulons_20.tsv vs bd-rhap-rep2-X/regulons_20.tsv	bd-rhap-rep1-X/regulons_20.tsv	bd-rhap-rep2-X/regulons_20.tsv
1633	pDC	IRF8	0.8181818181818182	20	20	20	50	bd-rhap-rep1-X/regulons_20.tsv vs bd-rhap-rep2-X/regulons_20.tsv	bd-rhap-rep1-X/regulons_20.tsv	bd-rhap-rep2-X/regulons_20.tsv
1634	DC	ZFP36L1	0.3793103448275862	20	20	20	50	bd-rhap-rep1-X/regulons_20.tsv vs bd-rhap-rep2-X/regulons_20.tsv	bd-rhap-rep1-X/regulons_20.tsv	bd-rhap-rep2-X/regulons_20.tsv
1635	DC	UVRAG	0.5384615384615384	20	20	20	50	bd-rhap-rep1-X/regulons_20.tsv vs bd-rhap-rep2-X/regulons_20.tsv	bd-rhap-rep1-X/regulons_20.tsv	bd-rhap-rep2-X/regulons_20.tsv
1636	cd8+_tcells	ARHGAP15	0.7391304347826086	20	20	20	50	bd-rhap-rep1-X/regulons_20.tsv vs bd-rhap-rep2-X/regulons_20.tsv	bd-rhap-rep1-X/regulons_20.tsv	bd-rhap-rep2-X/regulons_20.tsv
1637	cd14+_monocytes	SYTL3	0.3333333333333333	20	20	20	50	bd-rhap-rep1-X/regulons_20.tsv vs bd-rhap-rep2-X/regulons_20.tsv	bd-rhap-rep1-X/regulons_20.tsv	bd-rhap-rep2-X/regulons_20.tsv
1638	cd14-_monocytes	HDAC9	0.3333333333333333	20	20	20	50	bd-rhap-rep1-X/regulons_20.tsv vs bd-rhap-rep2-X/regulons_20.tsv	bd-rhap-rep1-X/regulons_20.tsv	bd-rhap-rep2-X/regulons_20.tsv
1639	nk_cells	NFATC2	0.48148148148148145	20	20	20	50	bd-rhap-rep1-X/regulons_20.tsv vs bd-rhap-rep2-X/regulons_20.tsv	bd-rhap-rep1-X/regulons_20.tsv	bd-rhap-rep2-X/regulons_20.tsv
1640	b_cells	HLA-DPA1	0.7391304347826086	20	20	20	50	bd-rhap-rep1-X/regulons_20.tsv vs bd-rhap-rep2-X/regulons_20.tsv	bd-rhap-rep1-X/regulons_20.tsv	bd-rhap-rep2-X/regulons_20.tsv
1641	DC	HLA-DPB1	0.6666666666666666	20	20	20	50	bd-rhap-rep1-X/regulons_20.tsv vs bd-rhap-rep2-X/regulons_20.tsv	bd-rhap-rep1-X/regulons_20.tsv	bd-rhap-rep2-X/regulons_20.tsv
1642	DC	HLA-DOA	0.6	20	20	20	50	bd-rhap-rep1-X/regulons_20.tsv vs bd-rhap-rep2-X/regulons_20.tsv	bd-rhap-rep1-X/regulons_20.tsv	bd-rhap-rep2-X/regulons_20.tsv
1643	cd4+_tcells	RUNX1	0.14285714285714285	20	20	20	50	bd-rhap-rep1-X/regulons_20.tsv vs bd-rhap-rep2-X/regulons_20.tsv	bd-rhap-rep1-X/regulons_20.tsv	bd-rhap-rep2-X/regulons_20.tsv
1644	cd8+_tcells	SLAMF7	0.6666666666666666	20	20	20	50	bd-rhap-rep1-X/regulons_20.tsv vs bd-rhap-rep2-X/regulons_20.tsv	bd-rhap-rep1-X/regulons_20.tsv	bd-rhap-rep2-X/regulons_20.tsv
1645	nk_cells	DAB2	0.2903225806451613	20	20	20	50	bd-rhap-rep1-X/regulons_20.tsv vs bd-rhap-rep2-X/regulons_20.tsv	bd-rhap-rep1-X/regulons_20.tsv	bd-rhap-rep2-X/regulons_20.tsv
1646	b_cells	IRF8	0.48148148148148145	20	20	20	50	bd-rhap-rep1-X/regulons_20.tsv vs bd-rhap-rep2-X/regulons_20.tsv	bd-rhap-rep1-X/regulons_20.tsv	bd-rhap-rep2-X/regulons_20.tsv
1647	b_cells	CDC42SE2	0.2903225806451613	20	20	20	50	bd-rhap-rep1-X/regulons_20.tsv vs bd-rhap-rep2-X/regulons_20.tsv	bd-rhap-rep1-X/regulons_20.tsv	bd-rhap-rep2-X/regulons_20.tsv
1648	pDC	AFF3	0.6666666666666666	20	20	20	50	bd-rhap-rep1-X/regulons_20.tsv vs bd-rhap-rep2-X/regulons_20.tsv	bd-rhap-rep1-X/regulons_20.tsv	bd-rhap-rep2-X/regulons_20.tsv
1649	cd4+_tcells	THEM4	0.2903225806451613	20	20	20	50	bd-rhap-rep1-X/regulons_20.tsv vs bd-rhap-rep2-X/regulons_20.tsv	bd-rhap-rep1-X/regulons_20.tsv	bd-rhap-rep2-X/regulons_20.tsv
1650	cd14+_monocytes	COMMD10	0.3333333333333333	20	20	20	50	bd-rhap-rep1-X/regulons_20.tsv vs bd-rhap-rep2-X/regulons_20.tsv	bd-rhap-rep1-X/regulons_20.tsv	bd-rhap-rep2-X/regulons_20.tsv
1651	b_cells	HLA-DRB1	0.6	20	20	20	50	bd-rhap-rep1-X/regulons_20.tsv vs bd-rhap-rep2-X/regulons_20.tsv	bd-rhap-rep1-X/regulons_20.tsv	bd-rhap-rep2-X/regulons_20.tsv
1652	pDC	VOPP1	0.48148148148148145	20	20	20	50	bd-rhap-rep1-X/regulons_20.tsv vs bd-rhap-rep2-X/regulons_20.tsv	bd-rhap-rep1-X/regulons_20.tsv	bd-rhap-rep2-X/regulons_20.tsv
1653	pDC	ALCAM	0.5384615384615384	20	20	20	50	bd-rhap-rep1-X/regulons_20.tsv vs bd-rhap-rep2-X/regulons_20.tsv	bd-rhap-rep1-X/regulons_20.tsv	bd-rhap-rep2-X/regulons_20.tsv
1654	DC	HLA-DPA1	0.6666666666666666	20	20	20	50	bd-rhap-rep1-X/regulons_20.tsv vs bd-rhap-rep2-X/regulons_20.tsv	bd-rhap-rep1-X/regulons_20.tsv	bd-rhap-rep2-X/regulons_20.tsv
1655	b_cells	EPB41	0.3333333333333333	20	20	20	50	bd-rhap-rep1-X/regulons_20.tsv vs bd-rhap-rep2-X/regulons_20.tsv	bd-rhap-rep1-X/regulons_20.tsv	bd-rhap-rep2-X/regulons_20.tsv
1656	pDC	HLA-DRA	0.7391304347826086	20	20	20	50	bd-rhap-rep1-X/regulons_20.tsv vs bd-rhap-rep2-X/regulons_20.tsv	bd-rhap-rep1-X/regulons_20.tsv	bd-rhap-rep2-X/regulons_20.tsv
1657	cd8+_tcells	SLC38A1	0.6666666666666666	20	20	20	50	bd-rhap-rep1-X/regulons_20.tsv vs bd-rhap-rep2-X/regulons_20.tsv	bd-rhap-rep1-X/regulons_20.tsv	bd-rhap-rep2-X/regulons_20.tsv
1658	cd14-_monocytes	APP	0.3333333333333333	20	20	20	50	bd-rhap-rep1-X/regulons_20.tsv vs bd-rhap-rep2-X/regulons_20.tsv	bd-rhap-rep1-X/regulons_20.tsv	bd-rhap-rep2-X/regulons_20.tsv
1659	cd4+_tcells	GPRIN3	0.6	20	20	20	50	bd-rhap-rep1-X/regulons_20.tsv vs bd-rhap-rep2-X/regulons_20.tsv	bd-rhap-rep1-X/regulons_20.tsv	bd-rhap-rep2-X/regulons_20.tsv
1660	cd14-_monocytes	DOCK10	0.3333333333333333	20	20	20	50	bd-rhap-rep1-X/regulons_20.tsv vs bd-rhap-rep2-X/regulons_20.tsv	bd-rhap-rep1-X/regulons_20.tsv	bd-rhap-rep2-X/regulons_20.tsv
1661	cd4+_tcells	OFD1	0.42857142857142855	20	20	20	50	bd-rhap-rep1-X/regulons_20.tsv vs bd-rhap-rep2-X/regulons_20.tsv	bd-rhap-rep1-X/regulons_20.tsv	bd-rhap-rep2-X/regulons_20.tsv
1662	pDC	UVRAG	0.6666666666666666	20	20	20	50	bd-rhap-rep1-X/regulons_20.tsv vs bd-rhap-rep2-X/regulons_20.tsv	bd-rhap-rep1-X/regulons_20.tsv	bd-rhap-rep2-X/regulons_20.tsv
1663	cd14-_monocytes	CAMK1D	0.48148148148148145	20	20	20	50	bd-rhap-rep1-X/regulons_20.tsv vs bd-rhap-rep2-X/regulons_20.tsv	bd-rhap-rep1-X/regulons_20.tsv	bd-rhap-rep2-X/regulons_20.tsv
1664	pDC	PLD4	0.6	20	20	20	50	bd-rhap-rep1-X/regulons_20.tsv vs bd-rhap-rep2-X/regulons_20.tsv	bd-rhap-rep1-X/regulons_20.tsv	bd-rhap-rep2-X/regulons_20.tsv
1665	nk_cells	CDC42SE2	0.5384615384615384	20	20	20	50	bd-rhap-rep1-X/regulons_20.tsv vs bd-rhap-rep2-X/regulons_20.tsv	bd-rhap-rep1-X/regulons_20.tsv	bd-rhap-rep2-X/regulons_20.tsv
1666	pDC	HLA-DOA	0.6	20	20	20	50	bd-rhap-rep1-X/regulons_20.tsv vs bd-rhap-rep2-X/regulons_20.tsv	bd-rhap-rep1-X/regulons_20.tsv	bd-rhap-rep2-X/regulons_20.tsv
1667	pDC	HLA-DPB1	0.6666666666666666	20	20	20	50	bd-rhap-rep1-X/regulons_20.tsv vs bd-rhap-rep2-X/regulons_20.tsv	bd-rhap-rep1-X/regulons_20.tsv	bd-rhap-rep2-X/regulons_20.tsv
1668	cd14-_monocytes	PLBD1	0.3793103448275862	20	20	20	50	bd-rhap-rep1-X/regulons_20.tsv vs bd-rhap-rep2-X/regulons_20.tsv	bd-rhap-rep1-X/regulons_20.tsv	bd-rhap-rep2-X/regulons_20.tsv
1669	cd14-_monocytes	HLA-DQA1	0.48148148148148145	20	20	20	50	bd-rhap-rep1-X/regulons_20.tsv vs bd-rhap-rep2-X/regulons_20.tsv	bd-rhap-rep1-X/regulons_20.tsv	bd-rhap-rep2-X/regulons_20.tsv
1670	b_cells	VOPP1	0.6666666666666666	20	20	20	50	bd-rhap-rep1-X/regulons_20.tsv vs bd-rhap-rep2-X/regulons_20.tsv	bd-rhap-rep1-X/regulons_20.tsv	bd-rhap-rep2-X/regulons_20.tsv
1671	cd14-_monocytes	UBE2E2	0.3793103448275862	20	20	20	50	bd-rhap-rep1-X/regulons_20.tsv vs bd-rhap-rep2-X/regulons_20.tsv	bd-rhap-rep1-X/regulons_20.tsv	bd-rhap-rep2-X/regulons_20.tsv
1672	cd4+_tcells	TRERF1	0.25	20	20	20	50	bd-rhap-rep1-X/regulons_20.tsv vs bd-rhap-rep2-X/regulons_20.tsv	bd-rhap-rep1-X/regulons_20.tsv	bd-rhap-rep2-X/regulons_20.tsv
1673	b_cells	HLA-DRA	0.6666666666666666	20	20	20	50	bd-rhap-rep1-X/regulons_20.tsv vs bd-rhap-rep2-X/regulons_20.tsv	bd-rhap-rep1-X/regulons_20.tsv	bd-rhap-rep2-X/regulons_20.tsv
1674	DC	HLA-DRB1	0.48148148148148145	20	20	20	50	bd-rhap-rep1-X/regulons_20.tsv vs bd-rhap-rep2-X/regulons_20.tsv	bd-rhap-rep1-X/regulons_20.tsv	bd-rhap-rep2-X/regulons_20.tsv
1675	nk_cells	EPB41	0.3333333333333333	20	20	20	50	bd-rhap-rep1-X/regulons_20.tsv vs bd-rhap-rep2-X/regulons_20.tsv	bd-rhap-rep1-X/regulons_20.tsv	bd-rhap-rep2-X/regulons_20.tsv
1676	pDC	MCL1	0.6	20	20	20	50	bd-rhap-rep1-X/regulons_20.tsv vs bd-rhap-rep2-X/regulons_20.tsv	bd-rhap-rep1-X/regulons_20.tsv	bd-rhap-rep2-X/regulons_20.tsv
1677	cd14+_monocytes	RUNX1	0.48148148148148145	20	20	20	50	bd-rhap-rep1-X/regulons_20.tsv vs bd-rhap-rep2-X/regulons_20.tsv	bd-rhap-rep1-X/regulons_20.tsv	bd-rhap-rep2-X/regulons_20.tsv
1678	cd8+_tcells	PHACTR2	0.48148148148148145	20	20	20	50	bd-rhap-rep1-X/regulons_20.tsv vs bd-rhap-rep2-X/regulons_20.tsv	bd-rhap-rep1-X/regulons_20.tsv	bd-rhap-rep2-X/regulons_20.tsv
1679	cd4+_tcells	TAGLN2	0.48148148148148145	20	20	20	50	bd-rhap-rep1-X/regulons_20.tsv vs bd-rhap-rep2-X/regulons_20.tsv	bd-rhap-rep1-X/regulons_20.tsv	bd-rhap-rep2-X/regulons_20.tsv
1680	cd14+_monocytes	VOPP1	0.25	20	20	20	50	bd-rhap-rep1-X/regulons_20.tsv vs bd-rhap-rep2-X/regulons_20.tsv	bd-rhap-rep1-X/regulons_20.tsv	bd-rhap-rep2-X/regulons_20.tsv
1681	cd8+_tcells	NIBAN1	0.7391304347826086	20	20	20	50	bd-rhap-rep1-X/regulons_20.tsv vs bd-rhap-rep2-X/regulons_20.tsv	bd-rhap-rep1-X/regulons_20.tsv	bd-rhap-rep2-X/regulons_20.tsv
1682	cd14-_monocytes	OAS3	0.3333333333333333	20	20	20	50	bd-rhap-rep1-X/regulons_20.tsv vs bd-rhap-rep2-X/regulons_20.tsv	bd-rhap-rep1-X/regulons_20.tsv	bd-rhap-rep2-X/regulons_20.tsv
1683	pDC	HLA-DPA1	0.7391304347826086	20	20	20	50	bd-rhap-rep1-X/regulons_20.tsv vs bd-rhap-rep2-X/regulons_20.tsv	bd-rhap-rep1-X/regulons_20.tsv	bd-rhap-rep2-X/regulons_20.tsv
1684	cd14-_monocytes	SLC8A1	0.42857142857142855	20	20	20	50	bd-rhap-rep1-X/regulons_20.tsv vs bd-rhap-rep2-X/regulons_20.tsv	bd-rhap-rep1-X/regulons_20.tsv	bd-rhap-rep2-X/regulons_20.tsv
1685	cd14+_monocytes	TNRC6B	0.3333333333333333	20	20	20	50	bd-rhap-rep1-X/regulons_20.tsv vs bd-rhap-rep2-X/regulons_20.tsv	bd-rhap-rep1-X/regulons_20.tsv	bd-rhap-rep2-X/regulons_20.tsv
1686	DC	VOPP1	0.6	20	20	20	50	bd-rhap-rep1-X/regulons_20.tsv vs bd-rhap-rep2-X/regulons_20.tsv	bd-rhap-rep1-X/regulons_20.tsv	bd-rhap-rep2-X/regulons_20.tsv
1687	cd14-_monocytes	MNDA	0.48148148148148145	20	20	20	50	bd-rhap-rep1-X/regulons_20.tsv vs bd-rhap-rep2-X/regulons_20.tsv	bd-rhap-rep1-X/regulons_20.tsv	bd-rhap-rep2-X/regulons_20.tsv
1688	cd4+_tcells	ID2	0.25	20	20	20	50	bd-rhap-rep1-X/regulons_20.tsv vs bd-rhap-rep2-X/regulons_20.tsv	bd-rhap-rep1-X/regulons_20.tsv	bd-rhap-rep2-X/regulons_20.tsv
1689	b_cells	OFD1	0.48148148148148145	20	20	20	50	bd-rhap-rep1-X/regulons_20.tsv vs bd-rhap-rep2-X/regulons_20.tsv	bd-rhap-rep1-X/regulons_20.tsv	bd-rhap-rep2-X/regulons_20.tsv
1690	DC	HLA-DRA	0.7391304347826086	20	20	20	50	bd-rhap-rep1-X/regulons_20.tsv vs bd-rhap-rep2-X/regulons_20.tsv	bd-rhap-rep1-X/regulons_20.tsv	bd-rhap-rep2-X/regulons_20.tsv
1691	DC	CD1C	0.6	20	20	20	50	bd-rhap-rep1-X/regulons_20.tsv vs bd-rhap-rep2-X/regulons_20.tsv	bd-rhap-rep1-X/regulons_20.tsv	bd-rhap-rep2-X/regulons_20.tsv
1692	DC	ATM	0.2903225806451613	20	20	20	50	bd-rhap-rep1-X/regulons_20.tsv vs bd-rhap-rep2-X/regulons_20.tsv	bd-rhap-rep1-X/regulons_20.tsv	bd-rhap-rep2-X/regulons_20.tsv
1693	cd4+_tcells	PAN3	0.14285714285714285	20	20	20	50	bd-rhap-rep1-X/regulons_20.tsv vs bd-rhap-rep2-X/regulons_20.tsv	bd-rhap-rep1-X/regulons_20.tsv	bd-rhap-rep2-X/regulons_20.tsv
1694	cd14+_monocytes	SLC40A1	0.17647058823529413	20	20	20	50	bd-rhap-rep1-X/regulons_20.tsv vs bd-rhap-rep2-X/regulons_20.tsv	bd-rhap-rep1-X/regulons_20.tsv	bd-rhap-rep2-X/regulons_20.tsv
1695	cd4+_tcells	ARL4C	0.6	20	20	20	50	bd-rhap-rep1-X/regulons_20.tsv vs bd-rhap-rep2-X/regulons_20.tsv	bd-rhap-rep1-X/regulons_20.tsv	bd-rhap-rep2-X/regulons_20.tsv
1696	cd4+_tcells	IFITM2	0.5384615384615384	20	20	20	50	bd-rhap-rep1-X/regulons_20.tsv vs bd-rhap-rep2-X/regulons_20.tsv	bd-rhap-rep1-X/regulons_20.tsv	bd-rhap-rep2-X/regulons_20.tsv
1697	pDC	HLA-DRB1	0.6	20	20	20	50	bd-rhap-rep1-X/regulons_20.tsv vs bd-rhap-rep2-X/regulons_20.tsv	bd-rhap-rep1-X/regulons_20.tsv	bd-rhap-rep2-X/regulons_20.tsv
1698	b_cells	TAGLN2	0.48148148148148145	20	20	20	50	bd-rhap-rep1-X/regulons_20.tsv vs bd-rhap-rep2-X/regulons_20.tsv	bd-rhap-rep1-X/regulons_20.tsv	bd-rhap-rep2-X/regulons_20.tsv
1699	nk_cells	GPRIN3	0.6	20	20	20	50	bd-rhap-rep1-X/regulons_20.tsv vs bd-rhap-rep2-X/regulons_20.tsv	bd-rhap-rep1-X/regulons_20.tsv	bd-rhap-rep2-X/regulons_20.tsv
1700	nk_cells	OFD1	0.48148148148148145	20	20	20	50	bd-rhap-rep1-X/regulons_20.tsv vs bd-rhap-rep2-X/regulons_20.tsv	bd-rhap-rep1-X/regulons_20.tsv	bd-rhap-rep2-X/regulons_20.tsv
1701	DC	MCL1	0.3793103448275862	20	20	20	50	bd-rhap-rep1-X/regulons_20.tsv vs bd-rhap-rep2-X/regulons_20.tsv	bd-rhap-rep1-X/regulons_20.tsv	bd-rhap-rep2-X/regulons_20.tsv
1702	b_cells	PALM2AKAP2	0.6	20	20	20	50	bd-rhap-rep1-X/regulons_20.tsv vs bd-rhap-rep2-X/regulons_20.tsv	bd-rhap-rep1-X/regulons_20.tsv	bd-rhap-rep2-X/regulons_20.tsv
1703	cd4+_tcells	ELMO1	0.2903225806451613	20	20	20	50	bd-rhap-rep1-X/regulons_20.tsv vs bd-rhap-rep2-X/regulons_20.tsv	bd-rhap-rep1-X/regulons_20.tsv	bd-rhap-rep2-X/regulons_20.tsv
1704	cd4+_tcells	IL2RG	0.8181818181818182	20	20	20	50	bd-rhap-rep1-X/regulons_20.tsv vs bd-rhap-rep2-X/regulons_20.tsv	bd-rhap-rep1-X/regulons_20.tsv	bd-rhap-rep2-X/regulons_20.tsv
1705	cd14+_monocytes	GCC2	0.14285714285714285	20	20	20	50	bd-rhap-rep1-X/regulons_20.tsv vs bd-rhap-rep2-X/regulons_20.tsv	bd-rhap-rep1-X/regulons_20.tsv	bd-rhap-rep2-X/regulons_20.tsv
1706	cd14-_monocytes	CMAHP--chr6:25061611(-)	0.42857142857142855	20	20	20	50	bd-rhap-rep1-X/regulons_20.tsv vs bd-rhap-rep2-X/regulons_20.tsv	bd-rhap-rep1-X/regulons_20.tsv	bd-rhap-rep2-X/regulons_20.tsv
1707	cd8+_tcells	IL2RG	0.7391304347826086	20	20	20	50	bd-rhap-rep1-X/regulons_20.tsv vs bd-rhap-rep2-X/regulons_20.tsv	bd-rhap-rep1-X/regulons_20.tsv	bd-rhap-rep2-X/regulons_20.tsv
1708	cd14+_monocytes	NR4A1	0.3333333333333333	20	20	20	50	bd-rhap-rep1-X/regulons_20.tsv vs bd-rhap-rep2-X/regulons_20.tsv	bd-rhap-rep1-X/regulons_20.tsv	bd-rhap-rep2-X/regulons_20.tsv
1709	cd14-_monocytes	RUFY1	0.1111111111111111	20	20	20	50	bd-rhap-rep1-X/regulons_20.tsv vs bd-rhap-rep2-X/regulons_20.tsv	bd-rhap-rep1-X/regulons_20.tsv	bd-rhap-rep2-X/regulons_20.tsv
1710	nk_cells	TAGLN2	0.48148148148148145	20	20	20	50	bd-rhap-rep1-X/regulons_20.tsv vs bd-rhap-rep2-X/regulons_20.tsv	bd-rhap-rep1-X/regulons_20.tsv	bd-rhap-rep2-X/regulons_20.tsv
1711	cd4+_tcells	SLC38A1	0.5384615384615384	20	20	20	50	bd-rhap-rep1-X/regulons_20.tsv vs bd-rhap-rep2-X/regulons_20.tsv	bd-rhap-rep1-X/regulons_20.tsv	bd-rhap-rep2-X/regulons_20.tsv
1712	nk_cells	IGFBP7	0.17647058823529413	20	20	20	50	bd-rhap-rep1-X/regulons_20.tsv vs bd-rhap-rep2-X/regulons_20.tsv	bd-rhap-rep1-X/regulons_20.tsv	bd-rhap-rep2-X/regulons_20.tsv
1713	cd8+_tcells	H4C3	0.42857142857142855	20	20	20	50	bd-rhap-rep1-X/regulons_20.tsv vs bd-rhap-rep2-X/regulons_20.tsv	bd-rhap-rep1-X/regulons_20.tsv	bd-rhap-rep2-X/regulons_20.tsv
1714	DC	ID2	0.3333333333333333	20	20	20	50	bd-rhap-rep1-X/regulons_20.tsv vs bd-rhap-rep2-X/regulons_20.tsv	bd-rhap-rep1-X/regulons_20.tsv	bd-rhap-rep2-X/regulons_20.tsv
1715	cd14-_monocytes	EVL	0.6	20	20	20	50	bd-rhap-rep1-X/regulons_20.tsv vs bd-rhap-rep2-X/regulons_20.tsv	bd-rhap-rep1-X/regulons_20.tsv	bd-rhap-rep2-X/regulons_20.tsv
1716	b_cells	ELMO1	0.5384615384615384	20	20	20	50	bd-rhap-rep1-X/regulons_20.tsv vs bd-rhap-rep2-X/regulons_20.tsv	bd-rhap-rep1-X/regulons_20.tsv	bd-rhap-rep2-X/regulons_20.tsv
1717	pDC	SPN	0.3793103448275862	20	20	20	50	bd-rhap-rep1-X/regulons_20.tsv vs bd-rhap-rep2-X/regulons_20.tsv	bd-rhap-rep1-X/regulons_20.tsv	bd-rhap-rep2-X/regulons_20.tsv
1718	cd8+_tcells	C12orf75	0.25	20	20	20	50	bd-rhap-rep1-X/regulons_20.tsv vs bd-rhap-rep2-X/regulons_20.tsv	bd-rhap-rep1-X/regulons_20.tsv	bd-rhap-rep2-X/regulons_20.tsv
1719	nk_cells	ARL4C	0.7391304347826086	20	20	20	50	bd-rhap-rep1-X/regulons_20.tsv vs bd-rhap-rep2-X/regulons_20.tsv	bd-rhap-rep1-X/regulons_20.tsv	bd-rhap-rep2-X/regulons_20.tsv
1720	cd4+_tcells	PHACTR2	0.3793103448275862	20	20	20	50	bd-rhap-rep1-X/regulons_20.tsv vs bd-rhap-rep2-X/regulons_20.tsv	bd-rhap-rep1-X/regulons_20.tsv	bd-rhap-rep2-X/regulons_20.tsv
1721	pDC	FLT3	0.6	20	20	20	50	bd-rhap-rep1-X/regulons_20.tsv vs bd-rhap-rep2-X/regulons_20.tsv	bd-rhap-rep1-X/regulons_20.tsv	bd-rhap-rep2-X/regulons_20.tsv
1722	cd4+_tcells	NIBAN1	0.06896551724137931	20	11	20	50	bd-rhap-rep1-X/regulons_20.tsv vs bd-rhap-rep2-X/regulons_20.tsv	bd-rhap-rep1-X/regulons_20.tsv	bd-rhap-rep2-X/regulons_20.tsv
1723	cd14-_monocytes	VOPP1	0.48148148148148145	20	20	20	50	bd-rhap-rep1-X/regulons_20.tsv vs bd-rhap-rep2-X/regulons_20.tsv	bd-rhap-rep1-X/regulons_20.tsv	bd-rhap-rep2-X/regulons_20.tsv
1724	cd8+_tcells	DOCK10	0.42857142857142855	20	20	20	50	bd-rhap-rep1-X/regulons_20.tsv vs bd-rhap-rep2-X/regulons_20.tsv	bd-rhap-rep1-X/regulons_20.tsv	bd-rhap-rep2-X/regulons_20.tsv
1725	b_cells	SLC38A1	0.5384615384615384	20	20	20	50	bd-rhap-rep1-X/regulons_20.tsv vs bd-rhap-rep2-X/regulons_20.tsv	bd-rhap-rep1-X/regulons_20.tsv	bd-rhap-rep2-X/regulons_20.tsv
1726	nk_cells	EVL	0.5384615384615384	20	20	20	50	bd-rhap-rep1-X/regulons_20.tsv vs bd-rhap-rep2-X/regulons_20.tsv	bd-rhap-rep1-X/regulons_20.tsv	bd-rhap-rep2-X/regulons_20.tsv
1727	b_cells	FCGR2B	0.42857142857142855	20	20	20	50	bd-rhap-rep1-X/regulons_20.tsv vs bd-rhap-rep2-X/regulons_20.tsv	bd-rhap-rep1-X/regulons_20.tsv	bd-rhap-rep2-X/regulons_20.tsv
1728	cd14+_monocytes	HDAC9	0.48148148148148145	20	20	20	50	bd-rhap-rep1-X/regulons_20.tsv vs bd-rhap-rep2-X/regulons_20.tsv	bd-rhap-rep1-X/regulons_20.tsv	bd-rhap-rep2-X/regulons_20.tsv
1729	pDC	TAGLN2	0.48148148148148145	20	20	20	50	bd-rhap-rep1-X/regulons_20.tsv vs bd-rhap-rep2-X/regulons_20.tsv	bd-rhap-rep1-X/regulons_20.tsv	bd-rhap-rep2-X/regulons_20.tsv
1730	nk_cells	IL2RG	0.7391304347826086	20	20	20	50	bd-rhap-rep1-X/regulons_20.tsv vs bd-rhap-rep2-X/regulons_20.tsv	bd-rhap-rep1-X/regulons_20.tsv	bd-rhap-rep2-X/regulons_20.tsv
1731	cd14-_monocytes	UVRAG	0.5384615384615384	20	20	20	50	bd-rhap-rep1-X/regulons_20.tsv vs bd-rhap-rep2-X/regulons_20.tsv	bd-rhap-rep1-X/regulons_20.tsv	bd-rhap-rep2-X/regulons_20.tsv
1732	DC	ELMO1	0.5384615384615384	20	20	20	50	bd-rhap-rep1-X/regulons_20.tsv vs bd-rhap-rep2-X/regulons_20.tsv	bd-rhap-rep1-X/regulons_20.tsv	bd-rhap-rep2-X/regulons_20.tsv
1733	cd14-_monocytes	PLD4	0.48148148148148145	20	20	20	50	bd-rhap-rep1-X/regulons_20.tsv vs bd-rhap-rep2-X/regulons_20.tsv	bd-rhap-rep1-X/regulons_20.tsv	bd-rhap-rep2-X/regulons_20.tsv
1734	cd14-_monocytes	HLA-DPB1	0.48148148148148145	20	20	20	50	bd-rhap-rep1-X/regulons_20.tsv vs bd-rhap-rep2-X/regulons_20.tsv	bd-rhap-rep1-X/regulons_20.tsv	bd-rhap-rep2-X/regulons_20.tsv
1735	nk_cells	SLC38A1	0.6666666666666666	20	20	20	50	bd-rhap-rep1-X/regulons_20.tsv vs bd-rhap-rep2-X/regulons_20.tsv	bd-rhap-rep1-X/regulons_20.tsv	bd-rhap-rep2-X/regulons_20.tsv
1736	cd14+_monocytes	CCNH	0.17647058823529413	20	20	20	50	bd-rhap-rep1-X/regulons_20.tsv vs bd-rhap-rep2-X/regulons_20.tsv	bd-rhap-rep1-X/regulons_20.tsv	bd-rhap-rep2-X/regulons_20.tsv
1737	DC	SLC38A1	0.42857142857142855	20	20	20	50	bd-rhap-rep1-X/regulons_20.tsv vs bd-rhap-rep2-X/regulons_20.tsv	bd-rhap-rep1-X/regulons_20.tsv	bd-rhap-rep2-X/regulons_20.tsv
1738	cd8+_tcells	TLK1	0.42857142857142855	20	20	20	50	bd-rhap-rep1-X/regulons_20.tsv vs bd-rhap-rep2-X/regulons_20.tsv	bd-rhap-rep1-X/regulons_20.tsv	bd-rhap-rep2-X/regulons_20.tsv
1739	nk_cells	H4C3	0.3793103448275862	20	20	20	50	bd-rhap-rep1-X/regulons_20.tsv vs bd-rhap-rep2-X/regulons_20.tsv	bd-rhap-rep1-X/regulons_20.tsv	bd-rhap-rep2-X/regulons_20.tsv
1740	cd14-_monocytes	CSF3R	0.3793103448275862	20	20	20	50	bd-rhap-rep1-X/regulons_20.tsv vs bd-rhap-rep2-X/regulons_20.tsv	bd-rhap-rep1-X/regulons_20.tsv	bd-rhap-rep2-X/regulons_20.tsv
1741	pDC	IFITM2	0.2903225806451613	20	20	20	50	bd-rhap-rep1-X/regulons_20.tsv vs bd-rhap-rep2-X/regulons_20.tsv	bd-rhap-rep1-X/regulons_20.tsv	bd-rhap-rep2-X/regulons_20.tsv
1742	pDC	ARL4C	0.8181818181818182	20	20	20	50	bd-rhap-rep1-X/regulons_20.tsv vs bd-rhap-rep2-X/regulons_20.tsv	bd-rhap-rep1-X/regulons_20.tsv	bd-rhap-rep2-X/regulons_20.tsv
1743	DC	SPN	0.21212121212121213	20	20	20	50	bd-rhap-rep1-X/regulons_20.tsv vs bd-rhap-rep2-X/regulons_20.tsv	bd-rhap-rep1-X/regulons_20.tsv	bd-rhap-rep2-X/regulons_20.tsv
1744	cd8+_tcells	ZFP36L1	0.17647058823529413	20	20	20	50	bd-rhap-rep1-X/regulons_20.tsv vs bd-rhap-rep2-X/regulons_20.tsv	bd-rhap-rep1-X/regulons_20.tsv	bd-rhap-rep2-X/regulons_20.tsv
1745	cd14+_monocytes	RUNX3	0.6	20	20	20	50	bd-rhap-rep1-X/regulons_20.tsv vs bd-rhap-rep2-X/regulons_20.tsv	bd-rhap-rep1-X/regulons_20.tsv	bd-rhap-rep2-X/regulons_20.tsv
1746	cd14-_monocytes	HLA-DPA1	0.5384615384615384	20	20	20	50	bd-rhap-rep1-X/regulons_20.tsv vs bd-rhap-rep2-X/regulons_20.tsv	bd-rhap-rep1-X/regulons_20.tsv	bd-rhap-rep2-X/regulons_20.tsv
1747	pDC	HLA-DQB1	0.5384615384615384	20	20	20	50	bd-rhap-rep1-X/regulons_20.tsv vs bd-rhap-rep2-X/regulons_20.tsv	bd-rhap-rep1-X/regulons_20.tsv	bd-rhap-rep2-X/regulons_20.tsv
1748	b_cells	HLA-DQA1	0.5384615384615384	20	20	20	50	bd-rhap-rep1-X/regulons_20.tsv vs bd-rhap-rep2-X/regulons_20.tsv	bd-rhap-rep1-X/regulons_20.tsv	bd-rhap-rep2-X/regulons_20.tsv
1749	cd8+_tcells	HLA-DPB1	0.6666666666666666	20	20	20	50	bd-rhap-rep1-X/regulons_20.tsv vs bd-rhap-rep2-X/regulons_20.tsv	bd-rhap-rep1-X/regulons_20.tsv	bd-rhap-rep2-X/regulons_20.tsv
1750	cd8+_tcells	RHOB	0.3333333333333333	20	20	20	50	bd-rhap-rep1-X/regulons_20.tsv vs bd-rhap-rep2-X/regulons_20.tsv	bd-rhap-rep1-X/regulons_20.tsv	bd-rhap-rep2-X/regulons_20.tsv
1751	cd14+_monocytes	IGFBP7	0.5384615384615384	20	20	20	50	bd-rhap-rep1-X/regulons_20.tsv vs bd-rhap-rep2-X/regulons_20.tsv	bd-rhap-rep1-X/regulons_20.tsv	bd-rhap-rep2-X/regulons_20.tsv
1752	DC	CLEC10A	0.6666666666666666	20	20	20	50	bd-rhap-rep1-X/regulons_20.tsv vs bd-rhap-rep2-X/regulons_20.tsv	bd-rhap-rep1-X/regulons_20.tsv	bd-rhap-rep2-X/regulons_20.tsv
1753	cd14+_monocytes	MAML3	0.42857142857142855	20	20	20	50	bd-rhap-rep1-X/regulons_20.tsv vs bd-rhap-rep2-X/regulons_20.tsv	bd-rhap-rep1-X/regulons_20.tsv	bd-rhap-rep2-X/regulons_20.tsv
1754	b_cells	IFITM2	0.42857142857142855	20	20	20	50	bd-rhap-rep1-X/regulons_20.tsv vs bd-rhap-rep2-X/regulons_20.tsv	bd-rhap-rep1-X/regulons_20.tsv	bd-rhap-rep2-X/regulons_20.tsv
1755	b_cells	BCL11A	0.6	20	20	20	50	bd-rhap-rep1-X/regulons_20.tsv vs bd-rhap-rep2-X/regulons_20.tsv	bd-rhap-rep1-X/regulons_20.tsv	bd-rhap-rep2-X/regulons_20.tsv
1756	cd14+_monocytes	LCORL	0.3333333333333333	20	20	20	50	bd-rhap-rep1-X/regulons_20.tsv vs bd-rhap-rep2-X/regulons_20.tsv	bd-rhap-rep1-X/regulons_20.tsv	bd-rhap-rep2-X/regulons_20.tsv
1757	b_cells	HLA-DQB1	0.48148148148148145	20	20	20	50	bd-rhap-rep1-X/regulons_20.tsv vs bd-rhap-rep2-X/regulons_20.tsv	bd-rhap-rep1-X/regulons_20.tsv	bd-rhap-rep2-X/regulons_20.tsv
1758	pDC	HDAC9	0.6	20	20	20	50	bd-rhap-rep1-X/regulons_20.tsv vs bd-rhap-rep2-X/regulons_20.tsv	bd-rhap-rep1-X/regulons_20.tsv	bd-rhap-rep2-X/regulons_20.tsv
1759	cd4+_tcells	H4C3	0.5384615384615384	20	20	20	50	bd-rhap-rep1-X/regulons_20.tsv vs bd-rhap-rep2-X/regulons_20.tsv	bd-rhap-rep1-X/regulons_20.tsv	bd-rhap-rep2-X/regulons_20.tsv
1760	cd8+_tcells	HLA-DPA1	0.48148148148148145	20	20	20	50	bd-rhap-rep1-X/regulons_20.tsv vs bd-rhap-rep2-X/regulons_20.tsv	bd-rhap-rep1-X/regulons_20.tsv	bd-rhap-rep2-X/regulons_20.tsv
1761	DC	HLA-DQA1	0.48148148148148145	20	20	20	50	bd-rhap-rep1-X/regulons_20.tsv vs bd-rhap-rep2-X/regulons_20.tsv	bd-rhap-rep1-X/regulons_20.tsv	bd-rhap-rep2-X/regulons_20.tsv
1762	cd14-_monocytes	LDLRAD4	0.21212121212121213	20	20	20	50	bd-rhap-rep1-X/regulons_20.tsv vs bd-rhap-rep2-X/regulons_20.tsv	bd-rhap-rep1-X/regulons_20.tsv	bd-rhap-rep2-X/regulons_20.tsv
1763	cd8+_tcells	ANKRD44	0.42857142857142855	20	20	20	50	bd-rhap-rep1-X/regulons_20.tsv vs bd-rhap-rep2-X/regulons_20.tsv	bd-rhap-rep1-X/regulons_20.tsv	bd-rhap-rep2-X/regulons_20.tsv
1764	b_cells	TCF4	0.6666666666666666	20	20	20	50	bd-rhap-rep1-X/regulons_20.tsv vs bd-rhap-rep2-X/regulons_20.tsv	bd-rhap-rep1-X/regulons_20.tsv	bd-rhap-rep2-X/regulons_20.tsv
1765	pDC	SLC38A1	0.6666666666666666	20	20	20	50	bd-rhap-rep1-X/regulons_20.tsv vs bd-rhap-rep2-X/regulons_20.tsv	bd-rhap-rep1-X/regulons_20.tsv	bd-rhap-rep2-X/regulons_20.tsv
1766	pDC	GPR183	0.48148148148148145	20	20	20	50	bd-rhap-rep1-X/regulons_20.tsv vs bd-rhap-rep2-X/regulons_20.tsv	bd-rhap-rep1-X/regulons_20.tsv	bd-rhap-rep2-X/regulons_20.tsv
1767	cd4+_tcells	KIF2A	0.6666666666666666	20	20	20	50	bd-rhap-rep1-X/regulons_20.tsv vs bd-rhap-rep2-X/regulons_20.tsv	bd-rhap-rep1-X/regulons_20.tsv	bd-rhap-rep2-X/regulons_20.tsv
1768	b_cells	IL2RG	0.7391304347826086	20	20	20	50	bd-rhap-rep1-X/regulons_20.tsv vs bd-rhap-rep2-X/regulons_20.tsv	bd-rhap-rep1-X/regulons_20.tsv	bd-rhap-rep2-X/regulons_20.tsv
1769	cd14-_monocytes	SLAMF7	0.6	20	20	20	50	bd-rhap-rep1-X/regulons_20.tsv vs bd-rhap-rep2-X/regulons_20.tsv	bd-rhap-rep1-X/regulons_20.tsv	bd-rhap-rep2-X/regulons_20.tsv
1770	DC	ARL4C	0.7391304347826086	20	20	20	50	bd-rhap-rep1-X/regulons_20.tsv vs bd-rhap-rep2-X/regulons_20.tsv	bd-rhap-rep1-X/regulons_20.tsv	bd-rhap-rep2-X/regulons_20.tsv
1771	DC	IFITM2	0.5384615384615384	20	20	20	50	bd-rhap-rep1-X/regulons_20.tsv vs bd-rhap-rep2-X/regulons_20.tsv	bd-rhap-rep1-X/regulons_20.tsv	bd-rhap-rep2-X/regulons_20.tsv
1772	cd4+_tcells	DOCK10	0.5384615384615384	20	20	20	50	bd-rhap-rep1-X/regulons_20.tsv vs bd-rhap-rep2-X/regulons_20.tsv	bd-rhap-rep1-X/regulons_20.tsv	bd-rhap-rep2-X/regulons_20.tsv
1773	cd4+_tcells	CD2	0.6	20	20	20	50	bd-rhap-rep1-X/regulons_20.tsv vs bd-rhap-rep2-X/regulons_20.tsv	bd-rhap-rep1-X/regulons_20.tsv	bd-rhap-rep2-X/regulons_20.tsv
1774	DC	HLA-DQB1	0.48148148148148145	20	20	20	50	bd-rhap-rep1-X/regulons_20.tsv vs bd-rhap-rep2-X/regulons_20.tsv	bd-rhap-rep1-X/regulons_20.tsv	bd-rhap-rep2-X/regulons_20.tsv
1775	pDC	HIP1	0.42857142857142855	20	20	20	50	bd-rhap-rep1-X/regulons_20.tsv vs bd-rhap-rep2-X/regulons_20.tsv	bd-rhap-rep1-X/regulons_20.tsv	bd-rhap-rep2-X/regulons_20.tsv
1776	cd14+_monocytes	FRMD4B	0.48148148148148145	20	20	20	50	bd-rhap-rep1-X/regulons_20.tsv vs bd-rhap-rep2-X/regulons_20.tsv	bd-rhap-rep1-X/regulons_20.tsv	bd-rhap-rep2-X/regulons_20.tsv
1777	cd4+_tcells	SELL	0.42857142857142855	20	20	20	50	bd-rhap-rep1-X/regulons_20.tsv vs bd-rhap-rep2-X/regulons_20.tsv	bd-rhap-rep1-X/regulons_20.tsv	bd-rhap-rep2-X/regulons_20.tsv
1778	DC	MNDA	0.42857142857142855	20	20	20	50	bd-rhap-rep1-X/regulons_20.tsv vs bd-rhap-rep2-X/regulons_20.tsv	bd-rhap-rep1-X/regulons_20.tsv	bd-rhap-rep2-X/regulons_20.tsv
1779	nk_cells	MACF1	0.7391304347826086	20	20	20	50	bd-rhap-rep1-X/regulons_20.tsv vs bd-rhap-rep2-X/regulons_20.tsv	bd-rhap-rep1-X/regulons_20.tsv	bd-rhap-rep2-X/regulons_20.tsv
1780	cd14-_monocytes	SFMBT2	0.42857142857142855	20	20	20	50	bd-rhap-rep1-X/regulons_20.tsv vs bd-rhap-rep2-X/regulons_20.tsv	bd-rhap-rep1-X/regulons_20.tsv	bd-rhap-rep2-X/regulons_20.tsv
1781	b_cells	CCDC50	0.5384615384615384	20	20	20	50	bd-rhap-rep1-X/regulons_20.tsv vs bd-rhap-rep2-X/regulons_20.tsv	bd-rhap-rep1-X/regulons_20.tsv	bd-rhap-rep2-X/regulons_20.tsv
1782	b_cells	H4C3	0.3333333333333333	20	20	20	50	bd-rhap-rep1-X/regulons_20.tsv vs bd-rhap-rep2-X/regulons_20.tsv	bd-rhap-rep1-X/regulons_20.tsv	bd-rhap-rep2-X/regulons_20.tsv
1783	nk_cells	STAG1	0.17647058823529413	20	20	20	50	bd-rhap-rep1-X/regulons_20.tsv vs bd-rhap-rep2-X/regulons_20.tsv	bd-rhap-rep1-X/regulons_20.tsv	bd-rhap-rep2-X/regulons_20.tsv
1784	cd14+_monocytes	ACTN1	0.42857142857142855	20	20	20	50	bd-rhap-rep1-X/regulons_20.tsv vs bd-rhap-rep2-X/regulons_20.tsv	bd-rhap-rep1-X/regulons_20.tsv	bd-rhap-rep2-X/regulons_20.tsv
1785	pDC	SELL	0.5384615384615384	20	20	20	50	bd-rhap-rep1-X/regulons_20.tsv vs bd-rhap-rep2-X/regulons_20.tsv	bd-rhap-rep1-X/regulons_20.tsv	bd-rhap-rep2-X/regulons_20.tsv
1786	pDC	FCER1A	0.3333333333333333	20	20	20	50	bd-rhap-rep1-X/regulons_20.tsv vs bd-rhap-rep2-X/regulons_20.tsv	bd-rhap-rep1-X/regulons_20.tsv	bd-rhap-rep2-X/regulons_20.tsv
1787	cd4+_tcells	VOPP1	0.6	20	20	20	50	bd-rhap-rep1-X/regulons_20.tsv vs bd-rhap-rep2-X/regulons_20.tsv	bd-rhap-rep1-X/regulons_20.tsv	bd-rhap-rep2-X/regulons_20.tsv
1788	pDC	HLA-DQA1	0.7391304347826086	20	20	20	50	bd-rhap-rep1-X/regulons_20.tsv vs bd-rhap-rep2-X/regulons_20.tsv	bd-rhap-rep1-X/regulons_20.tsv	bd-rhap-rep2-X/regulons_20.tsv
1789	pDC	TPM4	0.5384615384615384	20	20	20	50	bd-rhap-rep1-X/regulons_20.tsv vs bd-rhap-rep2-X/regulons_20.tsv	bd-rhap-rep1-X/regulons_20.tsv	bd-rhap-rep2-X/regulons_20.tsv
1790	cd8+_tcells	VOPP1	0.48148148148148145	20	20	20	50	bd-rhap-rep1-X/regulons_20.tsv vs bd-rhap-rep2-X/regulons_20.tsv	bd-rhap-rep1-X/regulons_20.tsv	bd-rhap-rep2-X/regulons_20.tsv
1791	nk_cells	PACS1	0.3333333333333333	20	20	20	50	bd-rhap-rep1-X/regulons_20.tsv vs bd-rhap-rep2-X/regulons_20.tsv	bd-rhap-rep1-X/regulons_20.tsv	bd-rhap-rep2-X/regulons_20.tsv
1792	nk_cells	VAV3	0.3793103448275862	20	20	20	50	bd-rhap-rep1-X/regulons_20.tsv vs bd-rhap-rep2-X/regulons_20.tsv	bd-rhap-rep1-X/regulons_20.tsv	bd-rhap-rep2-X/regulons_20.tsv
1793	cd14-_monocytes	CCDC91	0.21212121212121213	20	20	20	50	bd-rhap-rep1-X/regulons_20.tsv vs bd-rhap-rep2-X/regulons_20.tsv	bd-rhap-rep1-X/regulons_20.tsv	bd-rhap-rep2-X/regulons_20.tsv
1794	cd4+_tcells	TLK1	0.2903225806451613	20	20	20	50	bd-rhap-rep1-X/regulons_20.tsv vs bd-rhap-rep2-X/regulons_20.tsv	bd-rhap-rep1-X/regulons_20.tsv	bd-rhap-rep2-X/regulons_20.tsv
1795	DC	RGS18	0.08108108108108109	20	20	20	50	bd-rhap-rep1-X/regulons_20.tsv vs bd-rhap-rep2-X/regulons_20.tsv	bd-rhap-rep1-X/regulons_20.tsv	bd-rhap-rep2-X/regulons_20.tsv
1796	b_cells	DOCK10	0.3793103448275862	20	20	20	50	bd-rhap-rep1-X/regulons_20.tsv vs bd-rhap-rep2-X/regulons_20.tsv	bd-rhap-rep1-X/regulons_20.tsv	bd-rhap-rep2-X/regulons_20.tsv
1797	nk_cells	ANKRD44	0.48148148148148145	20	20	20	50	bd-rhap-rep1-X/regulons_20.tsv vs bd-rhap-rep2-X/regulons_20.tsv	bd-rhap-rep1-X/regulons_20.tsv	bd-rhap-rep2-X/regulons_20.tsv
1798	b_cells	CAMK1D	0.3793103448275862	20	20	20	50	bd-rhap-rep1-X/regulons_20.tsv vs bd-rhap-rep2-X/regulons_20.tsv	bd-rhap-rep1-X/regulons_20.tsv	bd-rhap-rep2-X/regulons_20.tsv
1799	b_cells	SELL	0.48148148148148145	20	20	20	50	bd-rhap-rep1-X/regulons_20.tsv vs bd-rhap-rep2-X/regulons_20.tsv	bd-rhap-rep1-X/regulons_20.tsv	bd-rhap-rep2-X/regulons_20.tsv
1800	cd8+_tcells	NFATC2	0.3793103448275862	20	20	20	50	bd-rhap-rep1-X/regulons_20.tsv vs bd-rhap-rep2-X/regulons_20.tsv	bd-rhap-rep1-X/regulons_20.tsv	bd-rhap-rep2-X/regulons_20.tsv
1801	b_cells	ADAM28	0.8181818181818182	20	20	20	50	bd-rhap-rep1-X/regulons_20.tsv vs bd-rhap-rep2-X/regulons_20.tsv	bd-rhap-rep1-X/regulons_20.tsv	bd-rhap-rep2-X/regulons_20.tsv
1802	pDC	CD74	0.8181818181818182	20	20	20	50	bd-rhap-rep1-X/regulons_20.tsv vs bd-rhap-rep2-X/regulons_20.tsv	bd-rhap-rep1-X/regulons_20.tsv	bd-rhap-rep2-X/regulons_20.tsv
1803	cd14-_monocytes	FAM117B	0.3333333333333333	20	20	20	50	bd-rhap-rep1-X/regulons_20.tsv vs bd-rhap-rep2-X/regulons_20.tsv	bd-rhap-rep1-X/regulons_20.tsv	bd-rhap-rep2-X/regulons_20.tsv
1804	nk_cells	C12orf75	0.2903225806451613	20	20	20	50	bd-rhap-rep1-X/regulons_20.tsv vs bd-rhap-rep2-X/regulons_20.tsv	bd-rhap-rep1-X/regulons_20.tsv	bd-rhap-rep2-X/regulons_20.tsv
1805	nk_cells	KIF2A	0.2903225806451613	20	20	20	50	bd-rhap-rep1-X/regulons_20.tsv vs bd-rhap-rep2-X/regulons_20.tsv	bd-rhap-rep1-X/regulons_20.tsv	bd-rhap-rep2-X/regulons_20.tsv
1806	nk_cells	RABGAP1L	0.6	20	20	20	50	bd-rhap-rep1-X/regulons_20.tsv vs bd-rhap-rep2-X/regulons_20.tsv	bd-rhap-rep1-X/regulons_20.tsv	bd-rhap-rep2-X/regulons_20.tsv
1807	nk_cells	ACAP1	0.6	20	20	20	50	bd-rhap-rep1-X/regulons_20.tsv vs bd-rhap-rep2-X/regulons_20.tsv	bd-rhap-rep1-X/regulons_20.tsv	bd-rhap-rep2-X/regulons_20.tsv
1808	cd14+_monocytes	CAMK1D	0.42857142857142855	20	20	20	50	bd-rhap-rep1-X/regulons_20.tsv vs bd-rhap-rep2-X/regulons_20.tsv	bd-rhap-rep1-X/regulons_20.tsv	bd-rhap-rep2-X/regulons_20.tsv
1809	cd8+_tcells	GPRIN3	0.42857142857142855	20	20	20	50	bd-rhap-rep1-X/regulons_20.tsv vs bd-rhap-rep2-X/regulons_20.tsv	bd-rhap-rep1-X/regulons_20.tsv	bd-rhap-rep2-X/regulons_20.tsv
1810	b_cells	AFF3	0.6	20	20	20	50	bd-rhap-rep1-X/regulons_20.tsv vs bd-rhap-rep2-X/regulons_20.tsv	bd-rhap-rep1-X/regulons_20.tsv	bd-rhap-rep2-X/regulons_20.tsv
1811	nk_cells	LPP	0.48148148148148145	20	20	20	50	bd-rhap-rep1-X/regulons_20.tsv vs bd-rhap-rep2-X/regulons_20.tsv	bd-rhap-rep1-X/regulons_20.tsv	bd-rhap-rep2-X/regulons_20.tsv
1812	cd14+_monocytes	HLA-DQA1	0.42857142857142855	20	20	20	50	bd-rhap-rep1-X/regulons_20.tsv vs bd-rhap-rep2-X/regulons_20.tsv	bd-rhap-rep1-X/regulons_20.tsv	bd-rhap-rep2-X/regulons_20.tsv
1813	nk_cells	DOCK10	0.25	20	20	20	50	bd-rhap-rep1-X/regulons_20.tsv vs bd-rhap-rep2-X/regulons_20.tsv	bd-rhap-rep1-X/regulons_20.tsv	bd-rhap-rep2-X/regulons_20.tsv
1814	cd14+_monocytes	UBE2E2	0.3793103448275862	20	20	20	50	bd-rhap-rep1-X/regulons_20.tsv vs bd-rhap-rep2-X/regulons_20.tsv	bd-rhap-rep1-X/regulons_20.tsv	bd-rhap-rep2-X/regulons_20.tsv
1815	nk_cells	CD2	0.6666666666666666	20	20	20	50	bd-rhap-rep1-X/regulons_20.tsv vs bd-rhap-rep2-X/regulons_20.tsv	bd-rhap-rep1-X/regulons_20.tsv	bd-rhap-rep2-X/regulons_20.tsv
1816	nk_cells	SELL	0.42857142857142855	20	20	20	50	bd-rhap-rep1-X/regulons_20.tsv vs bd-rhap-rep2-X/regulons_20.tsv	bd-rhap-rep1-X/regulons_20.tsv	bd-rhap-rep2-X/regulons_20.tsv
1817	pDC	IER2	0.3333333333333333	20	20	20	50	bd-rhap-rep1-X/regulons_20.tsv vs bd-rhap-rep2-X/regulons_20.tsv	bd-rhap-rep1-X/regulons_20.tsv	bd-rhap-rep2-X/regulons_20.tsv
1818	b_cells	CD74	0.6666666666666666	20	20	20	50	bd-rhap-rep1-X/regulons_20.tsv vs bd-rhap-rep2-X/regulons_20.tsv	bd-rhap-rep1-X/regulons_20.tsv	bd-rhap-rep2-X/regulons_20.tsv
1819	cd4+_tcells	ANKRD44	0.3793103448275862	20	20	20	50	bd-rhap-rep1-X/regulons_20.tsv vs bd-rhap-rep2-X/regulons_20.tsv	bd-rhap-rep1-X/regulons_20.tsv	bd-rhap-rep2-X/regulons_20.tsv
1820	cd8+_tcells	MAP3K5	0.14285714285714285	20	20	20	50	bd-rhap-rep1-X/regulons_20.tsv vs bd-rhap-rep2-X/regulons_20.tsv	bd-rhap-rep1-X/regulons_20.tsv	bd-rhap-rep2-X/regulons_20.tsv
1821	DC	FCER1A	0.5384615384615384	20	20	20	50	bd-rhap-rep1-X/regulons_20.tsv vs bd-rhap-rep2-X/regulons_20.tsv	bd-rhap-rep1-X/regulons_20.tsv	bd-rhap-rep2-X/regulons_20.tsv
1822	pDC	WDFY4	0.42857142857142855	20	20	20	50	bd-rhap-rep1-X/regulons_20.tsv vs bd-rhap-rep2-X/regulons_20.tsv	bd-rhap-rep1-X/regulons_20.tsv	bd-rhap-rep2-X/regulons_20.tsv
1823	DC	TPM4	0.14285714285714285	20	20	20	50	bd-rhap-rep1-X/regulons_20.tsv vs 10x-rep1-kallisto-cellbender-X/regulons_20.tsv	bd-rhap-rep1-X/regulons_20.tsv	10x-rep1-kallisto-cellbender-X/regulons_20.tsv
1824	nk_cells	BIN1	0.25	20	20	20	50	bd-rhap-rep1-X/regulons_20.tsv vs 10x-rep1-kallisto-cellbender-X/regulons_20.tsv	bd-rhap-rep1-X/regulons_20.tsv	10x-rep1-kallisto-cellbender-X/regulons_20.tsv
1825	cd8+_tcells	TAGLN2	0.25	20	20	20	50	bd-rhap-rep1-X/regulons_20.tsv vs 10x-rep1-kallisto-cellbender-X/regulons_20.tsv	bd-rhap-rep1-X/regulons_20.tsv	10x-rep1-kallisto-cellbender-X/regulons_20.tsv
1826	cd8+_tcells	CXCR4	0.3333333333333333	20	20	20	50	bd-rhap-rep1-X/regulons_20.tsv vs 10x-rep1-kallisto-cellbender-X/regulons_20.tsv	bd-rhap-rep1-X/regulons_20.tsv	10x-rep1-kallisto-cellbender-X/regulons_20.tsv
1827	b_cells	HLA-DPB1	0.25	20	20	20	50	bd-rhap-rep1-X/regulons_20.tsv vs 10x-rep1-kallisto-cellbender-X/regulons_20.tsv	bd-rhap-rep1-X/regulons_20.tsv	10x-rep1-kallisto-cellbender-X/regulons_20.tsv
1828	cd14-_monocytes	HLA-DQB1	0.3333333333333333	20	20	20	50	bd-rhap-rep1-X/regulons_20.tsv vs 10x-rep1-kallisto-cellbender-X/regulons_20.tsv	bd-rhap-rep1-X/regulons_20.tsv	10x-rep1-kallisto-cellbender-X/regulons_20.tsv
1829	cd8+_tcells	ID2	0.17647058823529413	20	20	20	50	bd-rhap-rep1-X/regulons_20.tsv vs 10x-rep1-kallisto-cellbender-X/regulons_20.tsv	bd-rhap-rep1-X/regulons_20.tsv	10x-rep1-kallisto-cellbender-X/regulons_20.tsv
1830	DC	CD74	0.3333333333333333	20	20	20	50	bd-rhap-rep1-X/regulons_20.tsv vs 10x-rep1-kallisto-cellbender-X/regulons_20.tsv	bd-rhap-rep1-X/regulons_20.tsv	10x-rep1-kallisto-cellbender-X/regulons_20.tsv
1831	cd4+_tcells	EPB41	0.3333333333333333	20	20	20	50	bd-rhap-rep1-X/regulons_20.tsv vs 10x-rep1-kallisto-cellbender-X/regulons_20.tsv	bd-rhap-rep1-X/regulons_20.tsv	10x-rep1-kallisto-cellbender-X/regulons_20.tsv
1832	pDC	IRF8	0.7391304347826086	20	20	20	50	bd-rhap-rep1-X/regulons_20.tsv vs 10x-rep1-kallisto-cellbender-X/regulons_20.tsv	bd-rhap-rep1-X/regulons_20.tsv	10x-rep1-kallisto-cellbender-X/regulons_20.tsv
1833	cd8+_tcells	EPB41	0.21212121212121213	20	20	20	50	bd-rhap-rep1-X/regulons_20.tsv vs 10x-rep1-kallisto-cellbender-X/regulons_20.tsv	bd-rhap-rep1-X/regulons_20.tsv	10x-rep1-kallisto-cellbender-X/regulons_20.tsv
1834	b_cells	HLA-DPA1	0.3333333333333333	20	20	20	50	bd-rhap-rep1-X/regulons_20.tsv vs 10x-rep1-kallisto-cellbender-X/regulons_20.tsv	bd-rhap-rep1-X/regulons_20.tsv	10x-rep1-kallisto-cellbender-X/regulons_20.tsv
1835	cd4+_tcells	EVL	0.2903225806451613	20	20	20	50	bd-rhap-rep1-X/regulons_20.tsv vs 10x-rep1-kallisto-cellbender-X/regulons_20.tsv	bd-rhap-rep1-X/regulons_20.tsv	10x-rep1-kallisto-cellbender-X/regulons_20.tsv
1836	DC	HLA-DPB1	0.3333333333333333	20	20	20	50	bd-rhap-rep1-X/regulons_20.tsv vs 10x-rep1-kallisto-cellbender-X/regulons_20.tsv	bd-rhap-rep1-X/regulons_20.tsv	10x-rep1-kallisto-cellbender-X/regulons_20.tsv
1837	b_cells	IRF8	0.48148148148148145	20	20	20	50	bd-rhap-rep1-X/regulons_20.tsv vs 10x-rep1-kallisto-cellbender-X/regulons_20.tsv	bd-rhap-rep1-X/regulons_20.tsv	10x-rep1-kallisto-cellbender-X/regulons_20.tsv
1838	pDC	PLEK	0.21212121212121213	20	20	20	50	bd-rhap-rep1-X/regulons_20.tsv vs 10x-rep1-kallisto-cellbender-X/regulons_20.tsv	bd-rhap-rep1-X/regulons_20.tsv	10x-rep1-kallisto-cellbender-X/regulons_20.tsv
1839	b_cells	HLA-DRB1	0.2903225806451613	20	20	20	50	bd-rhap-rep1-X/regulons_20.tsv vs 10x-rep1-kallisto-cellbender-X/regulons_20.tsv	bd-rhap-rep1-X/regulons_20.tsv	10x-rep1-kallisto-cellbender-X/regulons_20.tsv
1840	DC	HLA-DPA1	0.3333333333333333	20	20	20	50	bd-rhap-rep1-X/regulons_20.tsv vs 10x-rep1-kallisto-cellbender-X/regulons_20.tsv	bd-rhap-rep1-X/regulons_20.tsv	10x-rep1-kallisto-cellbender-X/regulons_20.tsv
1841	pDC	HLA-DRA	0.5384615384615384	20	20	20	50	bd-rhap-rep1-X/regulons_20.tsv vs 10x-rep1-kallisto-cellbender-X/regulons_20.tsv	bd-rhap-rep1-X/regulons_20.tsv	10x-rep1-kallisto-cellbender-X/regulons_20.tsv
1842	cd14-_monocytes	CPVL	0.48148148148148145	20	20	20	50	bd-rhap-rep1-X/regulons_20.tsv vs 10x-rep1-kallisto-cellbender-X/regulons_20.tsv	bd-rhap-rep1-X/regulons_20.tsv	10x-rep1-kallisto-cellbender-X/regulons_20.tsv
1843	pDC	PLD4	0.6	20	20	20	50	bd-rhap-rep1-X/regulons_20.tsv vs 10x-rep1-kallisto-cellbender-X/regulons_20.tsv	bd-rhap-rep1-X/regulons_20.tsv	10x-rep1-kallisto-cellbender-X/regulons_20.tsv
1844	pDC	HLA-DPB1	0.3793103448275862	20	20	20	50	bd-rhap-rep1-X/regulons_20.tsv vs 10x-rep1-kallisto-cellbender-X/regulons_20.tsv	bd-rhap-rep1-X/regulons_20.tsv	10x-rep1-kallisto-cellbender-X/regulons_20.tsv
1845	cd14-_monocytes	HLA-DQA1	0.3333333333333333	20	20	20	50	bd-rhap-rep1-X/regulons_20.tsv vs 10x-rep1-kallisto-cellbender-X/regulons_20.tsv	bd-rhap-rep1-X/regulons_20.tsv	10x-rep1-kallisto-cellbender-X/regulons_20.tsv
1846	b_cells	HLA-DRA	0.42857142857142855	20	20	20	50	bd-rhap-rep1-X/regulons_20.tsv vs 10x-rep1-kallisto-cellbender-X/regulons_20.tsv	bd-rhap-rep1-X/regulons_20.tsv	10x-rep1-kallisto-cellbender-X/regulons_20.tsv
1847	DC	HLA-DRB1	0.42857142857142855	20	20	20	50	bd-rhap-rep1-X/regulons_20.tsv vs 10x-rep1-kallisto-cellbender-X/regulons_20.tsv	bd-rhap-rep1-X/regulons_20.tsv	10x-rep1-kallisto-cellbender-X/regulons_20.tsv
1848	cd4+_tcells	TAGLN2	0.17647058823529413	20	20	20	50	bd-rhap-rep1-X/regulons_20.tsv vs 10x-rep1-kallisto-cellbender-X/regulons_20.tsv	bd-rhap-rep1-X/regulons_20.tsv	10x-rep1-kallisto-cellbender-X/regulons_20.tsv
1849	cd4+_tcells	CXCR4	0.25	20	20	20	50	bd-rhap-rep1-X/regulons_20.tsv vs 10x-rep1-kallisto-cellbender-X/regulons_20.tsv	bd-rhap-rep1-X/regulons_20.tsv	10x-rep1-kallisto-cellbender-X/regulons_20.tsv
1850	pDC	HLA-DPA1	0.42857142857142855	20	20	20	50	bd-rhap-rep1-X/regulons_20.tsv vs 10x-rep1-kallisto-cellbender-X/regulons_20.tsv	bd-rhap-rep1-X/regulons_20.tsv	10x-rep1-kallisto-cellbender-X/regulons_20.tsv
1851	cd14-_monocytes	MNDA	0.25	20	20	20	50	bd-rhap-rep1-X/regulons_20.tsv vs 10x-rep1-kallisto-cellbender-X/regulons_20.tsv	bd-rhap-rep1-X/regulons_20.tsv	10x-rep1-kallisto-cellbender-X/regulons_20.tsv
1852	DC	CD1C	0.42857142857142855	20	20	20	50	bd-rhap-rep1-X/regulons_20.tsv vs 10x-rep1-kallisto-cellbender-X/regulons_20.tsv	bd-rhap-rep1-X/regulons_20.tsv	10x-rep1-kallisto-cellbender-X/regulons_20.tsv
1853	DC	HLA-DRA	0.2903225806451613	20	20	20	50	bd-rhap-rep1-X/regulons_20.tsv vs 10x-rep1-kallisto-cellbender-X/regulons_20.tsv	bd-rhap-rep1-X/regulons_20.tsv	10x-rep1-kallisto-cellbender-X/regulons_20.tsv
1854	b_cells	TLN1	0.25	20	20	20	50	bd-rhap-rep1-X/regulons_20.tsv vs 10x-rep1-kallisto-cellbender-X/regulons_20.tsv	bd-rhap-rep1-X/regulons_20.tsv	10x-rep1-kallisto-cellbender-X/regulons_20.tsv
1855	DC	AIF1	0.02564102564102564	20	20	20	50	bd-rhap-rep1-X/regulons_20.tsv vs 10x-rep1-kallisto-cellbender-X/regulons_20.tsv	bd-rhap-rep1-X/regulons_20.tsv	10x-rep1-kallisto-cellbender-X/regulons_20.tsv
1856	cd4+_tcells	ARL4C	0.2903225806451613	20	20	20	50	bd-rhap-rep1-X/regulons_20.tsv vs 10x-rep1-kallisto-cellbender-X/regulons_20.tsv	bd-rhap-rep1-X/regulons_20.tsv	10x-rep1-kallisto-cellbender-X/regulons_20.tsv
1857	cd4+_tcells	IFITM2	0.3333333333333333	20	20	20	50	bd-rhap-rep1-X/regulons_20.tsv vs 10x-rep1-kallisto-cellbender-X/regulons_20.tsv	bd-rhap-rep1-X/regulons_20.tsv	10x-rep1-kallisto-cellbender-X/regulons_20.tsv
1858	pDC	HLA-DRB1	0.5384615384615384	20	20	20	50	bd-rhap-rep1-X/regulons_20.tsv vs 10x-rep1-kallisto-cellbender-X/regulons_20.tsv	bd-rhap-rep1-X/regulons_20.tsv	10x-rep1-kallisto-cellbender-X/regulons_20.tsv
1859	b_cells	TAGLN2	0.3333333333333333	20	20	20	50	bd-rhap-rep1-X/regulons_20.tsv vs 10x-rep1-kallisto-cellbender-X/regulons_20.tsv	bd-rhap-rep1-X/regulons_20.tsv	10x-rep1-kallisto-cellbender-X/regulons_20.tsv
1860	b_cells	CXCR4	0.17647058823529413	20	20	20	50	bd-rhap-rep1-X/regulons_20.tsv vs 10x-rep1-kallisto-cellbender-X/regulons_20.tsv	bd-rhap-rep1-X/regulons_20.tsv	10x-rep1-kallisto-cellbender-X/regulons_20.tsv
1861	pDC	TLE5	0.21212121212121213	20	20	20	50	bd-rhap-rep1-X/regulons_20.tsv vs 10x-rep1-kallisto-cellbender-X/regulons_20.tsv	bd-rhap-rep1-X/regulons_20.tsv	10x-rep1-kallisto-cellbender-X/regulons_20.tsv
1862	cd4+_tcells	IL2RG	0.2903225806451613	20	20	20	50	bd-rhap-rep1-X/regulons_20.tsv vs 10x-rep1-kallisto-cellbender-X/regulons_20.tsv	bd-rhap-rep1-X/regulons_20.tsv	10x-rep1-kallisto-cellbender-X/regulons_20.tsv
1863	cd8+_tcells	IL2RG	0.1111111111111111	20	20	20	50	bd-rhap-rep1-X/regulons_20.tsv vs 10x-rep1-kallisto-cellbender-X/regulons_20.tsv	bd-rhap-rep1-X/regulons_20.tsv	10x-rep1-kallisto-cellbender-X/regulons_20.tsv
1864	nk_cells	TAGLN2	0.1111111111111111	20	20	20	50	bd-rhap-rep1-X/regulons_20.tsv vs 10x-rep1-kallisto-cellbender-X/regulons_20.tsv	bd-rhap-rep1-X/regulons_20.tsv	10x-rep1-kallisto-cellbender-X/regulons_20.tsv
1865	DC	TAGLN2	0.21212121212121213	20	20	20	50	bd-rhap-rep1-X/regulons_20.tsv vs 10x-rep1-kallisto-cellbender-X/regulons_20.tsv	bd-rhap-rep1-X/regulons_20.tsv	10x-rep1-kallisto-cellbender-X/regulons_20.tsv
1866	nk_cells	IGFBP7	0.2903225806451613	20	20	20	50	bd-rhap-rep1-X/regulons_20.tsv vs 10x-rep1-kallisto-cellbender-X/regulons_20.tsv	bd-rhap-rep1-X/regulons_20.tsv	10x-rep1-kallisto-cellbender-X/regulons_20.tsv
1867	cd8+_tcells	H4C3	0.2903225806451613	20	20	20	50	bd-rhap-rep1-X/regulons_20.tsv vs 10x-rep1-kallisto-cellbender-X/regulons_20.tsv	bd-rhap-rep1-X/regulons_20.tsv	10x-rep1-kallisto-cellbender-X/regulons_20.tsv
1868	DC	ID2	0.08108108108108109	20	20	20	50	bd-rhap-rep1-X/regulons_20.tsv vs 10x-rep1-kallisto-cellbender-X/regulons_20.tsv	bd-rhap-rep1-X/regulons_20.tsv	10x-rep1-kallisto-cellbender-X/regulons_20.tsv
1869	cd14-_monocytes	EVL	0.17647058823529413	20	20	20	50	bd-rhap-rep1-X/regulons_20.tsv vs 10x-rep1-kallisto-cellbender-X/regulons_20.tsv	bd-rhap-rep1-X/regulons_20.tsv	10x-rep1-kallisto-cellbender-X/regulons_20.tsv
1870	cd8+_tcells	C12orf75	0.17647058823529413	20	20	20	50	bd-rhap-rep1-X/regulons_20.tsv vs 10x-rep1-kallisto-cellbender-X/regulons_20.tsv	bd-rhap-rep1-X/regulons_20.tsv	10x-rep1-kallisto-cellbender-X/regulons_20.tsv
1871	nk_cells	ARL4C	0.25	20	20	20	50	bd-rhap-rep1-X/regulons_20.tsv vs 10x-rep1-kallisto-cellbender-X/regulons_20.tsv	bd-rhap-rep1-X/regulons_20.tsv	10x-rep1-kallisto-cellbender-X/regulons_20.tsv
1872	cd8+_tcells	ACAP1	0.25	20	20	20	50	bd-rhap-rep1-X/regulons_20.tsv vs 10x-rep1-kallisto-cellbender-X/regulons_20.tsv	bd-rhap-rep1-X/regulons_20.tsv	10x-rep1-kallisto-cellbender-X/regulons_20.tsv
1873	DC	TLE5	0.14285714285714285	20	20	20	50	bd-rhap-rep1-X/regulons_20.tsv vs 10x-rep1-kallisto-cellbender-X/regulons_20.tsv	bd-rhap-rep1-X/regulons_20.tsv	10x-rep1-kallisto-cellbender-X/regulons_20.tsv
1874	cd8+_tcells	CD2	0.3793103448275862	20	20	20	50	bd-rhap-rep1-X/regulons_20.tsv vs 10x-rep1-kallisto-cellbender-X/regulons_20.tsv	bd-rhap-rep1-X/regulons_20.tsv	10x-rep1-kallisto-cellbender-X/regulons_20.tsv
1875	pDC	TAGLN2	0.3793103448275862	20	20	20	50	bd-rhap-rep1-X/regulons_20.tsv vs 10x-rep1-kallisto-cellbender-X/regulons_20.tsv	bd-rhap-rep1-X/regulons_20.tsv	10x-rep1-kallisto-cellbender-X/regulons_20.tsv
1876	nk_cells	IL2RG	0.3333333333333333	20	20	20	50	bd-rhap-rep1-X/regulons_20.tsv vs 10x-rep1-kallisto-cellbender-X/regulons_20.tsv	bd-rhap-rep1-X/regulons_20.tsv	10x-rep1-kallisto-cellbender-X/regulons_20.tsv
1877	cd14-_monocytes	HLA-DPB1	0.3333333333333333	20	20	20	50	bd-rhap-rep1-X/regulons_20.tsv vs 10x-rep1-kallisto-cellbender-X/regulons_20.tsv	bd-rhap-rep1-X/regulons_20.tsv	10x-rep1-kallisto-cellbender-X/regulons_20.tsv
1878	b_cells	FOS	0.1111111111111111	20	20	20	50	bd-rhap-rep1-X/regulons_20.tsv vs 10x-rep1-kallisto-cellbender-X/regulons_20.tsv	bd-rhap-rep1-X/regulons_20.tsv	10x-rep1-kallisto-cellbender-X/regulons_20.tsv
1879	nk_cells	H4C3	0.1111111111111111	20	20	20	50	bd-rhap-rep1-X/regulons_20.tsv vs 10x-rep1-kallisto-cellbender-X/regulons_20.tsv	bd-rhap-rep1-X/regulons_20.tsv	10x-rep1-kallisto-cellbender-X/regulons_20.tsv
1880	pDC	IFITM2	0.17647058823529413	20	20	20	50	bd-rhap-rep1-X/regulons_20.tsv vs 10x-rep1-kallisto-cellbender-X/regulons_20.tsv	bd-rhap-rep1-X/regulons_20.tsv	10x-rep1-kallisto-cellbender-X/regulons_20.tsv
1881	pDC	ARL4C	0.25	20	20	20	50	bd-rhap-rep1-X/regulons_20.tsv vs 10x-rep1-kallisto-cellbender-X/regulons_20.tsv	bd-rhap-rep1-X/regulons_20.tsv	10x-rep1-kallisto-cellbender-X/regulons_20.tsv
1882	cd14-_monocytes	HLA-DPA1	0.3793103448275862	20	20	20	50	bd-rhap-rep1-X/regulons_20.tsv vs 10x-rep1-kallisto-cellbender-X/regulons_20.tsv	bd-rhap-rep1-X/regulons_20.tsv	10x-rep1-kallisto-cellbender-X/regulons_20.tsv
1883	pDC	HLA-DQB1	0.48148148148148145	20	20	20	50	bd-rhap-rep1-X/regulons_20.tsv vs 10x-rep1-kallisto-cellbender-X/regulons_20.tsv	bd-rhap-rep1-X/regulons_20.tsv	10x-rep1-kallisto-cellbender-X/regulons_20.tsv
1884	b_cells	HLA-DQA1	0.2903225806451613	20	20	20	50	bd-rhap-rep1-X/regulons_20.tsv vs 10x-rep1-kallisto-cellbender-X/regulons_20.tsv	bd-rhap-rep1-X/regulons_20.tsv	10x-rep1-kallisto-cellbender-X/regulons_20.tsv
1885	DC	FOS	0.14285714285714285	20	20	20	50	bd-rhap-rep1-X/regulons_20.tsv vs 10x-rep1-kallisto-cellbender-X/regulons_20.tsv	bd-rhap-rep1-X/regulons_20.tsv	10x-rep1-kallisto-cellbender-X/regulons_20.tsv
1886	DC	CLEC10A	0.48148148148148145	20	20	20	50	bd-rhap-rep1-X/regulons_20.tsv vs 10x-rep1-kallisto-cellbender-X/regulons_20.tsv	bd-rhap-rep1-X/regulons_20.tsv	10x-rep1-kallisto-cellbender-X/regulons_20.tsv
1887	b_cells	IFITM2	0.14285714285714285	20	20	20	50	bd-rhap-rep1-X/regulons_20.tsv vs 10x-rep1-kallisto-cellbender-X/regulons_20.tsv	bd-rhap-rep1-X/regulons_20.tsv	10x-rep1-kallisto-cellbender-X/regulons_20.tsv
1888	b_cells	BCL11A	0.48148148148148145	20	20	20	50	bd-rhap-rep1-X/regulons_20.tsv vs 10x-rep1-kallisto-cellbender-X/regulons_20.tsv	bd-rhap-rep1-X/regulons_20.tsv	10x-rep1-kallisto-cellbender-X/regulons_20.tsv
1889	b_cells	HLA-DQB1	0.2903225806451613	20	20	20	50	bd-rhap-rep1-X/regulons_20.tsv vs 10x-rep1-kallisto-cellbender-X/regulons_20.tsv	bd-rhap-rep1-X/regulons_20.tsv	10x-rep1-kallisto-cellbender-X/regulons_20.tsv
1890	cd4+_tcells	H4C3	0.2903225806451613	20	20	20	50	bd-rhap-rep1-X/regulons_20.tsv vs 10x-rep1-kallisto-cellbender-X/regulons_20.tsv	bd-rhap-rep1-X/regulons_20.tsv	10x-rep1-kallisto-cellbender-X/regulons_20.tsv
1891	DC	HLA-DQA1	0.42857142857142855	20	20	20	50	bd-rhap-rep1-X/regulons_20.tsv vs 10x-rep1-kallisto-cellbender-X/regulons_20.tsv	bd-rhap-rep1-X/regulons_20.tsv	10x-rep1-kallisto-cellbender-X/regulons_20.tsv
1892	b_cells	TCF4	0.3793103448275862	20	20	20	50	bd-rhap-rep1-X/regulons_20.tsv vs 10x-rep1-kallisto-cellbender-X/regulons_20.tsv	bd-rhap-rep1-X/regulons_20.tsv	10x-rep1-kallisto-cellbender-X/regulons_20.tsv
1893	pDC	SLC38A1	0.21212121212121213	20	20	20	50	bd-rhap-rep1-X/regulons_20.tsv vs 10x-rep1-kallisto-cellbender-X/regulons_20.tsv	bd-rhap-rep1-X/regulons_20.tsv	10x-rep1-kallisto-cellbender-X/regulons_20.tsv
1894	pDC	GPR183	0.3333333333333333	20	20	20	50	bd-rhap-rep1-X/regulons_20.tsv vs 10x-rep1-kallisto-cellbender-X/regulons_20.tsv	bd-rhap-rep1-X/regulons_20.tsv	10x-rep1-kallisto-cellbender-X/regulons_20.tsv
1895	DC	ARL4C	0.25	20	20	20	50	bd-rhap-rep1-X/regulons_20.tsv vs 10x-rep1-kallisto-cellbender-X/regulons_20.tsv	bd-rhap-rep1-X/regulons_20.tsv	10x-rep1-kallisto-cellbender-X/regulons_20.tsv
1896	pDC	CST3	0.2903225806451613	20	20	20	50	bd-rhap-rep1-X/regulons_20.tsv vs 10x-rep1-kallisto-cellbender-X/regulons_20.tsv	bd-rhap-rep1-X/regulons_20.tsv	10x-rep1-kallisto-cellbender-X/regulons_20.tsv
1897	cd4+_tcells	CD2	0.3333333333333333	20	20	20	50	bd-rhap-rep1-X/regulons_20.tsv vs 10x-rep1-kallisto-cellbender-X/regulons_20.tsv	bd-rhap-rep1-X/regulons_20.tsv	10x-rep1-kallisto-cellbender-X/regulons_20.tsv
1898	DC	HLA-DQB1	0.3333333333333333	20	20	20	50	bd-rhap-rep1-X/regulons_20.tsv vs 10x-rep1-kallisto-cellbender-X/regulons_20.tsv	bd-rhap-rep1-X/regulons_20.tsv	10x-rep1-kallisto-cellbender-X/regulons_20.tsv
1899	pDC	JUN	0.17647058823529413	20	20	20	50	bd-rhap-rep1-X/regulons_20.tsv vs 10x-rep1-kallisto-cellbender-X/regulons_20.tsv	bd-rhap-rep1-X/regulons_20.tsv	10x-rep1-kallisto-cellbender-X/regulons_20.tsv
1900	DC	MNDA	0.3793103448275862	20	20	20	50	bd-rhap-rep1-X/regulons_20.tsv vs 10x-rep1-kallisto-cellbender-X/regulons_20.tsv	bd-rhap-rep1-X/regulons_20.tsv	10x-rep1-kallisto-cellbender-X/regulons_20.tsv
1901	pDC	FOS	0.05263157894736842	20	20	20	50	bd-rhap-rep1-X/regulons_20.tsv vs 10x-rep1-kallisto-cellbender-X/regulons_20.tsv	bd-rhap-rep1-X/regulons_20.tsv	10x-rep1-kallisto-cellbender-X/regulons_20.tsv
1902	b_cells	CCDC50	0.48148148148148145	20	20	20	50	bd-rhap-rep1-X/regulons_20.tsv vs 10x-rep1-kallisto-cellbender-X/regulons_20.tsv	bd-rhap-rep1-X/regulons_20.tsv	10x-rep1-kallisto-cellbender-X/regulons_20.tsv
1903	b_cells	H4C3	0.17647058823529413	20	20	20	50	bd-rhap-rep1-X/regulons_20.tsv vs 10x-rep1-kallisto-cellbender-X/regulons_20.tsv	bd-rhap-rep1-X/regulons_20.tsv	10x-rep1-kallisto-cellbender-X/regulons_20.tsv
1904	cd8+_tcells	EVL	0.2903225806451613	20	20	20	50	bd-rhap-rep1-X/regulons_20.tsv vs 10x-rep1-kallisto-cellbender-X/regulons_20.tsv	bd-rhap-rep1-X/regulons_20.tsv	10x-rep1-kallisto-cellbender-X/regulons_20.tsv
1905	cd4+_tcells	BIN1	0.2903225806451613	20	20	20	50	bd-rhap-rep1-X/regulons_20.tsv vs 10x-rep1-kallisto-cellbender-X/regulons_20.tsv	bd-rhap-rep1-X/regulons_20.tsv	10x-rep1-kallisto-cellbender-X/regulons_20.tsv
1906	cd14+_monocytes	ACTN1	0.21212121212121213	20	20	20	50	bd-rhap-rep1-X/regulons_20.tsv vs 10x-rep1-kallisto-cellbender-X/regulons_20.tsv	bd-rhap-rep1-X/regulons_20.tsv	10x-rep1-kallisto-cellbender-X/regulons_20.tsv
1907	pDC	FCER1A	0.3793103448275862	20	20	20	50	bd-rhap-rep1-X/regulons_20.tsv vs 10x-rep1-kallisto-cellbender-X/regulons_20.tsv	bd-rhap-rep1-X/regulons_20.tsv	10x-rep1-kallisto-cellbender-X/regulons_20.tsv
1908	pDC	HLA-DQA1	0.42857142857142855	20	20	20	50	bd-rhap-rep1-X/regulons_20.tsv vs 10x-rep1-kallisto-cellbender-X/regulons_20.tsv	bd-rhap-rep1-X/regulons_20.tsv	10x-rep1-kallisto-cellbender-X/regulons_20.tsv
1909	cd14-_monocytes	CEBPD	0.21212121212121213	20	20	20	50	bd-rhap-rep1-X/regulons_20.tsv vs 10x-rep1-kallisto-cellbender-X/regulons_20.tsv	bd-rhap-rep1-X/regulons_20.tsv	10x-rep1-kallisto-cellbender-X/regulons_20.tsv
1910	cd4+_tcells	ZFP36L1	0.0	20	20	20	50	bd-rhap-rep1-X/regulons_20.tsv vs 10x-rep1-kallisto-cellbender-X/regulons_20.tsv	bd-rhap-rep1-X/regulons_20.tsv	10x-rep1-kallisto-cellbender-X/regulons_20.tsv
1911	pDC	BCL11A	0.5384615384615384	20	20	20	50	bd-rhap-rep1-X/regulons_20.tsv vs 10x-rep1-kallisto-cellbender-X/regulons_20.tsv	bd-rhap-rep1-X/regulons_20.tsv	10x-rep1-kallisto-cellbender-X/regulons_20.tsv
1912	pDC	CD74	0.6	20	20	20	50	bd-rhap-rep1-X/regulons_20.tsv vs 10x-rep1-kallisto-cellbender-X/regulons_20.tsv	bd-rhap-rep1-X/regulons_20.tsv	10x-rep1-kallisto-cellbender-X/regulons_20.tsv
1913	DC	CST3	0.2903225806451613	20	20	20	50	bd-rhap-rep1-X/regulons_20.tsv vs 10x-rep1-kallisto-cellbender-X/regulons_20.tsv	bd-rhap-rep1-X/regulons_20.tsv	10x-rep1-kallisto-cellbender-X/regulons_20.tsv
1914	nk_cells	C12orf75	0.21212121212121213	20	20	20	50	bd-rhap-rep1-X/regulons_20.tsv vs 10x-rep1-kallisto-cellbender-X/regulons_20.tsv	bd-rhap-rep1-X/regulons_20.tsv	10x-rep1-kallisto-cellbender-X/regulons_20.tsv
1915	cd14+_monocytes	CPVL	0.2903225806451613	20	20	20	50	bd-rhap-rep1-X/regulons_20.tsv vs 10x-rep1-kallisto-cellbender-X/regulons_20.tsv	bd-rhap-rep1-X/regulons_20.tsv	10x-rep1-kallisto-cellbender-X/regulons_20.tsv
1916	nk_cells	ACAP1	0.3793103448275862	20	20	20	50	bd-rhap-rep1-X/regulons_20.tsv vs 10x-rep1-kallisto-cellbender-X/regulons_20.tsv	bd-rhap-rep1-X/regulons_20.tsv	10x-rep1-kallisto-cellbender-X/regulons_20.tsv
1917	b_cells	CD74	0.3333333333333333	20	20	20	50	bd-rhap-rep1-X/regulons_20.tsv vs 10x-rep1-kallisto-cellbender-X/regulons_20.tsv	bd-rhap-rep1-X/regulons_20.tsv	10x-rep1-kallisto-cellbender-X/regulons_20.tsv
1918	DC	FCER1A	0.21212121212121213	20	20	20	50	bd-rhap-rep1-X/regulons_20.tsv vs 10x-rep1-kallisto-cellbender-X/regulons_20.tsv	bd-rhap-rep1-X/regulons_20.tsv	10x-rep1-kallisto-cellbender-X/regulons_20.tsv
1919	nk_cells	EVL	0.3333333333333333	20	20	20	50	bd-rhap-rep1-X/regulons_20.tsv vs 10x-rep1-kallisto-cellbender-X/regulons_20.tsv	bd-rhap-rep1-X/regulons_20.tsv	10x-rep1-kallisto-cellbender-X/regulons_20.tsv
1920	DC	TPM4	0.14285714285714285	20	20	20	50	bd-rhap-rep2-X/regulons_20.tsv vs 10x-rep1-kallisto-cellbender-X/regulons_20.tsv	bd-rhap-rep2-X/regulons_20.tsv	10x-rep1-kallisto-cellbender-X/regulons_20.tsv
1921	cd8+_tcells	CXCR4	0.21212121212121213	20	20	20	50	bd-rhap-rep2-X/regulons_20.tsv vs 10x-rep1-kallisto-cellbender-X/regulons_20.tsv	bd-rhap-rep2-X/regulons_20.tsv	10x-rep1-kallisto-cellbender-X/regulons_20.tsv
1922	b_cells	HLA-DPB1	0.25	20	20	20	50	bd-rhap-rep2-X/regulons_20.tsv vs 10x-rep1-kallisto-cellbender-X/regulons_20.tsv	bd-rhap-rep2-X/regulons_20.tsv	10x-rep1-kallisto-cellbender-X/regulons_20.tsv
1923	DC	CD74	0.2903225806451613	20	20	20	50	bd-rhap-rep2-X/regulons_20.tsv vs 10x-rep1-kallisto-cellbender-X/regulons_20.tsv	bd-rhap-rep2-X/regulons_20.tsv	10x-rep1-kallisto-cellbender-X/regulons_20.tsv
1924	pDC	IRF8	0.6666666666666666	20	20	20	50	bd-rhap-rep2-X/regulons_20.tsv vs 10x-rep1-kallisto-cellbender-X/regulons_20.tsv	bd-rhap-rep2-X/regulons_20.tsv	10x-rep1-kallisto-cellbender-X/regulons_20.tsv
1925	cd8+_tcells	EPB41	0.21212121212121213	20	20	20	50	bd-rhap-rep2-X/regulons_20.tsv vs 10x-rep1-kallisto-cellbender-X/regulons_20.tsv	bd-rhap-rep2-X/regulons_20.tsv	10x-rep1-kallisto-cellbender-X/regulons_20.tsv
1926	b_cells	HLA-DPA1	0.2903225806451613	20	20	20	50	bd-rhap-rep2-X/regulons_20.tsv vs 10x-rep1-kallisto-cellbender-X/regulons_20.tsv	bd-rhap-rep2-X/regulons_20.tsv	10x-rep1-kallisto-cellbender-X/regulons_20.tsv
1927	DC	HLA-DPB1	0.2903225806451613	20	20	20	50	bd-rhap-rep2-X/regulons_20.tsv vs 10x-rep1-kallisto-cellbender-X/regulons_20.tsv	bd-rhap-rep2-X/regulons_20.tsv	10x-rep1-kallisto-cellbender-X/regulons_20.tsv
1928	cd14-_monocytes	RGS18	0.0	20	20	20	50	bd-rhap-rep2-X/regulons_20.tsv vs 10x-rep1-kallisto-cellbender-X/regulons_20.tsv	bd-rhap-rep2-X/regulons_20.tsv	10x-rep1-kallisto-cellbender-X/regulons_20.tsv
1929	cd4+_tcells	CCND2	0.25	20	20	20	50	bd-rhap-rep2-X/regulons_20.tsv vs 10x-rep1-kallisto-cellbender-X/regulons_20.tsv	bd-rhap-rep2-X/regulons_20.tsv	10x-rep1-kallisto-cellbender-X/regulons_20.tsv
1930	b_cells	IRF8	0.21212121212121213	20	20	20	50	bd-rhap-rep2-X/regulons_20.tsv vs 10x-rep1-kallisto-cellbender-X/regulons_20.tsv	bd-rhap-rep2-X/regulons_20.tsv	10x-rep1-kallisto-cellbender-X/regulons_20.tsv
1931	b_cells	HLA-DRB1	0.3333333333333333	20	20	20	50	bd-rhap-rep2-X/regulons_20.tsv vs 10x-rep1-kallisto-cellbender-X/regulons_20.tsv	bd-rhap-rep2-X/regulons_20.tsv	10x-rep1-kallisto-cellbender-X/regulons_20.tsv
1932	DC	HLA-DPA1	0.25	20	20	20	50	bd-rhap-rep2-X/regulons_20.tsv vs 10x-rep1-kallisto-cellbender-X/regulons_20.tsv	bd-rhap-rep2-X/regulons_20.tsv	10x-rep1-kallisto-cellbender-X/regulons_20.tsv
1933	pDC	HLA-DRA	0.5384615384615384	20	20	20	50	bd-rhap-rep2-X/regulons_20.tsv vs 10x-rep1-kallisto-cellbender-X/regulons_20.tsv	bd-rhap-rep2-X/regulons_20.tsv	10x-rep1-kallisto-cellbender-X/regulons_20.tsv
1934	pDC	PLD4	0.48148148148148145	20	20	20	50	bd-rhap-rep2-X/regulons_20.tsv vs 10x-rep1-kallisto-cellbender-X/regulons_20.tsv	bd-rhap-rep2-X/regulons_20.tsv	10x-rep1-kallisto-cellbender-X/regulons_20.tsv
1935	pDC	HLA-DPB1	0.3333333333333333	20	20	20	50	bd-rhap-rep2-X/regulons_20.tsv vs 10x-rep1-kallisto-cellbender-X/regulons_20.tsv	bd-rhap-rep2-X/regulons_20.tsv	10x-rep1-kallisto-cellbender-X/regulons_20.tsv
1936	cd14-_monocytes	HLA-DQA1	0.21212121212121213	20	20	20	50	bd-rhap-rep2-X/regulons_20.tsv vs 10x-rep1-kallisto-cellbender-X/regulons_20.tsv	bd-rhap-rep2-X/regulons_20.tsv	10x-rep1-kallisto-cellbender-X/regulons_20.tsv
1937	b_cells	HLA-DRA	0.3793103448275862	20	20	20	50	bd-rhap-rep2-X/regulons_20.tsv vs 10x-rep1-kallisto-cellbender-X/regulons_20.tsv	bd-rhap-rep2-X/regulons_20.tsv	10x-rep1-kallisto-cellbender-X/regulons_20.tsv
1938	DC	HLA-DRB1	0.3333333333333333	20	20	20	50	bd-rhap-rep2-X/regulons_20.tsv vs 10x-rep1-kallisto-cellbender-X/regulons_20.tsv	bd-rhap-rep2-X/regulons_20.tsv	10x-rep1-kallisto-cellbender-X/regulons_20.tsv
1939	cd4+_tcells	TAGLN2	0.21212121212121213	20	20	20	50	bd-rhap-rep2-X/regulons_20.tsv vs 10x-rep1-kallisto-cellbender-X/regulons_20.tsv	bd-rhap-rep2-X/regulons_20.tsv	10x-rep1-kallisto-cellbender-X/regulons_20.tsv
1940	pDC	HLA-DPA1	0.3333333333333333	20	20	20	50	bd-rhap-rep2-X/regulons_20.tsv vs 10x-rep1-kallisto-cellbender-X/regulons_20.tsv	bd-rhap-rep2-X/regulons_20.tsv	10x-rep1-kallisto-cellbender-X/regulons_20.tsv
1941	cd14-_monocytes	MNDA	0.14285714285714285	20	20	20	50	bd-rhap-rep2-X/regulons_20.tsv vs 10x-rep1-kallisto-cellbender-X/regulons_20.tsv	bd-rhap-rep2-X/regulons_20.tsv	10x-rep1-kallisto-cellbender-X/regulons_20.tsv
1942	DC	CD1C	0.3333333333333333	20	20	20	50	bd-rhap-rep2-X/regulons_20.tsv vs 10x-rep1-kallisto-cellbender-X/regulons_20.tsv	bd-rhap-rep2-X/regulons_20.tsv	10x-rep1-kallisto-cellbender-X/regulons_20.tsv
1943	cd8+_tcells	DUSP2	0.2903225806451613	20	20	20	50	bd-rhap-rep2-X/regulons_20.tsv vs 10x-rep1-kallisto-cellbender-X/regulons_20.tsv	bd-rhap-rep2-X/regulons_20.tsv	10x-rep1-kallisto-cellbender-X/regulons_20.tsv
1944	DC	HLA-DRA	0.3333333333333333	20	20	20	50	bd-rhap-rep2-X/regulons_20.tsv vs 10x-rep1-kallisto-cellbender-X/regulons_20.tsv	bd-rhap-rep2-X/regulons_20.tsv	10x-rep1-kallisto-cellbender-X/regulons_20.tsv
1945	cd14+_monocytes	HLA-DPB1	0.17647058823529413	20	20	20	50	bd-rhap-rep2-X/regulons_20.tsv vs 10x-rep1-kallisto-cellbender-X/regulons_20.tsv	bd-rhap-rep2-X/regulons_20.tsv	10x-rep1-kallisto-cellbender-X/regulons_20.tsv
1946	cd4+_tcells	ARL4C	0.2903225806451613	20	20	20	50	bd-rhap-rep2-X/regulons_20.tsv vs 10x-rep1-kallisto-cellbender-X/regulons_20.tsv	bd-rhap-rep2-X/regulons_20.tsv	10x-rep1-kallisto-cellbender-X/regulons_20.tsv
1947	cd4+_tcells	IFITM2	0.25	20	20	20	50	bd-rhap-rep2-X/regulons_20.tsv vs 10x-rep1-kallisto-cellbender-X/regulons_20.tsv	bd-rhap-rep2-X/regulons_20.tsv	10x-rep1-kallisto-cellbender-X/regulons_20.tsv
1948	cd14-_monocytes	S100A8	0.17647058823529413	20	20	20	50	bd-rhap-rep2-X/regulons_20.tsv vs 10x-rep1-kallisto-cellbender-X/regulons_20.tsv	bd-rhap-rep2-X/regulons_20.tsv	10x-rep1-kallisto-cellbender-X/regulons_20.tsv
1949	pDC	HSPA5	0.17647058823529413	20	20	20	50	bd-rhap-rep2-X/regulons_20.tsv vs 10x-rep1-kallisto-cellbender-X/regulons_20.tsv	bd-rhap-rep2-X/regulons_20.tsv	10x-rep1-kallisto-cellbender-X/regulons_20.tsv
1950	cd8+_tcells	ARL4C	0.2903225806451613	20	20	20	50	bd-rhap-rep2-X/regulons_20.tsv vs 10x-rep1-kallisto-cellbender-X/regulons_20.tsv	bd-rhap-rep2-X/regulons_20.tsv	10x-rep1-kallisto-cellbender-X/regulons_20.tsv
1951	pDC	HLA-DRB1	0.48148148148148145	20	20	20	50	bd-rhap-rep2-X/regulons_20.tsv vs 10x-rep1-kallisto-cellbender-X/regulons_20.tsv	bd-rhap-rep2-X/regulons_20.tsv	10x-rep1-kallisto-cellbender-X/regulons_20.tsv
1952	b_cells	GCC2	0.17647058823529413	20	20	20	50	bd-rhap-rep2-X/regulons_20.tsv vs 10x-rep1-kallisto-cellbender-X/regulons_20.tsv	bd-rhap-rep2-X/regulons_20.tsv	10x-rep1-kallisto-cellbender-X/regulons_20.tsv
1953	b_cells	TAGLN2	0.2903225806451613	20	20	20	50	bd-rhap-rep2-X/regulons_20.tsv vs 10x-rep1-kallisto-cellbender-X/regulons_20.tsv	bd-rhap-rep2-X/regulons_20.tsv	10x-rep1-kallisto-cellbender-X/regulons_20.tsv
1954	cd4+_tcells	IL2RG	0.2903225806451613	20	20	20	50	bd-rhap-rep2-X/regulons_20.tsv vs 10x-rep1-kallisto-cellbender-X/regulons_20.tsv	bd-rhap-rep2-X/regulons_20.tsv	10x-rep1-kallisto-cellbender-X/regulons_20.tsv
1955	pDC	PPP1R14B	0.3793103448275862	20	20	20	50	bd-rhap-rep2-X/regulons_20.tsv vs 10x-rep1-kallisto-cellbender-X/regulons_20.tsv	bd-rhap-rep2-X/regulons_20.tsv	10x-rep1-kallisto-cellbender-X/regulons_20.tsv
1956	cd8+_tcells	IL2RG	0.14285714285714285	20	20	20	50	bd-rhap-rep2-X/regulons_20.tsv vs 10x-rep1-kallisto-cellbender-X/regulons_20.tsv	bd-rhap-rep2-X/regulons_20.tsv	10x-rep1-kallisto-cellbender-X/regulons_20.tsv
1957	nk_cells	TAGLN2	0.21212121212121213	20	20	20	50	bd-rhap-rep2-X/regulons_20.tsv vs 10x-rep1-kallisto-cellbender-X/regulons_20.tsv	bd-rhap-rep2-X/regulons_20.tsv	10x-rep1-kallisto-cellbender-X/regulons_20.tsv
1958	cd14+_monocytes	ID2	0.21212121212121213	20	20	20	50	bd-rhap-rep2-X/regulons_20.tsv vs 10x-rep1-kallisto-cellbender-X/regulons_20.tsv	bd-rhap-rep2-X/regulons_20.tsv	10x-rep1-kallisto-cellbender-X/regulons_20.tsv
1959	nk_cells	IGFBP7	0.17647058823529413	20	20	20	50	bd-rhap-rep2-X/regulons_20.tsv vs 10x-rep1-kallisto-cellbender-X/regulons_20.tsv	bd-rhap-rep2-X/regulons_20.tsv	10x-rep1-kallisto-cellbender-X/regulons_20.tsv
1960	cd8+_tcells	H4C3	0.17647058823529413	20	20	20	50	bd-rhap-rep2-X/regulons_20.tsv vs 10x-rep1-kallisto-cellbender-X/regulons_20.tsv	bd-rhap-rep2-X/regulons_20.tsv	10x-rep1-kallisto-cellbender-X/regulons_20.tsv
1961	DC	ID2	0.08108108108108109	20	20	20	50	bd-rhap-rep2-X/regulons_20.tsv vs 10x-rep1-kallisto-cellbender-X/regulons_20.tsv	bd-rhap-rep2-X/regulons_20.tsv	10x-rep1-kallisto-cellbender-X/regulons_20.tsv
1962	cd14-_monocytes	EVL	0.1111111111111111	20	20	20	50	bd-rhap-rep2-X/regulons_20.tsv vs 10x-rep1-kallisto-cellbender-X/regulons_20.tsv	bd-rhap-rep2-X/regulons_20.tsv	10x-rep1-kallisto-cellbender-X/regulons_20.tsv
1963	cd8+_tcells	C12orf75	0.1111111111111111	20	20	20	50	bd-rhap-rep2-X/regulons_20.tsv vs 10x-rep1-kallisto-cellbender-X/regulons_20.tsv	bd-rhap-rep2-X/regulons_20.tsv	10x-rep1-kallisto-cellbender-X/regulons_20.tsv
1964	nk_cells	ARL4C	0.2903225806451613	20	20	20	50	bd-rhap-rep2-X/regulons_20.tsv vs 10x-rep1-kallisto-cellbender-X/regulons_20.tsv	bd-rhap-rep2-X/regulons_20.tsv	10x-rep1-kallisto-cellbender-X/regulons_20.tsv
1965	nk_cells	IFITM2	0.17647058823529413	20	20	20	50	bd-rhap-rep2-X/regulons_20.tsv vs 10x-rep1-kallisto-cellbender-X/regulons_20.tsv	bd-rhap-rep2-X/regulons_20.tsv	10x-rep1-kallisto-cellbender-X/regulons_20.tsv
1966	pDC	TAGLN2	0.42857142857142855	20	20	20	50	bd-rhap-rep2-X/regulons_20.tsv vs 10x-rep1-kallisto-cellbender-X/regulons_20.tsv	bd-rhap-rep2-X/regulons_20.tsv	10x-rep1-kallisto-cellbender-X/regulons_20.tsv
1967	nk_cells	IL2RG	0.2903225806451613	20	20	20	50	bd-rhap-rep2-X/regulons_20.tsv vs 10x-rep1-kallisto-cellbender-X/regulons_20.tsv	bd-rhap-rep2-X/regulons_20.tsv	10x-rep1-kallisto-cellbender-X/regulons_20.tsv
1968	cd14-_monocytes	HLA-DPB1	0.21212121212121213	20	20	20	50	bd-rhap-rep2-X/regulons_20.tsv vs 10x-rep1-kallisto-cellbender-X/regulons_20.tsv	bd-rhap-rep2-X/regulons_20.tsv	10x-rep1-kallisto-cellbender-X/regulons_20.tsv
1969	nk_cells	H4C3	0.08108108108108109	20	20	20	50	bd-rhap-rep2-X/regulons_20.tsv vs 10x-rep1-kallisto-cellbender-X/regulons_20.tsv	bd-rhap-rep2-X/regulons_20.tsv	10x-rep1-kallisto-cellbender-X/regulons_20.tsv
1970	pDC	IFITM2	0.08108108108108109	20	20	20	50	bd-rhap-rep2-X/regulons_20.tsv vs 10x-rep1-kallisto-cellbender-X/regulons_20.tsv	bd-rhap-rep2-X/regulons_20.tsv	10x-rep1-kallisto-cellbender-X/regulons_20.tsv
1971	pDC	ARL4C	0.21212121212121213	20	20	20	50	bd-rhap-rep2-X/regulons_20.tsv vs 10x-rep1-kallisto-cellbender-X/regulons_20.tsv	bd-rhap-rep2-X/regulons_20.tsv	10x-rep1-kallisto-cellbender-X/regulons_20.tsv
1972	cd14-_monocytes	HLA-DPA1	0.25	20	20	20	50	bd-rhap-rep2-X/regulons_20.tsv vs 10x-rep1-kallisto-cellbender-X/regulons_20.tsv	bd-rhap-rep2-X/regulons_20.tsv	10x-rep1-kallisto-cellbender-X/regulons_20.tsv
1973	pDC	HLA-DQB1	0.2903225806451613	20	20	20	50	bd-rhap-rep2-X/regulons_20.tsv vs 10x-rep1-kallisto-cellbender-X/regulons_20.tsv	bd-rhap-rep2-X/regulons_20.tsv	10x-rep1-kallisto-cellbender-X/regulons_20.tsv
1974	b_cells	HLA-DQA1	0.3793103448275862	20	20	20	50	bd-rhap-rep2-X/regulons_20.tsv vs 10x-rep1-kallisto-cellbender-X/regulons_20.tsv	bd-rhap-rep2-X/regulons_20.tsv	10x-rep1-kallisto-cellbender-X/regulons_20.tsv
1975	DC	CLEC10A	0.3793103448275862	20	20	20	50	bd-rhap-rep2-X/regulons_20.tsv vs 10x-rep1-kallisto-cellbender-X/regulons_20.tsv	bd-rhap-rep2-X/regulons_20.tsv	10x-rep1-kallisto-cellbender-X/regulons_20.tsv
1976	b_cells	IFITM2	0.17647058823529413	20	20	20	50	bd-rhap-rep2-X/regulons_20.tsv vs 10x-rep1-kallisto-cellbender-X/regulons_20.tsv	bd-rhap-rep2-X/regulons_20.tsv	10x-rep1-kallisto-cellbender-X/regulons_20.tsv
1977	b_cells	BCL11A	0.42857142857142855	20	20	20	50	bd-rhap-rep2-X/regulons_20.tsv vs 10x-rep1-kallisto-cellbender-X/regulons_20.tsv	bd-rhap-rep2-X/regulons_20.tsv	10x-rep1-kallisto-cellbender-X/regulons_20.tsv
1978	b_cells	HLA-DQB1	0.2903225806451613	20	20	20	50	bd-rhap-rep2-X/regulons_20.tsv vs 10x-rep1-kallisto-cellbender-X/regulons_20.tsv	bd-rhap-rep2-X/regulons_20.tsv	10x-rep1-kallisto-cellbender-X/regulons_20.tsv
1979	cd4+_tcells	H4C3	0.21212121212121213	20	20	20	50	bd-rhap-rep2-X/regulons_20.tsv vs 10x-rep1-kallisto-cellbender-X/regulons_20.tsv	bd-rhap-rep2-X/regulons_20.tsv	10x-rep1-kallisto-cellbender-X/regulons_20.tsv
1980	DC	HLA-DQA1	0.3333333333333333	20	20	20	50	bd-rhap-rep2-X/regulons_20.tsv vs 10x-rep1-kallisto-cellbender-X/regulons_20.tsv	bd-rhap-rep2-X/regulons_20.tsv	10x-rep1-kallisto-cellbender-X/regulons_20.tsv
1981	b_cells	TCF4	0.2903225806451613	20	20	20	50	bd-rhap-rep2-X/regulons_20.tsv vs 10x-rep1-kallisto-cellbender-X/regulons_20.tsv	bd-rhap-rep2-X/regulons_20.tsv	10x-rep1-kallisto-cellbender-X/regulons_20.tsv
1982	pDC	SLC38A1	0.25	20	20	20	50	bd-rhap-rep2-X/regulons_20.tsv vs 10x-rep1-kallisto-cellbender-X/regulons_20.tsv	bd-rhap-rep2-X/regulons_20.tsv	10x-rep1-kallisto-cellbender-X/regulons_20.tsv
1983	pDC	GPR183	0.48148148148148145	20	20	20	50	bd-rhap-rep2-X/regulons_20.tsv vs 10x-rep1-kallisto-cellbender-X/regulons_20.tsv	bd-rhap-rep2-X/regulons_20.tsv	10x-rep1-kallisto-cellbender-X/regulons_20.tsv
1984	DC	ARL4C	0.25	20	20	20	50	bd-rhap-rep2-X/regulons_20.tsv vs 10x-rep1-kallisto-cellbender-X/regulons_20.tsv	bd-rhap-rep2-X/regulons_20.tsv	10x-rep1-kallisto-cellbender-X/regulons_20.tsv
1985	cd4+_tcells	CD2	0.3793103448275862	20	20	20	50	bd-rhap-rep2-X/regulons_20.tsv vs 10x-rep1-kallisto-cellbender-X/regulons_20.tsv	bd-rhap-rep2-X/regulons_20.tsv	10x-rep1-kallisto-cellbender-X/regulons_20.tsv
1986	DC	HLA-DQB1	0.25	20	20	20	50	bd-rhap-rep2-X/regulons_20.tsv vs 10x-rep1-kallisto-cellbender-X/regulons_20.tsv	bd-rhap-rep2-X/regulons_20.tsv	10x-rep1-kallisto-cellbender-X/regulons_20.tsv
1987	DC	MNDA	0.14285714285714285	20	20	20	50	bd-rhap-rep2-X/regulons_20.tsv vs 10x-rep1-kallisto-cellbender-X/regulons_20.tsv	bd-rhap-rep2-X/regulons_20.tsv	10x-rep1-kallisto-cellbender-X/regulons_20.tsv
1988	b_cells	CCDC50	0.42857142857142855	20	20	20	50	bd-rhap-rep2-X/regulons_20.tsv vs 10x-rep1-kallisto-cellbender-X/regulons_20.tsv	bd-rhap-rep2-X/regulons_20.tsv	10x-rep1-kallisto-cellbender-X/regulons_20.tsv
1989	b_cells	H4C3	0.08108108108108109	20	20	20	50	bd-rhap-rep2-X/regulons_20.tsv vs 10x-rep1-kallisto-cellbender-X/regulons_20.tsv	bd-rhap-rep2-X/regulons_20.tsv	10x-rep1-kallisto-cellbender-X/regulons_20.tsv
1990	cd14+_monocytes	ACTN1	0.17647058823529413	20	20	20	50	bd-rhap-rep2-X/regulons_20.tsv vs 10x-rep1-kallisto-cellbender-X/regulons_20.tsv	bd-rhap-rep2-X/regulons_20.tsv	10x-rep1-kallisto-cellbender-X/regulons_20.tsv
1991	pDC	FCER1A	0.2903225806451613	20	20	20	50	bd-rhap-rep2-X/regulons_20.tsv vs 10x-rep1-kallisto-cellbender-X/regulons_20.tsv	bd-rhap-rep2-X/regulons_20.tsv	10x-rep1-kallisto-cellbender-X/regulons_20.tsv
1992	pDC	HLA-DQA1	0.42857142857142855	20	20	20	50	bd-rhap-rep2-X/regulons_20.tsv vs 10x-rep1-kallisto-cellbender-X/regulons_20.tsv	bd-rhap-rep2-X/regulons_20.tsv	10x-rep1-kallisto-cellbender-X/regulons_20.tsv
1993	pDC	CD74	0.6	20	20	20	50	bd-rhap-rep2-X/regulons_20.tsv vs 10x-rep1-kallisto-cellbender-X/regulons_20.tsv	bd-rhap-rep2-X/regulons_20.tsv	10x-rep1-kallisto-cellbender-X/regulons_20.tsv
1994	nk_cells	C12orf75	0.25	20	20	20	50	bd-rhap-rep2-X/regulons_20.tsv vs 10x-rep1-kallisto-cellbender-X/regulons_20.tsv	bd-rhap-rep2-X/regulons_20.tsv	10x-rep1-kallisto-cellbender-X/regulons_20.tsv
1995	nk_cells	ACAP1	0.21212121212121213	20	20	20	50	bd-rhap-rep2-X/regulons_20.tsv vs 10x-rep1-kallisto-cellbender-X/regulons_20.tsv	bd-rhap-rep2-X/regulons_20.tsv	10x-rep1-kallisto-cellbender-X/regulons_20.tsv
1996	b_cells	CD74	0.2903225806451613	20	20	20	50	bd-rhap-rep2-X/regulons_20.tsv vs 10x-rep1-kallisto-cellbender-X/regulons_20.tsv	bd-rhap-rep2-X/regulons_20.tsv	10x-rep1-kallisto-cellbender-X/regulons_20.tsv
1997	DC	FCER1A	0.21212121212121213	20	20	20	50	bd-rhap-rep2-X/regulons_20.tsv vs 10x-rep1-kallisto-cellbender-X/regulons_20.tsv	bd-rhap-rep2-X/regulons_20.tsv	10x-rep1-kallisto-cellbender-X/regulons_20.tsv
1998	nk_cells	EVL	0.25	20	20	20	50	bd-rhap-rep2-X/regulons_20.tsv vs 10x-rep1-kallisto-cellbender-X/regulons_20.tsv	bd-rhap-rep2-X/regulons_20.tsv	10x-rep1-kallisto-cellbender-X/regulons_20.tsv
1999	DC	TPM4	0.5384615384615384	30	30	30	50	bd-rhap-rep1-X/regulons_30.tsv vs bd-rhap-rep2-X/regulons_30.tsv	bd-rhap-rep1-X/regulons_30.tsv	bd-rhap-rep2-X/regulons_30.tsv
2000	b_cells	UVRAG	0.5789473684210527	30	30	30	50	bd-rhap-rep1-X/regulons_30.tsv vs bd-rhap-rep2-X/regulons_30.tsv	bd-rhap-rep1-X/regulons_30.tsv	bd-rhap-rep2-X/regulons_30.tsv
2001	cd14-_monocytes	S100A9	0.3333333333333333	30	30	30	50	bd-rhap-rep1-X/regulons_30.tsv vs bd-rhap-rep2-X/regulons_30.tsv	bd-rhap-rep1-X/regulons_30.tsv	bd-rhap-rep2-X/regulons_30.tsv
2002	cd8+_tcells	TAGLN2	0.4634146341463415	30	30	30	50	bd-rhap-rep1-X/regulons_30.tsv vs bd-rhap-rep2-X/regulons_30.tsv	bd-rhap-rep1-X/regulons_30.tsv	bd-rhap-rep2-X/regulons_30.tsv
2003	pDC	FOXP1	0.5	30	30	30	50	bd-rhap-rep1-X/regulons_30.tsv vs bd-rhap-rep2-X/regulons_30.tsv	bd-rhap-rep1-X/regulons_30.tsv	bd-rhap-rep2-X/regulons_30.tsv
2004	b_cells	HLA-DPB1	0.6216216216216216	30	30	30	50	bd-rhap-rep1-X/regulons_30.tsv vs bd-rhap-rep2-X/regulons_30.tsv	bd-rhap-rep1-X/regulons_30.tsv	bd-rhap-rep2-X/regulons_30.tsv
2005	b_cells	HLA-DOA	0.5384615384615384	30	30	30	50	bd-rhap-rep1-X/regulons_30.tsv vs bd-rhap-rep2-X/regulons_30.tsv	bd-rhap-rep1-X/regulons_30.tsv	bd-rhap-rep2-X/regulons_30.tsv
2006	nk_cells	VOPP1	0.5	30	30	30	50	bd-rhap-rep1-X/regulons_30.tsv vs bd-rhap-rep2-X/regulons_30.tsv	bd-rhap-rep1-X/regulons_30.tsv	bd-rhap-rep2-X/regulons_30.tsv
2007	cd4+_tcells	CDC42SE2	0.7142857142857143	30	30	30	50	bd-rhap-rep1-X/regulons_30.tsv vs bd-rhap-rep2-X/regulons_30.tsv	bd-rhap-rep1-X/regulons_30.tsv	bd-rhap-rep2-X/regulons_30.tsv
2008	cd8+_tcells	PAG1	0.30434782608695654	30	30	30	50	bd-rhap-rep1-X/regulons_30.tsv vs bd-rhap-rep2-X/regulons_30.tsv	bd-rhap-rep1-X/regulons_30.tsv	bd-rhap-rep2-X/regulons_30.tsv
2009	b_cells	WDFY4	0.6666666666666666	30	30	30	50	bd-rhap-rep1-X/regulons_30.tsv vs bd-rhap-rep2-X/regulons_30.tsv	bd-rhap-rep1-X/regulons_30.tsv	bd-rhap-rep2-X/regulons_30.tsv
2010	DC	CD74	0.5384615384615384	30	30	30	50	bd-rhap-rep1-X/regulons_30.tsv vs bd-rhap-rep2-X/regulons_30.tsv	bd-rhap-rep1-X/regulons_30.tsv	bd-rhap-rep2-X/regulons_30.tsv
2011	b_cells	VAV3	0.30434782608695654	30	30	30	50	bd-rhap-rep1-X/regulons_30.tsv vs bd-rhap-rep2-X/regulons_30.tsv	bd-rhap-rep1-X/regulons_30.tsv	bd-rhap-rep2-X/regulons_30.tsv
2012	cd14-_monocytes	IL2RG	0.3333333333333333	30	30	30	50	bd-rhap-rep1-X/regulons_30.tsv vs bd-rhap-rep2-X/regulons_30.tsv	bd-rhap-rep1-X/regulons_30.tsv	bd-rhap-rep2-X/regulons_30.tsv
2013	pDC	IRF8	0.6216216216216216	30	30	30	50	bd-rhap-rep1-X/regulons_30.tsv vs bd-rhap-rep2-X/regulons_30.tsv	bd-rhap-rep1-X/regulons_30.tsv	bd-rhap-rep2-X/regulons_30.tsv
2014	cd14+_monocytes	SYTL3	0.30434782608695654	30	30	30	50	bd-rhap-rep1-X/regulons_30.tsv vs bd-rhap-rep2-X/regulons_30.tsv	bd-rhap-rep1-X/regulons_30.tsv	bd-rhap-rep2-X/regulons_30.tsv
2015	DC	ZFP36L1	0.3333333333333333	30	30	30	50	bd-rhap-rep1-X/regulons_30.tsv vs bd-rhap-rep2-X/regulons_30.tsv	bd-rhap-rep1-X/regulons_30.tsv	bd-rhap-rep2-X/regulons_30.tsv
2016	DC	UVRAG	0.4634146341463415	30	30	30	50	bd-rhap-rep1-X/regulons_30.tsv vs bd-rhap-rep2-X/regulons_30.tsv	bd-rhap-rep1-X/regulons_30.tsv	bd-rhap-rep2-X/regulons_30.tsv
2017	nk_cells	NFATC2	0.4634146341463415	30	30	30	50	bd-rhap-rep1-X/regulons_30.tsv vs bd-rhap-rep2-X/regulons_30.tsv	bd-rhap-rep1-X/regulons_30.tsv	bd-rhap-rep2-X/regulons_30.tsv
2018	b_cells	HLA-DPA1	0.5789473684210527	30	30	30	50	bd-rhap-rep1-X/regulons_30.tsv vs bd-rhap-rep2-X/regulons_30.tsv	bd-rhap-rep1-X/regulons_30.tsv	bd-rhap-rep2-X/regulons_30.tsv
2019	cd14-_monocytes	HDAC9	0.25	30	30	30	50	bd-rhap-rep1-X/regulons_30.tsv vs bd-rhap-rep2-X/regulons_30.tsv	bd-rhap-rep1-X/regulons_30.tsv	bd-rhap-rep2-X/regulons_30.tsv
2020	cd4+_tcells	EVL	0.7142857142857143	30	30	30	50	bd-rhap-rep1-X/regulons_30.tsv vs bd-rhap-rep2-X/regulons_30.tsv	bd-rhap-rep1-X/regulons_30.tsv	bd-rhap-rep2-X/regulons_30.tsv
2021	DC	HLA-DPB1	0.5384615384615384	30	30	30	50	bd-rhap-rep1-X/regulons_30.tsv vs bd-rhap-rep2-X/regulons_30.tsv	bd-rhap-rep1-X/regulons_30.tsv	bd-rhap-rep2-X/regulons_30.tsv
2022	cd14-_monocytes	FAF1	0.15384615384615385	30	30	30	50	bd-rhap-rep1-X/regulons_30.tsv vs bd-rhap-rep2-X/regulons_30.tsv	bd-rhap-rep1-X/regulons_30.tsv	bd-rhap-rep2-X/regulons_30.tsv
2023	cd4+_tcells	RUNX1	0.22448979591836735	30	30	30	50	bd-rhap-rep1-X/regulons_30.tsv vs bd-rhap-rep2-X/regulons_30.tsv	bd-rhap-rep1-X/regulons_30.tsv	bd-rhap-rep2-X/regulons_30.tsv
2024	DC	HLA-DOA	0.5	30	30	30	50	bd-rhap-rep1-X/regulons_30.tsv vs bd-rhap-rep2-X/regulons_30.tsv	bd-rhap-rep1-X/regulons_30.tsv	bd-rhap-rep2-X/regulons_30.tsv
2025	nk_cells	DAB2	0.42857142857142855	30	30	30	50	bd-rhap-rep1-X/regulons_30.tsv vs bd-rhap-rep2-X/regulons_30.tsv	bd-rhap-rep1-X/regulons_30.tsv	bd-rhap-rep2-X/regulons_30.tsv
2026	b_cells	IRF8	0.4634146341463415	30	30	30	50	bd-rhap-rep1-X/regulons_30.tsv vs bd-rhap-rep2-X/regulons_30.tsv	bd-rhap-rep1-X/regulons_30.tsv	bd-rhap-rep2-X/regulons_30.tsv
2027	b_cells	CDC42SE2	0.25	30	30	30	50	bd-rhap-rep1-X/regulons_30.tsv vs bd-rhap-rep2-X/regulons_30.tsv	bd-rhap-rep1-X/regulons_30.tsv	bd-rhap-rep2-X/regulons_30.tsv
2028	pDC	AFF3	0.6216216216216216	30	30	30	50	bd-rhap-rep1-X/regulons_30.tsv vs bd-rhap-rep2-X/regulons_30.tsv	bd-rhap-rep1-X/regulons_30.tsv	bd-rhap-rep2-X/regulons_30.tsv
2029	b_cells	HLA-DRB1	0.6216216216216216	30	30	30	50	bd-rhap-rep1-X/regulons_30.tsv vs bd-rhap-rep2-X/regulons_30.tsv	bd-rhap-rep1-X/regulons_30.tsv	bd-rhap-rep2-X/regulons_30.tsv
2030	pDC	VOPP1	0.5789473684210527	30	30	30	50	bd-rhap-rep1-X/regulons_30.tsv vs bd-rhap-rep2-X/regulons_30.tsv	bd-rhap-rep1-X/regulons_30.tsv	bd-rhap-rep2-X/regulons_30.tsv
2031	pDC	ALCAM	0.5384615384615384	30	30	30	50	bd-rhap-rep1-X/regulons_30.tsv vs bd-rhap-rep2-X/regulons_30.tsv	bd-rhap-rep1-X/regulons_30.tsv	bd-rhap-rep2-X/regulons_30.tsv
2032	DC	HLA-DPA1	0.5384615384615384	30	30	30	50	bd-rhap-rep1-X/regulons_30.tsv vs bd-rhap-rep2-X/regulons_30.tsv	bd-rhap-rep1-X/regulons_30.tsv	bd-rhap-rep2-X/regulons_30.tsv
2033	b_cells	EPB41	0.3953488372093023	30	30	30	50	bd-rhap-rep1-X/regulons_30.tsv vs bd-rhap-rep2-X/regulons_30.tsv	bd-rhap-rep1-X/regulons_30.tsv	bd-rhap-rep2-X/regulons_30.tsv
2034	cd8+_tcells	SLC38A1	0.6666666666666666	30	30	30	50	bd-rhap-rep1-X/regulons_30.tsv vs bd-rhap-rep2-X/regulons_30.tsv	bd-rhap-rep1-X/regulons_30.tsv	bd-rhap-rep2-X/regulons_30.tsv
2035	cd14-_monocytes	LPP	0.42857142857142855	30	30	30	50	bd-rhap-rep1-X/regulons_30.tsv vs bd-rhap-rep2-X/regulons_30.tsv	bd-rhap-rep1-X/regulons_30.tsv	bd-rhap-rep2-X/regulons_30.tsv
2036	cd4+_tcells	GPRIN3	0.5	30	30	30	50	bd-rhap-rep1-X/regulons_30.tsv vs bd-rhap-rep2-X/regulons_30.tsv	bd-rhap-rep1-X/regulons_30.tsv	bd-rhap-rep2-X/regulons_30.tsv
2037	cd14-_monocytes	DOCK10	0.36363636363636365	30	30	30	50	bd-rhap-rep1-X/regulons_30.tsv vs bd-rhap-rep2-X/regulons_30.tsv	bd-rhap-rep1-X/regulons_30.tsv	bd-rhap-rep2-X/regulons_30.tsv
2038	cd4+_tcells	OFD1	0.5384615384615384	30	30	30	50	bd-rhap-rep1-X/regulons_30.tsv vs bd-rhap-rep2-X/regulons_30.tsv	bd-rhap-rep1-X/regulons_30.tsv	bd-rhap-rep2-X/regulons_30.tsv
2039	pDC	UVRAG	0.6216216216216216	30	30	30	50	bd-rhap-rep1-X/regulons_30.tsv vs bd-rhap-rep2-X/regulons_30.tsv	bd-rhap-rep1-X/regulons_30.tsv	bd-rhap-rep2-X/regulons_30.tsv
2040	cd14-_monocytes	CAMK1D	0.42857142857142855	30	30	30	50	bd-rhap-rep1-X/regulons_30.tsv vs bd-rhap-rep2-X/regulons_30.tsv	bd-rhap-rep1-X/regulons_30.tsv	bd-rhap-rep2-X/regulons_30.tsv
2041	pDC	PLD4	0.6666666666666666	30	30	30	50	bd-rhap-rep1-X/regulons_30.tsv vs bd-rhap-rep2-X/regulons_30.tsv	bd-rhap-rep1-X/regulons_30.tsv	bd-rhap-rep2-X/regulons_30.tsv
2042	nk_cells	CDC42SE2	0.5	30	30	30	50	bd-rhap-rep1-X/regulons_30.tsv vs bd-rhap-rep2-X/regulons_30.tsv	bd-rhap-rep1-X/regulons_30.tsv	bd-rhap-rep2-X/regulons_30.tsv
2043	pDC	HLA-DOA	0.7647058823529411	30	30	30	50	bd-rhap-rep1-X/regulons_30.tsv vs bd-rhap-rep2-X/regulons_30.tsv	bd-rhap-rep1-X/regulons_30.tsv	bd-rhap-rep2-X/regulons_30.tsv
2044	pDC	HLA-DPB1	0.6666666666666666	30	30	30	50	bd-rhap-rep1-X/regulons_30.tsv vs bd-rhap-rep2-X/regulons_30.tsv	bd-rhap-rep1-X/regulons_30.tsv	bd-rhap-rep2-X/regulons_30.tsv
2045	cd14-_monocytes	PLBD1	0.4634146341463415	30	30	30	50	bd-rhap-rep1-X/regulons_30.tsv vs bd-rhap-rep2-X/regulons_30.tsv	bd-rhap-rep1-X/regulons_30.tsv	bd-rhap-rep2-X/regulons_30.tsv
2046	cd14-_monocytes	HLA-DQA1	0.42857142857142855	30	30	30	50	bd-rhap-rep1-X/regulons_30.tsv vs bd-rhap-rep2-X/regulons_30.tsv	bd-rhap-rep1-X/regulons_30.tsv	bd-rhap-rep2-X/regulons_30.tsv
2047	b_cells	VOPP1	0.7142857142857143	30	30	30	50	bd-rhap-rep1-X/regulons_30.tsv vs bd-rhap-rep2-X/regulons_30.tsv	bd-rhap-rep1-X/regulons_30.tsv	bd-rhap-rep2-X/regulons_30.tsv
2048	cd14-_monocytes	UBE2E2	0.36363636363636365	30	30	30	50	bd-rhap-rep1-X/regulons_30.tsv vs bd-rhap-rep2-X/regulons_30.tsv	bd-rhap-rep1-X/regulons_30.tsv	bd-rhap-rep2-X/regulons_30.tsv
2049	cd4+_tcells	TRERF1	0.30434782608695654	30	30	30	50	bd-rhap-rep1-X/regulons_30.tsv vs bd-rhap-rep2-X/regulons_30.tsv	bd-rhap-rep1-X/regulons_30.tsv	bd-rhap-rep2-X/regulons_30.tsv
2050	b_cells	HLA-DRA	0.6666666666666666	30	30	30	50	bd-rhap-rep1-X/regulons_30.tsv vs bd-rhap-rep2-X/regulons_30.tsv	bd-rhap-rep1-X/regulons_30.tsv	bd-rhap-rep2-X/regulons_30.tsv
2051	DC	HLA-DRB1	0.5	30	30	30	50	bd-rhap-rep1-X/regulons_30.tsv vs bd-rhap-rep2-X/regulons_30.tsv	bd-rhap-rep1-X/regulons_30.tsv	bd-rhap-rep2-X/regulons_30.tsv
2052	nk_cells	EPB41	0.5	30	30	30	50	bd-rhap-rep1-X/regulons_30.tsv vs bd-rhap-rep2-X/regulons_30.tsv	bd-rhap-rep1-X/regulons_30.tsv	bd-rhap-rep2-X/regulons_30.tsv
2053	cd14-_monocytes	NRGN	0.36363636363636365	30	30	30	50	bd-rhap-rep1-X/regulons_30.tsv vs bd-rhap-rep2-X/regulons_30.tsv	bd-rhap-rep1-X/regulons_30.tsv	bd-rhap-rep2-X/regulons_30.tsv
2054	pDC	MCL1	0.6216216216216216	30	30	30	50	bd-rhap-rep1-X/regulons_30.tsv vs bd-rhap-rep2-X/regulons_30.tsv	bd-rhap-rep1-X/regulons_30.tsv	bd-rhap-rep2-X/regulons_30.tsv
2055	cd8+_tcells	PHACTR2	0.4634146341463415	30	30	30	50	bd-rhap-rep1-X/regulons_30.tsv vs bd-rhap-rep2-X/regulons_30.tsv	bd-rhap-rep1-X/regulons_30.tsv	bd-rhap-rep2-X/regulons_30.tsv
2056	cd14+_monocytes	VOPP1	0.3333333333333333	30	30	30	50	bd-rhap-rep1-X/regulons_30.tsv vs bd-rhap-rep2-X/regulons_30.tsv	bd-rhap-rep1-X/regulons_30.tsv	bd-rhap-rep2-X/regulons_30.tsv
2057	cd4+_tcells	CXCR4	0.5	30	30	30	50	bd-rhap-rep1-X/regulons_30.tsv vs bd-rhap-rep2-X/regulons_30.tsv	bd-rhap-rep1-X/regulons_30.tsv	bd-rhap-rep2-X/regulons_30.tsv
2058	cd8+_tcells	NIBAN1	0.7142857142857143	30	30	30	50	bd-rhap-rep1-X/regulons_30.tsv vs bd-rhap-rep2-X/regulons_30.tsv	bd-rhap-rep1-X/regulons_30.tsv	bd-rhap-rep2-X/regulons_30.tsv
2059	cd14-_monocytes	OAS3	0.36363636363636365	30	30	30	50	bd-rhap-rep1-X/regulons_30.tsv vs bd-rhap-rep2-X/regulons_30.tsv	bd-rhap-rep1-X/regulons_30.tsv	bd-rhap-rep2-X/regulons_30.tsv
2060	pDC	HLA-DPA1	0.7647058823529411	30	30	30	50	bd-rhap-rep1-X/regulons_30.tsv vs bd-rhap-rep2-X/regulons_30.tsv	bd-rhap-rep1-X/regulons_30.tsv	bd-rhap-rep2-X/regulons_30.tsv
2061	cd14+_monocytes	TNRC6B	0.3953488372093023	30	30	30	50	bd-rhap-rep1-X/regulons_30.tsv vs bd-rhap-rep2-X/regulons_30.tsv	bd-rhap-rep1-X/regulons_30.tsv	bd-rhap-rep2-X/regulons_30.tsv
2062	DC	VOPP1	0.5384615384615384	30	30	30	50	bd-rhap-rep1-X/regulons_30.tsv vs bd-rhap-rep2-X/regulons_30.tsv	bd-rhap-rep1-X/regulons_30.tsv	bd-rhap-rep2-X/regulons_30.tsv
2063	cd14-_monocytes	MNDA	0.4634146341463415	30	30	30	50	bd-rhap-rep1-X/regulons_30.tsv vs bd-rhap-rep2-X/regulons_30.tsv	bd-rhap-rep1-X/regulons_30.tsv	bd-rhap-rep2-X/regulons_30.tsv
2064	DC	CD1C	0.5	30	30	30	50	bd-rhap-rep1-X/regulons_30.tsv vs bd-rhap-rep2-X/regulons_30.tsv	bd-rhap-rep1-X/regulons_30.tsv	bd-rhap-rep2-X/regulons_30.tsv
2065	b_cells	OFD1	0.42857142857142855	30	30	30	50	bd-rhap-rep1-X/regulons_30.tsv vs bd-rhap-rep2-X/regulons_30.tsv	bd-rhap-rep1-X/regulons_30.tsv	bd-rhap-rep2-X/regulons_30.tsv
2066	DC	HLA-DRA	0.6666666666666666	30	30	30	50	bd-rhap-rep1-X/regulons_30.tsv vs bd-rhap-rep2-X/regulons_30.tsv	bd-rhap-rep1-X/regulons_30.tsv	bd-rhap-rep2-X/regulons_30.tsv
2067	cd14+_monocytes	SLC40A1	0.2	30	30	30	50	bd-rhap-rep1-X/regulons_30.tsv vs bd-rhap-rep2-X/regulons_30.tsv	bd-rhap-rep1-X/regulons_30.tsv	bd-rhap-rep2-X/regulons_30.tsv
2068	cd4+_tcells	ARL4C	0.5384615384615384	30	30	30	50	bd-rhap-rep1-X/regulons_30.tsv vs bd-rhap-rep2-X/regulons_30.tsv	bd-rhap-rep1-X/regulons_30.tsv	bd-rhap-rep2-X/regulons_30.tsv
2069	cd14-_monocytes	S100A8	0.3953488372093023	30	30	30	50	bd-rhap-rep1-X/regulons_30.tsv vs bd-rhap-rep2-X/regulons_30.tsv	bd-rhap-rep1-X/regulons_30.tsv	bd-rhap-rep2-X/regulons_30.tsv
2070	cd8+_tcells	ARL4C	0.6216216216216216	30	30	30	50	bd-rhap-rep1-X/regulons_30.tsv vs bd-rhap-rep2-X/regulons_30.tsv	bd-rhap-rep1-X/regulons_30.tsv	bd-rhap-rep2-X/regulons_30.tsv
2071	cd8+_tcells	IFITM2	0.4634146341463415	30	30	30	50	bd-rhap-rep1-X/regulons_30.tsv vs bd-rhap-rep2-X/regulons_30.tsv	bd-rhap-rep1-X/regulons_30.tsv	bd-rhap-rep2-X/regulons_30.tsv
2072	pDC	EPB41	0.22448979591836735	30	30	30	50	bd-rhap-rep1-X/regulons_30.tsv vs bd-rhap-rep2-X/regulons_30.tsv	bd-rhap-rep1-X/regulons_30.tsv	bd-rhap-rep2-X/regulons_30.tsv
2073	b_cells	TAGLN2	0.4634146341463415	30	30	30	50	bd-rhap-rep1-X/regulons_30.tsv vs bd-rhap-rep2-X/regulons_30.tsv	bd-rhap-rep1-X/regulons_30.tsv	bd-rhap-rep2-X/regulons_30.tsv
2074	nk_cells	GPRIN3	0.4634146341463415	30	30	30	50	bd-rhap-rep1-X/regulons_30.tsv vs bd-rhap-rep2-X/regulons_30.tsv	bd-rhap-rep1-X/regulons_30.tsv	bd-rhap-rep2-X/regulons_30.tsv
2075	cd14-_monocytes	PACS1	0.3953488372093023	30	30	30	50	bd-rhap-rep1-X/regulons_30.tsv vs bd-rhap-rep2-X/regulons_30.tsv	bd-rhap-rep1-X/regulons_30.tsv	bd-rhap-rep2-X/regulons_30.tsv
2076	nk_cells	OFD1	0.4634146341463415	30	30	30	50	bd-rhap-rep1-X/regulons_30.tsv vs bd-rhap-rep2-X/regulons_30.tsv	bd-rhap-rep1-X/regulons_30.tsv	bd-rhap-rep2-X/regulons_30.tsv
2077	DC	MCL1	0.42857142857142855	30	30	30	50	bd-rhap-rep1-X/regulons_30.tsv vs bd-rhap-rep2-X/regulons_30.tsv	bd-rhap-rep1-X/regulons_30.tsv	bd-rhap-rep2-X/regulons_30.tsv
2078	b_cells	PALM2AKAP2	0.6666666666666666	30	30	30	50	bd-rhap-rep1-X/regulons_30.tsv vs bd-rhap-rep2-X/regulons_30.tsv	bd-rhap-rep1-X/regulons_30.tsv	bd-rhap-rep2-X/regulons_30.tsv
2079	nk_cells	TLN1	0.42857142857142855	30	30	30	50	bd-rhap-rep1-X/regulons_30.tsv vs bd-rhap-rep2-X/regulons_30.tsv	bd-rhap-rep1-X/regulons_30.tsv	bd-rhap-rep2-X/regulons_30.tsv
2080	cd4+_tcells	ELMO1	0.3333333333333333	30	30	30	50	bd-rhap-rep1-X/regulons_30.tsv vs bd-rhap-rep2-X/regulons_30.tsv	bd-rhap-rep1-X/regulons_30.tsv	bd-rhap-rep2-X/regulons_30.tsv
2081	cd4+_tcells	IL2RG	0.6666666666666666	30	30	30	50	bd-rhap-rep1-X/regulons_30.tsv vs bd-rhap-rep2-X/regulons_30.tsv	bd-rhap-rep1-X/regulons_30.tsv	bd-rhap-rep2-X/regulons_30.tsv
2082	cd14+_monocytes	GCC2	0.09090909090909091	30	30	30	50	bd-rhap-rep1-X/regulons_30.tsv vs bd-rhap-rep2-X/regulons_30.tsv	bd-rhap-rep1-X/regulons_30.tsv	bd-rhap-rep2-X/regulons_30.tsv
2083	cd14-_monocytes	CMAHP--chr6:25061611(-)	0.42857142857142855	30	30	30	50	bd-rhap-rep1-X/regulons_30.tsv vs bd-rhap-rep2-X/regulons_30.tsv	bd-rhap-rep1-X/regulons_30.tsv	bd-rhap-rep2-X/regulons_30.tsv
2084	cd8+_tcells	IL2RG	0.7142857142857143	30	30	30	50	bd-rhap-rep1-X/regulons_30.tsv vs bd-rhap-rep2-X/regulons_30.tsv	bd-rhap-rep1-X/regulons_30.tsv	bd-rhap-rep2-X/regulons_30.tsv
2085	DC	CSF3R	0.36363636363636365	30	30	30	50	bd-rhap-rep1-X/regulons_30.tsv vs bd-rhap-rep2-X/regulons_30.tsv	bd-rhap-rep1-X/regulons_30.tsv	bd-rhap-rep2-X/regulons_30.tsv
2086	cd14+_monocytes	NR4A1	0.42857142857142855	30	30	30	50	bd-rhap-rep1-X/regulons_30.tsv vs bd-rhap-rep2-X/regulons_30.tsv	bd-rhap-rep1-X/regulons_30.tsv	bd-rhap-rep2-X/regulons_30.tsv
2087	nk_cells	TAGLN2	0.42857142857142855	30	30	30	50	bd-rhap-rep1-X/regulons_30.tsv vs bd-rhap-rep2-X/regulons_30.tsv	bd-rhap-rep1-X/regulons_30.tsv	bd-rhap-rep2-X/regulons_30.tsv
2088	cd4+_tcells	SLC38A1	0.5789473684210527	30	30	30	50	bd-rhap-rep1-X/regulons_30.tsv vs bd-rhap-rep2-X/regulons_30.tsv	bd-rhap-rep1-X/regulons_30.tsv	bd-rhap-rep2-X/regulons_30.tsv
2089	DC	TAGLN2	0.3953488372093023	30	30	30	50	bd-rhap-rep1-X/regulons_30.tsv vs bd-rhap-rep2-X/regulons_30.tsv	bd-rhap-rep1-X/regulons_30.tsv	bd-rhap-rep2-X/regulons_30.tsv
2090	nk_cells	IGFBP7	0.2765957446808511	30	30	30	50	bd-rhap-rep1-X/regulons_30.tsv vs bd-rhap-rep2-X/regulons_30.tsv	bd-rhap-rep1-X/regulons_30.tsv	bd-rhap-rep2-X/regulons_30.tsv
2091	cd8+_tcells	H4C3	0.36363636363636365	30	30	30	50	bd-rhap-rep1-X/regulons_30.tsv vs bd-rhap-rep2-X/regulons_30.tsv	bd-rhap-rep1-X/regulons_30.tsv	bd-rhap-rep2-X/regulons_30.tsv
2092	DC	ID2	0.3953488372093023	30	30	30	50	bd-rhap-rep1-X/regulons_30.tsv vs bd-rhap-rep2-X/regulons_30.tsv	bd-rhap-rep1-X/regulons_30.tsv	bd-rhap-rep2-X/regulons_30.tsv
2093	cd14-_monocytes	EVL	0.4634146341463415	30	30	30	50	bd-rhap-rep1-X/regulons_30.tsv vs bd-rhap-rep2-X/regulons_30.tsv	bd-rhap-rep1-X/regulons_30.tsv	bd-rhap-rep2-X/regulons_30.tsv
2094	b_cells	ELMO1	0.4634146341463415	30	30	30	50	bd-rhap-rep1-X/regulons_30.tsv vs bd-rhap-rep2-X/regulons_30.tsv	bd-rhap-rep1-X/regulons_30.tsv	bd-rhap-rep2-X/regulons_30.tsv
2095	pDC	SPN	0.36363636363636365	30	30	30	50	bd-rhap-rep1-X/regulons_30.tsv vs bd-rhap-rep2-X/regulons_30.tsv	bd-rhap-rep1-X/regulons_30.tsv	bd-rhap-rep2-X/regulons_30.tsv
2096	nk_cells	ARL4C	0.6216216216216216	30	30	30	50	bd-rhap-rep1-X/regulons_30.tsv vs bd-rhap-rep2-X/regulons_30.tsv	bd-rhap-rep1-X/regulons_30.tsv	bd-rhap-rep2-X/regulons_30.tsv
2097	b_cells	ENSG00000290039	0.42857142857142855	30	30	30	50	bd-rhap-rep1-X/regulons_30.tsv vs bd-rhap-rep2-X/regulons_30.tsv	bd-rhap-rep1-X/regulons_30.tsv	bd-rhap-rep2-X/regulons_30.tsv
2098	cd4+_tcells	PHACTR2	0.5	30	30	30	50	bd-rhap-rep1-X/regulons_30.tsv vs bd-rhap-rep2-X/regulons_30.tsv	bd-rhap-rep1-X/regulons_30.tsv	bd-rhap-rep2-X/regulons_30.tsv
2099	pDC	FLT3	0.6216216216216216	30	30	30	50	bd-rhap-rep1-X/regulons_30.tsv vs bd-rhap-rep2-X/regulons_30.tsv	bd-rhap-rep1-X/regulons_30.tsv	bd-rhap-rep2-X/regulons_30.tsv
2100	b_cells	HDAC9	0.4634146341463415	30	30	30	50	bd-rhap-rep1-X/regulons_30.tsv vs bd-rhap-rep2-X/regulons_30.tsv	bd-rhap-rep1-X/regulons_30.tsv	bd-rhap-rep2-X/regulons_30.tsv
2101	cd4+_tcells	NIBAN1	0.10810810810810811	30	11	30	50	bd-rhap-rep1-X/regulons_30.tsv vs bd-rhap-rep2-X/regulons_30.tsv	bd-rhap-rep1-X/regulons_30.tsv	bd-rhap-rep2-X/regulons_30.tsv
2102	cd14-_monocytes	VOPP1	0.42857142857142855	30	30	30	50	bd-rhap-rep1-X/regulons_30.tsv vs bd-rhap-rep2-X/regulons_30.tsv	bd-rhap-rep1-X/regulons_30.tsv	bd-rhap-rep2-X/regulons_30.tsv
2103	cd8+_tcells	CD2	0.7142857142857143	30	30	30	50	bd-rhap-rep1-X/regulons_30.tsv vs bd-rhap-rep2-X/regulons_30.tsv	bd-rhap-rep1-X/regulons_30.tsv	bd-rhap-rep2-X/regulons_30.tsv
2104	b_cells	SLC38A1	0.5789473684210527	30	30	30	50	bd-rhap-rep1-X/regulons_30.tsv vs bd-rhap-rep2-X/regulons_30.tsv	bd-rhap-rep1-X/regulons_30.tsv	bd-rhap-rep2-X/regulons_30.tsv
2105	nk_cells	EVL	0.5	30	30	30	50	bd-rhap-rep1-X/regulons_30.tsv vs bd-rhap-rep2-X/regulons_30.tsv	bd-rhap-rep1-X/regulons_30.tsv	bd-rhap-rep2-X/regulons_30.tsv
2106	b_cells	FCGR2B	0.4634146341463415	30	30	30	50	bd-rhap-rep1-X/regulons_30.tsv vs bd-rhap-rep2-X/regulons_30.tsv	bd-rhap-rep1-X/regulons_30.tsv	bd-rhap-rep2-X/regulons_30.tsv
2107	cd14+_monocytes	HDAC9	0.5	30	30	30	50	bd-rhap-rep1-X/regulons_30.tsv vs bd-rhap-rep2-X/regulons_30.tsv	bd-rhap-rep1-X/regulons_30.tsv	bd-rhap-rep2-X/regulons_30.tsv
2108	pDC	TAGLN2	0.5789473684210527	30	30	30	50	bd-rhap-rep1-X/regulons_30.tsv vs bd-rhap-rep2-X/regulons_30.tsv	bd-rhap-rep1-X/regulons_30.tsv	bd-rhap-rep2-X/regulons_30.tsv
2109	nk_cells	IL2RG	0.7142857142857143	30	30	30	50	bd-rhap-rep1-X/regulons_30.tsv vs bd-rhap-rep2-X/regulons_30.tsv	bd-rhap-rep1-X/regulons_30.tsv	bd-rhap-rep2-X/regulons_30.tsv
2110	cd14-_monocytes	UVRAG	0.42857142857142855	30	30	30	50	bd-rhap-rep1-X/regulons_30.tsv vs bd-rhap-rep2-X/regulons_30.tsv	bd-rhap-rep1-X/regulons_30.tsv	bd-rhap-rep2-X/regulons_30.tsv
2111	cd14-_monocytes	PLD4	0.4634146341463415	30	30	30	50	bd-rhap-rep1-X/regulons_30.tsv vs bd-rhap-rep2-X/regulons_30.tsv	bd-rhap-rep1-X/regulons_30.tsv	bd-rhap-rep2-X/regulons_30.tsv
2112	DC	ENSG00000290039	0.4634146341463415	30	30	30	50	bd-rhap-rep1-X/regulons_30.tsv vs bd-rhap-rep2-X/regulons_30.tsv	bd-rhap-rep1-X/regulons_30.tsv	bd-rhap-rep2-X/regulons_30.tsv
2113	nk_cells	SLC38A1	0.5384615384615384	30	30	30	50	bd-rhap-rep1-X/regulons_30.tsv vs bd-rhap-rep2-X/regulons_30.tsv	bd-rhap-rep1-X/regulons_30.tsv	bd-rhap-rep2-X/regulons_30.tsv
2114	cd14+_monocytes	CCNH	0.15384615384615385	30	30	30	50	bd-rhap-rep1-X/regulons_30.tsv vs bd-rhap-rep2-X/regulons_30.tsv	bd-rhap-rep1-X/regulons_30.tsv	bd-rhap-rep2-X/regulons_30.tsv
2115	DC	SLC38A1	0.5	30	30	30	50	bd-rhap-rep1-X/regulons_30.tsv vs bd-rhap-rep2-X/regulons_30.tsv	bd-rhap-rep1-X/regulons_30.tsv	bd-rhap-rep2-X/regulons_30.tsv
2116	nk_cells	H4C3	0.36363636363636365	30	30	30	50	bd-rhap-rep1-X/regulons_30.tsv vs bd-rhap-rep2-X/regulons_30.tsv	bd-rhap-rep1-X/regulons_30.tsv	bd-rhap-rep2-X/regulons_30.tsv
2117	pDC	IFITM2	0.36363636363636365	30	30	30	50	bd-rhap-rep1-X/regulons_30.tsv vs bd-rhap-rep2-X/regulons_30.tsv	bd-rhap-rep1-X/regulons_30.tsv	bd-rhap-rep2-X/regulons_30.tsv
2118	pDC	ARL4C	0.5384615384615384	30	30	30	50	bd-rhap-rep1-X/regulons_30.tsv vs bd-rhap-rep2-X/regulons_30.tsv	bd-rhap-rep1-X/regulons_30.tsv	bd-rhap-rep2-X/regulons_30.tsv
2119	DC	SPN	0.30434782608695654	30	30	30	50	bd-rhap-rep1-X/regulons_30.tsv vs bd-rhap-rep2-X/regulons_30.tsv	bd-rhap-rep1-X/regulons_30.tsv	bd-rhap-rep2-X/regulons_30.tsv
2120	cd8+_tcells	ZFP36L1	0.2	30	30	30	50	bd-rhap-rep1-X/regulons_30.tsv vs bd-rhap-rep2-X/regulons_30.tsv	bd-rhap-rep1-X/regulons_30.tsv	bd-rhap-rep2-X/regulons_30.tsv
2121	cd14+_monocytes	RUNX3	0.3953488372093023	30	30	30	50	bd-rhap-rep1-X/regulons_30.tsv vs bd-rhap-rep2-X/regulons_30.tsv	bd-rhap-rep1-X/regulons_30.tsv	bd-rhap-rep2-X/regulons_30.tsv
2122	cd14-_monocytes	HLA-DPA1	0.4634146341463415	30	30	30	50	bd-rhap-rep1-X/regulons_30.tsv vs bd-rhap-rep2-X/regulons_30.tsv	bd-rhap-rep1-X/regulons_30.tsv	bd-rhap-rep2-X/regulons_30.tsv
2123	pDC	HLA-DQB1	0.5384615384615384	30	30	30	50	bd-rhap-rep1-X/regulons_30.tsv vs bd-rhap-rep2-X/regulons_30.tsv	bd-rhap-rep1-X/regulons_30.tsv	bd-rhap-rep2-X/regulons_30.tsv
2124	b_cells	HLA-DQA1	0.4634146341463415	30	30	30	50	bd-rhap-rep1-X/regulons_30.tsv vs bd-rhap-rep2-X/regulons_30.tsv	bd-rhap-rep1-X/regulons_30.tsv	bd-rhap-rep2-X/regulons_30.tsv
2125	cd8+_tcells	HLA-DPB1	0.5789473684210527	30	30	30	50	bd-rhap-rep1-X/regulons_30.tsv vs bd-rhap-rep2-X/regulons_30.tsv	bd-rhap-rep1-X/regulons_30.tsv	bd-rhap-rep2-X/regulons_30.tsv
2126	cd14+_monocytes	PHACTR2	0.4634146341463415	30	30	30	50	bd-rhap-rep1-X/regulons_30.tsv vs bd-rhap-rep2-X/regulons_30.tsv	bd-rhap-rep1-X/regulons_30.tsv	bd-rhap-rep2-X/regulons_30.tsv
2127	cd8+_tcells	RHOB	0.3333333333333333	30	30	30	50	bd-rhap-rep1-X/regulons_30.tsv vs bd-rhap-rep2-X/regulons_30.tsv	bd-rhap-rep1-X/regulons_30.tsv	bd-rhap-rep2-X/regulons_30.tsv
2128	cd14+_monocytes	MAML3	0.42857142857142855	30	30	30	50	bd-rhap-rep1-X/regulons_30.tsv vs bd-rhap-rep2-X/regulons_30.tsv	bd-rhap-rep1-X/regulons_30.tsv	bd-rhap-rep2-X/regulons_30.tsv
2129	b_cells	IFITM2	0.4634146341463415	30	30	30	50	bd-rhap-rep1-X/regulons_30.tsv vs bd-rhap-rep2-X/regulons_30.tsv	bd-rhap-rep1-X/regulons_30.tsv	bd-rhap-rep2-X/regulons_30.tsv
2130	b_cells	BCL11A	0.7647058823529411	30	30	30	50	bd-rhap-rep1-X/regulons_30.tsv vs bd-rhap-rep2-X/regulons_30.tsv	bd-rhap-rep1-X/regulons_30.tsv	bd-rhap-rep2-X/regulons_30.tsv
2131	cd14+_monocytes	LCORL	0.30434782608695654	30	30	30	50	bd-rhap-rep1-X/regulons_30.tsv vs bd-rhap-rep2-X/regulons_30.tsv	bd-rhap-rep1-X/regulons_30.tsv	bd-rhap-rep2-X/regulons_30.tsv
2132	b_cells	HLA-DQB1	0.42857142857142855	30	30	30	50	bd-rhap-rep1-X/regulons_30.tsv vs bd-rhap-rep2-X/regulons_30.tsv	bd-rhap-rep1-X/regulons_30.tsv	bd-rhap-rep2-X/regulons_30.tsv
2133	pDC	HDAC9	0.5789473684210527	30	30	30	50	bd-rhap-rep1-X/regulons_30.tsv vs bd-rhap-rep2-X/regulons_30.tsv	bd-rhap-rep1-X/regulons_30.tsv	bd-rhap-rep2-X/regulons_30.tsv
2134	cd4+_tcells	H4C3	0.4634146341463415	30	30	30	50	bd-rhap-rep1-X/regulons_30.tsv vs bd-rhap-rep2-X/regulons_30.tsv	bd-rhap-rep1-X/regulons_30.tsv	bd-rhap-rep2-X/regulons_30.tsv
2135	cd8+_tcells	HLA-DPA1	0.5	30	30	30	50	bd-rhap-rep1-X/regulons_30.tsv vs bd-rhap-rep2-X/regulons_30.tsv	bd-rhap-rep1-X/regulons_30.tsv	bd-rhap-rep2-X/regulons_30.tsv
2136	DC	HLA-DQA1	0.5	30	30	30	50	bd-rhap-rep1-X/regulons_30.tsv vs bd-rhap-rep2-X/regulons_30.tsv	bd-rhap-rep1-X/regulons_30.tsv	bd-rhap-rep2-X/regulons_30.tsv
2137	cd14-_monocytes	LDLRAD4	0.2	30	30	30	50	bd-rhap-rep1-X/regulons_30.tsv vs bd-rhap-rep2-X/regulons_30.tsv	bd-rhap-rep1-X/regulons_30.tsv	bd-rhap-rep2-X/regulons_30.tsv
2138	DC	RGS2	0.3333333333333333	30	30	30	50	bd-rhap-rep1-X/regulons_30.tsv vs bd-rhap-rep2-X/regulons_30.tsv	bd-rhap-rep1-X/regulons_30.tsv	bd-rhap-rep2-X/regulons_30.tsv
2139	cd8+_tcells	ANKRD44	0.42857142857142855	30	30	30	50	bd-rhap-rep1-X/regulons_30.tsv vs bd-rhap-rep2-X/regulons_30.tsv	bd-rhap-rep1-X/regulons_30.tsv	bd-rhap-rep2-X/regulons_30.tsv
2140	b_cells	TCF4	0.6216216216216216	30	30	30	50	bd-rhap-rep1-X/regulons_30.tsv vs bd-rhap-rep2-X/regulons_30.tsv	bd-rhap-rep1-X/regulons_30.tsv	bd-rhap-rep2-X/regulons_30.tsv
2141	cd14+_monocytes	EXOC4	0.36363636363636365	30	30	30	50	bd-rhap-rep1-X/regulons_30.tsv vs bd-rhap-rep2-X/regulons_30.tsv	bd-rhap-rep1-X/regulons_30.tsv	bd-rhap-rep2-X/regulons_30.tsv
2142	pDC	SLC38A1	0.6666666666666666	30	30	30	50	bd-rhap-rep1-X/regulons_30.tsv vs bd-rhap-rep2-X/regulons_30.tsv	bd-rhap-rep1-X/regulons_30.tsv	bd-rhap-rep2-X/regulons_30.tsv
2143	pDC	GPR183	0.3953488372093023	30	30	30	50	bd-rhap-rep1-X/regulons_30.tsv vs bd-rhap-rep2-X/regulons_30.tsv	bd-rhap-rep1-X/regulons_30.tsv	bd-rhap-rep2-X/regulons_30.tsv
2144	b_cells	IL2RG	0.5384615384615384	30	30	30	50	bd-rhap-rep1-X/regulons_30.tsv vs bd-rhap-rep2-X/regulons_30.tsv	bd-rhap-rep1-X/regulons_30.tsv	bd-rhap-rep2-X/regulons_30.tsv
2145	cd14-_monocytes	SLAMF7	0.5	30	30	30	50	bd-rhap-rep1-X/regulons_30.tsv vs bd-rhap-rep2-X/regulons_30.tsv	bd-rhap-rep1-X/regulons_30.tsv	bd-rhap-rep2-X/regulons_30.tsv
2146	cd8+_tcells	RABGAP1L	0.5789473684210527	30	30	30	50	bd-rhap-rep1-X/regulons_30.tsv vs bd-rhap-rep2-X/regulons_30.tsv	bd-rhap-rep1-X/regulons_30.tsv	bd-rhap-rep2-X/regulons_30.tsv
2147	DC	ARL4C	0.5789473684210527	30	30	30	50	bd-rhap-rep1-X/regulons_30.tsv vs bd-rhap-rep2-X/regulons_30.tsv	bd-rhap-rep1-X/regulons_30.tsv	bd-rhap-rep2-X/regulons_30.tsv
2148	DC	IFITM2	0.42857142857142855	30	30	30	50	bd-rhap-rep1-X/regulons_30.tsv vs bd-rhap-rep2-X/regulons_30.tsv	bd-rhap-rep1-X/regulons_30.tsv	bd-rhap-rep2-X/regulons_30.tsv
2149	cd8+_tcells	CDC42SE2	0.8181818181818182	30	30	30	50	bd-rhap-rep1-X/regulons_30.tsv vs bd-rhap-rep2-X/regulons_30.tsv	bd-rhap-rep1-X/regulons_30.tsv	bd-rhap-rep2-X/regulons_30.tsv
2150	cd4+_tcells	DOCK10	0.5384615384615384	30	30	30	50	bd-rhap-rep1-X/regulons_30.tsv vs bd-rhap-rep2-X/regulons_30.tsv	bd-rhap-rep1-X/regulons_30.tsv	bd-rhap-rep2-X/regulons_30.tsv
2151	cd4+_tcells	CD2	0.7647058823529411	30	30	30	50	bd-rhap-rep1-X/regulons_30.tsv vs bd-rhap-rep2-X/regulons_30.tsv	bd-rhap-rep1-X/regulons_30.tsv	bd-rhap-rep2-X/regulons_30.tsv
2152	DC	HLA-DQB1	0.42857142857142855	30	30	30	50	bd-rhap-rep1-X/regulons_30.tsv vs bd-rhap-rep2-X/regulons_30.tsv	bd-rhap-rep1-X/regulons_30.tsv	bd-rhap-rep2-X/regulons_30.tsv
2153	pDC	HIP1	0.6216216216216216	30	30	30	50	bd-rhap-rep1-X/regulons_30.tsv vs bd-rhap-rep2-X/regulons_30.tsv	bd-rhap-rep1-X/regulons_30.tsv	bd-rhap-rep2-X/regulons_30.tsv
2154	cd14+_monocytes	FRMD4B	0.4634146341463415	30	30	30	50	bd-rhap-rep1-X/regulons_30.tsv vs bd-rhap-rep2-X/regulons_30.tsv	bd-rhap-rep1-X/regulons_30.tsv	bd-rhap-rep2-X/regulons_30.tsv
2155	cd4+_tcells	SELL	0.36363636363636365	30	30	30	50	bd-rhap-rep1-X/regulons_30.tsv vs bd-rhap-rep2-X/regulons_30.tsv	bd-rhap-rep1-X/regulons_30.tsv	bd-rhap-rep2-X/regulons_30.tsv
2156	DC	MNDA	0.42857142857142855	30	30	30	50	bd-rhap-rep1-X/regulons_30.tsv vs bd-rhap-rep2-X/regulons_30.tsv	bd-rhap-rep1-X/regulons_30.tsv	bd-rhap-rep2-X/regulons_30.tsv
2157	b_cells	CCDC50	0.4634146341463415	30	30	30	50	bd-rhap-rep1-X/regulons_30.tsv vs bd-rhap-rep2-X/regulons_30.tsv	bd-rhap-rep1-X/regulons_30.tsv	bd-rhap-rep2-X/regulons_30.tsv
2158	b_cells	H4C3	0.3333333333333333	30	30	30	50	bd-rhap-rep1-X/regulons_30.tsv vs bd-rhap-rep2-X/regulons_30.tsv	bd-rhap-rep1-X/regulons_30.tsv	bd-rhap-rep2-X/regulons_30.tsv
2159	cd8+_tcells	AOAH	0.2765957446808511	30	30	30	50	bd-rhap-rep1-X/regulons_30.tsv vs bd-rhap-rep2-X/regulons_30.tsv	bd-rhap-rep1-X/regulons_30.tsv	bd-rhap-rep2-X/regulons_30.tsv
2160	cd14+_monocytes	ACTN1	0.3333333333333333	30	30	30	50	bd-rhap-rep1-X/regulons_30.tsv vs bd-rhap-rep2-X/regulons_30.tsv	bd-rhap-rep1-X/regulons_30.tsv	bd-rhap-rep2-X/regulons_30.tsv
2161	pDC	SELL	0.7142857142857143	30	30	30	50	bd-rhap-rep1-X/regulons_30.tsv vs bd-rhap-rep2-X/regulons_30.tsv	bd-rhap-rep1-X/regulons_30.tsv	bd-rhap-rep2-X/regulons_30.tsv
2162	pDC	FCER1A	0.4634146341463415	30	30	30	50	bd-rhap-rep1-X/regulons_30.tsv vs bd-rhap-rep2-X/regulons_30.tsv	bd-rhap-rep1-X/regulons_30.tsv	bd-rhap-rep2-X/regulons_30.tsv
2163	cd4+_tcells	VOPP1	0.6216216216216216	30	30	30	50	bd-rhap-rep1-X/regulons_30.tsv vs bd-rhap-rep2-X/regulons_30.tsv	bd-rhap-rep1-X/regulons_30.tsv	bd-rhap-rep2-X/regulons_30.tsv
2164	pDC	HLA-DQA1	0.7142857142857143	30	30	30	50	bd-rhap-rep1-X/regulons_30.tsv vs bd-rhap-rep2-X/regulons_30.tsv	bd-rhap-rep1-X/regulons_30.tsv	bd-rhap-rep2-X/regulons_30.tsv
2165	cd14+_monocytes	MAN1A1	0.2765957446808511	30	30	30	50	bd-rhap-rep1-X/regulons_30.tsv vs bd-rhap-rep2-X/regulons_30.tsv	bd-rhap-rep1-X/regulons_30.tsv	bd-rhap-rep2-X/regulons_30.tsv
2166	cd8+_tcells	VOPP1	0.5384615384615384	30	30	30	50	bd-rhap-rep1-X/regulons_30.tsv vs bd-rhap-rep2-X/regulons_30.tsv	bd-rhap-rep1-X/regulons_30.tsv	bd-rhap-rep2-X/regulons_30.tsv
2167	nk_cells	PACS1	0.30434782608695654	30	30	30	50	bd-rhap-rep1-X/regulons_30.tsv vs bd-rhap-rep2-X/regulons_30.tsv	bd-rhap-rep1-X/regulons_30.tsv	bd-rhap-rep2-X/regulons_30.tsv
2168	nk_cells	VAV3	0.36363636363636365	30	30	30	50	bd-rhap-rep1-X/regulons_30.tsv vs bd-rhap-rep2-X/regulons_30.tsv	bd-rhap-rep1-X/regulons_30.tsv	bd-rhap-rep2-X/regulons_30.tsv
2169	cd14-_monocytes	CCDC91	0.22448979591836735	30	30	30	50	bd-rhap-rep1-X/regulons_30.tsv vs bd-rhap-rep2-X/regulons_30.tsv	bd-rhap-rep1-X/regulons_30.tsv	bd-rhap-rep2-X/regulons_30.tsv
2170	cd4+_tcells	TLK1	0.25	30	30	30	50	bd-rhap-rep1-X/regulons_30.tsv vs bd-rhap-rep2-X/regulons_30.tsv	bd-rhap-rep1-X/regulons_30.tsv	bd-rhap-rep2-X/regulons_30.tsv
2171	DC	RGS18	0.1111111111111111	30	30	30	50	bd-rhap-rep1-X/regulons_30.tsv vs bd-rhap-rep2-X/regulons_30.tsv	bd-rhap-rep1-X/regulons_30.tsv	bd-rhap-rep2-X/regulons_30.tsv
2172	b_cells	DOCK10	0.36363636363636365	30	30	30	50	bd-rhap-rep1-X/regulons_30.tsv vs bd-rhap-rep2-X/regulons_30.tsv	bd-rhap-rep1-X/regulons_30.tsv	bd-rhap-rep2-X/regulons_30.tsv
2173	nk_cells	ANKRD44	0.5	30	30	30	50	bd-rhap-rep1-X/regulons_30.tsv vs bd-rhap-rep2-X/regulons_30.tsv	bd-rhap-rep1-X/regulons_30.tsv	bd-rhap-rep2-X/regulons_30.tsv
2174	b_cells	CAMK1D	0.42857142857142855	30	30	30	50	bd-rhap-rep1-X/regulons_30.tsv vs bd-rhap-rep2-X/regulons_30.tsv	bd-rhap-rep1-X/regulons_30.tsv	bd-rhap-rep2-X/regulons_30.tsv
2175	pDC	BCL11A	0.6666666666666666	30	30	30	50	bd-rhap-rep1-X/regulons_30.tsv vs bd-rhap-rep2-X/regulons_30.tsv	bd-rhap-rep1-X/regulons_30.tsv	bd-rhap-rep2-X/regulons_30.tsv
2176	b_cells	SELL	0.42857142857142855	30	30	30	50	bd-rhap-rep1-X/regulons_30.tsv vs bd-rhap-rep2-X/regulons_30.tsv	bd-rhap-rep1-X/regulons_30.tsv	bd-rhap-rep2-X/regulons_30.tsv
2177	DC	LYZ	0.4634146341463415	30	30	30	50	bd-rhap-rep1-X/regulons_30.tsv vs bd-rhap-rep2-X/regulons_30.tsv	bd-rhap-rep1-X/regulons_30.tsv	bd-rhap-rep2-X/regulons_30.tsv
2178	cd8+_tcells	NFATC2	0.3333333333333333	30	30	30	50	bd-rhap-rep1-X/regulons_30.tsv vs bd-rhap-rep2-X/regulons_30.tsv	bd-rhap-rep1-X/regulons_30.tsv	bd-rhap-rep2-X/regulons_30.tsv
2179	b_cells	ADAM28	0.5384615384615384	30	30	30	50	bd-rhap-rep1-X/regulons_30.tsv vs bd-rhap-rep2-X/regulons_30.tsv	bd-rhap-rep1-X/regulons_30.tsv	bd-rhap-rep2-X/regulons_30.tsv
2180	b_cells	TPM4	0.3953488372093023	30	30	30	50	bd-rhap-rep1-X/regulons_30.tsv vs bd-rhap-rep2-X/regulons_30.tsv	bd-rhap-rep1-X/regulons_30.tsv	bd-rhap-rep2-X/regulons_30.tsv
2181	cd14-_monocytes	FAM117B	0.36363636363636365	30	30	30	50	bd-rhap-rep1-X/regulons_30.tsv vs bd-rhap-rep2-X/regulons_30.tsv	bd-rhap-rep1-X/regulons_30.tsv	bd-rhap-rep2-X/regulons_30.tsv
2182	nk_cells	C12orf75	0.2765957446808511	30	30	30	50	bd-rhap-rep1-X/regulons_30.tsv vs bd-rhap-rep2-X/regulons_30.tsv	bd-rhap-rep1-X/regulons_30.tsv	bd-rhap-rep2-X/regulons_30.tsv
2183	nk_cells	KIF2A	0.36363636363636365	30	30	30	50	bd-rhap-rep1-X/regulons_30.tsv vs bd-rhap-rep2-X/regulons_30.tsv	bd-rhap-rep1-X/regulons_30.tsv	bd-rhap-rep2-X/regulons_30.tsv
2184	nk_cells	RABGAP1L	0.4634146341463415	30	30	30	50	bd-rhap-rep1-X/regulons_30.tsv vs bd-rhap-rep2-X/regulons_30.tsv	bd-rhap-rep1-X/regulons_30.tsv	bd-rhap-rep2-X/regulons_30.tsv
2185	cd14+_monocytes	CAMK1D	0.5	30	30	30	50	bd-rhap-rep1-X/regulons_30.tsv vs bd-rhap-rep2-X/regulons_30.tsv	bd-rhap-rep1-X/regulons_30.tsv	bd-rhap-rep2-X/regulons_30.tsv
2186	cd8+_tcells	GPRIN3	0.4634146341463415	30	30	30	50	bd-rhap-rep1-X/regulons_30.tsv vs bd-rhap-rep2-X/regulons_30.tsv	bd-rhap-rep1-X/regulons_30.tsv	bd-rhap-rep2-X/regulons_30.tsv
2187	cd8+_tcells	OFD1	0.5	30	30	30	50	bd-rhap-rep1-X/regulons_30.tsv vs bd-rhap-rep2-X/regulons_30.tsv	bd-rhap-rep1-X/regulons_30.tsv	bd-rhap-rep2-X/regulons_30.tsv
2188	b_cells	AFF3	0.6216216216216216	30	30	30	50	bd-rhap-rep1-X/regulons_30.tsv vs bd-rhap-rep2-X/regulons_30.tsv	bd-rhap-rep1-X/regulons_30.tsv	bd-rhap-rep2-X/regulons_30.tsv
2189	nk_cells	LPP	0.5384615384615384	30	30	30	50	bd-rhap-rep1-X/regulons_30.tsv vs bd-rhap-rep2-X/regulons_30.tsv	bd-rhap-rep1-X/regulons_30.tsv	bd-rhap-rep2-X/regulons_30.tsv
2190	cd14+_monocytes	HLA-DQA1	0.3333333333333333	30	30	30	50	bd-rhap-rep1-X/regulons_30.tsv vs bd-rhap-rep2-X/regulons_30.tsv	bd-rhap-rep1-X/regulons_30.tsv	bd-rhap-rep2-X/regulons_30.tsv
2191	nk_cells	DOCK10	0.3333333333333333	30	30	30	50	bd-rhap-rep1-X/regulons_30.tsv vs bd-rhap-rep2-X/regulons_30.tsv	bd-rhap-rep1-X/regulons_30.tsv	bd-rhap-rep2-X/regulons_30.tsv
2192	cd14+_monocytes	UBE2E2	0.3953488372093023	30	30	30	50	bd-rhap-rep1-X/regulons_30.tsv vs bd-rhap-rep2-X/regulons_30.tsv	bd-rhap-rep1-X/regulons_30.tsv	bd-rhap-rep2-X/regulons_30.tsv
2193	nk_cells	CD2	0.6216216216216216	30	30	30	50	bd-rhap-rep1-X/regulons_30.tsv vs bd-rhap-rep2-X/regulons_30.tsv	bd-rhap-rep1-X/regulons_30.tsv	bd-rhap-rep2-X/regulons_30.tsv
2194	nk_cells	SELL	0.36363636363636365	30	30	30	50	bd-rhap-rep1-X/regulons_30.tsv vs bd-rhap-rep2-X/regulons_30.tsv	bd-rhap-rep1-X/regulons_30.tsv	bd-rhap-rep2-X/regulons_30.tsv
2195	DC	SELL	0.36363636363636365	30	30	30	50	bd-rhap-rep1-X/regulons_30.tsv vs bd-rhap-rep2-X/regulons_30.tsv	bd-rhap-rep1-X/regulons_30.tsv	bd-rhap-rep2-X/regulons_30.tsv
2196	cd8+_tcells	MAP3K5	0.15217391304347827	30	23	30	50	bd-rhap-rep1-X/regulons_30.tsv vs bd-rhap-rep2-X/regulons_30.tsv	bd-rhap-rep1-X/regulons_30.tsv	bd-rhap-rep2-X/regulons_30.tsv
2197	DC	FCER1A	0.4634146341463415	30	30	30	50	bd-rhap-rep1-X/regulons_30.tsv vs bd-rhap-rep2-X/regulons_30.tsv	bd-rhap-rep1-X/regulons_30.tsv	bd-rhap-rep2-X/regulons_30.tsv
2198	pDC	WDFY4	0.5	30	30	30	50	bd-rhap-rep1-X/regulons_30.tsv vs bd-rhap-rep2-X/regulons_30.tsv	bd-rhap-rep1-X/regulons_30.tsv	bd-rhap-rep2-X/regulons_30.tsv
2199	nk_cells	BIN1	0.22448979591836735	30	30	30	50	bd-rhap-rep1-X/regulons_30.tsv vs 10x-rep1-kallisto-cellbender-X/regulons_30.tsv	bd-rhap-rep1-X/regulons_30.tsv	10x-rep1-kallisto-cellbender-X/regulons_30.tsv
2200	cd14-_monocytes	S100A9	0.2765957446808511	30	30	30	50	bd-rhap-rep1-X/regulons_30.tsv vs 10x-rep1-kallisto-cellbender-X/regulons_30.tsv	bd-rhap-rep1-X/regulons_30.tsv	10x-rep1-kallisto-cellbender-X/regulons_30.tsv
2201	cd8+_tcells	TAGLN2	0.17647058823529413	30	30	30	50	bd-rhap-rep1-X/regulons_30.tsv vs 10x-rep1-kallisto-cellbender-X/regulons_30.tsv	bd-rhap-rep1-X/regulons_30.tsv	10x-rep1-kallisto-cellbender-X/regulons_30.tsv
2202	b_cells	HLA-DPB1	0.25	30	30	30	50	bd-rhap-rep1-X/regulons_30.tsv vs 10x-rep1-kallisto-cellbender-X/regulons_30.tsv	bd-rhap-rep1-X/regulons_30.tsv	10x-rep1-kallisto-cellbender-X/regulons_30.tsv
2203	cd14-_monocytes	HLA-DQB1	0.22448979591836735	30	30	30	50	bd-rhap-rep1-X/regulons_30.tsv vs 10x-rep1-kallisto-cellbender-X/regulons_30.tsv	bd-rhap-rep1-X/regulons_30.tsv	10x-rep1-kallisto-cellbender-X/regulons_30.tsv
2204	cd8+_tcells	ID2	0.15384615384615385	30	30	30	50	bd-rhap-rep1-X/regulons_30.tsv vs 10x-rep1-kallisto-cellbender-X/regulons_30.tsv	bd-rhap-rep1-X/regulons_30.tsv	10x-rep1-kallisto-cellbender-X/regulons_30.tsv
2205	DC	CD74	0.30434782608695654	30	30	30	50	bd-rhap-rep1-X/regulons_30.tsv vs 10x-rep1-kallisto-cellbender-X/regulons_30.tsv	bd-rhap-rep1-X/regulons_30.tsv	10x-rep1-kallisto-cellbender-X/regulons_30.tsv
2206	cd4+_tcells	EPB41	0.25	30	30	30	50	bd-rhap-rep1-X/regulons_30.tsv vs 10x-rep1-kallisto-cellbender-X/regulons_30.tsv	bd-rhap-rep1-X/regulons_30.tsv	10x-rep1-kallisto-cellbender-X/regulons_30.tsv
2207	pDC	IRF8	0.5789473684210527	30	30	30	50	bd-rhap-rep1-X/regulons_30.tsv vs 10x-rep1-kallisto-cellbender-X/regulons_30.tsv	bd-rhap-rep1-X/regulons_30.tsv	10x-rep1-kallisto-cellbender-X/regulons_30.tsv
2208	b_cells	HLA-DPA1	0.25	30	30	30	50	bd-rhap-rep1-X/regulons_30.tsv vs 10x-rep1-kallisto-cellbender-X/regulons_30.tsv	bd-rhap-rep1-X/regulons_30.tsv	10x-rep1-kallisto-cellbender-X/regulons_30.tsv
2209	cd4+_tcells	EVL	0.30434782608695654	30	30	30	50	bd-rhap-rep1-X/regulons_30.tsv vs 10x-rep1-kallisto-cellbender-X/regulons_30.tsv	bd-rhap-rep1-X/regulons_30.tsv	10x-rep1-kallisto-cellbender-X/regulons_30.tsv
2210	DC	HLA-DPB1	0.25	30	30	30	50	bd-rhap-rep1-X/regulons_30.tsv vs 10x-rep1-kallisto-cellbender-X/regulons_30.tsv	bd-rhap-rep1-X/regulons_30.tsv	10x-rep1-kallisto-cellbender-X/regulons_30.tsv
2211	cd14-_monocytes	RGS18	0.2	30	30	30	50	bd-rhap-rep1-X/regulons_30.tsv vs 10x-rep1-kallisto-cellbender-X/regulons_30.tsv	bd-rhap-rep1-X/regulons_30.tsv	10x-rep1-kallisto-cellbender-X/regulons_30.tsv
2212	b_cells	IRF8	0.3333333333333333	30	30	30	50	bd-rhap-rep1-X/regulons_30.tsv vs 10x-rep1-kallisto-cellbender-X/regulons_30.tsv	bd-rhap-rep1-X/regulons_30.tsv	10x-rep1-kallisto-cellbender-X/regulons_30.tsv
2213	pDC	PLEK	0.17647058823529413	30	30	30	50	bd-rhap-rep1-X/regulons_30.tsv vs 10x-rep1-kallisto-cellbender-X/regulons_30.tsv	bd-rhap-rep1-X/regulons_30.tsv	10x-rep1-kallisto-cellbender-X/regulons_30.tsv
2214	b_cells	HLA-DRB1	0.25	30	30	30	50	bd-rhap-rep1-X/regulons_30.tsv vs 10x-rep1-kallisto-cellbender-X/regulons_30.tsv	bd-rhap-rep1-X/regulons_30.tsv	10x-rep1-kallisto-cellbender-X/regulons_30.tsv
2215	DC	HLA-DPA1	0.2765957446808511	30	30	30	50	bd-rhap-rep1-X/regulons_30.tsv vs 10x-rep1-kallisto-cellbender-X/regulons_30.tsv	bd-rhap-rep1-X/regulons_30.tsv	10x-rep1-kallisto-cellbender-X/regulons_30.tsv
2216	pDC	HLA-DRA	0.42857142857142855	30	30	30	50	bd-rhap-rep1-X/regulons_30.tsv vs 10x-rep1-kallisto-cellbender-X/regulons_30.tsv	bd-rhap-rep1-X/regulons_30.tsv	10x-rep1-kallisto-cellbender-X/regulons_30.tsv
2217	cd14-_monocytes	CPVL	0.42857142857142855	30	30	30	50	bd-rhap-rep1-X/regulons_30.tsv vs 10x-rep1-kallisto-cellbender-X/regulons_30.tsv	bd-rhap-rep1-X/regulons_30.tsv	10x-rep1-kallisto-cellbender-X/regulons_30.tsv
2218	pDC	PLD4	0.5	30	30	30	50	bd-rhap-rep1-X/regulons_30.tsv vs 10x-rep1-kallisto-cellbender-X/regulons_30.tsv	bd-rhap-rep1-X/regulons_30.tsv	10x-rep1-kallisto-cellbender-X/regulons_30.tsv
2219	pDC	HLA-DPB1	0.3333333333333333	30	30	30	50	bd-rhap-rep1-X/regulons_30.tsv vs 10x-rep1-kallisto-cellbender-X/regulons_30.tsv	bd-rhap-rep1-X/regulons_30.tsv	10x-rep1-kallisto-cellbender-X/regulons_30.tsv
2220	cd14-_monocytes	HLA-DQA1	0.22448979591836735	30	30	30	50	bd-rhap-rep1-X/regulons_30.tsv vs 10x-rep1-kallisto-cellbender-X/regulons_30.tsv	bd-rhap-rep1-X/regulons_30.tsv	10x-rep1-kallisto-cellbender-X/regulons_30.tsv
2221	b_cells	HLA-DRA	0.3333333333333333	30	30	30	50	bd-rhap-rep1-X/regulons_30.tsv vs 10x-rep1-kallisto-cellbender-X/regulons_30.tsv	bd-rhap-rep1-X/regulons_30.tsv	10x-rep1-kallisto-cellbender-X/regulons_30.tsv
2222	DC	HLA-DRB1	0.30434782608695654	30	30	30	50	bd-rhap-rep1-X/regulons_30.tsv vs 10x-rep1-kallisto-cellbender-X/regulons_30.tsv	bd-rhap-rep1-X/regulons_30.tsv	10x-rep1-kallisto-cellbender-X/regulons_30.tsv
2223	cd4+_tcells	CXCR4	0.25	30	30	30	50	bd-rhap-rep1-X/regulons_30.tsv vs 10x-rep1-kallisto-cellbender-X/regulons_30.tsv	bd-rhap-rep1-X/regulons_30.tsv	10x-rep1-kallisto-cellbender-X/regulons_30.tsv
2224	DC	LST1	0.2	30	30	30	50	bd-rhap-rep1-X/regulons_30.tsv vs 10x-rep1-kallisto-cellbender-X/regulons_30.tsv	bd-rhap-rep1-X/regulons_30.tsv	10x-rep1-kallisto-cellbender-X/regulons_30.tsv
2225	pDC	HLA-DPA1	0.36363636363636365	30	30	30	50	bd-rhap-rep1-X/regulons_30.tsv vs 10x-rep1-kallisto-cellbender-X/regulons_30.tsv	bd-rhap-rep1-X/regulons_30.tsv	10x-rep1-kallisto-cellbender-X/regulons_30.tsv
2226	cd14-_monocytes	MNDA	0.22448979591836735	30	30	30	50	bd-rhap-rep1-X/regulons_30.tsv vs 10x-rep1-kallisto-cellbender-X/regulons_30.tsv	bd-rhap-rep1-X/regulons_30.tsv	10x-rep1-kallisto-cellbender-X/regulons_30.tsv
2227	DC	CD1C	0.30434782608695654	30	30	30	50	bd-rhap-rep1-X/regulons_30.tsv vs 10x-rep1-kallisto-cellbender-X/regulons_30.tsv	bd-rhap-rep1-X/regulons_30.tsv	10x-rep1-kallisto-cellbender-X/regulons_30.tsv
2228	DC	HLA-DRA	0.2765957446808511	30	30	30	50	bd-rhap-rep1-X/regulons_30.tsv vs 10x-rep1-kallisto-cellbender-X/regulons_30.tsv	bd-rhap-rep1-X/regulons_30.tsv	10x-rep1-kallisto-cellbender-X/regulons_30.tsv
2229	b_cells	TLN1	0.2	30	30	30	50	bd-rhap-rep1-X/regulons_30.tsv vs 10x-rep1-kallisto-cellbender-X/regulons_30.tsv	bd-rhap-rep1-X/regulons_30.tsv	10x-rep1-kallisto-cellbender-X/regulons_30.tsv
2230	cd4+_tcells	ARL4C	0.25	30	30	30	50	bd-rhap-rep1-X/regulons_30.tsv vs 10x-rep1-kallisto-cellbender-X/regulons_30.tsv	bd-rhap-rep1-X/regulons_30.tsv	10x-rep1-kallisto-cellbender-X/regulons_30.tsv
2231	cd14-_monocytes	S100A8	0.25	30	30	30	50	bd-rhap-rep1-X/regulons_30.tsv vs 10x-rep1-kallisto-cellbender-X/regulons_30.tsv	bd-rhap-rep1-X/regulons_30.tsv	10x-rep1-kallisto-cellbender-X/regulons_30.tsv
2232	pDC	HSPA5	0.1320754716981132	30	30	30	50	bd-rhap-rep1-X/regulons_30.tsv vs 10x-rep1-kallisto-cellbender-X/regulons_30.tsv	bd-rhap-rep1-X/regulons_30.tsv	10x-rep1-kallisto-cellbender-X/regulons_30.tsv
2233	cd8+_tcells	ARL4C	0.2765957446808511	30	30	30	50	bd-rhap-rep1-X/regulons_30.tsv vs 10x-rep1-kallisto-cellbender-X/regulons_30.tsv	bd-rhap-rep1-X/regulons_30.tsv	10x-rep1-kallisto-cellbender-X/regulons_30.tsv
2234	b_cells	TAGLN2	0.25	30	30	30	50	bd-rhap-rep1-X/regulons_30.tsv vs 10x-rep1-kallisto-cellbender-X/regulons_30.tsv	bd-rhap-rep1-X/regulons_30.tsv	10x-rep1-kallisto-cellbender-X/regulons_30.tsv
2235	pDC	TLE5	0.3333333333333333	30	30	30	50	bd-rhap-rep1-X/regulons_30.tsv vs 10x-rep1-kallisto-cellbender-X/regulons_30.tsv	bd-rhap-rep1-X/regulons_30.tsv	10x-rep1-kallisto-cellbender-X/regulons_30.tsv
2236	cd4+_tcells	IL2RG	0.3333333333333333	30	30	30	50	bd-rhap-rep1-X/regulons_30.tsv vs 10x-rep1-kallisto-cellbender-X/regulons_30.tsv	bd-rhap-rep1-X/regulons_30.tsv	10x-rep1-kallisto-cellbender-X/regulons_30.tsv
2237	DC	TLN1	0.15384615384615385	30	30	30	50	bd-rhap-rep1-X/regulons_30.tsv vs 10x-rep1-kallisto-cellbender-X/regulons_30.tsv	bd-rhap-rep1-X/regulons_30.tsv	10x-rep1-kallisto-cellbender-X/regulons_30.tsv
2238	cd8+_tcells	IL2RG	0.1320754716981132	30	30	30	50	bd-rhap-rep1-X/regulons_30.tsv vs 10x-rep1-kallisto-cellbender-X/regulons_30.tsv	bd-rhap-rep1-X/regulons_30.tsv	10x-rep1-kallisto-cellbender-X/regulons_30.tsv
2239	cd8+_tcells	H1-10	0.15384615384615385	30	30	30	50	bd-rhap-rep1-X/regulons_30.tsv vs 10x-rep1-kallisto-cellbender-X/regulons_30.tsv	bd-rhap-rep1-X/regulons_30.tsv	10x-rep1-kallisto-cellbender-X/regulons_30.tsv
2240	nk_cells	TAGLN2	0.1111111111111111	30	30	30	50	bd-rhap-rep1-X/regulons_30.tsv vs 10x-rep1-kallisto-cellbender-X/regulons_30.tsv	bd-rhap-rep1-X/regulons_30.tsv	10x-rep1-kallisto-cellbender-X/regulons_30.tsv
2241	DC	TAGLN2	0.17647058823529413	30	30	30	50	bd-rhap-rep1-X/regulons_30.tsv vs 10x-rep1-kallisto-cellbender-X/regulons_30.tsv	bd-rhap-rep1-X/regulons_30.tsv	10x-rep1-kallisto-cellbender-X/regulons_30.tsv
2242	nk_cells	IGFBP7	0.2765957446808511	30	30	30	50	bd-rhap-rep1-X/regulons_30.tsv vs 10x-rep1-kallisto-cellbender-X/regulons_30.tsv	bd-rhap-rep1-X/regulons_30.tsv	10x-rep1-kallisto-cellbender-X/regulons_30.tsv
2243	cd8+_tcells	H4C3	0.2765957446808511	30	30	30	50	bd-rhap-rep1-X/regulons_30.tsv vs 10x-rep1-kallisto-cellbender-X/regulons_30.tsv	bd-rhap-rep1-X/regulons_30.tsv	10x-rep1-kallisto-cellbender-X/regulons_30.tsv
2244	DC	ID2	0.07142857142857142	30	30	30	50	bd-rhap-rep1-X/regulons_30.tsv vs 10x-rep1-kallisto-cellbender-X/regulons_30.tsv	bd-rhap-rep1-X/regulons_30.tsv	10x-rep1-kallisto-cellbender-X/regulons_30.tsv
2245	cd14-_monocytes	EVL	0.17647058823529413	30	30	30	50	bd-rhap-rep1-X/regulons_30.tsv vs 10x-rep1-kallisto-cellbender-X/regulons_30.tsv	bd-rhap-rep1-X/regulons_30.tsv	10x-rep1-kallisto-cellbender-X/regulons_30.tsv
2246	pDC	SPN	0.17647058823529413	30	30	30	50	bd-rhap-rep1-X/regulons_30.tsv vs 10x-rep1-kallisto-cellbender-X/regulons_30.tsv	bd-rhap-rep1-X/regulons_30.tsv	10x-rep1-kallisto-cellbender-X/regulons_30.tsv
2247	nk_cells	ARL4C	0.25	30	30	30	50	bd-rhap-rep1-X/regulons_30.tsv vs 10x-rep1-kallisto-cellbender-X/regulons_30.tsv	bd-rhap-rep1-X/regulons_30.tsv	10x-rep1-kallisto-cellbender-X/regulons_30.tsv
2248	cd8+_tcells	CD2	0.3333333333333333	30	30	30	50	bd-rhap-rep1-X/regulons_30.tsv vs 10x-rep1-kallisto-cellbender-X/regulons_30.tsv	bd-rhap-rep1-X/regulons_30.tsv	10x-rep1-kallisto-cellbender-X/regulons_30.tsv
2249	pDC	TAGLN2	0.42857142857142855	30	30	30	50	bd-rhap-rep1-X/regulons_30.tsv vs 10x-rep1-kallisto-cellbender-X/regulons_30.tsv	bd-rhap-rep1-X/regulons_30.tsv	10x-rep1-kallisto-cellbender-X/regulons_30.tsv
2250	nk_cells	IL2RG	0.3333333333333333	30	30	30	50	bd-rhap-rep1-X/regulons_30.tsv vs 10x-rep1-kallisto-cellbender-X/regulons_30.tsv	bd-rhap-rep1-X/regulons_30.tsv	10x-rep1-kallisto-cellbender-X/regulons_30.tsv
2251	cd14-_monocytes	HLA-DPB1	0.2	30	30	30	50	bd-rhap-rep1-X/regulons_30.tsv vs 10x-rep1-kallisto-cellbender-X/regulons_30.tsv	bd-rhap-rep1-X/regulons_30.tsv	10x-rep1-kallisto-cellbender-X/regulons_30.tsv
2252	cd14+_monocytes	CEBPD	0.2765957446808511	30	30	30	50	bd-rhap-rep1-X/regulons_30.tsv vs 10x-rep1-kallisto-cellbender-X/regulons_30.tsv	bd-rhap-rep1-X/regulons_30.tsv	10x-rep1-kallisto-cellbender-X/regulons_30.tsv
2253	nk_cells	H4C3	0.2	30	30	30	50	bd-rhap-rep1-X/regulons_30.tsv vs 10x-rep1-kallisto-cellbender-X/regulons_30.tsv	bd-rhap-rep1-X/regulons_30.tsv	10x-rep1-kallisto-cellbender-X/regulons_30.tsv
2254	pDC	IFITM2	0.22448979591836735	30	30	30	50	bd-rhap-rep1-X/regulons_30.tsv vs 10x-rep1-kallisto-cellbender-X/regulons_30.tsv	bd-rhap-rep1-X/regulons_30.tsv	10x-rep1-kallisto-cellbender-X/regulons_30.tsv
2255	pDC	ARL4C	0.22448979591836735	30	30	30	50	bd-rhap-rep1-X/regulons_30.tsv vs 10x-rep1-kallisto-cellbender-X/regulons_30.tsv	bd-rhap-rep1-X/regulons_30.tsv	10x-rep1-kallisto-cellbender-X/regulons_30.tsv
2256	cd14-_monocytes	HLA-DPA1	0.30434782608695654	30	30	30	50	bd-rhap-rep1-X/regulons_30.tsv vs 10x-rep1-kallisto-cellbender-X/regulons_30.tsv	bd-rhap-rep1-X/regulons_30.tsv	10x-rep1-kallisto-cellbender-X/regulons_30.tsv
2257	pDC	HLA-DQB1	0.36363636363636365	30	30	30	50	bd-rhap-rep1-X/regulons_30.tsv vs 10x-rep1-kallisto-cellbender-X/regulons_30.tsv	bd-rhap-rep1-X/regulons_30.tsv	10x-rep1-kallisto-cellbender-X/regulons_30.tsv
2258	b_cells	HLA-DQA1	0.25	30	30	30	50	bd-rhap-rep1-X/regulons_30.tsv vs 10x-rep1-kallisto-cellbender-X/regulons_30.tsv	bd-rhap-rep1-X/regulons_30.tsv	10x-rep1-kallisto-cellbender-X/regulons_30.tsv
2259	b_cells	IFITM2	0.2	30	30	30	50	bd-rhap-rep1-X/regulons_30.tsv vs 10x-rep1-kallisto-cellbender-X/regulons_30.tsv	bd-rhap-rep1-X/regulons_30.tsv	10x-rep1-kallisto-cellbender-X/regulons_30.tsv
2260	b_cells	BCL11A	0.36363636363636365	30	30	30	50	bd-rhap-rep1-X/regulons_30.tsv vs 10x-rep1-kallisto-cellbender-X/regulons_30.tsv	bd-rhap-rep1-X/regulons_30.tsv	10x-rep1-kallisto-cellbender-X/regulons_30.tsv
2261	b_cells	HLA-DQB1	0.30434782608695654	30	30	30	50	bd-rhap-rep1-X/regulons_30.tsv vs 10x-rep1-kallisto-cellbender-X/regulons_30.tsv	bd-rhap-rep1-X/regulons_30.tsv	10x-rep1-kallisto-cellbender-X/regulons_30.tsv
2262	cd4+_tcells	H4C3	0.2765957446808511	30	30	30	50	bd-rhap-rep1-X/regulons_30.tsv vs 10x-rep1-kallisto-cellbender-X/regulons_30.tsv	bd-rhap-rep1-X/regulons_30.tsv	10x-rep1-kallisto-cellbender-X/regulons_30.tsv
2263	DC	HLA-DQA1	0.30434782608695654	30	30	30	50	bd-rhap-rep1-X/regulons_30.tsv vs 10x-rep1-kallisto-cellbender-X/regulons_30.tsv	bd-rhap-rep1-X/regulons_30.tsv	10x-rep1-kallisto-cellbender-X/regulons_30.tsv
2264	b_cells	TCF4	0.2765957446808511	30	30	30	50	bd-rhap-rep1-X/regulons_30.tsv vs 10x-rep1-kallisto-cellbender-X/regulons_30.tsv	bd-rhap-rep1-X/regulons_30.tsv	10x-rep1-kallisto-cellbender-X/regulons_30.tsv
2265	pDC	GPR183	0.2765957446808511	30	30	30	50	bd-rhap-rep1-X/regulons_30.tsv vs 10x-rep1-kallisto-cellbender-X/regulons_30.tsv	bd-rhap-rep1-X/regulons_30.tsv	10x-rep1-kallisto-cellbender-X/regulons_30.tsv
2266	cd4+_tcells	ACAP1	0.3953488372093023	30	30	30	50	bd-rhap-rep1-X/regulons_30.tsv vs 10x-rep1-kallisto-cellbender-X/regulons_30.tsv	bd-rhap-rep1-X/regulons_30.tsv	10x-rep1-kallisto-cellbender-X/regulons_30.tsv
2267	DC	ARL4C	0.22448979591836735	30	30	30	50	bd-rhap-rep1-X/regulons_30.tsv vs 10x-rep1-kallisto-cellbender-X/regulons_30.tsv	bd-rhap-rep1-X/regulons_30.tsv	10x-rep1-kallisto-cellbender-X/regulons_30.tsv
2268	cd4+_tcells	CD2	0.36363636363636365	30	30	30	50	bd-rhap-rep1-X/regulons_30.tsv vs 10x-rep1-kallisto-cellbender-X/regulons_30.tsv	bd-rhap-rep1-X/regulons_30.tsv	10x-rep1-kallisto-cellbender-X/regulons_30.tsv
2269	DC	HLA-DQB1	0.3333333333333333	30	30	30	50	bd-rhap-rep1-X/regulons_30.tsv vs 10x-rep1-kallisto-cellbender-X/regulons_30.tsv	bd-rhap-rep1-X/regulons_30.tsv	10x-rep1-kallisto-cellbender-X/regulons_30.tsv
2270	DC	MNDA	0.25	30	30	30	50	bd-rhap-rep1-X/regulons_30.tsv vs 10x-rep1-kallisto-cellbender-X/regulons_30.tsv	bd-rhap-rep1-X/regulons_30.tsv	10x-rep1-kallisto-cellbender-X/regulons_30.tsv
2271	b_cells	CCDC50	0.30434782608695654	30	30	30	50	bd-rhap-rep1-X/regulons_30.tsv vs 10x-rep1-kallisto-cellbender-X/regulons_30.tsv	bd-rhap-rep1-X/regulons_30.tsv	10x-rep1-kallisto-cellbender-X/regulons_30.tsv
2272	b_cells	H4C3	0.25	30	30	30	50	bd-rhap-rep1-X/regulons_30.tsv vs 10x-rep1-kallisto-cellbender-X/regulons_30.tsv	bd-rhap-rep1-X/regulons_30.tsv	10x-rep1-kallisto-cellbender-X/regulons_30.tsv
2273	cd4+_tcells	BIN1	0.2	30	30	30	50	bd-rhap-rep1-X/regulons_30.tsv vs 10x-rep1-kallisto-cellbender-X/regulons_30.tsv	bd-rhap-rep1-X/regulons_30.tsv	10x-rep1-kallisto-cellbender-X/regulons_30.tsv
2274	cd14+_monocytes	ACTN1	0.2	30	30	30	50	bd-rhap-rep1-X/regulons_30.tsv vs 10x-rep1-kallisto-cellbender-X/regulons_30.tsv	bd-rhap-rep1-X/regulons_30.tsv	10x-rep1-kallisto-cellbender-X/regulons_30.tsv
2275	pDC	FCER1A	0.3333333333333333	30	30	30	50	bd-rhap-rep1-X/regulons_30.tsv vs 10x-rep1-kallisto-cellbender-X/regulons_30.tsv	bd-rhap-rep1-X/regulons_30.tsv	10x-rep1-kallisto-cellbender-X/regulons_30.tsv
2276	pDC	HLA-DQA1	0.3953488372093023	30	30	30	50	bd-rhap-rep1-X/regulons_30.tsv vs 10x-rep1-kallisto-cellbender-X/regulons_30.tsv	bd-rhap-rep1-X/regulons_30.tsv	10x-rep1-kallisto-cellbender-X/regulons_30.tsv
2277	cd14-_monocytes	CEBPD	0.22448979591836735	30	30	30	50	bd-rhap-rep1-X/regulons_30.tsv vs 10x-rep1-kallisto-cellbender-X/regulons_30.tsv	bd-rhap-rep1-X/regulons_30.tsv	10x-rep1-kallisto-cellbender-X/regulons_30.tsv
2278	pDC	BCL11A	0.42857142857142855	30	30	30	50	bd-rhap-rep1-X/regulons_30.tsv vs 10x-rep1-kallisto-cellbender-X/regulons_30.tsv	bd-rhap-rep1-X/regulons_30.tsv	10x-rep1-kallisto-cellbender-X/regulons_30.tsv
2279	DC	CST3	0.22448979591836735	30	30	30	50	bd-rhap-rep1-X/regulons_30.tsv vs 10x-rep1-kallisto-cellbender-X/regulons_30.tsv	bd-rhap-rep1-X/regulons_30.tsv	10x-rep1-kallisto-cellbender-X/regulons_30.tsv
2280	nk_cells	C12orf75	0.17647058823529413	30	30	30	50	bd-rhap-rep1-X/regulons_30.tsv vs 10x-rep1-kallisto-cellbender-X/regulons_30.tsv	bd-rhap-rep1-X/regulons_30.tsv	10x-rep1-kallisto-cellbender-X/regulons_30.tsv
2281	cd14+_monocytes	CPVL	0.30434782608695654	30	30	30	50	bd-rhap-rep1-X/regulons_30.tsv vs 10x-rep1-kallisto-cellbender-X/regulons_30.tsv	bd-rhap-rep1-X/regulons_30.tsv	10x-rep1-kallisto-cellbender-X/regulons_30.tsv
2282	nk_cells	ACAP1	0.2765957446808511	30	30	30	50	bd-rhap-rep1-X/regulons_30.tsv vs 10x-rep1-kallisto-cellbender-X/regulons_30.tsv	bd-rhap-rep1-X/regulons_30.tsv	10x-rep1-kallisto-cellbender-X/regulons_30.tsv
2283	b_cells	CD74	0.3333333333333333	30	30	30	50	bd-rhap-rep1-X/regulons_30.tsv vs 10x-rep1-kallisto-cellbender-X/regulons_30.tsv	bd-rhap-rep1-X/regulons_30.tsv	10x-rep1-kallisto-cellbender-X/regulons_30.tsv
2284	DC	FCER1A	0.2	30	30	30	50	bd-rhap-rep1-X/regulons_30.tsv vs 10x-rep1-kallisto-cellbender-X/regulons_30.tsv	bd-rhap-rep1-X/regulons_30.tsv	10x-rep1-kallisto-cellbender-X/regulons_30.tsv
2285	nk_cells	EVL	0.25	30	30	30	50	bd-rhap-rep1-X/regulons_30.tsv vs 10x-rep1-kallisto-cellbender-X/regulons_30.tsv	bd-rhap-rep1-X/regulons_30.tsv	10x-rep1-kallisto-cellbender-X/regulons_30.tsv
2286	cd14-_monocytes	S100A9	0.1320754716981132	30	30	30	50	bd-rhap-rep2-X/regulons_30.tsv vs 10x-rep1-kallisto-cellbender-X/regulons_30.tsv	bd-rhap-rep2-X/regulons_30.tsv	10x-rep1-kallisto-cellbender-X/regulons_30.tsv
2287	cd8+_tcells	CXCR4	0.2	30	30	30	50	bd-rhap-rep2-X/regulons_30.tsv vs 10x-rep1-kallisto-cellbender-X/regulons_30.tsv	bd-rhap-rep2-X/regulons_30.tsv	10x-rep1-kallisto-cellbender-X/regulons_30.tsv
2288	cd8+_tcells	TAGLN2	0.22448979591836735	30	30	30	50	bd-rhap-rep2-X/regulons_30.tsv vs 10x-rep1-kallisto-cellbender-X/regulons_30.tsv	bd-rhap-rep2-X/regulons_30.tsv	10x-rep1-kallisto-cellbender-X/regulons_30.tsv
2289	b_cells	HLA-DPB1	0.22448979591836735	30	30	30	50	bd-rhap-rep2-X/regulons_30.tsv vs 10x-rep1-kallisto-cellbender-X/regulons_30.tsv	bd-rhap-rep2-X/regulons_30.tsv	10x-rep1-kallisto-cellbender-X/regulons_30.tsv
2290	DC	CD74	0.25	30	30	30	50	bd-rhap-rep2-X/regulons_30.tsv vs 10x-rep1-kallisto-cellbender-X/regulons_30.tsv	bd-rhap-rep2-X/regulons_30.tsv	10x-rep1-kallisto-cellbender-X/regulons_30.tsv
2291	pDC	IRF8	0.4634146341463415	30	30	30	50	bd-rhap-rep2-X/regulons_30.tsv vs 10x-rep1-kallisto-cellbender-X/regulons_30.tsv	bd-rhap-rep2-X/regulons_30.tsv	10x-rep1-kallisto-cellbender-X/regulons_30.tsv
2292	b_cells	HLA-DPA1	0.25	30	30	30	50	bd-rhap-rep2-X/regulons_30.tsv vs 10x-rep1-kallisto-cellbender-X/regulons_30.tsv	bd-rhap-rep2-X/regulons_30.tsv	10x-rep1-kallisto-cellbender-X/regulons_30.tsv
2293	cd4+_tcells	EVL	0.2765957446808511	30	30	30	50	bd-rhap-rep2-X/regulons_30.tsv vs 10x-rep1-kallisto-cellbender-X/regulons_30.tsv	bd-rhap-rep2-X/regulons_30.tsv	10x-rep1-kallisto-cellbender-X/regulons_30.tsv
2294	DC	HLA-DPB1	0.2	30	30	30	50	bd-rhap-rep2-X/regulons_30.tsv vs 10x-rep1-kallisto-cellbender-X/regulons_30.tsv	bd-rhap-rep2-X/regulons_30.tsv	10x-rep1-kallisto-cellbender-X/regulons_30.tsv
2295	cd4+_tcells	CCND2	0.25	30	30	30	50	bd-rhap-rep2-X/regulons_30.tsv vs 10x-rep1-kallisto-cellbender-X/regulons_30.tsv	bd-rhap-rep2-X/regulons_30.tsv	10x-rep1-kallisto-cellbender-X/regulons_30.tsv
2296	b_cells	IRF8	0.17647058823529413	30	30	30	50	bd-rhap-rep2-X/regulons_30.tsv vs 10x-rep1-kallisto-cellbender-X/regulons_30.tsv	bd-rhap-rep2-X/regulons_30.tsv	10x-rep1-kallisto-cellbender-X/regulons_30.tsv
2297	b_cells	HLA-DRB1	0.30434782608695654	30	30	30	50	bd-rhap-rep2-X/regulons_30.tsv vs 10x-rep1-kallisto-cellbender-X/regulons_30.tsv	bd-rhap-rep2-X/regulons_30.tsv	10x-rep1-kallisto-cellbender-X/regulons_30.tsv
2298	DC	HLA-DPA1	0.22448979591836735	30	30	30	50	bd-rhap-rep2-X/regulons_30.tsv vs 10x-rep1-kallisto-cellbender-X/regulons_30.tsv	bd-rhap-rep2-X/regulons_30.tsv	10x-rep1-kallisto-cellbender-X/regulons_30.tsv
2299	b_cells	EVL	0.17647058823529413	30	30	30	50	bd-rhap-rep2-X/regulons_30.tsv vs 10x-rep1-kallisto-cellbender-X/regulons_30.tsv	bd-rhap-rep2-X/regulons_30.tsv	10x-rep1-kallisto-cellbender-X/regulons_30.tsv
2300	pDC	PLD4	0.4634146341463415	30	30	30	50	bd-rhap-rep2-X/regulons_30.tsv vs 10x-rep1-kallisto-cellbender-X/regulons_30.tsv	bd-rhap-rep2-X/regulons_30.tsv	10x-rep1-kallisto-cellbender-X/regulons_30.tsv
2301	pDC	HLA-DPB1	0.30434782608695654	30	30	30	50	bd-rhap-rep2-X/regulons_30.tsv vs 10x-rep1-kallisto-cellbender-X/regulons_30.tsv	bd-rhap-rep2-X/regulons_30.tsv	10x-rep1-kallisto-cellbender-X/regulons_30.tsv
2302	cd14-_monocytes	HLA-DQA1	0.17647058823529413	30	30	30	50	bd-rhap-rep2-X/regulons_30.tsv vs 10x-rep1-kallisto-cellbender-X/regulons_30.tsv	bd-rhap-rep2-X/regulons_30.tsv	10x-rep1-kallisto-cellbender-X/regulons_30.tsv
2303	b_cells	HLA-DRA	0.30434782608695654	30	30	30	50	bd-rhap-rep2-X/regulons_30.tsv vs 10x-rep1-kallisto-cellbender-X/regulons_30.tsv	bd-rhap-rep2-X/regulons_30.tsv	10x-rep1-kallisto-cellbender-X/regulons_30.tsv
2304	DC	HLA-DRB1	0.22448979591836735	30	30	30	50	bd-rhap-rep2-X/regulons_30.tsv vs 10x-rep1-kallisto-cellbender-X/regulons_30.tsv	bd-rhap-rep2-X/regulons_30.tsv	10x-rep1-kallisto-cellbender-X/regulons_30.tsv
2305	cd4+_tcells	TAGLN2	0.15384615384615385	30	30	30	50	bd-rhap-rep2-X/regulons_30.tsv vs 10x-rep1-kallisto-cellbender-X/regulons_30.tsv	bd-rhap-rep2-X/regulons_30.tsv	10x-rep1-kallisto-cellbender-X/regulons_30.tsv
2306	cd4+_tcells	CXCR4	0.2	30	30	30	50	bd-rhap-rep2-X/regulons_30.tsv vs 10x-rep1-kallisto-cellbender-X/regulons_30.tsv	bd-rhap-rep2-X/regulons_30.tsv	10x-rep1-kallisto-cellbender-X/regulons_30.tsv
2307	pDC	HLA-DPA1	0.36363636363636365	30	30	30	50	bd-rhap-rep2-X/regulons_30.tsv vs 10x-rep1-kallisto-cellbender-X/regulons_30.tsv	bd-rhap-rep2-X/regulons_30.tsv	10x-rep1-kallisto-cellbender-X/regulons_30.tsv
2308	cd14-_monocytes	MNDA	0.1320754716981132	30	30	30	50	bd-rhap-rep2-X/regulons_30.tsv vs 10x-rep1-kallisto-cellbender-X/regulons_30.tsv	bd-rhap-rep2-X/regulons_30.tsv	10x-rep1-kallisto-cellbender-X/regulons_30.tsv
2309	DC	CD1C	0.22448979591836735	30	30	30	50	bd-rhap-rep2-X/regulons_30.tsv vs 10x-rep1-kallisto-cellbender-X/regulons_30.tsv	bd-rhap-rep2-X/regulons_30.tsv	10x-rep1-kallisto-cellbender-X/regulons_30.tsv
2310	cd8+_tcells	DUSP2	0.25	30	30	30	50	bd-rhap-rep2-X/regulons_30.tsv vs 10x-rep1-kallisto-cellbender-X/regulons_30.tsv	bd-rhap-rep2-X/regulons_30.tsv	10x-rep1-kallisto-cellbender-X/regulons_30.tsv
2311	DC	HLA-DRA	0.25	30	30	30	50	bd-rhap-rep2-X/regulons_30.tsv vs 10x-rep1-kallisto-cellbender-X/regulons_30.tsv	bd-rhap-rep2-X/regulons_30.tsv	10x-rep1-kallisto-cellbender-X/regulons_30.tsv
2312	cd14+_monocytes	HLA-DPB1	0.1320754716981132	30	30	30	50	bd-rhap-rep2-X/regulons_30.tsv vs 10x-rep1-kallisto-cellbender-X/regulons_30.tsv	bd-rhap-rep2-X/regulons_30.tsv	10x-rep1-kallisto-cellbender-X/regulons_30.tsv
2313	cd4+_tcells	ARL4C	0.25	30	30	30	50	bd-rhap-rep2-X/regulons_30.tsv vs 10x-rep1-kallisto-cellbender-X/regulons_30.tsv	bd-rhap-rep2-X/regulons_30.tsv	10x-rep1-kallisto-cellbender-X/regulons_30.tsv
2314	cd4+_tcells	IFITM2	0.25	30	30	30	50	bd-rhap-rep2-X/regulons_30.tsv vs 10x-rep1-kallisto-cellbender-X/regulons_30.tsv	bd-rhap-rep2-X/regulons_30.tsv	10x-rep1-kallisto-cellbender-X/regulons_30.tsv
2315	cd8+_tcells	BTG2	0.15384615384615385	30	30	30	50	bd-rhap-rep2-X/regulons_30.tsv vs 10x-rep1-kallisto-cellbender-X/regulons_30.tsv	bd-rhap-rep2-X/regulons_30.tsv	10x-rep1-kallisto-cellbender-X/regulons_30.tsv
2316	cd14-_monocytes	S100A8	0.17647058823529413	30	30	30	50	bd-rhap-rep2-X/regulons_30.tsv vs 10x-rep1-kallisto-cellbender-X/regulons_30.tsv	bd-rhap-rep2-X/regulons_30.tsv	10x-rep1-kallisto-cellbender-X/regulons_30.tsv
2317	cd8+_tcells	ARL4C	0.2765957446808511	30	30	30	50	bd-rhap-rep2-X/regulons_30.tsv vs 10x-rep1-kallisto-cellbender-X/regulons_30.tsv	bd-rhap-rep2-X/regulons_30.tsv	10x-rep1-kallisto-cellbender-X/regulons_30.tsv
2318	pDC	HLA-DRB1	0.42857142857142855	30	30	30	50	bd-rhap-rep2-X/regulons_30.tsv vs 10x-rep1-kallisto-cellbender-X/regulons_30.tsv	bd-rhap-rep2-X/regulons_30.tsv	10x-rep1-kallisto-cellbender-X/regulons_30.tsv
2319	b_cells	TAGLN2	0.2	30	30	30	50	bd-rhap-rep2-X/regulons_30.tsv vs 10x-rep1-kallisto-cellbender-X/regulons_30.tsv	bd-rhap-rep2-X/regulons_30.tsv	10x-rep1-kallisto-cellbender-X/regulons_30.tsv
2320	cd4+_tcells	IL2RG	0.36363636363636365	30	30	30	50	bd-rhap-rep2-X/regulons_30.tsv vs 10x-rep1-kallisto-cellbender-X/regulons_30.tsv	bd-rhap-rep2-X/regulons_30.tsv	10x-rep1-kallisto-cellbender-X/regulons_30.tsv
2321	pDC	PPP1R14B	0.3333333333333333	30	30	30	50	bd-rhap-rep2-X/regulons_30.tsv vs 10x-rep1-kallisto-cellbender-X/regulons_30.tsv	bd-rhap-rep2-X/regulons_30.tsv	10x-rep1-kallisto-cellbender-X/regulons_30.tsv
2322	cd8+_tcells	IL2RG	0.1320754716981132	30	30	30	50	bd-rhap-rep2-X/regulons_30.tsv vs 10x-rep1-kallisto-cellbender-X/regulons_30.tsv	bd-rhap-rep2-X/regulons_30.tsv	10x-rep1-kallisto-cellbender-X/regulons_30.tsv
2323	nk_cells	TAGLN2	0.25	30	30	30	50	bd-rhap-rep2-X/regulons_30.tsv vs 10x-rep1-kallisto-cellbender-X/regulons_30.tsv	bd-rhap-rep2-X/regulons_30.tsv	10x-rep1-kallisto-cellbender-X/regulons_30.tsv
2324	cd14+_monocytes	ID2	0.2	30	30	30	50	bd-rhap-rep2-X/regulons_30.tsv vs 10x-rep1-kallisto-cellbender-X/regulons_30.tsv	bd-rhap-rep2-X/regulons_30.tsv	10x-rep1-kallisto-cellbender-X/regulons_30.tsv
2325	DC	TAGLN2	0.25	30	30	30	50	bd-rhap-rep2-X/regulons_30.tsv vs 10x-rep1-kallisto-cellbender-X/regulons_30.tsv	bd-rhap-rep2-X/regulons_30.tsv	10x-rep1-kallisto-cellbender-X/regulons_30.tsv
2326	nk_cells	IGFBP7	0.1320754716981132	30	30	30	50	bd-rhap-rep2-X/regulons_30.tsv vs 10x-rep1-kallisto-cellbender-X/regulons_30.tsv	bd-rhap-rep2-X/regulons_30.tsv	10x-rep1-kallisto-cellbender-X/regulons_30.tsv
2327	cd8+_tcells	H4C3	0.30434782608695654	30	30	30	50	bd-rhap-rep2-X/regulons_30.tsv vs 10x-rep1-kallisto-cellbender-X/regulons_30.tsv	bd-rhap-rep2-X/regulons_30.tsv	10x-rep1-kallisto-cellbender-X/regulons_30.tsv
2328	DC	ID2	0.1111111111111111	30	30	30	50	bd-rhap-rep2-X/regulons_30.tsv vs 10x-rep1-kallisto-cellbender-X/regulons_30.tsv	bd-rhap-rep2-X/regulons_30.tsv	10x-rep1-kallisto-cellbender-X/regulons_30.tsv
2329	cd14-_monocytes	EVL	0.1111111111111111	30	30	30	50	bd-rhap-rep2-X/regulons_30.tsv vs 10x-rep1-kallisto-cellbender-X/regulons_30.tsv	bd-rhap-rep2-X/regulons_30.tsv	10x-rep1-kallisto-cellbender-X/regulons_30.tsv
2330	pDC	SPN	0.2	30	30	30	50	bd-rhap-rep2-X/regulons_30.tsv vs 10x-rep1-kallisto-cellbender-X/regulons_30.tsv	bd-rhap-rep2-X/regulons_30.tsv	10x-rep1-kallisto-cellbender-X/regulons_30.tsv
2331	cd8+_tcells	C12orf75	0.1320754716981132	30	30	30	50	bd-rhap-rep2-X/regulons_30.tsv vs 10x-rep1-kallisto-cellbender-X/regulons_30.tsv	bd-rhap-rep2-X/regulons_30.tsv	10x-rep1-kallisto-cellbender-X/regulons_30.tsv
2332	nk_cells	ARL4C	0.3333333333333333	30	30	30	50	bd-rhap-rep2-X/regulons_30.tsv vs 10x-rep1-kallisto-cellbender-X/regulons_30.tsv	bd-rhap-rep2-X/regulons_30.tsv	10x-rep1-kallisto-cellbender-X/regulons_30.tsv
2333	nk_cells	IFITM2	0.25	30	30	30	50	bd-rhap-rep2-X/regulons_30.tsv vs 10x-rep1-kallisto-cellbender-X/regulons_30.tsv	bd-rhap-rep2-X/regulons_30.tsv	10x-rep1-kallisto-cellbender-X/regulons_30.tsv
2334	cd8+_tcells	CD2	0.36363636363636365	30	30	30	50	bd-rhap-rep2-X/regulons_30.tsv vs 10x-rep1-kallisto-cellbender-X/regulons_30.tsv	bd-rhap-rep2-X/regulons_30.tsv	10x-rep1-kallisto-cellbender-X/regulons_30.tsv
2335	pDC	TAGLN2	0.3333333333333333	30	30	30	50	bd-rhap-rep2-X/regulons_30.tsv vs 10x-rep1-kallisto-cellbender-X/regulons_30.tsv	bd-rhap-rep2-X/regulons_30.tsv	10x-rep1-kallisto-cellbender-X/regulons_30.tsv
2336	nk_cells	IL2RG	0.2765957446808511	30	30	30	50	bd-rhap-rep2-X/regulons_30.tsv vs 10x-rep1-kallisto-cellbender-X/regulons_30.tsv	bd-rhap-rep2-X/regulons_30.tsv	10x-rep1-kallisto-cellbender-X/regulons_30.tsv
2337	nk_cells	H4C3	0.09090909090909091	30	30	30	50	bd-rhap-rep2-X/regulons_30.tsv vs 10x-rep1-kallisto-cellbender-X/regulons_30.tsv	bd-rhap-rep2-X/regulons_30.tsv	10x-rep1-kallisto-cellbender-X/regulons_30.tsv
2338	pDC	IFITM2	0.1111111111111111	30	30	30	50	bd-rhap-rep2-X/regulons_30.tsv vs 10x-rep1-kallisto-cellbender-X/regulons_30.tsv	bd-rhap-rep2-X/regulons_30.tsv	10x-rep1-kallisto-cellbender-X/regulons_30.tsv
2339	pDC	ARL4C	0.22448979591836735	30	30	30	50	bd-rhap-rep2-X/regulons_30.tsv vs 10x-rep1-kallisto-cellbender-X/regulons_30.tsv	bd-rhap-rep2-X/regulons_30.tsv	10x-rep1-kallisto-cellbender-X/regulons_30.tsv
2340	cd14-_monocytes	HLA-DPA1	0.15384615384615385	30	30	30	50	bd-rhap-rep2-X/regulons_30.tsv vs 10x-rep1-kallisto-cellbender-X/regulons_30.tsv	bd-rhap-rep2-X/regulons_30.tsv	10x-rep1-kallisto-cellbender-X/regulons_30.tsv
2341	pDC	HLA-DQB1	0.30434782608695654	30	30	30	50	bd-rhap-rep2-X/regulons_30.tsv vs 10x-rep1-kallisto-cellbender-X/regulons_30.tsv	bd-rhap-rep2-X/regulons_30.tsv	10x-rep1-kallisto-cellbender-X/regulons_30.tsv
2342	b_cells	HLA-DQA1	0.22448979591836735	30	30	30	50	bd-rhap-rep2-X/regulons_30.tsv vs 10x-rep1-kallisto-cellbender-X/regulons_30.tsv	bd-rhap-rep2-X/regulons_30.tsv	10x-rep1-kallisto-cellbender-X/regulons_30.tsv
2343	DC	CLEC10A	0.25	30	30	30	50	bd-rhap-rep2-X/regulons_30.tsv vs 10x-rep1-kallisto-cellbender-X/regulons_30.tsv	bd-rhap-rep2-X/regulons_30.tsv	10x-rep1-kallisto-cellbender-X/regulons_30.tsv
2344	b_cells	IFITM2	0.17647058823529413	30	30	30	50	bd-rhap-rep2-X/regulons_30.tsv vs 10x-rep1-kallisto-cellbender-X/regulons_30.tsv	bd-rhap-rep2-X/regulons_30.tsv	10x-rep1-kallisto-cellbender-X/regulons_30.tsv
2345	b_cells	BCL11A	0.3333333333333333	30	30	30	50	bd-rhap-rep2-X/regulons_30.tsv vs 10x-rep1-kallisto-cellbender-X/regulons_30.tsv	bd-rhap-rep2-X/regulons_30.tsv	10x-rep1-kallisto-cellbender-X/regulons_30.tsv
2346	b_cells	HLA-DQB1	0.2765957446808511	30	30	30	50	bd-rhap-rep2-X/regulons_30.tsv vs 10x-rep1-kallisto-cellbender-X/regulons_30.tsv	bd-rhap-rep2-X/regulons_30.tsv	10x-rep1-kallisto-cellbender-X/regulons_30.tsv
2347	cd4+_tcells	H4C3	0.22448979591836735	30	30	30	50	bd-rhap-rep2-X/regulons_30.tsv vs 10x-rep1-kallisto-cellbender-X/regulons_30.tsv	bd-rhap-rep2-X/regulons_30.tsv	10x-rep1-kallisto-cellbender-X/regulons_30.tsv
2348	DC	HLA-DQA1	0.22448979591836735	30	30	30	50	bd-rhap-rep2-X/regulons_30.tsv vs 10x-rep1-kallisto-cellbender-X/regulons_30.tsv	bd-rhap-rep2-X/regulons_30.tsv	10x-rep1-kallisto-cellbender-X/regulons_30.tsv
2349	pDC	RGS1	0.25	30	30	30	50	bd-rhap-rep2-X/regulons_30.tsv vs 10x-rep1-kallisto-cellbender-X/regulons_30.tsv	bd-rhap-rep2-X/regulons_30.tsv	10x-rep1-kallisto-cellbender-X/regulons_30.tsv
2350	b_cells	TCF4	0.2765957446808511	30	30	30	50	bd-rhap-rep2-X/regulons_30.tsv vs 10x-rep1-kallisto-cellbender-X/regulons_30.tsv	bd-rhap-rep2-X/regulons_30.tsv	10x-rep1-kallisto-cellbender-X/regulons_30.tsv
2351	pDC	GPR183	0.5384615384615384	30	30	30	50	bd-rhap-rep2-X/regulons_30.tsv vs 10x-rep1-kallisto-cellbender-X/regulons_30.tsv	bd-rhap-rep2-X/regulons_30.tsv	10x-rep1-kallisto-cellbender-X/regulons_30.tsv
2352	DC	ARL4C	0.25	30	30	30	50	bd-rhap-rep2-X/regulons_30.tsv vs 10x-rep1-kallisto-cellbender-X/regulons_30.tsv	bd-rhap-rep2-X/regulons_30.tsv	10x-rep1-kallisto-cellbender-X/regulons_30.tsv
2353	cd4+_tcells	CD2	0.36363636363636365	30	30	30	50	bd-rhap-rep2-X/regulons_30.tsv vs 10x-rep1-kallisto-cellbender-X/regulons_30.tsv	bd-rhap-rep2-X/regulons_30.tsv	10x-rep1-kallisto-cellbender-X/regulons_30.tsv
2354	DC	HLA-DQB1	0.30434782608695654	30	30	30	50	bd-rhap-rep2-X/regulons_30.tsv vs 10x-rep1-kallisto-cellbender-X/regulons_30.tsv	bd-rhap-rep2-X/regulons_30.tsv	10x-rep1-kallisto-cellbender-X/regulons_30.tsv
2355	DC	MNDA	0.1111111111111111	30	30	30	50	bd-rhap-rep2-X/regulons_30.tsv vs 10x-rep1-kallisto-cellbender-X/regulons_30.tsv	bd-rhap-rep2-X/regulons_30.tsv	10x-rep1-kallisto-cellbender-X/regulons_30.tsv
2356	b_cells	CCDC50	0.25	30	30	30	50	bd-rhap-rep2-X/regulons_30.tsv vs 10x-rep1-kallisto-cellbender-X/regulons_30.tsv	bd-rhap-rep2-X/regulons_30.tsv	10x-rep1-kallisto-cellbender-X/regulons_30.tsv
2357	b_cells	H4C3	0.25	30	30	30	50	bd-rhap-rep2-X/regulons_30.tsv vs 10x-rep1-kallisto-cellbender-X/regulons_30.tsv	bd-rhap-rep2-X/regulons_30.tsv	10x-rep1-kallisto-cellbender-X/regulons_30.tsv
2358	cd14+_monocytes	ACTN1	0.1320754716981132	30	30	30	50	bd-rhap-rep2-X/regulons_30.tsv vs 10x-rep1-kallisto-cellbender-X/regulons_30.tsv	bd-rhap-rep2-X/regulons_30.tsv	10x-rep1-kallisto-cellbender-X/regulons_30.tsv
2359	pDC	FCER1A	0.3333333333333333	30	30	30	50	bd-rhap-rep2-X/regulons_30.tsv vs 10x-rep1-kallisto-cellbender-X/regulons_30.tsv	bd-rhap-rep2-X/regulons_30.tsv	10x-rep1-kallisto-cellbender-X/regulons_30.tsv
2360	pDC	HLA-DQA1	0.36363636363636365	30	30	30	50	bd-rhap-rep2-X/regulons_30.tsv vs 10x-rep1-kallisto-cellbender-X/regulons_30.tsv	bd-rhap-rep2-X/regulons_30.tsv	10x-rep1-kallisto-cellbender-X/regulons_30.tsv
2361	pDC	BCL11A	0.36363636363636365	30	30	30	50	bd-rhap-rep2-X/regulons_30.tsv vs 10x-rep1-kallisto-cellbender-X/regulons_30.tsv	bd-rhap-rep2-X/regulons_30.tsv	10x-rep1-kallisto-cellbender-X/regulons_30.tsv
2362	nk_cells	C12orf75	0.25	30	30	30	50	bd-rhap-rep2-X/regulons_30.tsv vs 10x-rep1-kallisto-cellbender-X/regulons_30.tsv	bd-rhap-rep2-X/regulons_30.tsv	10x-rep1-kallisto-cellbender-X/regulons_30.tsv
2363	DC	FCER1A	0.2	30	30	30	50	bd-rhap-rep2-X/regulons_30.tsv vs 10x-rep1-kallisto-cellbender-X/regulons_30.tsv	bd-rhap-rep2-X/regulons_30.tsv	10x-rep1-kallisto-cellbender-X/regulons_30.tsv
2364	nk_cells	EVL	0.25	30	30	30	50	bd-rhap-rep2-X/regulons_30.tsv vs 10x-rep1-kallisto-cellbender-X/regulons_30.tsv	bd-rhap-rep2-X/regulons_30.tsv	10x-rep1-kallisto-cellbender-X/regulons_30.tsv
2365	DC	ADAM28	0.5686274509803921	40	40	40	50	bd-rhap-rep1-X/regulons_40.tsv vs bd-rhap-rep2-X/regulons_40.tsv	bd-rhap-rep1-X/regulons_40.tsv	bd-rhap-rep2-X/regulons_40.tsv
2366	DC	TPM4	0.5094339622641509	40	40	40	50	bd-rhap-rep1-X/regulons_40.tsv vs bd-rhap-rep2-X/regulons_40.tsv	bd-rhap-rep1-X/regulons_40.tsv	bd-rhap-rep2-X/regulons_40.tsv
2367	b_cells	ZFP36L1	0.3793103448275862	40	40	40	50	bd-rhap-rep1-X/regulons_40.tsv vs bd-rhap-rep2-X/regulons_40.tsv	bd-rhap-rep1-X/regulons_40.tsv	bd-rhap-rep2-X/regulons_40.tsv
2368	b_cells	UVRAG	0.6	40	40	40	50	bd-rhap-rep1-X/regulons_40.tsv vs bd-rhap-rep2-X/regulons_40.tsv	bd-rhap-rep1-X/regulons_40.tsv	bd-rhap-rep2-X/regulons_40.tsv
2369	cd14-_monocytes	S100A9	0.42857142857142855	40	40	40	50	bd-rhap-rep1-X/regulons_40.tsv vs bd-rhap-rep2-X/regulons_40.tsv	bd-rhap-rep1-X/regulons_40.tsv	bd-rhap-rep2-X/regulons_40.tsv
2370	cd8+_tcells	CXCR4	0.48148148148148145	40	40	40	50	bd-rhap-rep1-X/regulons_40.tsv vs bd-rhap-rep2-X/regulons_40.tsv	bd-rhap-rep1-X/regulons_40.tsv	bd-rhap-rep2-X/regulons_40.tsv
2371	cd8+_tcells	TAGLN2	0.42857142857142855	40	40	40	50	bd-rhap-rep1-X/regulons_40.tsv vs bd-rhap-rep2-X/regulons_40.tsv	bd-rhap-rep1-X/regulons_40.tsv	bd-rhap-rep2-X/regulons_40.tsv
2372	b_cells	HLA-DPB1	0.5384615384615384	40	40	40	50	bd-rhap-rep1-X/regulons_40.tsv vs bd-rhap-rep2-X/regulons_40.tsv	bd-rhap-rep1-X/regulons_40.tsv	bd-rhap-rep2-X/regulons_40.tsv
2373	cd14-_monocytes	HLA-DQB1	0.2903225806451613	40	40	40	50	bd-rhap-rep1-X/regulons_40.tsv vs bd-rhap-rep2-X/regulons_40.tsv	bd-rhap-rep1-X/regulons_40.tsv	bd-rhap-rep2-X/regulons_40.tsv
2374	b_cells	HLA-DOA	0.5686274509803921	40	40	40	50	bd-rhap-rep1-X/regulons_40.tsv vs bd-rhap-rep2-X/regulons_40.tsv	bd-rhap-rep1-X/regulons_40.tsv	bd-rhap-rep2-X/regulons_40.tsv
2375	nk_cells	VOPP1	0.6	40	40	40	50	bd-rhap-rep1-X/regulons_40.tsv vs bd-rhap-rep2-X/regulons_40.tsv	bd-rhap-rep1-X/regulons_40.tsv	bd-rhap-rep2-X/regulons_40.tsv
2376	cd14+_monocytes	SLC8A1	0.3793103448275862	40	40	40	50	bd-rhap-rep1-X/regulons_40.tsv vs bd-rhap-rep2-X/regulons_40.tsv	bd-rhap-rep1-X/regulons_40.tsv	bd-rhap-rep2-X/regulons_40.tsv
2377	cd4+_tcells	CDC42SE2	0.6666666666666666	40	40	40	50	bd-rhap-rep1-X/regulons_40.tsv vs bd-rhap-rep2-X/regulons_40.tsv	bd-rhap-rep1-X/regulons_40.tsv	bd-rhap-rep2-X/regulons_40.tsv
2378	cd8+_tcells	ID2	0.3793103448275862	40	40	40	50	bd-rhap-rep1-X/regulons_40.tsv vs bd-rhap-rep2-X/regulons_40.tsv	bd-rhap-rep1-X/regulons_40.tsv	bd-rhap-rep2-X/regulons_40.tsv
2379	cd8+_tcells	PAG1	0.3114754098360656	40	40	40	50	bd-rhap-rep1-X/regulons_40.tsv vs bd-rhap-rep2-X/regulons_40.tsv	bd-rhap-rep1-X/regulons_40.tsv	bd-rhap-rep2-X/regulons_40.tsv
2380	b_cells	WDFY4	0.6666666666666666	40	40	40	50	bd-rhap-rep1-X/regulons_40.tsv vs bd-rhap-rep2-X/regulons_40.tsv	bd-rhap-rep1-X/regulons_40.tsv	bd-rhap-rep2-X/regulons_40.tsv
2381	b_cells	VAV3	0.3333333333333333	40	40	40	50	bd-rhap-rep1-X/regulons_40.tsv vs bd-rhap-rep2-X/regulons_40.tsv	bd-rhap-rep1-X/regulons_40.tsv	bd-rhap-rep2-X/regulons_40.tsv
2382	cd14-_monocytes	IL2RG	0.40350877192982454	40	40	40	50	bd-rhap-rep1-X/regulons_40.tsv vs bd-rhap-rep2-X/regulons_40.tsv	bd-rhap-rep1-X/regulons_40.tsv	bd-rhap-rep2-X/regulons_40.tsv
2383	pDC	IRF8	0.7021276595744681	40	40	40	50	bd-rhap-rep1-X/regulons_40.tsv vs bd-rhap-rep2-X/regulons_40.tsv	bd-rhap-rep1-X/regulons_40.tsv	bd-rhap-rep2-X/regulons_40.tsv
2384	cd14+_monocytes	SYTL3	0.3559322033898305	40	40	40	50	bd-rhap-rep1-X/regulons_40.tsv vs bd-rhap-rep2-X/regulons_40.tsv	bd-rhap-rep1-X/regulons_40.tsv	bd-rhap-rep2-X/regulons_40.tsv
2385	DC	ZFP36L1	0.2903225806451613	40	40	40	50	bd-rhap-rep1-X/regulons_40.tsv vs bd-rhap-rep2-X/regulons_40.tsv	bd-rhap-rep1-X/regulons_40.tsv	bd-rhap-rep2-X/regulons_40.tsv
2386	DC	UVRAG	0.5686274509803921	40	40	40	50	bd-rhap-rep1-X/regulons_40.tsv vs bd-rhap-rep2-X/regulons_40.tsv	bd-rhap-rep1-X/regulons_40.tsv	bd-rhap-rep2-X/regulons_40.tsv
2387	nk_cells	NFATC2	0.5384615384615384	40	40	40	50	bd-rhap-rep1-X/regulons_40.tsv vs bd-rhap-rep2-X/regulons_40.tsv	bd-rhap-rep1-X/regulons_40.tsv	bd-rhap-rep2-X/regulons_40.tsv
2388	b_cells	HLA-DPA1	0.6	40	40	40	50	bd-rhap-rep1-X/regulons_40.tsv vs bd-rhap-rep2-X/regulons_40.tsv	bd-rhap-rep1-X/regulons_40.tsv	bd-rhap-rep2-X/regulons_40.tsv
2389	cd14-_monocytes	HDAC9	0.25	40	40	40	50	bd-rhap-rep1-X/regulons_40.tsv vs bd-rhap-rep2-X/regulons_40.tsv	bd-rhap-rep1-X/regulons_40.tsv	bd-rhap-rep2-X/regulons_40.tsv
2390	DC	HLA-DPB1	0.5384615384615384	40	40	40	50	bd-rhap-rep1-X/regulons_40.tsv vs bd-rhap-rep2-X/regulons_40.tsv	bd-rhap-rep1-X/regulons_40.tsv	bd-rhap-rep2-X/regulons_40.tsv
2391	DC	HLA-DOA	0.45454545454545453	40	40	40	50	bd-rhap-rep1-X/regulons_40.tsv vs bd-rhap-rep2-X/regulons_40.tsv	bd-rhap-rep1-X/regulons_40.tsv	bd-rhap-rep2-X/regulons_40.tsv
2392	cd4+_tcells	RUNX1	0.23076923076923078	40	40	40	50	bd-rhap-rep1-X/regulons_40.tsv vs bd-rhap-rep2-X/regulons_40.tsv	bd-rhap-rep1-X/regulons_40.tsv	bd-rhap-rep2-X/regulons_40.tsv
2393	cd8+_tcells	SLAMF7	0.5686274509803921	40	40	40	50	bd-rhap-rep1-X/regulons_40.tsv vs bd-rhap-rep2-X/regulons_40.tsv	bd-rhap-rep1-X/regulons_40.tsv	bd-rhap-rep2-X/regulons_40.tsv
2394	nk_cells	DAB2	0.45454545454545453	40	40	40	50	bd-rhap-rep1-X/regulons_40.tsv vs bd-rhap-rep2-X/regulons_40.tsv	bd-rhap-rep1-X/regulons_40.tsv	bd-rhap-rep2-X/regulons_40.tsv
2395	b_cells	IRF8	0.48148148148148145	40	40	40	50	bd-rhap-rep1-X/regulons_40.tsv vs bd-rhap-rep2-X/regulons_40.tsv	bd-rhap-rep1-X/regulons_40.tsv	bd-rhap-rep2-X/regulons_40.tsv
2396	b_cells	CDC42SE2	0.2698412698412698	40	40	40	50	bd-rhap-rep1-X/regulons_40.tsv vs bd-rhap-rep2-X/regulons_40.tsv	bd-rhap-rep1-X/regulons_40.tsv	bd-rhap-rep2-X/regulons_40.tsv
2397	cd4+_tcells	MAX	0.3559322033898305	40	40	40	50	bd-rhap-rep1-X/regulons_40.tsv vs bd-rhap-rep2-X/regulons_40.tsv	bd-rhap-rep1-X/regulons_40.tsv	bd-rhap-rep2-X/regulons_40.tsv
2398	pDC	AFF3	0.6326530612244898	40	40	40	50	bd-rhap-rep1-X/regulons_40.tsv vs bd-rhap-rep2-X/regulons_40.tsv	bd-rhap-rep1-X/regulons_40.tsv	bd-rhap-rep2-X/regulons_40.tsv
2399	cd4+_tcells	THEM4	0.3793103448275862	40	40	40	50	bd-rhap-rep1-X/regulons_40.tsv vs bd-rhap-rep2-X/regulons_40.tsv	bd-rhap-rep1-X/regulons_40.tsv	bd-rhap-rep2-X/regulons_40.tsv
2400	b_cells	HLA-DRB1	0.5686274509803921	40	40	40	50	bd-rhap-rep1-X/regulons_40.tsv vs bd-rhap-rep2-X/regulons_40.tsv	bd-rhap-rep1-X/regulons_40.tsv	bd-rhap-rep2-X/regulons_40.tsv
2401	pDC	VOPP1	0.6326530612244898	40	40	40	50	bd-rhap-rep1-X/regulons_40.tsv vs bd-rhap-rep2-X/regulons_40.tsv	bd-rhap-rep1-X/regulons_40.tsv	bd-rhap-rep2-X/regulons_40.tsv
2402	pDC	ALCAM	0.5384615384615384	40	40	40	50	bd-rhap-rep1-X/regulons_40.tsv vs bd-rhap-rep2-X/regulons_40.tsv	bd-rhap-rep1-X/regulons_40.tsv	bd-rhap-rep2-X/regulons_40.tsv
2403	DC	HLA-DPA1	0.5686274509803921	40	40	40	50	bd-rhap-rep1-X/regulons_40.tsv vs bd-rhap-rep2-X/regulons_40.tsv	bd-rhap-rep1-X/regulons_40.tsv	bd-rhap-rep2-X/regulons_40.tsv
2404	cd8+_tcells	SLC38A1	0.7391304347826086	40	40	40	50	bd-rhap-rep1-X/regulons_40.tsv vs bd-rhap-rep2-X/regulons_40.tsv	bd-rhap-rep1-X/regulons_40.tsv	bd-rhap-rep2-X/regulons_40.tsv
2405	DC	FCN1	0.40350877192982454	40	40	40	50	bd-rhap-rep1-X/regulons_40.tsv vs bd-rhap-rep2-X/regulons_40.tsv	bd-rhap-rep1-X/regulons_40.tsv	bd-rhap-rep2-X/regulons_40.tsv
2406	cd4+_tcells	GPRIN3	0.5094339622641509	40	40	40	50	bd-rhap-rep1-X/regulons_40.tsv vs bd-rhap-rep2-X/regulons_40.tsv	bd-rhap-rep1-X/regulons_40.tsv	bd-rhap-rep2-X/regulons_40.tsv
2407	cd14+_monocytes	FCHSD2	0.5094339622641509	40	40	40	50	bd-rhap-rep1-X/regulons_40.tsv vs bd-rhap-rep2-X/regulons_40.tsv	bd-rhap-rep1-X/regulons_40.tsv	bd-rhap-rep2-X/regulons_40.tsv
2408	cd14-_monocytes	DOCK10	0.3114754098360656	40	40	40	50	bd-rhap-rep1-X/regulons_40.tsv vs bd-rhap-rep2-X/regulons_40.tsv	bd-rhap-rep1-X/regulons_40.tsv	bd-rhap-rep2-X/regulons_40.tsv
2409	pDC	UVRAG	0.6	40	40	40	50	bd-rhap-rep1-X/regulons_40.tsv vs bd-rhap-rep2-X/regulons_40.tsv	bd-rhap-rep1-X/regulons_40.tsv	bd-rhap-rep2-X/regulons_40.tsv
2410	cd14-_monocytes	CAMK1D	0.48148148148148145	40	40	40	50	bd-rhap-rep1-X/regulons_40.tsv vs bd-rhap-rep2-X/regulons_40.tsv	bd-rhap-rep1-X/regulons_40.tsv	bd-rhap-rep2-X/regulons_40.tsv
2411	pDC	PLD4	0.5686274509803921	40	40	40	50	bd-rhap-rep1-X/regulons_40.tsv vs bd-rhap-rep2-X/regulons_40.tsv	bd-rhap-rep1-X/regulons_40.tsv	bd-rhap-rep2-X/regulons_40.tsv
2412	nk_cells	CDC42SE2	0.6326530612244898	40	40	40	50	bd-rhap-rep1-X/regulons_40.tsv vs bd-rhap-rep2-X/regulons_40.tsv	bd-rhap-rep1-X/regulons_40.tsv	bd-rhap-rep2-X/regulons_40.tsv
2413	pDC	HLA-DOA	0.7021276595744681	40	40	40	50	bd-rhap-rep1-X/regulons_40.tsv vs bd-rhap-rep2-X/regulons_40.tsv	bd-rhap-rep1-X/regulons_40.tsv	bd-rhap-rep2-X/regulons_40.tsv
2414	pDC	HLA-DPB1	0.7777777777777778	40	40	40	50	bd-rhap-rep1-X/regulons_40.tsv vs bd-rhap-rep2-X/regulons_40.tsv	bd-rhap-rep1-X/regulons_40.tsv	bd-rhap-rep2-X/regulons_40.tsv
2415	cd14-_monocytes	PLBD1	0.42857142857142855	40	40	40	50	bd-rhap-rep1-X/regulons_40.tsv vs bd-rhap-rep2-X/regulons_40.tsv	bd-rhap-rep1-X/regulons_40.tsv	bd-rhap-rep2-X/regulons_40.tsv
2416	cd14-_monocytes	HLA-DQA1	0.42857142857142855	40	40	40	50	bd-rhap-rep1-X/regulons_40.tsv vs bd-rhap-rep2-X/regulons_40.tsv	bd-rhap-rep1-X/regulons_40.tsv	bd-rhap-rep2-X/regulons_40.tsv
2417	b_cells	VOPP1	0.5686274509803921	40	40	40	50	bd-rhap-rep1-X/regulons_40.tsv vs bd-rhap-rep2-X/regulons_40.tsv	bd-rhap-rep1-X/regulons_40.tsv	bd-rhap-rep2-X/regulons_40.tsv
2418	cd14-_monocytes	UBE2E2	0.3559322033898305	40	40	40	50	bd-rhap-rep1-X/regulons_40.tsv vs bd-rhap-rep2-X/regulons_40.tsv	bd-rhap-rep1-X/regulons_40.tsv	bd-rhap-rep2-X/regulons_40.tsv
2419	cd4+_tcells	TRERF1	0.3333333333333333	40	40	40	50	bd-rhap-rep1-X/regulons_40.tsv vs bd-rhap-rep2-X/regulons_40.tsv	bd-rhap-rep1-X/regulons_40.tsv	bd-rhap-rep2-X/regulons_40.tsv
2420	b_cells	ATM	0.48148148148148145	40	40	40	50	bd-rhap-rep1-X/regulons_40.tsv vs bd-rhap-rep2-X/regulons_40.tsv	bd-rhap-rep1-X/regulons_40.tsv	bd-rhap-rep2-X/regulons_40.tsv
2421	b_cells	HLA-DRA	0.5384615384615384	40	40	40	50	bd-rhap-rep1-X/regulons_40.tsv vs bd-rhap-rep2-X/regulons_40.tsv	bd-rhap-rep1-X/regulons_40.tsv	bd-rhap-rep2-X/regulons_40.tsv
2422	DC	HLA-DRB1	0.5094339622641509	40	40	40	50	bd-rhap-rep1-X/regulons_40.tsv vs bd-rhap-rep2-X/regulons_40.tsv	bd-rhap-rep1-X/regulons_40.tsv	bd-rhap-rep2-X/regulons_40.tsv
2423	nk_cells	EPB41	0.6326530612244898	40	40	40	50	bd-rhap-rep1-X/regulons_40.tsv vs bd-rhap-rep2-X/regulons_40.tsv	bd-rhap-rep1-X/regulons_40.tsv	bd-rhap-rep2-X/regulons_40.tsv
2424	cd14-_monocytes	NRGN	0.5094339622641509	40	40	40	50	bd-rhap-rep1-X/regulons_40.tsv vs bd-rhap-rep2-X/regulons_40.tsv	bd-rhap-rep1-X/regulons_40.tsv	bd-rhap-rep2-X/regulons_40.tsv
2425	pDC	MCL1	0.5094339622641509	40	40	40	50	bd-rhap-rep1-X/regulons_40.tsv vs bd-rhap-rep2-X/regulons_40.tsv	bd-rhap-rep1-X/regulons_40.tsv	bd-rhap-rep2-X/regulons_40.tsv
2426	cd4+_tcells	TCF12	0.1	40	15	40	50	bd-rhap-rep1-X/regulons_40.tsv vs bd-rhap-rep2-X/regulons_40.tsv	bd-rhap-rep1-X/regulons_40.tsv	bd-rhap-rep2-X/regulons_40.tsv
2427	cd8+_tcells	PHACTR2	0.48148148148148145	40	40	40	50	bd-rhap-rep1-X/regulons_40.tsv vs bd-rhap-rep2-X/regulons_40.tsv	bd-rhap-rep1-X/regulons_40.tsv	bd-rhap-rep2-X/regulons_40.tsv
2428	cd4+_tcells	TAGLN2	0.42857142857142855	40	40	40	50	bd-rhap-rep1-X/regulons_40.tsv vs bd-rhap-rep2-X/regulons_40.tsv	bd-rhap-rep1-X/regulons_40.tsv	bd-rhap-rep2-X/regulons_40.tsv
2429	cd14+_monocytes	VOPP1	0.3114754098360656	40	40	40	50	bd-rhap-rep1-X/regulons_40.tsv vs bd-rhap-rep2-X/regulons_40.tsv	bd-rhap-rep1-X/regulons_40.tsv	bd-rhap-rep2-X/regulons_40.tsv
2430	cd8+_tcells	NIBAN1	0.7391304347826086	40	40	40	50	bd-rhap-rep1-X/regulons_40.tsv vs bd-rhap-rep2-X/regulons_40.tsv	bd-rhap-rep1-X/regulons_40.tsv	bd-rhap-rep2-X/regulons_40.tsv
2431	pDC	HLA-DPA1	0.8604651162790697	40	40	40	50	bd-rhap-rep1-X/regulons_40.tsv vs bd-rhap-rep2-X/regulons_40.tsv	bd-rhap-rep1-X/regulons_40.tsv	bd-rhap-rep2-X/regulons_40.tsv
2432	cd4+_tcells	ID2	0.3114754098360656	40	40	40	50	bd-rhap-rep1-X/regulons_40.tsv vs bd-rhap-rep2-X/regulons_40.tsv	bd-rhap-rep1-X/regulons_40.tsv	bd-rhap-rep2-X/regulons_40.tsv
2433	cd14+_monocytes	TNRC6B	0.40350877192982454	40	40	40	50	bd-rhap-rep1-X/regulons_40.tsv vs bd-rhap-rep2-X/regulons_40.tsv	bd-rhap-rep1-X/regulons_40.tsv	bd-rhap-rep2-X/regulons_40.tsv
2434	cd14-_monocytes	MNDA	0.42857142857142855	40	40	40	50	bd-rhap-rep1-X/regulons_40.tsv vs bd-rhap-rep2-X/regulons_40.tsv	bd-rhap-rep1-X/regulons_40.tsv	bd-rhap-rep2-X/regulons_40.tsv
2435	DC	CD1C	0.42857142857142855	40	40	40	50	bd-rhap-rep1-X/regulons_40.tsv vs bd-rhap-rep2-X/regulons_40.tsv	bd-rhap-rep1-X/regulons_40.tsv	bd-rhap-rep2-X/regulons_40.tsv
2436	b_cells	OFD1	0.45454545454545453	40	40	40	50	bd-rhap-rep1-X/regulons_40.tsv vs bd-rhap-rep2-X/regulons_40.tsv	bd-rhap-rep1-X/regulons_40.tsv	bd-rhap-rep2-X/regulons_40.tsv
2437	DC	HLA-DRA	0.6	40	40	40	50	bd-rhap-rep1-X/regulons_40.tsv vs bd-rhap-rep2-X/regulons_40.tsv	bd-rhap-rep1-X/regulons_40.tsv	bd-rhap-rep2-X/regulons_40.tsv
2438	cd4+_tcells	ARL4C	0.5686274509803921	40	40	40	50	bd-rhap-rep1-X/regulons_40.tsv vs bd-rhap-rep2-X/regulons_40.tsv	bd-rhap-rep1-X/regulons_40.tsv	bd-rhap-rep2-X/regulons_40.tsv
2439	cd14-_monocytes	S100A8	0.45454545454545453	40	40	40	50	bd-rhap-rep1-X/regulons_40.tsv vs bd-rhap-rep2-X/regulons_40.tsv	bd-rhap-rep1-X/regulons_40.tsv	bd-rhap-rep2-X/regulons_40.tsv
2440	cd8+_tcells	ARL4C	0.5384615384615384	40	40	40	50	bd-rhap-rep1-X/regulons_40.tsv vs bd-rhap-rep2-X/regulons_40.tsv	bd-rhap-rep1-X/regulons_40.tsv	bd-rhap-rep2-X/regulons_40.tsv
2441	b_cells	TAGLN2	0.5094339622641509	40	40	40	50	bd-rhap-rep1-X/regulons_40.tsv vs bd-rhap-rep2-X/regulons_40.tsv	bd-rhap-rep1-X/regulons_40.tsv	bd-rhap-rep2-X/regulons_40.tsv
2442	nk_cells	GPRIN3	0.5384615384615384	40	40	40	50	bd-rhap-rep1-X/regulons_40.tsv vs bd-rhap-rep2-X/regulons_40.tsv	bd-rhap-rep1-X/regulons_40.tsv	bd-rhap-rep2-X/regulons_40.tsv
2443	b_cells	CXCR4	0.3333333333333333	40	40	40	50	bd-rhap-rep1-X/regulons_40.tsv vs bd-rhap-rep2-X/regulons_40.tsv	bd-rhap-rep1-X/regulons_40.tsv	bd-rhap-rep2-X/regulons_40.tsv
2444	nk_cells	OFD1	0.5094339622641509	40	40	40	50	bd-rhap-rep1-X/regulons_40.tsv vs bd-rhap-rep2-X/regulons_40.tsv	bd-rhap-rep1-X/regulons_40.tsv	bd-rhap-rep2-X/regulons_40.tsv
2445	cd14-_monocytes	PACS1	0.40350877192982454	40	40	40	50	bd-rhap-rep1-X/regulons_40.tsv vs bd-rhap-rep2-X/regulons_40.tsv	bd-rhap-rep1-X/regulons_40.tsv	bd-rhap-rep2-X/regulons_40.tsv
2446	DC	MCL1	0.3333333333333333	40	40	40	50	bd-rhap-rep1-X/regulons_40.tsv vs bd-rhap-rep2-X/regulons_40.tsv	bd-rhap-rep1-X/regulons_40.tsv	bd-rhap-rep2-X/regulons_40.tsv
2447	b_cells	PALM2AKAP2	0.6	40	40	40	50	bd-rhap-rep1-X/regulons_40.tsv vs bd-rhap-rep2-X/regulons_40.tsv	bd-rhap-rep1-X/regulons_40.tsv	bd-rhap-rep2-X/regulons_40.tsv
2448	cd14+_monocytes	ARHGAP15	0.48148148148148145	40	40	40	50	bd-rhap-rep1-X/regulons_40.tsv vs bd-rhap-rep2-X/regulons_40.tsv	bd-rhap-rep1-X/regulons_40.tsv	bd-rhap-rep2-X/regulons_40.tsv
2449	cd4+_tcells	IL2RG	0.7391304347826086	40	40	40	50	bd-rhap-rep1-X/regulons_40.tsv vs bd-rhap-rep2-X/regulons_40.tsv	bd-rhap-rep1-X/regulons_40.tsv	bd-rhap-rep2-X/regulons_40.tsv
2450	cd14+_monocytes	GCC2	0.14285714285714285	40	40	40	50	bd-rhap-rep1-X/regulons_40.tsv vs bd-rhap-rep2-X/regulons_40.tsv	bd-rhap-rep1-X/regulons_40.tsv	bd-rhap-rep2-X/regulons_40.tsv
2451	pDC	PPP1R14B	0.6	40	40	40	50	bd-rhap-rep1-X/regulons_40.tsv vs bd-rhap-rep2-X/regulons_40.tsv	bd-rhap-rep1-X/regulons_40.tsv	bd-rhap-rep2-X/regulons_40.tsv
2452	cd14-_monocytes	CMAHP--chr6:25061611(-)	0.48148148148148145	40	40	40	50	bd-rhap-rep1-X/regulons_40.tsv vs bd-rhap-rep2-X/regulons_40.tsv	bd-rhap-rep1-X/regulons_40.tsv	bd-rhap-rep2-X/regulons_40.tsv
2453	cd8+_tcells	IL2RG	0.6666666666666666	40	40	40	50	bd-rhap-rep1-X/regulons_40.tsv vs bd-rhap-rep2-X/regulons_40.tsv	bd-rhap-rep1-X/regulons_40.tsv	bd-rhap-rep2-X/regulons_40.tsv
2454	DC	CSF3R	0.42857142857142855	40	40	40	50	bd-rhap-rep1-X/regulons_40.tsv vs bd-rhap-rep2-X/regulons_40.tsv	bd-rhap-rep1-X/regulons_40.tsv	bd-rhap-rep2-X/regulons_40.tsv
2455	pDC	CMIP	0.3114754098360656	40	40	40	50	bd-rhap-rep1-X/regulons_40.tsv vs bd-rhap-rep2-X/regulons_40.tsv	bd-rhap-rep1-X/regulons_40.tsv	bd-rhap-rep2-X/regulons_40.tsv
2456	cd14+_monocytes	NR4A1	0.45454545454545453	40	40	40	50	bd-rhap-rep1-X/regulons_40.tsv vs bd-rhap-rep2-X/regulons_40.tsv	bd-rhap-rep1-X/regulons_40.tsv	bd-rhap-rep2-X/regulons_40.tsv
2457	cd14-_monocytes	RUFY1	0.15942028985507245	40	40	40	50	bd-rhap-rep1-X/regulons_40.tsv vs bd-rhap-rep2-X/regulons_40.tsv	bd-rhap-rep1-X/regulons_40.tsv	bd-rhap-rep2-X/regulons_40.tsv
2458	nk_cells	TAGLN2	0.42857142857142855	40	40	40	50	bd-rhap-rep1-X/regulons_40.tsv vs bd-rhap-rep2-X/regulons_40.tsv	bd-rhap-rep1-X/regulons_40.tsv	bd-rhap-rep2-X/regulons_40.tsv
2459	cd4+_tcells	SLC38A1	0.5686274509803921	40	40	40	50	bd-rhap-rep1-X/regulons_40.tsv vs bd-rhap-rep2-X/regulons_40.tsv	bd-rhap-rep1-X/regulons_40.tsv	bd-rhap-rep2-X/regulons_40.tsv
2460	cd14-_monocytes	VCAN	0.45454545454545453	40	40	40	50	bd-rhap-rep1-X/regulons_40.tsv vs bd-rhap-rep2-X/regulons_40.tsv	bd-rhap-rep1-X/regulons_40.tsv	bd-rhap-rep2-X/regulons_40.tsv
2461	cd8+_tcells	H4C3	0.40350877192982454	40	40	40	50	bd-rhap-rep1-X/regulons_40.tsv vs bd-rhap-rep2-X/regulons_40.tsv	bd-rhap-rep1-X/regulons_40.tsv	bd-rhap-rep2-X/regulons_40.tsv
2462	DC	ID2	0.45454545454545453	40	40	40	50	bd-rhap-rep1-X/regulons_40.tsv vs bd-rhap-rep2-X/regulons_40.tsv	bd-rhap-rep1-X/regulons_40.tsv	bd-rhap-rep2-X/regulons_40.tsv
2463	cd14-_monocytes	EVL	0.5384615384615384	40	40	40	50	bd-rhap-rep1-X/regulons_40.tsv vs bd-rhap-rep2-X/regulons_40.tsv	bd-rhap-rep1-X/regulons_40.tsv	bd-rhap-rep2-X/regulons_40.tsv
2464	cd14-_monocytes	SESN3	0.45454545454545453	40	40	40	50	bd-rhap-rep1-X/regulons_40.tsv vs bd-rhap-rep2-X/regulons_40.tsv	bd-rhap-rep1-X/regulons_40.tsv	bd-rhap-rep2-X/regulons_40.tsv
2465	b_cells	ELMO1	0.48148148148148145	40	40	40	50	bd-rhap-rep1-X/regulons_40.tsv vs bd-rhap-rep2-X/regulons_40.tsv	bd-rhap-rep1-X/regulons_40.tsv	bd-rhap-rep2-X/regulons_40.tsv
2466	pDC	SPN	0.45454545454545453	40	40	40	50	bd-rhap-rep1-X/regulons_40.tsv vs bd-rhap-rep2-X/regulons_40.tsv	bd-rhap-rep1-X/regulons_40.tsv	bd-rhap-rep2-X/regulons_40.tsv
2467	nk_cells	ARL4C	0.5686274509803921	40	40	40	50	bd-rhap-rep1-X/regulons_40.tsv vs bd-rhap-rep2-X/regulons_40.tsv	bd-rhap-rep1-X/regulons_40.tsv	bd-rhap-rep2-X/regulons_40.tsv
2468	nk_cells	IFITM2	0.5094339622641509	40	40	40	50	bd-rhap-rep1-X/regulons_40.tsv vs bd-rhap-rep2-X/regulons_40.tsv	bd-rhap-rep1-X/regulons_40.tsv	bd-rhap-rep2-X/regulons_40.tsv
2469	cd4+_tcells	PHACTR2	0.40350877192982454	40	40	40	50	bd-rhap-rep1-X/regulons_40.tsv vs bd-rhap-rep2-X/regulons_40.tsv	bd-rhap-rep1-X/regulons_40.tsv	bd-rhap-rep2-X/regulons_40.tsv
2470	pDC	FLT3	0.5686274509803921	40	40	40	50	bd-rhap-rep1-X/regulons_40.tsv vs bd-rhap-rep2-X/regulons_40.tsv	bd-rhap-rep1-X/regulons_40.tsv	bd-rhap-rep2-X/regulons_40.tsv
2471	b_cells	HDAC9	0.45454545454545453	40	40	40	50	bd-rhap-rep1-X/regulons_40.tsv vs bd-rhap-rep2-X/regulons_40.tsv	bd-rhap-rep1-X/regulons_40.tsv	bd-rhap-rep2-X/regulons_40.tsv
2472	cd4+_tcells	NIBAN1	0.10869565217391304	40	11	40	50	bd-rhap-rep1-X/regulons_40.tsv vs bd-rhap-rep2-X/regulons_40.tsv	bd-rhap-rep1-X/regulons_40.tsv	bd-rhap-rep2-X/regulons_40.tsv
2473	cd14-_monocytes	VOPP1	0.45454545454545453	40	40	40	50	bd-rhap-rep1-X/regulons_40.tsv vs bd-rhap-rep2-X/regulons_40.tsv	bd-rhap-rep1-X/regulons_40.tsv	bd-rhap-rep2-X/regulons_40.tsv
2474	cd8+_tcells	DOCK10	0.40350877192982454	40	40	40	50	bd-rhap-rep1-X/regulons_40.tsv vs bd-rhap-rep2-X/regulons_40.tsv	bd-rhap-rep1-X/regulons_40.tsv	bd-rhap-rep2-X/regulons_40.tsv
2475	cd8+_tcells	CD2	0.6666666666666666	40	40	40	50	bd-rhap-rep1-X/regulons_40.tsv vs bd-rhap-rep2-X/regulons_40.tsv	bd-rhap-rep1-X/regulons_40.tsv	bd-rhap-rep2-X/regulons_40.tsv
2476	b_cells	SLC38A1	0.6	40	40	40	50	bd-rhap-rep1-X/regulons_40.tsv vs bd-rhap-rep2-X/regulons_40.tsv	bd-rhap-rep1-X/regulons_40.tsv	bd-rhap-rep2-X/regulons_40.tsv
2477	nk_cells	EVL	0.5384615384615384	40	40	40	50	bd-rhap-rep1-X/regulons_40.tsv vs bd-rhap-rep2-X/regulons_40.tsv	bd-rhap-rep1-X/regulons_40.tsv	bd-rhap-rep2-X/regulons_40.tsv
2478	b_cells	FCGR2B	0.45454545454545453	40	40	40	50	bd-rhap-rep1-X/regulons_40.tsv vs bd-rhap-rep2-X/regulons_40.tsv	bd-rhap-rep1-X/regulons_40.tsv	bd-rhap-rep2-X/regulons_40.tsv
2479	cd14+_monocytes	HDAC9	0.48148148148148145	40	40	40	50	bd-rhap-rep1-X/regulons_40.tsv vs bd-rhap-rep2-X/regulons_40.tsv	bd-rhap-rep1-X/regulons_40.tsv	bd-rhap-rep2-X/regulons_40.tsv
2480	pDC	TAGLN2	0.48148148148148145	40	40	40	50	bd-rhap-rep1-X/regulons_40.tsv vs bd-rhap-rep2-X/regulons_40.tsv	bd-rhap-rep1-X/regulons_40.tsv	bd-rhap-rep2-X/regulons_40.tsv
2481	nk_cells	IL2RG	0.7391304347826086	40	40	40	50	bd-rhap-rep1-X/regulons_40.tsv vs bd-rhap-rep2-X/regulons_40.tsv	bd-rhap-rep1-X/regulons_40.tsv	bd-rhap-rep2-X/regulons_40.tsv
2482	cd14-_monocytes	UVRAG	0.45454545454545453	40	40	40	50	bd-rhap-rep1-X/regulons_40.tsv vs bd-rhap-rep2-X/regulons_40.tsv	bd-rhap-rep1-X/regulons_40.tsv	bd-rhap-rep2-X/regulons_40.tsv
2483	cd14-_monocytes	PLD4	0.45454545454545453	40	40	40	50	bd-rhap-rep1-X/regulons_40.tsv vs bd-rhap-rep2-X/regulons_40.tsv	bd-rhap-rep1-X/regulons_40.tsv	bd-rhap-rep2-X/regulons_40.tsv
2484	cd14-_monocytes	HLA-DPB1	0.40350877192982454	40	40	40	50	bd-rhap-rep1-X/regulons_40.tsv vs bd-rhap-rep2-X/regulons_40.tsv	bd-rhap-rep1-X/regulons_40.tsv	bd-rhap-rep2-X/regulons_40.tsv
2485	nk_cells	SLC38A1	0.6666666666666666	40	40	40	50	bd-rhap-rep1-X/regulons_40.tsv vs bd-rhap-rep2-X/regulons_40.tsv	bd-rhap-rep1-X/regulons_40.tsv	bd-rhap-rep2-X/regulons_40.tsv
2486	cd14+_monocytes	CCNH	0.23076923076923078	40	40	40	50	bd-rhap-rep1-X/regulons_40.tsv vs bd-rhap-rep2-X/regulons_40.tsv	bd-rhap-rep1-X/regulons_40.tsv	bd-rhap-rep2-X/regulons_40.tsv
2487	DC	SLC38A1	0.45454545454545453	40	40	40	50	bd-rhap-rep1-X/regulons_40.tsv vs bd-rhap-rep2-X/regulons_40.tsv	bd-rhap-rep1-X/regulons_40.tsv	bd-rhap-rep2-X/regulons_40.tsv
2488	cd8+_tcells	TLK1	0.5686274509803921	40	40	40	50	bd-rhap-rep1-X/regulons_40.tsv vs bd-rhap-rep2-X/regulons_40.tsv	bd-rhap-rep1-X/regulons_40.tsv	bd-rhap-rep2-X/regulons_40.tsv
2489	nk_cells	H4C3	0.42857142857142855	40	40	40	50	bd-rhap-rep1-X/regulons_40.tsv vs bd-rhap-rep2-X/regulons_40.tsv	bd-rhap-rep1-X/regulons_40.tsv	bd-rhap-rep2-X/regulons_40.tsv
2490	cd14-_monocytes	CSF3R	0.48148148148148145	40	40	40	50	bd-rhap-rep1-X/regulons_40.tsv vs bd-rhap-rep2-X/regulons_40.tsv	bd-rhap-rep1-X/regulons_40.tsv	bd-rhap-rep2-X/regulons_40.tsv
2491	pDC	IFITM2	0.45454545454545453	40	40	40	50	bd-rhap-rep1-X/regulons_40.tsv vs bd-rhap-rep2-X/regulons_40.tsv	bd-rhap-rep1-X/regulons_40.tsv	bd-rhap-rep2-X/regulons_40.tsv
2492	pDC	ARL4C	0.5384615384615384	40	40	40	50	bd-rhap-rep1-X/regulons_40.tsv vs bd-rhap-rep2-X/regulons_40.tsv	bd-rhap-rep1-X/regulons_40.tsv	bd-rhap-rep2-X/regulons_40.tsv
2493	cd14+_monocytes	RUNX3	0.48148148148148145	40	40	40	50	bd-rhap-rep1-X/regulons_40.tsv vs bd-rhap-rep2-X/regulons_40.tsv	bd-rhap-rep1-X/regulons_40.tsv	bd-rhap-rep2-X/regulons_40.tsv
2494	cd14-_monocytes	HLA-DPA1	0.48148148148148145	40	40	40	50	bd-rhap-rep1-X/regulons_40.tsv vs bd-rhap-rep2-X/regulons_40.tsv	bd-rhap-rep1-X/regulons_40.tsv	bd-rhap-rep2-X/regulons_40.tsv
2495	pDC	HLA-DQB1	0.5094339622641509	40	40	40	50	bd-rhap-rep1-X/regulons_40.tsv vs bd-rhap-rep2-X/regulons_40.tsv	bd-rhap-rep1-X/regulons_40.tsv	bd-rhap-rep2-X/regulons_40.tsv
2496	b_cells	HLA-DQA1	0.5384615384615384	40	40	40	50	bd-rhap-rep1-X/regulons_40.tsv vs bd-rhap-rep2-X/regulons_40.tsv	bd-rhap-rep1-X/regulons_40.tsv	bd-rhap-rep2-X/regulons_40.tsv
2497	cd8+_tcells	HLA-DPB1	0.5094339622641509	40	40	40	50	bd-rhap-rep1-X/regulons_40.tsv vs bd-rhap-rep2-X/regulons_40.tsv	bd-rhap-rep1-X/regulons_40.tsv	bd-rhap-rep2-X/regulons_40.tsv
2498	cd14+_monocytes	PHACTR2	0.42857142857142855	40	40	40	50	bd-rhap-rep1-X/regulons_40.tsv vs bd-rhap-rep2-X/regulons_40.tsv	bd-rhap-rep1-X/regulons_40.tsv	bd-rhap-rep2-X/regulons_40.tsv
2499	cd14+_monocytes	MAML3	0.3793103448275862	40	40	40	50	bd-rhap-rep1-X/regulons_40.tsv vs bd-rhap-rep2-X/regulons_40.tsv	bd-rhap-rep1-X/regulons_40.tsv	bd-rhap-rep2-X/regulons_40.tsv
2500	b_cells	IFITM2	0.3793103448275862	40	40	40	50	bd-rhap-rep1-X/regulons_40.tsv vs bd-rhap-rep2-X/regulons_40.tsv	bd-rhap-rep1-X/regulons_40.tsv	bd-rhap-rep2-X/regulons_40.tsv
2501	b_cells	BCL11A	0.6326530612244898	40	40	40	50	bd-rhap-rep1-X/regulons_40.tsv vs bd-rhap-rep2-X/regulons_40.tsv	bd-rhap-rep1-X/regulons_40.tsv	bd-rhap-rep2-X/regulons_40.tsv
2502	cd14+_monocytes	LCORL	0.3333333333333333	40	40	40	50	bd-rhap-rep1-X/regulons_40.tsv vs bd-rhap-rep2-X/regulons_40.tsv	bd-rhap-rep1-X/regulons_40.tsv	bd-rhap-rep2-X/regulons_40.tsv
2503	b_cells	HLA-DQB1	0.48148148148148145	40	40	40	50	bd-rhap-rep1-X/regulons_40.tsv vs bd-rhap-rep2-X/regulons_40.tsv	bd-rhap-rep1-X/regulons_40.tsv	bd-rhap-rep2-X/regulons_40.tsv
2504	pDC	HDAC9	0.6	40	40	40	50	bd-rhap-rep1-X/regulons_40.tsv vs bd-rhap-rep2-X/regulons_40.tsv	bd-rhap-rep1-X/regulons_40.tsv	bd-rhap-rep2-X/regulons_40.tsv
2505	cd4+_tcells	H4C3	0.5384615384615384	40	40	40	50	bd-rhap-rep1-X/regulons_40.tsv vs bd-rhap-rep2-X/regulons_40.tsv	bd-rhap-rep1-X/regulons_40.tsv	bd-rhap-rep2-X/regulons_40.tsv
2506	cd8+_tcells	HLA-DPA1	0.40350877192982454	40	40	40	50	bd-rhap-rep1-X/regulons_40.tsv vs bd-rhap-rep2-X/regulons_40.tsv	bd-rhap-rep1-X/regulons_40.tsv	bd-rhap-rep2-X/regulons_40.tsv
2507	nk_cells	TPM4	0.2903225806451613	40	40	40	50	bd-rhap-rep1-X/regulons_40.tsv vs bd-rhap-rep2-X/regulons_40.tsv	bd-rhap-rep1-X/regulons_40.tsv	bd-rhap-rep2-X/regulons_40.tsv
2508	DC	HLA-DQA1	0.48148148148148145	40	40	40	50	bd-rhap-rep1-X/regulons_40.tsv vs bd-rhap-rep2-X/regulons_40.tsv	bd-rhap-rep1-X/regulons_40.tsv	bd-rhap-rep2-X/regulons_40.tsv
2509	cd14-_monocytes	LDLRAD4	0.19402985074626866	40	40	40	50	bd-rhap-rep1-X/regulons_40.tsv vs bd-rhap-rep2-X/regulons_40.tsv	bd-rhap-rep1-X/regulons_40.tsv	bd-rhap-rep2-X/regulons_40.tsv
2510	cd8+_tcells	ANKRD44	0.5384615384615384	40	40	40	50	bd-rhap-rep1-X/regulons_40.tsv vs bd-rhap-rep2-X/regulons_40.tsv	bd-rhap-rep1-X/regulons_40.tsv	bd-rhap-rep2-X/regulons_40.tsv
2511	b_cells	TCF4	0.5384615384615384	40	40	40	50	bd-rhap-rep1-X/regulons_40.tsv vs bd-rhap-rep2-X/regulons_40.tsv	bd-rhap-rep1-X/regulons_40.tsv	bd-rhap-rep2-X/regulons_40.tsv
2512	cd14+_monocytes	EXOC4	0.3793103448275862	40	40	40	50	bd-rhap-rep1-X/regulons_40.tsv vs bd-rhap-rep2-X/regulons_40.tsv	bd-rhap-rep1-X/regulons_40.tsv	bd-rhap-rep2-X/regulons_40.tsv
2513	pDC	SLC38A1	0.7021276595744681	40	40	40	50	bd-rhap-rep1-X/regulons_40.tsv vs bd-rhap-rep2-X/regulons_40.tsv	bd-rhap-rep1-X/regulons_40.tsv	bd-rhap-rep2-X/regulons_40.tsv
2514	pDC	GPR183	0.48148148148148145	40	40	40	50	bd-rhap-rep1-X/regulons_40.tsv vs bd-rhap-rep2-X/regulons_40.tsv	bd-rhap-rep1-X/regulons_40.tsv	bd-rhap-rep2-X/regulons_40.tsv
2515	cd14-_monocytes	SLAMF7	0.48148148148148145	40	40	40	50	bd-rhap-rep1-X/regulons_40.tsv vs bd-rhap-rep2-X/regulons_40.tsv	bd-rhap-rep1-X/regulons_40.tsv	bd-rhap-rep2-X/regulons_40.tsv
2516	cd8+_tcells	RABGAP1L	0.5686274509803921	40	40	40	50	bd-rhap-rep1-X/regulons_40.tsv vs bd-rhap-rep2-X/regulons_40.tsv	bd-rhap-rep1-X/regulons_40.tsv	bd-rhap-rep2-X/regulons_40.tsv
2517	DC	ARL4C	0.5094339622641509	40	40	40	50	bd-rhap-rep1-X/regulons_40.tsv vs bd-rhap-rep2-X/regulons_40.tsv	bd-rhap-rep1-X/regulons_40.tsv	bd-rhap-rep2-X/regulons_40.tsv
2518	DC	IFITM2	0.40350877192982454	40	40	40	50	bd-rhap-rep1-X/regulons_40.tsv vs bd-rhap-rep2-X/regulons_40.tsv	bd-rhap-rep1-X/regulons_40.tsv	bd-rhap-rep2-X/regulons_40.tsv
2519	cd8+_tcells	CDC42SE2	0.6666666666666666	40	40	40	50	bd-rhap-rep1-X/regulons_40.tsv vs bd-rhap-rep2-X/regulons_40.tsv	bd-rhap-rep1-X/regulons_40.tsv	bd-rhap-rep2-X/regulons_40.tsv
2520	cd4+_tcells	DOCK10	0.5384615384615384	40	40	40	50	bd-rhap-rep1-X/regulons_40.tsv vs bd-rhap-rep2-X/regulons_40.tsv	bd-rhap-rep1-X/regulons_40.tsv	bd-rhap-rep2-X/regulons_40.tsv
2521	cd4+_tcells	CD2	0.6	40	40	40	50	bd-rhap-rep1-X/regulons_40.tsv vs bd-rhap-rep2-X/regulons_40.tsv	bd-rhap-rep1-X/regulons_40.tsv	bd-rhap-rep2-X/regulons_40.tsv
2522	DC	HLA-DQB1	0.5384615384615384	40	40	40	50	bd-rhap-rep1-X/regulons_40.tsv vs bd-rhap-rep2-X/regulons_40.tsv	bd-rhap-rep1-X/regulons_40.tsv	bd-rhap-rep2-X/regulons_40.tsv
2523	pDC	HIP1	0.6666666666666666	40	40	40	50	bd-rhap-rep1-X/regulons_40.tsv vs bd-rhap-rep2-X/regulons_40.tsv	bd-rhap-rep1-X/regulons_40.tsv	bd-rhap-rep2-X/regulons_40.tsv
2524	cd14+_monocytes	FRMD4B	0.42857142857142855	40	40	40	50	bd-rhap-rep1-X/regulons_40.tsv vs bd-rhap-rep2-X/regulons_40.tsv	bd-rhap-rep1-X/regulons_40.tsv	bd-rhap-rep2-X/regulons_40.tsv
2525	cd4+_tcells	SELL	0.40350877192982454	40	40	40	50	bd-rhap-rep1-X/regulons_40.tsv vs bd-rhap-rep2-X/regulons_40.tsv	bd-rhap-rep1-X/regulons_40.tsv	bd-rhap-rep2-X/regulons_40.tsv
2526	DC	MNDA	0.40350877192982454	40	40	40	50	bd-rhap-rep1-X/regulons_40.tsv vs bd-rhap-rep2-X/regulons_40.tsv	bd-rhap-rep1-X/regulons_40.tsv	bd-rhap-rep2-X/regulons_40.tsv
2527	b_cells	CCDC50	0.42857142857142855	40	40	40	50	bd-rhap-rep1-X/regulons_40.tsv vs bd-rhap-rep2-X/regulons_40.tsv	bd-rhap-rep1-X/regulons_40.tsv	bd-rhap-rep2-X/regulons_40.tsv
2528	b_cells	H4C3	0.48148148148148145	40	40	40	50	bd-rhap-rep1-X/regulons_40.tsv vs bd-rhap-rep2-X/regulons_40.tsv	bd-rhap-rep1-X/regulons_40.tsv	bd-rhap-rep2-X/regulons_40.tsv
2529	cd8+_tcells	AOAH	0.2698412698412698	40	40	40	50	bd-rhap-rep1-X/regulons_40.tsv vs bd-rhap-rep2-X/regulons_40.tsv	bd-rhap-rep1-X/regulons_40.tsv	bd-rhap-rep2-X/regulons_40.tsv
2530	cd14+_monocytes	ACTN1	0.2903225806451613	40	40	40	50	bd-rhap-rep1-X/regulons_40.tsv vs bd-rhap-rep2-X/regulons_40.tsv	bd-rhap-rep1-X/regulons_40.tsv	bd-rhap-rep2-X/regulons_40.tsv
2531	pDC	SELL	0.6666666666666666	40	40	40	50	bd-rhap-rep1-X/regulons_40.tsv vs bd-rhap-rep2-X/regulons_40.tsv	bd-rhap-rep1-X/regulons_40.tsv	bd-rhap-rep2-X/regulons_40.tsv
2532	pDC	FCER1A	0.3559322033898305	40	40	40	50	bd-rhap-rep1-X/regulons_40.tsv vs bd-rhap-rep2-X/regulons_40.tsv	bd-rhap-rep1-X/regulons_40.tsv	bd-rhap-rep2-X/regulons_40.tsv
2533	cd4+_tcells	VOPP1	0.6	40	40	40	50	bd-rhap-rep1-X/regulons_40.tsv vs bd-rhap-rep2-X/regulons_40.tsv	bd-rhap-rep1-X/regulons_40.tsv	bd-rhap-rep2-X/regulons_40.tsv
2534	pDC	HLA-DQA1	0.6666666666666666	40	40	40	50	bd-rhap-rep1-X/regulons_40.tsv vs bd-rhap-rep2-X/regulons_40.tsv	bd-rhap-rep1-X/regulons_40.tsv	bd-rhap-rep2-X/regulons_40.tsv
2535	cd14+_monocytes	MAN1A1	0.3114754098360656	40	40	40	50	bd-rhap-rep1-X/regulons_40.tsv vs bd-rhap-rep2-X/regulons_40.tsv	bd-rhap-rep1-X/regulons_40.tsv	bd-rhap-rep2-X/regulons_40.tsv
2536	cd8+_tcells	VOPP1	0.48148148148148145	40	40	40	50	bd-rhap-rep1-X/regulons_40.tsv vs bd-rhap-rep2-X/regulons_40.tsv	bd-rhap-rep1-X/regulons_40.tsv	bd-rhap-rep2-X/regulons_40.tsv
2537	nk_cells	VAV3	0.45454545454545453	40	40	40	50	bd-rhap-rep1-X/regulons_40.tsv vs bd-rhap-rep2-X/regulons_40.tsv	bd-rhap-rep1-X/regulons_40.tsv	bd-rhap-rep2-X/regulons_40.tsv
2538	cd4+_tcells	TLK1	0.40350877192982454	40	40	40	50	bd-rhap-rep1-X/regulons_40.tsv vs bd-rhap-rep2-X/regulons_40.tsv	bd-rhap-rep1-X/regulons_40.tsv	bd-rhap-rep2-X/regulons_40.tsv
2539	DC	RGS18	0.0958904109589041	40	40	40	50	bd-rhap-rep1-X/regulons_40.tsv vs bd-rhap-rep2-X/regulons_40.tsv	bd-rhap-rep1-X/regulons_40.tsv	bd-rhap-rep2-X/regulons_40.tsv
2540	b_cells	DOCK10	0.45454545454545453	40	40	40	50	bd-rhap-rep1-X/regulons_40.tsv vs bd-rhap-rep2-X/regulons_40.tsv	bd-rhap-rep1-X/regulons_40.tsv	bd-rhap-rep2-X/regulons_40.tsv
2541	nk_cells	ANKRD44	0.6	40	40	40	50	bd-rhap-rep1-X/regulons_40.tsv vs bd-rhap-rep2-X/regulons_40.tsv	bd-rhap-rep1-X/regulons_40.tsv	bd-rhap-rep2-X/regulons_40.tsv
2542	b_cells	SELL	0.45454545454545453	40	40	40	50	bd-rhap-rep1-X/regulons_40.tsv vs bd-rhap-rep2-X/regulons_40.tsv	bd-rhap-rep1-X/regulons_40.tsv	bd-rhap-rep2-X/regulons_40.tsv
2543	cd8+_tcells	NFATC2	0.40350877192982454	40	40	40	50	bd-rhap-rep1-X/regulons_40.tsv vs bd-rhap-rep2-X/regulons_40.tsv	bd-rhap-rep1-X/regulons_40.tsv	bd-rhap-rep2-X/regulons_40.tsv
2544	b_cells	ADAM28	0.5686274509803921	40	40	40	50	bd-rhap-rep1-X/regulons_40.tsv vs bd-rhap-rep2-X/regulons_40.tsv	bd-rhap-rep1-X/regulons_40.tsv	bd-rhap-rep2-X/regulons_40.tsv
2545	cd14-_monocytes	FAM117B	0.40350877192982454	40	40	40	50	bd-rhap-rep1-X/regulons_40.tsv vs bd-rhap-rep2-X/regulons_40.tsv	bd-rhap-rep1-X/regulons_40.tsv	bd-rhap-rep2-X/regulons_40.tsv
2546	nk_cells	C12orf75	0.2698412698412698	40	40	40	50	bd-rhap-rep1-X/regulons_40.tsv vs bd-rhap-rep2-X/regulons_40.tsv	bd-rhap-rep1-X/regulons_40.tsv	bd-rhap-rep2-X/regulons_40.tsv
2547	nk_cells	KIF2A	0.45454545454545453	40	40	40	50	bd-rhap-rep1-X/regulons_40.tsv vs bd-rhap-rep2-X/regulons_40.tsv	bd-rhap-rep1-X/regulons_40.tsv	bd-rhap-rep2-X/regulons_40.tsv
2548	nk_cells	RABGAP1L	0.5384615384615384	40	40	40	50	bd-rhap-rep1-X/regulons_40.tsv vs bd-rhap-rep2-X/regulons_40.tsv	bd-rhap-rep1-X/regulons_40.tsv	bd-rhap-rep2-X/regulons_40.tsv
2549	cd8+_tcells	GPRIN3	0.5686274509803921	40	40	40	50	bd-rhap-rep1-X/regulons_40.tsv vs bd-rhap-rep2-X/regulons_40.tsv	bd-rhap-rep1-X/regulons_40.tsv	bd-rhap-rep2-X/regulons_40.tsv
2550	cd8+_tcells	OFD1	0.45454545454545453	40	40	40	50	bd-rhap-rep1-X/regulons_40.tsv vs bd-rhap-rep2-X/regulons_40.tsv	bd-rhap-rep1-X/regulons_40.tsv	bd-rhap-rep2-X/regulons_40.tsv
2551	DC	LYN	0.42857142857142855	40	40	40	50	bd-rhap-rep1-X/regulons_40.tsv vs bd-rhap-rep2-X/regulons_40.tsv	bd-rhap-rep1-X/regulons_40.tsv	bd-rhap-rep2-X/regulons_40.tsv
2552	b_cells	AFF3	0.6666666666666666	40	40	40	50	bd-rhap-rep1-X/regulons_40.tsv vs bd-rhap-rep2-X/regulons_40.tsv	bd-rhap-rep1-X/regulons_40.tsv	bd-rhap-rep2-X/regulons_40.tsv
2553	nk_cells	LPP	0.6	40	40	40	50	bd-rhap-rep1-X/regulons_40.tsv vs bd-rhap-rep2-X/regulons_40.tsv	bd-rhap-rep1-X/regulons_40.tsv	bd-rhap-rep2-X/regulons_40.tsv
2554	cd14+_monocytes	HLA-DQA1	0.3793103448275862	40	40	40	50	bd-rhap-rep1-X/regulons_40.tsv vs bd-rhap-rep2-X/regulons_40.tsv	bd-rhap-rep1-X/regulons_40.tsv	bd-rhap-rep2-X/regulons_40.tsv
2555	nk_cells	DOCK10	0.3333333333333333	40	40	40	50	bd-rhap-rep1-X/regulons_40.tsv vs bd-rhap-rep2-X/regulons_40.tsv	bd-rhap-rep1-X/regulons_40.tsv	bd-rhap-rep2-X/regulons_40.tsv
2556	cd14+_monocytes	UBE2E2	0.3333333333333333	40	40	40	50	bd-rhap-rep1-X/regulons_40.tsv vs bd-rhap-rep2-X/regulons_40.tsv	bd-rhap-rep1-X/regulons_40.tsv	bd-rhap-rep2-X/regulons_40.tsv
2557	nk_cells	CD2	0.6326530612244898	40	40	40	50	bd-rhap-rep1-X/regulons_40.tsv vs bd-rhap-rep2-X/regulons_40.tsv	bd-rhap-rep1-X/regulons_40.tsv	bd-rhap-rep2-X/regulons_40.tsv
2558	nk_cells	SELL	0.3333333333333333	40	40	40	50	bd-rhap-rep1-X/regulons_40.tsv vs bd-rhap-rep2-X/regulons_40.tsv	bd-rhap-rep1-X/regulons_40.tsv	bd-rhap-rep2-X/regulons_40.tsv
2559	DC	SELL	0.45454545454545453	40	40	40	50	bd-rhap-rep1-X/regulons_40.tsv vs bd-rhap-rep2-X/regulons_40.tsv	bd-rhap-rep1-X/regulons_40.tsv	bd-rhap-rep2-X/regulons_40.tsv
2560	cd4+_tcells	ANKRD44	0.40350877192982454	40	40	40	50	bd-rhap-rep1-X/regulons_40.tsv vs bd-rhap-rep2-X/regulons_40.tsv	bd-rhap-rep1-X/regulons_40.tsv	bd-rhap-rep2-X/regulons_40.tsv
2561	DC	FCER1A	0.5094339622641509	40	40	40	50	bd-rhap-rep1-X/regulons_40.tsv vs bd-rhap-rep2-X/regulons_40.tsv	bd-rhap-rep1-X/regulons_40.tsv	bd-rhap-rep2-X/regulons_40.tsv
2562	pDC	WDFY4	0.6	40	40	40	50	bd-rhap-rep1-X/regulons_40.tsv vs bd-rhap-rep2-X/regulons_40.tsv	bd-rhap-rep1-X/regulons_40.tsv	bd-rhap-rep2-X/regulons_40.tsv
2563	nk_cells	BIN1	0.21212121212121213	40	40	40	50	bd-rhap-rep1-X/regulons_40.tsv vs 10x-rep1-kallisto-cellbender-X/regulons_40.tsv	bd-rhap-rep1-X/regulons_40.tsv	10x-rep1-kallisto-cellbender-X/regulons_40.tsv
2564	cd14-_monocytes	S100A9	0.23076923076923078	40	40	40	50	bd-rhap-rep1-X/regulons_40.tsv vs 10x-rep1-kallisto-cellbender-X/regulons_40.tsv	bd-rhap-rep1-X/regulons_40.tsv	10x-rep1-kallisto-cellbender-X/regulons_40.tsv
2565	cd8+_tcells	CXCR4	0.2698412698412698	40	40	40	50	bd-rhap-rep1-X/regulons_40.tsv vs 10x-rep1-kallisto-cellbender-X/regulons_40.tsv	bd-rhap-rep1-X/regulons_40.tsv	10x-rep1-kallisto-cellbender-X/regulons_40.tsv
2566	cd8+_tcells	TAGLN2	0.23076923076923078	40	40	40	50	bd-rhap-rep1-X/regulons_40.tsv vs 10x-rep1-kallisto-cellbender-X/regulons_40.tsv	bd-rhap-rep1-X/regulons_40.tsv	10x-rep1-kallisto-cellbender-X/regulons_40.tsv
2567	b_cells	HLA-DPB1	0.23076923076923078	40	40	40	50	bd-rhap-rep1-X/regulons_40.tsv vs 10x-rep1-kallisto-cellbender-X/regulons_40.tsv	bd-rhap-rep1-X/regulons_40.tsv	10x-rep1-kallisto-cellbender-X/regulons_40.tsv
2568	cd14-_monocytes	HLA-DQB1	0.19402985074626866	40	40	40	50	bd-rhap-rep1-X/regulons_40.tsv vs 10x-rep1-kallisto-cellbender-X/regulons_40.tsv	bd-rhap-rep1-X/regulons_40.tsv	10x-rep1-kallisto-cellbender-X/regulons_40.tsv
2569	cd8+_tcells	ID2	0.15942028985507245	40	40	40	50	bd-rhap-rep1-X/regulons_40.tsv vs 10x-rep1-kallisto-cellbender-X/regulons_40.tsv	bd-rhap-rep1-X/regulons_40.tsv	10x-rep1-kallisto-cellbender-X/regulons_40.tsv
2570	DC	CD74	0.2698412698412698	40	40	40	50	bd-rhap-rep1-X/regulons_40.tsv vs 10x-rep1-kallisto-cellbender-X/regulons_40.tsv	bd-rhap-rep1-X/regulons_40.tsv	10x-rep1-kallisto-cellbender-X/regulons_40.tsv
2571	cd4+_tcells	EPB41	0.25	40	40	40	50	bd-rhap-rep1-X/regulons_40.tsv vs 10x-rep1-kallisto-cellbender-X/regulons_40.tsv	bd-rhap-rep1-X/regulons_40.tsv	10x-rep1-kallisto-cellbender-X/regulons_40.tsv
2572	nk_cells	ZFP36L1	0.06666666666666667	40	40	40	50	bd-rhap-rep1-X/regulons_40.tsv vs 10x-rep1-kallisto-cellbender-X/regulons_40.tsv	bd-rhap-rep1-X/regulons_40.tsv	10x-rep1-kallisto-cellbender-X/regulons_40.tsv
2573	pDC	IRF8	0.45454545454545453	40	40	40	50	bd-rhap-rep1-X/regulons_40.tsv vs 10x-rep1-kallisto-cellbender-X/regulons_40.tsv	bd-rhap-rep1-X/regulons_40.tsv	10x-rep1-kallisto-cellbender-X/regulons_40.tsv
2574	b_cells	HLA-DPA1	0.25	40	40	40	50	bd-rhap-rep1-X/regulons_40.tsv vs 10x-rep1-kallisto-cellbender-X/regulons_40.tsv	bd-rhap-rep1-X/regulons_40.tsv	10x-rep1-kallisto-cellbender-X/regulons_40.tsv
2575	cd4+_tcells	EVL	0.3333333333333333	40	40	40	50	bd-rhap-rep1-X/regulons_40.tsv vs 10x-rep1-kallisto-cellbender-X/regulons_40.tsv	bd-rhap-rep1-X/regulons_40.tsv	10x-rep1-kallisto-cellbender-X/regulons_40.tsv
2576	DC	HLA-DPB1	0.21212121212121213	40	40	40	50	bd-rhap-rep1-X/regulons_40.tsv vs 10x-rep1-kallisto-cellbender-X/regulons_40.tsv	bd-rhap-rep1-X/regulons_40.tsv	10x-rep1-kallisto-cellbender-X/regulons_40.tsv
2577	b_cells	IRF8	0.25	40	40	40	50	bd-rhap-rep1-X/regulons_40.tsv vs 10x-rep1-kallisto-cellbender-X/regulons_40.tsv	bd-rhap-rep1-X/regulons_40.tsv	10x-rep1-kallisto-cellbender-X/regulons_40.tsv
2578	b_cells	HLA-DRB1	0.2903225806451613	40	40	40	50	bd-rhap-rep1-X/regulons_40.tsv vs 10x-rep1-kallisto-cellbender-X/regulons_40.tsv	bd-rhap-rep1-X/regulons_40.tsv	10x-rep1-kallisto-cellbender-X/regulons_40.tsv
2579	DC	HLA-DPA1	0.21212121212121213	40	40	40	50	bd-rhap-rep1-X/regulons_40.tsv vs 10x-rep1-kallisto-cellbender-X/regulons_40.tsv	bd-rhap-rep1-X/regulons_40.tsv	10x-rep1-kallisto-cellbender-X/regulons_40.tsv
2580	b_cells	EVL	0.15942028985507245	40	40	40	50	bd-rhap-rep1-X/regulons_40.tsv vs 10x-rep1-kallisto-cellbender-X/regulons_40.tsv	bd-rhap-rep1-X/regulons_40.tsv	10x-rep1-kallisto-cellbender-X/regulons_40.tsv
2581	cd14-_monocytes	CPVL	0.3333333333333333	40	40	40	50	bd-rhap-rep1-X/regulons_40.tsv vs 10x-rep1-kallisto-cellbender-X/regulons_40.tsv	bd-rhap-rep1-X/regulons_40.tsv	10x-rep1-kallisto-cellbender-X/regulons_40.tsv
2582	pDC	PLD4	0.5094339622641509	40	40	40	50	bd-rhap-rep1-X/regulons_40.tsv vs 10x-rep1-kallisto-cellbender-X/regulons_40.tsv	bd-rhap-rep1-X/regulons_40.tsv	10x-rep1-kallisto-cellbender-X/regulons_40.tsv
2583	pDC	HLA-DPB1	0.3793103448275862	40	40	40	50	bd-rhap-rep1-X/regulons_40.tsv vs 10x-rep1-kallisto-cellbender-X/regulons_40.tsv	bd-rhap-rep1-X/regulons_40.tsv	10x-rep1-kallisto-cellbender-X/regulons_40.tsv
2584	cd14-_monocytes	HLA-DQA1	0.19402985074626866	40	40	40	50	bd-rhap-rep1-X/regulons_40.tsv vs 10x-rep1-kallisto-cellbender-X/regulons_40.tsv	bd-rhap-rep1-X/regulons_40.tsv	10x-rep1-kallisto-cellbender-X/regulons_40.tsv
2585	b_cells	HLA-DRA	0.3333333333333333	40	40	40	50	bd-rhap-rep1-X/regulons_40.tsv vs 10x-rep1-kallisto-cellbender-X/regulons_40.tsv	bd-rhap-rep1-X/regulons_40.tsv	10x-rep1-kallisto-cellbender-X/regulons_40.tsv
2586	DC	HLA-DRB1	0.23076923076923078	40	40	40	50	bd-rhap-rep1-X/regulons_40.tsv vs 10x-rep1-kallisto-cellbender-X/regulons_40.tsv	bd-rhap-rep1-X/regulons_40.tsv	10x-rep1-kallisto-cellbender-X/regulons_40.tsv
2587	cd14+_monocytes	LST1	0.17647058823529413	40	40	40	50	bd-rhap-rep1-X/regulons_40.tsv vs 10x-rep1-kallisto-cellbender-X/regulons_40.tsv	bd-rhap-rep1-X/regulons_40.tsv	10x-rep1-kallisto-cellbender-X/regulons_40.tsv
2588	cd4+_tcells	TAGLN2	0.23076923076923078	40	40	40	50	bd-rhap-rep1-X/regulons_40.tsv vs 10x-rep1-kallisto-cellbender-X/regulons_40.tsv	bd-rhap-rep1-X/regulons_40.tsv	10x-rep1-kallisto-cellbender-X/regulons_40.tsv
2589	cd4+_tcells	CXCR4	0.25	40	40	40	50	bd-rhap-rep1-X/regulons_40.tsv vs 10x-rep1-kallisto-cellbender-X/regulons_40.tsv	bd-rhap-rep1-X/regulons_40.tsv	10x-rep1-kallisto-cellbender-X/regulons_40.tsv
2590	DC	LST1	0.21212121212121213	40	40	40	50	bd-rhap-rep1-X/regulons_40.tsv vs 10x-rep1-kallisto-cellbender-X/regulons_40.tsv	bd-rhap-rep1-X/regulons_40.tsv	10x-rep1-kallisto-cellbender-X/regulons_40.tsv
2591	pDC	HLA-DPA1	0.2903225806451613	40	40	40	50	bd-rhap-rep1-X/regulons_40.tsv vs 10x-rep1-kallisto-cellbender-X/regulons_40.tsv	bd-rhap-rep1-X/regulons_40.tsv	10x-rep1-kallisto-cellbender-X/regulons_40.tsv
2592	cd14-_monocytes	MNDA	0.23076923076923078	40	40	40	50	bd-rhap-rep1-X/regulons_40.tsv vs 10x-rep1-kallisto-cellbender-X/regulons_40.tsv	bd-rhap-rep1-X/regulons_40.tsv	10x-rep1-kallisto-cellbender-X/regulons_40.tsv
2593	DC	CD1C	0.3114754098360656	40	40	40	50	bd-rhap-rep1-X/regulons_40.tsv vs 10x-rep1-kallisto-cellbender-X/regulons_40.tsv	bd-rhap-rep1-X/regulons_40.tsv	10x-rep1-kallisto-cellbender-X/regulons_40.tsv
2594	DC	HLA-DRA	0.25	40	40	40	50	bd-rhap-rep1-X/regulons_40.tsv vs 10x-rep1-kallisto-cellbender-X/regulons_40.tsv	bd-rhap-rep1-X/regulons_40.tsv	10x-rep1-kallisto-cellbender-X/regulons_40.tsv
2595	b_cells	TLN1	0.19402985074626866	40	40	40	50	bd-rhap-rep1-X/regulons_40.tsv vs 10x-rep1-kallisto-cellbender-X/regulons_40.tsv	bd-rhap-rep1-X/regulons_40.tsv	10x-rep1-kallisto-cellbender-X/regulons_40.tsv
2596	cd4+_tcells	ARL4C	0.23076923076923078	40	40	40	50	bd-rhap-rep1-X/regulons_40.tsv vs 10x-rep1-kallisto-cellbender-X/regulons_40.tsv	bd-rhap-rep1-X/regulons_40.tsv	10x-rep1-kallisto-cellbender-X/regulons_40.tsv
2597	cd14-_monocytes	S100A8	0.19402985074626866	40	40	40	50	bd-rhap-rep1-X/regulons_40.tsv vs 10x-rep1-kallisto-cellbender-X/regulons_40.tsv	bd-rhap-rep1-X/regulons_40.tsv	10x-rep1-kallisto-cellbender-X/regulons_40.tsv
2598	cd8+_tcells	ARL4C	0.2903225806451613	40	40	40	50	bd-rhap-rep1-X/regulons_40.tsv vs 10x-rep1-kallisto-cellbender-X/regulons_40.tsv	bd-rhap-rep1-X/regulons_40.tsv	10x-rep1-kallisto-cellbender-X/regulons_40.tsv
2599	cd4+_tcells	BCL2	0.23076923076923078	40	40	40	50	bd-rhap-rep1-X/regulons_40.tsv vs 10x-rep1-kallisto-cellbender-X/regulons_40.tsv	bd-rhap-rep1-X/regulons_40.tsv	10x-rep1-kallisto-cellbender-X/regulons_40.tsv
2600	b_cells	TAGLN2	0.21212121212121213	40	40	40	50	bd-rhap-rep1-X/regulons_40.tsv vs 10x-rep1-kallisto-cellbender-X/regulons_40.tsv	bd-rhap-rep1-X/regulons_40.tsv	10x-rep1-kallisto-cellbender-X/regulons_40.tsv
2601	b_cells	CXCR4	0.23076923076923078	40	40	40	50	bd-rhap-rep1-X/regulons_40.tsv vs 10x-rep1-kallisto-cellbender-X/regulons_40.tsv	bd-rhap-rep1-X/regulons_40.tsv	10x-rep1-kallisto-cellbender-X/regulons_40.tsv
2602	nk_cells	CEBPD	0.17647058823529413	40	40	40	50	bd-rhap-rep1-X/regulons_40.tsv vs 10x-rep1-kallisto-cellbender-X/regulons_40.tsv	bd-rhap-rep1-X/regulons_40.tsv	10x-rep1-kallisto-cellbender-X/regulons_40.tsv
2603	cd4+_tcells	IL2RG	0.2903225806451613	40	40	40	50	bd-rhap-rep1-X/regulons_40.tsv vs 10x-rep1-kallisto-cellbender-X/regulons_40.tsv	bd-rhap-rep1-X/regulons_40.tsv	10x-rep1-kallisto-cellbender-X/regulons_40.tsv
2604	DC	TLN1	0.1267605633802817	40	40	40	50	bd-rhap-rep1-X/regulons_40.tsv vs 10x-rep1-kallisto-cellbender-X/regulons_40.tsv	bd-rhap-rep1-X/regulons_40.tsv	10x-rep1-kallisto-cellbender-X/regulons_40.tsv
2605	pDC	PPP1R14B	0.3559322033898305	40	40	40	50	bd-rhap-rep1-X/regulons_40.tsv vs 10x-rep1-kallisto-cellbender-X/regulons_40.tsv	bd-rhap-rep1-X/regulons_40.tsv	10x-rep1-kallisto-cellbender-X/regulons_40.tsv
2606	cd8+_tcells	IL2RG	0.21212121212121213	40	40	40	50	bd-rhap-rep1-X/regulons_40.tsv vs 10x-rep1-kallisto-cellbender-X/regulons_40.tsv	bd-rhap-rep1-X/regulons_40.tsv	10x-rep1-kallisto-cellbender-X/regulons_40.tsv
2607	nk_cells	TAGLN2	0.15942028985507245	40	40	40	50	bd-rhap-rep1-X/regulons_40.tsv vs 10x-rep1-kallisto-cellbender-X/regulons_40.tsv	bd-rhap-rep1-X/regulons_40.tsv	10x-rep1-kallisto-cellbender-X/regulons_40.tsv
2608	cd14-_monocytes	VCAN	0.23076923076923078	40	40	40	50	bd-rhap-rep1-X/regulons_40.tsv vs 10x-rep1-kallisto-cellbender-X/regulons_40.tsv	bd-rhap-rep1-X/regulons_40.tsv	10x-rep1-kallisto-cellbender-X/regulons_40.tsv
2609	nk_cells	IGFBP7	0.2698412698412698	40	40	40	50	bd-rhap-rep1-X/regulons_40.tsv vs 10x-rep1-kallisto-cellbender-X/regulons_40.tsv	bd-rhap-rep1-X/regulons_40.tsv	10x-rep1-kallisto-cellbender-X/regulons_40.tsv
2610	cd8+_tcells	H4C3	0.25	40	40	40	50	bd-rhap-rep1-X/regulons_40.tsv vs 10x-rep1-kallisto-cellbender-X/regulons_40.tsv	bd-rhap-rep1-X/regulons_40.tsv	10x-rep1-kallisto-cellbender-X/regulons_40.tsv
2611	DC	ID2	0.1111111111111111	40	40	40	50	bd-rhap-rep1-X/regulons_40.tsv vs 10x-rep1-kallisto-cellbender-X/regulons_40.tsv	bd-rhap-rep1-X/regulons_40.tsv	10x-rep1-kallisto-cellbender-X/regulons_40.tsv
2612	cd14-_monocytes	EVL	0.19402985074626866	40	40	40	50	bd-rhap-rep1-X/regulons_40.tsv vs 10x-rep1-kallisto-cellbender-X/regulons_40.tsv	bd-rhap-rep1-X/regulons_40.tsv	10x-rep1-kallisto-cellbender-X/regulons_40.tsv
2613	nk_cells	ARL4C	0.2903225806451613	40	40	40	50	bd-rhap-rep1-X/regulons_40.tsv vs 10x-rep1-kallisto-cellbender-X/regulons_40.tsv	bd-rhap-rep1-X/regulons_40.tsv	10x-rep1-kallisto-cellbender-X/regulons_40.tsv
2614	nk_cells	IFITM2	0.21212121212121213	40	40	40	50	bd-rhap-rep1-X/regulons_40.tsv vs 10x-rep1-kallisto-cellbender-X/regulons_40.tsv	bd-rhap-rep1-X/regulons_40.tsv	10x-rep1-kallisto-cellbender-X/regulons_40.tsv
2615	cd8+_tcells	ACAP1	0.3333333333333333	40	40	40	50	bd-rhap-rep1-X/regulons_40.tsv vs 10x-rep1-kallisto-cellbender-X/regulons_40.tsv	bd-rhap-rep1-X/regulons_40.tsv	10x-rep1-kallisto-cellbender-X/regulons_40.tsv
2616	pDC	TLN1	0.2903225806451613	40	40	40	50	bd-rhap-rep1-X/regulons_40.tsv vs 10x-rep1-kallisto-cellbender-X/regulons_40.tsv	bd-rhap-rep1-X/regulons_40.tsv	10x-rep1-kallisto-cellbender-X/regulons_40.tsv
2617	cd8+_tcells	CD2	0.3559322033898305	40	40	40	50	bd-rhap-rep1-X/regulons_40.tsv vs 10x-rep1-kallisto-cellbender-X/regulons_40.tsv	bd-rhap-rep1-X/regulons_40.tsv	10x-rep1-kallisto-cellbender-X/regulons_40.tsv
2618	pDC	TAGLN2	0.3559322033898305	40	40	40	50	bd-rhap-rep1-X/regulons_40.tsv vs 10x-rep1-kallisto-cellbender-X/regulons_40.tsv	bd-rhap-rep1-X/regulons_40.tsv	10x-rep1-kallisto-cellbender-X/regulons_40.tsv
2619	nk_cells	IL2RG	0.3114754098360656	40	40	40	50	bd-rhap-rep1-X/regulons_40.tsv vs 10x-rep1-kallisto-cellbender-X/regulons_40.tsv	bd-rhap-rep1-X/regulons_40.tsv	10x-rep1-kallisto-cellbender-X/regulons_40.tsv
2620	cd8+_tcells	BIN1	0.15942028985507245	40	40	40	50	bd-rhap-rep1-X/regulons_40.tsv vs 10x-rep1-kallisto-cellbender-X/regulons_40.tsv	bd-rhap-rep1-X/regulons_40.tsv	10x-rep1-kallisto-cellbender-X/regulons_40.tsv
2621	cd14-_monocytes	HLA-DPB1	0.15942028985507245	40	40	40	50	bd-rhap-rep1-X/regulons_40.tsv vs 10x-rep1-kallisto-cellbender-X/regulons_40.tsv	bd-rhap-rep1-X/regulons_40.tsv	10x-rep1-kallisto-cellbender-X/regulons_40.tsv
2622	nk_cells	H4C3	0.19402985074626866	40	40	40	50	bd-rhap-rep1-X/regulons_40.tsv vs 10x-rep1-kallisto-cellbender-X/regulons_40.tsv	bd-rhap-rep1-X/regulons_40.tsv	10x-rep1-kallisto-cellbender-X/regulons_40.tsv
2623	pDC	IFITM2	0.19402985074626866	40	40	40	50	bd-rhap-rep1-X/regulons_40.tsv vs 10x-rep1-kallisto-cellbender-X/regulons_40.tsv	bd-rhap-rep1-X/regulons_40.tsv	10x-rep1-kallisto-cellbender-X/regulons_40.tsv
2624	pDC	ARL4C	0.23076923076923078	40	40	40	50	bd-rhap-rep1-X/regulons_40.tsv vs 10x-rep1-kallisto-cellbender-X/regulons_40.tsv	bd-rhap-rep1-X/regulons_40.tsv	10x-rep1-kallisto-cellbender-X/regulons_40.tsv
2625	cd14-_monocytes	HLA-DPA1	0.3114754098360656	40	40	40	50	bd-rhap-rep1-X/regulons_40.tsv vs 10x-rep1-kallisto-cellbender-X/regulons_40.tsv	bd-rhap-rep1-X/regulons_40.tsv	10x-rep1-kallisto-cellbender-X/regulons_40.tsv
2626	pDC	HLA-DQB1	0.3333333333333333	40	40	40	50	bd-rhap-rep1-X/regulons_40.tsv vs 10x-rep1-kallisto-cellbender-X/regulons_40.tsv	bd-rhap-rep1-X/regulons_40.tsv	10x-rep1-kallisto-cellbender-X/regulons_40.tsv
2627	b_cells	HLA-DQA1	0.23076923076923078	40	40	40	50	bd-rhap-rep1-X/regulons_40.tsv vs 10x-rep1-kallisto-cellbender-X/regulons_40.tsv	bd-rhap-rep1-X/regulons_40.tsv	10x-rep1-kallisto-cellbender-X/regulons_40.tsv
2628	b_cells	IFITM2	0.15942028985507245	40	40	40	50	bd-rhap-rep1-X/regulons_40.tsv vs 10x-rep1-kallisto-cellbender-X/regulons_40.tsv	bd-rhap-rep1-X/regulons_40.tsv	10x-rep1-kallisto-cellbender-X/regulons_40.tsv
2629	b_cells	BCL11A	0.2698412698412698	40	40	40	50	bd-rhap-rep1-X/regulons_40.tsv vs 10x-rep1-kallisto-cellbender-X/regulons_40.tsv	bd-rhap-rep1-X/regulons_40.tsv	10x-rep1-kallisto-cellbender-X/regulons_40.tsv
2630	b_cells	HLA-DQB1	0.2698412698412698	40	40	40	50	bd-rhap-rep1-X/regulons_40.tsv vs 10x-rep1-kallisto-cellbender-X/regulons_40.tsv	bd-rhap-rep1-X/regulons_40.tsv	10x-rep1-kallisto-cellbender-X/regulons_40.tsv
2631	cd4+_tcells	H4C3	0.2698412698412698	40	40	40	50	bd-rhap-rep1-X/regulons_40.tsv vs 10x-rep1-kallisto-cellbender-X/regulons_40.tsv	bd-rhap-rep1-X/regulons_40.tsv	10x-rep1-kallisto-cellbender-X/regulons_40.tsv
2632	nk_cells	TPM4	0.14285714285714285	40	40	40	50	bd-rhap-rep1-X/regulons_40.tsv vs 10x-rep1-kallisto-cellbender-X/regulons_40.tsv	bd-rhap-rep1-X/regulons_40.tsv	10x-rep1-kallisto-cellbender-X/regulons_40.tsv
2633	DC	HLA-DQA1	0.23076923076923078	40	40	40	50	bd-rhap-rep1-X/regulons_40.tsv vs 10x-rep1-kallisto-cellbender-X/regulons_40.tsv	bd-rhap-rep1-X/regulons_40.tsv	10x-rep1-kallisto-cellbender-X/regulons_40.tsv
2634	pDC	SLC38A1	0.17647058823529413	40	40	40	50	bd-rhap-rep1-X/regulons_40.tsv vs 10x-rep1-kallisto-cellbender-X/regulons_40.tsv	bd-rhap-rep1-X/regulons_40.tsv	10x-rep1-kallisto-cellbender-X/regulons_40.tsv
2635	pDC	GPR183	0.3114754098360656	40	40	40	50	bd-rhap-rep1-X/regulons_40.tsv vs 10x-rep1-kallisto-cellbender-X/regulons_40.tsv	bd-rhap-rep1-X/regulons_40.tsv	10x-rep1-kallisto-cellbender-X/regulons_40.tsv
2636	cd4+_tcells	ACAP1	0.48148148148148145	40	40	40	50	bd-rhap-rep1-X/regulons_40.tsv vs 10x-rep1-kallisto-cellbender-X/regulons_40.tsv	bd-rhap-rep1-X/regulons_40.tsv	10x-rep1-kallisto-cellbender-X/regulons_40.tsv
2637	DC	ARL4C	0.2903225806451613	40	40	40	50	bd-rhap-rep1-X/regulons_40.tsv vs 10x-rep1-kallisto-cellbender-X/regulons_40.tsv	bd-rhap-rep1-X/regulons_40.tsv	10x-rep1-kallisto-cellbender-X/regulons_40.tsv
2638	cd4+_tcells	CD2	0.3114754098360656	40	40	40	50	bd-rhap-rep1-X/regulons_40.tsv vs 10x-rep1-kallisto-cellbender-X/regulons_40.tsv	bd-rhap-rep1-X/regulons_40.tsv	10x-rep1-kallisto-cellbender-X/regulons_40.tsv
2639	DC	HLA-DQB1	0.25	40	40	40	50	bd-rhap-rep1-X/regulons_40.tsv vs 10x-rep1-kallisto-cellbender-X/regulons_40.tsv	bd-rhap-rep1-X/regulons_40.tsv	10x-rep1-kallisto-cellbender-X/regulons_40.tsv
2640	DC	MNDA	0.25	40	40	40	50	bd-rhap-rep1-X/regulons_40.tsv vs 10x-rep1-kallisto-cellbender-X/regulons_40.tsv	bd-rhap-rep1-X/regulons_40.tsv	10x-rep1-kallisto-cellbender-X/regulons_40.tsv
2641	b_cells	CCDC50	0.23076923076923078	40	40	40	50	bd-rhap-rep1-X/regulons_40.tsv vs 10x-rep1-kallisto-cellbender-X/regulons_40.tsv	bd-rhap-rep1-X/regulons_40.tsv	10x-rep1-kallisto-cellbender-X/regulons_40.tsv
2642	b_cells	H4C3	0.25	40	40	40	50	bd-rhap-rep1-X/regulons_40.tsv vs 10x-rep1-kallisto-cellbender-X/regulons_40.tsv	bd-rhap-rep1-X/regulons_40.tsv	10x-rep1-kallisto-cellbender-X/regulons_40.tsv
2643	cd8+_tcells	EVL	0.3333333333333333	40	40	40	50	bd-rhap-rep1-X/regulons_40.tsv vs 10x-rep1-kallisto-cellbender-X/regulons_40.tsv	bd-rhap-rep1-X/regulons_40.tsv	10x-rep1-kallisto-cellbender-X/regulons_40.tsv
2644	cd4+_tcells	BIN1	0.25	40	40	40	50	bd-rhap-rep1-X/regulons_40.tsv vs 10x-rep1-kallisto-cellbender-X/regulons_40.tsv	bd-rhap-rep1-X/regulons_40.tsv	10x-rep1-kallisto-cellbender-X/regulons_40.tsv
2645	cd14+_monocytes	ACTN1	0.15942028985507245	40	40	40	50	bd-rhap-rep1-X/regulons_40.tsv vs 10x-rep1-kallisto-cellbender-X/regulons_40.tsv	bd-rhap-rep1-X/regulons_40.tsv	10x-rep1-kallisto-cellbender-X/regulons_40.tsv
2646	pDC	FCER1A	0.25	40	40	40	50	bd-rhap-rep1-X/regulons_40.tsv vs 10x-rep1-kallisto-cellbender-X/regulons_40.tsv	bd-rhap-rep1-X/regulons_40.tsv	10x-rep1-kallisto-cellbender-X/regulons_40.tsv
2647	pDC	HLA-DQA1	0.3559322033898305	40	40	40	50	bd-rhap-rep1-X/regulons_40.tsv vs 10x-rep1-kallisto-cellbender-X/regulons_40.tsv	bd-rhap-rep1-X/regulons_40.tsv	10x-rep1-kallisto-cellbender-X/regulons_40.tsv
2648	cd14-_monocytes	CEBPD	0.2903225806451613	40	40	40	50	bd-rhap-rep1-X/regulons_40.tsv vs 10x-rep1-kallisto-cellbender-X/regulons_40.tsv	bd-rhap-rep1-X/regulons_40.tsv	10x-rep1-kallisto-cellbender-X/regulons_40.tsv
2649	pDC	BCL11A	0.3559322033898305	40	40	40	50	bd-rhap-rep1-X/regulons_40.tsv vs 10x-rep1-kallisto-cellbender-X/regulons_40.tsv	bd-rhap-rep1-X/regulons_40.tsv	10x-rep1-kallisto-cellbender-X/regulons_40.tsv
2650	DC	CST3	0.19402985074626866	40	40	40	50	bd-rhap-rep1-X/regulons_40.tsv vs 10x-rep1-kallisto-cellbender-X/regulons_40.tsv	bd-rhap-rep1-X/regulons_40.tsv	10x-rep1-kallisto-cellbender-X/regulons_40.tsv
2651	nk_cells	C12orf75	0.17647058823529413	40	40	40	50	bd-rhap-rep1-X/regulons_40.tsv vs 10x-rep1-kallisto-cellbender-X/regulons_40.tsv	bd-rhap-rep1-X/regulons_40.tsv	10x-rep1-kallisto-cellbender-X/regulons_40.tsv
2652	cd14+_monocytes	CPVL	0.3559322033898305	40	40	40	50	bd-rhap-rep1-X/regulons_40.tsv vs 10x-rep1-kallisto-cellbender-X/regulons_40.tsv	bd-rhap-rep1-X/regulons_40.tsv	10x-rep1-kallisto-cellbender-X/regulons_40.tsv
2653	nk_cells	ACAP1	0.23076923076923078	40	40	40	50	bd-rhap-rep1-X/regulons_40.tsv vs 10x-rep1-kallisto-cellbender-X/regulons_40.tsv	bd-rhap-rep1-X/regulons_40.tsv	10x-rep1-kallisto-cellbender-X/regulons_40.tsv
2654	DC	FCER1A	0.19402985074626866	40	40	40	50	bd-rhap-rep1-X/regulons_40.tsv vs 10x-rep1-kallisto-cellbender-X/regulons_40.tsv	bd-rhap-rep1-X/regulons_40.tsv	10x-rep1-kallisto-cellbender-X/regulons_40.tsv
2655	nk_cells	EVL	0.3333333333333333	40	40	40	50	bd-rhap-rep1-X/regulons_40.tsv vs 10x-rep1-kallisto-cellbender-X/regulons_40.tsv	bd-rhap-rep1-X/regulons_40.tsv	10x-rep1-kallisto-cellbender-X/regulons_40.tsv
2656	cd14-_monocytes	S100A9	0.1267605633802817	40	40	40	50	bd-rhap-rep2-X/regulons_40.tsv vs 10x-rep1-kallisto-cellbender-X/regulons_40.tsv	bd-rhap-rep2-X/regulons_40.tsv	10x-rep1-kallisto-cellbender-X/regulons_40.tsv
2657	cd8+_tcells	CXCR4	0.19402985074626866	40	40	40	50	bd-rhap-rep2-X/regulons_40.tsv vs 10x-rep1-kallisto-cellbender-X/regulons_40.tsv	bd-rhap-rep2-X/regulons_40.tsv	10x-rep1-kallisto-cellbender-X/regulons_40.tsv
2658	cd8+_tcells	TAGLN2	0.25	40	40	40	50	bd-rhap-rep2-X/regulons_40.tsv vs 10x-rep1-kallisto-cellbender-X/regulons_40.tsv	bd-rhap-rep2-X/regulons_40.tsv	10x-rep1-kallisto-cellbender-X/regulons_40.tsv
2659	b_cells	HLA-DPB1	0.19402985074626866	40	40	40	50	bd-rhap-rep2-X/regulons_40.tsv vs 10x-rep1-kallisto-cellbender-X/regulons_40.tsv	bd-rhap-rep2-X/regulons_40.tsv	10x-rep1-kallisto-cellbender-X/regulons_40.tsv
2660	cd14-_monocytes	HLA-DQB1	0.15942028985507245	40	40	40	50	bd-rhap-rep2-X/regulons_40.tsv vs 10x-rep1-kallisto-cellbender-X/regulons_40.tsv	bd-rhap-rep2-X/regulons_40.tsv	10x-rep1-kallisto-cellbender-X/regulons_40.tsv
2661	cd8+_tcells	ID2	0.17647058823529413	40	40	40	50	bd-rhap-rep2-X/regulons_40.tsv vs 10x-rep1-kallisto-cellbender-X/regulons_40.tsv	bd-rhap-rep2-X/regulons_40.tsv	10x-rep1-kallisto-cellbender-X/regulons_40.tsv
2662	cd4+_tcells	ALOX5AP	0.15942028985507245	40	40	40	50	bd-rhap-rep2-X/regulons_40.tsv vs 10x-rep1-kallisto-cellbender-X/regulons_40.tsv	bd-rhap-rep2-X/regulons_40.tsv	10x-rep1-kallisto-cellbender-X/regulons_40.tsv
2663	pDC	IRF8	0.40350877192982454	40	40	40	50	bd-rhap-rep2-X/regulons_40.tsv vs 10x-rep1-kallisto-cellbender-X/regulons_40.tsv	bd-rhap-rep2-X/regulons_40.tsv	10x-rep1-kallisto-cellbender-X/regulons_40.tsv
2664	b_cells	HLA-DPA1	0.23076923076923078	40	40	40	50	bd-rhap-rep2-X/regulons_40.tsv vs 10x-rep1-kallisto-cellbender-X/regulons_40.tsv	bd-rhap-rep2-X/regulons_40.tsv	10x-rep1-kallisto-cellbender-X/regulons_40.tsv
2665	DC	HLA-DPB1	0.19402985074626866	40	40	40	50	bd-rhap-rep2-X/regulons_40.tsv vs 10x-rep1-kallisto-cellbender-X/regulons_40.tsv	bd-rhap-rep2-X/regulons_40.tsv	10x-rep1-kallisto-cellbender-X/regulons_40.tsv
2666	b_cells	IRF8	0.15942028985507245	40	40	40	50	bd-rhap-rep2-X/regulons_40.tsv vs 10x-rep1-kallisto-cellbender-X/regulons_40.tsv	bd-rhap-rep2-X/regulons_40.tsv	10x-rep1-kallisto-cellbender-X/regulons_40.tsv
2667	b_cells	HLA-DRB1	0.25	40	40	40	50	bd-rhap-rep2-X/regulons_40.tsv vs 10x-rep1-kallisto-cellbender-X/regulons_40.tsv	bd-rhap-rep2-X/regulons_40.tsv	10x-rep1-kallisto-cellbender-X/regulons_40.tsv
2668	DC	HLA-DPA1	0.17647058823529413	40	40	40	50	bd-rhap-rep2-X/regulons_40.tsv vs 10x-rep1-kallisto-cellbender-X/regulons_40.tsv	bd-rhap-rep2-X/regulons_40.tsv	10x-rep1-kallisto-cellbender-X/regulons_40.tsv
2669	pDC	PLD4	0.42857142857142855	40	40	40	50	bd-rhap-rep2-X/regulons_40.tsv vs 10x-rep1-kallisto-cellbender-X/regulons_40.tsv	bd-rhap-rep2-X/regulons_40.tsv	10x-rep1-kallisto-cellbender-X/regulons_40.tsv
2670	pDC	HLA-DPB1	0.3333333333333333	40	40	40	50	bd-rhap-rep2-X/regulons_40.tsv vs 10x-rep1-kallisto-cellbender-X/regulons_40.tsv	bd-rhap-rep2-X/regulons_40.tsv	10x-rep1-kallisto-cellbender-X/regulons_40.tsv
2671	cd14-_monocytes	HLA-DQA1	0.14285714285714285	40	40	40	50	bd-rhap-rep2-X/regulons_40.tsv vs 10x-rep1-kallisto-cellbender-X/regulons_40.tsv	bd-rhap-rep2-X/regulons_40.tsv	10x-rep1-kallisto-cellbender-X/regulons_40.tsv
2672	b_cells	HLA-DRA	0.25	40	40	40	50	bd-rhap-rep2-X/regulons_40.tsv vs 10x-rep1-kallisto-cellbender-X/regulons_40.tsv	bd-rhap-rep2-X/regulons_40.tsv	10x-rep1-kallisto-cellbender-X/regulons_40.tsv
2673	DC	HLA-DRB1	0.21212121212121213	40	40	40	50	bd-rhap-rep2-X/regulons_40.tsv vs 10x-rep1-kallisto-cellbender-X/regulons_40.tsv	bd-rhap-rep2-X/regulons_40.tsv	10x-rep1-kallisto-cellbender-X/regulons_40.tsv
2674	cd4+_tcells	TAGLN2	0.25	40	40	40	50	bd-rhap-rep2-X/regulons_40.tsv vs 10x-rep1-kallisto-cellbender-X/regulons_40.tsv	bd-rhap-rep2-X/regulons_40.tsv	10x-rep1-kallisto-cellbender-X/regulons_40.tsv
2675	pDC	HLA-DPA1	0.2903225806451613	40	40	40	50	bd-rhap-rep2-X/regulons_40.tsv vs 10x-rep1-kallisto-cellbender-X/regulons_40.tsv	bd-rhap-rep2-X/regulons_40.tsv	10x-rep1-kallisto-cellbender-X/regulons_40.tsv
2676	cd14-_monocytes	MNDA	0.1267605633802817	40	40	40	50	bd-rhap-rep2-X/regulons_40.tsv vs 10x-rep1-kallisto-cellbender-X/regulons_40.tsv	bd-rhap-rep2-X/regulons_40.tsv	10x-rep1-kallisto-cellbender-X/regulons_40.tsv
2677	DC	CD1C	0.21212121212121213	40	40	40	50	bd-rhap-rep2-X/regulons_40.tsv vs 10x-rep1-kallisto-cellbender-X/regulons_40.tsv	bd-rhap-rep2-X/regulons_40.tsv	10x-rep1-kallisto-cellbender-X/regulons_40.tsv
2678	cd8+_tcells	DUSP2	0.25	40	40	40	50	bd-rhap-rep2-X/regulons_40.tsv vs 10x-rep1-kallisto-cellbender-X/regulons_40.tsv	bd-rhap-rep2-X/regulons_40.tsv	10x-rep1-kallisto-cellbender-X/regulons_40.tsv
2679	DC	HLA-DRA	0.19402985074626866	40	40	40	50	bd-rhap-rep2-X/regulons_40.tsv vs 10x-rep1-kallisto-cellbender-X/regulons_40.tsv	bd-rhap-rep2-X/regulons_40.tsv	10x-rep1-kallisto-cellbender-X/regulons_40.tsv
2680	cd4+_tcells	ARL4C	0.2698412698412698	40	40	40	50	bd-rhap-rep2-X/regulons_40.tsv vs 10x-rep1-kallisto-cellbender-X/regulons_40.tsv	bd-rhap-rep2-X/regulons_40.tsv	10x-rep1-kallisto-cellbender-X/regulons_40.tsv
2681	cd4+_tcells	IFITM2	0.2903225806451613	40	40	40	50	bd-rhap-rep2-X/regulons_40.tsv vs 10x-rep1-kallisto-cellbender-X/regulons_40.tsv	bd-rhap-rep2-X/regulons_40.tsv	10x-rep1-kallisto-cellbender-X/regulons_40.tsv
2682	cd14-_monocytes	S100A8	0.1267605633802817	40	40	40	50	bd-rhap-rep2-X/regulons_40.tsv vs 10x-rep1-kallisto-cellbender-X/regulons_40.tsv	bd-rhap-rep2-X/regulons_40.tsv	10x-rep1-kallisto-cellbender-X/regulons_40.tsv
2683	pDC	HSPA5	0.25	40	40	40	50	bd-rhap-rep2-X/regulons_40.tsv vs 10x-rep1-kallisto-cellbender-X/regulons_40.tsv	bd-rhap-rep2-X/regulons_40.tsv	10x-rep1-kallisto-cellbender-X/regulons_40.tsv
2684	cd8+_tcells	ARL4C	0.2698412698412698	40	40	40	50	bd-rhap-rep2-X/regulons_40.tsv vs 10x-rep1-kallisto-cellbender-X/regulons_40.tsv	bd-rhap-rep2-X/regulons_40.tsv	10x-rep1-kallisto-cellbender-X/regulons_40.tsv
2685	cd8+_tcells	IFITM2	0.23076923076923078	40	40	40	50	bd-rhap-rep2-X/regulons_40.tsv vs 10x-rep1-kallisto-cellbender-X/regulons_40.tsv	bd-rhap-rep2-X/regulons_40.tsv	10x-rep1-kallisto-cellbender-X/regulons_40.tsv
2686	b_cells	GCC2	0.15942028985507245	40	40	40	50	bd-rhap-rep2-X/regulons_40.tsv vs 10x-rep1-kallisto-cellbender-X/regulons_40.tsv	bd-rhap-rep2-X/regulons_40.tsv	10x-rep1-kallisto-cellbender-X/regulons_40.tsv
2687	b_cells	TAGLN2	0.21212121212121213	40	40	40	50	bd-rhap-rep2-X/regulons_40.tsv vs 10x-rep1-kallisto-cellbender-X/regulons_40.tsv	bd-rhap-rep2-X/regulons_40.tsv	10x-rep1-kallisto-cellbender-X/regulons_40.tsv
2688	b_cells	CXCR4	0.15942028985507245	40	40	40	50	bd-rhap-rep2-X/regulons_40.tsv vs 10x-rep1-kallisto-cellbender-X/regulons_40.tsv	bd-rhap-rep2-X/regulons_40.tsv	10x-rep1-kallisto-cellbender-X/regulons_40.tsv
2689	cd4+_tcells	IL2RG	0.3114754098360656	40	40	40	50	bd-rhap-rep2-X/regulons_40.tsv vs 10x-rep1-kallisto-cellbender-X/regulons_40.tsv	bd-rhap-rep2-X/regulons_40.tsv	10x-rep1-kallisto-cellbender-X/regulons_40.tsv
2690	pDC	PPP1R14B	0.3333333333333333	40	40	40	50	bd-rhap-rep2-X/regulons_40.tsv vs 10x-rep1-kallisto-cellbender-X/regulons_40.tsv	bd-rhap-rep2-X/regulons_40.tsv	10x-rep1-kallisto-cellbender-X/regulons_40.tsv
2691	cd8+_tcells	IL2RG	0.21212121212121213	40	40	40	50	bd-rhap-rep2-X/regulons_40.tsv vs 10x-rep1-kallisto-cellbender-X/regulons_40.tsv	bd-rhap-rep2-X/regulons_40.tsv	10x-rep1-kallisto-cellbender-X/regulons_40.tsv
2692	nk_cells	TAGLN2	0.2698412698412698	40	40	40	50	bd-rhap-rep2-X/regulons_40.tsv vs 10x-rep1-kallisto-cellbender-X/regulons_40.tsv	bd-rhap-rep2-X/regulons_40.tsv	10x-rep1-kallisto-cellbender-X/regulons_40.tsv
2693	cd14+_monocytes	ID2	0.17647058823529413	40	40	40	50	bd-rhap-rep2-X/regulons_40.tsv vs 10x-rep1-kallisto-cellbender-X/regulons_40.tsv	bd-rhap-rep2-X/regulons_40.tsv	10x-rep1-kallisto-cellbender-X/regulons_40.tsv
2694	DC	TAGLN2	0.25	40	40	40	50	bd-rhap-rep2-X/regulons_40.tsv vs 10x-rep1-kallisto-cellbender-X/regulons_40.tsv	bd-rhap-rep2-X/regulons_40.tsv	10x-rep1-kallisto-cellbender-X/regulons_40.tsv
2695	cd14-_monocytes	VCAN	0.1267605633802817	40	40	40	50	bd-rhap-rep2-X/regulons_40.tsv vs 10x-rep1-kallisto-cellbender-X/regulons_40.tsv	bd-rhap-rep2-X/regulons_40.tsv	10x-rep1-kallisto-cellbender-X/regulons_40.tsv
2696	cd8+_tcells	H4C3	0.2903225806451613	40	40	40	50	bd-rhap-rep2-X/regulons_40.tsv vs 10x-rep1-kallisto-cellbender-X/regulons_40.tsv	bd-rhap-rep2-X/regulons_40.tsv	10x-rep1-kallisto-cellbender-X/regulons_40.tsv
2697	DC	ID2	0.1111111111111111	40	40	40	50	bd-rhap-rep2-X/regulons_40.tsv vs 10x-rep1-kallisto-cellbender-X/regulons_40.tsv	bd-rhap-rep2-X/regulons_40.tsv	10x-rep1-kallisto-cellbender-X/regulons_40.tsv
2698	cd14-_monocytes	EVL	0.1267605633802817	40	40	40	50	bd-rhap-rep2-X/regulons_40.tsv vs 10x-rep1-kallisto-cellbender-X/regulons_40.tsv	bd-rhap-rep2-X/regulons_40.tsv	10x-rep1-kallisto-cellbender-X/regulons_40.tsv
2699	cd8+_tcells	C12orf75	0.25	40	40	40	50	bd-rhap-rep2-X/regulons_40.tsv vs 10x-rep1-kallisto-cellbender-X/regulons_40.tsv	bd-rhap-rep2-X/regulons_40.tsv	10x-rep1-kallisto-cellbender-X/regulons_40.tsv
2700	nk_cells	ARL4C	0.3559322033898305	40	40	40	50	bd-rhap-rep2-X/regulons_40.tsv vs 10x-rep1-kallisto-cellbender-X/regulons_40.tsv	bd-rhap-rep2-X/regulons_40.tsv	10x-rep1-kallisto-cellbender-X/regulons_40.tsv
2701	nk_cells	IFITM2	0.2698412698412698	40	40	40	50	bd-rhap-rep2-X/regulons_40.tsv vs 10x-rep1-kallisto-cellbender-X/regulons_40.tsv	bd-rhap-rep2-X/regulons_40.tsv	10x-rep1-kallisto-cellbender-X/regulons_40.tsv
2702	DC	S100A9	0.1267605633802817	40	40	40	50	bd-rhap-rep2-X/regulons_40.tsv vs 10x-rep1-kallisto-cellbender-X/regulons_40.tsv	bd-rhap-rep2-X/regulons_40.tsv	10x-rep1-kallisto-cellbender-X/regulons_40.tsv
2703	cd8+_tcells	CD2	0.3559322033898305	40	40	40	50	bd-rhap-rep2-X/regulons_40.tsv vs 10x-rep1-kallisto-cellbender-X/regulons_40.tsv	bd-rhap-rep2-X/regulons_40.tsv	10x-rep1-kallisto-cellbender-X/regulons_40.tsv
2704	pDC	TAGLN2	0.2698412698412698	40	40	40	50	bd-rhap-rep2-X/regulons_40.tsv vs 10x-rep1-kallisto-cellbender-X/regulons_40.tsv	bd-rhap-rep2-X/regulons_40.tsv	10x-rep1-kallisto-cellbender-X/regulons_40.tsv
2705	nk_cells	IL2RG	0.3114754098360656	40	40	40	50	bd-rhap-rep2-X/regulons_40.tsv vs 10x-rep1-kallisto-cellbender-X/regulons_40.tsv	bd-rhap-rep2-X/regulons_40.tsv	10x-rep1-kallisto-cellbender-X/regulons_40.tsv
2706	cd14-_monocytes	HLA-DPB1	0.1111111111111111	40	40	40	50	bd-rhap-rep2-X/regulons_40.tsv vs 10x-rep1-kallisto-cellbender-X/regulons_40.tsv	bd-rhap-rep2-X/regulons_40.tsv	10x-rep1-kallisto-cellbender-X/regulons_40.tsv
2707	nk_cells	PCED1B-AS1	0.19402985074626866	40	40	40	50	bd-rhap-rep2-X/regulons_40.tsv vs 10x-rep1-kallisto-cellbender-X/regulons_40.tsv	bd-rhap-rep2-X/regulons_40.tsv	10x-rep1-kallisto-cellbender-X/regulons_40.tsv
2708	nk_cells	H4C3	0.15942028985507245	40	40	40	50	bd-rhap-rep2-X/regulons_40.tsv vs 10x-rep1-kallisto-cellbender-X/regulons_40.tsv	bd-rhap-rep2-X/regulons_40.tsv	10x-rep1-kallisto-cellbender-X/regulons_40.tsv
2709	pDC	IFITM2	0.14285714285714285	40	40	40	50	bd-rhap-rep2-X/regulons_40.tsv vs 10x-rep1-kallisto-cellbender-X/regulons_40.tsv	bd-rhap-rep2-X/regulons_40.tsv	10x-rep1-kallisto-cellbender-X/regulons_40.tsv
2710	pDC	ARL4C	0.19402985074626866	40	40	40	50	bd-rhap-rep2-X/regulons_40.tsv vs 10x-rep1-kallisto-cellbender-X/regulons_40.tsv	bd-rhap-rep2-X/regulons_40.tsv	10x-rep1-kallisto-cellbender-X/regulons_40.tsv
2711	cd14-_monocytes	HLA-DPA1	0.17647058823529413	40	40	40	50	bd-rhap-rep2-X/regulons_40.tsv vs 10x-rep1-kallisto-cellbender-X/regulons_40.tsv	bd-rhap-rep2-X/regulons_40.tsv	10x-rep1-kallisto-cellbender-X/regulons_40.tsv
2712	pDC	HLA-DQB1	0.2698412698412698	40	40	40	50	bd-rhap-rep2-X/regulons_40.tsv vs 10x-rep1-kallisto-cellbender-X/regulons_40.tsv	bd-rhap-rep2-X/regulons_40.tsv	10x-rep1-kallisto-cellbender-X/regulons_40.tsv
2713	b_cells	HLA-DQA1	0.19402985074626866	40	40	40	50	bd-rhap-rep2-X/regulons_40.tsv vs 10x-rep1-kallisto-cellbender-X/regulons_40.tsv	bd-rhap-rep2-X/regulons_40.tsv	10x-rep1-kallisto-cellbender-X/regulons_40.tsv
2714	cd14-_monocytes	GCC2	0.02564102564102564	40	40	40	50	bd-rhap-rep2-X/regulons_40.tsv vs 10x-rep1-kallisto-cellbender-X/regulons_40.tsv	bd-rhap-rep2-X/regulons_40.tsv	10x-rep1-kallisto-cellbender-X/regulons_40.tsv
2715	cd14-_monocytes	FCN1	0.0958904109589041	40	40	40	50	bd-rhap-rep2-X/regulons_40.tsv vs 10x-rep1-kallisto-cellbender-X/regulons_40.tsv	bd-rhap-rep2-X/regulons_40.tsv	10x-rep1-kallisto-cellbender-X/regulons_40.tsv
2716	DC	CLEC10A	0.21212121212121213	40	40	40	50	bd-rhap-rep2-X/regulons_40.tsv vs 10x-rep1-kallisto-cellbender-X/regulons_40.tsv	bd-rhap-rep2-X/regulons_40.tsv	10x-rep1-kallisto-cellbender-X/regulons_40.tsv
2717	b_cells	IFITM2	0.17647058823529413	40	40	40	50	bd-rhap-rep2-X/regulons_40.tsv vs 10x-rep1-kallisto-cellbender-X/regulons_40.tsv	bd-rhap-rep2-X/regulons_40.tsv	10x-rep1-kallisto-cellbender-X/regulons_40.tsv
2718	b_cells	BCL11A	0.25	40	40	40	50	bd-rhap-rep2-X/regulons_40.tsv vs 10x-rep1-kallisto-cellbender-X/regulons_40.tsv	bd-rhap-rep2-X/regulons_40.tsv	10x-rep1-kallisto-cellbender-X/regulons_40.tsv
2719	b_cells	HLA-DQB1	0.23076923076923078	40	40	40	50	bd-rhap-rep2-X/regulons_40.tsv vs 10x-rep1-kallisto-cellbender-X/regulons_40.tsv	bd-rhap-rep2-X/regulons_40.tsv	10x-rep1-kallisto-cellbender-X/regulons_40.tsv
2720	cd4+_tcells	H4C3	0.25	40	40	40	50	bd-rhap-rep2-X/regulons_40.tsv vs 10x-rep1-kallisto-cellbender-X/regulons_40.tsv	bd-rhap-rep2-X/regulons_40.tsv	10x-rep1-kallisto-cellbender-X/regulons_40.tsv
2721	nk_cells	TPM4	0.15942028985507245	40	40	40	50	bd-rhap-rep2-X/regulons_40.tsv vs 10x-rep1-kallisto-cellbender-X/regulons_40.tsv	bd-rhap-rep2-X/regulons_40.tsv	10x-rep1-kallisto-cellbender-X/regulons_40.tsv
2722	DC	HLA-DQA1	0.23076923076923078	40	40	40	50	bd-rhap-rep2-X/regulons_40.tsv vs 10x-rep1-kallisto-cellbender-X/regulons_40.tsv	bd-rhap-rep2-X/regulons_40.tsv	10x-rep1-kallisto-cellbender-X/regulons_40.tsv
2723	pDC	RGS1	0.21212121212121213	40	40	40	50	bd-rhap-rep2-X/regulons_40.tsv vs 10x-rep1-kallisto-cellbender-X/regulons_40.tsv	bd-rhap-rep2-X/regulons_40.tsv	10x-rep1-kallisto-cellbender-X/regulons_40.tsv
2724	pDC	SLC38A1	0.19402985074626866	40	40	40	50	bd-rhap-rep2-X/regulons_40.tsv vs 10x-rep1-kallisto-cellbender-X/regulons_40.tsv	bd-rhap-rep2-X/regulons_40.tsv	10x-rep1-kallisto-cellbender-X/regulons_40.tsv
2725	pDC	GPR183	0.48148148148148145	40	40	40	50	bd-rhap-rep2-X/regulons_40.tsv vs 10x-rep1-kallisto-cellbender-X/regulons_40.tsv	bd-rhap-rep2-X/regulons_40.tsv	10x-rep1-kallisto-cellbender-X/regulons_40.tsv
2726	DC	ARL4C	0.25	40	40	40	50	bd-rhap-rep2-X/regulons_40.tsv vs 10x-rep1-kallisto-cellbender-X/regulons_40.tsv	bd-rhap-rep2-X/regulons_40.tsv	10x-rep1-kallisto-cellbender-X/regulons_40.tsv
2727	cd4+_tcells	CD2	0.3333333333333333	40	40	40	50	bd-rhap-rep2-X/regulons_40.tsv vs 10x-rep1-kallisto-cellbender-X/regulons_40.tsv	bd-rhap-rep2-X/regulons_40.tsv	10x-rep1-kallisto-cellbender-X/regulons_40.tsv
2728	DC	HLA-DQB1	0.23076923076923078	40	40	40	50	bd-rhap-rep2-X/regulons_40.tsv vs 10x-rep1-kallisto-cellbender-X/regulons_40.tsv	bd-rhap-rep2-X/regulons_40.tsv	10x-rep1-kallisto-cellbender-X/regulons_40.tsv
2729	DC	MNDA	0.1111111111111111	40	40	40	50	bd-rhap-rep2-X/regulons_40.tsv vs 10x-rep1-kallisto-cellbender-X/regulons_40.tsv	bd-rhap-rep2-X/regulons_40.tsv	10x-rep1-kallisto-cellbender-X/regulons_40.tsv
2730	b_cells	CCDC50	0.21212121212121213	40	40	40	50	bd-rhap-rep2-X/regulons_40.tsv vs 10x-rep1-kallisto-cellbender-X/regulons_40.tsv	bd-rhap-rep2-X/regulons_40.tsv	10x-rep1-kallisto-cellbender-X/regulons_40.tsv
2731	b_cells	H4C3	0.2903225806451613	40	40	40	50	bd-rhap-rep2-X/regulons_40.tsv vs 10x-rep1-kallisto-cellbender-X/regulons_40.tsv	bd-rhap-rep2-X/regulons_40.tsv	10x-rep1-kallisto-cellbender-X/regulons_40.tsv
2732	cd14+_monocytes	ACTN1	0.0958904109589041	40	40	40	50	bd-rhap-rep2-X/regulons_40.tsv vs 10x-rep1-kallisto-cellbender-X/regulons_40.tsv	bd-rhap-rep2-X/regulons_40.tsv	10x-rep1-kallisto-cellbender-X/regulons_40.tsv
2733	pDC	FCER1A	0.40350877192982454	40	40	40	50	bd-rhap-rep2-X/regulons_40.tsv vs 10x-rep1-kallisto-cellbender-X/regulons_40.tsv	bd-rhap-rep2-X/regulons_40.tsv	10x-rep1-kallisto-cellbender-X/regulons_40.tsv
2734	pDC	HLA-DQA1	0.3559322033898305	40	40	40	50	bd-rhap-rep2-X/regulons_40.tsv vs 10x-rep1-kallisto-cellbender-X/regulons_40.tsv	bd-rhap-rep2-X/regulons_40.tsv	10x-rep1-kallisto-cellbender-X/regulons_40.tsv
2735	nk_cells	C12orf75	0.25	40	40	40	50	bd-rhap-rep2-X/regulons_40.tsv vs 10x-rep1-kallisto-cellbender-X/regulons_40.tsv	bd-rhap-rep2-X/regulons_40.tsv	10x-rep1-kallisto-cellbender-X/regulons_40.tsv
2736	cd8+_tcells	TLN1	0.17647058823529413	40	40	40	50	bd-rhap-rep2-X/regulons_40.tsv vs 10x-rep1-kallisto-cellbender-X/regulons_40.tsv	bd-rhap-rep2-X/regulons_40.tsv	10x-rep1-kallisto-cellbender-X/regulons_40.tsv
2737	DC	FCER1A	0.23076923076923078	40	40	40	50	bd-rhap-rep2-X/regulons_40.tsv vs 10x-rep1-kallisto-cellbender-X/regulons_40.tsv	bd-rhap-rep2-X/regulons_40.tsv	10x-rep1-kallisto-cellbender-X/regulons_40.tsv
2738	nk_cells	EVL	0.3559322033898305	40	40	40	50	bd-rhap-rep2-X/regulons_40.tsv vs 10x-rep1-kallisto-cellbender-X/regulons_40.tsv	bd-rhap-rep2-X/regulons_40.tsv	10x-rep1-kallisto-cellbender-X/regulons_40.tsv
2739	DC	ADAM28	0.5873015873015873	50	50	50	50	bd-rhap-rep1-X/regulons_50.tsv vs bd-rhap-rep2-X/regulons_50.tsv	bd-rhap-rep1-X/regulons_50.tsv	bd-rhap-rep2-X/regulons_50.tsv
2740	DC	TPM4	0.4492753623188406	50	50	50	50	bd-rhap-rep1-X/regulons_50.tsv vs bd-rhap-rep2-X/regulons_50.tsv	bd-rhap-rep1-X/regulons_50.tsv	bd-rhap-rep2-X/regulons_50.tsv
2741	b_cells	ZFP36L1	0.3333333333333333	50	50	50	50	bd-rhap-rep1-X/regulons_50.tsv vs bd-rhap-rep2-X/regulons_50.tsv	bd-rhap-rep1-X/regulons_50.tsv	bd-rhap-rep2-X/regulons_50.tsv
2742	b_cells	UVRAG	0.5625	50	50	50	50	bd-rhap-rep1-X/regulons_50.tsv vs bd-rhap-rep2-X/regulons_50.tsv	bd-rhap-rep1-X/regulons_50.tsv	bd-rhap-rep2-X/regulons_50.tsv
2743	cd14-_monocytes	S100A9	0.4492753623188406	50	50	50	50	bd-rhap-rep1-X/regulons_50.tsv vs bd-rhap-rep2-X/regulons_50.tsv	bd-rhap-rep1-X/regulons_50.tsv	bd-rhap-rep2-X/regulons_50.tsv
2744	cd8+_tcells	CXCR4	0.4492753623188406	50	50	50	50	bd-rhap-rep1-X/regulons_50.tsv vs bd-rhap-rep2-X/regulons_50.tsv	bd-rhap-rep1-X/regulons_50.tsv	bd-rhap-rep2-X/regulons_50.tsv
2745	pDC	FOXP1	0.4492753623188406	50	50	50	50	bd-rhap-rep1-X/regulons_50.tsv vs bd-rhap-rep2-X/regulons_50.tsv	bd-rhap-rep1-X/regulons_50.tsv	bd-rhap-rep2-X/regulons_50.tsv
2746	b_cells	HLA-DPB1	0.5384615384615384	50	50	50	50	bd-rhap-rep1-X/regulons_50.tsv vs bd-rhap-rep2-X/regulons_50.tsv	bd-rhap-rep1-X/regulons_50.tsv	bd-rhap-rep2-X/regulons_50.tsv
2747	b_cells	HLA-DOA	0.5384615384615384	50	50	50	50	bd-rhap-rep1-X/regulons_50.tsv vs bd-rhap-rep2-X/regulons_50.tsv	bd-rhap-rep1-X/regulons_50.tsv	bd-rhap-rep2-X/regulons_50.tsv
2748	nk_cells	VOPP1	0.5384615384615384	50	50	50	50	bd-rhap-rep1-X/regulons_50.tsv vs bd-rhap-rep2-X/regulons_50.tsv	bd-rhap-rep1-X/regulons_50.tsv	bd-rhap-rep2-X/regulons_50.tsv
2749	cd14+_monocytes	MLLT6	0.2345679012345679	50	50	50	50	bd-rhap-rep1-X/regulons_50.tsv vs bd-rhap-rep2-X/regulons_50.tsv	bd-rhap-rep1-X/regulons_50.tsv	bd-rhap-rep2-X/regulons_50.tsv
2750	cd4+_tcells	CDC42SE2	0.7857142857142857	50	50	50	50	bd-rhap-rep1-X/regulons_50.tsv vs bd-rhap-rep2-X/regulons_50.tsv	bd-rhap-rep1-X/regulons_50.tsv	bd-rhap-rep2-X/regulons_50.tsv
2751	b_cells	MCL1	0.4084507042253521	50	50	50	50	bd-rhap-rep1-X/regulons_50.tsv vs bd-rhap-rep2-X/regulons_50.tsv	bd-rhap-rep1-X/regulons_50.tsv	bd-rhap-rep2-X/regulons_50.tsv
2752	cd8+_tcells	PAG1	0.3333333333333333	50	50	50	50	bd-rhap-rep1-X/regulons_50.tsv vs bd-rhap-rep2-X/regulons_50.tsv	bd-rhap-rep1-X/regulons_50.tsv	bd-rhap-rep2-X/regulons_50.tsv
2753	b_cells	WDFY4	0.5151515151515151	50	50	50	50	bd-rhap-rep1-X/regulons_50.tsv vs bd-rhap-rep2-X/regulons_50.tsv	bd-rhap-rep1-X/regulons_50.tsv	bd-rhap-rep2-X/regulons_50.tsv
2754	b_cells	VAV3	0.3698630136986301	50	50	50	50	bd-rhap-rep1-X/regulons_50.tsv vs bd-rhap-rep2-X/regulons_50.tsv	bd-rhap-rep1-X/regulons_50.tsv	bd-rhap-rep2-X/regulons_50.tsv
2755	cd14-_monocytes	IL2RG	0.4084507042253521	50	50	50	50	bd-rhap-rep1-X/regulons_50.tsv vs bd-rhap-rep2-X/regulons_50.tsv	bd-rhap-rep1-X/regulons_50.tsv	bd-rhap-rep2-X/regulons_50.tsv
2756	pDC	IRF8	0.639344262295082	50	50	50	50	bd-rhap-rep1-X/regulons_50.tsv vs bd-rhap-rep2-X/regulons_50.tsv	bd-rhap-rep1-X/regulons_50.tsv	bd-rhap-rep2-X/regulons_50.tsv
2757	cd8+_tcells	EPB41	0.5151515151515151	50	50	50	50	bd-rhap-rep1-X/regulons_50.tsv vs bd-rhap-rep2-X/regulons_50.tsv	bd-rhap-rep1-X/regulons_50.tsv	bd-rhap-rep2-X/regulons_50.tsv
2758	cd14+_monocytes	SYTL3	0.3333333333333333	50	50	50	50	bd-rhap-rep1-X/regulons_50.tsv vs bd-rhap-rep2-X/regulons_50.tsv	bd-rhap-rep1-X/regulons_50.tsv	bd-rhap-rep2-X/regulons_50.tsv
2759	DC	ZFP36L1	0.3333333333333333	50	50	50	50	bd-rhap-rep1-X/regulons_50.tsv vs bd-rhap-rep2-X/regulons_50.tsv	bd-rhap-rep1-X/regulons_50.tsv	bd-rhap-rep2-X/regulons_50.tsv
2760	DC	UVRAG	0.5384615384615384	50	50	50	50	bd-rhap-rep1-X/regulons_50.tsv vs bd-rhap-rep2-X/regulons_50.tsv	bd-rhap-rep1-X/regulons_50.tsv	bd-rhap-rep2-X/regulons_50.tsv
2761	nk_cells	NFATC2	0.5873015873015873	50	50	50	50	bd-rhap-rep1-X/regulons_50.tsv vs bd-rhap-rep2-X/regulons_50.tsv	bd-rhap-rep1-X/regulons_50.tsv	bd-rhap-rep2-X/regulons_50.tsv
2762	b_cells	HLA-DPA1	0.5384615384615384	50	50	50	50	bd-rhap-rep1-X/regulons_50.tsv vs bd-rhap-rep2-X/regulons_50.tsv	bd-rhap-rep1-X/regulons_50.tsv	bd-rhap-rep2-X/regulons_50.tsv
2763	cd14-_monocytes	HDAC9	0.25	50	50	50	50	bd-rhap-rep1-X/regulons_50.tsv vs bd-rhap-rep2-X/regulons_50.tsv	bd-rhap-rep1-X/regulons_50.tsv	bd-rhap-rep2-X/regulons_50.tsv
2764	DC	HLA-DPB1	0.5873015873015873	50	50	50	50	bd-rhap-rep1-X/regulons_50.tsv vs bd-rhap-rep2-X/regulons_50.tsv	bd-rhap-rep1-X/regulons_50.tsv	bd-rhap-rep2-X/regulons_50.tsv
2765	b_cells	ANKRD44	0.4492753623188406	50	50	50	50	bd-rhap-rep1-X/regulons_50.tsv vs bd-rhap-rep2-X/regulons_50.tsv	bd-rhap-rep1-X/regulons_50.tsv	bd-rhap-rep2-X/regulons_50.tsv
2766	cd4+_tcells	RUNX1	0.26582278481012656	50	50	50	50	bd-rhap-rep1-X/regulons_50.tsv vs bd-rhap-rep2-X/regulons_50.tsv	bd-rhap-rep1-X/regulons_50.tsv	bd-rhap-rep2-X/regulons_50.tsv
2767	DC	HLA-DOA	0.47058823529411764	50	50	50	50	bd-rhap-rep1-X/regulons_50.tsv vs bd-rhap-rep2-X/regulons_50.tsv	bd-rhap-rep1-X/regulons_50.tsv	bd-rhap-rep2-X/regulons_50.tsv
2768	cd8+_tcells	SLAMF7	0.6129032258064516	50	50	50	50	bd-rhap-rep1-X/regulons_50.tsv vs bd-rhap-rep2-X/regulons_50.tsv	bd-rhap-rep1-X/regulons_50.tsv	bd-rhap-rep2-X/regulons_50.tsv
2769	DC	RHOB	0.35135135135135137	50	50	50	50	bd-rhap-rep1-X/regulons_50.tsv vs bd-rhap-rep2-X/regulons_50.tsv	bd-rhap-rep1-X/regulons_50.tsv	bd-rhap-rep2-X/regulons_50.tsv
2770	nk_cells	DAB2	0.4492753623188406	50	50	50	50	bd-rhap-rep1-X/regulons_50.tsv vs bd-rhap-rep2-X/regulons_50.tsv	bd-rhap-rep1-X/regulons_50.tsv	bd-rhap-rep2-X/regulons_50.tsv
2771	b_cells	IRF8	0.5384615384615384	50	50	50	50	bd-rhap-rep1-X/regulons_50.tsv vs bd-rhap-rep2-X/regulons_50.tsv	bd-rhap-rep1-X/regulons_50.tsv	bd-rhap-rep2-X/regulons_50.tsv
2772	b_cells	CDC42SE2	0.26582278481012656	50	50	50	50	bd-rhap-rep1-X/regulons_50.tsv vs bd-rhap-rep2-X/regulons_50.tsv	bd-rhap-rep1-X/regulons_50.tsv	bd-rhap-rep2-X/regulons_50.tsv
2773	cd4+_tcells	MAX	0.42857142857142855	50	50	50	50	bd-rhap-rep1-X/regulons_50.tsv vs bd-rhap-rep2-X/regulons_50.tsv	bd-rhap-rep1-X/regulons_50.tsv	bd-rhap-rep2-X/regulons_50.tsv
2774	pDC	AFF3	0.6129032258064516	50	50	50	50	bd-rhap-rep1-X/regulons_50.tsv vs bd-rhap-rep2-X/regulons_50.tsv	bd-rhap-rep1-X/regulons_50.tsv	bd-rhap-rep2-X/regulons_50.tsv
2775	cd4+_tcells	THEM4	0.3888888888888889	50	50	50	50	bd-rhap-rep1-X/regulons_50.tsv vs bd-rhap-rep2-X/regulons_50.tsv	bd-rhap-rep1-X/regulons_50.tsv	bd-rhap-rep2-X/regulons_50.tsv
2776	DC	HLA-DPA1	0.5625	50	50	50	50	bd-rhap-rep1-X/regulons_50.tsv vs bd-rhap-rep2-X/regulons_50.tsv	bd-rhap-rep1-X/regulons_50.tsv	bd-rhap-rep2-X/regulons_50.tsv
2777	pDC	VOPP1	0.5873015873015873	50	50	50	50	bd-rhap-rep1-X/regulons_50.tsv vs bd-rhap-rep2-X/regulons_50.tsv	bd-rhap-rep1-X/regulons_50.tsv	bd-rhap-rep2-X/regulons_50.tsv
2778	pDC	ALCAM	0.5873015873015873	50	50	50	50	bd-rhap-rep1-X/regulons_50.tsv vs bd-rhap-rep2-X/regulons_50.tsv	bd-rhap-rep1-X/regulons_50.tsv	bd-rhap-rep2-X/regulons_50.tsv
2779	cd8+_tcells	SLC38A1	0.6949152542372882	50	50	50	50	bd-rhap-rep1-X/regulons_50.tsv vs bd-rhap-rep2-X/regulons_50.tsv	bd-rhap-rep1-X/regulons_50.tsv	bd-rhap-rep2-X/regulons_50.tsv
2780	DC	FCN1	0.3698630136986301	50	50	50	50	bd-rhap-rep1-X/regulons_50.tsv vs bd-rhap-rep2-X/regulons_50.tsv	bd-rhap-rep1-X/regulons_50.tsv	bd-rhap-rep2-X/regulons_50.tsv
2781	cd14-_monocytes	LPP	0.4492753623188406	50	50	50	50	bd-rhap-rep1-X/regulons_50.tsv vs bd-rhap-rep2-X/regulons_50.tsv	bd-rhap-rep1-X/regulons_50.tsv	bd-rhap-rep2-X/regulons_50.tsv
2782	cd4+_tcells	GPRIN3	0.47058823529411764	50	50	50	50	bd-rhap-rep1-X/regulons_50.tsv vs bd-rhap-rep2-X/regulons_50.tsv	bd-rhap-rep1-X/regulons_50.tsv	bd-rhap-rep2-X/regulons_50.tsv
2783	cd14-_monocytes	DOCK10	0.28205128205128205	50	50	50	50	bd-rhap-rep1-X/regulons_50.tsv vs bd-rhap-rep2-X/regulons_50.tsv	bd-rhap-rep1-X/regulons_50.tsv	bd-rhap-rep2-X/regulons_50.tsv
2784	pDC	UVRAG	0.5151515151515151	50	50	50	50	bd-rhap-rep1-X/regulons_50.tsv vs bd-rhap-rep2-X/regulons_50.tsv	bd-rhap-rep1-X/regulons_50.tsv	bd-rhap-rep2-X/regulons_50.tsv
2785	cd14-_monocytes	CAMK1D	0.4925373134328358	50	50	50	50	bd-rhap-rep1-X/regulons_50.tsv vs bd-rhap-rep2-X/regulons_50.tsv	bd-rhap-rep1-X/regulons_50.tsv	bd-rhap-rep2-X/regulons_50.tsv
2786	pDC	PLD4	0.6129032258064516	50	50	50	50	bd-rhap-rep1-X/regulons_50.tsv vs bd-rhap-rep2-X/regulons_50.tsv	bd-rhap-rep1-X/regulons_50.tsv	bd-rhap-rep2-X/regulons_50.tsv
2787	nk_cells	CDC42SE2	0.6666666666666666	50	50	50	50	bd-rhap-rep1-X/regulons_50.tsv vs bd-rhap-rep2-X/regulons_50.tsv	bd-rhap-rep1-X/regulons_50.tsv	bd-rhap-rep2-X/regulons_50.tsv
2788	pDC	HLA-DOA	0.6949152542372882	50	50	50	50	bd-rhap-rep1-X/regulons_50.tsv vs bd-rhap-rep2-X/regulons_50.tsv	bd-rhap-rep1-X/regulons_50.tsv	bd-rhap-rep2-X/regulons_50.tsv
2789	pDC	HLA-DPB1	0.7241379310344828	50	50	50	50	bd-rhap-rep1-X/regulons_50.tsv vs bd-rhap-rep2-X/regulons_50.tsv	bd-rhap-rep1-X/regulons_50.tsv	bd-rhap-rep2-X/regulons_50.tsv
2790	cd14-_monocytes	PLBD1	0.4925373134328358	50	50	50	50	bd-rhap-rep1-X/regulons_50.tsv vs bd-rhap-rep2-X/regulons_50.tsv	bd-rhap-rep1-X/regulons_50.tsv	bd-rhap-rep2-X/regulons_50.tsv
2791	cd14-_monocytes	HLA-DQA1	0.42857142857142855	50	50	50	50	bd-rhap-rep1-X/regulons_50.tsv vs bd-rhap-rep2-X/regulons_50.tsv	bd-rhap-rep1-X/regulons_50.tsv	bd-rhap-rep2-X/regulons_50.tsv
2792	b_cells	VOPP1	0.5873015873015873	50	50	50	50	bd-rhap-rep1-X/regulons_50.tsv vs bd-rhap-rep2-X/regulons_50.tsv	bd-rhap-rep1-X/regulons_50.tsv	bd-rhap-rep2-X/regulons_50.tsv
2793	cd14-_monocytes	UBE2E2	0.3888888888888889	50	50	50	50	bd-rhap-rep1-X/regulons_50.tsv vs bd-rhap-rep2-X/regulons_50.tsv	bd-rhap-rep1-X/regulons_50.tsv	bd-rhap-rep2-X/regulons_50.tsv
2794	cd4+_tcells	TRERF1	0.3888888888888889	50	50	50	50	bd-rhap-rep1-X/regulons_50.tsv vs bd-rhap-rep2-X/regulons_50.tsv	bd-rhap-rep1-X/regulons_50.tsv	bd-rhap-rep2-X/regulons_50.tsv
2795	b_cells	HLA-DRA	0.5384615384615384	50	50	50	50	bd-rhap-rep1-X/regulons_50.tsv vs bd-rhap-rep2-X/regulons_50.tsv	bd-rhap-rep1-X/regulons_50.tsv	bd-rhap-rep2-X/regulons_50.tsv
2796	DC	HLA-DRB1	0.4925373134328358	50	50	50	50	bd-rhap-rep1-X/regulons_50.tsv vs bd-rhap-rep2-X/regulons_50.tsv	bd-rhap-rep1-X/regulons_50.tsv	bd-rhap-rep2-X/regulons_50.tsv
2797	nk_cells	EPB41	0.6949152542372882	50	50	50	50	bd-rhap-rep1-X/regulons_50.tsv vs bd-rhap-rep2-X/regulons_50.tsv	bd-rhap-rep1-X/regulons_50.tsv	bd-rhap-rep2-X/regulons_50.tsv
2798	cd14-_monocytes	NRGN	0.4925373134328358	50	50	50	50	bd-rhap-rep1-X/regulons_50.tsv vs bd-rhap-rep2-X/regulons_50.tsv	bd-rhap-rep1-X/regulons_50.tsv	bd-rhap-rep2-X/regulons_50.tsv
2799	pDC	MCL1	0.5625	50	50	50	50	bd-rhap-rep1-X/regulons_50.tsv vs bd-rhap-rep2-X/regulons_50.tsv	bd-rhap-rep1-X/regulons_50.tsv	bd-rhap-rep2-X/regulons_50.tsv
2800	cd8+_tcells	PHACTR2	0.4925373134328358	50	50	50	50	bd-rhap-rep1-X/regulons_50.tsv vs bd-rhap-rep2-X/regulons_50.tsv	bd-rhap-rep1-X/regulons_50.tsv	bd-rhap-rep2-X/regulons_50.tsv
2801	cd4+_tcells	TAGLN2	0.42857142857142855	50	50	50	50	bd-rhap-rep1-X/regulons_50.tsv vs bd-rhap-rep2-X/regulons_50.tsv	bd-rhap-rep1-X/regulons_50.tsv	bd-rhap-rep2-X/regulons_50.tsv
2802	cd14+_monocytes	VOPP1	0.3333333333333333	50	50	50	50	bd-rhap-rep1-X/regulons_50.tsv vs bd-rhap-rep2-X/regulons_50.tsv	bd-rhap-rep1-X/regulons_50.tsv	bd-rhap-rep2-X/regulons_50.tsv
2803	cd8+_tcells	NIBAN1	0.7241379310344828	50	50	50	50	bd-rhap-rep1-X/regulons_50.tsv vs bd-rhap-rep2-X/regulons_50.tsv	bd-rhap-rep1-X/regulons_50.tsv	bd-rhap-rep2-X/regulons_50.tsv
2804	pDC	HLA-DPA1	0.7241379310344828	50	50	50	50	bd-rhap-rep1-X/regulons_50.tsv vs bd-rhap-rep2-X/regulons_50.tsv	bd-rhap-rep1-X/regulons_50.tsv	bd-rhap-rep2-X/regulons_50.tsv
2805	cd14-_monocytes	MNDA	0.47058823529411764	50	50	50	50	bd-rhap-rep1-X/regulons_50.tsv vs bd-rhap-rep2-X/regulons_50.tsv	bd-rhap-rep1-X/regulons_50.tsv	bd-rhap-rep2-X/regulons_50.tsv
2806	DC	CD1C	0.4084507042253521	50	50	50	50	bd-rhap-rep1-X/regulons_50.tsv vs bd-rhap-rep2-X/regulons_50.tsv	bd-rhap-rep1-X/regulons_50.tsv	bd-rhap-rep2-X/regulons_50.tsv
2807	b_cells	OFD1	0.5151515151515151	50	50	50	50	bd-rhap-rep1-X/regulons_50.tsv vs bd-rhap-rep2-X/regulons_50.tsv	bd-rhap-rep1-X/regulons_50.tsv	bd-rhap-rep2-X/regulons_50.tsv
2808	DC	HLA-DRA	0.5625	50	50	50	50	bd-rhap-rep1-X/regulons_50.tsv vs bd-rhap-rep2-X/regulons_50.tsv	bd-rhap-rep1-X/regulons_50.tsv	bd-rhap-rep2-X/regulons_50.tsv
2809	cd4+_tcells	ARL4C	0.5625	50	50	50	50	bd-rhap-rep1-X/regulons_50.tsv vs bd-rhap-rep2-X/regulons_50.tsv	bd-rhap-rep1-X/regulons_50.tsv	bd-rhap-rep2-X/regulons_50.tsv
2810	cd4+_tcells	IFITM2	0.4492753623188406	50	50	50	50	bd-rhap-rep1-X/regulons_50.tsv vs bd-rhap-rep2-X/regulons_50.tsv	bd-rhap-rep1-X/regulons_50.tsv	bd-rhap-rep2-X/regulons_50.tsv
2811	cd14-_monocytes	S100A8	0.4492753623188406	50	50	50	50	bd-rhap-rep1-X/regulons_50.tsv vs bd-rhap-rep2-X/regulons_50.tsv	bd-rhap-rep1-X/regulons_50.tsv	bd-rhap-rep2-X/regulons_50.tsv
2812	cd8+_tcells	ARL4C	0.6129032258064516	50	50	50	50	bd-rhap-rep1-X/regulons_50.tsv vs bd-rhap-rep2-X/regulons_50.tsv	bd-rhap-rep1-X/regulons_50.tsv	bd-rhap-rep2-X/regulons_50.tsv
2813	pDC	VCL	0.28205128205128205	50	50	50	50	bd-rhap-rep1-X/regulons_50.tsv vs bd-rhap-rep2-X/regulons_50.tsv	bd-rhap-rep1-X/regulons_50.tsv	bd-rhap-rep2-X/regulons_50.tsv
2814	pDC	GNG2	0.26582278481012656	50	50	50	50	bd-rhap-rep1-X/regulons_50.tsv vs bd-rhap-rep2-X/regulons_50.tsv	bd-rhap-rep1-X/regulons_50.tsv	bd-rhap-rep2-X/regulons_50.tsv
2815	b_cells	TAGLN2	0.47058823529411764	50	50	50	50	bd-rhap-rep1-X/regulons_50.tsv vs bd-rhap-rep2-X/regulons_50.tsv	bd-rhap-rep1-X/regulons_50.tsv	bd-rhap-rep2-X/regulons_50.tsv
2816	nk_cells	GPRIN3	0.6949152542372882	50	50	50	50	bd-rhap-rep1-X/regulons_50.tsv vs bd-rhap-rep2-X/regulons_50.tsv	bd-rhap-rep1-X/regulons_50.tsv	bd-rhap-rep2-X/regulons_50.tsv
2817	b_cells	CXCR4	0.3157894736842105	50	50	50	50	bd-rhap-rep1-X/regulons_50.tsv vs bd-rhap-rep2-X/regulons_50.tsv	bd-rhap-rep1-X/regulons_50.tsv	bd-rhap-rep2-X/regulons_50.tsv
2818	nk_cells	OFD1	0.47058823529411764	50	50	50	50	bd-rhap-rep1-X/regulons_50.tsv vs bd-rhap-rep2-X/regulons_50.tsv	bd-rhap-rep1-X/regulons_50.tsv	bd-rhap-rep2-X/regulons_50.tsv
2819	DC	MCL1	0.3333333333333333	50	50	50	50	bd-rhap-rep1-X/regulons_50.tsv vs bd-rhap-rep2-X/regulons_50.tsv	bd-rhap-rep1-X/regulons_50.tsv	bd-rhap-rep2-X/regulons_50.tsv
2820	b_cells	PALM2AKAP2	0.5625	50	50	50	50	bd-rhap-rep1-X/regulons_50.tsv vs bd-rhap-rep2-X/regulons_50.tsv	bd-rhap-rep1-X/regulons_50.tsv	bd-rhap-rep2-X/regulons_50.tsv
2821	cd14+_monocytes	ARHGAP15	0.5151515151515151	50	50	50	50	bd-rhap-rep1-X/regulons_50.tsv vs bd-rhap-rep2-X/regulons_50.tsv	bd-rhap-rep1-X/regulons_50.tsv	bd-rhap-rep2-X/regulons_50.tsv
2822	cd4+_tcells	IL2RG	0.7543859649122807	50	50	50	50	bd-rhap-rep1-X/regulons_50.tsv vs bd-rhap-rep2-X/regulons_50.tsv	bd-rhap-rep1-X/regulons_50.tsv	bd-rhap-rep2-X/regulons_50.tsv
2823	cd14+_monocytes	GCC2	0.21951219512195122	50	50	50	50	bd-rhap-rep1-X/regulons_50.tsv vs bd-rhap-rep2-X/regulons_50.tsv	bd-rhap-rep1-X/regulons_50.tsv	bd-rhap-rep2-X/regulons_50.tsv
2824	cd14-_monocytes	CMAHP--chr6:25061611(-)	0.42857142857142855	50	50	50	50	bd-rhap-rep1-X/regulons_50.tsv vs bd-rhap-rep2-X/regulons_50.tsv	bd-rhap-rep1-X/regulons_50.tsv	bd-rhap-rep2-X/regulons_50.tsv
2825	DC	CSF3R	0.4084507042253521	50	50	50	50	bd-rhap-rep1-X/regulons_50.tsv vs bd-rhap-rep2-X/regulons_50.tsv	bd-rhap-rep1-X/regulons_50.tsv	bd-rhap-rep2-X/regulons_50.tsv
2826	cd14+_monocytes	NR4A1	0.4925373134328358	50	50	50	50	bd-rhap-rep1-X/regulons_50.tsv vs bd-rhap-rep2-X/regulons_50.tsv	bd-rhap-rep1-X/regulons_50.tsv	bd-rhap-rep2-X/regulons_50.tsv
2827	cd14-_monocytes	RUFY1	0.17647058823529413	50	50	50	50	bd-rhap-rep1-X/regulons_50.tsv vs bd-rhap-rep2-X/regulons_50.tsv	bd-rhap-rep1-X/regulons_50.tsv	bd-rhap-rep2-X/regulons_50.tsv
2828	cd4+_tcells	SLC38A1	0.639344262295082	50	50	50	50	bd-rhap-rep1-X/regulons_50.tsv vs bd-rhap-rep2-X/regulons_50.tsv	bd-rhap-rep1-X/regulons_50.tsv	bd-rhap-rep2-X/regulons_50.tsv
2829	DC	TAGLN2	0.3157894736842105	50	50	50	50	bd-rhap-rep1-X/regulons_50.tsv vs bd-rhap-rep2-X/regulons_50.tsv	bd-rhap-rep1-X/regulons_50.tsv	bd-rhap-rep2-X/regulons_50.tsv
2830	DC	ID2	0.4084507042253521	50	50	50	50	bd-rhap-rep1-X/regulons_50.tsv vs bd-rhap-rep2-X/regulons_50.tsv	bd-rhap-rep1-X/regulons_50.tsv	bd-rhap-rep2-X/regulons_50.tsv
2831	cd14-_monocytes	EVL	0.5384615384615384	50	50	50	50	bd-rhap-rep1-X/regulons_50.tsv vs bd-rhap-rep2-X/regulons_50.tsv	bd-rhap-rep1-X/regulons_50.tsv	bd-rhap-rep2-X/regulons_50.tsv
2832	cd14-_monocytes	SESN3	0.42857142857142855	50	50	50	50	bd-rhap-rep1-X/regulons_50.tsv vs bd-rhap-rep2-X/regulons_50.tsv	bd-rhap-rep1-X/regulons_50.tsv	bd-rhap-rep2-X/regulons_50.tsv
2833	b_cells	ELMO1	0.5384615384615384	50	50	50	50	bd-rhap-rep1-X/regulons_50.tsv vs bd-rhap-rep2-X/regulons_50.tsv	bd-rhap-rep1-X/regulons_50.tsv	bd-rhap-rep2-X/regulons_50.tsv
2834	nk_cells	ARL4C	0.6949152542372882	50	50	50	50	bd-rhap-rep1-X/regulons_50.tsv vs bd-rhap-rep2-X/regulons_50.tsv	bd-rhap-rep1-X/regulons_50.tsv	bd-rhap-rep2-X/regulons_50.tsv
2835	nk_cells	IFITM2	0.4925373134328358	50	50	50	50	bd-rhap-rep1-X/regulons_50.tsv vs bd-rhap-rep2-X/regulons_50.tsv	bd-rhap-rep1-X/regulons_50.tsv	bd-rhap-rep2-X/regulons_50.tsv
2836	cd4+_tcells	PHACTR2	0.3888888888888889	50	50	50	50	bd-rhap-rep1-X/regulons_50.tsv vs bd-rhap-rep2-X/regulons_50.tsv	bd-rhap-rep1-X/regulons_50.tsv	bd-rhap-rep2-X/regulons_50.tsv
2837	pDC	FLT3	0.6129032258064516	50	50	50	50	bd-rhap-rep1-X/regulons_50.tsv vs bd-rhap-rep2-X/regulons_50.tsv	bd-rhap-rep1-X/regulons_50.tsv	bd-rhap-rep2-X/regulons_50.tsv
2838	b_cells	HDAC9	0.47058823529411764	50	50	50	50	bd-rhap-rep1-X/regulons_50.tsv vs bd-rhap-rep2-X/regulons_50.tsv	bd-rhap-rep1-X/regulons_50.tsv	bd-rhap-rep2-X/regulons_50.tsv
2839	DC	S100A9	0.3698630136986301	50	50	50	50	bd-rhap-rep1-X/regulons_50.tsv vs bd-rhap-rep2-X/regulons_50.tsv	bd-rhap-rep1-X/regulons_50.tsv	bd-rhap-rep2-X/regulons_50.tsv
2840	cd4+_tcells	NIBAN1	0.10909090909090909	50	11	50	50	bd-rhap-rep1-X/regulons_50.tsv vs bd-rhap-rep2-X/regulons_50.tsv	bd-rhap-rep1-X/regulons_50.tsv	bd-rhap-rep2-X/regulons_50.tsv
2841	cd14-_monocytes	VOPP1	0.42857142857142855	50	50	50	50	bd-rhap-rep1-X/regulons_50.tsv vs bd-rhap-rep2-X/regulons_50.tsv	bd-rhap-rep1-X/regulons_50.tsv	bd-rhap-rep2-X/regulons_50.tsv
2842	cd8+_tcells	CD2	0.6949152542372882	50	50	50	50	bd-rhap-rep1-X/regulons_50.tsv vs bd-rhap-rep2-X/regulons_50.tsv	bd-rhap-rep1-X/regulons_50.tsv	bd-rhap-rep2-X/regulons_50.tsv
2843	b_cells	SLC38A1	0.6129032258064516	50	50	50	50	bd-rhap-rep1-X/regulons_50.tsv vs bd-rhap-rep2-X/regulons_50.tsv	bd-rhap-rep1-X/regulons_50.tsv	bd-rhap-rep2-X/regulons_50.tsv
2844	nk_cells	EVL	0.5151515151515151	50	50	50	50	bd-rhap-rep1-X/regulons_50.tsv vs bd-rhap-rep2-X/regulons_50.tsv	bd-rhap-rep1-X/regulons_50.tsv	bd-rhap-rep2-X/regulons_50.tsv
2845	b_cells	FCGR2B	0.47058823529411764	50	50	50	50	bd-rhap-rep1-X/regulons_50.tsv vs bd-rhap-rep2-X/regulons_50.tsv	bd-rhap-rep1-X/regulons_50.tsv	bd-rhap-rep2-X/regulons_50.tsv
2846	cd14+_monocytes	HDAC9	0.5151515151515151	50	50	50	50	bd-rhap-rep1-X/regulons_50.tsv vs bd-rhap-rep2-X/regulons_50.tsv	bd-rhap-rep1-X/regulons_50.tsv	bd-rhap-rep2-X/regulons_50.tsv
2847	nk_cells	IL2RG	0.6949152542372882	50	50	50	50	bd-rhap-rep1-X/regulons_50.tsv vs bd-rhap-rep2-X/regulons_50.tsv	bd-rhap-rep1-X/regulons_50.tsv	bd-rhap-rep2-X/regulons_50.tsv
2848	nk_cells	SLC38A1	0.6949152542372882	50	50	50	50	bd-rhap-rep1-X/regulons_50.tsv vs bd-rhap-rep2-X/regulons_50.tsv	bd-rhap-rep1-X/regulons_50.tsv	bd-rhap-rep2-X/regulons_50.tsv
2849	cd14+_monocytes	CCNH	0.28205128205128205	50	50	50	50	bd-rhap-rep1-X/regulons_50.tsv vs bd-rhap-rep2-X/regulons_50.tsv	bd-rhap-rep1-X/regulons_50.tsv	bd-rhap-rep2-X/regulons_50.tsv
2850	DC	SLC38A1	0.47058823529411764	50	50	50	50	bd-rhap-rep1-X/regulons_50.tsv vs bd-rhap-rep2-X/regulons_50.tsv	bd-rhap-rep1-X/regulons_50.tsv	bd-rhap-rep2-X/regulons_50.tsv
2851	cd8+_tcells	TLK1	0.5625	50	50	50	50	bd-rhap-rep1-X/regulons_50.tsv vs bd-rhap-rep2-X/regulons_50.tsv	bd-rhap-rep1-X/regulons_50.tsv	bd-rhap-rep2-X/regulons_50.tsv
2852	nk_cells	H4C3	0.4084507042253521	50	50	50	50	bd-rhap-rep1-X/regulons_50.tsv vs bd-rhap-rep2-X/regulons_50.tsv	bd-rhap-rep1-X/regulons_50.tsv	bd-rhap-rep2-X/regulons_50.tsv
2853	cd14-_monocytes	CSF3R	0.47058823529411764	50	50	50	50	bd-rhap-rep1-X/regulons_50.tsv vs bd-rhap-rep2-X/regulons_50.tsv	bd-rhap-rep1-X/regulons_50.tsv	bd-rhap-rep2-X/regulons_50.tsv
2854	pDC	IFITM2	0.47058823529411764	50	50	50	50	bd-rhap-rep1-X/regulons_50.tsv vs bd-rhap-rep2-X/regulons_50.tsv	bd-rhap-rep1-X/regulons_50.tsv	bd-rhap-rep2-X/regulons_50.tsv
2855	nk_cells	TRIB2	0.42857142857142855	50	50	50	50	bd-rhap-rep1-X/regulons_50.tsv vs bd-rhap-rep2-X/regulons_50.tsv	bd-rhap-rep1-X/regulons_50.tsv	bd-rhap-rep2-X/regulons_50.tsv
2856	pDC	ARL4C	0.5384615384615384	50	50	50	50	bd-rhap-rep1-X/regulons_50.tsv vs bd-rhap-rep2-X/regulons_50.tsv	bd-rhap-rep1-X/regulons_50.tsv	bd-rhap-rep2-X/regulons_50.tsv
2857	cd14+_monocytes	RUNX3	0.5151515151515151	50	50	50	50	bd-rhap-rep1-X/regulons_50.tsv vs bd-rhap-rep2-X/regulons_50.tsv	bd-rhap-rep1-X/regulons_50.tsv	bd-rhap-rep2-X/regulons_50.tsv
2858	cd14-_monocytes	HLA-DPA1	0.4492753623188406	50	50	50	50	bd-rhap-rep1-X/regulons_50.tsv vs bd-rhap-rep2-X/regulons_50.tsv	bd-rhap-rep1-X/regulons_50.tsv	bd-rhap-rep2-X/regulons_50.tsv
2859	pDC	HLA-DQB1	0.4925373134328358	50	50	50	50	bd-rhap-rep1-X/regulons_50.tsv vs bd-rhap-rep2-X/regulons_50.tsv	bd-rhap-rep1-X/regulons_50.tsv	bd-rhap-rep2-X/regulons_50.tsv
2860	b_cells	HLA-DQA1	0.4925373134328358	50	50	50	50	bd-rhap-rep1-X/regulons_50.tsv vs bd-rhap-rep2-X/regulons_50.tsv	bd-rhap-rep1-X/regulons_50.tsv	bd-rhap-rep2-X/regulons_50.tsv
2861	cd8+_tcells	HLA-DPB1	0.4925373134328358	50	50	50	50	bd-rhap-rep1-X/regulons_50.tsv vs bd-rhap-rep2-X/regulons_50.tsv	bd-rhap-rep1-X/regulons_50.tsv	bd-rhap-rep2-X/regulons_50.tsv
2862	cd14+_monocytes	PHACTR2	0.4492753623188406	50	50	50	50	bd-rhap-rep1-X/regulons_50.tsv vs bd-rhap-rep2-X/regulons_50.tsv	bd-rhap-rep1-X/regulons_50.tsv	bd-rhap-rep2-X/regulons_50.tsv
2863	cd14-_monocytes	FCN1	0.3888888888888889	50	50	50	50	bd-rhap-rep1-X/regulons_50.tsv vs bd-rhap-rep2-X/regulons_50.tsv	bd-rhap-rep1-X/regulons_50.tsv	bd-rhap-rep2-X/regulons_50.tsv
2864	cd14+_monocytes	MAML3	0.3333333333333333	50	50	50	50	bd-rhap-rep1-X/regulons_50.tsv vs bd-rhap-rep2-X/regulons_50.tsv	bd-rhap-rep1-X/regulons_50.tsv	bd-rhap-rep2-X/regulons_50.tsv
2865	b_cells	BCL11A	0.6666666666666666	50	50	50	50	bd-rhap-rep1-X/regulons_50.tsv vs bd-rhap-rep2-X/regulons_50.tsv	bd-rhap-rep1-X/regulons_50.tsv	bd-rhap-rep2-X/regulons_50.tsv
2866	cd14+_monocytes	LCORL	0.3333333333333333	50	50	50	50	bd-rhap-rep1-X/regulons_50.tsv vs bd-rhap-rep2-X/regulons_50.tsv	bd-rhap-rep1-X/regulons_50.tsv	bd-rhap-rep2-X/regulons_50.tsv
2867	b_cells	HLA-DQB1	0.47058823529411764	50	50	50	50	bd-rhap-rep1-X/regulons_50.tsv vs bd-rhap-rep2-X/regulons_50.tsv	bd-rhap-rep1-X/regulons_50.tsv	bd-rhap-rep2-X/regulons_50.tsv
2868	pDC	HDAC9	0.4925373134328358	50	50	50	50	bd-rhap-rep1-X/regulons_50.tsv vs bd-rhap-rep2-X/regulons_50.tsv	bd-rhap-rep1-X/regulons_50.tsv	bd-rhap-rep2-X/regulons_50.tsv
2869	cd4+_tcells	H4C3	0.5384615384615384	50	50	50	50	bd-rhap-rep1-X/regulons_50.tsv vs bd-rhap-rep2-X/regulons_50.tsv	bd-rhap-rep1-X/regulons_50.tsv	bd-rhap-rep2-X/regulons_50.tsv
2870	cd8+_tcells	HLA-DPA1	0.4492753623188406	50	50	50	50	bd-rhap-rep1-X/regulons_50.tsv vs bd-rhap-rep2-X/regulons_50.tsv	bd-rhap-rep1-X/regulons_50.tsv	bd-rhap-rep2-X/regulons_50.tsv
2871	DC	HLA-DQA1	0.5151515151515151	50	50	50	50	bd-rhap-rep1-X/regulons_50.tsv vs bd-rhap-rep2-X/regulons_50.tsv	bd-rhap-rep1-X/regulons_50.tsv	bd-rhap-rep2-X/regulons_50.tsv
2872	cd14-_monocytes	LDLRAD4	0.20481927710843373	50	50	50	50	bd-rhap-rep1-X/regulons_50.tsv vs bd-rhap-rep2-X/regulons_50.tsv	bd-rhap-rep1-X/regulons_50.tsv	bd-rhap-rep2-X/regulons_50.tsv
2873	DC	RGS2	0.28205128205128205	50	50	50	50	bd-rhap-rep1-X/regulons_50.tsv vs bd-rhap-rep2-X/regulons_50.tsv	bd-rhap-rep1-X/regulons_50.tsv	bd-rhap-rep2-X/regulons_50.tsv
2874	b_cells	TCF4	0.5384615384615384	50	50	50	50	bd-rhap-rep1-X/regulons_50.tsv vs bd-rhap-rep2-X/regulons_50.tsv	bd-rhap-rep1-X/regulons_50.tsv	bd-rhap-rep2-X/regulons_50.tsv
2875	cd14+_monocytes	EXOC4	0.3333333333333333	50	50	50	50	bd-rhap-rep1-X/regulons_50.tsv vs bd-rhap-rep2-X/regulons_50.tsv	bd-rhap-rep1-X/regulons_50.tsv	bd-rhap-rep2-X/regulons_50.tsv
2876	pDC	SLC38A1	0.639344262295082	50	50	50	50	bd-rhap-rep1-X/regulons_50.tsv vs bd-rhap-rep2-X/regulons_50.tsv	bd-rhap-rep1-X/regulons_50.tsv	bd-rhap-rep2-X/regulons_50.tsv
2877	pDC	GPR183	0.47058823529411764	50	50	50	50	bd-rhap-rep1-X/regulons_50.tsv vs bd-rhap-rep2-X/regulons_50.tsv	bd-rhap-rep1-X/regulons_50.tsv	bd-rhap-rep2-X/regulons_50.tsv
2878	cd4+_tcells	KIF2A	0.4492753623188406	50	50	50	50	bd-rhap-rep1-X/regulons_50.tsv vs bd-rhap-rep2-X/regulons_50.tsv	bd-rhap-rep1-X/regulons_50.tsv	bd-rhap-rep2-X/regulons_50.tsv
2879	cd4+_tcells	ARB2A	0.28205128205128205	50	50	50	50	bd-rhap-rep1-X/regulons_50.tsv vs bd-rhap-rep2-X/regulons_50.tsv	bd-rhap-rep1-X/regulons_50.tsv	bd-rhap-rep2-X/regulons_50.tsv
2880	cd14-_monocytes	SLAMF7	0.5151515151515151	50	50	50	50	bd-rhap-rep1-X/regulons_50.tsv vs bd-rhap-rep2-X/regulons_50.tsv	bd-rhap-rep1-X/regulons_50.tsv	bd-rhap-rep2-X/regulons_50.tsv
2881	cd8+_tcells	RABGAP1L	0.5151515151515151	50	50	50	50	bd-rhap-rep1-X/regulons_50.tsv vs bd-rhap-rep2-X/regulons_50.tsv	bd-rhap-rep1-X/regulons_50.tsv	bd-rhap-rep2-X/regulons_50.tsv
2882	DC	ARL4C	0.4925373134328358	50	50	50	50	bd-rhap-rep1-X/regulons_50.tsv vs bd-rhap-rep2-X/regulons_50.tsv	bd-rhap-rep1-X/regulons_50.tsv	bd-rhap-rep2-X/regulons_50.tsv
2883	DC	IFITM2	0.3698630136986301	50	50	50	50	bd-rhap-rep1-X/regulons_50.tsv vs bd-rhap-rep2-X/regulons_50.tsv	bd-rhap-rep1-X/regulons_50.tsv	bd-rhap-rep2-X/regulons_50.tsv
2884	cd8+_tcells	CDC42SE2	0.6129032258064516	50	50	50	50	bd-rhap-rep1-X/regulons_50.tsv vs bd-rhap-rep2-X/regulons_50.tsv	bd-rhap-rep1-X/regulons_50.tsv	bd-rhap-rep2-X/regulons_50.tsv
2885	cd4+_tcells	DOCK10	0.5151515151515151	50	50	50	50	bd-rhap-rep1-X/regulons_50.tsv vs bd-rhap-rep2-X/regulons_50.tsv	bd-rhap-rep1-X/regulons_50.tsv	bd-rhap-rep2-X/regulons_50.tsv
2886	cd4+_tcells	CD2	0.6129032258064516	50	50	50	50	bd-rhap-rep1-X/regulons_50.tsv vs bd-rhap-rep2-X/regulons_50.tsv	bd-rhap-rep1-X/regulons_50.tsv	bd-rhap-rep2-X/regulons_50.tsv
2887	DC	HLA-DQB1	0.5625	50	50	50	50	bd-rhap-rep1-X/regulons_50.tsv vs bd-rhap-rep2-X/regulons_50.tsv	bd-rhap-rep1-X/regulons_50.tsv	bd-rhap-rep2-X/regulons_50.tsv
2888	pDC	HIP1	0.6129032258064516	50	50	50	50	bd-rhap-rep1-X/regulons_50.tsv vs bd-rhap-rep2-X/regulons_50.tsv	bd-rhap-rep1-X/regulons_50.tsv	bd-rhap-rep2-X/regulons_50.tsv
2889	cd14+_monocytes	FRMD4B	0.4492753623188406	50	50	50	50	bd-rhap-rep1-X/regulons_50.tsv vs bd-rhap-rep2-X/regulons_50.tsv	bd-rhap-rep1-X/regulons_50.tsv	bd-rhap-rep2-X/regulons_50.tsv
2890	cd4+_tcells	SELL	0.42857142857142855	50	50	50	50	bd-rhap-rep1-X/regulons_50.tsv vs bd-rhap-rep2-X/regulons_50.tsv	bd-rhap-rep1-X/regulons_50.tsv	bd-rhap-rep2-X/regulons_50.tsv
2891	DC	MNDA	0.4084507042253521	50	50	50	50	bd-rhap-rep1-X/regulons_50.tsv vs bd-rhap-rep2-X/regulons_50.tsv	bd-rhap-rep1-X/regulons_50.tsv	bd-rhap-rep2-X/regulons_50.tsv
2892	b_cells	CCDC50	0.4492753623188406	50	50	50	50	bd-rhap-rep1-X/regulons_50.tsv vs bd-rhap-rep2-X/regulons_50.tsv	bd-rhap-rep1-X/regulons_50.tsv	bd-rhap-rep2-X/regulons_50.tsv
2893	b_cells	H4C3	0.5384615384615384	50	50	50	50	bd-rhap-rep1-X/regulons_50.tsv vs bd-rhap-rep2-X/regulons_50.tsv	bd-rhap-rep1-X/regulons_50.tsv	bd-rhap-rep2-X/regulons_50.tsv
2894	cd14+_monocytes	ACTN1	0.3333333333333333	50	50	50	50	bd-rhap-rep1-X/regulons_50.tsv vs bd-rhap-rep2-X/regulons_50.tsv	bd-rhap-rep1-X/regulons_50.tsv	bd-rhap-rep2-X/regulons_50.tsv
2895	pDC	SELL	0.5873015873015873	50	50	50	50	bd-rhap-rep1-X/regulons_50.tsv vs bd-rhap-rep2-X/regulons_50.tsv	bd-rhap-rep1-X/regulons_50.tsv	bd-rhap-rep2-X/regulons_50.tsv
2896	pDC	FCER1A	0.4084507042253521	50	50	50	50	bd-rhap-rep1-X/regulons_50.tsv vs bd-rhap-rep2-X/regulons_50.tsv	bd-rhap-rep1-X/regulons_50.tsv	bd-rhap-rep2-X/regulons_50.tsv
2897	cd4+_tcells	VOPP1	0.6129032258064516	50	50	50	50	bd-rhap-rep1-X/regulons_50.tsv vs bd-rhap-rep2-X/regulons_50.tsv	bd-rhap-rep1-X/regulons_50.tsv	bd-rhap-rep2-X/regulons_50.tsv
2898	pDC	HLA-DQA1	0.7241379310344828	50	50	50	50	bd-rhap-rep1-X/regulons_50.tsv vs bd-rhap-rep2-X/regulons_50.tsv	bd-rhap-rep1-X/regulons_50.tsv	bd-rhap-rep2-X/regulons_50.tsv
2899	b_cells	KIF2A	0.3698630136986301	50	50	50	50	bd-rhap-rep1-X/regulons_50.tsv vs bd-rhap-rep2-X/regulons_50.tsv	bd-rhap-rep1-X/regulons_50.tsv	bd-rhap-rep2-X/regulons_50.tsv
2900	cd8+_tcells	VOPP1	0.5625	50	50	50	50	bd-rhap-rep1-X/regulons_50.tsv vs bd-rhap-rep2-X/regulons_50.tsv	bd-rhap-rep1-X/regulons_50.tsv	bd-rhap-rep2-X/regulons_50.tsv
2901	nk_cells	VAV3	0.4925373134328358	50	50	50	50	bd-rhap-rep1-X/regulons_50.tsv vs bd-rhap-rep2-X/regulons_50.tsv	bd-rhap-rep1-X/regulons_50.tsv	bd-rhap-rep2-X/regulons_50.tsv
2902	cd14-_monocytes	CCDC91	0.3698630136986301	50	50	50	50	bd-rhap-rep1-X/regulons_50.tsv vs bd-rhap-rep2-X/regulons_50.tsv	bd-rhap-rep1-X/regulons_50.tsv	bd-rhap-rep2-X/regulons_50.tsv
2903	cd4+_tcells	TLK1	0.4492753623188406	50	50	50	50	bd-rhap-rep1-X/regulons_50.tsv vs bd-rhap-rep2-X/regulons_50.tsv	bd-rhap-rep1-X/regulons_50.tsv	bd-rhap-rep2-X/regulons_50.tsv
2904	DC	RGS18	0.0989010989010989	50	50	50	50	bd-rhap-rep1-X/regulons_50.tsv vs bd-rhap-rep2-X/regulons_50.tsv	bd-rhap-rep1-X/regulons_50.tsv	bd-rhap-rep2-X/regulons_50.tsv
2905	b_cells	DOCK10	0.42857142857142855	50	50	50	50	bd-rhap-rep1-X/regulons_50.tsv vs bd-rhap-rep2-X/regulons_50.tsv	bd-rhap-rep1-X/regulons_50.tsv	bd-rhap-rep2-X/regulons_50.tsv
2906	nk_cells	ANKRD44	0.6666666666666666	50	50	50	50	bd-rhap-rep1-X/regulons_50.tsv vs bd-rhap-rep2-X/regulons_50.tsv	bd-rhap-rep1-X/regulons_50.tsv	bd-rhap-rep2-X/regulons_50.tsv
2907	b_cells	SELL	0.47058823529411764	50	50	50	50	bd-rhap-rep1-X/regulons_50.tsv vs bd-rhap-rep2-X/regulons_50.tsv	bd-rhap-rep1-X/regulons_50.tsv	bd-rhap-rep2-X/regulons_50.tsv
2908	DC	LYZ	0.4925373134328358	50	50	50	50	bd-rhap-rep1-X/regulons_50.tsv vs bd-rhap-rep2-X/regulons_50.tsv	bd-rhap-rep1-X/regulons_50.tsv	bd-rhap-rep2-X/regulons_50.tsv
2909	cd8+_tcells	NFATC2	0.4492753623188406	50	50	50	50	bd-rhap-rep1-X/regulons_50.tsv vs bd-rhap-rep2-X/regulons_50.tsv	bd-rhap-rep1-X/regulons_50.tsv	bd-rhap-rep2-X/regulons_50.tsv
2910	b_cells	ADAM28	0.6129032258064516	50	50	50	50	bd-rhap-rep1-X/regulons_50.tsv vs bd-rhap-rep2-X/regulons_50.tsv	bd-rhap-rep1-X/regulons_50.tsv	bd-rhap-rep2-X/regulons_50.tsv
2911	cd14-_monocytes	FAM117B	0.42857142857142855	50	50	50	50	bd-rhap-rep1-X/regulons_50.tsv vs bd-rhap-rep2-X/regulons_50.tsv	bd-rhap-rep1-X/regulons_50.tsv	bd-rhap-rep2-X/regulons_50.tsv
2912	nk_cells	KIF2A	0.47058823529411764	50	50	50	50	bd-rhap-rep1-X/regulons_50.tsv vs bd-rhap-rep2-X/regulons_50.tsv	bd-rhap-rep1-X/regulons_50.tsv	bd-rhap-rep2-X/regulons_50.tsv
2913	nk_cells	RABGAP1L	0.6129032258064516	50	50	50	50	bd-rhap-rep1-X/regulons_50.tsv vs bd-rhap-rep2-X/regulons_50.tsv	bd-rhap-rep1-X/regulons_50.tsv	bd-rhap-rep2-X/regulons_50.tsv
2914	nk_cells	ACAP1	0.4492753623188406	50	50	50	50	bd-rhap-rep1-X/regulons_50.tsv vs bd-rhap-rep2-X/regulons_50.tsv	bd-rhap-rep1-X/regulons_50.tsv	bd-rhap-rep2-X/regulons_50.tsv
2915	cd14+_monocytes	CAMK1D	0.4084507042253521	50	50	50	50	bd-rhap-rep1-X/regulons_50.tsv vs bd-rhap-rep2-X/regulons_50.tsv	bd-rhap-rep1-X/regulons_50.tsv	bd-rhap-rep2-X/regulons_50.tsv
2916	cd8+_tcells	GPRIN3	0.5625	50	50	50	50	bd-rhap-rep1-X/regulons_50.tsv vs bd-rhap-rep2-X/regulons_50.tsv	bd-rhap-rep1-X/regulons_50.tsv	bd-rhap-rep2-X/regulons_50.tsv
2917	cd8+_tcells	OFD1	0.5151515151515151	50	50	50	50	bd-rhap-rep1-X/regulons_50.tsv vs bd-rhap-rep2-X/regulons_50.tsv	bd-rhap-rep1-X/regulons_50.tsv	bd-rhap-rep2-X/regulons_50.tsv
2918	b_cells	AFF3	0.7241379310344828	50	50	50	50	bd-rhap-rep1-X/regulons_50.tsv vs bd-rhap-rep2-X/regulons_50.tsv	bd-rhap-rep1-X/regulons_50.tsv	bd-rhap-rep2-X/regulons_50.tsv
2919	nk_cells	LPP	0.6129032258064516	50	50	50	50	bd-rhap-rep1-X/regulons_50.tsv vs bd-rhap-rep2-X/regulons_50.tsv	bd-rhap-rep1-X/regulons_50.tsv	bd-rhap-rep2-X/regulons_50.tsv
2920	cd14+_monocytes	HLA-DQA1	0.3888888888888889	50	50	50	50	bd-rhap-rep1-X/regulons_50.tsv vs bd-rhap-rep2-X/regulons_50.tsv	bd-rhap-rep1-X/regulons_50.tsv	bd-rhap-rep2-X/regulons_50.tsv
2921	nk_cells	DOCK10	0.3333333333333333	50	50	50	50	bd-rhap-rep1-X/regulons_50.tsv vs bd-rhap-rep2-X/regulons_50.tsv	bd-rhap-rep1-X/regulons_50.tsv	bd-rhap-rep2-X/regulons_50.tsv
2922	cd14+_monocytes	UBE2E2	0.3888888888888889	50	50	50	50	bd-rhap-rep1-X/regulons_50.tsv vs bd-rhap-rep2-X/regulons_50.tsv	bd-rhap-rep1-X/regulons_50.tsv	bd-rhap-rep2-X/regulons_50.tsv
2923	nk_cells	CD2	0.6666666666666666	50	50	50	50	bd-rhap-rep1-X/regulons_50.tsv vs bd-rhap-rep2-X/regulons_50.tsv	bd-rhap-rep1-X/regulons_50.tsv	bd-rhap-rep2-X/regulons_50.tsv
2924	DC	SELL	0.4084507042253521	50	50	50	50	bd-rhap-rep1-X/regulons_50.tsv vs bd-rhap-rep2-X/regulons_50.tsv	bd-rhap-rep1-X/regulons_50.tsv	bd-rhap-rep2-X/regulons_50.tsv
2925	cd4+_tcells	ANKRD44	0.4084507042253521	50	50	50	50	bd-rhap-rep1-X/regulons_50.tsv vs bd-rhap-rep2-X/regulons_50.tsv	bd-rhap-rep1-X/regulons_50.tsv	bd-rhap-rep2-X/regulons_50.tsv
2926	DC	FCER1A	0.4492753623188406	50	50	50	50	bd-rhap-rep1-X/regulons_50.tsv vs bd-rhap-rep2-X/regulons_50.tsv	bd-rhap-rep1-X/regulons_50.tsv	bd-rhap-rep2-X/regulons_50.tsv
2927	pDC	WDFY4	0.4925373134328358	50	50	50	50	bd-rhap-rep1-X/regulons_50.tsv vs bd-rhap-rep2-X/regulons_50.tsv	bd-rhap-rep1-X/regulons_50.tsv	bd-rhap-rep2-X/regulons_50.tsv
2928	nk_cells	BIN1	0.20481927710843373	50	50	50	50	bd-rhap-rep1-X/regulons_50.tsv vs 10x-rep1-kallisto-cellbender-X/regulons_50.tsv	bd-rhap-rep1-X/regulons_50.tsv	10x-rep1-kallisto-cellbender-X/regulons_50.tsv
2929	cd14-_monocytes	S100A9	0.19047619047619047	50	50	50	50	bd-rhap-rep1-X/regulons_50.tsv vs 10x-rep1-kallisto-cellbender-X/regulons_50.tsv	bd-rhap-rep1-X/regulons_50.tsv	10x-rep1-kallisto-cellbender-X/regulons_50.tsv
2930	cd8+_tcells	CXCR4	0.25	50	50	50	50	bd-rhap-rep1-X/regulons_50.tsv vs 10x-rep1-kallisto-cellbender-X/regulons_50.tsv	bd-rhap-rep1-X/regulons_50.tsv	10x-rep1-kallisto-cellbender-X/regulons_50.tsv
2931	b_cells	HLA-DPB1	0.20481927710843373	50	50	50	50	bd-rhap-rep1-X/regulons_50.tsv vs 10x-rep1-kallisto-cellbender-X/regulons_50.tsv	bd-rhap-rep1-X/regulons_50.tsv	10x-rep1-kallisto-cellbender-X/regulons_50.tsv
2932	DC	CD74	0.25	50	50	50	50	bd-rhap-rep1-X/regulons_50.tsv vs 10x-rep1-kallisto-cellbender-X/regulons_50.tsv	bd-rhap-rep1-X/regulons_50.tsv	10x-rep1-kallisto-cellbender-X/regulons_50.tsv
2933	cd4+_tcells	EPB41	0.25	50	50	50	50	bd-rhap-rep1-X/regulons_50.tsv vs 10x-rep1-kallisto-cellbender-X/regulons_50.tsv	bd-rhap-rep1-X/regulons_50.tsv	10x-rep1-kallisto-cellbender-X/regulons_50.tsv
2934	pDC	IRF8	0.47058823529411764	50	50	50	50	bd-rhap-rep1-X/regulons_50.tsv vs 10x-rep1-kallisto-cellbender-X/regulons_50.tsv	bd-rhap-rep1-X/regulons_50.tsv	10x-rep1-kallisto-cellbender-X/regulons_50.tsv
2935	b_cells	HLA-DPA1	0.19047619047619047	50	50	50	50	bd-rhap-rep1-X/regulons_50.tsv vs 10x-rep1-kallisto-cellbender-X/regulons_50.tsv	bd-rhap-rep1-X/regulons_50.tsv	10x-rep1-kallisto-cellbender-X/regulons_50.tsv
2936	cd4+_tcells	EVL	0.3157894736842105	50	50	50	50	bd-rhap-rep1-X/regulons_50.tsv vs 10x-rep1-kallisto-cellbender-X/regulons_50.tsv	bd-rhap-rep1-X/regulons_50.tsv	10x-rep1-kallisto-cellbender-X/regulons_50.tsv
2937	DC	HLA-DPB1	0.17647058823529413	50	50	50	50	bd-rhap-rep1-X/regulons_50.tsv vs 10x-rep1-kallisto-cellbender-X/regulons_50.tsv	bd-rhap-rep1-X/regulons_50.tsv	10x-rep1-kallisto-cellbender-X/regulons_50.tsv
2938	b_cells	IRF8	0.21951219512195122	50	50	50	50	bd-rhap-rep1-X/regulons_50.tsv vs 10x-rep1-kallisto-cellbender-X/regulons_50.tsv	bd-rhap-rep1-X/regulons_50.tsv	10x-rep1-kallisto-cellbender-X/regulons_50.tsv
2939	DC	HLA-DPA1	0.20481927710843373	50	50	50	50	bd-rhap-rep1-X/regulons_50.tsv vs 10x-rep1-kallisto-cellbender-X/regulons_50.tsv	bd-rhap-rep1-X/regulons_50.tsv	10x-rep1-kallisto-cellbender-X/regulons_50.tsv
2940	b_cells	EVL	0.17647058823529413	50	50	50	50	bd-rhap-rep1-X/regulons_50.tsv vs 10x-rep1-kallisto-cellbender-X/regulons_50.tsv	bd-rhap-rep1-X/regulons_50.tsv	10x-rep1-kallisto-cellbender-X/regulons_50.tsv
2941	cd14-_monocytes	CPVL	0.26582278481012656	50	50	50	50	bd-rhap-rep1-X/regulons_50.tsv vs 10x-rep1-kallisto-cellbender-X/regulons_50.tsv	bd-rhap-rep1-X/regulons_50.tsv	10x-rep1-kallisto-cellbender-X/regulons_50.tsv
2942	pDC	PLD4	0.47058823529411764	50	50	50	50	bd-rhap-rep1-X/regulons_50.tsv vs 10x-rep1-kallisto-cellbender-X/regulons_50.tsv	bd-rhap-rep1-X/regulons_50.tsv	10x-rep1-kallisto-cellbender-X/regulons_50.tsv
2943	pDC	HLA-DPB1	0.3333333333333333	50	50	50	50	bd-rhap-rep1-X/regulons_50.tsv vs 10x-rep1-kallisto-cellbender-X/regulons_50.tsv	bd-rhap-rep1-X/regulons_50.tsv	10x-rep1-kallisto-cellbender-X/regulons_50.tsv
2944	cd14-_monocytes	HLA-DQA1	0.20481927710843373	50	50	50	50	bd-rhap-rep1-X/regulons_50.tsv vs 10x-rep1-kallisto-cellbender-X/regulons_50.tsv	bd-rhap-rep1-X/regulons_50.tsv	10x-rep1-kallisto-cellbender-X/regulons_50.tsv
2945	b_cells	HLA-DRA	0.3157894736842105	50	50	50	50	bd-rhap-rep1-X/regulons_50.tsv vs 10x-rep1-kallisto-cellbender-X/regulons_50.tsv	bd-rhap-rep1-X/regulons_50.tsv	10x-rep1-kallisto-cellbender-X/regulons_50.tsv
2946	DC	HLA-DRB1	0.21951219512195122	50	50	50	50	bd-rhap-rep1-X/regulons_50.tsv vs 10x-rep1-kallisto-cellbender-X/regulons_50.tsv	bd-rhap-rep1-X/regulons_50.tsv	10x-rep1-kallisto-cellbender-X/regulons_50.tsv
2947	cd4+_tcells	TAGLN2	0.21951219512195122	50	50	50	50	bd-rhap-rep1-X/regulons_50.tsv vs 10x-rep1-kallisto-cellbender-X/regulons_50.tsv	bd-rhap-rep1-X/regulons_50.tsv	10x-rep1-kallisto-cellbender-X/regulons_50.tsv
2948	cd4+_tcells	CXCR4	0.2345679012345679	50	50	50	50	bd-rhap-rep1-X/regulons_50.tsv vs 10x-rep1-kallisto-cellbender-X/regulons_50.tsv	bd-rhap-rep1-X/regulons_50.tsv	10x-rep1-kallisto-cellbender-X/regulons_50.tsv
2949	DC	LST1	0.2345679012345679	50	50	50	50	bd-rhap-rep1-X/regulons_50.tsv vs 10x-rep1-kallisto-cellbender-X/regulons_50.tsv	bd-rhap-rep1-X/regulons_50.tsv	10x-rep1-kallisto-cellbender-X/regulons_50.tsv
2950	pDC	HLA-DPA1	0.2987012987012987	50	50	50	50	bd-rhap-rep1-X/regulons_50.tsv vs 10x-rep1-kallisto-cellbender-X/regulons_50.tsv	bd-rhap-rep1-X/regulons_50.tsv	10x-rep1-kallisto-cellbender-X/regulons_50.tsv
2951	cd14-_monocytes	MNDA	0.2345679012345679	50	50	50	50	bd-rhap-rep1-X/regulons_50.tsv vs 10x-rep1-kallisto-cellbender-X/regulons_50.tsv	bd-rhap-rep1-X/regulons_50.tsv	10x-rep1-kallisto-cellbender-X/regulons_50.tsv
2952	DC	CD1C	0.2345679012345679	50	50	50	50	bd-rhap-rep1-X/regulons_50.tsv vs 10x-rep1-kallisto-cellbender-X/regulons_50.tsv	bd-rhap-rep1-X/regulons_50.tsv	10x-rep1-kallisto-cellbender-X/regulons_50.tsv
2953	b_cells	TLN1	0.16279069767441862	50	50	50	50	bd-rhap-rep1-X/regulons_50.tsv vs 10x-rep1-kallisto-cellbender-X/regulons_50.tsv	bd-rhap-rep1-X/regulons_50.tsv	10x-rep1-kallisto-cellbender-X/regulons_50.tsv
2954	cd4+_tcells	ARL4C	0.20481927710843373	50	50	50	50	bd-rhap-rep1-X/regulons_50.tsv vs 10x-rep1-kallisto-cellbender-X/regulons_50.tsv	bd-rhap-rep1-X/regulons_50.tsv	10x-rep1-kallisto-cellbender-X/regulons_50.tsv
2955	cd4+_tcells	IFITM2	0.26582278481012656	50	50	50	50	bd-rhap-rep1-X/regulons_50.tsv vs 10x-rep1-kallisto-cellbender-X/regulons_50.tsv	bd-rhap-rep1-X/regulons_50.tsv	10x-rep1-kallisto-cellbender-X/regulons_50.tsv
2956	cd14-_monocytes	S100A8	0.19047619047619047	50	50	50	50	bd-rhap-rep1-X/regulons_50.tsv vs 10x-rep1-kallisto-cellbender-X/regulons_50.tsv	bd-rhap-rep1-X/regulons_50.tsv	10x-rep1-kallisto-cellbender-X/regulons_50.tsv
2957	cd8+_tcells	ARL4C	0.26582278481012656	50	50	50	50	bd-rhap-rep1-X/regulons_50.tsv vs 10x-rep1-kallisto-cellbender-X/regulons_50.tsv	bd-rhap-rep1-X/regulons_50.tsv	10x-rep1-kallisto-cellbender-X/regulons_50.tsv
2958	cd4+_tcells	BCL2	0.2987012987012987	50	50	50	50	bd-rhap-rep1-X/regulons_50.tsv vs 10x-rep1-kallisto-cellbender-X/regulons_50.tsv	bd-rhap-rep1-X/regulons_50.tsv	10x-rep1-kallisto-cellbender-X/regulons_50.tsv
2959	b_cells	TAGLN2	0.26582278481012656	50	50	50	50	bd-rhap-rep1-X/regulons_50.tsv vs 10x-rep1-kallisto-cellbender-X/regulons_50.tsv	bd-rhap-rep1-X/regulons_50.tsv	10x-rep1-kallisto-cellbender-X/regulons_50.tsv
2960	b_cells	CXCR4	0.21951219512195122	50	50	50	50	bd-rhap-rep1-X/regulons_50.tsv vs 10x-rep1-kallisto-cellbender-X/regulons_50.tsv	bd-rhap-rep1-X/regulons_50.tsv	10x-rep1-kallisto-cellbender-X/regulons_50.tsv
2961	cd4+_tcells	IL2RG	0.3333333333333333	50	50	50	50	bd-rhap-rep1-X/regulons_50.tsv vs 10x-rep1-kallisto-cellbender-X/regulons_50.tsv	bd-rhap-rep1-X/regulons_50.tsv	10x-rep1-kallisto-cellbender-X/regulons_50.tsv
2962	DC	TLN1	0.12359550561797752	50	50	50	50	bd-rhap-rep1-X/regulons_50.tsv vs 10x-rep1-kallisto-cellbender-X/regulons_50.tsv	bd-rhap-rep1-X/regulons_50.tsv	10x-rep1-kallisto-cellbender-X/regulons_50.tsv
2963	cd8+_tcells	IL2RG	0.20481927710843373	50	50	50	50	bd-rhap-rep1-X/regulons_50.tsv vs 10x-rep1-kallisto-cellbender-X/regulons_50.tsv	bd-rhap-rep1-X/regulons_50.tsv	10x-rep1-kallisto-cellbender-X/regulons_50.tsv
2964	nk_cells	TAGLN2	0.17647058823529413	50	50	50	50	bd-rhap-rep1-X/regulons_50.tsv vs 10x-rep1-kallisto-cellbender-X/regulons_50.tsv	bd-rhap-rep1-X/regulons_50.tsv	10x-rep1-kallisto-cellbender-X/regulons_50.tsv
2965	DC	TAGLN2	0.17647058823529413	50	50	50	50	bd-rhap-rep1-X/regulons_50.tsv vs 10x-rep1-kallisto-cellbender-X/regulons_50.tsv	bd-rhap-rep1-X/regulons_50.tsv	10x-rep1-kallisto-cellbender-X/regulons_50.tsv
2966	cd14-_monocytes	VCAN	0.20481927710843373	50	50	50	50	bd-rhap-rep1-X/regulons_50.tsv vs 10x-rep1-kallisto-cellbender-X/regulons_50.tsv	bd-rhap-rep1-X/regulons_50.tsv	10x-rep1-kallisto-cellbender-X/regulons_50.tsv
2967	nk_cells	IGFBP7	0.28205128205128205	50	50	50	50	bd-rhap-rep1-X/regulons_50.tsv vs 10x-rep1-kallisto-cellbender-X/regulons_50.tsv	bd-rhap-rep1-X/regulons_50.tsv	10x-rep1-kallisto-cellbender-X/regulons_50.tsv
2968	b_cells	BCL2	0.19047619047619047	50	50	50	50	bd-rhap-rep1-X/regulons_50.tsv vs 10x-rep1-kallisto-cellbender-X/regulons_50.tsv	bd-rhap-rep1-X/regulons_50.tsv	10x-rep1-kallisto-cellbender-X/regulons_50.tsv
2969	cd8+_tcells	H4C3	0.20481927710843373	50	50	50	50	bd-rhap-rep1-X/regulons_50.tsv vs 10x-rep1-kallisto-cellbender-X/regulons_50.tsv	bd-rhap-rep1-X/regulons_50.tsv	10x-rep1-kallisto-cellbender-X/regulons_50.tsv
2970	DC	ID2	0.14942528735632185	50	50	50	50	bd-rhap-rep1-X/regulons_50.tsv vs 10x-rep1-kallisto-cellbender-X/regulons_50.tsv	bd-rhap-rep1-X/regulons_50.tsv	10x-rep1-kallisto-cellbender-X/regulons_50.tsv
2971	cd14-_monocytes	EVL	0.20481927710843373	50	50	50	50	bd-rhap-rep1-X/regulons_50.tsv vs 10x-rep1-kallisto-cellbender-X/regulons_50.tsv	bd-rhap-rep1-X/regulons_50.tsv	10x-rep1-kallisto-cellbender-X/regulons_50.tsv
2972	pDC	SPN	0.14942528735632185	50	50	50	50	bd-rhap-rep1-X/regulons_50.tsv vs 10x-rep1-kallisto-cellbender-X/regulons_50.tsv	bd-rhap-rep1-X/regulons_50.tsv	10x-rep1-kallisto-cellbender-X/regulons_50.tsv
2973	nk_cells	ARL4C	0.28205128205128205	50	50	50	50	bd-rhap-rep1-X/regulons_50.tsv vs 10x-rep1-kallisto-cellbender-X/regulons_50.tsv	bd-rhap-rep1-X/regulons_50.tsv	10x-rep1-kallisto-cellbender-X/regulons_50.tsv
2974	nk_cells	IFITM2	0.19047619047619047	50	50	50	50	bd-rhap-rep1-X/regulons_50.tsv vs 10x-rep1-kallisto-cellbender-X/regulons_50.tsv	bd-rhap-rep1-X/regulons_50.tsv	10x-rep1-kallisto-cellbender-X/regulons_50.tsv
2975	cd8+_tcells	ACAP1	0.3333333333333333	50	50	50	50	bd-rhap-rep1-X/regulons_50.tsv vs 10x-rep1-kallisto-cellbender-X/regulons_50.tsv	bd-rhap-rep1-X/regulons_50.tsv	10x-rep1-kallisto-cellbender-X/regulons_50.tsv
2976	pDC	TLN1	0.28205128205128205	50	50	50	50	bd-rhap-rep1-X/regulons_50.tsv vs 10x-rep1-kallisto-cellbender-X/regulons_50.tsv	bd-rhap-rep1-X/regulons_50.tsv	10x-rep1-kallisto-cellbender-X/regulons_50.tsv
2977	cd8+_tcells	CD2	0.3157894736842105	50	50	50	50	bd-rhap-rep1-X/regulons_50.tsv vs 10x-rep1-kallisto-cellbender-X/regulons_50.tsv	bd-rhap-rep1-X/regulons_50.tsv	10x-rep1-kallisto-cellbender-X/regulons_50.tsv
2978	pDC	TAGLN2	0.3333333333333333	50	50	50	50	bd-rhap-rep1-X/regulons_50.tsv vs 10x-rep1-kallisto-cellbender-X/regulons_50.tsv	bd-rhap-rep1-X/regulons_50.tsv	10x-rep1-kallisto-cellbender-X/regulons_50.tsv
2979	nk_cells	IL2RG	0.35135135135135137	50	50	50	50	bd-rhap-rep1-X/regulons_50.tsv vs 10x-rep1-kallisto-cellbender-X/regulons_50.tsv	bd-rhap-rep1-X/regulons_50.tsv	10x-rep1-kallisto-cellbender-X/regulons_50.tsv
2980	cd8+_tcells	BIN1	0.17647058823529413	50	50	50	50	bd-rhap-rep1-X/regulons_50.tsv vs 10x-rep1-kallisto-cellbender-X/regulons_50.tsv	bd-rhap-rep1-X/regulons_50.tsv	10x-rep1-kallisto-cellbender-X/regulons_50.tsv
2981	nk_cells	H4C3	0.19047619047619047	50	50	50	50	bd-rhap-rep1-X/regulons_50.tsv vs 10x-rep1-kallisto-cellbender-X/regulons_50.tsv	bd-rhap-rep1-X/regulons_50.tsv	10x-rep1-kallisto-cellbender-X/regulons_50.tsv
2982	pDC	IFITM2	0.17647058823529413	50	50	50	50	bd-rhap-rep1-X/regulons_50.tsv vs 10x-rep1-kallisto-cellbender-X/regulons_50.tsv	bd-rhap-rep1-X/regulons_50.tsv	10x-rep1-kallisto-cellbender-X/regulons_50.tsv
2983	pDC	ARL4C	0.20481927710843373	50	50	50	50	bd-rhap-rep1-X/regulons_50.tsv vs 10x-rep1-kallisto-cellbender-X/regulons_50.tsv	bd-rhap-rep1-X/regulons_50.tsv	10x-rep1-kallisto-cellbender-X/regulons_50.tsv
2984	cd14-_monocytes	HLA-DPA1	0.25	50	50	50	50	bd-rhap-rep1-X/regulons_50.tsv vs 10x-rep1-kallisto-cellbender-X/regulons_50.tsv	bd-rhap-rep1-X/regulons_50.tsv	10x-rep1-kallisto-cellbender-X/regulons_50.tsv
2985	pDC	HLA-DQB1	0.26582278481012656	50	50	50	50	bd-rhap-rep1-X/regulons_50.tsv vs 10x-rep1-kallisto-cellbender-X/regulons_50.tsv	bd-rhap-rep1-X/regulons_50.tsv	10x-rep1-kallisto-cellbender-X/regulons_50.tsv
2986	b_cells	HLA-DQA1	0.19047619047619047	50	50	50	50	bd-rhap-rep1-X/regulons_50.tsv vs 10x-rep1-kallisto-cellbender-X/regulons_50.tsv	bd-rhap-rep1-X/regulons_50.tsv	10x-rep1-kallisto-cellbender-X/regulons_50.tsv
2987	cd14-_monocytes	FCN1	0.21951219512195122	50	50	50	50	bd-rhap-rep1-X/regulons_50.tsv vs 10x-rep1-kallisto-cellbender-X/regulons_50.tsv	bd-rhap-rep1-X/regulons_50.tsv	10x-rep1-kallisto-cellbender-X/regulons_50.tsv
2988	DC	CPVL	0.26582278481012656	50	50	50	50	bd-rhap-rep1-X/regulons_50.tsv vs 10x-rep1-kallisto-cellbender-X/regulons_50.tsv	bd-rhap-rep1-X/regulons_50.tsv	10x-rep1-kallisto-cellbender-X/regulons_50.tsv
2989	b_cells	BCL11A	0.2345679012345679	50	50	50	50	bd-rhap-rep1-X/regulons_50.tsv vs 10x-rep1-kallisto-cellbender-X/regulons_50.tsv	bd-rhap-rep1-X/regulons_50.tsv	10x-rep1-kallisto-cellbender-X/regulons_50.tsv
2990	b_cells	HLA-DQB1	0.25	50	50	50	50	bd-rhap-rep1-X/regulons_50.tsv vs 10x-rep1-kallisto-cellbender-X/regulons_50.tsv	bd-rhap-rep1-X/regulons_50.tsv	10x-rep1-kallisto-cellbender-X/regulons_50.tsv
2991	cd4+_tcells	H4C3	0.3333333333333333	50	50	50	50	bd-rhap-rep1-X/regulons_50.tsv vs 10x-rep1-kallisto-cellbender-X/regulons_50.tsv	bd-rhap-rep1-X/regulons_50.tsv	10x-rep1-kallisto-cellbender-X/regulons_50.tsv
2992	DC	HLA-DQA1	0.20481927710843373	50	50	50	50	bd-rhap-rep1-X/regulons_50.tsv vs 10x-rep1-kallisto-cellbender-X/regulons_50.tsv	bd-rhap-rep1-X/regulons_50.tsv	10x-rep1-kallisto-cellbender-X/regulons_50.tsv
2993	pDC	SLC38A1	0.20481927710843373	50	50	50	50	bd-rhap-rep1-X/regulons_50.tsv vs 10x-rep1-kallisto-cellbender-X/regulons_50.tsv	bd-rhap-rep1-X/regulons_50.tsv	10x-rep1-kallisto-cellbender-X/regulons_50.tsv
2994	pDC	GPR183	0.28205128205128205	50	50	50	50	bd-rhap-rep1-X/regulons_50.tsv vs 10x-rep1-kallisto-cellbender-X/regulons_50.tsv	bd-rhap-rep1-X/regulons_50.tsv	10x-rep1-kallisto-cellbender-X/regulons_50.tsv
2995	cd4+_tcells	ACAP1	0.3888888888888889	50	50	50	50	bd-rhap-rep1-X/regulons_50.tsv vs 10x-rep1-kallisto-cellbender-X/regulons_50.tsv	bd-rhap-rep1-X/regulons_50.tsv	10x-rep1-kallisto-cellbender-X/regulons_50.tsv
2996	DC	ARL4C	0.26582278481012656	50	50	50	50	bd-rhap-rep1-X/regulons_50.tsv vs 10x-rep1-kallisto-cellbender-X/regulons_50.tsv	bd-rhap-rep1-X/regulons_50.tsv	10x-rep1-kallisto-cellbender-X/regulons_50.tsv
2997	DC	IFITM2	0.1111111111111111	50	50	50	50	bd-rhap-rep1-X/regulons_50.tsv vs 10x-rep1-kallisto-cellbender-X/regulons_50.tsv	bd-rhap-rep1-X/regulons_50.tsv	10x-rep1-kallisto-cellbender-X/regulons_50.tsv
2998	cd4+_tcells	CD2	0.3333333333333333	50	50	50	50	bd-rhap-rep1-X/regulons_50.tsv vs 10x-rep1-kallisto-cellbender-X/regulons_50.tsv	bd-rhap-rep1-X/regulons_50.tsv	10x-rep1-kallisto-cellbender-X/regulons_50.tsv
2999	DC	HLA-DQB1	0.25	50	50	50	50	bd-rhap-rep1-X/regulons_50.tsv vs 10x-rep1-kallisto-cellbender-X/regulons_50.tsv	bd-rhap-rep1-X/regulons_50.tsv	10x-rep1-kallisto-cellbender-X/regulons_50.tsv
3000	DC	MNDA	0.21951219512195122	50	50	50	50	bd-rhap-rep1-X/regulons_50.tsv vs 10x-rep1-kallisto-cellbender-X/regulons_50.tsv	bd-rhap-rep1-X/regulons_50.tsv	10x-rep1-kallisto-cellbender-X/regulons_50.tsv
3001	pDC	FOS	0.07526881720430108	50	50	50	50	bd-rhap-rep1-X/regulons_50.tsv vs 10x-rep1-kallisto-cellbender-X/regulons_50.tsv	bd-rhap-rep1-X/regulons_50.tsv	10x-rep1-kallisto-cellbender-X/regulons_50.tsv
3002	b_cells	CCDC50	0.17647058823529413	50	50	50	50	bd-rhap-rep1-X/regulons_50.tsv vs 10x-rep1-kallisto-cellbender-X/regulons_50.tsv	bd-rhap-rep1-X/regulons_50.tsv	10x-rep1-kallisto-cellbender-X/regulons_50.tsv
3003	b_cells	H4C3	0.25	50	50	50	50	bd-rhap-rep1-X/regulons_50.tsv vs 10x-rep1-kallisto-cellbender-X/regulons_50.tsv	bd-rhap-rep1-X/regulons_50.tsv	10x-rep1-kallisto-cellbender-X/regulons_50.tsv
3004	cd8+_tcells	EVL	0.3157894736842105	50	50	50	50	bd-rhap-rep1-X/regulons_50.tsv vs 10x-rep1-kallisto-cellbender-X/regulons_50.tsv	bd-rhap-rep1-X/regulons_50.tsv	10x-rep1-kallisto-cellbender-X/regulons_50.tsv
3005	cd4+_tcells	BIN1	0.20481927710843373	50	50	50	50	bd-rhap-rep1-X/regulons_50.tsv vs 10x-rep1-kallisto-cellbender-X/regulons_50.tsv	bd-rhap-rep1-X/regulons_50.tsv	10x-rep1-kallisto-cellbender-X/regulons_50.tsv
3006	cd14+_monocytes	ACTN1	0.14942528735632185	50	50	50	50	bd-rhap-rep1-X/regulons_50.tsv vs 10x-rep1-kallisto-cellbender-X/regulons_50.tsv	bd-rhap-rep1-X/regulons_50.tsv	10x-rep1-kallisto-cellbender-X/regulons_50.tsv
3007	pDC	FCER1A	0.25	50	50	50	50	bd-rhap-rep1-X/regulons_50.tsv vs 10x-rep1-kallisto-cellbender-X/regulons_50.tsv	bd-rhap-rep1-X/regulons_50.tsv	10x-rep1-kallisto-cellbender-X/regulons_50.tsv
3008	pDC	HLA-DQA1	0.3698630136986301	50	50	50	50	bd-rhap-rep1-X/regulons_50.tsv vs 10x-rep1-kallisto-cellbender-X/regulons_50.tsv	bd-rhap-rep1-X/regulons_50.tsv	10x-rep1-kallisto-cellbender-X/regulons_50.tsv
3009	cd14-_monocytes	CEBPD	0.25	50	50	50	50	bd-rhap-rep1-X/regulons_50.tsv vs 10x-rep1-kallisto-cellbender-X/regulons_50.tsv	bd-rhap-rep1-X/regulons_50.tsv	10x-rep1-kallisto-cellbender-X/regulons_50.tsv
3010	pDC	BCL11A	0.3333333333333333	50	50	50	50	bd-rhap-rep1-X/regulons_50.tsv vs 10x-rep1-kallisto-cellbender-X/regulons_50.tsv	bd-rhap-rep1-X/regulons_50.tsv	10x-rep1-kallisto-cellbender-X/regulons_50.tsv
3011	nk_cells	C12orf75	0.17647058823529413	50	50	50	50	bd-rhap-rep1-X/regulons_50.tsv vs 10x-rep1-kallisto-cellbender-X/regulons_50.tsv	bd-rhap-rep1-X/regulons_50.tsv	10x-rep1-kallisto-cellbender-X/regulons_50.tsv
3012	cd14+_monocytes	CPVL	0.3333333333333333	50	50	50	50	bd-rhap-rep1-X/regulons_50.tsv vs 10x-rep1-kallisto-cellbender-X/regulons_50.tsv	bd-rhap-rep1-X/regulons_50.tsv	10x-rep1-kallisto-cellbender-X/regulons_50.tsv
3013	nk_cells	ACAP1	0.26582278481012656	50	50	50	50	bd-rhap-rep1-X/regulons_50.tsv vs 10x-rep1-kallisto-cellbender-X/regulons_50.tsv	bd-rhap-rep1-X/regulons_50.tsv	10x-rep1-kallisto-cellbender-X/regulons_50.tsv
3014	DC	FCER1A	0.19047619047619047	50	50	50	50	bd-rhap-rep1-X/regulons_50.tsv vs 10x-rep1-kallisto-cellbender-X/regulons_50.tsv	bd-rhap-rep1-X/regulons_50.tsv	10x-rep1-kallisto-cellbender-X/regulons_50.tsv
3015	nk_cells	EVL	0.2987012987012987	50	50	50	50	bd-rhap-rep1-X/regulons_50.tsv vs 10x-rep1-kallisto-cellbender-X/regulons_50.tsv	bd-rhap-rep1-X/regulons_50.tsv	10x-rep1-kallisto-cellbender-X/regulons_50.tsv
3016	cd8+_tcells	C12orf75	0.26582278481012656	50	50	50	50	bd-rhap-rep2-X/regulons_50.tsv vs 10x-rep1-kallisto-cellbender-X/regulons_50.tsv	bd-rhap-rep2-X/regulons_50.tsv	10x-rep1-kallisto-cellbender-X/regulons_50.tsv
3017	nk_cells	ARL4C	0.28205128205128205	50	50	50	50	bd-rhap-rep2-X/regulons_50.tsv vs 10x-rep1-kallisto-cellbender-X/regulons_50.tsv	bd-rhap-rep2-X/regulons_50.tsv	10x-rep1-kallisto-cellbender-X/regulons_50.tsv
3018	pDC	GPR183	0.3698630136986301	50	50	50	50	bd-rhap-rep2-X/regulons_50.tsv vs 10x-rep1-kallisto-cellbender-X/regulons_50.tsv	bd-rhap-rep2-X/regulons_50.tsv	10x-rep1-kallisto-cellbender-X/regulons_50.tsv
3019	cd14-_monocytes	S100A9	0.12359550561797752	50	50	50	50	bd-rhap-rep2-X/regulons_50.tsv vs 10x-rep1-kallisto-cellbender-X/regulons_50.tsv	bd-rhap-rep2-X/regulons_50.tsv	10x-rep1-kallisto-cellbender-X/regulons_50.tsv
3020	cd8+_tcells	CXCR4	0.20481927710843373	50	50	50	50	bd-rhap-rep2-X/regulons_50.tsv vs 10x-rep1-kallisto-cellbender-X/regulons_50.tsv	bd-rhap-rep2-X/regulons_50.tsv	10x-rep1-kallisto-cellbender-X/regulons_50.tsv
3021	cd4+_tcells	TAGLN2	0.2345679012345679	50	50	50	50	bd-rhap-rep2-X/regulons_50.tsv vs 10x-rep1-kallisto-cellbender-X/regulons_50.tsv	bd-rhap-rep2-X/regulons_50.tsv	10x-rep1-kallisto-cellbender-X/regulons_50.tsv
3022	b_cells	HLA-DPB1	0.19047619047619047	50	50	50	50	bd-rhap-rep2-X/regulons_50.tsv vs 10x-rep1-kallisto-cellbender-X/regulons_50.tsv	bd-rhap-rep2-X/regulons_50.tsv	10x-rep1-kallisto-cellbender-X/regulons_50.tsv
3023	cd14-_monocytes	HLA-DQB1	0.19047619047619047	50	50	50	50	bd-rhap-rep2-X/regulons_50.tsv vs 10x-rep1-kallisto-cellbender-X/regulons_50.tsv	bd-rhap-rep2-X/regulons_50.tsv	10x-rep1-kallisto-cellbender-X/regulons_50.tsv
3024	nk_cells	IFITM2	0.25	50	50	50	50	bd-rhap-rep2-X/regulons_50.tsv vs 10x-rep1-kallisto-cellbender-X/regulons_50.tsv	bd-rhap-rep2-X/regulons_50.tsv	10x-rep1-kallisto-cellbender-X/regulons_50.tsv
3025	cd8+_tcells	TAGLN2	0.26582278481012656	50	50	50	50	bd-rhap-rep2-X/regulons_50.tsv vs 10x-rep1-kallisto-cellbender-X/regulons_50.tsv	bd-rhap-rep2-X/regulons_50.tsv	10x-rep1-kallisto-cellbender-X/regulons_50.tsv
3026	DC	ARL4C	0.20481927710843373	50	50	50	50	bd-rhap-rep2-X/regulons_50.tsv vs 10x-rep1-kallisto-cellbender-X/regulons_50.tsv	bd-rhap-rep2-X/regulons_50.tsv	10x-rep1-kallisto-cellbender-X/regulons_50.tsv
3027	pDC	HLA-DPA1	0.28205128205128205	50	50	50	50	bd-rhap-rep2-X/regulons_50.tsv vs 10x-rep1-kallisto-cellbender-X/regulons_50.tsv	bd-rhap-rep2-X/regulons_50.tsv	10x-rep1-kallisto-cellbender-X/regulons_50.tsv
3028	DC	IFITM2	0.06382978723404255	50	50	50	50	bd-rhap-rep2-X/regulons_50.tsv vs 10x-rep1-kallisto-cellbender-X/regulons_50.tsv	bd-rhap-rep2-X/regulons_50.tsv	10x-rep1-kallisto-cellbender-X/regulons_50.tsv
3029	cd8+_tcells	CD2	0.3157894736842105	50	50	50	50	bd-rhap-rep2-X/regulons_50.tsv vs 10x-rep1-kallisto-cellbender-X/regulons_50.tsv	bd-rhap-rep2-X/regulons_50.tsv	10x-rep1-kallisto-cellbender-X/regulons_50.tsv
3030	cd4+_tcells	CD2	0.2987012987012987	50	50	50	50	bd-rhap-rep2-X/regulons_50.tsv vs 10x-rep1-kallisto-cellbender-X/regulons_50.tsv	bd-rhap-rep2-X/regulons_50.tsv	10x-rep1-kallisto-cellbender-X/regulons_50.tsv
3031	DC	FCER1A	0.19047619047619047	50	50	50	50	bd-rhap-rep2-X/regulons_50.tsv vs 10x-rep1-kallisto-cellbender-X/regulons_50.tsv	bd-rhap-rep2-X/regulons_50.tsv	10x-rep1-kallisto-cellbender-X/regulons_50.tsv
3032	DC	HLA-DQB1	0.20481927710843373	50	50	50	50	bd-rhap-rep2-X/regulons_50.tsv vs 10x-rep1-kallisto-cellbender-X/regulons_50.tsv	bd-rhap-rep2-X/regulons_50.tsv	10x-rep1-kallisto-cellbender-X/regulons_50.tsv
3033	nk_cells	EVL	0.3888888888888889	50	50	50	50	bd-rhap-rep2-X/regulons_50.tsv vs 10x-rep1-kallisto-cellbender-X/regulons_50.tsv	bd-rhap-rep2-X/regulons_50.tsv	10x-rep1-kallisto-cellbender-X/regulons_50.tsv
3034	cd14-_monocytes	MNDA	0.13636363636363635	50	50	50	50	bd-rhap-rep2-X/regulons_50.tsv vs 10x-rep1-kallisto-cellbender-X/regulons_50.tsv	bd-rhap-rep2-X/regulons_50.tsv	10x-rep1-kallisto-cellbender-X/regulons_50.tsv
3035	DC	CD1C	0.17647058823529413	50	50	50	50	bd-rhap-rep2-X/regulons_50.tsv vs 10x-rep1-kallisto-cellbender-X/regulons_50.tsv	bd-rhap-rep2-X/regulons_50.tsv	10x-rep1-kallisto-cellbender-X/regulons_50.tsv
3036	cd4+_tcells	ALOX5AP	0.16279069767441862	50	50	50	50	bd-rhap-rep2-X/regulons_50.tsv vs 10x-rep1-kallisto-cellbender-X/regulons_50.tsv	bd-rhap-rep2-X/regulons_50.tsv	10x-rep1-kallisto-cellbender-X/regulons_50.tsv
3037	cd8+_tcells	DUSP2	0.26582278481012656	50	50	50	50	bd-rhap-rep2-X/regulons_50.tsv vs 10x-rep1-kallisto-cellbender-X/regulons_50.tsv	bd-rhap-rep2-X/regulons_50.tsv	10x-rep1-kallisto-cellbender-X/regulons_50.tsv
3038	DC	MNDA	0.0989010989010989	50	50	50	50	bd-rhap-rep2-X/regulons_50.tsv vs 10x-rep1-kallisto-cellbender-X/regulons_50.tsv	bd-rhap-rep2-X/regulons_50.tsv	10x-rep1-kallisto-cellbender-X/regulons_50.tsv
3039	nk_cells	IL2RG	0.35135135135135137	50	50	50	50	bd-rhap-rep2-X/regulons_50.tsv vs 10x-rep1-kallisto-cellbender-X/regulons_50.tsv	bd-rhap-rep2-X/regulons_50.tsv	10x-rep1-kallisto-cellbender-X/regulons_50.tsv
3040	b_cells	CCDC50	0.16279069767441862	50	50	50	50	bd-rhap-rep2-X/regulons_50.tsv vs 10x-rep1-kallisto-cellbender-X/regulons_50.tsv	bd-rhap-rep2-X/regulons_50.tsv	10x-rep1-kallisto-cellbender-X/regulons_50.tsv
3041	pDC	IRF8	0.4084507042253521	50	50	50	50	bd-rhap-rep2-X/regulons_50.tsv vs 10x-rep1-kallisto-cellbender-X/regulons_50.tsv	bd-rhap-rep2-X/regulons_50.tsv	10x-rep1-kallisto-cellbender-X/regulons_50.tsv
3042	b_cells	H4C3	0.26582278481012656	50	50	50	50	bd-rhap-rep2-X/regulons_50.tsv vs 10x-rep1-kallisto-cellbender-X/regulons_50.tsv	bd-rhap-rep2-X/regulons_50.tsv	10x-rep1-kallisto-cellbender-X/regulons_50.tsv
3043	b_cells	HLA-DPA1	0.20481927710843373	50	50	50	50	bd-rhap-rep2-X/regulons_50.tsv vs 10x-rep1-kallisto-cellbender-X/regulons_50.tsv	bd-rhap-rep2-X/regulons_50.tsv	10x-rep1-kallisto-cellbender-X/regulons_50.tsv
3044	cd4+_tcells	ARL4C	0.25	50	50	50	50	bd-rhap-rep2-X/regulons_50.tsv vs 10x-rep1-kallisto-cellbender-X/regulons_50.tsv	bd-rhap-rep2-X/regulons_50.tsv	10x-rep1-kallisto-cellbender-X/regulons_50.tsv
3045	cd4+_tcells	IFITM2	0.3157894736842105	50	50	50	50	bd-rhap-rep2-X/regulons_50.tsv vs 10x-rep1-kallisto-cellbender-X/regulons_50.tsv	bd-rhap-rep2-X/regulons_50.tsv	10x-rep1-kallisto-cellbender-X/regulons_50.tsv
3046	cd14-_monocytes	S100A8	0.1111111111111111	50	50	50	50	bd-rhap-rep2-X/regulons_50.tsv vs 10x-rep1-kallisto-cellbender-X/regulons_50.tsv	bd-rhap-rep2-X/regulons_50.tsv	10x-rep1-kallisto-cellbender-X/regulons_50.tsv
3047	DC	HLA-DQA1	0.19047619047619047	50	50	50	50	bd-rhap-rep2-X/regulons_50.tsv vs 10x-rep1-kallisto-cellbender-X/regulons_50.tsv	bd-rhap-rep2-X/regulons_50.tsv	10x-rep1-kallisto-cellbender-X/regulons_50.tsv
3048	cd14-_monocytes	HLA-DPB1	0.12359550561797752	50	50	50	50	bd-rhap-rep2-X/regulons_50.tsv vs 10x-rep1-kallisto-cellbender-X/regulons_50.tsv	bd-rhap-rep2-X/regulons_50.tsv	10x-rep1-kallisto-cellbender-X/regulons_50.tsv
3049	DC	HLA-DPB1	0.16279069767441862	50	50	50	50	bd-rhap-rep2-X/regulons_50.tsv vs 10x-rep1-kallisto-cellbender-X/regulons_50.tsv	bd-rhap-rep2-X/regulons_50.tsv	10x-rep1-kallisto-cellbender-X/regulons_50.tsv
3050	cd8+_tcells	ARL4C	0.26582278481012656	50	50	50	50	bd-rhap-rep2-X/regulons_50.tsv vs 10x-rep1-kallisto-cellbender-X/regulons_50.tsv	bd-rhap-rep2-X/regulons_50.tsv	10x-rep1-kallisto-cellbender-X/regulons_50.tsv
3051	cd8+_tcells	IFITM2	0.2345679012345679	50	50	50	50	bd-rhap-rep2-X/regulons_50.tsv vs 10x-rep1-kallisto-cellbender-X/regulons_50.tsv	bd-rhap-rep2-X/regulons_50.tsv	10x-rep1-kallisto-cellbender-X/regulons_50.tsv
3052	cd14+_monocytes	ACTN1	0.07526881720430108	50	50	50	50	bd-rhap-rep2-X/regulons_50.tsv vs 10x-rep1-kallisto-cellbender-X/regulons_50.tsv	bd-rhap-rep2-X/regulons_50.tsv	10x-rep1-kallisto-cellbender-X/regulons_50.tsv
3053	pDC	HSPA5	0.2345679012345679	50	50	50	50	bd-rhap-rep2-X/regulons_50.tsv vs 10x-rep1-kallisto-cellbender-X/regulons_50.tsv	bd-rhap-rep2-X/regulons_50.tsv	10x-rep1-kallisto-cellbender-X/regulons_50.tsv
3054	pDC	FCER1A	0.35135135135135137	50	50	50	50	bd-rhap-rep2-X/regulons_50.tsv vs 10x-rep1-kallisto-cellbender-X/regulons_50.tsv	bd-rhap-rep2-X/regulons_50.tsv	10x-rep1-kallisto-cellbender-X/regulons_50.tsv
3055	pDC	HLA-DQA1	0.3333333333333333	50	50	50	50	bd-rhap-rep2-X/regulons_50.tsv vs 10x-rep1-kallisto-cellbender-X/regulons_50.tsv	bd-rhap-rep2-X/regulons_50.tsv	10x-rep1-kallisto-cellbender-X/regulons_50.tsv
3056	b_cells	GCC2	0.14942528735632185	50	50	50	50	bd-rhap-rep2-X/regulons_50.tsv vs 10x-rep1-kallisto-cellbender-X/regulons_50.tsv	bd-rhap-rep2-X/regulons_50.tsv	10x-rep1-kallisto-cellbender-X/regulons_50.tsv
3057	cd14-_monocytes	RGS18	0.08695652173913043	50	50	50	50	bd-rhap-rep2-X/regulons_50.tsv vs 10x-rep1-kallisto-cellbender-X/regulons_50.tsv	bd-rhap-rep2-X/regulons_50.tsv	10x-rep1-kallisto-cellbender-X/regulons_50.tsv
3058	b_cells	TAGLN2	0.2345679012345679	50	50	50	50	bd-rhap-rep2-X/regulons_50.tsv vs 10x-rep1-kallisto-cellbender-X/regulons_50.tsv	bd-rhap-rep2-X/regulons_50.tsv	10x-rep1-kallisto-cellbender-X/regulons_50.tsv
3059	b_cells	CXCR4	0.13636363636363635	50	50	50	50	bd-rhap-rep2-X/regulons_50.tsv vs 10x-rep1-kallisto-cellbender-X/regulons_50.tsv	bd-rhap-rep2-X/regulons_50.tsv	10x-rep1-kallisto-cellbender-X/regulons_50.tsv
3060	nk_cells	H4C3	0.16279069767441862	50	50	50	50	bd-rhap-rep2-X/regulons_50.tsv vs 10x-rep1-kallisto-cellbender-X/regulons_50.tsv	bd-rhap-rep2-X/regulons_50.tsv	10x-rep1-kallisto-cellbender-X/regulons_50.tsv
3061	b_cells	IRF8	0.20481927710843373	50	50	50	50	bd-rhap-rep2-X/regulons_50.tsv vs 10x-rep1-kallisto-cellbender-X/regulons_50.tsv	bd-rhap-rep2-X/regulons_50.tsv	10x-rep1-kallisto-cellbender-X/regulons_50.tsv
3062	pDC	IFITM2	0.17647058823529413	50	50	50	50	bd-rhap-rep2-X/regulons_50.tsv vs 10x-rep1-kallisto-cellbender-X/regulons_50.tsv	bd-rhap-rep2-X/regulons_50.tsv	10x-rep1-kallisto-cellbender-X/regulons_50.tsv
3063	pDC	ARL4C	0.20481927710843373	50	50	50	50	bd-rhap-rep2-X/regulons_50.tsv vs 10x-rep1-kallisto-cellbender-X/regulons_50.tsv	bd-rhap-rep2-X/regulons_50.tsv	10x-rep1-kallisto-cellbender-X/regulons_50.tsv
3064	cd4+_tcells	IL2RG	0.3333333333333333	50	50	50	50	bd-rhap-rep2-X/regulons_50.tsv vs 10x-rep1-kallisto-cellbender-X/regulons_50.tsv	bd-rhap-rep2-X/regulons_50.tsv	10x-rep1-kallisto-cellbender-X/regulons_50.tsv
3065	cd14-_monocytes	HLA-DPA1	0.14942528735632185	50	50	50	50	bd-rhap-rep2-X/regulons_50.tsv vs 10x-rep1-kallisto-cellbender-X/regulons_50.tsv	bd-rhap-rep2-X/regulons_50.tsv	10x-rep1-kallisto-cellbender-X/regulons_50.tsv
3066	pDC	PPP1R14B	0.2987012987012987	50	50	50	50	bd-rhap-rep2-X/regulons_50.tsv vs 10x-rep1-kallisto-cellbender-X/regulons_50.tsv	bd-rhap-rep2-X/regulons_50.tsv	10x-rep1-kallisto-cellbender-X/regulons_50.tsv
3067	b_cells	HLA-DQA1	0.14942528735632185	50	50	50	50	bd-rhap-rep2-X/regulons_50.tsv vs 10x-rep1-kallisto-cellbender-X/regulons_50.tsv	bd-rhap-rep2-X/regulons_50.tsv	10x-rep1-kallisto-cellbender-X/regulons_50.tsv
3068	pDC	HLA-DQB1	0.21951219512195122	50	50	50	50	bd-rhap-rep2-X/regulons_50.tsv vs 10x-rep1-kallisto-cellbender-X/regulons_50.tsv	bd-rhap-rep2-X/regulons_50.tsv	10x-rep1-kallisto-cellbender-X/regulons_50.tsv
3069	b_cells	HLA-DRB1	0.21951219512195122	50	50	50	50	bd-rhap-rep2-X/regulons_50.tsv vs 10x-rep1-kallisto-cellbender-X/regulons_50.tsv	bd-rhap-rep2-X/regulons_50.tsv	10x-rep1-kallisto-cellbender-X/regulons_50.tsv
3070	DC	HLA-DPA1	0.16279069767441862	50	50	50	50	bd-rhap-rep2-X/regulons_50.tsv vs 10x-rep1-kallisto-cellbender-X/regulons_50.tsv	bd-rhap-rep2-X/regulons_50.tsv	10x-rep1-kallisto-cellbender-X/regulons_50.tsv
3071	cd14-_monocytes	GCC2	0.030927835051546393	50	50	50	50	bd-rhap-rep2-X/regulons_50.tsv vs 10x-rep1-kallisto-cellbender-X/regulons_50.tsv	bd-rhap-rep2-X/regulons_50.tsv	10x-rep1-kallisto-cellbender-X/regulons_50.tsv
3072	cd14-_monocytes	FCN1	0.1111111111111111	50	50	50	50	bd-rhap-rep2-X/regulons_50.tsv vs 10x-rep1-kallisto-cellbender-X/regulons_50.tsv	bd-rhap-rep2-X/regulons_50.tsv	10x-rep1-kallisto-cellbender-X/regulons_50.tsv
3073	nk_cells	ACAP1	0.25	50	50	50	50	bd-rhap-rep2-X/regulons_50.tsv vs 10x-rep1-kallisto-cellbender-X/regulons_50.tsv	bd-rhap-rep2-X/regulons_50.tsv	10x-rep1-kallisto-cellbender-X/regulons_50.tsv
3074	cd14+_monocytes	ID2	0.17647058823529413	50	50	50	50	bd-rhap-rep2-X/regulons_50.tsv vs 10x-rep1-kallisto-cellbender-X/regulons_50.tsv	bd-rhap-rep2-X/regulons_50.tsv	10x-rep1-kallisto-cellbender-X/regulons_50.tsv
3075	DC	TAGLN2	0.21951219512195122	50	50	50	50	bd-rhap-rep2-X/regulons_50.tsv vs 10x-rep1-kallisto-cellbender-X/regulons_50.tsv	bd-rhap-rep2-X/regulons_50.tsv	10x-rep1-kallisto-cellbender-X/regulons_50.tsv
3076	DC	CLEC10A	0.16279069767441862	50	50	50	50	bd-rhap-rep2-X/regulons_50.tsv vs 10x-rep1-kallisto-cellbender-X/regulons_50.tsv	bd-rhap-rep2-X/regulons_50.tsv	10x-rep1-kallisto-cellbender-X/regulons_50.tsv
3077	b_cells	BCL11A	0.20481927710843373	50	50	50	50	bd-rhap-rep2-X/regulons_50.tsv vs 10x-rep1-kallisto-cellbender-X/regulons_50.tsv	bd-rhap-rep2-X/regulons_50.tsv	10x-rep1-kallisto-cellbender-X/regulons_50.tsv
3078	pDC	PLD4	0.4084507042253521	50	50	50	50	bd-rhap-rep2-X/regulons_50.tsv vs 10x-rep1-kallisto-cellbender-X/regulons_50.tsv	bd-rhap-rep2-X/regulons_50.tsv	10x-rep1-kallisto-cellbender-X/regulons_50.tsv
3079	b_cells	HLA-DQB1	0.17647058823529413	50	50	50	50	bd-rhap-rep2-X/regulons_50.tsv vs 10x-rep1-kallisto-cellbender-X/regulons_50.tsv	bd-rhap-rep2-X/regulons_50.tsv	10x-rep1-kallisto-cellbender-X/regulons_50.tsv
3080	pDC	HLA-DPB1	0.28205128205128205	50	50	50	50	bd-rhap-rep2-X/regulons_50.tsv vs 10x-rep1-kallisto-cellbender-X/regulons_50.tsv	bd-rhap-rep2-X/regulons_50.tsv	10x-rep1-kallisto-cellbender-X/regulons_50.tsv
3081	cd14-_monocytes	HLA-DQA1	0.12359550561797752	50	50	50	50	bd-rhap-rep2-X/regulons_50.tsv vs 10x-rep1-kallisto-cellbender-X/regulons_50.tsv	bd-rhap-rep2-X/regulons_50.tsv	10x-rep1-kallisto-cellbender-X/regulons_50.tsv
3082	cd4+_tcells	H4C3	0.2987012987012987	50	50	50	50	bd-rhap-rep2-X/regulons_50.tsv vs 10x-rep1-kallisto-cellbender-X/regulons_50.tsv	bd-rhap-rep2-X/regulons_50.tsv	10x-rep1-kallisto-cellbender-X/regulons_50.tsv
3083	nk_cells	TPM4	0.16279069767441862	50	50	50	50	bd-rhap-rep2-X/regulons_50.tsv vs 10x-rep1-kallisto-cellbender-X/regulons_50.tsv	bd-rhap-rep2-X/regulons_50.tsv	10x-rep1-kallisto-cellbender-X/regulons_50.tsv
3084	pDC	RGS1	0.21951219512195122	50	50	50	50	bd-rhap-rep2-X/regulons_50.tsv vs 10x-rep1-kallisto-cellbender-X/regulons_50.tsv	bd-rhap-rep2-X/regulons_50.tsv	10x-rep1-kallisto-cellbender-X/regulons_50.tsv
3085	b_cells	HLA-DRA	0.2345679012345679	50	50	50	50	bd-rhap-rep2-X/regulons_50.tsv vs 10x-rep1-kallisto-cellbender-X/regulons_50.tsv	bd-rhap-rep2-X/regulons_50.tsv	10x-rep1-kallisto-cellbender-X/regulons_50.tsv
3086	DC	HLA-DRB1	0.19047619047619047	50	50	50	50	bd-rhap-rep2-X/regulons_50.tsv vs 10x-rep1-kallisto-cellbender-X/regulons_50.tsv	bd-rhap-rep2-X/regulons_50.tsv	10x-rep1-kallisto-cellbender-X/regulons_50.tsv
3087	DC	ID2	0.14942528735632185	50	50	50	50	bd-rhap-rep2-X/regulons_50.tsv vs 10x-rep1-kallisto-cellbender-X/regulons_50.tsv	bd-rhap-rep2-X/regulons_50.tsv	10x-rep1-kallisto-cellbender-X/regulons_50.tsv
3088	pDC	SLC38A1	0.20481927710843373	50	50	50	50	bd-rhap-rep2-X/regulons_50.tsv vs 10x-rep1-kallisto-cellbender-X/regulons_50.tsv	bd-rhap-rep2-X/regulons_50.tsv	10x-rep1-kallisto-cellbender-X/regulons_50.tsv
3089	cd14-_monocytes	EVL	0.16279069767441862	50	50	50	50	bd-rhap-rep2-X/regulons_50.tsv vs 10x-rep1-kallisto-cellbender-X/regulons_50.tsv	bd-rhap-rep2-X/regulons_50.tsv	10x-rep1-kallisto-cellbender-X/regulons_50.tsv
