percentage_overlap	tp	gs_count	pp	target	grn	net	n_top	dataset	method
0.0	0	154	34	on_target	net_84_10865	0	0.001	net_84_10865_net_88_10937_net_90_11013	scgenerai_config
0.0064935064935064	1	154	342	on_target	net_84_10865	0	0.01	net_84_10865_net_88_10937_net_90_11013	scgenerai_config
0.0129870129870129	2	154	1710	on_target	net_84_10865	0	0.05	net_84_10865_net_88_10937_net_90_11013	scgenerai_config
0.0454545454545454	7	154	3419	on_target	net_84_10865	0	0.1	net_84_10865_net_88_10937_net_90_11013	scgenerai_config
0.1103896103896103	17	154	6838	on_target	net_84_10865	0	0.2	net_84_10865_net_88_10937_net_90_11013	scgenerai_config
0.1298701298701298	20	154	8548	on_target	net_84_10865	0	0.25	net_84_10865_net_88_10937_net_90_11013	scgenerai_config
0.2792207792207792	43	154	17096	on_target	net_84_10865	0	0.5	net_84_10865_net_88_10937_net_90_11013	scgenerai_config
0.4155844155844156	64	154	25643	on_target	net_84_10865	0	0.75	net_84_10865_net_88_10937_net_90_11013	scgenerai_config
0.5584415584415584	86	154	34191	on_target	net_84_10865	0	1.0	net_84_10865_net_88_10937_net_90_11013	scgenerai_config
0.0	0	154	34	off_target	net_84_10865	1	0.001	net_84_10865_net_88_10937_net_90_11013	scgenerai_config
0.0064935064935064	1	154	342	off_target	net_84_10865	1	0.01	net_84_10865_net_88_10937_net_90_11013	scgenerai_config
0.0389610389610389	6	154	1710	off_target	net_84_10865	1	0.05	net_84_10865_net_88_10937_net_90_11013	scgenerai_config
0.1038961038961039	16	154	3419	off_target	net_84_10865	1	0.1	net_84_10865_net_88_10937_net_90_11013	scgenerai_config
0.1363636363636363	21	154	6838	off_target	net_84_10865	1	0.2	net_84_10865_net_88_10937_net_90_11013	scgenerai_config
0.1688311688311688	26	154	8548	off_target	net_84_10865	1	0.25	net_84_10865_net_88_10937_net_90_11013	scgenerai_config
0.2857142857142857	44	154	17096	off_target	net_84_10865	1	0.5	net_84_10865_net_88_10937_net_90_11013	scgenerai_config
0.435064935064935	67	154	25643	off_target	net_84_10865	1	0.75	net_84_10865_net_88_10937_net_90_11013	scgenerai_config
0.5584415584415584	86	154	34191	off_target	net_84_10865	1	1.0	net_84_10865_net_88_10937_net_90_11013	scgenerai_config
0.0	0	184	34	off_target	net_88_10937	0	0.001	net_84_10865_net_88_10937_net_90_11013	scgenerai_config
0.0108695652173913	2	184	342	off_target	net_88_10937	0	0.01	net_84_10865_net_88_10937_net_90_11013	scgenerai_config
0.0706521739130434	13	184	1710	off_target	net_88_10937	0	0.05	net_84_10865_net_88_10937_net_90_11013	scgenerai_config
0.1195652173913043	22	184	3419	off_target	net_88_10937	0	0.1	net_84_10865_net_88_10937_net_90_11013	scgenerai_config
0.1956521739130435	36	184	6838	off_target	net_88_10937	0	0.2	net_84_10865_net_88_10937_net_90_11013	scgenerai_config
0.25	46	184	8548	off_target	net_88_10937	0	0.25	net_84_10865_net_88_10937_net_90_11013	scgenerai_config
0.3695652173913043	68	184	17096	off_target	net_88_10937	0	0.5	net_84_10865_net_88_10937_net_90_11013	scgenerai_config
0.4945652173913043	91	184	25643	off_target	net_88_10937	0	0.75	net_84_10865_net_88_10937_net_90_11013	scgenerai_config
0.7010869565217391	129	184	34191	off_target	net_88_10937	0	1.0	net_84_10865_net_88_10937_net_90_11013	scgenerai_config
0.0	0	184	34	on_target	net_88_10937	1	0.001	net_84_10865_net_88_10937_net_90_11013	scgenerai_config
0.0054347826086956	1	184	342	on_target	net_88_10937	1	0.01	net_84_10865_net_88_10937_net_90_11013	scgenerai_config
0.0489130434782608	9	184	1710	on_target	net_88_10937	1	0.05	net_84_10865_net_88_10937_net_90_11013	scgenerai_config
0.0978260869565217	18	184	3419	on_target	net_88_10937	1	0.1	net_84_10865_net_88_10937_net_90_11013	scgenerai_config
0.1684782608695652	31	184	6838	on_target	net_88_10937	1	0.2	net_84_10865_net_88_10937_net_90_11013	scgenerai_config
0.2065217391304347	38	184	8548	on_target	net_88_10937	1	0.25	net_84_10865_net_88_10937_net_90_11013	scgenerai_config
0.3532608695652174	65	184	17096	on_target	net_88_10937	1	0.5	net_84_10865_net_88_10937_net_90_11013	scgenerai_config
0.532608695652174	98	184	25643	on_target	net_88_10937	1	0.75	net_84_10865_net_88_10937_net_90_11013	scgenerai_config
0.7010869565217391	129	184	34191	on_target	net_88_10937	1	1.0	net_84_10865_net_88_10937_net_90_11013	scgenerai_config
0.0	0	201	41	on_target	net_133_10773	0	0.001	net_133_10773_net_82_10152_net_72_10551	scgenerai_config
0.0049751243781094	1	201	410	on_target	net_133_10773	0	0.01	net_133_10773_net_82_10152_net_72_10551	scgenerai_config
0.0348258706467661	7	201	2052	on_target	net_133_10773	0	0.05	net_133_10773_net_82_10152_net_72_10551	scgenerai_config
0.0547263681592039	11	201	4104	on_target	net_133_10773	0	0.1	net_133_10773_net_82_10152_net_72_10551	scgenerai_config
0.1194029850746268	24	201	8208	on_target	net_133_10773	0	0.2	net_133_10773_net_82_10152_net_72_10551	scgenerai_config
0.1343283582089552	27	201	10260	on_target	net_133_10773	0	0.25	net_133_10773_net_82_10152_net_72_10551	scgenerai_config
0.2338308457711442	47	201	20520	on_target	net_133_10773	0	0.5	net_133_10773_net_82_10152_net_72_10551	scgenerai_config
0.3482587064676617	70	201	30781	on_target	net_133_10773	0	0.75	net_133_10773_net_82_10152_net_72_10551	scgenerai_config
0.4477611940298507	90	201	41041	on_target	net_133_10773	0	1.0	net_133_10773_net_82_10152_net_72_10551	scgenerai_config
0.0	0	201	41	off_target	net_133_10773	1	0.001	net_133_10773_net_82_10152_net_72_10551	scgenerai_config
0.0049751243781094	1	201	410	off_target	net_133_10773	1	0.01	net_133_10773_net_82_10152_net_72_10551	scgenerai_config
0.0199004975124378	4	201	2052	off_target	net_133_10773	1	0.05	net_133_10773_net_82_10152_net_72_10551	scgenerai_config
0.0497512437810945	10	201	4104	off_target	net_133_10773	1	0.1	net_133_10773_net_82_10152_net_72_10551	scgenerai_config
0.0945273631840796	19	201	8208	off_target	net_133_10773	1	0.2	net_133_10773_net_82_10152_net_72_10551	scgenerai_config
0.1044776119402985	21	201	10260	off_target	net_133_10773	1	0.25	net_133_10773_net_82_10152_net_72_10551	scgenerai_config
0.2139303482587064	43	201	20520	off_target	net_133_10773	1	0.5	net_133_10773_net_82_10152_net_72_10551	scgenerai_config
0.3432835820895522	69	201	30781	off_target	net_133_10773	1	0.75	net_133_10773_net_82_10152_net_72_10551	scgenerai_config
0.4477611940298507	90	201	41041	off_target	net_133_10773	1	1.0	net_133_10773_net_82_10152_net_72_10551	scgenerai_config
0.0	0	164	41	off_target	net_82_10152	0	0.001	net_133_10773_net_82_10152_net_72_10551	scgenerai_config
0.0	0	164	410	off_target	net_82_10152	0	0.01	net_133_10773_net_82_10152_net_72_10551	scgenerai_config
0.0182926829268292	3	164	2052	off_target	net_82_10152	0	0.05	net_133_10773_net_82_10152_net_72_10551	scgenerai_config
0.0609756097560975	10	164	4104	off_target	net_82_10152	0	0.1	net_133_10773_net_82_10152_net_72_10551	scgenerai_config
0.1402439024390244	23	164	8208	off_target	net_82_10152	0	0.2	net_133_10773_net_82_10152_net_72_10551	scgenerai_config
0.1524390243902439	25	164	10260	off_target	net_82_10152	0	0.25	net_133_10773_net_82_10152_net_72_10551	scgenerai_config
0.3170731707317073	52	164	20520	off_target	net_82_10152	0	0.5	net_133_10773_net_82_10152_net_72_10551	scgenerai_config
0.5426829268292683	89	164	30781	off_target	net_82_10152	0	0.75	net_133_10773_net_82_10152_net_72_10551	scgenerai_config
0.7378048780487805	121	164	41041	off_target	net_82_10152	0	1.0	net_133_10773_net_82_10152_net_72_10551	scgenerai_config
0.0	0	164	41	on_target	net_82_10152	1	0.001	net_133_10773_net_82_10152_net_72_10551	scgenerai_config
0.0	0	164	410	on_target	net_82_10152	1	0.01	net_133_10773_net_82_10152_net_72_10551	scgenerai_config
0.0365853658536585	6	164	2052	on_target	net_82_10152	1	0.05	net_133_10773_net_82_10152_net_72_10551	scgenerai_config
0.0609756097560975	10	164	4104	on_target	net_82_10152	1	0.1	net_133_10773_net_82_10152_net_72_10551	scgenerai_config
0.1036585365853658	17	164	8208	on_target	net_82_10152	1	0.2	net_133_10773_net_82_10152_net_72_10551	scgenerai_config
0.1219512195121951	20	164	10260	on_target	net_82_10152	1	0.25	net_133_10773_net_82_10152_net_72_10551	scgenerai_config
0.2865853658536585	47	164	20520	on_target	net_82_10152	1	0.5	net_133_10773_net_82_10152_net_72_10551	scgenerai_config
0.4756097560975609	78	164	30781	on_target	net_82_10152	1	0.75	net_133_10773_net_82_10152_net_72_10551	scgenerai_config
0.7378048780487805	121	164	41041	on_target	net_82_10152	1	1.0	net_133_10773_net_82_10152_net_72_10551	scgenerai_config
0.0	0	78	21	on_target	net_53_11196	0	0.001	net_53_11196_net_70_11431_net_84_9903	scgenerai_config
0.0	0	78	213	on_target	net_53_11196	0	0.01	net_53_11196_net_70_11431_net_84_9903	scgenerai_config
0.0384615384615384	3	78	1066	on_target	net_53_11196	0	0.05	net_53_11196_net_70_11431_net_84_9903	scgenerai_config
0.0769230769230769	6	78	2132	on_target	net_53_11196	0	0.1	net_53_11196_net_70_11431_net_84_9903	scgenerai_config
0.141025641025641	11	78	4264	on_target	net_53_11196	0	0.2	net_53_11196_net_70_11431_net_84_9903	scgenerai_config
0.1794871794871795	14	78	5330	on_target	net_53_11196	0	0.25	net_53_11196_net_70_11431_net_84_9903	scgenerai_config
0.358974358974359	28	78	10660	on_target	net_53_11196	0	0.5	net_53_11196_net_70_11431_net_84_9903	scgenerai_config
0.5	39	78	15991	on_target	net_53_11196	0	0.75	net_53_11196_net_70_11431_net_84_9903	scgenerai_config
0.6410256410256411	50	78	21321	on_target	net_53_11196	0	1.0	net_53_11196_net_70_11431_net_84_9903	scgenerai_config
0.0	0	78	21	off_target	net_53_11196	1	0.001	net_53_11196_net_70_11431_net_84_9903	scgenerai_config
0.0	0	78	213	off_target	net_53_11196	1	0.01	net_53_11196_net_70_11431_net_84_9903	scgenerai_config
0.0384615384615384	3	78	1066	off_target	net_53_11196	1	0.05	net_53_11196_net_70_11431_net_84_9903	scgenerai_config
0.0769230769230769	6	78	2132	off_target	net_53_11196	1	0.1	net_53_11196_net_70_11431_net_84_9903	scgenerai_config
0.1025641025641025	8	78	4264	off_target	net_53_11196	1	0.2	net_53_11196_net_70_11431_net_84_9903	scgenerai_config
0.141025641025641	11	78	5330	off_target	net_53_11196	1	0.25	net_53_11196_net_70_11431_net_84_9903	scgenerai_config
0.2179487179487179	17	78	10660	off_target	net_53_11196	1	0.5	net_53_11196_net_70_11431_net_84_9903	scgenerai_config
0.4102564102564102	32	78	15991	off_target	net_53_11196	1	0.75	net_53_11196_net_70_11431_net_84_9903	scgenerai_config
0.6410256410256411	50	78	21321	off_target	net_53_11196	1	1.0	net_53_11196_net_70_11431_net_84_9903	scgenerai_config
0.0	0	88	21	off_target	net_70_11431	0	0.001	net_53_11196_net_70_11431_net_84_9903	scgenerai_config
0.0	0	88	213	off_target	net_70_11431	0	0.01	net_53_11196_net_70_11431_net_84_9903	scgenerai_config
0.0	0	88	1066	off_target	net_70_11431	0	0.05	net_53_11196_net_70_11431_net_84_9903	scgenerai_config
0.034090909090909	3	88	2132	off_target	net_70_11431	0	0.1	net_53_11196_net_70_11431_net_84_9903	scgenerai_config
0.034090909090909	3	88	4264	off_target	net_70_11431	0	0.2	net_53_11196_net_70_11431_net_84_9903	scgenerai_config
0.0568181818181818	5	88	5330	off_target	net_70_11431	0	0.25	net_53_11196_net_70_11431_net_84_9903	scgenerai_config
0.1818181818181818	16	88	10660	off_target	net_70_11431	0	0.5	net_53_11196_net_70_11431_net_84_9903	scgenerai_config
0.3409090909090909	30	88	15991	off_target	net_70_11431	0	0.75	net_53_11196_net_70_11431_net_84_9903	scgenerai_config
0.4431818181818182	39	88	21321	off_target	net_70_11431	0	1.0	net_53_11196_net_70_11431_net_84_9903	scgenerai_config
0.0	0	88	21	on_target	net_70_11431	1	0.001	net_53_11196_net_70_11431_net_84_9903	scgenerai_config
0.0113636363636363	1	88	213	on_target	net_70_11431	1	0.01	net_53_11196_net_70_11431_net_84_9903	scgenerai_config
0.0227272727272727	2	88	1066	on_target	net_70_11431	1	0.05	net_53_11196_net_70_11431_net_84_9903	scgenerai_config
0.0568181818181818	5	88	2132	on_target	net_70_11431	1	0.1	net_53_11196_net_70_11431_net_84_9903	scgenerai_config
0.1022727272727272	9	88	4264	on_target	net_70_11431	1	0.2	net_53_11196_net_70_11431_net_84_9903	scgenerai_config
0.1136363636363636	10	88	5330	on_target	net_70_11431	1	0.25	net_53_11196_net_70_11431_net_84_9903	scgenerai_config
0.1931818181818181	17	88	10660	on_target	net_70_11431	1	0.5	net_53_11196_net_70_11431_net_84_9903	scgenerai_config
0.2954545454545454	26	88	15991	on_target	net_70_11431	1	0.75	net_53_11196_net_70_11431_net_84_9903	scgenerai_config
0.4431818181818182	39	88	21321	on_target	net_70_11431	1	1.0	net_53_11196_net_70_11431_net_84_9903	scgenerai_config
0.0	0	104	22	on_target	net_60_10082	0	0.001	net_60_10082_net_64_11307_net_84_11226	scgenerai_config
0.0	0	104	215	on_target	net_60_10082	0	0.01	net_60_10082_net_64_11307_net_84_11226	scgenerai_config
0.0	0	104	1076	on_target	net_60_10082	0	0.05	net_60_10082_net_64_11307_net_84_11226	scgenerai_config
0.0	0	104	2153	on_target	net_60_10082	0	0.1	net_60_10082_net_64_11307_net_84_11226	scgenerai_config
0.0096153846153846	1	104	4306	on_target	net_60_10082	0	0.2	net_60_10082_net_64_11307_net_84_11226	scgenerai_config
0.0096153846153846	1	104	5382	on_target	net_60_10082	0	0.25	net_60_10082_net_64_11307_net_84_11226	scgenerai_config
0.0096153846153846	1	104	10764	on_target	net_60_10082	0	0.5	net_60_10082_net_64_11307_net_84_11226	scgenerai_config
0.0865384615384615	9	104	16146	on_target	net_60_10082	0	0.75	net_60_10082_net_64_11307_net_84_11226	scgenerai_config
0.1346153846153846	14	104	21528	on_target	net_60_10082	0	1.0	net_60_10082_net_64_11307_net_84_11226	scgenerai_config
0.0	0	104	22	off_target	net_60_10082	1	0.001	net_60_10082_net_64_11307_net_84_11226	scgenerai_config
0.0	0	104	215	off_target	net_60_10082	1	0.01	net_60_10082_net_64_11307_net_84_11226	scgenerai_config
0.0	0	104	1076	off_target	net_60_10082	1	0.05	net_60_10082_net_64_11307_net_84_11226	scgenerai_config
0.0	0	104	2153	off_target	net_60_10082	1	0.1	net_60_10082_net_64_11307_net_84_11226	scgenerai_config
0.0096153846153846	1	104	4306	off_target	net_60_10082	1	0.2	net_60_10082_net_64_11307_net_84_11226	scgenerai_config
0.0192307692307692	2	104	5382	off_target	net_60_10082	1	0.25	net_60_10082_net_64_11307_net_84_11226	scgenerai_config
0.0673076923076923	7	104	10764	off_target	net_60_10082	1	0.5	net_60_10082_net_64_11307_net_84_11226	scgenerai_config
0.1153846153846153	12	104	16146	off_target	net_60_10082	1	0.75	net_60_10082_net_64_11307_net_84_11226	scgenerai_config
0.1346153846153846	14	104	21528	off_target	net_60_10082	1	1.0	net_60_10082_net_64_11307_net_84_11226	scgenerai_config
0.0	0	71	22	off_target	net_64_11307	0	0.001	net_60_10082_net_64_11307_net_84_11226	scgenerai_config
0.0	0	71	215	off_target	net_64_11307	0	0.01	net_60_10082_net_64_11307_net_84_11226	scgenerai_config
0.0140845070422535	1	71	1076	off_target	net_64_11307	0	0.05	net_60_10082_net_64_11307_net_84_11226	scgenerai_config
0.0140845070422535	1	71	2153	off_target	net_64_11307	0	0.1	net_60_10082_net_64_11307_net_84_11226	scgenerai_config
0.028169014084507	2	71	4306	off_target	net_64_11307	0	0.2	net_60_10082_net_64_11307_net_84_11226	scgenerai_config
0.0422535211267605	3	71	5382	off_target	net_64_11307	0	0.25	net_60_10082_net_64_11307_net_84_11226	scgenerai_config
0.0845070422535211	6	71	10764	off_target	net_64_11307	0	0.5	net_60_10082_net_64_11307_net_84_11226	scgenerai_config
0.2112676056338028	15	71	16146	off_target	net_64_11307	0	0.75	net_60_10082_net_64_11307_net_84_11226	scgenerai_config
0.2535211267605634	18	71	21528	off_target	net_64_11307	0	1.0	net_60_10082_net_64_11307_net_84_11226	scgenerai_config
0.0	0	71	22	on_target	net_64_11307	1	0.001	net_60_10082_net_64_11307_net_84_11226	scgenerai_config
0.028169014084507	2	71	215	on_target	net_64_11307	1	0.01	net_60_10082_net_64_11307_net_84_11226	scgenerai_config
0.028169014084507	2	71	1076	on_target	net_64_11307	1	0.05	net_60_10082_net_64_11307_net_84_11226	scgenerai_config
0.0422535211267605	3	71	2153	on_target	net_64_11307	1	0.1	net_60_10082_net_64_11307_net_84_11226	scgenerai_config
0.056338028169014	4	71	4306	on_target	net_64_11307	1	0.2	net_60_10082_net_64_11307_net_84_11226	scgenerai_config
0.0704225352112676	5	71	5382	on_target	net_64_11307	1	0.25	net_60_10082_net_64_11307_net_84_11226	scgenerai_config
0.0985915492957746	7	71	10764	on_target	net_64_11307	1	0.5	net_60_10082_net_64_11307_net_84_11226	scgenerai_config
0.1971830985915492	14	71	16146	on_target	net_64_11307	1	0.75	net_60_10082_net_64_11307_net_84_11226	scgenerai_config
0.2535211267605634	18	71	21528	on_target	net_64_11307	1	1.0	net_60_10082_net_64_11307_net_84_11226	scgenerai_config
0.0	0	88	35	on_target	net_70_11431	0	0.001	net_70_11431_net_60_10082_net_135_11054	scgenerai_config
0.0	0	88	350	on_target	net_70_11431	0	0.01	net_70_11431_net_60_10082_net_135_11054	scgenerai_config
0.0227272727272727	2	88	1749	on_target	net_70_11431	0	0.05	net_70_11431_net_60_10082_net_135_11054	scgenerai_config
0.0454545454545454	4	88	3498	on_target	net_70_11431	0	0.1	net_70_11431_net_60_10082_net_135_11054	scgenerai_config
0.0681818181818181	6	88	6996	on_target	net_70_11431	0	0.2	net_70_11431_net_60_10082_net_135_11054	scgenerai_config
0.1022727272727272	9	88	8745	on_target	net_70_11431	0	0.25	net_70_11431_net_60_10082_net_135_11054	scgenerai_config
0.1818181818181818	16	88	17490	on_target	net_70_11431	0	0.5	net_70_11431_net_60_10082_net_135_11054	scgenerai_config
0.2840909090909091	25	88	26235	on_target	net_70_11431	0	0.75	net_70_11431_net_60_10082_net_135_11054	scgenerai_config
0.4431818181818182	39	88	34980	on_target	net_70_11431	0	1.0	net_70_11431_net_60_10082_net_135_11054	scgenerai_config
0.0	0	88	35	off_target	net_70_11431	1	0.001	net_70_11431_net_60_10082_net_135_11054	scgenerai_config
0.0	0	88	350	off_target	net_70_11431	1	0.01	net_70_11431_net_60_10082_net_135_11054	scgenerai_config
0.0227272727272727	2	88	1749	off_target	net_70_11431	1	0.05	net_70_11431_net_60_10082_net_135_11054	scgenerai_config
0.0454545454545454	4	88	3498	off_target	net_70_11431	1	0.1	net_70_11431_net_60_10082_net_135_11054	scgenerai_config
0.0568181818181818	5	88	6996	off_target	net_70_11431	1	0.2	net_70_11431_net_60_10082_net_135_11054	scgenerai_config
0.1022727272727272	9	88	8745	off_target	net_70_11431	1	0.25	net_70_11431_net_60_10082_net_135_11054	scgenerai_config
0.1931818181818181	17	88	17490	off_target	net_70_11431	1	0.5	net_70_11431_net_60_10082_net_135_11054	scgenerai_config
0.3181818181818182	28	88	26235	off_target	net_70_11431	1	0.75	net_70_11431_net_60_10082_net_135_11054	scgenerai_config
0.4431818181818182	39	88	34980	off_target	net_70_11431	1	1.0	net_70_11431_net_60_10082_net_135_11054	scgenerai_config
0.0	0	104	35	off_target	net_60_10082	0	0.001	net_70_11431_net_60_10082_net_135_11054	scgenerai_config
0.0	0	104	350	off_target	net_60_10082	0	0.01	net_70_11431_net_60_10082_net_135_11054	scgenerai_config
0.0096153846153846	1	104	1749	off_target	net_60_10082	0	0.05	net_70_11431_net_60_10082_net_135_11054	scgenerai_config
0.0192307692307692	2	104	3498	off_target	net_60_10082	0	0.1	net_70_11431_net_60_10082_net_135_11054	scgenerai_config
0.048076923076923	5	104	6996	off_target	net_60_10082	0	0.2	net_70_11431_net_60_10082_net_135_11054	scgenerai_config
0.048076923076923	5	104	8745	off_target	net_60_10082	0	0.25	net_70_11431_net_60_10082_net_135_11054	scgenerai_config
0.0769230769230769	8	104	17490	off_target	net_60_10082	0	0.5	net_70_11431_net_60_10082_net_135_11054	scgenerai_config
0.1346153846153846	14	104	26235	off_target	net_60_10082	0	0.75	net_70_11431_net_60_10082_net_135_11054	scgenerai_config
0.1346153846153846	14	104	34980	off_target	net_60_10082	0	1.0	net_70_11431_net_60_10082_net_135_11054	scgenerai_config
0.0	0	104	35	on_target	net_60_10082	1	0.001	net_70_11431_net_60_10082_net_135_11054	scgenerai_config
0.0	0	104	350	on_target	net_60_10082	1	0.01	net_70_11431_net_60_10082_net_135_11054	scgenerai_config
0.0096153846153846	1	104	1749	on_target	net_60_10082	1	0.05	net_70_11431_net_60_10082_net_135_11054	scgenerai_config
0.0096153846153846	1	104	3498	on_target	net_60_10082	1	0.1	net_70_11431_net_60_10082_net_135_11054	scgenerai_config
0.0288461538461538	3	104	6996	on_target	net_60_10082	1	0.2	net_70_11431_net_60_10082_net_135_11054	scgenerai_config
0.0288461538461538	3	104	8745	on_target	net_60_10082	1	0.25	net_70_11431_net_60_10082_net_135_11054	scgenerai_config
0.048076923076923	5	104	17490	on_target	net_60_10082	1	0.5	net_70_11431_net_60_10082_net_135_11054	scgenerai_config
0.0769230769230769	8	104	26235	on_target	net_60_10082	1	0.75	net_70_11431_net_60_10082_net_135_11054	scgenerai_config
0.1346153846153846	14	104	34980	on_target	net_60_10082	1	1.0	net_70_11431_net_60_10082_net_135_11054	scgenerai_config
0.0	0	216	29	on_target	net_90_11013	0	0.001	net_90_11013_net_75_10306_net_77_11506	scgenerai_config
0.0	0	216	292	on_target	net_90_11013	0	0.01	net_90_11013_net_75_10306_net_77_11506	scgenerai_config
0.0231481481481481	5	216	1458	on_target	net_90_11013	0	0.05	net_90_11013_net_75_10306_net_77_11506	scgenerai_config
0.0509259259259259	11	216	2916	on_target	net_90_11013	0	0.1	net_90_11013_net_75_10306_net_77_11506	scgenerai_config
0.1296296296296296	28	216	5832	on_target	net_90_11013	0	0.2	net_90_11013_net_75_10306_net_77_11506	scgenerai_config
0.1574074074074074	34	216	7290	on_target	net_90_11013	0	0.25	net_90_11013_net_75_10306_net_77_11506	scgenerai_config
0.3009259259259259	65	216	14580	on_target	net_90_11013	0	0.5	net_90_11013_net_75_10306_net_77_11506	scgenerai_config
0.4351851851851852	94	216	21871	on_target	net_90_11013	0	0.75	net_90_11013_net_75_10306_net_77_11506	scgenerai_config
0.5833333333333334	126	216	29161	on_target	net_90_11013	0	1.0	net_90_11013_net_75_10306_net_77_11506	scgenerai_config
0.0	0	216	29	off_target	net_90_11013	1	0.001	net_90_11013_net_75_10306_net_77_11506	scgenerai_config
0.0	0	216	292	off_target	net_90_11013	1	0.01	net_90_11013_net_75_10306_net_77_11506	scgenerai_config
0.0277777777777777	6	216	1458	off_target	net_90_11013	1	0.05	net_90_11013_net_75_10306_net_77_11506	scgenerai_config
0.0555555555555555	12	216	2916	off_target	net_90_11013	1	0.1	net_90_11013_net_75_10306_net_77_11506	scgenerai_config
0.1296296296296296	28	216	5832	off_target	net_90_11013	1	0.2	net_90_11013_net_75_10306_net_77_11506	scgenerai_config
0.1527777777777778	33	216	7290	off_target	net_90_11013	1	0.25	net_90_11013_net_75_10306_net_77_11506	scgenerai_config
0.3009259259259259	65	216	14580	off_target	net_90_11013	1	0.5	net_90_11013_net_75_10306_net_77_11506	scgenerai_config
0.4444444444444444	96	216	21871	off_target	net_90_11013	1	0.75	net_90_11013_net_75_10306_net_77_11506	scgenerai_config
0.5833333333333334	126	216	29161	off_target	net_90_11013	1	1.0	net_90_11013_net_75_10306_net_77_11506	scgenerai_config
0.0	0	175	29	off_target	net_75_10306	0	0.001	net_90_11013_net_75_10306_net_77_11506	scgenerai_config
0.0057142857142857	1	175	292	off_target	net_75_10306	0	0.01	net_90_11013_net_75_10306_net_77_11506	scgenerai_config
0.0228571428571428	4	175	1458	off_target	net_75_10306	0	0.05	net_90_11013_net_75_10306_net_77_11506	scgenerai_config
0.08	14	175	2916	off_target	net_75_10306	0	0.1	net_90_11013_net_75_10306_net_77_11506	scgenerai_config
0.1485714285714285	26	175	5832	off_target	net_75_10306	0	0.2	net_90_11013_net_75_10306_net_77_11506	scgenerai_config
0.2057142857142857	36	175	7290	off_target	net_75_10306	0	0.25	net_90_11013_net_75_10306_net_77_11506	scgenerai_config
0.3542857142857142	62	175	14580	off_target	net_75_10306	0	0.5	net_90_11013_net_75_10306_net_77_11506	scgenerai_config
0.4971428571428571	87	175	21871	off_target	net_75_10306	0	0.75	net_90_11013_net_75_10306_net_77_11506	scgenerai_config
0.7028571428571428	123	175	29161	off_target	net_75_10306	0	1.0	net_90_11013_net_75_10306_net_77_11506	scgenerai_config
0.0	0	175	29	on_target	net_75_10306	1	0.001	net_90_11013_net_75_10306_net_77_11506	scgenerai_config
0.0057142857142857	1	175	292	on_target	net_75_10306	1	0.01	net_90_11013_net_75_10306_net_77_11506	scgenerai_config
0.0457142857142857	8	175	1458	on_target	net_75_10306	1	0.05	net_90_11013_net_75_10306_net_77_11506	scgenerai_config
0.0857142857142857	15	175	2916	on_target	net_75_10306	1	0.1	net_90_11013_net_75_10306_net_77_11506	scgenerai_config
0.1542857142857142	27	175	5832	on_target	net_75_10306	1	0.2	net_90_11013_net_75_10306_net_77_11506	scgenerai_config
0.1942857142857142	34	175	7290	on_target	net_75_10306	1	0.25	net_90_11013_net_75_10306_net_77_11506	scgenerai_config
0.3314285714285714	58	175	14580	on_target	net_75_10306	1	0.5	net_90_11013_net_75_10306_net_77_11506	scgenerai_config
0.5142857142857142	90	175	21871	on_target	net_75_10306	1	0.75	net_90_11013_net_75_10306_net_77_11506	scgenerai_config
0.7028571428571428	123	175	29161	on_target	net_75_10306	1	1.0	net_90_11013_net_75_10306_net_77_11506	scgenerai_config
0.0	0	239	57	on_target	net_172_10626	0	0.001	net_172_10626_net_89_11634_net_76_10367	scgenerai_config
0.0	0	239	566	on_target	net_172_10626	0	0.01	net_172_10626_net_89_11634_net_76_10367	scgenerai_config
0.00836820083682	2	239	2831	on_target	net_172_10626	0	0.05	net_172_10626_net_89_11634_net_76_10367	scgenerai_config
0.0585774058577405	14	239	5662	on_target	net_172_10626	0	0.1	net_172_10626_net_89_11634_net_76_10367	scgenerai_config
0.100418410041841	24	239	11323	on_target	net_172_10626	0	0.2	net_172_10626_net_89_11634_net_76_10367	scgenerai_config
0.1297071129707113	31	239	14154	on_target	net_172_10626	0	0.25	net_172_10626_net_89_11634_net_76_10367	scgenerai_config
0.2384937238493724	57	239	28308	on_target	net_172_10626	0	0.5	net_172_10626_net_89_11634_net_76_10367	scgenerai_config
0.3891213389121339	93	239	42462	on_target	net_172_10626	0	0.75	net_172_10626_net_89_11634_net_76_10367	scgenerai_config
0.5690376569037657	136	239	56616	on_target	net_172_10626	0	1.0	net_172_10626_net_89_11634_net_76_10367	scgenerai_config
0.0	0	239	57	off_target	net_172_10626	1	0.001	net_172_10626_net_89_11634_net_76_10367	scgenerai_config
0.00836820083682	2	239	566	off_target	net_172_10626	1	0.01	net_172_10626_net_89_11634_net_76_10367	scgenerai_config
0.0460251046025104	11	239	2831	off_target	net_172_10626	1	0.05	net_172_10626_net_89_11634_net_76_10367	scgenerai_config
0.0669456066945606	16	239	5662	off_target	net_172_10626	1	0.1	net_172_10626_net_89_11634_net_76_10367	scgenerai_config
0.1297071129707113	31	239	11323	off_target	net_172_10626	1	0.2	net_172_10626_net_89_11634_net_76_10367	scgenerai_config
0.1631799163179916	39	239	14154	off_target	net_172_10626	1	0.25	net_172_10626_net_89_11634_net_76_10367	scgenerai_config
0.3138075313807531	75	239	28308	off_target	net_172_10626	1	0.5	net_172_10626_net_89_11634_net_76_10367	scgenerai_config
0.4267782426778242	102	239	42462	off_target	net_172_10626	1	0.75	net_172_10626_net_89_11634_net_76_10367	scgenerai_config
0.5690376569037657	136	239	56616	off_target	net_172_10626	1	1.0	net_172_10626_net_89_11634_net_76_10367	scgenerai_config
0.0	0	98	57	off_target	net_89_11634	0	0.001	net_172_10626_net_89_11634_net_76_10367	scgenerai_config
0.0204081632653061	2	98	566	off_target	net_89_11634	0	0.01	net_172_10626_net_89_11634_net_76_10367	scgenerai_config
0.0510204081632653	5	98	2831	off_target	net_89_11634	0	0.05	net_172_10626_net_89_11634_net_76_10367	scgenerai_config
0.0714285714285714	7	98	5662	off_target	net_89_11634	0	0.1	net_172_10626_net_89_11634_net_76_10367	scgenerai_config
0.0918367346938775	9	98	11323	off_target	net_89_11634	0	0.2	net_172_10626_net_89_11634_net_76_10367	scgenerai_config
0.1122448979591836	11	98	14154	off_target	net_89_11634	0	0.25	net_172_10626_net_89_11634_net_76_10367	scgenerai_config
0.2040816326530612	20	98	28308	off_target	net_89_11634	0	0.5	net_172_10626_net_89_11634_net_76_10367	scgenerai_config
0.336734693877551	33	98	42462	off_target	net_89_11634	0	0.75	net_172_10626_net_89_11634_net_76_10367	scgenerai_config
0.4081632653061224	40	98	56616	off_target	net_89_11634	0	1.0	net_172_10626_net_89_11634_net_76_10367	scgenerai_config
0.0	0	98	57	on_target	net_89_11634	1	0.001	net_172_10626_net_89_11634_net_76_10367	scgenerai_config
0.010204081632653	1	98	566	on_target	net_89_11634	1	0.01	net_172_10626_net_89_11634_net_76_10367	scgenerai_config
0.0204081632653061	2	98	2831	on_target	net_89_11634	1	0.05	net_172_10626_net_89_11634_net_76_10367	scgenerai_config
0.0408163265306122	4	98	5662	on_target	net_89_11634	1	0.1	net_172_10626_net_89_11634_net_76_10367	scgenerai_config
0.1020408163265306	10	98	11323	on_target	net_89_11634	1	0.2	net_172_10626_net_89_11634_net_76_10367	scgenerai_config
0.1122448979591836	11	98	14154	on_target	net_89_11634	1	0.25	net_172_10626_net_89_11634_net_76_10367	scgenerai_config
0.1632653061224489	16	98	28308	on_target	net_89_11634	1	0.5	net_172_10626_net_89_11634_net_76_10367	scgenerai_config
0.2755102040816326	27	98	42462	on_target	net_89_11634	1	0.75	net_172_10626_net_89_11634_net_76_10367	scgenerai_config
0.4081632653061224	40	98	56616	on_target	net_89_11634	1	1.0	net_172_10626_net_89_11634_net_76_10367	scgenerai_config
0.0	0	87	33	on_target	net_59_10488	0	0.001	net_59_10488_net_115_11153_net_84_11226	scgenerai_config
0.0	0	87	332	on_target	net_59_10488	0	0.01	net_59_10488_net_115_11153_net_84_11226	scgenerai_config
0.0459770114942528	4	87	1658	on_target	net_59_10488	0	0.05	net_59_10488_net_115_11153_net_84_11226	scgenerai_config
0.0689655172413793	6	87	3315	on_target	net_59_10488	0	0.1	net_59_10488_net_115_11153_net_84_11226	scgenerai_config
0.1149425287356321	10	87	6631	on_target	net_59_10488	0	0.2	net_59_10488_net_115_11153_net_84_11226	scgenerai_config
0.1494252873563218	13	87	8288	on_target	net_59_10488	0	0.25	net_59_10488_net_115_11153_net_84_11226	scgenerai_config
0.264367816091954	23	87	16576	on_target	net_59_10488	0	0.5	net_59_10488_net_115_11153_net_84_11226	scgenerai_config
0.367816091954023	32	87	24865	on_target	net_59_10488	0	0.75	net_59_10488_net_115_11153_net_84_11226	scgenerai_config
0.4942528735632184	43	87	33153	on_target	net_59_10488	0	1.0	net_59_10488_net_115_11153_net_84_11226	scgenerai_config
0.0	0	87	33	off_target	net_59_10488	1	0.001	net_59_10488_net_115_11153_net_84_11226	scgenerai_config
0.0114942528735632	1	87	332	off_target	net_59_10488	1	0.01	net_59_10488_net_115_11153_net_84_11226	scgenerai_config
0.0459770114942528	4	87	1658	off_target	net_59_10488	1	0.05	net_59_10488_net_115_11153_net_84_11226	scgenerai_config
0.0804597701149425	7	87	3315	off_target	net_59_10488	1	0.1	net_59_10488_net_115_11153_net_84_11226	scgenerai_config
0.1149425287356321	10	87	6631	off_target	net_59_10488	1	0.2	net_59_10488_net_115_11153_net_84_11226	scgenerai_config
0.1264367816091954	11	87	8288	off_target	net_59_10488	1	0.25	net_59_10488_net_115_11153_net_84_11226	scgenerai_config
0.264367816091954	23	87	16576	off_target	net_59_10488	1	0.5	net_59_10488_net_115_11153_net_84_11226	scgenerai_config
0.3908045977011494	34	87	24865	off_target	net_59_10488	1	0.75	net_59_10488_net_115_11153_net_84_11226	scgenerai_config
0.4942528735632184	43	87	33153	off_target	net_59_10488	1	1.0	net_59_10488_net_115_11153_net_84_11226	scgenerai_config
0.0	0	117	33	off_target	net_115_11153	0	0.001	net_59_10488_net_115_11153_net_84_11226	scgenerai_config
0.0	0	117	332	off_target	net_115_11153	0	0.01	net_59_10488_net_115_11153_net_84_11226	scgenerai_config
0.0	0	117	1658	off_target	net_115_11153	0	0.05	net_59_10488_net_115_11153_net_84_11226	scgenerai_config
0.0341880341880341	4	117	3315	off_target	net_115_11153	0	0.1	net_59_10488_net_115_11153_net_84_11226	scgenerai_config
0.0427350427350427	5	117	6631	off_target	net_115_11153	0	0.2	net_59_10488_net_115_11153_net_84_11226	scgenerai_config
0.0427350427350427	5	117	8288	off_target	net_115_11153	0	0.25	net_59_10488_net_115_11153_net_84_11226	scgenerai_config
0.0683760683760683	8	117	16576	off_target	net_115_11153	0	0.5	net_59_10488_net_115_11153_net_84_11226	scgenerai_config
0.1025641025641025	12	117	24865	off_target	net_115_11153	0	0.75	net_59_10488_net_115_11153_net_84_11226	scgenerai_config
0.1196581196581196	14	117	33153	off_target	net_115_11153	0	1.0	net_59_10488_net_115_11153_net_84_11226	scgenerai_config
0.0	0	117	33	on_target	net_115_11153	1	0.001	net_59_10488_net_115_11153_net_84_11226	scgenerai_config
0.0085470085470085	1	117	332	on_target	net_115_11153	1	0.01	net_59_10488_net_115_11153_net_84_11226	scgenerai_config
0.0085470085470085	1	117	1658	on_target	net_115_11153	1	0.05	net_59_10488_net_115_11153_net_84_11226	scgenerai_config
0.0256410256410256	3	117	3315	on_target	net_115_11153	1	0.1	net_59_10488_net_115_11153_net_84_11226	scgenerai_config
0.0512820512820512	6	117	6631	on_target	net_115_11153	1	0.2	net_59_10488_net_115_11153_net_84_11226	scgenerai_config
0.0512820512820512	6	117	8288	on_target	net_115_11153	1	0.25	net_59_10488_net_115_11153_net_84_11226	scgenerai_config
0.0512820512820512	6	117	16576	on_target	net_115_11153	1	0.5	net_59_10488_net_115_11153_net_84_11226	scgenerai_config
0.094017094017094	11	117	24865	on_target	net_115_11153	1	0.75	net_59_10488_net_115_11153_net_84_11226	scgenerai_config
0.1196581196581196	14	117	33153	on_target	net_115_11153	1	1.0	net_59_10488_net_115_11153_net_84_11226	scgenerai_config
0.0	0	92	40	on_target	net_60_10703	0	0.001	net_60_10703_net_141_11706_net_81_10586	scgenerai_config
0.0	0	92	396	on_target	net_60_10703	0	0.01	net_60_10703_net_141_11706_net_81_10586	scgenerai_config
0.0543478260869565	5	92	1981	on_target	net_60_10703	0	0.05	net_60_10703_net_141_11706_net_81_10586	scgenerai_config
0.0652173913043478	6	92	3962	on_target	net_60_10703	0	0.1	net_60_10703_net_141_11706_net_81_10586	scgenerai_config
0.1521739130434782	14	92	7924	on_target	net_60_10703	0	0.2	net_60_10703_net_141_11706_net_81_10586	scgenerai_config
0.2065217391304347	19	92	9905	on_target	net_60_10703	0	0.25	net_60_10703_net_141_11706_net_81_10586	scgenerai_config
0.3478260869565217	32	92	19810	on_target	net_60_10703	0	0.5	net_60_10703_net_141_11706_net_81_10586	scgenerai_config
0.532608695652174	49	92	29716	on_target	net_60_10703	0	0.75	net_60_10703_net_141_11706_net_81_10586	scgenerai_config
0.6847826086956522	63	92	39621	on_target	net_60_10703	0	1.0	net_60_10703_net_141_11706_net_81_10586	scgenerai_config
0.0	0	92	40	off_target	net_60_10703	1	0.001	net_60_10703_net_141_11706_net_81_10586	scgenerai_config
0.0	0	92	396	off_target	net_60_10703	1	0.01	net_60_10703_net_141_11706_net_81_10586	scgenerai_config
0.0326086956521739	3	92	1981	off_target	net_60_10703	1	0.05	net_60_10703_net_141_11706_net_81_10586	scgenerai_config
0.0543478260869565	5	92	3962	off_target	net_60_10703	1	0.1	net_60_10703_net_141_11706_net_81_10586	scgenerai_config
0.0978260869565217	9	92	7924	off_target	net_60_10703	1	0.2	net_60_10703_net_141_11706_net_81_10586	scgenerai_config
0.1413043478260869	13	92	9905	off_target	net_60_10703	1	0.25	net_60_10703_net_141_11706_net_81_10586	scgenerai_config
0.3043478260869565	28	92	19810	off_target	net_60_10703	1	0.5	net_60_10703_net_141_11706_net_81_10586	scgenerai_config
0.5108695652173914	47	92	29716	off_target	net_60_10703	1	0.75	net_60_10703_net_141_11706_net_81_10586	scgenerai_config
0.6847826086956522	63	92	39621	off_target	net_60_10703	1	1.0	net_60_10703_net_141_11706_net_81_10586	scgenerai_config
0.0	0	175	40	off_target	net_141_11706	0	0.001	net_60_10703_net_141_11706_net_81_10586	scgenerai_config
0.0114285714285714	2	175	396	off_target	net_141_11706	0	0.01	net_60_10703_net_141_11706_net_81_10586	scgenerai_config
0.0628571428571428	11	175	1981	off_target	net_141_11706	0	0.05	net_60_10703_net_141_11706_net_81_10586	scgenerai_config
0.1257142857142857	22	175	3962	off_target	net_141_11706	0	0.1	net_60_10703_net_141_11706_net_81_10586	scgenerai_config
0.2228571428571428	39	175	7924	off_target	net_141_11706	0	0.2	net_60_10703_net_141_11706_net_81_10586	scgenerai_config
0.24	42	175	9905	off_target	net_141_11706	0	0.25	net_60_10703_net_141_11706_net_81_10586	scgenerai_config
0.4114285714285714	72	175	19810	off_target	net_141_11706	0	0.5	net_60_10703_net_141_11706_net_81_10586	scgenerai_config
0.5657142857142857	99	175	29716	off_target	net_141_11706	0	0.75	net_60_10703_net_141_11706_net_81_10586	scgenerai_config
0.7257142857142858	127	175	39621	off_target	net_141_11706	0	1.0	net_60_10703_net_141_11706_net_81_10586	scgenerai_config
0.0	0	175	40	on_target	net_141_11706	1	0.001	net_60_10703_net_141_11706_net_81_10586	scgenerai_config
0.0057142857142857	1	175	396	on_target	net_141_11706	1	0.01	net_60_10703_net_141_11706_net_81_10586	scgenerai_config
0.0342857142857142	6	175	1981	on_target	net_141_11706	1	0.05	net_60_10703_net_141_11706_net_81_10586	scgenerai_config
0.0857142857142857	15	175	3962	on_target	net_141_11706	1	0.1	net_60_10703_net_141_11706_net_81_10586	scgenerai_config
0.1142857142857142	20	175	7924	on_target	net_141_11706	1	0.2	net_60_10703_net_141_11706_net_81_10586	scgenerai_config
0.2	35	175	9905	on_target	net_141_11706	1	0.25	net_60_10703_net_141_11706_net_81_10586	scgenerai_config
0.3828571428571428	67	175	19810	on_target	net_141_11706	1	0.5	net_60_10703_net_141_11706_net_81_10586	scgenerai_config
0.5257142857142857	92	175	29716	on_target	net_141_11706	1	0.75	net_60_10703_net_141_11706_net_81_10586	scgenerai_config
0.7257142857142858	127	175	39621	on_target	net_141_11706	1	1.0	net_60_10703_net_141_11706_net_81_10586	scgenerai_config
0.0	0	105	22	on_target	net_98_11932	0	0.001	net_98_11932_net_51_10906_net_60_10082	scgenerai_config
0.0	0	105	217	on_target	net_98_11932	0	0.01	net_98_11932_net_51_10906_net_60_10082	scgenerai_config
0.0095238095238095	1	105	1087	on_target	net_98_11932	0	0.05	net_98_11932_net_51_10906_net_60_10082	scgenerai_config
0.0380952380952381	4	105	2174	on_target	net_98_11932	0	0.1	net_98_11932_net_51_10906_net_60_10082	scgenerai_config
0.0857142857142857	9	105	4347	on_target	net_98_11932	0	0.2	net_98_11932_net_51_10906_net_60_10082	scgenerai_config
0.1047619047619047	11	105	5434	on_target	net_98_11932	0	0.25	net_98_11932_net_51_10906_net_60_10082	scgenerai_config
0.238095238095238	25	105	10868	on_target	net_98_11932	0	0.5	net_98_11932_net_51_10906_net_60_10082	scgenerai_config
0.3142857142857143	33	105	16302	on_target	net_98_11932	0	0.75	net_98_11932_net_51_10906_net_60_10082	scgenerai_config
0.3619047619047619	38	105	21736	on_target	net_98_11932	0	1.0	net_98_11932_net_51_10906_net_60_10082	scgenerai_config
0.0	0	105	22	off_target	net_98_11932	1	0.001	net_98_11932_net_51_10906_net_60_10082	scgenerai_config
0.019047619047619	2	105	217	off_target	net_98_11932	1	0.01	net_98_11932_net_51_10906_net_60_10082	scgenerai_config
0.0285714285714285	3	105	1087	off_target	net_98_11932	1	0.05	net_98_11932_net_51_10906_net_60_10082	scgenerai_config
0.0380952380952381	4	105	2174	off_target	net_98_11932	1	0.1	net_98_11932_net_51_10906_net_60_10082	scgenerai_config
0.0666666666666666	7	105	4347	off_target	net_98_11932	1	0.2	net_98_11932_net_51_10906_net_60_10082	scgenerai_config
0.1047619047619047	11	105	5434	off_target	net_98_11932	1	0.25	net_98_11932_net_51_10906_net_60_10082	scgenerai_config
0.1904761904761904	20	105	10868	off_target	net_98_11932	1	0.5	net_98_11932_net_51_10906_net_60_10082	scgenerai_config
0.2952380952380952	31	105	16302	off_target	net_98_11932	1	0.75	net_98_11932_net_51_10906_net_60_10082	scgenerai_config
0.3619047619047619	38	105	21736	off_target	net_98_11932	1	1.0	net_98_11932_net_51_10906_net_60_10082	scgenerai_config
0.0	0	90	22	off_target	net_51_10906	0	0.001	net_98_11932_net_51_10906_net_60_10082	scgenerai_config
0.0	0	90	217	off_target	net_51_10906	0	0.01	net_98_11932_net_51_10906_net_60_10082	scgenerai_config
0.0111111111111111	1	90	1087	off_target	net_51_10906	0	0.05	net_98_11932_net_51_10906_net_60_10082	scgenerai_config
0.0666666666666666	6	90	2174	off_target	net_51_10906	0	0.1	net_98_11932_net_51_10906_net_60_10082	scgenerai_config
0.1333333333333333	12	90	4347	off_target	net_51_10906	0	0.2	net_98_11932_net_51_10906_net_60_10082	scgenerai_config
0.1777777777777777	16	90	5434	off_target	net_51_10906	0	0.25	net_98_11932_net_51_10906_net_60_10082	scgenerai_config
0.2888888888888888	26	90	10868	off_target	net_51_10906	0	0.5	net_98_11932_net_51_10906_net_60_10082	scgenerai_config
0.3888888888888889	35	90	16302	off_target	net_51_10906	0	0.75	net_98_11932_net_51_10906_net_60_10082	scgenerai_config
0.6333333333333333	57	90	21736	off_target	net_51_10906	0	1.0	net_98_11932_net_51_10906_net_60_10082	scgenerai_config
0.0	0	90	22	on_target	net_51_10906	1	0.001	net_98_11932_net_51_10906_net_60_10082	scgenerai_config
0.0	0	90	217	on_target	net_51_10906	1	0.01	net_98_11932_net_51_10906_net_60_10082	scgenerai_config
0.0333333333333333	3	90	1087	on_target	net_51_10906	1	0.05	net_98_11932_net_51_10906_net_60_10082	scgenerai_config
0.0555555555555555	5	90	2174	on_target	net_51_10906	1	0.1	net_98_11932_net_51_10906_net_60_10082	scgenerai_config
0.1333333333333333	12	90	4347	on_target	net_51_10906	1	0.2	net_98_11932_net_51_10906_net_60_10082	scgenerai_config
0.1666666666666666	15	90	5434	on_target	net_51_10906	1	0.25	net_98_11932_net_51_10906_net_60_10082	scgenerai_config
0.3222222222222222	29	90	10868	on_target	net_51_10906	1	0.5	net_98_11932_net_51_10906_net_60_10082	scgenerai_config
0.4666666666666667	42	90	16302	on_target	net_51_10906	1	0.75	net_98_11932_net_51_10906_net_60_10082	scgenerai_config
0.6333333333333333	57	90	21736	on_target	net_51_10906	1	1.0	net_98_11932_net_51_10906_net_60_10082	scgenerai_config
0.0	0	175	52	on_target	net_141_11706	0	0.001	net_141_11706_net_61_10737_net_70_11670_net_51_10906	scgenerai_config
0.0114285714285714	2	175	520	on_target	net_141_11706	0	0.01	net_141_11706_net_61_10737_net_70_11670_net_51_10906	scgenerai_config
0.0457142857142857	8	175	2600	on_target	net_141_11706	0	0.05	net_141_11706_net_61_10737_net_70_11670_net_51_10906	scgenerai_config
0.0685714285714285	12	175	5200	on_target	net_141_11706	0	0.1	net_141_11706_net_61_10737_net_70_11670_net_51_10906	scgenerai_config
0.1657142857142857	29	175	10401	on_target	net_141_11706	0	0.2	net_141_11706_net_61_10737_net_70_11670_net_51_10906	scgenerai_config
0.1885714285714285	33	175	13001	on_target	net_141_11706	0	0.25	net_141_11706_net_61_10737_net_70_11670_net_51_10906	scgenerai_config
0.3714285714285714	65	175	26002	on_target	net_141_11706	0	0.5	net_141_11706_net_61_10737_net_70_11670_net_51_10906	scgenerai_config
0.5771428571428572	101	175	39002	on_target	net_141_11706	0	0.75	net_141_11706_net_61_10737_net_70_11670_net_51_10906	scgenerai_config
0.7257142857142858	127	175	52003	on_target	net_141_11706	0	1.0	net_141_11706_net_61_10737_net_70_11670_net_51_10906	scgenerai_config
0.0	0	175	52	off_target	net_141_11706	1	0.001	net_141_11706_net_61_10737_net_70_11670_net_51_10906	scgenerai_config
0.0057142857142857	1	175	520	off_target	net_141_11706	1	0.01	net_141_11706_net_61_10737_net_70_11670_net_51_10906	scgenerai_config
0.0342857142857142	6	175	2600	off_target	net_141_11706	1	0.05	net_141_11706_net_61_10737_net_70_11670_net_51_10906	scgenerai_config
0.0857142857142857	15	175	5200	off_target	net_141_11706	1	0.1	net_141_11706_net_61_10737_net_70_11670_net_51_10906	scgenerai_config
0.1485714285714285	26	175	10401	off_target	net_141_11706	1	0.2	net_141_11706_net_61_10737_net_70_11670_net_51_10906	scgenerai_config
0.1714285714285714	30	175	13001	off_target	net_141_11706	1	0.25	net_141_11706_net_61_10737_net_70_11670_net_51_10906	scgenerai_config
0.3485714285714286	61	175	26002	off_target	net_141_11706	1	0.5	net_141_11706_net_61_10737_net_70_11670_net_51_10906	scgenerai_config
0.5371428571428571	94	175	39002	off_target	net_141_11706	1	0.75	net_141_11706_net_61_10737_net_70_11670_net_51_10906	scgenerai_config
0.7257142857142858	127	175	52003	off_target	net_141_11706	1	1.0	net_141_11706_net_61_10737_net_70_11670_net_51_10906	scgenerai_config
0.0	0	132	52	off_target	net_61_10737	0	0.001	net_141_11706_net_61_10737_net_70_11670_net_51_10906	scgenerai_config
0.0075757575757575	1	132	520	off_target	net_61_10737	0	0.01	net_141_11706_net_61_10737_net_70_11670_net_51_10906	scgenerai_config
0.0606060606060606	8	132	2600	off_target	net_61_10737	0	0.05	net_141_11706_net_61_10737_net_70_11670_net_51_10906	scgenerai_config
0.0833333333333333	11	132	5200	off_target	net_61_10737	0	0.1	net_141_11706_net_61_10737_net_70_11670_net_51_10906	scgenerai_config
0.1590909090909091	21	132	10401	off_target	net_61_10737	0	0.2	net_141_11706_net_61_10737_net_70_11670_net_51_10906	scgenerai_config
0.1818181818181818	24	132	13001	off_target	net_61_10737	0	0.25	net_141_11706_net_61_10737_net_70_11670_net_51_10906	scgenerai_config
0.3181818181818182	42	132	26002	off_target	net_61_10737	0	0.5	net_141_11706_net_61_10737_net_70_11670_net_51_10906	scgenerai_config
0.4545454545454545	60	132	39002	off_target	net_61_10737	0	0.75	net_141_11706_net_61_10737_net_70_11670_net_51_10906	scgenerai_config
0.6060606060606061	80	132	52003	off_target	net_61_10737	0	1.0	net_141_11706_net_61_10737_net_70_11670_net_51_10906	scgenerai_config
0.0	0	132	52	on_target	net_61_10737	1	0.001	net_141_11706_net_61_10737_net_70_11670_net_51_10906	scgenerai_config
0.0	0	132	520	on_target	net_61_10737	1	0.01	net_141_11706_net_61_10737_net_70_11670_net_51_10906	scgenerai_config
0.0227272727272727	3	132	2600	on_target	net_61_10737	1	0.05	net_141_11706_net_61_10737_net_70_11670_net_51_10906	scgenerai_config
0.053030303030303	7	132	5200	on_target	net_61_10737	1	0.1	net_141_11706_net_61_10737_net_70_11670_net_51_10906	scgenerai_config
0.0909090909090909	12	132	10401	on_target	net_61_10737	1	0.2	net_141_11706_net_61_10737_net_70_11670_net_51_10906	scgenerai_config
0.1287878787878787	17	132	13001	on_target	net_61_10737	1	0.25	net_141_11706_net_61_10737_net_70_11670_net_51_10906	scgenerai_config
0.2803030303030303	37	132	26002	on_target	net_61_10737	1	0.5	net_141_11706_net_61_10737_net_70_11670_net_51_10906	scgenerai_config
0.4469696969696969	59	132	39002	on_target	net_61_10737	1	0.75	net_141_11706_net_61_10737_net_70_11670_net_51_10906	scgenerai_config
0.6060606060606061	80	132	52003	on_target	net_61_10737	1	1.0	net_141_11706_net_61_10737_net_70_11670_net_51_10906	scgenerai_config
0.0	0	80	52	off_target	net_70_11670	0	0.001	net_141_11706_net_61_10737_net_70_11670_net_51_10906	scgenerai_config
0.0	0	80	520	off_target	net_70_11670	0	0.01	net_141_11706_net_61_10737_net_70_11670_net_51_10906	scgenerai_config
0.0125	1	80	2600	off_target	net_70_11670	0	0.05	net_141_11706_net_61_10737_net_70_11670_net_51_10906	scgenerai_config
0.0375	3	80	5200	off_target	net_70_11670	0	0.1	net_141_11706_net_61_10737_net_70_11670_net_51_10906	scgenerai_config
0.1	8	80	10401	off_target	net_70_11670	0	0.2	net_141_11706_net_61_10737_net_70_11670_net_51_10906	scgenerai_config
0.1	8	80	13001	off_target	net_70_11670	0	0.25	net_141_11706_net_61_10737_net_70_11670_net_51_10906	scgenerai_config
0.275	22	80	26002	off_target	net_70_11670	0	0.5	net_141_11706_net_61_10737_net_70_11670_net_51_10906	scgenerai_config
0.4625	37	80	39002	off_target	net_70_11670	0	0.75	net_141_11706_net_61_10737_net_70_11670_net_51_10906	scgenerai_config
0.5875	47	80	52003	off_target	net_70_11670	0	1.0	net_141_11706_net_61_10737_net_70_11670_net_51_10906	scgenerai_config
0.0	0	80	52	off_target	net_70_11670	1	0.001	net_141_11706_net_61_10737_net_70_11670_net_51_10906	scgenerai_config
0.0	0	80	520	off_target	net_70_11670	1	0.01	net_141_11706_net_61_10737_net_70_11670_net_51_10906	scgenerai_config
0.0125	1	80	2600	off_target	net_70_11670	1	0.05	net_141_11706_net_61_10737_net_70_11670_net_51_10906	scgenerai_config
0.025	2	80	5200	off_target	net_70_11670	1	0.1	net_141_11706_net_61_10737_net_70_11670_net_51_10906	scgenerai_config
0.05	4	80	10401	off_target	net_70_11670	1	0.2	net_141_11706_net_61_10737_net_70_11670_net_51_10906	scgenerai_config
0.0625	5	80	13001	off_target	net_70_11670	1	0.25	net_141_11706_net_61_10737_net_70_11670_net_51_10906	scgenerai_config
0.2	16	80	26002	off_target	net_70_11670	1	0.5	net_141_11706_net_61_10737_net_70_11670_net_51_10906	scgenerai_config
0.425	34	80	39002	off_target	net_70_11670	1	0.75	net_141_11706_net_61_10737_net_70_11670_net_51_10906	scgenerai_config
0.5875	47	80	52003	off_target	net_70_11670	1	1.0	net_141_11706_net_61_10737_net_70_11670_net_51_10906	scgenerai_config
0.0	0	175	77	on_target	net_141_11706	0	0.001	net_141_11706_net_81_10586_net_115_11153_net_57_10409	scgenerai_config
0.0057142857142857	1	175	774	on_target	net_141_11706	0	0.01	net_141_11706_net_81_10586_net_115_11153_net_57_10409	scgenerai_config
0.0285714285714285	5	175	3871	on_target	net_141_11706	0	0.05	net_141_11706_net_81_10586_net_115_11153_net_57_10409	scgenerai_config
0.0571428571428571	10	175	7742	on_target	net_141_11706	0	0.1	net_141_11706_net_81_10586_net_115_11153_net_57_10409	scgenerai_config
0.1371428571428571	24	175	15484	on_target	net_141_11706	0	0.2	net_141_11706_net_81_10586_net_115_11153_net_57_10409	scgenerai_config
0.1828571428571428	32	175	19355	on_target	net_141_11706	0	0.25	net_141_11706_net_81_10586_net_115_11153_net_57_10409	scgenerai_config
0.36	63	175	38710	on_target	net_141_11706	0	0.5	net_141_11706_net_81_10586_net_115_11153_net_57_10409	scgenerai_config
0.5314285714285715	93	175	58066	on_target	net_141_11706	0	0.75	net_141_11706_net_81_10586_net_115_11153_net_57_10409	scgenerai_config
0.7257142857142858	127	175	77421	on_target	net_141_11706	0	1.0	net_141_11706_net_81_10586_net_115_11153_net_57_10409	scgenerai_config
0.0	0	175	77	off_target	net_141_11706	1	0.001	net_141_11706_net_81_10586_net_115_11153_net_57_10409	scgenerai_config
0.0057142857142857	1	175	774	off_target	net_141_11706	1	0.01	net_141_11706_net_81_10586_net_115_11153_net_57_10409	scgenerai_config
0.0114285714285714	2	175	3871	off_target	net_141_11706	1	0.05	net_141_11706_net_81_10586_net_115_11153_net_57_10409	scgenerai_config
0.0514285714285714	9	175	7742	off_target	net_141_11706	1	0.1	net_141_11706_net_81_10586_net_115_11153_net_57_10409	scgenerai_config
0.1371428571428571	24	175	15484	off_target	net_141_11706	1	0.2	net_141_11706_net_81_10586_net_115_11153_net_57_10409	scgenerai_config
0.1771428571428571	31	175	19355	off_target	net_141_11706	1	0.25	net_141_11706_net_81_10586_net_115_11153_net_57_10409	scgenerai_config
0.3771428571428571	66	175	38710	off_target	net_141_11706	1	0.5	net_141_11706_net_81_10586_net_115_11153_net_57_10409	scgenerai_config
0.5428571428571428	95	175	58066	off_target	net_141_11706	1	0.75	net_141_11706_net_81_10586_net_115_11153_net_57_10409	scgenerai_config
0.7257142857142858	127	175	77421	off_target	net_141_11706	1	1.0	net_141_11706_net_81_10586_net_115_11153_net_57_10409	scgenerai_config
0.0	0	101	77	off_target	net_81_10586	0	0.001	net_141_11706_net_81_10586_net_115_11153_net_57_10409	scgenerai_config
0.0	0	101	774	off_target	net_81_10586	0	0.01	net_141_11706_net_81_10586_net_115_11153_net_57_10409	scgenerai_config
0.0396039603960396	4	101	3871	off_target	net_81_10586	0	0.05	net_141_11706_net_81_10586_net_115_11153_net_57_10409	scgenerai_config
0.0396039603960396	4	101	7742	off_target	net_81_10586	0	0.1	net_141_11706_net_81_10586_net_115_11153_net_57_10409	scgenerai_config
0.0891089108910891	9	101	15484	off_target	net_81_10586	0	0.2	net_141_11706_net_81_10586_net_115_11153_net_57_10409	scgenerai_config
0.099009900990099	10	101	19355	off_target	net_81_10586	0	0.25	net_141_11706_net_81_10586_net_115_11153_net_57_10409	scgenerai_config
0.2772277227722772	28	101	38710	off_target	net_81_10586	0	0.5	net_141_11706_net_81_10586_net_115_11153_net_57_10409	scgenerai_config
0.4158415841584158	42	101	58066	off_target	net_81_10586	0	0.75	net_141_11706_net_81_10586_net_115_11153_net_57_10409	scgenerai_config
0.504950495049505	51	101	77421	off_target	net_81_10586	0	1.0	net_141_11706_net_81_10586_net_115_11153_net_57_10409	scgenerai_config
0.0	0	101	77	on_target	net_81_10586	1	0.001	net_141_11706_net_81_10586_net_115_11153_net_57_10409	scgenerai_config
0.0198019801980198	2	101	774	on_target	net_81_10586	1	0.01	net_141_11706_net_81_10586_net_115_11153_net_57_10409	scgenerai_config
0.0198019801980198	2	101	3871	on_target	net_81_10586	1	0.05	net_141_11706_net_81_10586_net_115_11153_net_57_10409	scgenerai_config
0.0594059405940594	6	101	7742	on_target	net_81_10586	1	0.1	net_141_11706_net_81_10586_net_115_11153_net_57_10409	scgenerai_config
0.1089108910891089	11	101	15484	on_target	net_81_10586	1	0.2	net_141_11706_net_81_10586_net_115_11153_net_57_10409	scgenerai_config
0.1584158415841584	16	101	19355	on_target	net_81_10586	1	0.25	net_141_11706_net_81_10586_net_115_11153_net_57_10409	scgenerai_config
0.2772277227722772	28	101	38710	on_target	net_81_10586	1	0.5	net_141_11706_net_81_10586_net_115_11153_net_57_10409	scgenerai_config
0.3762376237623762	38	101	58066	on_target	net_81_10586	1	0.75	net_141_11706_net_81_10586_net_115_11153_net_57_10409	scgenerai_config
0.504950495049505	51	101	77421	on_target	net_81_10586	1	1.0	net_141_11706_net_81_10586_net_115_11153_net_57_10409	scgenerai_config
0.0	0	117	77	off_target	net_115_11153	0	0.001	net_141_11706_net_81_10586_net_115_11153_net_57_10409	scgenerai_config
0.0	0	117	774	off_target	net_115_11153	0	0.01	net_141_11706_net_81_10586_net_115_11153_net_57_10409	scgenerai_config
0.017094017094017	2	117	3871	off_target	net_115_11153	0	0.05	net_141_11706_net_81_10586_net_115_11153_net_57_10409	scgenerai_config
0.017094017094017	2	117	7742	off_target	net_115_11153	0	0.1	net_141_11706_net_81_10586_net_115_11153_net_57_10409	scgenerai_config
0.0512820512820512	6	117	15484	off_target	net_115_11153	0	0.2	net_141_11706_net_81_10586_net_115_11153_net_57_10409	scgenerai_config
0.0512820512820512	6	117	19355	off_target	net_115_11153	0	0.25	net_141_11706_net_81_10586_net_115_11153_net_57_10409	scgenerai_config
0.0854700854700854	10	117	38710	off_target	net_115_11153	0	0.5	net_141_11706_net_81_10586_net_115_11153_net_57_10409	scgenerai_config
0.1111111111111111	13	117	58066	off_target	net_115_11153	0	0.75	net_141_11706_net_81_10586_net_115_11153_net_57_10409	scgenerai_config
0.1196581196581196	14	117	77421	off_target	net_115_11153	0	1.0	net_141_11706_net_81_10586_net_115_11153_net_57_10409	scgenerai_config
0.0	0	117	77	off_target	net_115_11153	1	0.001	net_141_11706_net_81_10586_net_115_11153_net_57_10409	scgenerai_config
0.0	0	117	774	off_target	net_115_11153	1	0.01	net_141_11706_net_81_10586_net_115_11153_net_57_10409	scgenerai_config
0.0	0	117	3871	off_target	net_115_11153	1	0.05	net_141_11706_net_81_10586_net_115_11153_net_57_10409	scgenerai_config
0.0	0	117	7742	off_target	net_115_11153	1	0.1	net_141_11706_net_81_10586_net_115_11153_net_57_10409	scgenerai_config
0.0085470085470085	1	117	15484	off_target	net_115_11153	1	0.2	net_141_11706_net_81_10586_net_115_11153_net_57_10409	scgenerai_config
0.017094017094017	2	117	19355	off_target	net_115_11153	1	0.25	net_141_11706_net_81_10586_net_115_11153_net_57_10409	scgenerai_config
0.0427350427350427	5	117	38710	off_target	net_115_11153	1	0.5	net_141_11706_net_81_10586_net_115_11153_net_57_10409	scgenerai_config
0.0854700854700854	10	117	58066	off_target	net_115_11153	1	0.75	net_141_11706_net_81_10586_net_115_11153_net_57_10409	scgenerai_config
0.1196581196581196	14	117	77421	off_target	net_115_11153	1	1.0	net_141_11706_net_81_10586_net_115_11153_net_57_10409	scgenerai_config
0.0	0	104	58	on_target	net_60_10082	0	0.001	net_60_10082_net_64_11307_net_84_11226_net_133_10773	scgenerai_config
0.0	0	104	580	on_target	net_60_10082	0	0.01	net_60_10082_net_64_11307_net_84_11226_net_133_10773	scgenerai_config
0.0	0	104	2898	on_target	net_60_10082	0	0.05	net_60_10082_net_64_11307_net_84_11226_net_133_10773	scgenerai_config
0.0	0	104	5797	on_target	net_60_10082	0	0.1	net_60_10082_net_64_11307_net_84_11226_net_133_10773	scgenerai_config
0.0288461538461538	3	104	11594	on_target	net_60_10082	0	0.2	net_60_10082_net_64_11307_net_84_11226_net_133_10773	scgenerai_config
0.0288461538461538	3	104	14492	on_target	net_60_10082	0	0.25	net_60_10082_net_64_11307_net_84_11226_net_133_10773	scgenerai_config
0.0961538461538461	10	104	28985	on_target	net_60_10082	0	0.5	net_60_10082_net_64_11307_net_84_11226_net_133_10773	scgenerai_config
0.1057692307692307	11	104	43478	on_target	net_60_10082	0	0.75	net_60_10082_net_64_11307_net_84_11226_net_133_10773	scgenerai_config
0.1346153846153846	14	104	57970	on_target	net_60_10082	0	1.0	net_60_10082_net_64_11307_net_84_11226_net_133_10773	scgenerai_config
0.0096153846153846	1	104	58	off_target	net_60_10082	1	0.001	net_60_10082_net_64_11307_net_84_11226_net_133_10773	scgenerai_config
0.0096153846153846	1	104	580	off_target	net_60_10082	1	0.01	net_60_10082_net_64_11307_net_84_11226_net_133_10773	scgenerai_config
0.0192307692307692	2	104	2898	off_target	net_60_10082	1	0.05	net_60_10082_net_64_11307_net_84_11226_net_133_10773	scgenerai_config
0.0288461538461538	3	104	5797	off_target	net_60_10082	1	0.1	net_60_10082_net_64_11307_net_84_11226_net_133_10773	scgenerai_config
0.0288461538461538	3	104	11594	off_target	net_60_10082	1	0.2	net_60_10082_net_64_11307_net_84_11226_net_133_10773	scgenerai_config
0.0288461538461538	3	104	14492	off_target	net_60_10082	1	0.25	net_60_10082_net_64_11307_net_84_11226_net_133_10773	scgenerai_config
0.0384615384615384	4	104	28985	off_target	net_60_10082	1	0.5	net_60_10082_net_64_11307_net_84_11226_net_133_10773	scgenerai_config
0.0576923076923076	6	104	43478	off_target	net_60_10082	1	0.75	net_60_10082_net_64_11307_net_84_11226_net_133_10773	scgenerai_config
0.1346153846153846	14	104	57970	off_target	net_60_10082	1	1.0	net_60_10082_net_64_11307_net_84_11226_net_133_10773	scgenerai_config
0.0	0	71	58	off_target	net_64_11307	0	0.001	net_60_10082_net_64_11307_net_84_11226_net_133_10773	scgenerai_config
0.0	0	71	580	off_target	net_64_11307	0	0.01	net_60_10082_net_64_11307_net_84_11226_net_133_10773	scgenerai_config
0.0140845070422535	1	71	2898	off_target	net_64_11307	0	0.05	net_60_10082_net_64_11307_net_84_11226_net_133_10773	scgenerai_config
0.0422535211267605	3	71	5797	off_target	net_64_11307	0	0.1	net_60_10082_net_64_11307_net_84_11226_net_133_10773	scgenerai_config
0.0704225352112676	5	71	11594	off_target	net_64_11307	0	0.2	net_60_10082_net_64_11307_net_84_11226_net_133_10773	scgenerai_config
0.0845070422535211	6	71	14492	off_target	net_64_11307	0	0.25	net_60_10082_net_64_11307_net_84_11226_net_133_10773	scgenerai_config
0.1549295774647887	11	71	28985	off_target	net_64_11307	0	0.5	net_60_10082_net_64_11307_net_84_11226_net_133_10773	scgenerai_config
0.2253521126760563	16	71	43478	off_target	net_64_11307	0	0.75	net_60_10082_net_64_11307_net_84_11226_net_133_10773	scgenerai_config
0.2535211267605634	18	71	57970	off_target	net_64_11307	0	1.0	net_60_10082_net_64_11307_net_84_11226_net_133_10773	scgenerai_config
0.0	0	71	58	on_target	net_64_11307	1	0.001	net_60_10082_net_64_11307_net_84_11226_net_133_10773	scgenerai_config
0.0	0	71	580	on_target	net_64_11307	1	0.01	net_60_10082_net_64_11307_net_84_11226_net_133_10773	scgenerai_config
0.028169014084507	2	71	2898	on_target	net_64_11307	1	0.05	net_60_10082_net_64_11307_net_84_11226_net_133_10773	scgenerai_config
0.028169014084507	2	71	5797	on_target	net_64_11307	1	0.1	net_60_10082_net_64_11307_net_84_11226_net_133_10773	scgenerai_config
0.0422535211267605	3	71	11594	on_target	net_64_11307	1	0.2	net_60_10082_net_64_11307_net_84_11226_net_133_10773	scgenerai_config
0.056338028169014	4	71	14492	on_target	net_64_11307	1	0.25	net_60_10082_net_64_11307_net_84_11226_net_133_10773	scgenerai_config
0.1126760563380281	8	71	28985	on_target	net_64_11307	1	0.5	net_60_10082_net_64_11307_net_84_11226_net_133_10773	scgenerai_config
0.1690140845070422	12	71	43478	on_target	net_64_11307	1	0.75	net_60_10082_net_64_11307_net_84_11226_net_133_10773	scgenerai_config
0.2535211267605634	18	71	57970	on_target	net_64_11307	1	1.0	net_60_10082_net_64_11307_net_84_11226_net_133_10773	scgenerai_config
0.0	0	98	58	off_target	net_84_11226	0	0.001	net_60_10082_net_64_11307_net_84_11226_net_133_10773	scgenerai_config
0.0	0	98	580	off_target	net_84_11226	0	0.01	net_60_10082_net_64_11307_net_84_11226_net_133_10773	scgenerai_config
0.0306122448979591	3	98	2898	off_target	net_84_11226	0	0.05	net_60_10082_net_64_11307_net_84_11226_net_133_10773	scgenerai_config
0.0612244897959183	6	98	5797	off_target	net_84_11226	0	0.1	net_60_10082_net_64_11307_net_84_11226_net_133_10773	scgenerai_config
0.0918367346938775	9	98	11594	off_target	net_84_11226	0	0.2	net_60_10082_net_64_11307_net_84_11226_net_133_10773	scgenerai_config
0.1122448979591836	11	98	14492	off_target	net_84_11226	0	0.25	net_60_10082_net_64_11307_net_84_11226_net_133_10773	scgenerai_config
0.2142857142857142	21	98	28985	off_target	net_84_11226	0	0.5	net_60_10082_net_64_11307_net_84_11226_net_133_10773	scgenerai_config
0.3061224489795918	30	98	43478	off_target	net_84_11226	0	0.75	net_60_10082_net_64_11307_net_84_11226_net_133_10773	scgenerai_config
0.3571428571428571	35	98	57970	off_target	net_84_11226	0	1.0	net_60_10082_net_64_11307_net_84_11226_net_133_10773	scgenerai_config
0.0	0	98	58	off_target	net_84_11226	1	0.001	net_60_10082_net_64_11307_net_84_11226_net_133_10773	scgenerai_config
0.0	0	98	580	off_target	net_84_11226	1	0.01	net_60_10082_net_64_11307_net_84_11226_net_133_10773	scgenerai_config
0.0	0	98	2898	off_target	net_84_11226	1	0.05	net_60_10082_net_64_11307_net_84_11226_net_133_10773	scgenerai_config
0.0204081632653061	2	98	5797	off_target	net_84_11226	1	0.1	net_60_10082_net_64_11307_net_84_11226_net_133_10773	scgenerai_config
0.0408163265306122	4	98	11594	off_target	net_84_11226	1	0.2	net_60_10082_net_64_11307_net_84_11226_net_133_10773	scgenerai_config
0.0714285714285714	7	98	14492	off_target	net_84_11226	1	0.25	net_60_10082_net_64_11307_net_84_11226_net_133_10773	scgenerai_config
0.1938775510204081	19	98	28985	off_target	net_84_11226	1	0.5	net_60_10082_net_64_11307_net_84_11226_net_133_10773	scgenerai_config
0.2755102040816326	27	98	43478	off_target	net_84_11226	1	0.75	net_60_10082_net_64_11307_net_84_11226_net_133_10773	scgenerai_config
0.3571428571428571	35	98	57970	off_target	net_84_11226	1	1.0	net_60_10082_net_64_11307_net_84_11226_net_133_10773	scgenerai_config
0.0	0	104	45	on_target	net_60_10082	0	0.001	net_60_10082_net_90_11013_net_75_10306_net_77_11506	scgenerai_config
0.0	0	104	455	on_target	net_60_10082	0	0.01	net_60_10082_net_90_11013_net_75_10306_net_77_11506	scgenerai_config
0.0096153846153846	1	104	2273	on_target	net_60_10082	0	0.05	net_60_10082_net_90_11013_net_75_10306_net_77_11506	scgenerai_config
0.0096153846153846	1	104	4545	on_target	net_60_10082	0	0.1	net_60_10082_net_90_11013_net_75_10306_net_77_11506	scgenerai_config
0.0576923076923076	6	104	9090	on_target	net_60_10082	0	0.2	net_60_10082_net_90_11013_net_75_10306_net_77_11506	scgenerai_config
0.0576923076923076	6	104	11363	on_target	net_60_10082	0	0.25	net_60_10082_net_90_11013_net_75_10306_net_77_11506	scgenerai_config
0.0769230769230769	8	104	22726	on_target	net_60_10082	0	0.5	net_60_10082_net_90_11013_net_75_10306_net_77_11506	scgenerai_config
0.125	13	104	34088	on_target	net_60_10082	0	0.75	net_60_10082_net_90_11013_net_75_10306_net_77_11506	scgenerai_config
0.1346153846153846	14	104	45451	on_target	net_60_10082	0	1.0	net_60_10082_net_90_11013_net_75_10306_net_77_11506	scgenerai_config
0.0	0	104	45	off_target	net_60_10082	1	0.001	net_60_10082_net_90_11013_net_75_10306_net_77_11506	scgenerai_config
0.0	0	104	455	off_target	net_60_10082	1	0.01	net_60_10082_net_90_11013_net_75_10306_net_77_11506	scgenerai_config
0.0	0	104	2273	off_target	net_60_10082	1	0.05	net_60_10082_net_90_11013_net_75_10306_net_77_11506	scgenerai_config
0.0	0	104	4545	off_target	net_60_10082	1	0.1	net_60_10082_net_90_11013_net_75_10306_net_77_11506	scgenerai_config
0.0	0	104	9090	off_target	net_60_10082	1	0.2	net_60_10082_net_90_11013_net_75_10306_net_77_11506	scgenerai_config
0.0	0	104	11363	off_target	net_60_10082	1	0.25	net_60_10082_net_90_11013_net_75_10306_net_77_11506	scgenerai_config
0.0961538461538461	10	104	22726	off_target	net_60_10082	1	0.5	net_60_10082_net_90_11013_net_75_10306_net_77_11506	scgenerai_config
0.1153846153846153	12	104	34088	off_target	net_60_10082	1	0.75	net_60_10082_net_90_11013_net_75_10306_net_77_11506	scgenerai_config
0.1346153846153846	14	104	45451	off_target	net_60_10082	1	1.0	net_60_10082_net_90_11013_net_75_10306_net_77_11506	scgenerai_config
0.0	0	216	45	off_target	net_90_11013	0	0.001	net_60_10082_net_90_11013_net_75_10306_net_77_11506	scgenerai_config
0.0092592592592592	2	216	455	off_target	net_90_11013	0	0.01	net_60_10082_net_90_11013_net_75_10306_net_77_11506	scgenerai_config
0.0324074074074074	7	216	2273	off_target	net_90_11013	0	0.05	net_60_10082_net_90_11013_net_75_10306_net_77_11506	scgenerai_config
0.074074074074074	16	216	4545	off_target	net_90_11013	0	0.1	net_60_10082_net_90_11013_net_75_10306_net_77_11506	scgenerai_config
0.1481481481481481	32	216	9090	off_target	net_90_11013	0	0.2	net_60_10082_net_90_11013_net_75_10306_net_77_11506	scgenerai_config
0.1666666666666666	36	216	11363	off_target	net_90_11013	0	0.25	net_60_10082_net_90_11013_net_75_10306_net_77_11506	scgenerai_config
0.3055555555555556	66	216	22726	off_target	net_90_11013	0	0.5	net_60_10082_net_90_11013_net_75_10306_net_77_11506	scgenerai_config
0.4675925925925926	101	216	34088	off_target	net_90_11013	0	0.75	net_60_10082_net_90_11013_net_75_10306_net_77_11506	scgenerai_config
0.5833333333333334	126	216	45451	off_target	net_90_11013	0	1.0	net_60_10082_net_90_11013_net_75_10306_net_77_11506	scgenerai_config
0.0	0	216	45	on_target	net_90_11013	1	0.001	net_60_10082_net_90_11013_net_75_10306_net_77_11506	scgenerai_config
0.0	0	216	455	on_target	net_90_11013	1	0.01	net_60_10082_net_90_11013_net_75_10306_net_77_11506	scgenerai_config
0.0277777777777777	6	216	2273	on_target	net_90_11013	1	0.05	net_60_10082_net_90_11013_net_75_10306_net_77_11506	scgenerai_config
0.074074074074074	16	216	4545	on_target	net_90_11013	1	0.1	net_60_10082_net_90_11013_net_75_10306_net_77_11506	scgenerai_config
0.1157407407407407	25	216	9090	on_target	net_90_11013	1	0.2	net_60_10082_net_90_11013_net_75_10306_net_77_11506	scgenerai_config
0.1527777777777778	33	216	11363	on_target	net_90_11013	1	0.25	net_60_10082_net_90_11013_net_75_10306_net_77_11506	scgenerai_config
0.2962962962962963	64	216	22726	on_target	net_90_11013	1	0.5	net_60_10082_net_90_11013_net_75_10306_net_77_11506	scgenerai_config
0.4537037037037037	98	216	34088	on_target	net_90_11013	1	0.75	net_60_10082_net_90_11013_net_75_10306_net_77_11506	scgenerai_config
0.5833333333333334	126	216	45451	on_target	net_90_11013	1	1.0	net_60_10082_net_90_11013_net_75_10306_net_77_11506	scgenerai_config
0.0	0	175	45	off_target	net_75_10306	0	0.001	net_60_10082_net_90_11013_net_75_10306_net_77_11506	scgenerai_config
0.0057142857142857	1	175	455	off_target	net_75_10306	0	0.01	net_60_10082_net_90_11013_net_75_10306_net_77_11506	scgenerai_config
0.0685714285714285	12	175	2273	off_target	net_75_10306	0	0.05	net_60_10082_net_90_11013_net_75_10306_net_77_11506	scgenerai_config
0.08	14	175	4545	off_target	net_75_10306	0	0.1	net_60_10082_net_90_11013_net_75_10306_net_77_11506	scgenerai_config
0.2	35	175	9090	off_target	net_75_10306	0	0.2	net_60_10082_net_90_11013_net_75_10306_net_77_11506	scgenerai_config
0.2171428571428571	38	175	11363	off_target	net_75_10306	0	0.25	net_60_10082_net_90_11013_net_75_10306_net_77_11506	scgenerai_config
0.3542857142857142	62	175	22726	off_target	net_75_10306	0	0.5	net_60_10082_net_90_11013_net_75_10306_net_77_11506	scgenerai_config
0.5257142857142857	92	175	34088	off_target	net_75_10306	0	0.75	net_60_10082_net_90_11013_net_75_10306_net_77_11506	scgenerai_config
0.7028571428571428	123	175	45451	off_target	net_75_10306	0	1.0	net_60_10082_net_90_11013_net_75_10306_net_77_11506	scgenerai_config
0.0	0	175	45	off_target	net_75_10306	1	0.001	net_60_10082_net_90_11013_net_75_10306_net_77_11506	scgenerai_config
0.0114285714285714	2	175	455	off_target	net_75_10306	1	0.01	net_60_10082_net_90_11013_net_75_10306_net_77_11506	scgenerai_config
0.0628571428571428	11	175	2273	off_target	net_75_10306	1	0.05	net_60_10082_net_90_11013_net_75_10306_net_77_11506	scgenerai_config
0.12	21	175	4545	off_target	net_75_10306	1	0.1	net_60_10082_net_90_11013_net_75_10306_net_77_11506	scgenerai_config
0.1942857142857142	34	175	9090	off_target	net_75_10306	1	0.2	net_60_10082_net_90_11013_net_75_10306_net_77_11506	scgenerai_config
0.2171428571428571	38	175	11363	off_target	net_75_10306	1	0.25	net_60_10082_net_90_11013_net_75_10306_net_77_11506	scgenerai_config
0.3942857142857143	69	175	22726	off_target	net_75_10306	1	0.5	net_60_10082_net_90_11013_net_75_10306_net_77_11506	scgenerai_config
0.6057142857142858	106	175	34088	off_target	net_75_10306	1	0.75	net_60_10082_net_90_11013_net_75_10306_net_77_11506	scgenerai_config
0.7028571428571428	123	175	45451	off_target	net_75_10306	1	1.0	net_60_10082_net_90_11013_net_75_10306_net_77_11506	scgenerai_config
0.0	0	88	50	on_target	net_70_11431	0	0.001	net_70_11431_net_60_10082_net_135_11054_net_53_11196	scgenerai_config
0.0113636363636363	1	88	504	on_target	net_70_11431	0	0.01	net_70_11431_net_60_10082_net_135_11054_net_53_11196	scgenerai_config
0.0227272727272727	2	88	2520	on_target	net_70_11431	0	0.05	net_70_11431_net_60_10082_net_135_11054_net_53_11196	scgenerai_config
0.0568181818181818	5	88	5040	on_target	net_70_11431	0	0.1	net_70_11431_net_60_10082_net_135_11054_net_53_11196	scgenerai_config
0.0681818181818181	6	88	10081	on_target	net_70_11431	0	0.2	net_70_11431_net_60_10082_net_135_11054_net_53_11196	scgenerai_config
0.0681818181818181	6	88	12601	on_target	net_70_11431	0	0.25	net_70_11431_net_60_10082_net_135_11054_net_53_11196	scgenerai_config
0.25	22	88	25202	on_target	net_70_11431	0	0.5	net_70_11431_net_60_10082_net_135_11054_net_53_11196	scgenerai_config
0.3636363636363636	32	88	37802	on_target	net_70_11431	0	0.75	net_70_11431_net_60_10082_net_135_11054_net_53_11196	scgenerai_config
0.4431818181818182	39	88	50403	on_target	net_70_11431	0	1.0	net_70_11431_net_60_10082_net_135_11054_net_53_11196	scgenerai_config
0.0	0	88	50	off_target	net_70_11431	1	0.001	net_70_11431_net_60_10082_net_135_11054_net_53_11196	scgenerai_config
0.0	0	88	504	off_target	net_70_11431	1	0.01	net_70_11431_net_60_10082_net_135_11054_net_53_11196	scgenerai_config
0.0113636363636363	1	88	2520	off_target	net_70_11431	1	0.05	net_70_11431_net_60_10082_net_135_11054_net_53_11196	scgenerai_config
0.0568181818181818	5	88	5040	off_target	net_70_11431	1	0.1	net_70_11431_net_60_10082_net_135_11054_net_53_11196	scgenerai_config
0.1022727272727272	9	88	10081	off_target	net_70_11431	1	0.2	net_70_11431_net_60_10082_net_135_11054_net_53_11196	scgenerai_config
0.125	11	88	12601	off_target	net_70_11431	1	0.25	net_70_11431_net_60_10082_net_135_11054_net_53_11196	scgenerai_config
0.1590909090909091	14	88	25202	off_target	net_70_11431	1	0.5	net_70_11431_net_60_10082_net_135_11054_net_53_11196	scgenerai_config
0.3409090909090909	30	88	37802	off_target	net_70_11431	1	0.75	net_70_11431_net_60_10082_net_135_11054_net_53_11196	scgenerai_config
0.4431818181818182	39	88	50403	off_target	net_70_11431	1	1.0	net_70_11431_net_60_10082_net_135_11054_net_53_11196	scgenerai_config
0.0	0	104	50	off_target	net_60_10082	0	0.001	net_70_11431_net_60_10082_net_135_11054_net_53_11196	scgenerai_config
0.0	0	104	504	off_target	net_60_10082	0	0.01	net_70_11431_net_60_10082_net_135_11054_net_53_11196	scgenerai_config
0.0	0	104	2520	off_target	net_60_10082	0	0.05	net_70_11431_net_60_10082_net_135_11054_net_53_11196	scgenerai_config
0.0	0	104	5040	off_target	net_60_10082	0	0.1	net_70_11431_net_60_10082_net_135_11054_net_53_11196	scgenerai_config
0.0192307692307692	2	104	10081	off_target	net_60_10082	0	0.2	net_70_11431_net_60_10082_net_135_11054_net_53_11196	scgenerai_config
0.0288461538461538	3	104	12601	off_target	net_60_10082	0	0.25	net_70_11431_net_60_10082_net_135_11054_net_53_11196	scgenerai_config
0.0673076923076923	7	104	25202	off_target	net_60_10082	0	0.5	net_70_11431_net_60_10082_net_135_11054_net_53_11196	scgenerai_config
0.1153846153846153	12	104	37802	off_target	net_60_10082	0	0.75	net_70_11431_net_60_10082_net_135_11054_net_53_11196	scgenerai_config
0.1346153846153846	14	104	50403	off_target	net_60_10082	0	1.0	net_70_11431_net_60_10082_net_135_11054_net_53_11196	scgenerai_config
0.0	0	104	50	on_target	net_60_10082	1	0.001	net_70_11431_net_60_10082_net_135_11054_net_53_11196	scgenerai_config
0.0096153846153846	1	104	504	on_target	net_60_10082	1	0.01	net_70_11431_net_60_10082_net_135_11054_net_53_11196	scgenerai_config
0.0096153846153846	1	104	2520	on_target	net_60_10082	1	0.05	net_70_11431_net_60_10082_net_135_11054_net_53_11196	scgenerai_config
0.0192307692307692	2	104	5040	on_target	net_60_10082	1	0.1	net_70_11431_net_60_10082_net_135_11054_net_53_11196	scgenerai_config
0.0384615384615384	4	104	10081	on_target	net_60_10082	1	0.2	net_70_11431_net_60_10082_net_135_11054_net_53_11196	scgenerai_config
0.048076923076923	5	104	12601	on_target	net_60_10082	1	0.25	net_70_11431_net_60_10082_net_135_11054_net_53_11196	scgenerai_config
0.048076923076923	5	104	25202	on_target	net_60_10082	1	0.5	net_70_11431_net_60_10082_net_135_11054_net_53_11196	scgenerai_config
0.1057692307692307	11	104	37802	on_target	net_60_10082	1	0.75	net_70_11431_net_60_10082_net_135_11054_net_53_11196	scgenerai_config
0.1346153846153846	14	104	50403	on_target	net_60_10082	1	1.0	net_70_11431_net_60_10082_net_135_11054_net_53_11196	scgenerai_config
0.0037878787878787	1	264	50	off_target	net_135_11054	0	0.001	net_70_11431_net_60_10082_net_135_11054_net_53_11196	scgenerai_config
0.0113636363636363	3	264	504	off_target	net_135_11054	0	0.01	net_70_11431_net_60_10082_net_135_11054_net_53_11196	scgenerai_config
0.034090909090909	9	264	2520	off_target	net_135_11054	0	0.05	net_70_11431_net_60_10082_net_135_11054_net_53_11196	scgenerai_config
0.0492424242424242	13	264	5040	off_target	net_135_11054	0	0.1	net_70_11431_net_60_10082_net_135_11054_net_53_11196	scgenerai_config
0.1174242424242424	31	264	10081	off_target	net_135_11054	0	0.2	net_70_11431_net_60_10082_net_135_11054_net_53_11196	scgenerai_config
0.1515151515151515	40	264	12601	off_target	net_135_11054	0	0.25	net_70_11431_net_60_10082_net_135_11054_net_53_11196	scgenerai_config
0.3181818181818182	84	264	25202	off_target	net_135_11054	0	0.5	net_70_11431_net_60_10082_net_135_11054_net_53_11196	scgenerai_config
0.5	132	264	37802	off_target	net_135_11054	0	0.75	net_70_11431_net_60_10082_net_135_11054_net_53_11196	scgenerai_config
0.6818181818181818	180	264	50403	off_target	net_135_11054	0	1.0	net_70_11431_net_60_10082_net_135_11054_net_53_11196	scgenerai_config
0.0	0	264	50	off_target	net_135_11054	1	0.001	net_70_11431_net_60_10082_net_135_11054_net_53_11196	scgenerai_config
0.0037878787878787	1	264	504	off_target	net_135_11054	1	0.01	net_70_11431_net_60_10082_net_135_11054_net_53_11196	scgenerai_config
0.0189393939393939	5	264	2520	off_target	net_135_11054	1	0.05	net_70_11431_net_60_10082_net_135_11054_net_53_11196	scgenerai_config
0.0568181818181818	15	264	5040	off_target	net_135_11054	1	0.1	net_70_11431_net_60_10082_net_135_11054_net_53_11196	scgenerai_config
0.1212121212121212	32	264	10081	off_target	net_135_11054	1	0.2	net_70_11431_net_60_10082_net_135_11054_net_53_11196	scgenerai_config
0.125	33	264	12601	off_target	net_135_11054	1	0.25	net_70_11431_net_60_10082_net_135_11054_net_53_11196	scgenerai_config
0.2992424242424242	79	264	25202	off_target	net_135_11054	1	0.5	net_70_11431_net_60_10082_net_135_11054_net_53_11196	scgenerai_config
0.4734848484848485	125	264	37802	off_target	net_135_11054	1	0.75	net_70_11431_net_60_10082_net_135_11054_net_53_11196	scgenerai_config
0.6818181818181818	180	264	50403	off_target	net_135_11054	1	1.0	net_70_11431_net_60_10082_net_135_11054_net_53_11196	scgenerai_config
0.0	0	88	54	on_target	net_70_11431	0	0.001	net_70_11431_net_84_9903_net_59_10488_net_115_11153	scgenerai_config
0.0	0	88	536	on_target	net_70_11431	0	0.01	net_70_11431_net_84_9903_net_59_10488_net_115_11153	scgenerai_config
0.0227272727272727	2	88	2681	on_target	net_70_11431	0	0.05	net_70_11431_net_84_9903_net_59_10488_net_115_11153	scgenerai_config
0.0227272727272727	2	88	5363	on_target	net_70_11431	0	0.1	net_70_11431_net_84_9903_net_59_10488_net_115_11153	scgenerai_config
0.0568181818181818	5	88	10726	on_target	net_70_11431	0	0.2	net_70_11431_net_84_9903_net_59_10488_net_115_11153	scgenerai_config
0.0681818181818181	6	88	13407	on_target	net_70_11431	0	0.25	net_70_11431_net_84_9903_net_59_10488_net_115_11153	scgenerai_config
0.1931818181818181	17	88	26814	on_target	net_70_11431	0	0.5	net_70_11431_net_84_9903_net_59_10488_net_115_11153	scgenerai_config
0.3068181818181818	27	88	40221	on_target	net_70_11431	0	0.75	net_70_11431_net_84_9903_net_59_10488_net_115_11153	scgenerai_config
0.4431818181818182	39	88	53628	on_target	net_70_11431	0	1.0	net_70_11431_net_84_9903_net_59_10488_net_115_11153	scgenerai_config
0.0	0	88	54	off_target	net_70_11431	1	0.001	net_70_11431_net_84_9903_net_59_10488_net_115_11153	scgenerai_config
0.0113636363636363	1	88	536	off_target	net_70_11431	1	0.01	net_70_11431_net_84_9903_net_59_10488_net_115_11153	scgenerai_config
0.034090909090909	3	88	2681	off_target	net_70_11431	1	0.05	net_70_11431_net_84_9903_net_59_10488_net_115_11153	scgenerai_config
0.0568181818181818	5	88	5363	off_target	net_70_11431	1	0.1	net_70_11431_net_84_9903_net_59_10488_net_115_11153	scgenerai_config
0.0909090909090909	8	88	10726	off_target	net_70_11431	1	0.2	net_70_11431_net_84_9903_net_59_10488_net_115_11153	scgenerai_config
0.1363636363636363	12	88	13407	off_target	net_70_11431	1	0.25	net_70_11431_net_84_9903_net_59_10488_net_115_11153	scgenerai_config
0.2386363636363636	21	88	26814	off_target	net_70_11431	1	0.5	net_70_11431_net_84_9903_net_59_10488_net_115_11153	scgenerai_config
0.3522727272727273	31	88	40221	off_target	net_70_11431	1	0.75	net_70_11431_net_84_9903_net_59_10488_net_115_11153	scgenerai_config
0.4431818181818182	39	88	53628	off_target	net_70_11431	1	1.0	net_70_11431_net_84_9903_net_59_10488_net_115_11153	scgenerai_config
0.0	0	117	54	off_target	net_84_9903	0	0.001	net_70_11431_net_84_9903_net_59_10488_net_115_11153	scgenerai_config
0.0	0	117	536	off_target	net_84_9903	0	0.01	net_70_11431_net_84_9903_net_59_10488_net_115_11153	scgenerai_config
0.0	0	117	2681	off_target	net_84_9903	0	0.05	net_70_11431_net_84_9903_net_59_10488_net_115_11153	scgenerai_config
0.0085470085470085	1	117	5363	off_target	net_84_9903	0	0.1	net_70_11431_net_84_9903_net_59_10488_net_115_11153	scgenerai_config
0.0256410256410256	3	117	10726	off_target	net_84_9903	0	0.2	net_70_11431_net_84_9903_net_59_10488_net_115_11153	scgenerai_config
0.0256410256410256	3	117	13407	off_target	net_84_9903	0	0.25	net_70_11431_net_84_9903_net_59_10488_net_115_11153	scgenerai_config
0.0769230769230769	9	117	26814	off_target	net_84_9903	0	0.5	net_70_11431_net_84_9903_net_59_10488_net_115_11153	scgenerai_config
0.1025641025641025	12	117	40221	off_target	net_84_9903	0	0.75	net_70_11431_net_84_9903_net_59_10488_net_115_11153	scgenerai_config
0.1623931623931624	19	117	53628	off_target	net_84_9903	0	1.0	net_70_11431_net_84_9903_net_59_10488_net_115_11153	scgenerai_config
0.0	0	117	54	on_target	net_84_9903	1	0.001	net_70_11431_net_84_9903_net_59_10488_net_115_11153	scgenerai_config
0.0	0	117	536	on_target	net_84_9903	1	0.01	net_70_11431_net_84_9903_net_59_10488_net_115_11153	scgenerai_config
0.017094017094017	2	117	2681	on_target	net_84_9903	1	0.05	net_70_11431_net_84_9903_net_59_10488_net_115_11153	scgenerai_config
0.0256410256410256	3	117	5363	on_target	net_84_9903	1	0.1	net_70_11431_net_84_9903_net_59_10488_net_115_11153	scgenerai_config
0.0341880341880341	4	117	10726	on_target	net_84_9903	1	0.2	net_70_11431_net_84_9903_net_59_10488_net_115_11153	scgenerai_config
0.0341880341880341	4	117	13407	on_target	net_84_9903	1	0.25	net_70_11431_net_84_9903_net_59_10488_net_115_11153	scgenerai_config
0.0769230769230769	9	117	26814	on_target	net_84_9903	1	0.5	net_70_11431_net_84_9903_net_59_10488_net_115_11153	scgenerai_config
0.1025641025641025	12	117	40221	on_target	net_84_9903	1	0.75	net_70_11431_net_84_9903_net_59_10488_net_115_11153	scgenerai_config
0.1623931623931624	19	117	53628	on_target	net_84_9903	1	1.0	net_70_11431_net_84_9903_net_59_10488_net_115_11153	scgenerai_config
0.0	0	87	54	off_target	net_59_10488	0	0.001	net_70_11431_net_84_9903_net_59_10488_net_115_11153	scgenerai_config
0.0114942528735632	1	87	536	off_target	net_59_10488	0	0.01	net_70_11431_net_84_9903_net_59_10488_net_115_11153	scgenerai_config
0.0114942528735632	1	87	2681	off_target	net_59_10488	0	0.05	net_70_11431_net_84_9903_net_59_10488_net_115_11153	scgenerai_config
0.0344827586206896	3	87	5363	off_target	net_59_10488	0	0.1	net_70_11431_net_84_9903_net_59_10488_net_115_11153	scgenerai_config
0.0459770114942528	4	87	10726	off_target	net_59_10488	0	0.2	net_70_11431_net_84_9903_net_59_10488_net_115_11153	scgenerai_config
0.0689655172413793	6	87	13407	off_target	net_59_10488	0	0.25	net_70_11431_net_84_9903_net_59_10488_net_115_11153	scgenerai_config
0.2298850574712643	20	87	26814	off_target	net_59_10488	0	0.5	net_70_11431_net_84_9903_net_59_10488_net_115_11153	scgenerai_config
0.3563218390804598	31	87	40221	off_target	net_59_10488	0	0.75	net_70_11431_net_84_9903_net_59_10488_net_115_11153	scgenerai_config
0.4942528735632184	43	87	53628	off_target	net_59_10488	0	1.0	net_70_11431_net_84_9903_net_59_10488_net_115_11153	scgenerai_config
0.0	0	87	54	off_target	net_59_10488	1	0.001	net_70_11431_net_84_9903_net_59_10488_net_115_11153	scgenerai_config
0.0	0	87	536	off_target	net_59_10488	1	0.01	net_70_11431_net_84_9903_net_59_10488_net_115_11153	scgenerai_config
0.0344827586206896	3	87	2681	off_target	net_59_10488	1	0.05	net_70_11431_net_84_9903_net_59_10488_net_115_11153	scgenerai_config
0.0689655172413793	6	87	5363	off_target	net_59_10488	1	0.1	net_70_11431_net_84_9903_net_59_10488_net_115_11153	scgenerai_config
0.0804597701149425	7	87	10726	off_target	net_59_10488	1	0.2	net_70_11431_net_84_9903_net_59_10488_net_115_11153	scgenerai_config
0.0919540229885057	8	87	13407	off_target	net_59_10488	1	0.25	net_70_11431_net_84_9903_net_59_10488_net_115_11153	scgenerai_config
0.2298850574712643	20	87	26814	off_target	net_59_10488	1	0.5	net_70_11431_net_84_9903_net_59_10488_net_115_11153	scgenerai_config
0.3218390804597701	28	87	40221	off_target	net_59_10488	1	0.75	net_70_11431_net_84_9903_net_59_10488_net_115_11153	scgenerai_config
0.4942528735632184	43	87	53628	off_target	net_59_10488	1	1.0	net_70_11431_net_84_9903_net_59_10488_net_115_11153	scgenerai_config
0.0	0	175	70	on_target	net_75_10306	0	0.001	net_75_10306_net_115_11153_net_72_10551_net_113_11113	scgenerai_config
0.0	0	175	701	on_target	net_75_10306	0	0.01	net_75_10306_net_115_11153_net_72_10551_net_113_11113	scgenerai_config
0.0	0	175	3506	on_target	net_75_10306	0	0.05	net_75_10306_net_115_11153_net_72_10551_net_113_11113	scgenerai_config
0.0171428571428571	3	175	7012	on_target	net_75_10306	0	0.1	net_75_10306_net_115_11153_net_72_10551_net_113_11113	scgenerai_config
0.0571428571428571	10	175	14025	on_target	net_75_10306	0	0.2	net_75_10306_net_115_11153_net_72_10551_net_113_11113	scgenerai_config
0.08	14	175	17531	on_target	net_75_10306	0	0.25	net_75_10306_net_115_11153_net_72_10551_net_113_11113	scgenerai_config
0.2628571428571428	46	175	35062	on_target	net_75_10306	0	0.5	net_75_10306_net_115_11153_net_72_10551_net_113_11113	scgenerai_config
0.4514285714285714	79	175	52594	on_target	net_75_10306	0	0.75	net_75_10306_net_115_11153_net_72_10551_net_113_11113	scgenerai_config
0.7028571428571428	123	175	70125	on_target	net_75_10306	0	1.0	net_75_10306_net_115_11153_net_72_10551_net_113_11113	scgenerai_config
0.0	0	175	70	off_target	net_75_10306	1	0.001	net_75_10306_net_115_11153_net_72_10551_net_113_11113	scgenerai_config
0.0	0	175	701	off_target	net_75_10306	1	0.01	net_75_10306_net_115_11153_net_72_10551_net_113_11113	scgenerai_config
0.0457142857142857	8	175	3506	off_target	net_75_10306	1	0.05	net_75_10306_net_115_11153_net_72_10551_net_113_11113	scgenerai_config
0.0742857142857142	13	175	7012	off_target	net_75_10306	1	0.1	net_75_10306_net_115_11153_net_72_10551_net_113_11113	scgenerai_config
0.1428571428571428	25	175	14025	off_target	net_75_10306	1	0.2	net_75_10306_net_115_11153_net_72_10551_net_113_11113	scgenerai_config
0.1657142857142857	29	175	17531	off_target	net_75_10306	1	0.25	net_75_10306_net_115_11153_net_72_10551_net_113_11113	scgenerai_config
0.3257142857142857	57	175	35062	off_target	net_75_10306	1	0.5	net_75_10306_net_115_11153_net_72_10551_net_113_11113	scgenerai_config
0.4742857142857143	83	175	52594	off_target	net_75_10306	1	0.75	net_75_10306_net_115_11153_net_72_10551_net_113_11113	scgenerai_config
0.7028571428571428	123	175	70125	off_target	net_75_10306	1	1.0	net_75_10306_net_115_11153_net_72_10551_net_113_11113	scgenerai_config
0.0	0	117	70	off_target	net_115_11153	0	0.001	net_75_10306_net_115_11153_net_72_10551_net_113_11113	scgenerai_config
0.0085470085470085	1	117	701	off_target	net_115_11153	0	0.01	net_75_10306_net_115_11153_net_72_10551_net_113_11113	scgenerai_config
0.0085470085470085	1	117	3506	off_target	net_115_11153	0	0.05	net_75_10306_net_115_11153_net_72_10551_net_113_11113	scgenerai_config
0.017094017094017	2	117	7012	off_target	net_115_11153	0	0.1	net_75_10306_net_115_11153_net_72_10551_net_113_11113	scgenerai_config
0.0256410256410256	3	117	14025	off_target	net_115_11153	0	0.2	net_75_10306_net_115_11153_net_72_10551_net_113_11113	scgenerai_config
0.0341880341880341	4	117	17531	off_target	net_115_11153	0	0.25	net_75_10306_net_115_11153_net_72_10551_net_113_11113	scgenerai_config
0.0598290598290598	7	117	35062	off_target	net_115_11153	0	0.5	net_75_10306_net_115_11153_net_72_10551_net_113_11113	scgenerai_config
0.0854700854700854	10	117	52594	off_target	net_115_11153	0	0.75	net_75_10306_net_115_11153_net_72_10551_net_113_11113	scgenerai_config
0.1196581196581196	14	117	70125	off_target	net_115_11153	0	1.0	net_75_10306_net_115_11153_net_72_10551_net_113_11113	scgenerai_config
0.0	0	117	70	on_target	net_115_11153	1	0.001	net_75_10306_net_115_11153_net_72_10551_net_113_11113	scgenerai_config
0.0	0	117	701	on_target	net_115_11153	1	0.01	net_75_10306_net_115_11153_net_72_10551_net_113_11113	scgenerai_config
0.0085470085470085	1	117	3506	on_target	net_115_11153	1	0.05	net_75_10306_net_115_11153_net_72_10551_net_113_11113	scgenerai_config
0.0256410256410256	3	117	7012	on_target	net_115_11153	1	0.1	net_75_10306_net_115_11153_net_72_10551_net_113_11113	scgenerai_config
0.0341880341880341	4	117	14025	on_target	net_115_11153	1	0.2	net_75_10306_net_115_11153_net_72_10551_net_113_11113	scgenerai_config
0.0341880341880341	4	117	17531	on_target	net_115_11153	1	0.25	net_75_10306_net_115_11153_net_72_10551_net_113_11113	scgenerai_config
0.0683760683760683	8	117	35062	on_target	net_115_11153	1	0.5	net_75_10306_net_115_11153_net_72_10551_net_113_11113	scgenerai_config
0.094017094017094	11	117	52594	on_target	net_115_11153	1	0.75	net_75_10306_net_115_11153_net_72_10551_net_113_11113	scgenerai_config
0.1196581196581196	14	117	70125	on_target	net_115_11153	1	1.0	net_75_10306_net_115_11153_net_72_10551_net_113_11113	scgenerai_config
0.0	0	189	70	off_target	net_72_10551	0	0.001	net_75_10306_net_115_11153_net_72_10551_net_113_11113	scgenerai_config
0.0105820105820105	2	189	701	off_target	net_72_10551	0	0.01	net_75_10306_net_115_11153_net_72_10551_net_113_11113	scgenerai_config
0.037037037037037	7	189	3506	off_target	net_72_10551	0	0.05	net_75_10306_net_115_11153_net_72_10551_net_113_11113	scgenerai_config
0.0899470899470899	17	189	7012	off_target	net_72_10551	0	0.1	net_75_10306_net_115_11153_net_72_10551_net_113_11113	scgenerai_config
0.1587301587301587	30	189	14025	off_target	net_72_10551	0	0.2	net_75_10306_net_115_11153_net_72_10551_net_113_11113	scgenerai_config
0.2116402116402116	40	189	17531	off_target	net_72_10551	0	0.25	net_75_10306_net_115_11153_net_72_10551_net_113_11113	scgenerai_config
0.2751322751322751	52	189	35062	off_target	net_72_10551	0	0.5	net_75_10306_net_115_11153_net_72_10551_net_113_11113	scgenerai_config
0.3968253968253968	75	189	52594	off_target	net_72_10551	0	0.75	net_75_10306_net_115_11153_net_72_10551_net_113_11113	scgenerai_config
0.5132275132275133	97	189	70125	off_target	net_72_10551	0	1.0	net_75_10306_net_115_11153_net_72_10551_net_113_11113	scgenerai_config
0.0	0	189	70	off_target	net_72_10551	1	0.001	net_75_10306_net_115_11153_net_72_10551_net_113_11113	scgenerai_config
0.0105820105820105	2	189	701	off_target	net_72_10551	1	0.01	net_75_10306_net_115_11153_net_72_10551_net_113_11113	scgenerai_config
0.0529100529100529	10	189	3506	off_target	net_72_10551	1	0.05	net_75_10306_net_115_11153_net_72_10551_net_113_11113	scgenerai_config
0.0793650793650793	15	189	7012	off_target	net_72_10551	1	0.1	net_75_10306_net_115_11153_net_72_10551_net_113_11113	scgenerai_config
0.1216931216931216	23	189	14025	off_target	net_72_10551	1	0.2	net_75_10306_net_115_11153_net_72_10551_net_113_11113	scgenerai_config
0.1428571428571428	27	189	17531	off_target	net_72_10551	1	0.25	net_75_10306_net_115_11153_net_72_10551_net_113_11113	scgenerai_config
0.2645502645502645	50	189	35062	off_target	net_72_10551	1	0.5	net_75_10306_net_115_11153_net_72_10551_net_113_11113	scgenerai_config
0.3915343915343915	74	189	52594	off_target	net_72_10551	1	0.75	net_75_10306_net_115_11153_net_72_10551_net_113_11113	scgenerai_config
0.5132275132275133	97	189	70125	off_target	net_72_10551	1	1.0	net_75_10306_net_115_11153_net_72_10551_net_113_11113	scgenerai_config
0.0	0	164	46	on_target	net_82_10152	0	0.001	net_82_10152_net_72_10551_net_98_11932_net_51_10906	scgenerai_config
0.0	0	164	458	on_target	net_82_10152	0	0.01	net_82_10152_net_72_10551_net_98_11932_net_51_10906	scgenerai_config
0.048780487804878	8	164	2288	on_target	net_82_10152	0	0.05	net_82_10152_net_72_10551_net_98_11932_net_51_10906	scgenerai_config
0.0853658536585365	14	164	4575	on_target	net_82_10152	0	0.1	net_82_10152_net_72_10551_net_98_11932_net_51_10906	scgenerai_config
0.1280487804878048	21	164	9151	on_target	net_82_10152	0	0.2	net_82_10152_net_72_10551_net_98_11932_net_51_10906	scgenerai_config
0.1524390243902439	25	164	11438	on_target	net_82_10152	0	0.25	net_82_10152_net_72_10551_net_98_11932_net_51_10906	scgenerai_config
0.3048780487804878	50	164	22876	on_target	net_82_10152	0	0.5	net_82_10152_net_72_10551_net_98_11932_net_51_10906	scgenerai_config
0.4817073170731707	79	164	34315	on_target	net_82_10152	0	0.75	net_82_10152_net_72_10551_net_98_11932_net_51_10906	scgenerai_config
0.7378048780487805	121	164	45753	on_target	net_82_10152	0	1.0	net_82_10152_net_72_10551_net_98_11932_net_51_10906	scgenerai_config
0.0060975609756097	1	164	46	off_target	net_82_10152	1	0.001	net_82_10152_net_72_10551_net_98_11932_net_51_10906	scgenerai_config
0.0060975609756097	1	164	458	off_target	net_82_10152	1	0.01	net_82_10152_net_72_10551_net_98_11932_net_51_10906	scgenerai_config
0.024390243902439	4	164	2288	off_target	net_82_10152	1	0.05	net_82_10152_net_72_10551_net_98_11932_net_51_10906	scgenerai_config
0.0975609756097561	16	164	4575	off_target	net_82_10152	1	0.1	net_82_10152_net_72_10551_net_98_11932_net_51_10906	scgenerai_config
0.1646341463414634	27	164	9151	off_target	net_82_10152	1	0.2	net_82_10152_net_72_10551_net_98_11932_net_51_10906	scgenerai_config
0.2012195121951219	33	164	11438	off_target	net_82_10152	1	0.25	net_82_10152_net_72_10551_net_98_11932_net_51_10906	scgenerai_config
0.3780487804878049	62	164	22876	off_target	net_82_10152	1	0.5	net_82_10152_net_72_10551_net_98_11932_net_51_10906	scgenerai_config
0.5914634146341463	97	164	34315	off_target	net_82_10152	1	0.75	net_82_10152_net_72_10551_net_98_11932_net_51_10906	scgenerai_config
0.7378048780487805	121	164	45753	off_target	net_82_10152	1	1.0	net_82_10152_net_72_10551_net_98_11932_net_51_10906	scgenerai_config
0.0	0	189	46	off_target	net_72_10551	0	0.001	net_82_10152_net_72_10551_net_98_11932_net_51_10906	scgenerai_config
0.0052910052910052	1	189	458	off_target	net_72_10551	0	0.01	net_82_10152_net_72_10551_net_98_11932_net_51_10906	scgenerai_config
0.0211640211640211	4	189	2288	off_target	net_72_10551	0	0.05	net_82_10152_net_72_10551_net_98_11932_net_51_10906	scgenerai_config
0.0476190476190476	9	189	4575	off_target	net_72_10551	0	0.1	net_82_10152_net_72_10551_net_98_11932_net_51_10906	scgenerai_config
0.1058201058201058	20	189	9151	off_target	net_72_10551	0	0.2	net_82_10152_net_72_10551_net_98_11932_net_51_10906	scgenerai_config
0.1322751322751322	25	189	11438	off_target	net_72_10551	0	0.25	net_82_10152_net_72_10551_net_98_11932_net_51_10906	scgenerai_config
0.2698412698412698	51	189	22876	off_target	net_72_10551	0	0.5	net_82_10152_net_72_10551_net_98_11932_net_51_10906	scgenerai_config
0.3968253968253968	75	189	34315	off_target	net_72_10551	0	0.75	net_82_10152_net_72_10551_net_98_11932_net_51_10906	scgenerai_config
0.5132275132275133	97	189	45753	off_target	net_72_10551	0	1.0	net_82_10152_net_72_10551_net_98_11932_net_51_10906	scgenerai_config
0.0	0	189	46	on_target	net_72_10551	1	0.001	net_82_10152_net_72_10551_net_98_11932_net_51_10906	scgenerai_config
0.0	0	189	458	on_target	net_72_10551	1	0.01	net_82_10152_net_72_10551_net_98_11932_net_51_10906	scgenerai_config
0.0211640211640211	4	189	2288	on_target	net_72_10551	1	0.05	net_82_10152_net_72_10551_net_98_11932_net_51_10906	scgenerai_config
0.037037037037037	7	189	4575	on_target	net_72_10551	1	0.1	net_82_10152_net_72_10551_net_98_11932_net_51_10906	scgenerai_config
0.0899470899470899	17	189	9151	on_target	net_72_10551	1	0.2	net_82_10152_net_72_10551_net_98_11932_net_51_10906	scgenerai_config
0.1111111111111111	21	189	11438	on_target	net_72_10551	1	0.25	net_82_10152_net_72_10551_net_98_11932_net_51_10906	scgenerai_config
0.2486772486772486	47	189	22876	on_target	net_72_10551	1	0.5	net_82_10152_net_72_10551_net_98_11932_net_51_10906	scgenerai_config
0.3597883597883597	68	189	34315	on_target	net_72_10551	1	0.75	net_82_10152_net_72_10551_net_98_11932_net_51_10906	scgenerai_config
0.5132275132275133	97	189	45753	on_target	net_72_10551	1	1.0	net_82_10152_net_72_10551_net_98_11932_net_51_10906	scgenerai_config
0.0	0	105	46	off_target	net_98_11932	0	0.001	net_82_10152_net_72_10551_net_98_11932_net_51_10906	scgenerai_config
0.0	0	105	458	off_target	net_98_11932	0	0.01	net_82_10152_net_72_10551_net_98_11932_net_51_10906	scgenerai_config
0.0285714285714285	3	105	2288	off_target	net_98_11932	0	0.05	net_82_10152_net_72_10551_net_98_11932_net_51_10906	scgenerai_config
0.0666666666666666	7	105	4575	off_target	net_98_11932	0	0.1	net_82_10152_net_72_10551_net_98_11932_net_51_10906	scgenerai_config
0.1142857142857142	12	105	9151	off_target	net_98_11932	0	0.2	net_82_10152_net_72_10551_net_98_11932_net_51_10906	scgenerai_config
0.1333333333333333	14	105	11438	off_target	net_98_11932	0	0.25	net_82_10152_net_72_10551_net_98_11932_net_51_10906	scgenerai_config
0.1904761904761904	20	105	22876	off_target	net_98_11932	0	0.5	net_82_10152_net_72_10551_net_98_11932_net_51_10906	scgenerai_config
0.2857142857142857	30	105	34315	off_target	net_98_11932	0	0.75	net_82_10152_net_72_10551_net_98_11932_net_51_10906	scgenerai_config
0.3619047619047619	38	105	45753	off_target	net_98_11932	0	1.0	net_82_10152_net_72_10551_net_98_11932_net_51_10906	scgenerai_config
0.0	0	105	46	off_target	net_98_11932	1	0.001	net_82_10152_net_72_10551_net_98_11932_net_51_10906	scgenerai_config
0.0	0	105	458	off_target	net_98_11932	1	0.01	net_82_10152_net_72_10551_net_98_11932_net_51_10906	scgenerai_config
0.0285714285714285	3	105	2288	off_target	net_98_11932	1	0.05	net_82_10152_net_72_10551_net_98_11932_net_51_10906	scgenerai_config
0.0571428571428571	6	105	4575	off_target	net_98_11932	1	0.1	net_82_10152_net_72_10551_net_98_11932_net_51_10906	scgenerai_config
0.1142857142857142	12	105	9151	off_target	net_98_11932	1	0.2	net_82_10152_net_72_10551_net_98_11932_net_51_10906	scgenerai_config
0.1142857142857142	12	105	11438	off_target	net_98_11932	1	0.25	net_82_10152_net_72_10551_net_98_11932_net_51_10906	scgenerai_config
0.2	21	105	22876	off_target	net_98_11932	1	0.5	net_82_10152_net_72_10551_net_98_11932_net_51_10906	scgenerai_config
0.2571428571428571	27	105	34315	off_target	net_98_11932	1	0.75	net_82_10152_net_72_10551_net_98_11932_net_51_10906	scgenerai_config
0.3619047619047619	38	105	45753	off_target	net_98_11932	1	1.0	net_82_10152_net_72_10551_net_98_11932_net_51_10906	scgenerai_config
0.0	0	154	52	on_target	net_84_10865	0	0.001	net_84_10865_net_88_10937_net_90_11013_net_60_10703	scgenerai_config
0.0	0	154	517	on_target	net_84_10865	0	0.01	net_84_10865_net_88_10937_net_90_11013_net_60_10703	scgenerai_config
0.0194805194805194	3	154	2584	on_target	net_84_10865	0	0.05	net_84_10865_net_88_10937_net_90_11013_net_60_10703	scgenerai_config
0.0584415584415584	9	154	5168	on_target	net_84_10865	0	0.1	net_84_10865_net_88_10937_net_90_11013_net_60_10703	scgenerai_config
0.0974025974025974	15	154	10336	on_target	net_84_10865	0	0.2	net_84_10865_net_88_10937_net_90_11013_net_60_10703	scgenerai_config
0.1103896103896103	17	154	12920	on_target	net_84_10865	0	0.25	net_84_10865_net_88_10937_net_90_11013_net_60_10703	scgenerai_config
0.2727272727272727	42	154	25840	on_target	net_84_10865	0	0.5	net_84_10865_net_88_10937_net_90_11013_net_60_10703	scgenerai_config
0.4025974025974026	62	154	38761	on_target	net_84_10865	0	0.75	net_84_10865_net_88_10937_net_90_11013_net_60_10703	scgenerai_config
0.5584415584415584	86	154	51681	on_target	net_84_10865	0	1.0	net_84_10865_net_88_10937_net_90_11013_net_60_10703	scgenerai_config
0.0	0	154	52	off_target	net_84_10865	1	0.001	net_84_10865_net_88_10937_net_90_11013_net_60_10703	scgenerai_config
0.0129870129870129	2	154	517	off_target	net_84_10865	1	0.01	net_84_10865_net_88_10937_net_90_11013_net_60_10703	scgenerai_config
0.0324675324675324	5	154	2584	off_target	net_84_10865	1	0.05	net_84_10865_net_88_10937_net_90_11013_net_60_10703	scgenerai_config
0.0454545454545454	7	154	5168	off_target	net_84_10865	1	0.1	net_84_10865_net_88_10937_net_90_11013_net_60_10703	scgenerai_config
0.1038961038961039	16	154	10336	off_target	net_84_10865	1	0.2	net_84_10865_net_88_10937_net_90_11013_net_60_10703	scgenerai_config
0.1493506493506493	23	154	12920	off_target	net_84_10865	1	0.25	net_84_10865_net_88_10937_net_90_11013_net_60_10703	scgenerai_config
0.2662337662337662	41	154	25840	off_target	net_84_10865	1	0.5	net_84_10865_net_88_10937_net_90_11013_net_60_10703	scgenerai_config
0.3831168831168831	59	154	38761	off_target	net_84_10865	1	0.75	net_84_10865_net_88_10937_net_90_11013_net_60_10703	scgenerai_config
0.5584415584415584	86	154	51681	off_target	net_84_10865	1	1.0	net_84_10865_net_88_10937_net_90_11013_net_60_10703	scgenerai_config
0.0	0	184	52	off_target	net_88_10937	0	0.001	net_84_10865_net_88_10937_net_90_11013_net_60_10703	scgenerai_config
0.0054347826086956	1	184	517	off_target	net_88_10937	0	0.01	net_84_10865_net_88_10937_net_90_11013_net_60_10703	scgenerai_config
0.0326086956521739	6	184	2584	off_target	net_88_10937	0	0.05	net_84_10865_net_88_10937_net_90_11013_net_60_10703	scgenerai_config
0.0652173913043478	12	184	5168	off_target	net_88_10937	0	0.1	net_84_10865_net_88_10937_net_90_11013_net_60_10703	scgenerai_config
0.1141304347826086	21	184	10336	off_target	net_88_10937	0	0.2	net_84_10865_net_88_10937_net_90_11013_net_60_10703	scgenerai_config
0.1739130434782608	32	184	12920	off_target	net_88_10937	0	0.25	net_84_10865_net_88_10937_net_90_11013_net_60_10703	scgenerai_config
0.4510869565217391	83	184	25840	off_target	net_88_10937	0	0.5	net_84_10865_net_88_10937_net_90_11013_net_60_10703	scgenerai_config
0.5869565217391305	108	184	38761	off_target	net_88_10937	0	0.75	net_84_10865_net_88_10937_net_90_11013_net_60_10703	scgenerai_config
0.7010869565217391	129	184	51681	off_target	net_88_10937	0	1.0	net_84_10865_net_88_10937_net_90_11013_net_60_10703	scgenerai_config
0.0054347826086956	1	184	52	on_target	net_88_10937	1	0.001	net_84_10865_net_88_10937_net_90_11013_net_60_10703	scgenerai_config
0.0217391304347826	4	184	517	on_target	net_88_10937	1	0.01	net_84_10865_net_88_10937_net_90_11013_net_60_10703	scgenerai_config
0.0217391304347826	4	184	2584	on_target	net_88_10937	1	0.05	net_84_10865_net_88_10937_net_90_11013_net_60_10703	scgenerai_config
0.0543478260869565	10	184	5168	on_target	net_88_10937	1	0.1	net_84_10865_net_88_10937_net_90_11013_net_60_10703	scgenerai_config
0.1195652173913043	22	184	10336	on_target	net_88_10937	1	0.2	net_84_10865_net_88_10937_net_90_11013_net_60_10703	scgenerai_config
0.1413043478260869	26	184	12920	on_target	net_88_10937	1	0.25	net_84_10865_net_88_10937_net_90_11013_net_60_10703	scgenerai_config
0.3152173913043478	58	184	25840	on_target	net_88_10937	1	0.5	net_84_10865_net_88_10937_net_90_11013_net_60_10703	scgenerai_config
0.4945652173913043	91	184	38761	on_target	net_88_10937	1	0.75	net_84_10865_net_88_10937_net_90_11013_net_60_10703	scgenerai_config
0.7010869565217391	129	184	51681	on_target	net_88_10937	1	1.0	net_84_10865_net_88_10937_net_90_11013_net_60_10703	scgenerai_config
0.0	0	216	52	off_target	net_90_11013	0	0.001	net_84_10865_net_88_10937_net_90_11013_net_60_10703	scgenerai_config
0.0	0	216	517	off_target	net_90_11013	0	0.01	net_84_10865_net_88_10937_net_90_11013_net_60_10703	scgenerai_config
0.0138888888888888	3	216	2584	off_target	net_90_11013	0	0.05	net_84_10865_net_88_10937_net_90_11013_net_60_10703	scgenerai_config
0.037037037037037	8	216	5168	off_target	net_90_11013	0	0.1	net_84_10865_net_88_10937_net_90_11013_net_60_10703	scgenerai_config
0.0879629629629629	19	216	10336	off_target	net_90_11013	0	0.2	net_84_10865_net_88_10937_net_90_11013_net_60_10703	scgenerai_config
0.1064814814814814	23	216	12920	off_target	net_90_11013	0	0.25	net_84_10865_net_88_10937_net_90_11013_net_60_10703	scgenerai_config
0.25	54	216	25840	off_target	net_90_11013	0	0.5	net_84_10865_net_88_10937_net_90_11013_net_60_10703	scgenerai_config
0.3888888888888889	84	216	38761	off_target	net_90_11013	0	0.75	net_84_10865_net_88_10937_net_90_11013_net_60_10703	scgenerai_config
0.5833333333333334	126	216	51681	off_target	net_90_11013	0	1.0	net_84_10865_net_88_10937_net_90_11013_net_60_10703	scgenerai_config
0.0	0	216	52	off_target	net_90_11013	1	0.001	net_84_10865_net_88_10937_net_90_11013_net_60_10703	scgenerai_config
0.0046296296296296	1	216	517	off_target	net_90_11013	1	0.01	net_84_10865_net_88_10937_net_90_11013_net_60_10703	scgenerai_config
0.0277777777777777	6	216	2584	off_target	net_90_11013	1	0.05	net_84_10865_net_88_10937_net_90_11013_net_60_10703	scgenerai_config
0.0787037037037037	17	216	5168	off_target	net_90_11013	1	0.1	net_84_10865_net_88_10937_net_90_11013_net_60_10703	scgenerai_config
0.1296296296296296	28	216	10336	off_target	net_90_11013	1	0.2	net_84_10865_net_88_10937_net_90_11013_net_60_10703	scgenerai_config
0.1481481481481481	32	216	12920	off_target	net_90_11013	1	0.25	net_84_10865_net_88_10937_net_90_11013_net_60_10703	scgenerai_config
0.287037037037037	62	216	25840	off_target	net_90_11013	1	0.5	net_84_10865_net_88_10937_net_90_11013_net_60_10703	scgenerai_config
0.4398148148148148	95	216	38761	off_target	net_90_11013	1	0.75	net_84_10865_net_88_10937_net_90_11013_net_60_10703	scgenerai_config
0.5833333333333334	126	216	51681	off_target	net_90_11013	1	1.0	net_84_10865_net_88_10937_net_90_11013_net_60_10703	scgenerai_config
0.0	0	98	88	on_target	net_84_11226	0	0.001	net_84_11226_net_172_10626_net_89_11634_net_76_10367	scgenerai_config
0.0	0	98	884	on_target	net_84_11226	0	0.01	net_84_11226_net_172_10626_net_89_11634_net_76_10367	scgenerai_config
0.010204081632653	1	98	4420	on_target	net_84_11226	0	0.05	net_84_11226_net_172_10626_net_89_11634_net_76_10367	scgenerai_config
0.0408163265306122	4	98	8841	on_target	net_84_11226	0	0.1	net_84_11226_net_172_10626_net_89_11634_net_76_10367	scgenerai_config
0.0510204081632653	5	98	17682	on_target	net_84_11226	0	0.2	net_84_11226_net_172_10626_net_89_11634_net_76_10367	scgenerai_config
0.0612244897959183	6	98	22102	on_target	net_84_11226	0	0.25	net_84_11226_net_172_10626_net_89_11634_net_76_10367	scgenerai_config
0.173469387755102	17	98	44205	on_target	net_84_11226	0	0.5	net_84_11226_net_172_10626_net_89_11634_net_76_10367	scgenerai_config
0.2551020408163265	25	98	66308	on_target	net_84_11226	0	0.75	net_84_11226_net_172_10626_net_89_11634_net_76_10367	scgenerai_config
0.3571428571428571	35	98	88410	on_target	net_84_11226	0	1.0	net_84_11226_net_172_10626_net_89_11634_net_76_10367	scgenerai_config
0.0	0	98	88	off_target	net_84_11226	1	0.001	net_84_11226_net_172_10626_net_89_11634_net_76_10367	scgenerai_config
0.0	0	98	884	off_target	net_84_11226	1	0.01	net_84_11226_net_172_10626_net_89_11634_net_76_10367	scgenerai_config
0.010204081632653	1	98	4420	off_target	net_84_11226	1	0.05	net_84_11226_net_172_10626_net_89_11634_net_76_10367	scgenerai_config
0.0204081632653061	2	98	8841	off_target	net_84_11226	1	0.1	net_84_11226_net_172_10626_net_89_11634_net_76_10367	scgenerai_config
0.0612244897959183	6	98	17682	off_target	net_84_11226	1	0.2	net_84_11226_net_172_10626_net_89_11634_net_76_10367	scgenerai_config
0.0714285714285714	7	98	22102	off_target	net_84_11226	1	0.25	net_84_11226_net_172_10626_net_89_11634_net_76_10367	scgenerai_config
0.1836734693877551	18	98	44205	off_target	net_84_11226	1	0.5	net_84_11226_net_172_10626_net_89_11634_net_76_10367	scgenerai_config
0.2857142857142857	28	98	66308	off_target	net_84_11226	1	0.75	net_84_11226_net_172_10626_net_89_11634_net_76_10367	scgenerai_config
0.3571428571428571	35	98	88410	off_target	net_84_11226	1	1.0	net_84_11226_net_172_10626_net_89_11634_net_76_10367	scgenerai_config
0.0	0	239	88	off_target	net_172_10626	0	0.001	net_84_11226_net_172_10626_net_89_11634_net_76_10367	scgenerai_config
0.0125523012552301	3	239	884	off_target	net_172_10626	0	0.01	net_84_11226_net_172_10626_net_89_11634_net_76_10367	scgenerai_config
0.0292887029288702	7	239	4420	off_target	net_172_10626	0	0.05	net_84_11226_net_172_10626_net_89_11634_net_76_10367	scgenerai_config
0.0460251046025104	11	239	8841	off_target	net_172_10626	0	0.1	net_84_11226_net_172_10626_net_89_11634_net_76_10367	scgenerai_config
0.1129707112970711	27	239	17682	off_target	net_172_10626	0	0.2	net_84_11226_net_172_10626_net_89_11634_net_76_10367	scgenerai_config
0.1464435146443514	35	239	22102	off_target	net_172_10626	0	0.25	net_84_11226_net_172_10626_net_89_11634_net_76_10367	scgenerai_config
0.309623430962343	74	239	44205	off_target	net_172_10626	0	0.5	net_84_11226_net_172_10626_net_89_11634_net_76_10367	scgenerai_config
0.4267782426778242	102	239	66308	off_target	net_172_10626	0	0.75	net_84_11226_net_172_10626_net_89_11634_net_76_10367	scgenerai_config
0.5690376569037657	136	239	88410	off_target	net_172_10626	0	1.0	net_84_11226_net_172_10626_net_89_11634_net_76_10367	scgenerai_config
0.0	0	239	88	on_target	net_172_10626	1	0.001	net_84_11226_net_172_10626_net_89_11634_net_76_10367	scgenerai_config
0.00836820083682	2	239	884	on_target	net_172_10626	1	0.01	net_84_11226_net_172_10626_net_89_11634_net_76_10367	scgenerai_config
0.0292887029288702	7	239	4420	on_target	net_172_10626	1	0.05	net_84_11226_net_172_10626_net_89_11634_net_76_10367	scgenerai_config
0.0460251046025104	11	239	8841	on_target	net_172_10626	1	0.1	net_84_11226_net_172_10626_net_89_11634_net_76_10367	scgenerai_config
0.1129707112970711	27	239	17682	on_target	net_172_10626	1	0.2	net_84_11226_net_172_10626_net_89_11634_net_76_10367	scgenerai_config
0.1297071129707113	31	239	22102	on_target	net_172_10626	1	0.25	net_84_11226_net_172_10626_net_89_11634_net_76_10367	scgenerai_config
0.2594142259414226	62	239	44205	on_target	net_172_10626	1	0.5	net_84_11226_net_172_10626_net_89_11634_net_76_10367	scgenerai_config
0.4476987447698745	107	239	66308	on_target	net_172_10626	1	0.75	net_84_11226_net_172_10626_net_89_11634_net_76_10367	scgenerai_config
0.5690376569037657	136	239	88410	on_target	net_172_10626	1	1.0	net_84_11226_net_172_10626_net_89_11634_net_76_10367	scgenerai_config
0.0	0	98	88	off_target	net_89_11634	0	0.001	net_84_11226_net_172_10626_net_89_11634_net_76_10367	scgenerai_config
0.0	0	98	884	off_target	net_89_11634	0	0.01	net_84_11226_net_172_10626_net_89_11634_net_76_10367	scgenerai_config
0.0306122448979591	3	98	4420	off_target	net_89_11634	0	0.05	net_84_11226_net_172_10626_net_89_11634_net_76_10367	scgenerai_config
0.0612244897959183	6	98	8841	off_target	net_89_11634	0	0.1	net_84_11226_net_172_10626_net_89_11634_net_76_10367	scgenerai_config
0.1122448979591836	11	98	17682	off_target	net_89_11634	0	0.2	net_84_11226_net_172_10626_net_89_11634_net_76_10367	scgenerai_config
0.1224489795918367	12	98	22102	off_target	net_89_11634	0	0.25	net_84_11226_net_172_10626_net_89_11634_net_76_10367	scgenerai_config
0.2142857142857142	21	98	44205	off_target	net_89_11634	0	0.5	net_84_11226_net_172_10626_net_89_11634_net_76_10367	scgenerai_config
0.2857142857142857	28	98	66308	off_target	net_89_11634	0	0.75	net_84_11226_net_172_10626_net_89_11634_net_76_10367	scgenerai_config
0.4081632653061224	40	98	88410	off_target	net_89_11634	0	1.0	net_84_11226_net_172_10626_net_89_11634_net_76_10367	scgenerai_config
0.0	0	98	88	off_target	net_89_11634	1	0.001	net_84_11226_net_172_10626_net_89_11634_net_76_10367	scgenerai_config
0.010204081632653	1	98	884	off_target	net_89_11634	1	0.01	net_84_11226_net_172_10626_net_89_11634_net_76_10367	scgenerai_config
0.0204081632653061	2	98	4420	off_target	net_89_11634	1	0.05	net_84_11226_net_172_10626_net_89_11634_net_76_10367	scgenerai_config
0.0816326530612244	8	98	8841	off_target	net_89_11634	1	0.1	net_84_11226_net_172_10626_net_89_11634_net_76_10367	scgenerai_config
0.1224489795918367	12	98	17682	off_target	net_89_11634	1	0.2	net_84_11226_net_172_10626_net_89_11634_net_76_10367	scgenerai_config
0.1326530612244898	13	98	22102	off_target	net_89_11634	1	0.25	net_84_11226_net_172_10626_net_89_11634_net_76_10367	scgenerai_config
0.2040816326530612	20	98	44205	off_target	net_89_11634	1	0.5	net_84_11226_net_172_10626_net_89_11634_net_76_10367	scgenerai_config
0.3265306122448979	32	98	66308	off_target	net_89_11634	1	0.75	net_84_11226_net_172_10626_net_89_11634_net_76_10367	scgenerai_config
0.4081632653061224	40	98	88410	off_target	net_89_11634	1	1.0	net_84_11226_net_172_10626_net_89_11634_net_76_10367	scgenerai_config
0.0	0	88	113	on_target	net_70_11431	0	0.001	net_70_11431_net_60_10082_net_135_11054_net_53_11196_net_74_11972_net_84_9903	scgenerai_config
0.0	0	88	1130	on_target	net_70_11431	0	0.01	net_70_11431_net_60_10082_net_135_11054_net_53_11196_net_74_11972_net_84_9903	scgenerai_config
0.0113636363636363	1	88	5652	on_target	net_70_11431	0	0.05	net_70_11431_net_60_10082_net_135_11054_net_53_11196_net_74_11972_net_84_9903	scgenerai_config
0.0227272727272727	2	88	11305	on_target	net_70_11431	0	0.1	net_70_11431_net_60_10082_net_135_11054_net_53_11196_net_74_11972_net_84_9903	scgenerai_config
0.0909090909090909	8	88	22610	on_target	net_70_11431	0	0.2	net_70_11431_net_60_10082_net_135_11054_net_53_11196_net_74_11972_net_84_9903	scgenerai_config
0.125	11	88	28262	on_target	net_70_11431	0	0.25	net_70_11431_net_60_10082_net_135_11054_net_53_11196_net_74_11972_net_84_9903	scgenerai_config
0.2045454545454545	18	88	56525	on_target	net_70_11431	0	0.5	net_70_11431_net_60_10082_net_135_11054_net_53_11196_net_74_11972_net_84_9903	scgenerai_config
0.3522727272727273	31	88	84788	on_target	net_70_11431	0	0.75	net_70_11431_net_60_10082_net_135_11054_net_53_11196_net_74_11972_net_84_9903	scgenerai_config
0.4431818181818182	39	88	113050	on_target	net_70_11431	0	1.0	net_70_11431_net_60_10082_net_135_11054_net_53_11196_net_74_11972_net_84_9903	scgenerai_config
0.0	0	88	113	off_target	net_70_11431	1	0.001	net_70_11431_net_60_10082_net_135_11054_net_53_11196_net_74_11972_net_84_9903	scgenerai_config
0.0113636363636363	1	88	1130	off_target	net_70_11431	1	0.01	net_70_11431_net_60_10082_net_135_11054_net_53_11196_net_74_11972_net_84_9903	scgenerai_config
0.0454545454545454	4	88	5652	off_target	net_70_11431	1	0.05	net_70_11431_net_60_10082_net_135_11054_net_53_11196_net_74_11972_net_84_9903	scgenerai_config
0.0568181818181818	5	88	11305	off_target	net_70_11431	1	0.1	net_70_11431_net_60_10082_net_135_11054_net_53_11196_net_74_11972_net_84_9903	scgenerai_config
0.0681818181818181	6	88	22610	off_target	net_70_11431	1	0.2	net_70_11431_net_60_10082_net_135_11054_net_53_11196_net_74_11972_net_84_9903	scgenerai_config
0.0795454545454545	7	88	28262	off_target	net_70_11431	1	0.25	net_70_11431_net_60_10082_net_135_11054_net_53_11196_net_74_11972_net_84_9903	scgenerai_config
0.1590909090909091	14	88	56525	off_target	net_70_11431	1	0.5	net_70_11431_net_60_10082_net_135_11054_net_53_11196_net_74_11972_net_84_9903	scgenerai_config
0.2613636363636363	23	88	84788	off_target	net_70_11431	1	0.75	net_70_11431_net_60_10082_net_135_11054_net_53_11196_net_74_11972_net_84_9903	scgenerai_config
0.4431818181818182	39	88	113050	off_target	net_70_11431	1	1.0	net_70_11431_net_60_10082_net_135_11054_net_53_11196_net_74_11972_net_84_9903	scgenerai_config
0.0	0	104	113	off_target	net_60_10082	0	0.001	net_70_11431_net_60_10082_net_135_11054_net_53_11196_net_74_11972_net_84_9903	scgenerai_config
0.0	0	104	1130	off_target	net_60_10082	0	0.01	net_70_11431_net_60_10082_net_135_11054_net_53_11196_net_74_11972_net_84_9903	scgenerai_config
0.0	0	104	5652	off_target	net_60_10082	0	0.05	net_70_11431_net_60_10082_net_135_11054_net_53_11196_net_74_11972_net_84_9903	scgenerai_config
0.0192307692307692	2	104	11305	off_target	net_60_10082	0	0.1	net_70_11431_net_60_10082_net_135_11054_net_53_11196_net_74_11972_net_84_9903	scgenerai_config
0.0288461538461538	3	104	22610	off_target	net_60_10082	0	0.2	net_70_11431_net_60_10082_net_135_11054_net_53_11196_net_74_11972_net_84_9903	scgenerai_config
0.0288461538461538	3	104	28262	off_target	net_60_10082	0	0.25	net_70_11431_net_60_10082_net_135_11054_net_53_11196_net_74_11972_net_84_9903	scgenerai_config
0.0576923076923076	6	104	56525	off_target	net_60_10082	0	0.5	net_70_11431_net_60_10082_net_135_11054_net_53_11196_net_74_11972_net_84_9903	scgenerai_config
0.1153846153846153	12	104	84788	off_target	net_60_10082	0	0.75	net_70_11431_net_60_10082_net_135_11054_net_53_11196_net_74_11972_net_84_9903	scgenerai_config
0.1346153846153846	14	104	113050	off_target	net_60_10082	0	1.0	net_70_11431_net_60_10082_net_135_11054_net_53_11196_net_74_11972_net_84_9903	scgenerai_config
0.0	0	104	113	on_target	net_60_10082	1	0.001	net_70_11431_net_60_10082_net_135_11054_net_53_11196_net_74_11972_net_84_9903	scgenerai_config
0.0	0	104	1130	on_target	net_60_10082	1	0.01	net_70_11431_net_60_10082_net_135_11054_net_53_11196_net_74_11972_net_84_9903	scgenerai_config
0.0	0	104	5652	on_target	net_60_10082	1	0.05	net_70_11431_net_60_10082_net_135_11054_net_53_11196_net_74_11972_net_84_9903	scgenerai_config
0.0	0	104	11305	on_target	net_60_10082	1	0.1	net_70_11431_net_60_10082_net_135_11054_net_53_11196_net_74_11972_net_84_9903	scgenerai_config
0.0192307692307692	2	104	22610	on_target	net_60_10082	1	0.2	net_70_11431_net_60_10082_net_135_11054_net_53_11196_net_74_11972_net_84_9903	scgenerai_config
0.0192307692307692	2	104	28262	on_target	net_60_10082	1	0.25	net_70_11431_net_60_10082_net_135_11054_net_53_11196_net_74_11972_net_84_9903	scgenerai_config
0.048076923076923	5	104	56525	on_target	net_60_10082	1	0.5	net_70_11431_net_60_10082_net_135_11054_net_53_11196_net_74_11972_net_84_9903	scgenerai_config
0.0673076923076923	7	104	84788	on_target	net_60_10082	1	0.75	net_70_11431_net_60_10082_net_135_11054_net_53_11196_net_74_11972_net_84_9903	scgenerai_config
0.1346153846153846	14	104	113050	on_target	net_60_10082	1	1.0	net_70_11431_net_60_10082_net_135_11054_net_53_11196_net_74_11972_net_84_9903	scgenerai_config
0.0	0	264	113	off_target	net_135_11054	0	0.001	net_70_11431_net_60_10082_net_135_11054_net_53_11196_net_74_11972_net_84_9903	scgenerai_config
0.0	0	264	1130	off_target	net_135_11054	0	0.01	net_70_11431_net_60_10082_net_135_11054_net_53_11196_net_74_11972_net_84_9903	scgenerai_config
0.0189393939393939	5	264	5652	off_target	net_135_11054	0	0.05	net_70_11431_net_60_10082_net_135_11054_net_53_11196_net_74_11972_net_84_9903	scgenerai_config
0.0492424242424242	13	264	11305	off_target	net_135_11054	0	0.1	net_70_11431_net_60_10082_net_135_11054_net_53_11196_net_74_11972_net_84_9903	scgenerai_config
0.1325757575757575	35	264	22610	off_target	net_135_11054	0	0.2	net_70_11431_net_60_10082_net_135_11054_net_53_11196_net_74_11972_net_84_9903	scgenerai_config
0.178030303030303	47	264	28262	off_target	net_135_11054	0	0.25	net_70_11431_net_60_10082_net_135_11054_net_53_11196_net_74_11972_net_84_9903	scgenerai_config
0.3371212121212121	89	264	56525	off_target	net_135_11054	0	0.5	net_70_11431_net_60_10082_net_135_11054_net_53_11196_net_74_11972_net_84_9903	scgenerai_config
0.5037878787878788	133	264	84788	off_target	net_135_11054	0	0.75	net_70_11431_net_60_10082_net_135_11054_net_53_11196_net_74_11972_net_84_9903	scgenerai_config
0.6818181818181818	180	264	113050	off_target	net_135_11054	0	1.0	net_70_11431_net_60_10082_net_135_11054_net_53_11196_net_74_11972_net_84_9903	scgenerai_config
0.0037878787878787	1	264	113	off_target	net_135_11054	1	0.001	net_70_11431_net_60_10082_net_135_11054_net_53_11196_net_74_11972_net_84_9903	scgenerai_config
0.0075757575757575	2	264	1130	off_target	net_135_11054	1	0.01	net_70_11431_net_60_10082_net_135_11054_net_53_11196_net_74_11972_net_84_9903	scgenerai_config
0.0265151515151515	7	264	5652	off_target	net_135_11054	1	0.05	net_70_11431_net_60_10082_net_135_11054_net_53_11196_net_74_11972_net_84_9903	scgenerai_config
0.0568181818181818	15	264	11305	off_target	net_135_11054	1	0.1	net_70_11431_net_60_10082_net_135_11054_net_53_11196_net_74_11972_net_84_9903	scgenerai_config
0.1287878787878787	34	264	22610	off_target	net_135_11054	1	0.2	net_70_11431_net_60_10082_net_135_11054_net_53_11196_net_74_11972_net_84_9903	scgenerai_config
0.1590909090909091	42	264	28262	off_target	net_135_11054	1	0.25	net_70_11431_net_60_10082_net_135_11054_net_53_11196_net_74_11972_net_84_9903	scgenerai_config
0.3446969696969697	91	264	56525	off_target	net_135_11054	1	0.5	net_70_11431_net_60_10082_net_135_11054_net_53_11196_net_74_11972_net_84_9903	scgenerai_config
0.5113636363636364	135	264	84788	off_target	net_135_11054	1	0.75	net_70_11431_net_60_10082_net_135_11054_net_53_11196_net_74_11972_net_84_9903	scgenerai_config
0.6818181818181818	180	264	113050	off_target	net_135_11054	1	1.0	net_70_11431_net_60_10082_net_135_11054_net_53_11196_net_74_11972_net_84_9903	scgenerai_config
0.0	0	78	113	off_target	net_53_11196	0	0.001	net_70_11431_net_60_10082_net_135_11054_net_53_11196_net_74_11972_net_84_9903	scgenerai_config
0.0128205128205128	1	78	1130	off_target	net_53_11196	0	0.01	net_70_11431_net_60_10082_net_135_11054_net_53_11196_net_74_11972_net_84_9903	scgenerai_config
0.0384615384615384	3	78	5652	off_target	net_53_11196	0	0.05	net_70_11431_net_60_10082_net_135_11054_net_53_11196_net_74_11972_net_84_9903	scgenerai_config
0.0512820512820512	4	78	11305	off_target	net_53_11196	0	0.1	net_70_11431_net_60_10082_net_135_11054_net_53_11196_net_74_11972_net_84_9903	scgenerai_config
0.0769230769230769	6	78	22610	off_target	net_53_11196	0	0.2	net_70_11431_net_60_10082_net_135_11054_net_53_11196_net_74_11972_net_84_9903	scgenerai_config
0.1282051282051282	10	78	28262	off_target	net_53_11196	0	0.25	net_70_11431_net_60_10082_net_135_11054_net_53_11196_net_74_11972_net_84_9903	scgenerai_config
0.2307692307692307	18	78	56525	off_target	net_53_11196	0	0.5	net_70_11431_net_60_10082_net_135_11054_net_53_11196_net_74_11972_net_84_9903	scgenerai_config
0.4743589743589743	37	78	84788	off_target	net_53_11196	0	0.75	net_70_11431_net_60_10082_net_135_11054_net_53_11196_net_74_11972_net_84_9903	scgenerai_config
0.6410256410256411	50	78	113050	off_target	net_53_11196	0	1.0	net_70_11431_net_60_10082_net_135_11054_net_53_11196_net_74_11972_net_84_9903	scgenerai_config
0.0	0	78	113	off_target	net_53_11196	1	0.001	net_70_11431_net_60_10082_net_135_11054_net_53_11196_net_74_11972_net_84_9903	scgenerai_config
0.0128205128205128	1	78	1130	off_target	net_53_11196	1	0.01	net_70_11431_net_60_10082_net_135_11054_net_53_11196_net_74_11972_net_84_9903	scgenerai_config
0.0384615384615384	3	78	5652	off_target	net_53_11196	1	0.05	net_70_11431_net_60_10082_net_135_11054_net_53_11196_net_74_11972_net_84_9903	scgenerai_config
0.0641025641025641	5	78	11305	off_target	net_53_11196	1	0.1	net_70_11431_net_60_10082_net_135_11054_net_53_11196_net_74_11972_net_84_9903	scgenerai_config
0.141025641025641	11	78	22610	off_target	net_53_11196	1	0.2	net_70_11431_net_60_10082_net_135_11054_net_53_11196_net_74_11972_net_84_9903	scgenerai_config
0.141025641025641	11	78	28262	off_target	net_53_11196	1	0.25	net_70_11431_net_60_10082_net_135_11054_net_53_11196_net_74_11972_net_84_9903	scgenerai_config
0.282051282051282	22	78	56525	off_target	net_53_11196	1	0.5	net_70_11431_net_60_10082_net_135_11054_net_53_11196_net_74_11972_net_84_9903	scgenerai_config
0.3974358974358974	31	78	84788	off_target	net_53_11196	1	0.75	net_70_11431_net_60_10082_net_135_11054_net_53_11196_net_74_11972_net_84_9903	scgenerai_config
0.6410256410256411	50	78	113050	off_target	net_53_11196	1	1.0	net_70_11431_net_60_10082_net_135_11054_net_53_11196_net_74_11972_net_84_9903	scgenerai_config
0.0	0	73	113	off_target	net_74_11972	0	0.001	net_70_11431_net_60_10082_net_135_11054_net_53_11196_net_74_11972_net_84_9903	scgenerai_config
0.0	0	73	1130	off_target	net_74_11972	0	0.01	net_70_11431_net_60_10082_net_135_11054_net_53_11196_net_74_11972_net_84_9903	scgenerai_config
0.0136986301369863	1	73	5652	off_target	net_74_11972	0	0.05	net_70_11431_net_60_10082_net_135_11054_net_53_11196_net_74_11972_net_84_9903	scgenerai_config
0.0136986301369863	1	73	11305	off_target	net_74_11972	0	0.1	net_70_11431_net_60_10082_net_135_11054_net_53_11196_net_74_11972_net_84_9903	scgenerai_config
0.0684931506849315	5	73	22610	off_target	net_74_11972	0	0.2	net_70_11431_net_60_10082_net_135_11054_net_53_11196_net_74_11972_net_84_9903	scgenerai_config
0.136986301369863	10	73	28262	off_target	net_74_11972	0	0.25	net_70_11431_net_60_10082_net_135_11054_net_53_11196_net_74_11972_net_84_9903	scgenerai_config
0.1506849315068493	11	73	56525	off_target	net_74_11972	0	0.5	net_70_11431_net_60_10082_net_135_11054_net_53_11196_net_74_11972_net_84_9903	scgenerai_config
0.2465753424657534	18	73	84788	off_target	net_74_11972	0	0.75	net_70_11431_net_60_10082_net_135_11054_net_53_11196_net_74_11972_net_84_9903	scgenerai_config
0.3561643835616438	26	73	113050	off_target	net_74_11972	0	1.0	net_70_11431_net_60_10082_net_135_11054_net_53_11196_net_74_11972_net_84_9903	scgenerai_config
0.0	0	73	113	off_target	net_74_11972	1	0.001	net_70_11431_net_60_10082_net_135_11054_net_53_11196_net_74_11972_net_84_9903	scgenerai_config
0.0	0	73	1130	off_target	net_74_11972	1	0.01	net_70_11431_net_60_10082_net_135_11054_net_53_11196_net_74_11972_net_84_9903	scgenerai_config
0.0	0	73	5652	off_target	net_74_11972	1	0.05	net_70_11431_net_60_10082_net_135_11054_net_53_11196_net_74_11972_net_84_9903	scgenerai_config
0.0136986301369863	1	73	11305	off_target	net_74_11972	1	0.1	net_70_11431_net_60_10082_net_135_11054_net_53_11196_net_74_11972_net_84_9903	scgenerai_config
0.0684931506849315	5	73	22610	off_target	net_74_11972	1	0.2	net_70_11431_net_60_10082_net_135_11054_net_53_11196_net_74_11972_net_84_9903	scgenerai_config
0.0958904109589041	7	73	28262	off_target	net_74_11972	1	0.25	net_70_11431_net_60_10082_net_135_11054_net_53_11196_net_74_11972_net_84_9903	scgenerai_config
0.1643835616438356	12	73	56525	off_target	net_74_11972	1	0.5	net_70_11431_net_60_10082_net_135_11054_net_53_11196_net_74_11972_net_84_9903	scgenerai_config
0.2602739726027397	19	73	84788	off_target	net_74_11972	1	0.75	net_70_11431_net_60_10082_net_135_11054_net_53_11196_net_74_11972_net_84_9903	scgenerai_config
0.3561643835616438	26	73	113050	off_target	net_74_11972	1	1.0	net_70_11431_net_60_10082_net_135_11054_net_53_11196_net_74_11972_net_84_9903	scgenerai_config
0.0	0	87	177	on_target	net_59_10488	0	0.001	net_59_10488_net_115_11153_net_84_11226_net_172_10626_net_89_11634_net_76_10367	scgenerai_config
0.0229885057471264	2	87	1767	on_target	net_59_10488	0	0.01	net_59_10488_net_115_11153_net_84_11226_net_172_10626_net_89_11634_net_76_10367	scgenerai_config
0.0344827586206896	3	87	8836	on_target	net_59_10488	0	0.05	net_59_10488_net_115_11153_net_84_11226_net_172_10626_net_89_11634_net_76_10367	scgenerai_config
0.0344827586206896	3	87	17672	on_target	net_59_10488	0	0.1	net_59_10488_net_115_11153_net_84_11226_net_172_10626_net_89_11634_net_76_10367	scgenerai_config
0.0689655172413793	6	87	35343	on_target	net_59_10488	0	0.2	net_59_10488_net_115_11153_net_84_11226_net_172_10626_net_89_11634_net_76_10367	scgenerai_config
0.0804597701149425	7	87	44179	on_target	net_59_10488	0	0.25	net_59_10488_net_115_11153_net_84_11226_net_172_10626_net_89_11634_net_76_10367	scgenerai_config
0.2068965517241379	18	87	88358	on_target	net_59_10488	0	0.5	net_59_10488_net_115_11153_net_84_11226_net_172_10626_net_89_11634_net_76_10367	scgenerai_config
0.3333333333333333	29	87	132536	on_target	net_59_10488	0	0.75	net_59_10488_net_115_11153_net_84_11226_net_172_10626_net_89_11634_net_76_10367	scgenerai_config
0.4942528735632184	43	87	176715	on_target	net_59_10488	0	1.0	net_59_10488_net_115_11153_net_84_11226_net_172_10626_net_89_11634_net_76_10367	scgenerai_config
0.0	0	87	177	off_target	net_59_10488	1	0.001	net_59_10488_net_115_11153_net_84_11226_net_172_10626_net_89_11634_net_76_10367	scgenerai_config
0.0	0	87	1767	off_target	net_59_10488	1	0.01	net_59_10488_net_115_11153_net_84_11226_net_172_10626_net_89_11634_net_76_10367	scgenerai_config
0.0	0	87	8836	off_target	net_59_10488	1	0.05	net_59_10488_net_115_11153_net_84_11226_net_172_10626_net_89_11634_net_76_10367	scgenerai_config
0.0229885057471264	2	87	17672	off_target	net_59_10488	1	0.1	net_59_10488_net_115_11153_net_84_11226_net_172_10626_net_89_11634_net_76_10367	scgenerai_config
0.057471264367816	5	87	35343	off_target	net_59_10488	1	0.2	net_59_10488_net_115_11153_net_84_11226_net_172_10626_net_89_11634_net_76_10367	scgenerai_config
0.0804597701149425	7	87	44179	off_target	net_59_10488	1	0.25	net_59_10488_net_115_11153_net_84_11226_net_172_10626_net_89_11634_net_76_10367	scgenerai_config
0.2068965517241379	18	87	88358	off_target	net_59_10488	1	0.5	net_59_10488_net_115_11153_net_84_11226_net_172_10626_net_89_11634_net_76_10367	scgenerai_config
0.3563218390804598	31	87	132536	off_target	net_59_10488	1	0.75	net_59_10488_net_115_11153_net_84_11226_net_172_10626_net_89_11634_net_76_10367	scgenerai_config
0.4942528735632184	43	87	176715	off_target	net_59_10488	1	1.0	net_59_10488_net_115_11153_net_84_11226_net_172_10626_net_89_11634_net_76_10367	scgenerai_config
0.0	0	117	177	off_target	net_115_11153	0	0.001	net_59_10488_net_115_11153_net_84_11226_net_172_10626_net_89_11634_net_76_10367	scgenerai_config
0.0	0	117	1767	off_target	net_115_11153	0	0.01	net_59_10488_net_115_11153_net_84_11226_net_172_10626_net_89_11634_net_76_10367	scgenerai_config
0.017094017094017	2	117	8836	off_target	net_115_11153	0	0.05	net_59_10488_net_115_11153_net_84_11226_net_172_10626_net_89_11634_net_76_10367	scgenerai_config
0.0256410256410256	3	117	17672	off_target	net_115_11153	0	0.1	net_59_10488_net_115_11153_net_84_11226_net_172_10626_net_89_11634_net_76_10367	scgenerai_config
0.0427350427350427	5	117	35343	off_target	net_115_11153	0	0.2	net_59_10488_net_115_11153_net_84_11226_net_172_10626_net_89_11634_net_76_10367	scgenerai_config
0.0427350427350427	5	117	44179	off_target	net_115_11153	0	0.25	net_59_10488_net_115_11153_net_84_11226_net_172_10626_net_89_11634_net_76_10367	scgenerai_config
0.0769230769230769	9	117	88358	off_target	net_115_11153	0	0.5	net_59_10488_net_115_11153_net_84_11226_net_172_10626_net_89_11634_net_76_10367	scgenerai_config
0.0854700854700854	10	117	132536	off_target	net_115_11153	0	0.75	net_59_10488_net_115_11153_net_84_11226_net_172_10626_net_89_11634_net_76_10367	scgenerai_config
0.1196581196581196	14	117	176715	off_target	net_115_11153	0	1.0	net_59_10488_net_115_11153_net_84_11226_net_172_10626_net_89_11634_net_76_10367	scgenerai_config
0.0	0	117	177	on_target	net_115_11153	1	0.001	net_59_10488_net_115_11153_net_84_11226_net_172_10626_net_89_11634_net_76_10367	scgenerai_config
0.0	0	117	1767	on_target	net_115_11153	1	0.01	net_59_10488_net_115_11153_net_84_11226_net_172_10626_net_89_11634_net_76_10367	scgenerai_config
0.0	0	117	8836	on_target	net_115_11153	1	0.05	net_59_10488_net_115_11153_net_84_11226_net_172_10626_net_89_11634_net_76_10367	scgenerai_config
0.0	0	117	17672	on_target	net_115_11153	1	0.1	net_59_10488_net_115_11153_net_84_11226_net_172_10626_net_89_11634_net_76_10367	scgenerai_config
0.017094017094017	2	117	35343	on_target	net_115_11153	1	0.2	net_59_10488_net_115_11153_net_84_11226_net_172_10626_net_89_11634_net_76_10367	scgenerai_config
0.017094017094017	2	117	44179	on_target	net_115_11153	1	0.25	net_59_10488_net_115_11153_net_84_11226_net_172_10626_net_89_11634_net_76_10367	scgenerai_config
0.0683760683760683	8	117	88358	on_target	net_115_11153	1	0.5	net_59_10488_net_115_11153_net_84_11226_net_172_10626_net_89_11634_net_76_10367	scgenerai_config
0.0854700854700854	10	117	132536	on_target	net_115_11153	1	0.75	net_59_10488_net_115_11153_net_84_11226_net_172_10626_net_89_11634_net_76_10367	scgenerai_config
0.1196581196581196	14	117	176715	on_target	net_115_11153	1	1.0	net_59_10488_net_115_11153_net_84_11226_net_172_10626_net_89_11634_net_76_10367	scgenerai_config
0.0	0	98	177	off_target	net_84_11226	0	0.001	net_59_10488_net_115_11153_net_84_11226_net_172_10626_net_89_11634_net_76_10367	scgenerai_config
0.0	0	98	1767	off_target	net_84_11226	0	0.01	net_59_10488_net_115_11153_net_84_11226_net_172_10626_net_89_11634_net_76_10367	scgenerai_config
0.0	0	98	8836	off_target	net_84_11226	0	0.05	net_59_10488_net_115_11153_net_84_11226_net_172_10626_net_89_11634_net_76_10367	scgenerai_config
0.010204081632653	1	98	17672	off_target	net_84_11226	0	0.1	net_59_10488_net_115_11153_net_84_11226_net_172_10626_net_89_11634_net_76_10367	scgenerai_config
0.0408163265306122	4	98	35343	off_target	net_84_11226	0	0.2	net_59_10488_net_115_11153_net_84_11226_net_172_10626_net_89_11634_net_76_10367	scgenerai_config
0.0510204081632653	5	98	44179	off_target	net_84_11226	0	0.25	net_59_10488_net_115_11153_net_84_11226_net_172_10626_net_89_11634_net_76_10367	scgenerai_config
0.1530612244897959	15	98	88358	off_target	net_84_11226	0	0.5	net_59_10488_net_115_11153_net_84_11226_net_172_10626_net_89_11634_net_76_10367	scgenerai_config
0.2142857142857142	21	98	132536	off_target	net_84_11226	0	0.75	net_59_10488_net_115_11153_net_84_11226_net_172_10626_net_89_11634_net_76_10367	scgenerai_config
0.3571428571428571	35	98	176715	off_target	net_84_11226	0	1.0	net_59_10488_net_115_11153_net_84_11226_net_172_10626_net_89_11634_net_76_10367	scgenerai_config
0.0	0	98	177	off_target	net_84_11226	1	0.001	net_59_10488_net_115_11153_net_84_11226_net_172_10626_net_89_11634_net_76_10367	scgenerai_config
0.0	0	98	1767	off_target	net_84_11226	1	0.01	net_59_10488_net_115_11153_net_84_11226_net_172_10626_net_89_11634_net_76_10367	scgenerai_config
0.010204081632653	1	98	8836	off_target	net_84_11226	1	0.05	net_59_10488_net_115_11153_net_84_11226_net_172_10626_net_89_11634_net_76_10367	scgenerai_config
0.0204081632653061	2	98	17672	off_target	net_84_11226	1	0.1	net_59_10488_net_115_11153_net_84_11226_net_172_10626_net_89_11634_net_76_10367	scgenerai_config
0.0408163265306122	4	98	35343	off_target	net_84_11226	1	0.2	net_59_10488_net_115_11153_net_84_11226_net_172_10626_net_89_11634_net_76_10367	scgenerai_config
0.0714285714285714	7	98	44179	off_target	net_84_11226	1	0.25	net_59_10488_net_115_11153_net_84_11226_net_172_10626_net_89_11634_net_76_10367	scgenerai_config
0.1530612244897959	15	98	88358	off_target	net_84_11226	1	0.5	net_59_10488_net_115_11153_net_84_11226_net_172_10626_net_89_11634_net_76_10367	scgenerai_config
0.2551020408163265	25	98	132536	off_target	net_84_11226	1	0.75	net_59_10488_net_115_11153_net_84_11226_net_172_10626_net_89_11634_net_76_10367	scgenerai_config
0.3571428571428571	35	98	176715	off_target	net_84_11226	1	1.0	net_59_10488_net_115_11153_net_84_11226_net_172_10626_net_89_11634_net_76_10367	scgenerai_config
0.0	0	239	177	off_target	net_172_10626	0	0.001	net_59_10488_net_115_11153_net_84_11226_net_172_10626_net_89_11634_net_76_10367	scgenerai_config
0.0	0	239	1767	off_target	net_172_10626	0	0.01	net_59_10488_net_115_11153_net_84_11226_net_172_10626_net_89_11634_net_76_10367	scgenerai_config
0.0125523012552301	3	239	8836	off_target	net_172_10626	0	0.05	net_59_10488_net_115_11153_net_84_11226_net_172_10626_net_89_11634_net_76_10367	scgenerai_config
0.0334728033472803	8	239	17672	off_target	net_172_10626	0	0.1	net_59_10488_net_115_11153_net_84_11226_net_172_10626_net_89_11634_net_76_10367	scgenerai_config
0.0962343096234309	23	239	35343	off_target	net_172_10626	0	0.2	net_59_10488_net_115_11153_net_84_11226_net_172_10626_net_89_11634_net_76_10367	scgenerai_config
0.1213389121338912	29	239	44179	off_target	net_172_10626	0	0.25	net_59_10488_net_115_11153_net_84_11226_net_172_10626_net_89_11634_net_76_10367	scgenerai_config
0.2426778242677824	58	239	88358	off_target	net_172_10626	0	0.5	net_59_10488_net_115_11153_net_84_11226_net_172_10626_net_89_11634_net_76_10367	scgenerai_config
0.3765690376569037	90	239	132536	off_target	net_172_10626	0	0.75	net_59_10488_net_115_11153_net_84_11226_net_172_10626_net_89_11634_net_76_10367	scgenerai_config
0.5690376569037657	136	239	176715	off_target	net_172_10626	0	1.0	net_59_10488_net_115_11153_net_84_11226_net_172_10626_net_89_11634_net_76_10367	scgenerai_config
0.0	0	239	177	off_target	net_172_10626	1	0.001	net_59_10488_net_115_11153_net_84_11226_net_172_10626_net_89_11634_net_76_10367	scgenerai_config
0.0	0	239	1767	off_target	net_172_10626	1	0.01	net_59_10488_net_115_11153_net_84_11226_net_172_10626_net_89_11634_net_76_10367	scgenerai_config
0.0292887029288702	7	239	8836	off_target	net_172_10626	1	0.05	net_59_10488_net_115_11153_net_84_11226_net_172_10626_net_89_11634_net_76_10367	scgenerai_config
0.0543933054393305	13	239	17672	off_target	net_172_10626	1	0.1	net_59_10488_net_115_11153_net_84_11226_net_172_10626_net_89_11634_net_76_10367	scgenerai_config
0.1255230125523012	30	239	35343	off_target	net_172_10626	1	0.2	net_59_10488_net_115_11153_net_84_11226_net_172_10626_net_89_11634_net_76_10367	scgenerai_config
0.1422594142259414	34	239	44179	off_target	net_172_10626	1	0.25	net_59_10488_net_115_11153_net_84_11226_net_172_10626_net_89_11634_net_76_10367	scgenerai_config
0.3138075313807531	75	239	88358	off_target	net_172_10626	1	0.5	net_59_10488_net_115_11153_net_84_11226_net_172_10626_net_89_11634_net_76_10367	scgenerai_config
0.4351464435146444	104	239	132536	off_target	net_172_10626	1	0.75	net_59_10488_net_115_11153_net_84_11226_net_172_10626_net_89_11634_net_76_10367	scgenerai_config
0.5690376569037657	136	239	176715	off_target	net_172_10626	1	1.0	net_59_10488_net_115_11153_net_84_11226_net_172_10626_net_89_11634_net_76_10367	scgenerai_config
0.0	0	98	177	off_target	net_89_11634	0	0.001	net_59_10488_net_115_11153_net_84_11226_net_172_10626_net_89_11634_net_76_10367	scgenerai_config
0.0	0	98	1767	off_target	net_89_11634	0	0.01	net_59_10488_net_115_11153_net_84_11226_net_172_10626_net_89_11634_net_76_10367	scgenerai_config
0.0204081632653061	2	98	8836	off_target	net_89_11634	0	0.05	net_59_10488_net_115_11153_net_84_11226_net_172_10626_net_89_11634_net_76_10367	scgenerai_config
0.0408163265306122	4	98	17672	off_target	net_89_11634	0	0.1	net_59_10488_net_115_11153_net_84_11226_net_172_10626_net_89_11634_net_76_10367	scgenerai_config
0.0918367346938775	9	98	35343	off_target	net_89_11634	0	0.2	net_59_10488_net_115_11153_net_84_11226_net_172_10626_net_89_11634_net_76_10367	scgenerai_config
0.1428571428571428	14	98	44179	off_target	net_89_11634	0	0.25	net_59_10488_net_115_11153_net_84_11226_net_172_10626_net_89_11634_net_76_10367	scgenerai_config
0.2551020408163265	25	98	88358	off_target	net_89_11634	0	0.5	net_59_10488_net_115_11153_net_84_11226_net_172_10626_net_89_11634_net_76_10367	scgenerai_config
0.2959183673469387	29	98	132536	off_target	net_89_11634	0	0.75	net_59_10488_net_115_11153_net_84_11226_net_172_10626_net_89_11634_net_76_10367	scgenerai_config
0.4081632653061224	40	98	176715	off_target	net_89_11634	0	1.0	net_59_10488_net_115_11153_net_84_11226_net_172_10626_net_89_11634_net_76_10367	scgenerai_config
0.0	0	98	177	off_target	net_89_11634	1	0.001	net_59_10488_net_115_11153_net_84_11226_net_172_10626_net_89_11634_net_76_10367	scgenerai_config
0.010204081632653	1	98	1767	off_target	net_89_11634	1	0.01	net_59_10488_net_115_11153_net_84_11226_net_172_10626_net_89_11634_net_76_10367	scgenerai_config
0.0204081632653061	2	98	8836	off_target	net_89_11634	1	0.05	net_59_10488_net_115_11153_net_84_11226_net_172_10626_net_89_11634_net_76_10367	scgenerai_config
0.0306122448979591	3	98	17672	off_target	net_89_11634	1	0.1	net_59_10488_net_115_11153_net_84_11226_net_172_10626_net_89_11634_net_76_10367	scgenerai_config
0.0816326530612244	8	98	35343	off_target	net_89_11634	1	0.2	net_59_10488_net_115_11153_net_84_11226_net_172_10626_net_89_11634_net_76_10367	scgenerai_config
0.1122448979591836	11	98	44179	off_target	net_89_11634	1	0.25	net_59_10488_net_115_11153_net_84_11226_net_172_10626_net_89_11634_net_76_10367	scgenerai_config
0.2142857142857142	21	98	88358	off_target	net_89_11634	1	0.5	net_59_10488_net_115_11153_net_84_11226_net_172_10626_net_89_11634_net_76_10367	scgenerai_config
0.3265306122448979	32	98	132536	off_target	net_89_11634	1	0.75	net_59_10488_net_115_11153_net_84_11226_net_172_10626_net_89_11634_net_76_10367	scgenerai_config
0.4081632653061224	40	98	176715	off_target	net_89_11634	1	1.0	net_59_10488_net_115_11153_net_84_11226_net_172_10626_net_89_11634_net_76_10367	scgenerai_config
0.0	0	104	122	on_target	net_60_10082	0	0.001	net_60_10082_net_64_11307_net_84_11226_net_133_10773_net_82_10152_net_72_10551	scgenerai_config
0.0	0	104	1223	on_target	net_60_10082	0	0.01	net_60_10082_net_64_11307_net_84_11226_net_133_10773_net_82_10152_net_72_10551	scgenerai_config
0.0	0	104	6113	on_target	net_60_10082	0	0.05	net_60_10082_net_64_11307_net_84_11226_net_133_10773_net_82_10152_net_72_10551	scgenerai_config
0.0096153846153846	1	104	12226	on_target	net_60_10082	0	0.1	net_60_10082_net_64_11307_net_84_11226_net_133_10773_net_82_10152_net_72_10551	scgenerai_config
0.0192307692307692	2	104	24453	on_target	net_60_10082	0	0.2	net_60_10082_net_64_11307_net_84_11226_net_133_10773_net_82_10152_net_72_10551	scgenerai_config
0.0384615384615384	4	104	30566	on_target	net_60_10082	0	0.25	net_60_10082_net_64_11307_net_84_11226_net_133_10773_net_82_10152_net_72_10551	scgenerai_config
0.0769230769230769	8	104	61132	on_target	net_60_10082	0	0.5	net_60_10082_net_64_11307_net_84_11226_net_133_10773_net_82_10152_net_72_10551	scgenerai_config
0.1153846153846153	12	104	91699	on_target	net_60_10082	0	0.75	net_60_10082_net_64_11307_net_84_11226_net_133_10773_net_82_10152_net_72_10551	scgenerai_config
0.1346153846153846	14	104	122265	on_target	net_60_10082	0	1.0	net_60_10082_net_64_11307_net_84_11226_net_133_10773_net_82_10152_net_72_10551	scgenerai_config
0.0	0	104	122	off_target	net_60_10082	1	0.001	net_60_10082_net_64_11307_net_84_11226_net_133_10773_net_82_10152_net_72_10551	scgenerai_config
0.0	0	104	1223	off_target	net_60_10082	1	0.01	net_60_10082_net_64_11307_net_84_11226_net_133_10773_net_82_10152_net_72_10551	scgenerai_config
0.0288461538461538	3	104	6113	off_target	net_60_10082	1	0.05	net_60_10082_net_64_11307_net_84_11226_net_133_10773_net_82_10152_net_72_10551	scgenerai_config
0.0288461538461538	3	104	12226	off_target	net_60_10082	1	0.1	net_60_10082_net_64_11307_net_84_11226_net_133_10773_net_82_10152_net_72_10551	scgenerai_config
0.048076923076923	5	104	24453	off_target	net_60_10082	1	0.2	net_60_10082_net_64_11307_net_84_11226_net_133_10773_net_82_10152_net_72_10551	scgenerai_config
0.048076923076923	5	104	30566	off_target	net_60_10082	1	0.25	net_60_10082_net_64_11307_net_84_11226_net_133_10773_net_82_10152_net_72_10551	scgenerai_config
0.0769230769230769	8	104	61132	off_target	net_60_10082	1	0.5	net_60_10082_net_64_11307_net_84_11226_net_133_10773_net_82_10152_net_72_10551	scgenerai_config
0.1057692307692307	11	104	91699	off_target	net_60_10082	1	0.75	net_60_10082_net_64_11307_net_84_11226_net_133_10773_net_82_10152_net_72_10551	scgenerai_config
0.1346153846153846	14	104	122265	off_target	net_60_10082	1	1.0	net_60_10082_net_64_11307_net_84_11226_net_133_10773_net_82_10152_net_72_10551	scgenerai_config
0.0	0	71	122	off_target	net_64_11307	0	0.001	net_60_10082_net_64_11307_net_84_11226_net_133_10773_net_82_10152_net_72_10551	scgenerai_config
0.0	0	71	1223	off_target	net_64_11307	0	0.01	net_60_10082_net_64_11307_net_84_11226_net_133_10773_net_82_10152_net_72_10551	scgenerai_config
0.028169014084507	2	71	6113	off_target	net_64_11307	0	0.05	net_60_10082_net_64_11307_net_84_11226_net_133_10773_net_82_10152_net_72_10551	scgenerai_config
0.0704225352112676	5	71	12226	off_target	net_64_11307	0	0.1	net_60_10082_net_64_11307_net_84_11226_net_133_10773_net_82_10152_net_72_10551	scgenerai_config
0.0985915492957746	7	71	24453	off_target	net_64_11307	0	0.2	net_60_10082_net_64_11307_net_84_11226_net_133_10773_net_82_10152_net_72_10551	scgenerai_config
0.1126760563380281	8	71	30566	off_target	net_64_11307	0	0.25	net_60_10082_net_64_11307_net_84_11226_net_133_10773_net_82_10152_net_72_10551	scgenerai_config
0.1408450704225352	10	71	61132	off_target	net_64_11307	0	0.5	net_60_10082_net_64_11307_net_84_11226_net_133_10773_net_82_10152_net_72_10551	scgenerai_config
0.2253521126760563	16	71	91699	off_target	net_64_11307	0	0.75	net_60_10082_net_64_11307_net_84_11226_net_133_10773_net_82_10152_net_72_10551	scgenerai_config
0.2535211267605634	18	71	122265	off_target	net_64_11307	0	1.0	net_60_10082_net_64_11307_net_84_11226_net_133_10773_net_82_10152_net_72_10551	scgenerai_config
0.0	0	71	122	on_target	net_64_11307	1	0.001	net_60_10082_net_64_11307_net_84_11226_net_133_10773_net_82_10152_net_72_10551	scgenerai_config
0.0	0	71	1223	on_target	net_64_11307	1	0.01	net_60_10082_net_64_11307_net_84_11226_net_133_10773_net_82_10152_net_72_10551	scgenerai_config
0.0	0	71	6113	on_target	net_64_11307	1	0.05	net_60_10082_net_64_11307_net_84_11226_net_133_10773_net_82_10152_net_72_10551	scgenerai_config
0.0140845070422535	1	71	12226	on_target	net_64_11307	1	0.1	net_60_10082_net_64_11307_net_84_11226_net_133_10773_net_82_10152_net_72_10551	scgenerai_config
0.0845070422535211	6	71	24453	on_target	net_64_11307	1	0.2	net_60_10082_net_64_11307_net_84_11226_net_133_10773_net_82_10152_net_72_10551	scgenerai_config
0.1267605633802817	9	71	30566	on_target	net_64_11307	1	0.25	net_60_10082_net_64_11307_net_84_11226_net_133_10773_net_82_10152_net_72_10551	scgenerai_config
0.1690140845070422	12	71	61132	on_target	net_64_11307	1	0.5	net_60_10082_net_64_11307_net_84_11226_net_133_10773_net_82_10152_net_72_10551	scgenerai_config
0.1830985915492957	13	71	91699	on_target	net_64_11307	1	0.75	net_60_10082_net_64_11307_net_84_11226_net_133_10773_net_82_10152_net_72_10551	scgenerai_config
0.2535211267605634	18	71	122265	on_target	net_64_11307	1	1.0	net_60_10082_net_64_11307_net_84_11226_net_133_10773_net_82_10152_net_72_10551	scgenerai_config
0.0	0	98	122	off_target	net_84_11226	0	0.001	net_60_10082_net_64_11307_net_84_11226_net_133_10773_net_82_10152_net_72_10551	scgenerai_config
0.0	0	98	1223	off_target	net_84_11226	0	0.01	net_60_10082_net_64_11307_net_84_11226_net_133_10773_net_82_10152_net_72_10551	scgenerai_config
0.0204081632653061	2	98	6113	off_target	net_84_11226	0	0.05	net_60_10082_net_64_11307_net_84_11226_net_133_10773_net_82_10152_net_72_10551	scgenerai_config
0.0612244897959183	6	98	12226	off_target	net_84_11226	0	0.1	net_60_10082_net_64_11307_net_84_11226_net_133_10773_net_82_10152_net_72_10551	scgenerai_config
0.0918367346938775	9	98	24453	off_target	net_84_11226	0	0.2	net_60_10082_net_64_11307_net_84_11226_net_133_10773_net_82_10152_net_72_10551	scgenerai_config
0.1020408163265306	10	98	30566	off_target	net_84_11226	0	0.25	net_60_10082_net_64_11307_net_84_11226_net_133_10773_net_82_10152_net_72_10551	scgenerai_config
0.2040816326530612	20	98	61132	off_target	net_84_11226	0	0.5	net_60_10082_net_64_11307_net_84_11226_net_133_10773_net_82_10152_net_72_10551	scgenerai_config
0.2857142857142857	28	98	91699	off_target	net_84_11226	0	0.75	net_60_10082_net_64_11307_net_84_11226_net_133_10773_net_82_10152_net_72_10551	scgenerai_config
0.3571428571428571	35	98	122265	off_target	net_84_11226	0	1.0	net_60_10082_net_64_11307_net_84_11226_net_133_10773_net_82_10152_net_72_10551	scgenerai_config
0.0	0	98	122	off_target	net_84_11226	1	0.001	net_60_10082_net_64_11307_net_84_11226_net_133_10773_net_82_10152_net_72_10551	scgenerai_config
0.0	0	98	1223	off_target	net_84_11226	1	0.01	net_60_10082_net_64_11307_net_84_11226_net_133_10773_net_82_10152_net_72_10551	scgenerai_config
0.0306122448979591	3	98	6113	off_target	net_84_11226	1	0.05	net_60_10082_net_64_11307_net_84_11226_net_133_10773_net_82_10152_net_72_10551	scgenerai_config
0.0510204081632653	5	98	12226	off_target	net_84_11226	1	0.1	net_60_10082_net_64_11307_net_84_11226_net_133_10773_net_82_10152_net_72_10551	scgenerai_config
0.0816326530612244	8	98	24453	off_target	net_84_11226	1	0.2	net_60_10082_net_64_11307_net_84_11226_net_133_10773_net_82_10152_net_72_10551	scgenerai_config
0.0918367346938775	9	98	30566	off_target	net_84_11226	1	0.25	net_60_10082_net_64_11307_net_84_11226_net_133_10773_net_82_10152_net_72_10551	scgenerai_config
0.1938775510204081	19	98	61132	off_target	net_84_11226	1	0.5	net_60_10082_net_64_11307_net_84_11226_net_133_10773_net_82_10152_net_72_10551	scgenerai_config
0.2755102040816326	27	98	91699	off_target	net_84_11226	1	0.75	net_60_10082_net_64_11307_net_84_11226_net_133_10773_net_82_10152_net_72_10551	scgenerai_config
0.3571428571428571	35	98	122265	off_target	net_84_11226	1	1.0	net_60_10082_net_64_11307_net_84_11226_net_133_10773_net_82_10152_net_72_10551	scgenerai_config
0.0	0	201	122	off_target	net_133_10773	0	0.001	net_60_10082_net_64_11307_net_84_11226_net_133_10773_net_82_10152_net_72_10551	scgenerai_config
0.0049751243781094	1	201	1223	off_target	net_133_10773	0	0.01	net_60_10082_net_64_11307_net_84_11226_net_133_10773_net_82_10152_net_72_10551	scgenerai_config
0.0199004975124378	4	201	6113	off_target	net_133_10773	0	0.05	net_60_10082_net_64_11307_net_84_11226_net_133_10773_net_82_10152_net_72_10551	scgenerai_config
0.0696517412935323	14	201	12226	off_target	net_133_10773	0	0.1	net_60_10082_net_64_11307_net_84_11226_net_133_10773_net_82_10152_net_72_10551	scgenerai_config
0.0945273631840796	19	201	24453	off_target	net_133_10773	0	0.2	net_60_10082_net_64_11307_net_84_11226_net_133_10773_net_82_10152_net_72_10551	scgenerai_config
0.1094527363184079	22	201	30566	off_target	net_133_10773	0	0.25	net_60_10082_net_64_11307_net_84_11226_net_133_10773_net_82_10152_net_72_10551	scgenerai_config
0.1840796019900497	37	201	61132	off_target	net_133_10773	0	0.5	net_60_10082_net_64_11307_net_84_11226_net_133_10773_net_82_10152_net_72_10551	scgenerai_config
0.3283582089552239	66	201	91699	off_target	net_133_10773	0	0.75	net_60_10082_net_64_11307_net_84_11226_net_133_10773_net_82_10152_net_72_10551	scgenerai_config
0.4477611940298507	90	201	122265	off_target	net_133_10773	0	1.0	net_60_10082_net_64_11307_net_84_11226_net_133_10773_net_82_10152_net_72_10551	scgenerai_config
0.0	0	201	122	off_target	net_133_10773	1	0.001	net_60_10082_net_64_11307_net_84_11226_net_133_10773_net_82_10152_net_72_10551	scgenerai_config
0.0049751243781094	1	201	1223	off_target	net_133_10773	1	0.01	net_60_10082_net_64_11307_net_84_11226_net_133_10773_net_82_10152_net_72_10551	scgenerai_config
0.0149253731343283	3	201	6113	off_target	net_133_10773	1	0.05	net_60_10082_net_64_11307_net_84_11226_net_133_10773_net_82_10152_net_72_10551	scgenerai_config
0.0199004975124378	4	201	12226	off_target	net_133_10773	1	0.1	net_60_10082_net_64_11307_net_84_11226_net_133_10773_net_82_10152_net_72_10551	scgenerai_config
0.0696517412935323	14	201	24453	off_target	net_133_10773	1	0.2	net_60_10082_net_64_11307_net_84_11226_net_133_10773_net_82_10152_net_72_10551	scgenerai_config
0.0895522388059701	18	201	30566	off_target	net_133_10773	1	0.25	net_60_10082_net_64_11307_net_84_11226_net_133_10773_net_82_10152_net_72_10551	scgenerai_config
0.1940298507462686	39	201	61132	off_target	net_133_10773	1	0.5	net_60_10082_net_64_11307_net_84_11226_net_133_10773_net_82_10152_net_72_10551	scgenerai_config
0.308457711442786	62	201	91699	off_target	net_133_10773	1	0.75	net_60_10082_net_64_11307_net_84_11226_net_133_10773_net_82_10152_net_72_10551	scgenerai_config
0.4477611940298507	90	201	122265	off_target	net_133_10773	1	1.0	net_60_10082_net_64_11307_net_84_11226_net_133_10773_net_82_10152_net_72_10551	scgenerai_config
0.0	0	164	122	off_target	net_82_10152	0	0.001	net_60_10082_net_64_11307_net_84_11226_net_133_10773_net_82_10152_net_72_10551	scgenerai_config
0.0	0	164	1223	off_target	net_82_10152	0	0.01	net_60_10082_net_64_11307_net_84_11226_net_133_10773_net_82_10152_net_72_10551	scgenerai_config
0.0304878048780487	5	164	6113	off_target	net_82_10152	0	0.05	net_60_10082_net_64_11307_net_84_11226_net_133_10773_net_82_10152_net_72_10551	scgenerai_config
0.073170731707317	12	164	12226	off_target	net_82_10152	0	0.1	net_60_10082_net_64_11307_net_84_11226_net_133_10773_net_82_10152_net_72_10551	scgenerai_config
0.1219512195121951	20	164	24453	off_target	net_82_10152	0	0.2	net_60_10082_net_64_11307_net_84_11226_net_133_10773_net_82_10152_net_72_10551	scgenerai_config
0.1646341463414634	27	164	30566	off_target	net_82_10152	0	0.25	net_60_10082_net_64_11307_net_84_11226_net_133_10773_net_82_10152_net_72_10551	scgenerai_config
0.3536585365853658	58	164	61132	off_target	net_82_10152	0	0.5	net_60_10082_net_64_11307_net_84_11226_net_133_10773_net_82_10152_net_72_10551	scgenerai_config
0.5121951219512195	84	164	91699	off_target	net_82_10152	0	0.75	net_60_10082_net_64_11307_net_84_11226_net_133_10773_net_82_10152_net_72_10551	scgenerai_config
0.7378048780487805	121	164	122265	off_target	net_82_10152	0	1.0	net_60_10082_net_64_11307_net_84_11226_net_133_10773_net_82_10152_net_72_10551	scgenerai_config
0.0060975609756097	1	164	122	off_target	net_82_10152	1	0.001	net_60_10082_net_64_11307_net_84_11226_net_133_10773_net_82_10152_net_72_10551	scgenerai_config
0.0060975609756097	1	164	1223	off_target	net_82_10152	1	0.01	net_60_10082_net_64_11307_net_84_11226_net_133_10773_net_82_10152_net_72_10551	scgenerai_config
0.0426829268292682	7	164	6113	off_target	net_82_10152	1	0.05	net_60_10082_net_64_11307_net_84_11226_net_133_10773_net_82_10152_net_72_10551	scgenerai_config
0.0670731707317073	11	164	12226	off_target	net_82_10152	1	0.1	net_60_10082_net_64_11307_net_84_11226_net_133_10773_net_82_10152_net_72_10551	scgenerai_config
0.1097560975609756	18	164	24453	off_target	net_82_10152	1	0.2	net_60_10082_net_64_11307_net_84_11226_net_133_10773_net_82_10152_net_72_10551	scgenerai_config
0.1707317073170731	28	164	30566	off_target	net_82_10152	1	0.25	net_60_10082_net_64_11307_net_84_11226_net_133_10773_net_82_10152_net_72_10551	scgenerai_config
0.3414634146341463	56	164	61132	off_target	net_82_10152	1	0.5	net_60_10082_net_64_11307_net_84_11226_net_133_10773_net_82_10152_net_72_10551	scgenerai_config
0.4878048780487805	80	164	91699	off_target	net_82_10152	1	0.75	net_60_10082_net_64_11307_net_84_11226_net_133_10773_net_82_10152_net_72_10551	scgenerai_config
0.7378048780487805	121	164	122265	off_target	net_82_10152	1	1.0	net_60_10082_net_64_11307_net_84_11226_net_133_10773_net_82_10152_net_72_10551	scgenerai_config
