	time_elapsed_total	time_elapsed	net	config	root_config	method	runtime_minutes	n_clusters
0	19.790436726994812	19.61011910997331	net_53_11196_net_70_11431_net_84_9903	config_easy	config	grnboost2	0.3268353184995552	2
1	18.52371234598104	18.360149648971856	net_59_10488_net_115_11153_net_84_11226	config_easy	config	grnboost2	0.3060024941495309	2
2	19.04059760493692	18.81046841398347	net_172_10626_net_89_11634_net_76_10367	config_easy	config	grnboost2	0.3135078068997245	2
3	18.52861411496997	18.322237626998685	net_60_10082_net_64_11307_net_84_11226	config_easy	config	grnboost2	0.30537062711664476	2
4	23.425825666985475	23.233950521913357	net_133_10773_net_82_10152_net_72_10551	config_easy	config	grnboost2	0.38723250869855597	2
5	20.508126250002533	20.313063793000765	net_98_11932_net_51_10906_net_60_10082	config_easy	config	grnboost2	0.33855106321667944	2
6	19.12148191104643	18.978058738983236	net_90_11013_net_75_10306_net_77_11506	config_easy	config	grnboost2	0.3163009789830539	2
7	21.556557975010946	21.323956083040684	net_84_10865_net_88_10937_net_90_11013	config_easy	config	grnboost2	0.35539926805067806	2
8	33.2264423170127	32.94956421095412	net_60_10703_net_141_11706_net_81_10586	config_easy	config	grnboost2	0.5491594035159021	2
9	19.006170307984576	18.86471641296521	net_53_11196_net_70_11431_net_84_9903	config_noise	config	grnboost2	0.3144119402160868	2
10	26.763081531971693	26.597217291011475	net_59_10488_net_115_11153_net_84_11226	config_noise	config	grnboost2	0.44328695485019126	2
11	19.94389516499359	19.724140941048972	net_172_10626_net_89_11634_net_76_10367	config_noise	config	grnboost2	0.3287356823508162	2
12	20.365935403038748	20.223531788913533	net_60_10082_net_64_11307_net_84_11226	config_noise	config	grnboost2	0.3370588631485589	2
13	22.650757930008695	22.36724240204785	net_133_10773_net_82_10152_net_72_10551	config_noise	config	grnboost2	0.37278737336746415	2
14	19.64561742101796	19.478394760051742	net_98_11932_net_51_10906_net_60_10082	config_noise	config	grnboost2	0.32463991266752906	2
15	19.164498779922724	19.000737664056942	net_90_11013_net_75_10306_net_77_11506	config_noise	config	grnboost2	0.31667896106761567	2
16	23.91145397198852	23.67923497792799	net_84_10865_net_88_10937_net_90_11013	config_noise	config	grnboost2	0.3946539162987998	2
17	31.818663520971313	31.484778951038606	net_60_10703_net_141_11706_net_81_10586	config_noise	config	grnboost2	0.5247463158506435	2
18	41.36173390503973	41.009854753967375	net_70_11431_net_60_10082_net_135_11054_net_53_11196	config_three	config	grnboost2	0.6834975792327895	3
19	31.431976241990924	31.105000431998633	net_70_11431_net_84_9903_net_59_10488_net_115_11153	config_three	config	grnboost2	0.5184166738666439	3
20	37.60411705693696	37.199647283996455	net_84_11226_net_172_10626_net_89_11634_net_76_10367	config_three	config	grnboost2	0.6199941213999409	3
21	28.82319926796481	28.52361639996525	net_60_10082_net_64_11307_net_84_11226_net_133_10773	config_three	config	grnboost2	0.4753936066660875	3
22	32.094944779062644	31.797682245029137	net_82_10152_net_72_10551_net_98_11932_net_51_10906	config_three	config	grnboost2	0.5299613707504857	3
23	30.17647374700755	29.911651578964666	net_60_10082_net_90_11013_net_75_10306_net_77_11506	config_three	config	grnboost2	0.4985275263160778	3
24	29.959245354053564	29.657570312032476	net_84_10865_net_88_10937_net_90_11013_net_60_10703	config_three	config	grnboost2	0.4942928385338746	3
25	29.772127278032713	29.407936601899564	net_141_11706_net_81_10586_net_115_11153_net_57_10409	config_three	config	grnboost2	0.4901322766983261	3
26	30.033654440077953	29.75493498693686	net_141_11706_net_61_10737_net_70_11670_net_51_10906	config_three	config	grnboost2	0.49591558311561434	3
27	40.06282842007931	39.715681713074446	net_75_10306_net_115_11153_net_72_10551_net_113_11113	config_three	config	grnboost2	0.6619280285512408	3
28	30.54727196204476	30.123989733983763	net_70_11431_net_60_10082_net_135_11054_net_53_11196	config_three_noise	config	grnboost2	0.502066495566396	3
29	31.355682317982428	30.991467299987562	net_70_11431_net_84_9903_net_59_10488_net_115_11153	config_three_noise	config	grnboost2	0.5165244549997927	3
30	30.879113125032745	30.50528702500742	net_84_11226_net_172_10626_net_89_11634_net_76_10367	config_three_noise	config	grnboost2	0.5084214504167903	3
31	27.89035281201359	27.599156379001215	net_60_10082_net_64_11307_net_84_11226_net_133_10773	config_three_noise	config	grnboost2	0.45998593965002027	3
32	28.378952227998525	28.09426240401808	net_82_10152_net_72_10551_net_98_11932_net_51_10906	config_three_noise	config	grnboost2	0.4682377067336347	3
33	27.862938876030967	27.603431873954833	net_60_10082_net_90_11013_net_75_10306_net_77_11506	config_three_noise	config	grnboost2	0.4600571978992472	3
34	32.638951538014226	32.33706682198681	net_84_10865_net_88_10937_net_90_11013_net_60_10703	config_three_noise	config	grnboost2	0.5389511136997801	3
35	29.960162184899673	29.607923742965795	net_141_11706_net_81_10586_net_115_11153_net_57_10409	config_three_noise	config	grnboost2	0.4934653957160966	3
36	33.902814059052616	33.61665623798035	net_141_11706_net_61_10737_net_70_11670_net_51_10906	config_three_noise	config	grnboost2	0.5602776039663392	3
37	29.9492916460149	29.615247152978554	net_75_10306_net_115_11153_net_72_10551_net_113_11113	config_three_noise	config	grnboost2	0.4935874525496426	3
38	52.95441700599622	52.25887367199175	net_70_11431_net_60_10082_net_135_11054_net_53_11196_net_74_11972_net_84_9903	config_five	config	grnboost2	0.8709812278665292	5
39	69.71753741102293	68.82541590300389	net_59_10488_net_115_11153_net_84_11226_net_172_10626_net_89_11634_net_76_10367	config_five	config	grnboost2	1.1470902650500647	5
40	56.978571230894886	56.245974867022596	net_60_10082_net_64_11307_net_84_11226_net_133_10773_net_82_10152_net_72_10551	config_five	config	grnboost2	0.9374329144503766	5
41	57.922442040988244	57.23770614201203	net_98_11932_net_51_10906_net_60_10082_net_90_11013_net_75_10306_net_77_11506	config_five	config	grnboost2	0.9539617690335338	5
42	56.41975066298619	55.60744900198188	net_84_10865_net_88_10937_net_90_11013_net_60_10703_net_141_11706_net_81_10586	config_five	config	grnboost2	0.926790816699698	5
43	53.86261840199586	53.114836771041155	net_115_11153_net_57_10409_net_141_11706_net_61_10737_net_70_11670_net_51_10906	config_five	config	grnboost2	0.8852472795173526	5
44	67.22559804900084	66.33077310107183	net_75_10306_net_115_11153_net_72_10551_net_113_11113_net_130_11537_net_88_10937	config_five	config	grnboost2	1.1055128850178637	5
45	54.96044410497416	54.19659368903376	net_60_10082_net_85_11467_net_84_9903_net_72_10551_net_75_10306_net_130_10439	config_five	config	grnboost2	0.903276561483896	5
46	57.54639097303152	56.73318047099747	net_61_10737_net_153_11335_net_51_10906_net_72_10551_net_133_10773_net_70_11670	config_five	config	grnboost2	0.9455530078499578	5
47	59.81072974798735	58.91045955894515	net_71_11397_net_113_11113_net_135_11054_net_53_11196_net_82_10152_net_89_11634	config_five	config	grnboost2	0.9818409926490859	5
48	251.8865707629593	246.6236694320105	net_70_11431_net_60_10082_net_135_11054_net_53_11196_net_74_11972_net_84_9903_net_59_10488_net_115_11153_net_84_11226_net_172_10626_net_76_10367	config_ten	config	grnboost2	4.110394490533508	10
49	220.52059972600546	217.90529158699792	net_60_10082_net_64_11307_net_84_11226_net_133_10773_net_82_10152_net_72_10551_net_51_10906_net_74_11972_net_90_11013_net_75_10306_net_77_11506	config_ten	config	grnboost2	3.6317548597832987	10
50	220.41354817606043	217.5719704090152	net_84_10865_net_88_10937_net_90_11013_net_60_10703_net_141_11706_net_81_10586_net_115_11153_net_57_10409_net_61_10737_net_51_10906_net_75_10306	config_ten	config	grnboost2	3.6261995068169197	10
51	192.35760251502506	189.11951157695148	net_115_11153_net_72_10551_net_113_11113_net_130_11537_net_88_10937_net_60_10082_net_85_11467_net_84_9903_net_98_11932_net_75_10306_net_130_10439	config_ten	config	grnboost2	3.151991859615858	10
52	172.396179653937	169.22611203999259	net_61_10737_net_153_11335_net_51_10906_net_72_10551_net_133_10773_net_70_11670_net_71_11397_net_113_11113_net_135_11054_net_53_11196_net_82_10152	config_ten	config	grnboost2	2.820435200666543	10
53	239.34131520497613	236.2464650750626	net_89_11634_net_85_11467_net_133_10773_net_99_11264_net_76_10367_net_73_10520_net_90_11013_net_72_10551_net_60_10082_net_105_11589_net_84_11226	config_ten	config	grnboost2	3.9374410845843766	10
54	210.5129665120039	207.62254022003617	net_61_10737_net_77_11506_net_70_11670_net_82_10152_net_153_11335_net_136_10192_net_56_10341_net_88_10937_net_70_11431_net_51_10906_net_98_11932	config_ten	config	grnboost2	3.4603756703339363	10
55	186.07644951692782	182.80091708200052	net_56_10341_net_79_10271_net_69_10244_net_113_11113_net_76_10367_net_130_10439_net_84_10865_net_135_11054_net_90_11013_net_136_11800_net_72_10551	config_ten	config	grnboost2	3.046681951366675	10
56	187.37729243701324	184.158747168025	net_141_11706_net_172_10626_net_56_10341_net_130_11537_net_64_11307_net_57_10409_net_79_10271_net_98_11932_net_115_11153_net_61_10737_net_76_10367	config_ten	config	grnboost2	3.0693124528004168	10
57	191.34930095693562	187.87584566802252	net_70_11670_net_89_11634_net_57_10409_net_177_11855_net_53_11196_net_84_10865_net_133_10773_net_135_11054_net_73_10520_net_84_9903_net_153_11335	config_ten	config	grnboost2	3.131264094467042	10
58	12.991413031937554	12.92293831706047	net_70_11431_net_60_10082_net_135_11054	config_easy	config_2	grnboost2	0.21538230528434119	2
59	11.107622066978365	11.054726924048737	net_53_11196_net_70_11431_net_84_9903	config_easy	config_2	grnboost2	0.1842454487341456	2
60	14.268817539094016	14.210020141210407	net_59_10488_net_115_11153_net_84_11226	config_easy	config_2	grnboost2	0.23683366902017344	2
61	14.902321009198204	14.813272685045376	net_172_10626_net_89_11634_net_76_10367	config_easy	config_2	grnboost2	0.2468878780840896	2
62	12.48555756197311	12.447482401970774	net_60_10082_net_64_11307_net_84_11226	config_easy	config_2	grnboost2	0.20745804003284624	2
63	14.691437636967748	14.604985726065934	net_133_10773_net_82_10152_net_72_10551	config_easy	config_2	grnboost2	0.24341642876776556	2
64	11.774990523001179	11.72698311577551	net_98_11932_net_51_10906_net_60_10082	config_easy	config_2	grnboost2	0.1954497185962585	2
65	13.378393864026293	13.318282475927845	net_90_11013_net_75_10306_net_77_11506	config_easy	config_2	grnboost2	0.2219713745987974	2
66	12.789657850982621	12.715338673908263	net_84_10865_net_88_10937_net_90_11013	config_easy	config_2	grnboost2	0.21192231123180438	2
67	14.15768575691618	14.080568830017	net_60_10703_net_141_11706_net_81_10586	config_easy	config_2	grnboost2	0.23467614716695	2
68	13.160330554936081	13.089513204991817	net_70_11431_net_60_10082_net_135_11054	config_noise	config_2	grnboost2	0.2181585534165303	2
69	15.105093349935487	15.050415714969859	net_53_11196_net_70_11431_net_84_9903	config_noise	config_2	grnboost2	0.2508402619161643	2
70	13.838381770066917	13.778614219045267	net_59_10488_net_115_11153_net_84_11226	config_noise	config_2	grnboost2	0.2296435703174211	2
71	14.633025615941733	14.545239745173603	net_172_10626_net_89_11634_net_76_10367	config_noise	config_2	grnboost2	0.24242066241956006	2
72	12.245483650127426	12.20862412918359	net_60_10082_net_64_11307_net_84_11226	config_noise	config_2	grnboost2	0.20347706881972652	2
73	13.565036954823881	13.478574850829318	net_133_10773_net_82_10152_net_72_10551	config_noise	config_2	grnboost2	0.22464291418048862	2
74	11.645168158924207	11.59882466797717	net_98_11932_net_51_10906_net_60_10082	config_noise	config_2	grnboost2	0.19331374446628616	2
75	12.29475959111005	12.23911782191135	net_90_11013_net_75_10306_net_77_11506	config_noise	config_2	grnboost2	0.20398529703185583	2
76	12.6786371730268	12.60141709097661	net_84_10865_net_88_10937_net_90_11013	config_noise	config_2	grnboost2	0.21002361818294352	2
77	13.20921590202488	13.133973052026704	net_60_10703_net_141_11706_net_81_10586	config_noise	config_2	grnboost2	0.21889955086711174	2
78	20.38790642283857	20.27866957592778	net_70_11431_net_60_10082_net_135_11054_net_53_11196	config_three	config_2	grnboost2	0.33797782626546297	3
79	20.406140696024522	20.302817616146058	net_70_11431_net_84_9903_net_59_10488_net_115_11153	config_three	config_2	grnboost2	0.3383802936024343	3
80	23.934877529973164	23.78752988600172	net_84_11226_net_172_10626_net_89_11634_net_76_10367	config_three	config_2	grnboost2	0.396458831433362	3
81	21.124711497919634	21.01015423098579	net_60_10082_net_64_11307_net_84_11226_net_133_10773	config_three	config_2	grnboost2	0.3501692371830965	3
82	19.342200288083404	19.226621881127357	net_82_10152_net_72_10551_net_98_11932_net_51_10906	config_three	config_2	grnboost2	0.3204436980187893	3
83	19.29759878013283	19.208346602041274	net_60_10082_net_90_11013_net_75_10306_net_77_11506	config_three	config_2	grnboost2	0.32013911003402123	3
84	21.052997041027993	20.93061095988378	net_84_10865_net_88_10937_net_90_11013_net_60_10703	config_three	config_2	grnboost2	0.348843515998063	3
85	21.800827756058425	21.67890802398324	net_141_11706_net_81_10586_net_115_11153_net_57_10409	config_three	config_2	grnboost2	0.361315133733054	3
86	20.158484796993434	20.04571928991936	net_141_11706_net_61_10737_net_70_11670_net_51_10906	config_three	config_2	grnboost2	0.334095321498656	3
87	21.054968955926597	20.94572491804138	net_75_10306_net_115_11153_net_72_10551_net_113_11113	config_three	config_2	grnboost2	0.34909541530068966	3
88	21.29979788698256	21.188283890020102	net_70_11431_net_60_10082_net_135_11054_net_53_11196	config_three_noise	config_2	grnboost2	0.3531380648336684	3
89	20.563500359887257	20.46016041887924	net_70_11431_net_84_9903_net_59_10488_net_115_11153	config_three_noise	config_2	grnboost2	0.34100267364798736	3
90	22.61673680692911	22.474459012039006	net_84_11226_net_172_10626_net_89_11634_net_76_10367	config_three_noise	config_2	grnboost2	0.37457431686731674	3
91	20.03738329303451	19.922606409993023	net_60_10082_net_64_11307_net_84_11226_net_133_10773	config_three_noise	config_2	grnboost2	0.33204344016655035	3
92	20.693112278124318	20.578070402843878	net_82_10152_net_72_10551_net_98_11932_net_51_10906	config_three_noise	config_2	grnboost2	0.34296784004739794	3
93	19.547367934836075	19.458280936116353	net_60_10082_net_90_11013_net_75_10306_net_77_11506	config_three_noise	config_2	grnboost2	0.32430468226860587	3
94	20.17973660584539	20.063735876930878	net_84_10865_net_88_10937_net_90_11013_net_60_10703	config_three_noise	config_2	grnboost2	0.33439559794884793	3
95	21.716118743875995	21.595930186798796	net_141_11706_net_81_10586_net_115_11153_net_57_10409	config_three_noise	config_2	grnboost2	0.35993216977997994	3
96	21.263941652840003	21.14434419106692	net_141_11706_net_61_10737_net_70_11670_net_51_10906	config_three_noise	config_2	grnboost2	0.352405736517782	3
97	21.54474034695886	21.44233492692001	net_75_10306_net_115_11153_net_72_10551_net_113_11113	config_three_noise	config_2	grnboost2	0.3573722487820002	3
98	40.71543506393209	40.47346812300384	net_70_11431_net_60_10082_net_135_11054_net_53_11196_net_74_11972_net_84_9903	config_five	config_2	grnboost2	0.674557802050064	5
99	45.88327145110816	45.54976530303247	net_59_10488_net_115_11153_net_84_11226_net_172_10626_net_89_11634_net_76_10367	config_five	config_2	grnboost2	0.7591627550505412	5
100	41.6742622051388	41.384782874025404	net_60_10082_net_64_11307_net_84_11226_net_133_10773_net_82_10152_net_72_10551	config_five	config_2	grnboost2	0.6897463812337568	5
101	37.9971913669724	37.76854518102482	net_98_11932_net_51_10906_net_60_10082_net_90_11013_net_75_10306_net_77_11506	config_five	config_2	grnboost2	0.6294757530170804	5
102	42.80055663897656	42.48222786700353	net_84_10865_net_88_10937_net_90_11013_net_60_10703_net_141_11706_net_81_10586	config_five	config_2	grnboost2	0.7080371311167255	5
103	41.95682547194883	41.6956023699604	net_115_11153_net_57_10409_net_141_11706_net_61_10737_net_70_11670_net_51_10906	config_five	config_2	grnboost2	0.6949267061660066	5
104	43.10075804893859	42.795752809150144	net_75_10306_net_115_11153_net_72_10551_net_113_11113_net_130_11537_net_88_10937	config_five	config_2	grnboost2	0.7132625468191691	5
105	40.543731169076636	40.2849492081441	net_60_10082_net_85_11467_net_84_9903_net_72_10551_net_75_10306_net_130_10439	config_five	config_2	grnboost2	0.671415820135735	5
106	42.42165800789371	42.09427821706049	net_61_10737_net_153_11335_net_51_10906_net_72_10551_net_133_10773_net_70_11670	config_five	config_2	grnboost2	0.7015713036176748	5
107	43.97318721096963	43.66552181611769	net_71_11397_net_113_11113_net_135_11054_net_53_11196_net_82_10152_net_89_11634	config_five	config_2	grnboost2	0.7277586969352948	5
108	129.83543358393945	128.57630372908898	net_70_11431_net_60_10082_net_135_11054_net_53_11196_net_74_11972_net_84_9903_net_59_10488_net_115_11153_net_84_11226_net_172_10626_net_76_10367	config_ten	config_2	grnboost2	2.1429383954848165	10
109	116.12845321907662	114.9213997060433	net_60_10082_net_64_11307_net_84_11226_net_133_10773_net_82_10152_net_72_10551_net_51_10906_net_74_11972_net_90_11013_net_75_10306_net_77_11506	config_ten	config_2	grnboost2	1.9153566617673883	10
110	120.85127123398706	119.63704403513111	net_84_10865_net_88_10937_net_90_11013_net_60_10703_net_141_11706_net_81_10586_net_115_11153_net_57_10409_net_61_10737_net_51_10906_net_75_10306	config_ten	config_2	grnboost2	1.9939507339188518	10
111	130.78566378704272	129.533126689028	net_115_11153_net_72_10551_net_113_11113_net_130_11537_net_88_10937_net_60_10082_net_85_11467_net_84_9903_net_98_11932_net_75_10306_net_130_10439	config_ten	config_2	grnboost2	2.158885444817133	10
112	130.7852367949672	129.3937412481755	net_61_10737_net_153_11335_net_51_10906_net_72_10551_net_133_10773_net_70_11670_net_71_11397_net_113_11113_net_135_11054_net_53_11196_net_82_10152	config_ten	config_2	grnboost2	2.156562354136258	10
113	126.38825560780242	125.13830532692373	net_89_11634_net_85_11467_net_133_10773_net_99_11264_net_76_10367_net_73_10520_net_90_11013_net_72_10551_net_60_10082_net_105_11589_net_84_11226	config_ten	config_2	grnboost2	2.0856384221153954	10
114	122.85921043809503	121.65685813198797	net_61_10737_net_77_11506_net_70_11670_net_82_10152_net_153_11335_net_136_10192_net_56_10341_net_88_10937_net_70_11431_net_51_10906_net_98_11932	config_ten	config_2	grnboost2	2.0276143021997997	10
115	131.73692056094296	130.38256049109623	net_56_10341_net_79_10271_net_69_10244_net_113_11113_net_76_10367_net_130_10439_net_84_10865_net_135_11054_net_90_11013_net_136_11800_net_72_10551	config_ten	config_2	grnboost2	2.1730426748516036	10
116	134.75608526915312	133.41089540813118	net_141_11706_net_172_10626_net_56_10341_net_130_11537_net_64_11307_net_57_10409_net_79_10271_net_98_11932_net_115_11153_net_61_10737_net_76_10367	config_ten	config_2	grnboost2	2.223514923468853	10
117	138.32141657406464	136.81777086295187	net_70_11670_net_89_11634_net_57_10409_net_177_11855_net_53_11196_net_84_10865_net_133_10773_net_135_11054_net_73_10520_net_84_9903_net_153_11335	config_ten	config_2	grnboost2	2.2802961810491977	10
118	135.08308962796582	130.07184042898007	net_70_11431_net_60_10082_net_135_11054	config_easy	config_1	netmap	2.1678640071496678	2
119	201.370459311991	198.29943437798647	net_53_11196_net_70_11431_net_84_9903	config_easy	config_1	netmap	3.304990572966441	2
120	149.79322676599259	144.9276126070181	net_59_10488_net_115_11153_net_84_11226	config_easy	config_1	netmap	2.415460210116968	2
121	173.10110113001429	164.76149836700642	net_172_10626_net_89_11634_net_76_10367	config_easy	config_1	netmap	2.7460249727834403	2
122	115.39712562499335	112.21986625599675	net_60_10082_net_64_11307_net_84_11226	config_easy	config_1	netmap	1.8703311042666124	2
123	203.57001555198804	197.5557714390452	net_133_10773_net_82_10152_net_72_10551	config_easy	config_1	netmap	3.2925961906507535	2
124	169.2671232969733	166.06377485999838	net_98_11932_net_51_10906_net_60_10082	config_easy	config_1	netmap	2.767729580999973	2
125	187.3375381240039	183.0513944689883	net_90_11013_net_75_10306_net_77_11506	config_easy	config_1	netmap	3.0508565744831384	2
126	187.60770621401025	182.5936998469988	net_84_10865_net_88_10937_net_90_11013	config_easy	config_1	netmap	3.0432283307833132	2
127	238.03524357400602	232.4289117080043	net_60_10703_net_141_11706_net_81_10586	config_easy	config_1	netmap	3.873815195133405	2
128	213.9546385970316	208.95324572303798	net_70_11431_net_60_10082_net_135_11054	config_noise	config_1	netmap	3.4825540953839664	2
129	192.97500076302094	189.90484122402268	net_53_11196_net_70_11431_net_84_9903	config_noise	config_1	netmap	3.1650806870670447	2
130	200.14413526596036	195.28501216496807	net_59_10488_net_115_11153_net_84_11226	config_noise	config_1	netmap	3.254750202749468	2
131	247.70899319904856	239.46994747995632	net_172_10626_net_89_11634_net_76_10367	config_noise	config_1	netmap	3.9911657913326053	2
132	151.6240654999856	148.45403031999012	net_60_10082_net_64_11307_net_84_11226	config_noise	config_1	netmap	2.474233838666502	2
133	194.32320977200288	188.317170661001	net_133_10773_net_82_10152_net_72_10551	config_noise	config_1	netmap	3.1386195110166835	2
134	245.7093320050044	242.51105677796295	net_98_11932_net_51_10906_net_60_10082	config_noise	config_1	netmap	4.041850946299382	2
135	168.17434103199048	163.8826247670222	net_90_11013_net_75_10306_net_77_11506	config_noise	config_1	netmap	2.73137707945037	2
136	185.9207753590308	180.9118576979963	net_84_10865_net_88_10937_net_90_11013	config_noise	config_1	netmap	3.0151976282999384	2
137	193.27278840902727	187.46922785800416	net_60_10703_net_141_11706_net_81_10586	config_noise	config_1	netmap	3.124487130966736	2
138	1419.6492097310256	1378.7316556250444	net_70_11431_net_60_10082_net_135_11054_net_53_11196_net_74_11972_net_84_9903	config_five	config_1	netmap	22.978860927084074	5
139	1749.718261137954	1684.7894778299378	net_59_10488_net_115_11153_net_84_11226_net_172_10626_net_89_11634_net_76_10367	config_five	config_1	netmap	28.079824630498965	5
140	1587.2564028999768	1542.296481168014	net_60_10082_net_64_11307_net_84_11226_net_133_10773_net_82_10152_net_72_10551	config_five	config_1	netmap	25.704941352800233	5
141	1480.290203223005	1442.9349535680376	net_98_11932_net_51_10906_net_60_10082_net_90_11013_net_75_10306_net_77_11506	config_five	config_1	netmap	24.048915892800625	5
142	1680.620835888083	1626.6801759569207	net_84_10865_net_88_10937_net_90_11013_net_60_10703_net_141_11706_net_81_10586	config_five	config_1	netmap	27.11133626594868	5
143	1596.4251667479984	1550.6507319509983	net_115_11153_net_57_10409_net_141_11706_net_61_10737_net_70_11670_net_51_10906	config_five	config_1	netmap	25.844178865849972	5
144	1979.7501270358916	1915.620835925918	net_75_10306_net_115_11153_net_72_10551_net_113_11113_net_130_11537_net_88_10937	config_five	config_1	netmap	31.927013932098635	5
145	1595.2987096791621	1549.0673924779985	net_60_10082_net_85_11467_net_84_9903_net_72_10551_net_75_10306_net_130_10439	config_five	config_1	netmap	25.81778987463331	5
146	1505.7674186669756	1452.042409087997	net_61_10737_net_153_11335_net_51_10906_net_72_10551_net_133_10773_net_70_11670	config_five	config_1	netmap	24.20070681813328	5
147	1824.2754332600161	1769.6467304069083	net_71_11397_net_113_11113_net_135_11054_net_53_11196_net_82_10152_net_89_11634	config_five	config_1	netmap	29.49411217344847	5
148	259.8835946409963	248.74060301698046	net_70_11431_net_60_10082_net_135_11054_net_53_11196	config_three	config_1	netmap	4.145676716949675	3
149	282.2994062270154	270.630659826973	net_70_11431_net_84_9903_net_59_10488_net_115_11153	config_three	config_1	netmap	4.510510997116216	3
150	385.2038587790448	366.3655140560004	net_84_11226_net_172_10626_net_89_11634_net_76_10367	config_three	config_1	netmap	6.10609190093334	3
151	322.6888436830486	310.08846777898725	net_60_10082_net_64_11307_net_84_11226_net_133_10773	config_three	config_1	netmap	5.168141129649787	3
152	282.77516804100014	272.8413791639614	net_82_10152_net_72_10551_net_98_11932_net_51_10906	config_three	config_1	netmap	4.5473563193993565	3
153	264.7176212419872	254.80199439101852	net_60_10082_net_90_11013_net_75_10306_net_77_11506	config_three	config_1	netmap	4.246699906516976	3
154	275.4356523579918	264.175471887982	net_84_10865_net_88_10937_net_90_11013_net_60_10703	config_three	config_1	netmap	4.4029245314663665	3
155	351.92656127602095	335.4134691840154	net_141_11706_net_81_10586_net_115_11153_net_57_10409	config_three	config_1	netmap	5.590224486400257	3
156	200.81336714699864	189.73996001499472	net_141_11706_net_61_10737_net_70_11670_net_51_10906	config_three	config_1	netmap	3.1623326669165785	3
157	338.09883553598775	322.93689142004587	net_75_10306_net_115_11153_net_72_10551_net_113_11113	config_three	config_1	netmap	5.382281523667431	3
158	268.2376325499499	257.30119444901356	net_70_11431_net_60_10082_net_135_11054_net_53_11196	config_three_noise	config_1	netmap	4.2883532408168925	3
159	296.8075038110255	285.1318796679843	net_70_11431_net_84_9903_net_59_10488_net_115_11153	config_three_noise	config_1	netmap	4.752197994466405	3
160	359.2360970440204	340.0718628189643	net_84_11226_net_172_10626_net_89_11634_net_76_10367	config_three_noise	config_1	netmap	5.667864380316072	3
161	340.55295194202336	328.0282401110162	net_60_10082_net_64_11307_net_84_11226_net_133_10773	config_three_noise	config_1	netmap	5.467137335183604	3
162	281.83048662298825	271.85753892100183	net_82_10152_net_72_10551_net_98_11932_net_51_10906	config_three_noise	config_1	netmap	4.530958982016697	3
163	282.1000125100254	272.2274228290189	net_60_10082_net_90_11013_net_75_10306_net_77_11506	config_three_noise	config_1	netmap	4.537123713816982	3
164	350.0505759710213	338.3793149640551	net_84_10865_net_88_10937_net_90_11013_net_60_10703	config_three_noise	config_1	netmap	5.639655249400918	3
165	373.4180042640073	356.57372523500817	net_141_11706_net_81_10586_net_115_11153_net_57_10409	config_three_noise	config_1	netmap	5.942895420583469	3
166	283.15635817399016	272.040305979026	net_141_11706_net_61_10737_net_70_11670_net_51_10906	config_three_noise	config_1	netmap	4.534005099650433	3
167	374.05727271799697	359.12128274701536	net_75_10306_net_115_11153_net_72_10551_net_113_11113	config_three_noise	config_1	netmap	5.985354712450256	3
168	4388.755723885959	4043.340129538905	net_70_11431_net_60_10082_net_135_11054_net_53_11196_net_74_11972_net_84_9903_net_59_10488_net_115_11153_net_84_11226_net_172_10626_net_76_10367	config_ten	config_1	netmap	67.38900215898175	10
169	3880.6295428089797	3615.0608162991703	net_60_10082_net_64_11307_net_84_11226_net_133_10773_net_82_10152_net_72_10551_net_51_10906_net_74_11972_net_90_11013_net_75_10306_net_77_11506	config_ten	config_1	netmap	60.25101360498617	10
170	3894.45220567286	3600.870852553984	net_84_10865_net_88_10937_net_90_11013_net_60_10703_net_141_11706_net_81_10586_net_115_11153_net_57_10409_net_61_10737_net_51_10906_net_75_10306	config_ten	config_1	netmap	60.01451420923307	10
171	4611.390073533868	4220.019809199963	net_115_11153_net_72_10551_net_113_11113_net_130_11537_net_88_10937_net_60_10082_net_85_11467_net_84_9903_net_98_11932_net_75_10306_net_130_10439	config_ten	config_1	netmap	70.33366348666604	10
172	4564.216737095965	4214.226392898941	net_61_10737_net_153_11335_net_51_10906_net_72_10551_net_133_10773_net_70_11670_net_71_11397_net_113_11113_net_135_11054_net_53_11196_net_82_10152	config_ten	config_1	netmap	70.2371065483157	10
173	4316.827576186042	3985.073229813017	net_89_11634_net_85_11467_net_133_10773_net_99_11264_net_76_10367_net_73_10520_net_90_11013_net_72_10551_net_60_10082_net_105_11589_net_84_11226	config_ten	config_1	netmap	66.41788716355028	10
174	4148.689250545111	3823.969972854946	net_61_10737_net_77_11506_net_70_11670_net_82_10152_net_153_11335_net_136_10192_net_56_10341_net_88_10937_net_70_11431_net_51_10906_net_98_11932	config_ten	config_1	netmap	63.732832880915765	10
175	4755.011232957942	4359.50516698393	net_56_10341_net_79_10271_net_69_10244_net_113_11113_net_76_10367_net_130_10439_net_84_10865_net_135_11054_net_90_11013_net_136_11800_net_72_10551	config_ten	config_1	netmap	72.65841944973218	10
176	5136.574424180901	4729.709157158155	net_141_11706_net_172_10626_net_56_10341_net_130_11537_net_64_11307_net_57_10409_net_79_10271_net_98_11932_net_115_11153_net_61_10737_net_76_10367	config_ten	config_1	netmap	78.82848595263592	10
177	246.3404686889844	241.3354478169931	net_70_11431_net_60_10082_net_135_11054	config_easy	config_2	netmap	4.022257463616552	2
178	227.69872261100681	224.62815583200427	net_53_11196_net_70_11431_net_84_9903	config_easy	config_2	netmap	3.7438025972000712	2
179	257.2372423229972	252.37323791900417	net_59_10488_net_115_11153_net_84_11226	config_easy	config_2	netmap	4.206220631983403	2
180	301.88437238003826	293.6448797539924	net_172_10626_net_89_11634_net_76_10367	config_easy	config_2	netmap	4.894081329233207	2
181	202.03952110902173	198.8710620040074	net_60_10082_net_64_11307_net_84_11226	config_easy	config_2	netmap	3.31451770006679	2
182	273.3717840249883	267.3743027730379	net_133_10773_net_82_10152_net_72_10551	config_easy	config_2	netmap	4.456238379550632	2
183	201.39116265100893	198.1894890459953	net_98_11932_net_51_10906_net_60_10082	config_easy	config_2	netmap	3.303158150766588	2
184	256.97420225595124	252.66961643699324	net_90_11013_net_75_10306_net_77_11506	config_easy	config_2	netmap	4.211160273949887	2
185	247.87918029603316	242.87230803899	net_84_10865_net_88_10937_net_90_11013	config_easy	config_2	netmap	4.047871800649833	2
186	271.7373852049932	265.94492221303517	net_60_10703_net_141_11706_net_81_10586	config_easy	config_2	netmap	4.432415370217253	2
187	261.6512080329703	256.66236291400855	net_70_11431_net_60_10082_net_135_11054	config_noise	config_2	netmap	4.2777060485668095	2
188	213.6446154100122	210.5788899420295	net_53_11196_net_70_11431_net_84_9903	config_noise	config_2	netmap	3.5096481657004914	2
189	254.90470362000633	250.04401406197576	net_59_10488_net_115_11153_net_84_11226	config_noise	config_2	netmap	4.167400234366263	2
190	320.33666658902075	312.1025824700482	net_172_10626_net_89_11634_net_76_10367	config_noise	config_2	netmap	5.201709707834137	2
191	207.629285825009	204.44833734299755	net_60_10082_net_64_11307_net_84_11226	config_noise	config_2	netmap	3.407472289049959	2
192	255.92233064497123	249.92849305801792	net_133_10773_net_82_10152_net_72_10551	config_noise	config_2	netmap	4.165474884300298	2
193	230.1755515470286	226.9749106100062	net_98_11932_net_51_10906_net_60_10082	config_noise	config_2	netmap	3.7829151768334364	2
194	223.1912064619828	218.90384376002476	net_90_11013_net_75_10306_net_77_11506	config_noise	config_2	netmap	3.6483973960004126	2
195	228.01477793895174	223.00001781398896	net_84_10865_net_88_10937_net_90_11013	config_noise	config_2	netmap	3.7166669635664826	2
196	254.76613363600336	248.9776653710287	net_60_10703_net_141_11706_net_81_10586	config_noise	config_2	netmap	4.149627756183812	2
197	1974.7752977680648	1933.758587090997	net_70_11431_net_60_10082_net_135_11054_net_53_11196_net_74_11972_net_84_9903	config_five	config_2	netmap	32.22930978484995	5
198	2371.8542035920545	2307.179537235992	net_59_10488_net_115_11153_net_84_11226_net_172_10626_net_89_11634_net_76_10367	config_five	config_2	netmap	38.45299228726653	5
199	1974.233746208949	1928.8945129489293	net_60_10082_net_64_11307_net_84_11226_net_133_10773_net_82_10152_net_72_10551	config_five	config_2	netmap	32.148241882482154	5
200	1885.5430656730896	1848.1910554649075	net_98_11932_net_51_10906_net_60_10082_net_90_11013_net_75_10306_net_77_11506	config_five	config_2	netmap	30.80318425774846	5
201	2155.410876174923	2101.4466072510695	net_84_10865_net_88_10937_net_90_11013_net_60_10703_net_141_11706_net_81_10586	config_five	config_2	netmap	35.024110120851155	5
202	2150.939162526978	2105.853978008963	net_115_11153_net_57_10409_net_141_11706_net_61_10737_net_70_11670_net_51_10906	config_five	config_2	netmap	35.09756630014939	5
203	2550.7241053241305	2485.718984036008	net_75_10306_net_115_11153_net_72_10551_net_113_11113_net_130_11537_net_88_10937	config_five	config_2	netmap	41.42864973393346	5
204	2046.7996362210251	1999.9526673790533	net_60_10082_net_85_11467_net_84_9903_net_72_10551_net_75_10306_net_130_10439	config_five	config_2	netmap	33.33254445631756	5
205	2063.6196129031014	2010.0816143509	net_61_10737_net_153_11335_net_51_10906_net_72_10551_net_133_10773_net_70_11670	config_five	config_2	netmap	33.501360239181665	5
206	2191.0130758020096	2136.5699091940187	net_71_11397_net_113_11113_net_135_11054_net_53_11196_net_82_10152_net_89_11634	config_five	config_2	netmap	35.60949848656698	5
207	398.9465793099953	388.0115101939882	net_70_11431_net_60_10082_net_135_11054_net_53_11196	config_three	config_2	netmap	6.466858503233137	3
208	449.29054841102334	437.653045175015	net_70_11431_net_84_9903_net_59_10488_net_115_11153	config_three	config_2	netmap	7.294217419583584	3
209	544.5777532209759	525.2851840939838	net_84_11226_net_172_10626_net_89_11634_net_76_10367	config_three	config_2	netmap	8.754753068233065	3
210	444.37479686399456	431.8221241259598	net_60_10082_net_64_11307_net_84_11226_net_133_10773	config_three	config_2	netmap	7.19703540209933	3
211	391.4891740910243	381.56389074900653	net_82_10152_net_72_10551_net_98_11932_net_51_10906	config_three	config_2	netmap	6.359398179150109	3
212	384.8584444519947	374.99493948498275	net_60_10082_net_90_11013_net_75_10306_net_77_11506	config_three	config_2	netmap	6.2499156580830455	3
213	419.35945417400217	408.14965655002743	net_84_10865_net_88_10937_net_90_11013_net_60_10703	config_three	config_2	netmap	6.802494275833791	3
214	513.7558381929994	497.2813833800028	net_141_11706_net_81_10586_net_115_11153_net_57_10409	config_three	config_2	netmap	8.28802305633338	3
215	402.80576239101356	391.76680450397544	net_141_11706_net_61_10737_net_70_11670_net_51_10906	config_three	config_2	netmap	6.529446741732924	3
216	472.45084530999884	457.52147967997007	net_75_10306_net_115_11153_net_72_10551_net_113_11113	config_three	config_2	netmap	7.625357994666168	3
217	393.50612267298857	382.57494385697646	net_70_11431_net_60_10082_net_135_11054_net_53_11196	config_three_noise	config_2	netmap	6.376249064282941	3
218	442.2496185110067	430.62406406505033	net_70_11431_net_84_9903_net_59_10488_net_115_11153	config_three_noise	config_2	netmap	7.177067734417506	3
219	526.6654149310198	507.5417478699819	net_84_11226_net_172_10626_net_89_11634_net_76_10367	config_three_noise	config_2	netmap	8.459029131166366	3
220	448.71674836601596	436.16446061996976	net_60_10082_net_64_11307_net_84_11226_net_133_10773	config_three_noise	config_2	netmap	7.269407676999496	3
221	372.67170316400006	362.74526590202004	net_82_10152_net_72_10551_net_98_11932_net_51_10906	config_three_noise	config_2	netmap	6.045754431700334	3
222	381.3764514840441	371.5159200800117	net_60_10082_net_90_11013_net_75_10306_net_77_11506	config_three_noise	config_2	netmap	6.191932001333528	3
223	430.6287944809883	419.4245506559964	net_84_10865_net_88_10937_net_90_11013_net_60_10703	config_three_noise	config_2	netmap	6.990409177599941	3
224	533.451646520989	516.9840344469994	net_141_11706_net_81_10586_net_115_11153_net_57_10409	config_three_noise	config_2	netmap	8.616400574116657	3
225	396.56187039095676	385.48677764396416	net_141_11706_net_61_10737_net_70_11670_net_51_10906	config_three_noise	config_2	netmap	6.424779627399403	3
226	497.0728486329899	482.12283295503585	net_75_10306_net_115_11153_net_72_10551_net_113_11113	config_three_noise	config_2	netmap	8.035380549250597	3
227	6901.305381583981	6556.09291208582	net_70_11431_net_60_10082_net_135_11054_net_53_11196_net_74_11972_net_84_9903_net_59_10488_net_115_11153_net_84_11226_net_172_10626_net_76_10367	config_ten	config_2	netmap	109.26821520143034	10
228	6183.918771381024	5914.802781570004	net_60_10082_net_64_11307_net_84_11226_net_133_10773_net_82_10152_net_72_10551_net_51_10906_net_74_11972_net_90_11013_net_75_10306_net_77_11506	config_ten	config_2	netmap	98.58004635950007	10
229	6496.5695059648715	6200.781205283944	net_84_10865_net_88_10937_net_90_11013_net_60_10703_net_141_11706_net_81_10586_net_115_11153_net_57_10409_net_61_10737_net_51_10906_net_75_10306	config_ten	config_2	netmap	103.34635342139906	10
230	7310.961568017025	6920.400520195952	net_115_11153_net_72_10551_net_113_11113_net_130_11537_net_88_10937_net_60_10082_net_85_11467_net_84_9903_net_98_11932_net_75_10306_net_130_10439	config_ten	config_2	netmap	115.34000866993253	10
231	7003.804216242861	6654.68233066611	net_61_10737_net_153_11335_net_51_10906_net_72_10551_net_133_10773_net_70_11670_net_71_11397_net_113_11113_net_135_11054_net_53_11196_net_82_10152	config_ten	config_2	netmap	110.9113721777685	10
232	6659.869272327982	6328.23547355202	net_89_11634_net_85_11467_net_133_10773_net_99_11264_net_76_10367_net_73_10520_net_90_11013_net_72_10551_net_60_10082_net_105_11589_net_84_11226	config_ten	config_2	netmap	105.47059122586701	10
233	6401.110403554048	6079.215622248128	net_61_10737_net_77_11506_net_70_11670_net_82_10152_net_153_11335_net_136_10192_net_56_10341_net_88_10937_net_70_11431_net_51_10906_net_98_11932	config_ten	config_2	netmap	101.32026037080213	10
234	7399.479587627109	7014.785088004079	net_56_10341_net_79_10271_net_69_10244_net_113_11113_net_76_10367_net_130_10439_net_84_10865_net_135_11054_net_90_11013_net_136_11800_net_72_10551	config_ten	config_2	netmap	116.91308480006798	10
235	7809.464983119862	7414.110035341	net_141_11706_net_172_10626_net_56_10341_net_130_11537_net_64_11307_net_57_10409_net_79_10271_net_98_11932_net_115_11153_net_61_10737_net_76_10367	config_ten	config_2	netmap	123.56850058901667	10
236	8579.389046757016	8140.283206363907	net_70_11670_net_89_11634_net_57_10409_net_177_11855_net_53_11196_net_84_10865_net_133_10773_net_135_11054_net_73_10520_net_84_9903_net_153_11335	config_ten	config_2	netmap	135.67138677273178	10
237	211.41200902999844	206.41366103396285	net_70_11431_net_60_10082_net_135_11054	config_easy	config_3	netmap	3.440227683899381	2
238	288.6446646229597	285.5840220049722	net_53_11196_net_70_11431_net_84_9903	config_easy	config_3	netmap	4.7597337000828706	2
239	170.64369011297822	165.7846514210105	net_59_10488_net_115_11153_net_84_11226	config_easy	config_3	netmap	2.763077523683508	2
240	214.04334939300315	205.79661662498256	net_172_10626_net_89_11634_net_76_10367	config_easy	config_3	netmap	3.429943610416376	2
241	131.57889933203114	128.40829149499768	net_60_10082_net_64_11307_net_84_11226	config_easy	config_3	netmap	2.140138191583295	2
242	306.62768920103554	300.6300813269918	net_133_10773_net_82_10152_net_72_10551	config_easy	config_3	netmap	5.010501355449863	2
243	237.17745841899887	233.9754919470288	net_98_11932_net_51_10906_net_60_10082	config_easy	config_3	netmap	3.8995915324504797	2
244	281.02673374902224	276.7287475600024	net_90_11013_net_75_10306_net_77_11506	config_easy	config_3	netmap	4.612145792666706	2
245	283.180706520041	278.1728998940089	net_84_10865_net_88_10937_net_90_11013	config_easy	config_3	netmap	4.6362149982334815	2
246	321.7499639110174	315.9552190770046	net_60_10703_net_141_11706_net_81_10586	config_easy	config_3	netmap	5.265920317950076	2
247	314.17967573797796	309.1816862410051	net_70_11431_net_60_10082_net_135_11054	config_noise	config_3	netmap	5.153028104016752	2
248	266.12088665599003	263.0544280290487	net_53_11196_net_70_11431_net_84_9903	config_noise	config_3	netmap	4.384240467150812	2
249	298.83045209699776	293.974286607001	net_59_10488_net_115_11153_net_84_11226	config_noise	config_3	netmap	4.899571443450016	2
250	361.6468798160204	353.415729528002	net_172_10626_net_89_11634_net_76_10367	config_noise	config_3	netmap	5.890262158800033	2
251	159.51020982896443	156.33982634800486	net_60_10082_net_64_11307_net_84_11226	config_noise	config_3	netmap	2.6056637724667477	2
252	305.3937281089602	299.3901632790221	net_133_10773_net_82_10152_net_72_10551	config_noise	config_3	netmap	4.989836054650368	2
253	286.9644252730068	283.76504314597696	net_98_11932_net_51_10906_net_60_10082	config_noise	config_3	netmap	4.729417385766283	2
254	264.2192711509997	259.93273089895956	net_90_11013_net_75_10306_net_77_11506	config_noise	config_3	netmap	4.332212181649326	2
255	266.6519819580135	261.64359425596194	net_84_10865_net_88_10937_net_90_11013	config_noise	config_3	netmap	4.360726570932699	2
256	299.45006520400057	293.6568094770191	net_60_10703_net_141_11706_net_81_10586	config_noise	config_3	netmap	4.894280157950319	2
257	1924.4027945980197	1882.9464916250436	net_70_11431_net_60_10082_net_135_11054_net_53_11196_net_74_11972_net_84_9903	config_five	config_3	netmap	31.382441527084058	5
258	2741.047275498975	2676.1176197559107	net_59_10488_net_115_11153_net_84_11226_net_172_10626_net_89_11634_net_76_10367	config_five	config_3	netmap	44.601960329265175	5
259	2454.515052851988	2407.7227012839867	net_60_10082_net_64_11307_net_84_11226_net_133_10773_net_82_10152_net_72_10551	config_five	config_3	netmap	40.128711688066446	5
260	2281.507463201997	2244.5851567500504	net_98_11932_net_51_10906_net_60_10082_net_90_11013_net_75_10306_net_77_11506	config_five	config_3	netmap	37.40975261250084	5
261	2617.6914237869205	2495.01240676397	net_84_10865_net_88_10937_net_90_11013_net_60_10703_net_141_11706_net_81_10586	config_five	config_3	netmap	41.583540112732834	5
262	2496.8632806889946	2451.8760780390585	net_115_11153_net_57_10409_net_141_11706_net_61_10737_net_70_11670_net_51_10906	config_five	config_3	netmap	40.864601300650975	5
263	2984.719918840099	2920.2492315231357	net_75_10306_net_115_11153_net_72_10551_net_113_11113_net_130_11537_net_88_10937	config_five	config_3	netmap	48.670820525385594	5
264	2392.1589891258627	2344.8295370370615	net_60_10082_net_85_11467_net_84_9903_net_72_10551_net_75_10306_net_130_10439	config_five	config_3	netmap	39.080492283951024	5
265	2361.194019244984	2307.721556372009	net_61_10737_net_153_11335_net_51_10906_net_72_10551_net_133_10773_net_70_11670	config_five	config_3	netmap	38.46202593953349	5
266	2636.1853510919027	2581.8690447141416	net_71_11397_net_113_11113_net_135_11054_net_53_11196_net_82_10152_net_89_11634	config_five	config_3	netmap	43.03115074523569	5
267	414.21371361002093	403.27534749900224	net_70_11431_net_60_10082_net_135_11054_net_53_11196	config_three	config_3	netmap	6.721255791650037	3
268	528.4453866879921	516.81267930998	net_70_11431_net_84_9903_net_59_10488_net_115_11153	config_three	config_3	netmap	8.613544655166333	3
269	612.104115576949	592.983758257993	net_84_11226_net_172_10626_net_89_11634_net_76_10367	config_three	config_3	netmap	9.883062637633218	3
270	522.1250389619963	509.5601857979782	net_60_10082_net_64_11307_net_84_11226_net_133_10773	config_three	config_3	netmap	8.492669763299636	3
271	369.05716183100594	359.1383544949931	net_82_10152_net_72_10551_net_98_11932_net_51_10906	config_three	config_3	netmap	5.985639241583218	3
272	418.76978483900893	408.9065952600213	net_60_10082_net_90_11013_net_75_10306_net_77_11506	config_three	config_3	netmap	6.815109921000355	3
273	171.1212124649901	159.90749018604401	net_84_10865_net_88_10937_net_90_11013_net_60_10703	config_three	config_3	netmap	2.665124836434067	3
274	562.2930294609978	545.8226641590009	net_141_11706_net_81_10586_net_115_11153_net_57_10409	config_three	config_3	netmap	9.097044402650015	3
275	451.8738069550018	440.83400738000637	net_141_11706_net_61_10737_net_70_11670_net_51_10906	config_three	config_3	netmap	7.34723345633344	3
276	543.3358339130064	528.4043877400109	net_75_10306_net_115_11153_net_72_10551_net_113_11113	config_three	config_3	netmap	8.806739795666848	3
277	450.81032689404674	439.8783451730269	net_70_11431_net_60_10082_net_135_11054_net_53_11196	config_three_noise	config_3	netmap	7.3313057528837815	3
278	408.242598397017	396.54948070296086	net_70_11431_net_84_9903_net_59_10488_net_115_11153	config_three_noise	config_3	netmap	6.609158011716015	3
279	595.6852574230288	576.555827277014	net_84_11226_net_172_10626_net_89_11634_net_76_10367	config_three_noise	config_3	netmap	9.609263787950233	3
280	527.516245766019	514.9355122720008	net_60_10082_net_64_11307_net_84_11226_net_133_10773	config_three_noise	config_3	netmap	8.58225853786668	3
281	447.60033236601157	437.670981609961	net_82_10152_net_72_10551_net_98_11932_net_51_10906	config_three_noise	config_3	netmap	7.294516360166017	3
282	439.7560064980062	429.87294834299246	net_60_10082_net_90_11013_net_75_10306_net_77_11506	config_three_noise	config_3	netmap	7.164549139049874	3
283	539.6704239380197	528.6042431829846	net_84_10865_net_88_10937_net_90_11013_net_60_10703	config_three_noise	config_3	netmap	8.81007071971641	3
284	620.1438237460097	603.6866947969538	net_141_11706_net_81_10586_net_115_11153_net_57_10409	config_three_noise	config_3	netmap	10.061444913282564	3
285	467.63628218200756	456.5614625909948	net_141_11706_net_61_10737_net_70_11670_net_51_10906	config_three_noise	config_3	netmap	7.609357709849913	3
286	576.5911984759732	561.6643484520027	net_75_10306_net_115_11153_net_72_10551_net_113_11113	config_three_noise	config_3	netmap	9.361072474200046	3
287	7685.222929757088	7342.980332534993	net_70_11431_net_60_10082_net_135_11054_net_53_11196_net_74_11972_net_84_9903_net_59_10488_net_115_11153_net_84_11226_net_172_10626_net_76_10367	config_ten	config_3	netmap	122.38300554224989	10
288	6194.510779473931	5928.006692721043	net_60_10082_net_64_11307_net_84_11226_net_133_10773_net_82_10152_net_72_10551_net_51_10906_net_74_11972_net_90_11013_net_75_10306_net_77_11506	config_ten	config_3	netmap	98.80011154535072	10
289	6845.7867853799835	6553.678865722846	net_84_10865_net_88_10937_net_90_11013_net_60_10703_net_141_11706_net_81_10586_net_115_11153_net_57_10409_net_61_10737_net_51_10906_net_75_10306	config_ten	config_3	netmap	109.22798109538077	10
290	8143.765602163039	7753.223379983101	net_115_11153_net_72_10551_net_113_11113_net_130_11537_net_88_10937_net_60_10082_net_85_11467_net_84_9903_net_98_11932_net_75_10306_net_130_10439	config_ten	config_3	netmap	129.22038966638502	10
291	7753.101081639994	7404.858931127004	net_61_10737_net_153_11335_net_51_10906_net_72_10551_net_133_10773_net_70_11670_net_71_11397_net_113_11113_net_135_11054_net_53_11196_net_82_10152	config_ten	config_3	netmap	123.41431551878341	10
292	7348.805608076975	7017.644368862035	net_89_11634_net_85_11467_net_133_10773_net_99_11264_net_76_10367_net_73_10520_net_90_11013_net_72_10551_net_60_10082_net_105_11589_net_84_11226	config_ten	config_3	netmap	116.96073948103391	10
293	7165.893209133064	6850.254435748095	net_61_10737_net_77_11506_net_70_11670_net_82_10152_net_153_11335_net_136_10192_net_56_10341_net_88_10937_net_70_11431_net_51_10906_net_98_11932	config_ten	config_3	netmap	114.17090726246825	10
294	8035.710665561026	7650.75039041182	net_56_10341_net_79_10271_net_69_10244_net_113_11113_net_76_10367_net_130_10439_net_84_10865_net_135_11054_net_90_11013_net_136_11800_net_72_10551	config_ten	config_3	netmap	127.51250650686367	10
295	9027.090834707022	8636.019668408902	net_141_11706_net_172_10626_net_56_10341_net_130_11537_net_64_11307_net_57_10409_net_79_10271_net_98_11932_net_115_11153_net_61_10737_net_76_10367	config_ten	config_3	netmap	143.93366114014836	10
296	157.94031458202517	152.9394616690115	net_70_11431_net_60_10082_net_135_11054	config_easy	config_4	netmap	2.5489910278168586	2
297	158.19185108999955	155.1317295920453	net_53_11196_net_70_11431_net_84_9903	config_easy	config_4	netmap	2.5855288265340883	2
298	169.75833242596127	164.89183671597857	net_59_10488_net_115_11153_net_84_11226	config_easy	config_4	netmap	2.7481972785996427	2
299	180.29455473297276	171.73099703202024	net_172_10626_net_89_11634_net_76_10367	config_easy	config_4	netmap	2.862183283867004	2
300	131.37842144002207	128.20765341701917	net_60_10082_net_64_11307_net_84_11226	config_easy	config_4	netmap	2.1367942236169863	2
301	169.9742000530241	163.97491041902686	net_133_10773_net_82_10152_net_72_10551	config_easy	config_4	netmap	2.7329151736504476	2
302	133.16898955398938	129.9645079059992	net_98_11932_net_51_10906_net_60_10082	config_easy	config_4	netmap	2.1660751317666533	2
303	170.03145202202722	165.73732307500904	net_90_11013_net_75_10306_net_77_11506	config_easy	config_4	netmap	2.7622887179168174	2
304	161.81094138498884	156.75203365803463	net_84_10865_net_88_10937_net_90_11013	config_easy	config_4	netmap	2.612533894300577	2
305	182.5116843089927	176.72066032205475	net_60_10703_net_141_11706_net_81_10586	config_easy	config_4	netmap	2.9453443387009126	2
306	163.70858062402112	158.71916946902638	net_70_11431_net_60_10082_net_135_11054	config_noise	config_4	netmap	2.6453194911504396	2
307	160.1800446449779	157.11617138900328	net_53_11196_net_70_11431_net_84_9903	config_noise	config_4	netmap	2.618602856483388	2
308	169.72308564104605	164.86282344901701	net_59_10488_net_115_11153_net_84_11226	config_noise	config_4	netmap	2.7477137241502834	2
309	200.59073284297483	192.34971289802343	net_172_10626_net_89_11634_net_76_10367	config_noise	config_4	netmap	3.2058285483003903	2
310	135.92720008897595	132.75544542999705	net_60_10082_net_64_11307_net_84_11226	config_noise	config_4	netmap	2.2125907571666175	2
311	153.55623594799545	147.5615691220155	net_133_10773_net_82_10152_net_72_10551	config_noise	config_4	netmap	2.459359485366925	2
312	161.01259830902563	157.8133934100042	net_98_11932_net_51_10906_net_60_10082	config_noise	config_4	netmap	2.63022322350007	2
313	139.0238352640299	134.73619214596692	net_90_11013_net_75_10306_net_77_11506	config_noise	config_4	netmap	2.245603202432782	2
314	141.36256968003	136.35824177699396	net_84_10865_net_88_10937_net_90_11013	config_noise	config_4	netmap	2.2726373629498995	2
315	147.80098366795573	142.00643925002078	net_60_10703_net_141_11706_net_81_10586	config_noise	config_4	netmap	2.366773987500346	2
316	1182.524653825909	1141.0937322509708	net_70_11431_net_60_10082_net_135_11054_net_53_11196_net_74_11972_net_84_9903	config_five	config_4	netmap	19.018228870849512	5
317	1373.6278167319251	1308.9177069930593	net_59_10488_net_115_11153_net_84_11226_net_172_10626_net_89_11634_net_76_10367	config_five	config_4	netmap	21.81529511655099	5
318	1239.8102391769644	1194.9296628569718	net_60_10082_net_64_11307_net_84_11226_net_133_10773_net_82_10152_net_72_10551	config_five	config_4	netmap	19.915494380949532	5
319	1217.9216767280595	1180.2630867940607	net_98_11932_net_51_10906_net_60_10082_net_90_11013_net_75_10306_net_77_11506	config_five	config_4	netmap	19.671051446567677	5
320	1247.0009644799866	1192.1129556410015	net_84_10865_net_88_10937_net_90_11013_net_60_10703_net_141_11706_net_81_10586	config_five	config_4	netmap	19.86854926068336	5
321	1256.148750555003	1211.5510402069194	net_115_11153_net_57_10409_net_141_11706_net_61_10737_net_70_11670_net_51_10906	config_five	config_4	netmap	20.19251733678199	5
322	1582.2567901329603	1517.1726834380534	net_75_10306_net_115_11153_net_72_10551_net_113_11113_net_130_11537_net_88_10937	config_five	config_4	netmap	25.28621139063422	5
323	1205.452902889112	1156.8571076160297	net_60_10082_net_85_11467_net_84_9903_net_72_10551_net_75_10306_net_130_10439	config_five	config_4	netmap	19.280951793600494	5
324	1221.6316473979969	1107.864695783006	net_61_10737_net_153_11335_net_51_10906_net_72_10551_net_133_10773_net_70_11670	config_five	config_4	netmap	18.464411596383435	5
325	1334.109918176895	1270.2013232971076	net_71_11397_net_113_11113_net_135_11054_net_53_11196_net_82_10152_net_89_11634	config_five	config_4	netmap	21.170022054951794	5
326	228.904369787022	217.96798061096342	net_70_11431_net_60_10082_net_135_11054_net_53_11196	config_three	config_4	netmap	3.63279967684939	3
327	274.4360080239712	262.7986211060197	net_70_11431_net_84_9903_net_59_10488_net_115_11153	config_three	config_4	netmap	4.379977018433662	3
328	300.3900769990287	281.26008703402476	net_84_11226_net_172_10626_net_89_11634_net_76_10367	config_three	config_4	netmap	4.687668117233746	3
329	248.8556550599751	236.2722084519919	net_60_10082_net_64_11307_net_84_11226_net_133_10773	config_three	config_4	netmap	3.9378701408665315	3
330	227.206871900009	217.22275217995048	net_82_10152_net_72_10551_net_98_11932_net_51_10906	config_three	config_4	netmap	3.6203792029991746	3
331	214.91676306398585	205.05221222602995	net_60_10082_net_90_11013_net_75_10306_net_77_11506	config_three	config_4	netmap	3.4175368704338327	3
332	240.8762049729703	229.66221255197888	net_84_10865_net_88_10937_net_90_11013_net_60_10703	config_three	config_4	netmap	3.8277035425329813	3
333	291.9414529929636	275.44936407898786	net_141_11706_net_81_10586_net_115_11153_net_57_10409	config_three	config_4	netmap	4.590822734649797	3
334	235.5475428379723	224.52887369401287	net_141_11706_net_61_10737_net_70_11670_net_51_10906	config_three	config_4	netmap	3.7421478949002145	3
335	271.9599448029767	257.0372551579494	net_75_10306_net_115_11153_net_72_10551_net_113_11113	config_three	config_4	netmap	4.28395425263249	3
336	227.53580511902692	216.60834422096377	net_70_11431_net_60_10082_net_135_11054_net_53_11196	config_three_noise	config_4	netmap	3.6101390703493963	3
337	244.67468003794784	233.0305353750009	net_70_11431_net_84_9903_net_59_10488_net_115_11153	config_three_noise	config_4	netmap	3.883842256250015	3
338	297.45040815800894	278.3283936519874	net_84_11226_net_172_10626_net_89_11634_net_76_10367	config_three_noise	config_4	netmap	4.638806560866457	3
339	253.875337932026	241.3200298110023	net_60_10082_net_64_11307_net_84_11226_net_133_10773	config_three_noise	config_4	netmap	4.022000496850039	3
340	220.3836797340191	210.4425585460267	net_82_10152_net_72_10551_net_98_11932_net_51_10906	config_three_noise	config_4	netmap	3.5073759757671117	3
341	218.60291842598235	208.97909350000555	net_60_10082_net_90_11013_net_75_10306_net_77_11506	config_three_noise	config_4	netmap	3.482984891666759	3
342	278.01574198901653	267.0278590149828	net_84_10865_net_88_10937_net_90_11013_net_60_10703	config_three_noise	config_4	netmap	4.4504643169163804	3
343	307.29479259898653	290.3585296900128	net_141_11706_net_81_10586_net_115_11153_net_57_10409	config_three_noise	config_4	netmap	4.83930882816688	3
344	223.9764366419986	212.9094811549876	net_141_11706_net_61_10737_net_70_11670_net_51_10906	config_three_noise	config_4	netmap	3.5484913525831265	3
345	289.9373099380173	274.9955174139468	net_75_10306_net_115_11153_net_72_10551_net_113_11113	config_three_noise	config_4	netmap	4.58325862356578	3
346	3797.7827427750453	3437.5953473350964	net_70_11431_net_60_10082_net_135_11054_net_53_11196_net_74_11972_net_84_9903_net_59_10488_net_115_11153_net_84_11226_net_172_10626_net_76_10367	config_ten	config_4	netmap	57.29325578891827	10
347	3275.5680874630343	3008.095577111002	net_60_10082_net_64_11307_net_84_11226_net_133_10773_net_82_10152_net_72_10551_net_51_10906_net_74_11972_net_90_11013_net_75_10306_net_77_11506	config_ten	config_4	netmap	50.13492628518337	10
348	3332.748383261962	3037.1966101510916	net_84_10865_net_88_10937_net_90_11013_net_60_10703_net_141_11706_net_81_10586_net_115_11153_net_57_10409_net_61_10737_net_51_10906_net_75_10306	config_ten	config_4	netmap	50.61994350251819	10
349	3932.6909233308397	3541.1287219410297	net_115_11153_net_72_10551_net_113_11113_net_130_11537_net_88_10937_net_60_10082_net_85_11467_net_84_9903_net_98_11932_net_75_10306_net_130_10439	config_ten	config_4	netmap	59.018812032350496	10
350	3695.504512985004	3345.2524262331426	net_61_10737_net_153_11335_net_51_10906_net_72_10551_net_133_10773_net_70_11670_net_71_11397_net_113_11113_net_135_11054_net_53_11196_net_82_10152	config_ten	config_4	netmap	55.75420710388571	10
351	3544.915906934999	3212.0355510180816	net_89_11634_net_85_11467_net_133_10773_net_99_11264_net_76_10367_net_73_10520_net_90_11013_net_72_10551_net_60_10082_net_105_11589_net_84_11226	config_ten	config_4	netmap	53.53392585030136	10
352	3421.9270987750497	3105.326644493034	net_61_10737_net_77_11506_net_70_11670_net_82_10152_net_153_11335_net_136_10192_net_56_10341_net_88_10937_net_70_11431_net_51_10906_net_98_11932	config_ten	config_4	netmap	51.755444074883904	10
353	3987.017233749153	3601.913786880905	net_56_10341_net_79_10271_net_69_10244_net_113_11113_net_76_10367_net_130_10439_net_84_10865_net_135_11054_net_90_11013_net_136_11800_net_72_10551	config_ten	config_4	netmap	60.03189644801508	10
354	4218.333706396166	3826.931896869093	net_141_11706_net_172_10626_net_56_10341_net_130_11537_net_64_11307_net_57_10409_net_79_10271_net_98_11932_net_115_11153_net_61_10737_net_76_10367	config_ten	config_4	netmap	63.78219828115155	10
355	4811.319984326139	4369.61668490991	net_70_11670_net_89_11634_net_57_10409_net_177_11855_net_53_11196_net_84_10865_net_133_10773_net_135_11054_net_73_10520_net_84_9903_net_153_11335	config_ten	config_4	netmap	72.8269447484985	10
356	139.49431356601417	134.50121681799646	net_70_11431_net_60_10082_net_135_11054	config_easy	config_5	netmap	2.241686946966608	2
357	201.84098567796173	198.77362728194566	net_53_11196_net_70_11431_net_84_9903	config_easy	config_5	netmap	3.3128937880324276	2
358	177.63966608594637	172.7779439750011	net_59_10488_net_115_11153_net_84_11226	config_easy	config_5	netmap	2.8796323995833517	2
359	165.56372964399634	157.3286022800021	net_172_10626_net_89_11634_net_76_10367	config_easy	config_5	netmap	2.622143371333368	2
360	163.51345871196827	160.34031002700794	net_60_10082_net_64_11307_net_84_11226	config_easy	config_5	netmap	2.6723385004501323	2
361	223.05989456298994	217.24326385598397	net_133_10773_net_82_10152_net_72_10551	config_easy	config_5	netmap	3.6207210642663994	2
362	183.97586630401202	180.77846510399831	net_98_11932_net_51_10906_net_60_10082	config_easy	config_5	netmap	3.012974418399972	2
363	177.23978659999557	172.9499861529912	net_90_11013_net_75_10306_net_77_11506	config_easy	config_5	netmap	2.88249976921652	2
364	199.29660708003212	194.33346048300155	net_84_10865_net_88_10937_net_90_11013	config_easy	config_5	netmap	3.2388910080500257	2
365	215.47465006296989	209.68296576698776	net_60_10703_net_141_11706_net_81_10586	config_easy	config_5	netmap	3.4947160961164627	2
366	210.00501086295117	205.01595939398976	net_70_11431_net_60_10082_net_135_11054	config_noise	config_5	netmap	3.416932656566496	2
367	192.95824458799325	189.893105851952	net_53_11196_net_70_11431_net_84_9903	config_noise	config_5	netmap	3.164885097532533	2
368	207.86926576099358	203.00641233701026	net_59_10488_net_115_11153_net_84_11226	config_noise	config_5	netmap	3.3834402056168376	2
369	219.6211580359959	211.38932296901476	net_172_10626_net_89_11634_net_76_10367	config_noise	config_5	netmap	3.5231553828169124	2
370	79.15225811902201	75.98060597397853	net_60_10082_net_64_11307_net_84_11226	config_noise	config_5	netmap	1.2663434328996421	2
371	183.0183078830014	177.02719662501477	net_133_10773_net_82_10152_net_72_10551	config_noise	config_5	netmap	2.9504532770835796	2
372	229.46596469299402	226.27162454399513	net_98_11932_net_51_10906_net_60_10082	config_noise	config_5	netmap	3.7711937423999187	2
373	171.64767187502002	167.35933897900395	net_90_11013_net_75_10306_net_77_11506	config_noise	config_5	netmap	2.7893223163167327	2
374	177.7037098360015	172.69121652195463	net_84_10865_net_88_10937_net_90_11013	config_noise	config_5	netmap	2.878186942032577	2
375	198.70973851601593	192.91821686498588	net_60_10703_net_141_11706_net_81_10586	config_noise	config_5	netmap	3.2153036144164315	2
376	1168.4630363020115	1127.538600296015	net_70_11431_net_60_10082_net_135_11054_net_53_11196_net_74_11972_net_84_9903	config_five	config_5	netmap	18.792310004933583	5
377	1643.1897275890224	1578.5008294120198	net_59_10488_net_115_11153_net_84_11226_net_172_10626_net_89_11634_net_76_10367	config_five	config_5	netmap	26.308347156866997	5
378	1557.5269443179714	1513.3863633630099	net_60_10082_net_64_11307_net_84_11226_net_133_10773_net_82_10152_net_72_10551	config_five	config_5	netmap	25.223106056050163	5
379	1527.6713369080098	1490.896073236945	net_98_11932_net_51_10906_net_60_10082_net_90_11013_net_75_10306_net_77_11506	config_five	config_5	netmap	24.848267887282418	5
380	1615.7434967129957	1560.8223043100443	net_84_10865_net_88_10937_net_90_11013_net_60_10703_net_141_11706_net_81_10586	config_five	config_5	netmap	26.01370507183407	5
381	1545.4748221220216	1501.0180385130225	net_115_11153_net_57_10409_net_141_11706_net_61_10737_net_70_11670_net_51_10906	config_five	config_5	netmap	25.016967308550374	5
382	2053.434106858913	1988.6384567690548	net_75_10306_net_115_11153_net_72_10551_net_113_11113_net_130_11537_net_88_10937	config_five	config_5	netmap	33.14397427948425	5
383	1518.7300034230575	1472.4577946290374	net_60_10082_net_85_11467_net_84_9903_net_72_10551_net_75_10306_net_130_10439	config_five	config_5	netmap	24.54096324381729	5
384	1483.4941563310567	1424.902579023037	net_61_10737_net_153_11335_net_51_10906_net_72_10551_net_133_10773_net_70_11670	config_five	config_5	netmap	23.748376317050617	5
385	1580.0653290750924	1525.2875353980344	net_71_11397_net_113_11113_net_135_11054_net_53_11196_net_82_10152_net_89_11634	config_five	config_5	netmap	25.421458923300573	5
386	277.48376682196977	266.72923202003585	net_70_11431_net_60_10082_net_135_11054_net_53_11196	config_three	config_5	netmap	4.445487200333931	3
387	313.7720055289683	302.1416558230412	net_70_11431_net_84_9903_net_59_10488_net_115_11153	config_three	config_5	netmap	5.035694263717354	3
388	362.4040248230449	343.28530958801275	net_84_11226_net_172_10626_net_89_11634_net_76_10367	config_three	config_5	netmap	5.721421826466879	3
389	317.6547622309881	304.96326928702183	net_60_10082_net_64_11307_net_84_11226_net_133_10773	config_three	config_5	netmap	5.082721154783697	3
390	287.0153206579853	277.0881154030212	net_82_10152_net_72_10551_net_98_11932_net_51_10906	config_three	config_5	netmap	4.618135256717021	3
391	265.09411071200157	255.18529267294798	net_60_10082_net_90_11013_net_75_10306_net_77_11506	config_three	config_5	netmap	4.2530882112157995	3
392	304.36452182999346	293.15258811198873	net_84_10865_net_88_10937_net_90_11013_net_60_10703	config_three	config_5	netmap	4.885876468533145	3
393	320.97252238198416	304.114826406003	net_141_11706_net_81_10586_net_115_11153_net_57_10409	config_three	config_5	netmap	5.06858044010005	3
394	278.98369429499144	267.78870326001197	net_141_11706_net_61_10737_net_70_11670_net_51_10906	config_three	config_5	netmap	4.463145054333533	3
395	335.14784648502246	320.22612837003544	net_75_10306_net_115_11153_net_72_10551_net_113_11113	config_three	config_5	netmap	5.33710213950059	3
396	269.04782473499654	258.0385228089872	net_70_11431_net_60_10082_net_135_11054_net_53_11196	config_three_noise	config_5	netmap	4.300642046816453	3
397	263.7010203259997	252.06884754204657	net_70_11431_net_84_9903_net_59_10488_net_115_11153	config_three_noise	config_5	netmap	4.201147459034109	3
398	372.1006171760382	353.3297392880195	net_84_11226_net_172_10626_net_89_11634_net_76_10367	config_three_noise	config_5	netmap	5.888828988133658	3
399	336.4670649940381	323.9962447229773	net_60_10082_net_64_11307_net_84_11226_net_133_10773	config_three_noise	config_5	netmap	5.3999374120496215	3
400	263.0169424129999	253.14053273800528	net_82_10152_net_72_10551_net_98_11932_net_51_10906	config_three_noise	config_5	netmap	4.219008878966755	3
401	286.37277948699193	276.5107924649492	net_60_10082_net_90_11013_net_75_10306_net_77_11506	config_three_noise	config_5	netmap	4.608513207749153	3
402	358.33317319501657	347.325667742989	net_84_10865_net_88_10937_net_90_11013_net_60_10703	config_three_noise	config_5	netmap	5.788761129049817	3
403	382.5285625969991	366.0630327470135	net_141_11706_net_81_10586_net_115_11153_net_57_10409	config_three_noise	config_5	netmap	6.101050545783559	3
404	281.63643802003935	270.567403818015	net_141_11706_net_61_10737_net_70_11670_net_51_10906	config_three_noise	config_5	netmap	4.50945673030025	3
405	367.4608644839609	352.5365942430217	net_75_10306_net_115_11153_net_72_10551_net_113_11113	config_three_noise	config_5	netmap	5.8756099040503615	3
406	4441.736492637079	4101.954519731225	net_70_11431_net_60_10082_net_135_11054_net_53_11196_net_74_11972_net_84_9903_net_59_10488_net_115_11153_net_84_11226_net_172_10626_net_76_10367	config_ten	config_5	netmap	68.3659086621871	10
407	3973.2202551669907	3705.4036926189438	net_60_10082_net_64_11307_net_84_11226_net_133_10773_net_82_10152_net_72_10551_net_51_10906_net_74_11972_net_90_11013_net_75_10306_net_77_11506	config_ten	config_5	netmap	61.75672821031573	10
408	3942.072082817089	3646.299821473891	net_84_10865_net_88_10937_net_90_11013_net_60_10703_net_141_11706_net_81_10586_net_115_11153_net_57_10409_net_61_10737_net_51_10906_net_75_10306	config_ten	config_5	netmap	60.77166369123152	10
409	4624.801372913877	4236.31715523405	net_115_11153_net_72_10551_net_113_11113_net_130_11537_net_88_10937_net_60_10082_net_85_11467_net_84_9903_net_98_11932_net_75_10306_net_130_10439	config_ten	config_5	netmap	70.6052859205675	10
410	4473.626160754124	4122.51012781309	net_61_10737_net_153_11335_net_51_10906_net_72_10551_net_133_10773_net_70_11670_net_71_11397_net_113_11113_net_135_11054_net_53_11196_net_82_10152	config_ten	config_5	netmap	68.70850213021816	10
411	4304.379425527062	3970.9583848819602	net_89_11634_net_85_11467_net_133_10773_net_99_11264_net_76_10367_net_73_10520_net_90_11013_net_72_10551_net_60_10082_net_105_11589_net_84_11226	config_ten	config_5	netmap	66.18263974803267	10
412	4140.470450578956	3822.564238375053	net_61_10737_net_77_11506_net_70_11670_net_82_10152_net_153_11335_net_136_10192_net_56_10341_net_88_10937_net_70_11431_net_51_10906_net_98_11932	config_ten	config_5	netmap	63.70940397291755	10
413	4637.585415580077	4250.2020718290005	net_56_10341_net_79_10271_net_69_10244_net_113_11113_net_76_10367_net_130_10439_net_84_10865_net_135_11054_net_90_11013_net_136_11800_net_72_10551	config_ten	config_5	netmap	70.83670119715	10
414	154.10384291497758	149.10018188203685	net_70_11431_net_60_10082_net_135_11054	config_easy	config_6	netmap	2.4850030313672806	2
415	159.67524110199884	156.60673820297234	net_53_11196_net_70_11431_net_84_9903	config_easy	config_6	netmap	2.610112303382872	2
416	166.4412175270263	161.56606794096297	net_59_10488_net_115_11153_net_84_11226	config_easy	config_6	netmap	2.6927677990160492	2
417	175.08115133701358	166.85191225400195	net_172_10626_net_89_11634_net_76_10367	config_easy	config_6	netmap	2.7808652042333657	2
418	130.86178893700708	127.68901465501403	net_60_10082_net_64_11307_net_84_11226	config_easy	config_6	netmap	2.128150244250234	2
419	167.3120144890272	161.31564982497366	net_133_10773_net_82_10152_net_72_10551	config_easy	config_6	netmap	2.688594163749561	2
420	134.5869351750007	131.38023573398823	net_98_11932_net_51_10906_net_60_10082	config_easy	config_6	netmap	2.1896705955664704	2
421	177.03763951500878	172.74709124700166	net_90_11013_net_75_10306_net_77_11506	config_easy	config_6	netmap	2.8791181874500276	2
422	147.91532479797024	142.91019662603503	net_84_10865_net_88_10937_net_90_11013	config_easy	config_6	netmap	2.381836610433917	2
423	176.7179855569848	170.92579758999636	net_60_10703_net_141_11706_net_81_10586	config_easy	config_6	netmap	2.848763293166606	2
424	163.79761409503408	158.68289887701394	net_70_11431_net_60_10082_net_135_11054	config_noise	config_6	netmap	2.6447149812835655	2
425	146.03826995397685	142.97060205199523	net_53_11196_net_70_11431_net_84_9903	config_noise	config_6	netmap	2.382843367533254	2
426	163.87635423603933	159.0128435450024	net_59_10488_net_115_11153_net_84_11226	config_noise	config_6	netmap	2.6502140590833734	2
427	198.66053536103573	190.49089251400437	net_172_10626_net_89_11634_net_76_10367	config_noise	config_6	netmap	3.1748482085667393	2
428	143.83230563497636	140.6604855590267	net_60_10082_net_64_11307_net_84_11226	config_noise	config_6	netmap	2.3443414259837785	2
429	157.12323291099165	151.1270838700002	net_133_10773_net_82_10152_net_72_10551	config_noise	config_6	netmap	2.51878473116667	2
430	160.28214382001897	157.07882596598938	net_98_11932_net_51_10906_net_60_10082	config_noise	config_6	netmap	2.6179804327664895	2
431	139.63208092696732	135.34803937200923	net_90_11013_net_75_10306_net_77_11506	config_noise	config_6	netmap	2.2558006562001536	2
432	135.3697247329983	130.41236594697693	net_84_10865_net_88_10937_net_90_11013	config_noise	config_6	netmap	2.1735394324496156	2
433	146.1943565760157	140.39875709998887	net_60_10703_net_141_11706_net_81_10586	config_noise	config_6	netmap	2.3399792849998144	2
434	1197.0201313770376	1156.5179103920236	net_70_11431_net_60_10082_net_135_11054_net_53_11196_net_74_11972_net_84_9903	config_five	config_6	netmap	19.275298506533726	5
435	1409.08340206102	1344.6447802439798	net_59_10488_net_115_11153_net_84_11226_net_172_10626_net_89_11634_net_76_10367	config_five	config_6	netmap	22.41074633739966	5
436	1209.057313006022	1164.1528107890626	net_60_10082_net_64_11307_net_84_11226_net_133_10773_net_82_10152_net_72_10551	config_five	config_6	netmap	19.402546846484377	5
437	1169.7933744490147	1132.1704517980106	net_98_11932_net_51_10906_net_60_10082_net_90_11013_net_75_10306_net_77_11506	config_five	config_6	netmap	18.869507529966842	5
438	1267.4134979129303	1212.5236801930005	net_84_10865_net_88_10937_net_90_11013_net_60_10703_net_141_11706_net_81_10586	config_five	config_6	netmap	20.208728003216674	5
439	1362.2532025529072	1317.264479683945	net_115_11153_net_57_10409_net_141_11706_net_61_10737_net_70_11670_net_51_10906	config_five	config_6	netmap	21.954407994732417	5
440	1550.8645347279962	1486.1912675630301	net_75_10306_net_115_11153_net_72_10551_net_113_11113_net_130_11537_net_88_10937	config_five	config_6	netmap	24.769854459383836	5
441	1250.6177968659904	1202.4308457397856	net_60_10082_net_85_11467_net_84_9903_net_72_10551_net_75_10306_net_130_10439	config_five	config_6	netmap	20.04051409566309	5
442	1182.1495596980676	1128.9232455610763	net_61_10737_net_153_11335_net_51_10906_net_72_10551_net_133_10773_net_70_11670	config_five	config_6	netmap	18.81538742601794	5
443	1399.2030843589455	1343.9398734350689	net_71_11397_net_113_11113_net_135_11054_net_53_11196_net_82_10152_net_89_11634	config_five	config_6	netmap	22.398997890584482	5
444	224.174412561988	213.23789304000093	net_70_11431_net_60_10082_net_135_11054_net_53_11196	config_three	config_6	netmap	3.5539648840000155	3
445	274.82533784001134	263.19901972502703	net_70_11431_net_84_9903_net_59_10488_net_115_11153	config_three	config_6	netmap	4.38665032875045	3
446	303.5419993760297	284.4125462140073	net_84_11226_net_172_10626_net_89_11634_net_76_10367	config_three	config_6	netmap	4.740209103566788	3
447	261.84808657999383	249.28707494901028	net_60_10082_net_64_11307_net_84_11226_net_133_10773	config_three	config_6	netmap	4.154784582483504	3
448	227.18961714301258	217.26351029903162	net_82_10152_net_72_10551_net_98_11932_net_51_10906	config_three	config_6	netmap	3.62105850498386	3
449	214.31372222997015	204.45036082097795	net_60_10082_net_90_11013_net_75_10306_net_77_11506	config_three	config_6	netmap	3.407506013682966	3
450	250.9381016039988	239.73369776498294	net_84_10865_net_88_10937_net_90_11013_net_60_10703	config_three	config_6	netmap	3.995561629416382	3
451	293.9570891809999	277.3627040979918	net_141_11706_net_81_10586_net_115_11153_net_57_10409	config_three	config_6	netmap	4.62271173496653	3
452	232.49271476303693	220.85994591302006	net_141_11706_net_61_10737_net_70_11670_net_51_10906	config_three	config_6	netmap	3.6809990985503345	3
453	273.71289395494387	258.5223888249602	net_75_10306_net_115_11153_net_72_10551_net_113_11113	config_three	config_6	netmap	4.308706480416004	3
454	225.25543691997882	214.57811626500916	net_70_11431_net_60_10082_net_135_11054_net_53_11196	config_three_noise	config_6	netmap	3.5763019377501526	3
455	248.21792468294734	236.58974443899933	net_70_11431_net_84_9903_net_59_10488_net_115_11153	config_three_noise	config_6	netmap	3.9431624073166556	3
456	297.165678268997	278.0398920480511	net_84_11226_net_172_10626_net_89_11634_net_76_10367	config_three_noise	config_6	netmap	4.633998200800852	3
457	256.7546599290217	244.19116014096653	net_60_10082_net_64_11307_net_84_11226_net_133_10773	config_three_noise	config_6	netmap	4.069852669016109	3
458	222.22781343199313	212.299728589016	net_82_10152_net_72_10551_net_98_11932_net_51_10906	config_three_noise	config_6	netmap	3.5383288098169334	3
459	228.6037835739553	207.90152299200417	net_60_10082_net_90_11013_net_75_10306_net_77_11506	config_three_noise	config_6	netmap	3.4650253832000697	3
460	280.41058459703345	269.3970553399995	net_84_10865_net_88_10937_net_90_11013_net_60_10703	config_three_noise	config_6	netmap	4.489950922333325	3
461	308.531500000041	292.13138556096237	net_141_11706_net_81_10586_net_115_11153_net_57_10409	config_three_noise	config_6	netmap	4.868856426016039	3
462	222.0231023999513	210.94822320301319	net_141_11706_net_61_10737_net_70_11670_net_51_10906	config_three_noise	config_6	netmap	3.51580372005022	3
463	293.6574675629963	278.7815923159942	net_75_10306_net_115_11153_net_72_10551_net_113_11113	config_three_noise	config_6	netmap	4.646359871933237	3
464	3644.537351726787	3299.8495221890043	net_70_11431_net_60_10082_net_135_11054_net_53_11196_net_74_11972_net_84_9903_net_59_10488_net_115_11153_net_84_11226_net_172_10626_net_76_10367	config_ten	config_6	netmap	54.99749203648341	10
465	3313.5632055068854	3046.9015322080813	net_60_10082_net_64_11307_net_84_11226_net_133_10773_net_82_10152_net_72_10551_net_51_10906_net_74_11972_net_90_11013_net_75_10306_net_77_11506	config_ten	config_6	netmap	50.78169220346802	10
466	3378.683447755873	3086.84218293312	net_84_10865_net_88_10937_net_90_11013_net_60_10703_net_141_11706_net_81_10586_net_115_11153_net_57_10409_net_61_10737_net_51_10906_net_75_10306	config_ten	config_6	netmap	51.447369715552	10
467	3889.879361290019	3501.395337078953	net_115_11153_net_72_10551_net_113_11113_net_130_11537_net_88_10937_net_60_10082_net_85_11467_net_84_9903_net_98_11932_net_75_10306_net_130_10439	config_ten	config_6	netmap	58.356588951315885	10
468	3862.251361301169	3512.425025284989	net_61_10737_net_153_11335_net_51_10906_net_72_10551_net_133_10773_net_70_11670_net_71_11397_net_113_11113_net_135_11054_net_53_11196_net_82_10152	config_ten	config_6	netmap	58.540417088083146	10
469	3589.545274568023	3259.093776416965	net_89_11634_net_85_11467_net_133_10773_net_99_11264_net_76_10367_net_73_10520_net_90_11013_net_72_10551_net_60_10082_net_105_11589_net_84_11226	config_ten	config_6	netmap	54.318229606949416	10
470	3471.9253132960293	3157.7076566750184	net_61_10737_net_77_11506_net_70_11670_net_82_10152_net_153_11335_net_136_10192_net_56_10341_net_88_10937_net_70_11431_net_51_10906_net_98_11932	config_ten	config_6	netmap	52.62846094458364	10
471	3924.1270326038357	3543.424539658008	net_56_10341_net_79_10271_net_69_10244_net_113_11113_net_76_10367_net_130_10439_net_84_10865_net_135_11054_net_90_11013_net_136_11800_net_72_10551	config_ten	config_6	netmap	59.0570756609668	10
472	4292.787957452005	3894.675423718989	net_141_11706_net_172_10626_net_56_10341_net_130_11537_net_64_11307_net_57_10409_net_79_10271_net_98_11932_net_115_11153_net_61_10737_net_76_10367	config_ten	config_6	netmap	64.91125706198315	10
473	4640.832725888118	4198.3067450909875	net_70_11670_net_89_11634_net_57_10409_net_177_11855_net_53_11196_net_84_10865_net_133_10773_net_135_11054_net_73_10520_net_84_9903_net_153_11335	config_ten	config_6	netmap	69.97177908484979	10
474	52.50404350803001	47.51320820499677	net_70_11431_net_60_10082_net_135_11054	config_easy	config_7	netmap	0.7918868034166129	2
475	289.94380338699557	286.8813092819764	net_53_11196_net_70_11431_net_84_9903	config_easy	config_7	netmap	4.781355154699607	2
476	308.82767127396073	302.83430196600966	net_133_10773_net_82_10152_net_72_10551	config_easy	config_7	netmap	5.047238366100161	2
477	289.06510753097245	285.86750908300746	net_98_11932_net_51_10906_net_60_10082	config_easy	config_7	netmap	4.7644584847167915	2
478	29.974816963018384	25.690935646009166	net_90_11013_net_75_10306_net_77_11506	config_easy	config_7	netmap	0.4281822607668194	2
479	325.0041167549789	319.9988998500048	net_84_10865_net_88_10937_net_90_11013	config_easy	config_7	netmap	5.33331499750008	2
480	330.54129322897643	324.7513985800324	net_60_10703_net_141_11706_net_81_10586	config_easy	config_7	netmap	5.412523309667207	2
481	299.8408904460375	294.8532248259871	net_70_11431_net_60_10082_net_135_11054	config_noise	config_7	netmap	4.9142204137664525	2
482	279.8507494460209	276.70755795697914	net_53_11196_net_70_11431_net_84_9903	config_noise	config_7	netmap	4.611792632616319	2
483	290.02246473304695	285.15884823701344	net_59_10488_net_115_11153_net_84_11226	config_noise	config_7	netmap	4.752647470616891	2
484	243.65100365201943	235.41863360599382	net_172_10626_net_89_11634_net_76_10367	config_noise	config_7	netmap	3.9236438934332303	2
485	228.9435041680117	222.8785263399477	net_133_10773_net_82_10152_net_72_10551	config_noise	config_7	netmap	3.7146421056657952	2
486	309.5898315660306	306.3909603719949	net_98_11932_net_51_10906_net_60_10082	config_noise	config_7	netmap	5.106516006199914	2
487	248.66463226499036	244.37937256298028	net_90_11013_net_75_10306_net_77_11506	config_noise	config_7	netmap	4.072989542716338	2
488	277.8421772609581	272.8278691439773	net_84_10865_net_88_10937_net_90_11013	config_noise	config_7	netmap	4.547131152399621	2
489	55.650081528990995	49.85539050900843	net_60_10703_net_141_11706_net_81_10586	config_noise	config_7	netmap	0.8309231751501405	2
490	475.4412929370301	434.1170122810872	net_70_11431_net_60_10082_net_135_11054_net_53_11196_net_74_11972_net_84_9903	config_five	config_7	netmap	7.235283538018121	5
491	2128.8001966850134	2063.730697336956	net_59_10488_net_115_11153_net_84_11226_net_172_10626_net_89_11634_net_76_10367	config_five	config_7	netmap	34.3955116222826	5
492	1786.7704074430512	1741.685848116991	net_60_10082_net_64_11307_net_84_11226_net_133_10773_net_82_10152_net_72_10551	config_five	config_7	netmap	29.02809746861652	5
493	1854.419530056999	1815.9704331690446	net_98_11932_net_51_10906_net_60_10082_net_90_11013_net_75_10306_net_77_11506	config_five	config_7	netmap	30.266173886150742	5
494	2019.5359639760572	1965.0243006640812	net_84_10865_net_88_10937_net_90_11013_net_60_10703_net_141_11706_net_81_10586	config_five	config_7	netmap	32.75040501106802	5
495	2053.7775391847827	2008.916845273925	net_115_11153_net_57_10409_net_141_11706_net_61_10737_net_70_11670_net_51_10906	config_five	config_7	netmap	33.481947421232086	5
496	2415.802705071168	2350.8446919498965	net_75_10306_net_115_11153_net_72_10551_net_113_11113_net_130_11537_net_88_10937	config_five	config_7	netmap	39.180744865831606	5
497	1855.1298309590202	1804.141922999872	net_60_10082_net_85_11467_net_84_9903_net_72_10551_net_75_10306_net_130_10439	config_five	config_7	netmap	30.069032049997865	5
498	1743.4758447560016	1689.8133786751423	net_61_10737_net_153_11335_net_51_10906_net_72_10551_net_133_10773_net_70_11670	config_five	config_7	netmap	28.16355631125237	5
499	2127.538917260943	2073.5643022679724	net_71_11397_net_113_11113_net_135_11054_net_53_11196_net_82_10152_net_89_11634	config_five	config_7	netmap	34.55940503779954	5
500	257.5248174369917	246.5856131669716	net_70_11431_net_60_10082_net_135_11054_net_53_11196	config_three	config_7	netmap	4.109760219449527	3
501	179.73760445602238	168.1024582409882	net_70_11431_net_84_9903_net_59_10488_net_115_11153	config_three	config_7	netmap	2.801707637349803	3
502	487.90776615496725	468.78270874300506	net_84_11226_net_172_10626_net_89_11634_net_76_10367	config_three	config_7	netmap	7.813045145716751	3
503	422.64616246701917	410.0808330299915	net_60_10082_net_64_11307_net_84_11226_net_133_10773	config_three	config_7	netmap	6.834680550499858	3
504	128.11055201903218	118.1864993670024	net_82_10152_net_72_10551_net_98_11932_net_51_10906	config_three	config_7	netmap	1.96977498945004	3
505	378.770033317036	368.9020834599505	net_60_10082_net_90_11013_net_75_10306_net_77_11506	config_three	config_7	netmap	6.148368057665842	3
506	30.451796402048785	19.246703443001024	net_84_10865_net_88_10937_net_90_11013_net_60_10703	config_three	config_7	netmap	0.32077839071668374	3
507	284.5193494639825	268.0224379680003	net_141_11706_net_81_10586_net_115_11153_net_57_10409	config_three	config_7	netmap	4.467040632800005	3
508	146.51870157796657	135.478814683971	net_141_11706_net_61_10737_net_70_11670_net_51_10906	config_three	config_7	netmap	2.25798024473285	3
509	426.9865816780366	411.7723463459988	net_75_10306_net_115_11153_net_72_10551_net_113_11113	config_three	config_7	netmap	6.86287243909998	3
510	379.6823218780337	368.7410841350211	net_70_11431_net_60_10082_net_135_11054_net_53_11196	config_three_noise	config_7	netmap	6.145684735583685	3
511	117.67983238003217	106.05029868101701	net_70_11431_net_84_9903_net_59_10488_net_115_11153	config_three_noise	config_7	netmap	1.7675049780169503	3
512	460.4070030670264	441.36887817201205	net_84_11226_net_172_10626_net_89_11634_net_76_10367	config_three_noise	config_7	netmap	7.356147969533534	3
513	438.45232476998353	425.90143368800636	net_60_10082_net_64_11307_net_84_11226_net_133_10773	config_three_noise	config_7	netmap	7.098357228133439	3
514	323.84970056900056	313.92211986199254	net_82_10152_net_72_10551_net_98_11932_net_51_10906	config_three_noise	config_7	netmap	5.232035331033209	3
515	400.95993360702414	390.9259373359964	net_60_10082_net_90_11013_net_75_10306_net_77_11506	config_three_noise	config_7	netmap	6.515432288933273	3
516	428.4975717050256	417.4985648909933	net_84_10865_net_88_10937_net_90_11013_net_60_10703	config_three_noise	config_7	netmap	6.9583094148498885	3
517	460.9358959509991	443.2434610700002	net_141_11706_net_81_10586_net_115_11153_net_57_10409	config_three_noise	config_7	netmap	7.387391017833337	3
518	399.1691503940383	388.1015715220128	net_141_11706_net_61_10737_net_70_11670_net_51_10906	config_three_noise	config_7	netmap	6.46835952536688	3
519	448.1822454109788	433.2206713659689	net_75_10306_net_115_11153_net_72_10551_net_113_11113	config_three_noise	config_7	netmap	7.2203445227661485	3
520	4543.167794704204	4197.385013929103	net_70_11431_net_60_10082_net_135_11054_net_53_11196_net_74_11972_net_84_9903_net_59_10488_net_115_11153_net_84_11226_net_172_10626_net_76_10367	config_ten	config_7	netmap	69.95641689881838	10
521	2638.7498632629868	2372.6030707729515	net_60_10082_net_64_11307_net_84_11226_net_133_10773_net_82_10152_net_72_10551_net_51_10906_net_74_11972_net_90_11013_net_75_10306_net_77_11506	config_ten	config_7	netmap	39.543384512882525	10
522	4191.879756297916	3897.95473072608	net_84_10865_net_88_10937_net_90_11013_net_60_10703_net_141_11706_net_81_10586_net_115_11153_net_57_10409_net_61_10737_net_51_10906_net_75_10306	config_ten	config_7	netmap	64.965912178768	10
523	4858.097358459141	4468.938886907883	net_115_11153_net_72_10551_net_113_11113_net_130_11537_net_88_10937_net_60_10082_net_85_11467_net_84_9903_net_98_11932_net_75_10306_net_130_10439	config_ten	config_7	netmap	74.48231478179805	10
524	4833.718127666041	4483.9594915260095	net_61_10737_net_153_11335_net_51_10906_net_72_10551_net_133_10773_net_70_11670_net_71_11397_net_113_11113_net_135_11054_net_53_11196_net_82_10152	config_ten	config_7	netmap	74.73265819210016	10
525	4336.547086183913	4004.26179362298	net_89_11634_net_85_11467_net_133_10773_net_99_11264_net_76_10367_net_73_10520_net_90_11013_net_72_10551_net_60_10082_net_105_11589_net_84_11226	config_ten	config_7	netmap	66.737696560383	10
526	3804.5835075888317	3486.511432029074	net_61_10737_net_77_11506_net_70_11670_net_82_10152_net_153_11335_net_136_10192_net_56_10341_net_88_10937_net_70_11431_net_51_10906_net_98_11932	config_ten	config_7	netmap	58.108523867151234	10
527	4595.683501036838	4201.582816315116	net_56_10341_net_79_10271_net_69_10244_net_113_11113_net_76_10367_net_130_10439_net_84_10865_net_135_11054_net_90_11013_net_136_11800_net_72_10551	config_ten	config_7	netmap	70.02638027191861	10
528	144.52097060804954	139.52004319400294	net_70_11431_net_60_10082_net_135_11054	config_easy	config_8	netmap	2.3253340532333824	2
529	262.72702166601084	259.65839523699833	net_53_11196_net_70_11431_net_84_9903	config_easy	config_8	netmap	4.3276399206166385	2
530	211.92785405297764	207.06924440496368	net_59_10488_net_115_11153_net_84_11226	config_easy	config_8	netmap	3.4511540734160615	2
531	88.18883082398679	79.95746158598922	net_172_10626_net_89_11634_net_76_10367	config_easy	config_8	netmap	1.332624359766487	2
532	108.33362033200683	105.16203964099986	net_60_10082_net_64_11307_net_84_11226	config_easy	config_8	netmap	1.752700660683331	2
533	254.85436889098492	248.8612806989695	net_133_10773_net_82_10152_net_72_10551	config_easy	config_8	netmap	4.147688011649492	2
534	206.07810702902498	202.97873048798647	net_98_11932_net_51_10906_net_60_10082	config_easy	config_8	netmap	3.382978841466441	2
535	223.29258982499596	219.0076505750185	net_90_11013_net_75_10306_net_77_11506	config_easy	config_8	netmap	3.6501275095836414	2
536	253.50128485198366	248.49406833201647	net_84_10865_net_88_10937_net_90_11013	config_easy	config_8	netmap	4.141567805533608	2
537	284.33457947999705	278.54553245700663	net_60_10703_net_141_11706_net_81_10586	config_easy	config_8	netmap	4.642425540950111	2
538	235.65781858196715	230.6695676750387	net_70_11431_net_60_10082_net_135_11054	config_noise	config_8	netmap	3.8444927945839784	2
539	248.49725337600103	245.36020939802984	net_53_11196_net_70_11431_net_84_9903	config_noise	config_8	netmap	4.089336823300497	2
540	246.7392534139799	241.87998915603384	net_59_10488_net_115_11153_net_84_11226	config_noise	config_8	netmap	4.031333152600564	2
541	265.85737613303354	257.61808717797976	net_172_10626_net_89_11634_net_76_10367	config_noise	config_8	netmap	4.293634786299663	2
542	63.90015030401992	60.11635485099396	net_60_10082_net_64_11307_net_84_11226	config_noise	config_8	netmap	1.001939247516566	2
543	230.50820561801083	224.51255145901814	net_133_10773_net_82_10152_net_72_10551	config_noise	config_8	netmap	3.741875857650302	2
544	280.16202854999574	276.96350374503527	net_98_11932_net_51_10906_net_60_10082	config_noise	config_8	netmap	4.616058395750588	2
545	267.2039928010199	262.91955317294924	net_90_11013_net_75_10306_net_77_11506	config_noise	config_8	netmap	4.381992552882488	2
546	240.11484974098857	235.1115630310378	net_84_10865_net_88_10937_net_90_11013	config_noise	config_8	netmap	3.9185260505172965	2
547	233.18883239798015	227.39933324803133	net_60_10703_net_141_11706_net_81_10586	config_noise	config_8	netmap	3.7899888874671888	2
548	1949.8959988380084	1908.1287482809275	net_70_11431_net_60_10082_net_135_11054_net_53_11196_net_74_11972_net_84_9903	config_five	config_8	netmap	31.802145804682127	5
549	2047.1086317390436	1982.1673051040852	net_59_10488_net_115_11153_net_84_11226_net_172_10626_net_89_11634_net_76_10367	config_five	config_8	netmap	33.036121751734754	5
550	1854.7385582369752	1809.8517300799722	net_60_10082_net_64_11307_net_84_11226_net_133_10773_net_82_10152_net_72_10551	config_five	config_8	netmap	30.16419550133287	5
551	1754.0778892550152	1716.7302383899223	net_98_11932_net_51_10906_net_60_10082_net_90_11013_net_75_10306_net_77_11506	config_five	config_8	netmap	28.612170639832037	5
552	2289.200135911	2234.6896802439587	net_84_10865_net_88_10937_net_90_11013_net_60_10703_net_141_11706_net_81_10586	config_five	config_8	netmap	37.24482800406598	5
553	1879.7620601651724	1834.7099040132016	net_115_11153_net_57_10409_net_141_11706_net_61_10737_net_70_11670_net_51_10906	config_five	config_8	netmap	30.578498400220028	5
554	2121.101484251907	2057.8108386760578	net_75_10306_net_115_11153_net_72_10551_net_113_11113_net_130_11537_net_88_10937	config_five	config_8	netmap	34.296847311267626	5
555	1954.5339083170984	1893.4057487312239	net_60_10082_net_85_11467_net_84_9903_net_72_10551_net_75_10306_net_130_10439	config_five	config_8	netmap	31.55676247885373	5
556	1989.3948474621866	1935.3162948889658	net_61_10737_net_153_11335_net_51_10906_net_72_10551_net_133_10773_net_70_11670	config_five	config_8	netmap	32.255271581482766	5
557	2066.5091392418835	2012.223120684037	net_71_11397_net_113_11113_net_135_11054_net_53_11196_net_82_10152_net_89_11634	config_five	config_8	netmap	33.53705201140062	5
558	345.3608810090227	334.4323988480028	net_70_11431_net_60_10082_net_135_11054_net_53_11196	config_three	config_8	netmap	5.57387331413338	3
559	280.5809182950179	268.94466928200563	net_70_11431_net_84_9903_net_59_10488_net_115_11153	config_three	config_8	netmap	4.4824111547000935	3
560	444.0210695840069	424.9056055530091	net_84_11226_net_172_10626_net_89_11634_net_76_10367	config_three	config_8	netmap	7.081760092550152	3
561	387.10718624002766	374.5436612860067	net_60_10082_net_64_11307_net_84_11226_net_133_10773	config_three	config_8	netmap	6.242394354766778	3
562	292.3468743740232	282.5605772510171	net_82_10152_net_72_10551_net_98_11932_net_51_10906	config_three	config_8	netmap	4.709342954183618	3
563	342.67286846000934	332.9154516850249	net_60_10082_net_90_11013_net_75_10306_net_77_11506	config_three	config_8	netmap	5.548590861417082	3
564	219.10095236595953	207.89176585403038	net_84_10865_net_88_10937_net_90_11013_net_60_10703	config_three	config_8	netmap	3.46486276423384	3
565	430.2527058009873	413.85073145100614	net_141_11706_net_81_10586_net_115_11153_net_57_10409	config_three	config_8	netmap	6.897512190850103	3
566	289.9231239359942	278.85305117297685	net_141_11706_net_61_10737_net_70_11670_net_51_10906	config_three	config_8	netmap	4.647550852882947	3
567	408.38042818696704	393.4427935029962	net_75_10306_net_115_11153_net_72_10551_net_113_11113	config_three	config_8	netmap	6.557379891716604	3
568	331.2142779689748	320.28267452603905	net_70_11431_net_60_10082_net_135_11054_net_53_11196	config_three_noise	config_8	netmap	5.338044575433984	3
569	376.93730301002506	365.31254462199286	net_70_11431_net_84_9903_net_59_10488_net_115_11153	config_three_noise	config_8	netmap	6.088542410366547	3
570	411.7905633189948	392.6646470960113	net_84_11226_net_172_10626_net_89_11634_net_76_10367	config_three_noise	config_8	netmap	6.544410784933522	3
571	382.3226879380527	370.0230980429915	net_60_10082_net_64_11307_net_84_11226_net_133_10773	config_three_noise	config_8	netmap	6.167051634049858	3
572	351.79378189501585	341.8571331219864	net_82_10152_net_72_10551_net_98_11932_net_51_10906	config_three_noise	config_8	netmap	5.69761888536644	3
573	354.88156439800514	344.98966120998375	net_60_10082_net_90_11013_net_75_10306_net_77_11506	config_three_noise	config_8	netmap	5.749827686833062	3
574	400.97552871896187	389.9784154170193	net_84_10865_net_88_10937_net_90_11013_net_60_10703	config_three_noise	config_8	netmap	6.499640256950321	3
575	435.9719620120013	419.2085395939648	net_141_11706_net_81_10586_net_115_11153_net_57_10409	config_three_noise	config_8	netmap	6.986808993232747	3
576	355.020538168028	343.98365471395664	net_141_11706_net_61_10737_net_70_11670_net_51_10906	config_three_noise	config_8	netmap	5.733060911899277	3
577	415.49182343599387	400.55416713800514	net_75_10306_net_115_11153_net_72_10551_net_113_11113	config_three_noise	config_8	netmap	6.675902785633419	3
578	4592.2690261639655	4246.261789344018	net_70_11431_net_60_10082_net_135_11054_net_53_11196_net_74_11972_net_84_9903_net_59_10488_net_115_11153_net_84_11226_net_172_10626_net_76_10367	config_ten	config_8	netmap	70.77102982240031	10
579	3469.415280110901	3200.7465860641096	net_60_10082_net_64_11307_net_84_11226_net_133_10773_net_82_10152_net_72_10551_net_51_10906_net_74_11972_net_90_11013_net_75_10306_net_77_11506	config_ten	config_8	netmap	53.34577643440183	10
580	4335.556871498004	4041.8359609949403	net_84_10865_net_88_10937_net_90_11013_net_60_10703_net_141_11706_net_81_10586_net_115_11153_net_57_10409_net_61_10737_net_51_10906_net_75_10306	config_ten	config_8	netmap	67.363932683249	10
581	5118.7078011289705	4730.614684970118	net_115_11153_net_72_10551_net_113_11113_net_130_11537_net_88_10937_net_60_10082_net_85_11467_net_84_9903_net_98_11932_net_75_10306_net_130_10439	config_ten	config_8	netmap	78.84357808283531	10
582	4741.8121769989375	4391.007222773042	net_61_10737_net_153_11335_net_51_10906_net_72_10551_net_133_10773_net_70_11670_net_71_11397_net_113_11113_net_135_11054_net_53_11196_net_82_10152	config_ten	config_8	netmap	73.18345371288403	10
583	4501.327784727793	4170.211262953933	net_89_11634_net_85_11467_net_133_10773_net_99_11264_net_76_10367_net_73_10520_net_90_11013_net_72_10551_net_60_10082_net_105_11589_net_84_11226	config_ten	config_8	netmap	69.50352104923222	10
584	4696.406490351073	4381.851447996218	net_61_10737_net_77_11506_net_70_11670_net_82_10152_net_153_11335_net_136_10192_net_56_10341_net_88_10937_net_70_11431_net_51_10906_net_98_11932	config_ten	config_8	netmap	73.03085746660363	10
585	4870.873732419917	4468.71995401918	net_56_10341_net_79_10271_net_69_10244_net_113_11113_net_76_10367_net_130_10439_net_84_10865_net_135_11054_net_90_11013_net_136_11800_net_72_10551	config_ten	config_8	netmap	74.47866590031965	10
586	91.36766748898663	86.37898411997594	net_70_11431_net_60_10082_net_135_11054	config_easy	config_9	netmap	1.4396497353329323	2
587	283.62315768701956	280.5584162789746	net_53_11196_net_70_11431_net_84_9903	config_easy	config_9	netmap	4.675973604649577	2
588	102.91517513099825	98.05517521000002	net_59_10488_net_115_11153_net_84_11226	config_easy	config_9	netmap	1.634252920166667	2
589	138.96489865198964	130.72477218002314	net_172_10626_net_89_11634_net_76_10367	config_easy	config_9	netmap	2.1787462030003857	2
590	63.37363991700113	60.20604556699982	net_60_10082_net_64_11307_net_84_11226	config_easy	config_9	netmap	1.0034340927833303	2
591	275.65743785898667	269.6596230909927	net_133_10773_net_82_10152_net_72_10551	config_easy	config_9	netmap	4.494327051516545	2
592	241.55707898305263	238.35432098404272	net_98_11932_net_51_10906_net_60_10082	config_easy	config_9	netmap	3.972572016400712	2
593	183.02427708200412	178.73007238999708	net_90_11013_net_75_10306_net_77_11506	config_easy	config_9	netmap	2.9788345398332847	2
594	267.63918001699494	262.63550705998205	net_84_10865_net_88_10937_net_90_11013	config_easy	config_9	netmap	4.377258450999701	2
595	276.79227058700053	271.005023753969	net_60_10703_net_141_11706_net_81_10586	config_easy	config_9	netmap	4.516750395899483	2
596	252.42315156501718	247.4352095570066	net_70_11431_net_60_10082_net_135_11054	config_noise	config_9	netmap	4.123920159283443	2
597	249.30640287901042	246.17041117697954	net_53_11196_net_70_11431_net_84_9903	config_noise	config_9	netmap	4.102840186282992	2
598	260.8658493520343	256.01006550499005	net_59_10488_net_115_11153_net_84_11226	config_noise	config_9	netmap	4.266834425083167	2
599	300.18135433102725	291.94650606502546	net_172_10626_net_89_11634_net_76_10367	config_noise	config_9	netmap	4.8657751010837575	2
600	35.32884417404421	32.15468454302754	net_60_10082_net_64_11307_net_84_11226	config_noise	config_9	netmap	0.5359114090504591	2
601	274.9799698640127	268.9855584590114	net_133_10773_net_82_10152_net_72_10551	config_noise	config_9	netmap	4.483092640983523	2
602	291.37380065600155	288.1740823640139	net_98_11932_net_51_10906_net_60_10082	config_noise	config_9	netmap	4.802901372733564	2
603	266.08311963104643	261.8023753739544	net_90_11013_net_75_10306_net_77_11506	config_noise	config_9	netmap	4.363372922899241	2
604	253.1635278169997	248.15855962695787	net_84_10865_net_88_10937_net_90_11013	config_noise	config_9	netmap	4.1359759937826315	2
605	231.53226892801467	225.73519723198842	net_60_10703_net_141_11706_net_81_10586	config_noise	config_9	netmap	3.762253287199807	2
606	1297.9695611210773	1256.4084267099388	net_70_11431_net_60_10082_net_135_11054_net_53_11196_net_74_11972_net_84_9903	config_five	config_9	netmap	20.940140445165646	5
607	2094.2645977939246	2029.2047621929087	net_59_10488_net_115_11153_net_84_11226_net_172_10626_net_89_11634_net_76_10367	config_five	config_9	netmap	33.82007936988181	5
608	1946.8149583239574	1901.8467301119817	net_60_10082_net_64_11307_net_84_11226_net_133_10773_net_82_10152_net_72_10551	config_five	config_9	netmap	31.697445501866362	5
609	1892.532157766982	1855.1805241680704	net_98_11932_net_51_10906_net_60_10082_net_90_11013_net_75_10306_net_77_11506	config_five	config_9	netmap	30.91967540280117	5
610	2170.240895341034	2113.740146261058	net_84_10865_net_88_10937_net_90_11013_net_60_10703_net_141_11706_net_81_10586	config_five	config_9	netmap	35.229002437684294	5
611	1926.4722491269931	1881.302508950932	net_115_11153_net_57_10409_net_141_11706_net_61_10737_net_70_11670_net_51_10906	config_five	config_9	netmap	31.355041815848868	5
612	2173.7888785391115	2098.2420110839885	net_75_10306_net_115_11153_net_72_10551_net_113_11113_net_130_11537_net_88_10937	config_five	config_9	netmap	34.97070018473314	5
613	2049.104581492953	2002.0019419111777	net_60_10082_net_85_11467_net_84_9903_net_72_10551_net_75_10306_net_130_10439	config_five	config_9	netmap	33.36669903185296	5
614	1971.8245787769556	1904.8616039948538	net_61_10737_net_153_11335_net_51_10906_net_72_10551_net_133_10773_net_70_11670	config_five	config_9	netmap	31.74769339991423	5
615	1905.9787687200587	1851.7604904810432	net_71_11397_net_113_11113_net_135_11054_net_53_11196_net_82_10152_net_89_11634	config_five	config_9	netmap	30.86267484135072	5
616	362.80321564298356	351.81021428102395	net_70_11431_net_60_10082_net_135_11054_net_53_11196	config_three	config_9	netmap	5.863503571350399	3
617	299.6616715560085	288.0214143160265	net_70_11431_net_84_9903_net_59_10488_net_115_11153	config_three	config_9	netmap	4.800356905267108	3
618	456.8674172780011	437.73259898397373	net_84_11226_net_172_10626_net_89_11634_net_76_10367	config_three	config_9	netmap	7.295543316399562	3
619	393.3685194759746	380.81197755399626	net_60_10082_net_64_11307_net_84_11226_net_133_10773	config_three	config_9	netmap	6.346866292566604	3
620	303.03854346304433	293.11536913900636	net_82_10152_net_72_10551_net_98_11932_net_51_10906	config_three	config_9	netmap	4.885256152316773	3
621	349.0180580379674	339.15076430601766	net_60_10082_net_90_11013_net_75_10306_net_77_11506	config_three	config_9	netmap	5.652512738433628	3
622	213.90786119701806	202.707521401986	net_84_10865_net_88_10937_net_90_11013_net_60_10703	config_three	config_9	netmap	3.3784586900331	3
623	460.38999853801215	443.899667236954	net_141_11706_net_81_10586_net_115_11153_net_57_10409	config_three	config_9	netmap	7.398327787282566	3
624	268.94389426900307	257.9153096860391	net_141_11706_net_61_10737_net_70_11670_net_51_10906	config_three	config_9	netmap	4.298588494767318	3
625	424.91868122702	409.9738384949742	net_75_10306_net_115_11153_net_72_10551_net_113_11113	config_three	config_9	netmap	6.83289730824957	3
626	368.12210497196065	357.18512687500333	net_70_11431_net_60_10082_net_135_11054_net_53_11196	config_three_noise	config_9	netmap	5.953085447916722	3
627	309.14128190797055	297.51434631901793	net_70_11431_net_84_9903_net_59_10488_net_115_11153	config_three_noise	config_9	netmap	4.9585724386502985	3
628	424.07659146701917	404.9465404849616	net_84_11226_net_172_10626_net_89_11634_net_76_10367	config_three_noise	config_9	netmap	6.749109008082693	3
629	424.62965225899825	412.0724413879798	net_60_10082_net_64_11307_net_84_11226_net_133_10773	config_three_noise	config_9	netmap	6.867874023132996	3
630	374.09442474204116	364.1594944850076	net_82_10152_net_72_10551_net_98_11932_net_51_10906	config_three_noise	config_9	netmap	6.06932490808346	3
631	375.65874505002284	365.78153085900703	net_60_10082_net_90_11013_net_75_10306_net_77_11506	config_three_noise	config_9	netmap	6.096358847650118	3
632	400.3627303579706	389.3579309300403	net_84_10865_net_88_10937_net_90_11013_net_60_10703	config_three_noise	config_9	netmap	6.4892988488340055	3
633	448.87844205397414	432.37437199102715	net_141_11706_net_81_10586_net_115_11153_net_57_10409	config_three_noise	config_9	netmap	7.206239533183786	3
634	386.3088848029729	375.23624532297254	net_141_11706_net_61_10737_net_70_11670_net_51_10906	config_three_noise	config_9	netmap	6.2539374220495425	3
635	438.7788638229831	423.84425261302385	net_75_10306_net_115_11153_net_72_10551_net_113_11113	config_three_noise	config_9	netmap	7.064070876883731	3
636	4580.833191696089	4234.724731914932	net_70_11431_net_60_10082_net_135_11054_net_53_11196_net_74_11972_net_84_9903_net_59_10488_net_115_11153_net_84_11226_net_172_10626_net_76_10367	config_ten	config_9	netmap	70.57874553191553	10
637	3501.271319006104	3233.154812327819	net_60_10082_net_64_11307_net_84_11226_net_133_10773_net_82_10152_net_72_10551_net_51_10906_net_74_11972_net_90_11013_net_75_10306_net_77_11506	config_ten	config_9	netmap	53.885913538796984	10
638	4313.380173295969	4020.3347511061	net_84_10865_net_88_10937_net_90_11013_net_60_10703_net_141_11706_net_81_10586_net_115_11153_net_57_10409_net_61_10737_net_51_10906_net_75_10306	config_ten	config_9	netmap	67.00557918510167	10
639	4985.515466254903	4594.981542157009	net_115_11153_net_72_10551_net_113_11113_net_130_11537_net_88_10937_net_60_10082_net_85_11467_net_84_9903_net_98_11932_net_75_10306_net_130_10439	config_ten	config_9	netmap	76.58302570261682	10
640	4162.860571377911	3813.4147244121414	net_61_10737_net_153_11335_net_51_10906_net_72_10551_net_133_10773_net_70_11670_net_71_11397_net_113_11113_net_135_11054_net_53_11196_net_82_10152	config_ten	config_9	netmap	63.55691207353569	10
641	4623.159605327994	4287.198995950166	net_89_11634_net_85_11467_net_133_10773_net_99_11264_net_76_10367_net_73_10520_net_90_11013_net_72_10551_net_60_10082_net_105_11589_net_84_11226	config_ten	config_9	netmap	71.45331659916944	10
642	4180.272606594954	3866.131185229169	net_61_10737_net_77_11506_net_70_11670_net_82_10152_net_153_11335_net_136_10192_net_56_10341_net_88_10937_net_70_11431_net_51_10906_net_98_11932	config_ten	config_9	netmap	64.43551975381949	10
643	5002.420034575043	4597.1957976899575	net_56_10341_net_79_10271_net_69_10244_net_113_11113_net_76_10367_net_130_10439_net_84_10865_net_135_11054_net_90_11013_net_136_11800_net_72_10551	config_ten	config_9	netmap	76.6199299614993	10
644	1094.5232604829362	1091.4615897879703	net_53_11196_net_70_11431_net_84_9903	config_easy	config_10	netmap	18.191026496466172	2
645	1024.3142370230053	1018.4410302550532	net_133_10773_net_82_10152_net_72_10551	config_easy	config_10	netmap	16.974017170917552	2
646	882.1095164510189	878.8685254759621	net_98_11932_net_51_10906_net_60_10082	config_easy	config_10	netmap	14.647808757932701	2
647	927.2030072530033	922.3018200440565	net_84_10865_net_88_10937_net_90_11013	config_easy	config_10	netmap	15.371697000734276	2
648	1175.4942972080316	1169.8356284699403	net_60_10703_net_141_11706_net_81_10586	config_easy	config_10	netmap	19.497260474499004	2
649	1155.3216410089517	1150.3267660000129	net_70_11431_net_60_10082_net_135_11054	config_noise	config_10	netmap	19.17211276666688	2
650	1006.8184868759708	1003.6801666219253	net_53_11196_net_70_11431_net_84_9903	config_noise	config_10	netmap	16.72800277703209	2
651	1067.4329985360382	1062.6718912540236	net_59_10488_net_115_11153_net_84_11226	config_noise	config_10	netmap	17.71119818756706	2
652	1096.46918370598	1093.3369203009643	net_98_11932_net_51_10906_net_60_10082	config_noise	config_10	netmap	18.222282005016073	2
653	958.7192781839985	953.8174736200599	net_84_10865_net_88_10937_net_90_11013	config_noise	config_10	netmap	15.896957893667665	2
654	1604.0925657990156	1591.6307280359324	net_60_10082_net_64_11307_net_84_11226_net_133_10773	config_three	config_10	netmap	26.527178800598872	3
655	1292.272285774001	1282.3939624900231	net_60_10082_net_90_11013_net_75_10306_net_77_11506	config_three	config_10	netmap	21.373232708167052	3
656	1339.692091259989	1328.7332460939651	net_70_11431_net_60_10082_net_135_11054_net_53_11196	config_three_noise	config_10	netmap	22.145554101566084	3
657	1817.6951459390111	1798.3107490669936	net_84_11226_net_172_10626_net_89_11634_net_76_10367	config_three_noise	config_10	netmap	29.971845817783226	3
658	1649.925709021045	1637.2503049049992	net_60_10082_net_64_11307_net_84_11226_net_133_10773	config_three_noise	config_10	netmap	27.287505081749988	3
659	5449.610080013983	5401.989783872967	net_70_11431_net_60_10082_net_135_11054	config_easy	config	scgenerai	90.03316306454944	2
660	4155.555187516031	4125.380380104994	net_53_11196_net_70_11431_net_84_9903	config_easy	config	scgenerai	68.75633966841657	2
661	5228.516228130902	5181.261071542976	net_59_10488_net_115_11153_net_84_11226	config_easy	config	scgenerai	86.35435119238294	2
662	7021.973229028052	6932.135186520987	net_172_10626_net_89_11634_net_76_10367	config_easy	config	scgenerai	115.53558644201645	2
663	4178.110665753949	4145.435280986945	net_60_10082_net_64_11307_net_84_11226	config_easy	config	scgenerai	69.09058801644909	2
664	5932.2033770360285	5851.905719489092	net_133_10773_net_82_10152_net_72_10551	config_easy	config	scgenerai	97.53176199148487	2
665	4203.220680553	4145.28318085894	net_98_11932_net_51_10906_net_60_10082	config_easy	config	scgenerai	69.08805301431566	2
666	4958.732737925951	4912.025440906058	net_90_11013_net_75_10306_net_77_11506	config_easy	config	scgenerai	81.86709068176764	2
667	5352.4120343378745	5299.1437745519215	net_84_10865_net_88_10937_net_90_11013	config_easy	config	scgenerai	88.31906290919869	2
668	5727.0835205588955	5669.390809696866	net_60_10703_net_141_11706_net_81_10586	config_easy	config	scgenerai	94.4898468282811	2
669	5362.040916812024	5312.533466226072	net_70_11431_net_60_10082_net_135_11054	config_noise	config	scgenerai	88.5422244371012	2
670	4159.874014275963	4128.743815086898	net_53_11196_net_70_11431_net_84_9903	config_noise	config	scgenerai	68.81239691811497	2
671	5178.161364083993	5128.84079682501	net_59_10488_net_115_11153_net_84_11226	config_noise	config	scgenerai	85.4806799470835	2
672	6903.015597242978	6822.769979984965	net_172_10626_net_89_11634_net_76_10367	config_noise	config	scgenerai	113.71283299974942	2
673	4165.1676882900065	4130.28322095098	net_60_10082_net_64_11307_net_84_11226	config_noise	config	scgenerai	68.83805368251633	2
674	5915.415062795044	5856.798253674991	net_133_10773_net_82_10152_net_72_10551	config_noise	config	scgenerai	97.61330422791653	2
675	4249.526703104959	4217.310820225044	net_98_11932_net_51_10906_net_60_10082	config_noise	config	scgenerai	70.2885136704174	2
676	5005.705743925064	4961.993019466987	net_90_11013_net_75_10306_net_77_11506	config_noise	config	scgenerai	82.69988365778312	2
677	5506.394530195976	5423.944600654999	net_84_10865_net_88_10937_net_90_11013	config_noise	config	scgenerai	90.39907667758331	2
678	5784.8094855940435	5730.575348441955	net_60_10703_net_141_11706_net_81_10586	config_noise	config	scgenerai	95.50958914069925	2
679	9915.23934774194	9777.999242719961	net_70_11431_net_60_10082_net_135_11054_net_53_11196	config_three	config	scgenerai	162.9666540453327	3
680	10105.583319361787	9985.850460803835	net_70_11431_net_84_9903_net_59_10488_net_115_11153	config_three	config	scgenerai	166.43084101339724	3
681	13320.653264554916	13114.85394814401	net_84_11226_net_172_10626_net_89_11634_net_76_10367	config_three	config	scgenerai	218.5808991357335	3
682	10507.572713221889	10381.626385560958	net_60_10082_net_64_11307_net_84_11226_net_133_10773	config_three	config	scgenerai	173.02710642601596	3
683	9492.557301384863	9392.301529286196	net_82_10152_net_72_10551_net_98_11932_net_51_10906	config_three	config	scgenerai	156.53835882143662	3
684	9398.178850928787	9298.549666724168	net_60_10082_net_90_11013_net_75_10306_net_77_11506	config_three	config	scgenerai	154.97582777873612	3
685	10060.349661418935	9951.524315661984	net_84_10865_net_88_10937_net_90_11013_net_60_10703	config_three	config	scgenerai	165.8587385943664	3
686	12786.005348234903	12611.855814250186	net_141_11706_net_81_10586_net_115_11153_net_57_10409	config_three	config	scgenerai	210.19759690416976	3
687	10023.788438170915	9915.760969857918	net_141_11706_net_61_10737_net_70_11670_net_51_10906	config_three	config	scgenerai	165.2626828309653	3
688	11771.062037971802	11589.43585186801	net_75_10306_net_115_11153_net_72_10551_net_113_11113	config_three	config	scgenerai	193.15726419780015	3
689	9902.69284928008	9746.391007927945	net_70_11431_net_60_10082_net_135_11054_net_53_11196	config_three_noise	config	scgenerai	162.43985013213242	3
690	10173.508442821912	10051.03198572388	net_70_11431_net_84_9903_net_59_10488_net_115_11153	config_three_noise	config	scgenerai	167.51719976206465	3
691	13320.204195810948	13132.85056313104	net_84_11226_net_172_10626_net_89_11634_net_76_10367	config_three_noise	config	scgenerai	218.88084271885066	3
692	10582.429929730948	10458.123774014879	net_60_10082_net_64_11307_net_84_11226_net_133_10773	config_three_noise	config	scgenerai	174.302062900248	3
693	9498.676167681115	9399.117009607842	net_82_10152_net_72_10551_net_98_11932_net_51_10906	config_three_noise	config	scgenerai	156.6519501601307	3
694	9337.792249263963	9238.342178407824	net_60_10082_net_90_11013_net_75_10306_net_77_11506	config_three_noise	config	scgenerai	153.97236964013038	3
695	10025.002585510956	9913.938857090892	net_84_10865_net_88_10937_net_90_11013_net_60_10703	config_three_noise	config	scgenerai	165.2323142848482	3
696	12881.744831558084	12712.520132264122	net_141_11706_net_81_10586_net_115_11153_net_57_10409	config_three_noise	config	scgenerai	211.87533553773537	3
697	10035.258289889898	9926.273260493064	net_141_11706_net_61_10737_net_70_11670_net_51_10906	config_three_noise	config	scgenerai	165.4378876748844	3
698	11826.43882107921	11673.037231225986	net_75_10306_net_115_11153_net_72_10551_net_113_11113	config_three_noise	config	scgenerai	194.5506205204331	3
699	26387.60337401391	25968.815875148168	net_70_11431_net_60_10082_net_135_11054_net_53_11196_net_74_11972_net_84_9903	config_five	config	scgenerai	432.81359791913616	5
700	34056.42445201287	32850.00414509303	net_59_10488_net_115_11153_net_84_11226_net_172_10626_net_89_11634_net_76_10367	config_five	config	scgenerai	547.5000690848839	5
701	27287.646204485092	26537.013541944092	net_60_10082_net_64_11307_net_84_11226_net_133_10773_net_82_10152_net_72_10551	config_five	config	scgenerai	442.2835590324015	5
